site,occ.1,occ.2,occ.3,occ.4,occ.5,occ.6,occ.7,occ.8,occ.9,occ.10,occ.11,occ.12,occ.13,dur.1,dur.2,dur.3,dur.4,dur.5,dur.6,dur.7,dur.8,dur.9,dur.10,dur.11,dur.12,dur.13,time.1,time.2,time.3,time.4,time.5,time.6,time.7,time.8,time.9,time.10,time.11,time.12,time.13,nobs.1,nobs.2,nobs.3,nobs.4,nobs.5,nobs.6,nobs.7,nobs.8,nobs.9,nobs.10,nobs.11,nobs.12,nobs.13,distRoad,jday.1,jday.2,jday.3,jday.4,jday.5,jday.6,jday.7,jday.8,jday.9,jday.10,jday.11,jday.12,jday.13,year.1,year.2,year.3,year.4,year.5,year.6,year.7,year.8,year.9,year.10,year.11,year.12,year.13,temp,precp,barren,crop,decBroad,mixed,evBroad,herb,shrub,elev,tpi,X,Y,species,resolution
2,NA,NA,NA,NA,NA,NA,NA,NA,NA,0,0,NA,NA,NA,NA,NA,NA,NA,NA,NA,NA,NA,140,60,NA,NA,NA,NA,NA,NA,NA,NA,NA,NA,NA,19,23,NA,NA,NA,NA,NA,NA,NA,NA,NA,NA,NA,1,1,NA,NA,1.751516938,NA,NA,NA,NA,NA,NA,NA,NA,NA,27,306,NA,NA,NA,NA,NA,NA,NA,NA,NA,NA,NA,10,11,NA,NA,17.91574478,0,81.09762573,0.062967874,0.000000000,0,0.075356312,0.161947608,0.438551515,134.3644562,1.228270769,-1015.739558,1015.010677,RufousTailedHawk,15
3,0,NA,NA,0,0,NA,NA,0,0,0,0,0,0,60,NA,NA,60,240,NA,NA,120,240,120,120,240,180,0,NA,NA,7,8,NA,NA,17,14,10,7,8,8,3,NA,NA,2,5,NA,NA,4,2,2,2,2,2,1.751516938,306,NA,NA,36,6,NA,NA,291,332,302,259,257,333,1,NA,NA,4,5,NA,NA,8,9,10,11,12,13,17.91574478,0,81.09762573,0.062967874,0.000000000,0,0.075356312,0.161947608,0.438551515,134.3644562,1.228270769,-1000.739558,1015.010677,RufousTailedHawk,15
4,NA,NA,NA,NA,0,NA,NA,NA,NA,NA,NA,NA,NA,NA,NA,NA,NA,30,NA,NA,NA,NA,NA,NA,NA,NA,NA,NA,NA,NA,15,NA,NA,NA,NA,NA,NA,NA,NA,NA,NA,NA,NA,1,NA,NA,NA,NA,NA,NA,NA,NA,1.751516938,NA,NA,NA,NA,17,NA,NA,NA,NA,NA,NA,NA,NA,NA,NA,NA,NA,5,NA,NA,NA,NA,NA,NA,NA,NA,17.91574478,0,81.09762573,0.062967874,0.000000000,0,0.075356312,0.161947608,0.438551515,134.3644562,1.228270769,-1030.739558,1000.010677,RufousTailedHawk,15
5,NA,0,NA,0,0,0,0,0,0,0,0,0,0,NA,120,NA,230,150,60,165,30,120,15,25,60,170,NA,6,NA,10,9,15,14,14,8,11,15,11,15,NA,2,NA,1,2,1,1,1,2,1,1,1,2,1.751516938,NA,344,NA,306,54,268,252,313,248,286,347,244,310,NA,2,NA,4,5,6,7,8,9,10,11,12,13,17.91574478,0,81.09762573,0.062967874,0.000000000,0,0.075356312,0.161947608,0.438551515,134.3644562,1.228270769,-1015.739558,1000.010677,RufousTailedHawk,15
6,NA,NA,NA,NA,NA,NA,NA,NA,0,0,NA,0,0,NA,NA,NA,NA,NA,NA,NA,NA,170,180,NA,120,50,NA,NA,NA,NA,NA,NA,NA,NA,7,7,NA,8,7,NA,NA,NA,NA,NA,NA,NA,NA,2,2,NA,2,2,1.751516938,NA,NA,NA,NA,NA,NA,NA,NA,286,280,NA,302,255,NA,NA,NA,NA,NA,NA,NA,NA,9,10,NA,12,13,17.91574478,0,81.09762573,0.062967874,0.000000000,0,0.075356312,0.161947608,0.438551515,134.3644562,1.228270769,-1000.739558,1000.010677,RufousTailedHawk,15
10,NA,NA,NA,NA,NA,NA,NA,NA,NA,0,NA,0,0,NA,NA,NA,NA,NA,NA,NA,NA,NA,120,NA,180,180,NA,NA,NA,NA,NA,NA,NA,NA,NA,7,NA,8,8,NA,NA,NA,NA,NA,NA,NA,NA,NA,2,NA,2,2,3.201499939,NA,NA,NA,NA,NA,NA,NA,NA,NA,364,NA,336,299,NA,NA,NA,NA,NA,NA,NA,NA,NA,10,NA,12,13,17.3223896,0,98.14243317,0,0.000000000,0,0,0,1.791569233,208.6659698,0.406550109,-1030.739558,970.010677,RufousTailedHawk,15
13,NA,NA,NA,0,NA,0,NA,NA,0,0,0,NA,0,NA,NA,NA,120,NA,195,NA,NA,30,30,120,NA,45,NA,NA,NA,17,NA,9,NA,NA,15,13,11,NA,9,NA,NA,NA,2,NA,10,NA,NA,2,2,2,NA,1,3.201499939,NA,NA,NA,287,NA,304,NA,NA,277,261,8,NA,57,NA,NA,NA,4,NA,6,NA,NA,9,10,11,NA,13,17.3223896,0,98.14243317,0,0.000000000,0,0,0,1.791569233,208.6659698,0.406550109,-1030.739558,955.010677,RufousTailedHawk,15
14,NA,NA,NA,0,0,NA,NA,0,0,0,0,0,0,NA,NA,NA,30,10,NA,NA,30,220,180,65,150,65,NA,NA,NA,10,18,NA,NA,10,7,11,10,14,9,NA,NA,NA,2,1,NA,NA,2,2,1,1,1,1,3.201499939,NA,NA,NA,302,328,NA,NA,11,271,250,340,262,286,NA,NA,NA,4,5,NA,NA,8,9,10,11,12,13,17.3223896,0,98.14243317,0,0.000000000,0,0,0,1.791569233,208.6659698,0.406550109,-1015.739558,955.010677,RufousTailedHawk,15
15,NA,0,0,0,0,0,0,0,0,0,0,0,0,NA,5,30,185,75,150,210,30,20,25,36,100,44,NA,8,10,9,10,10,9,12,10,14,9,8,11,NA,1,1,2,1,9,1,1,1,5,2,1,1,3.201499939,NA,342,48,250,354,291,360,331,307,292,45,1,283,NA,2,3,4,5,6,7,8,9,10,11,12,13,17.3223896,0,98.14243317,0,0.000000000,0,0,0,1.791569233,208.6659698,0.406550109,-1000.739558,955.010677,RufousTailedHawk,15
17,0,0,0,0,0,0,0,0,0,0,0,0,0,2,150,170,145,55,50,40,31,22,5,35,42,15,16,9,9,10,12,19,10,15,16,20,18,12,17,1,1,1,1,1,1,1,1,2,2,1,1,1,3.201499939,293,338,315,300,249,295,303,246,279,301,278,346,281,1,2,3,4,5,6,7,8,9,10,11,12,13,17.3223896,0,98.14243317,0,0.000000000,0,0,0,1.791569233,208.6659698,0.406550109,-1000.739558,940.010677,RufousTailedHawk,15
18,NA,NA,NA,0,NA,0,0,NA,0,0,0,0,0,NA,NA,NA,180,NA,30,20,NA,30,75,15,35,40,NA,NA,NA,9,NA,18,15,NA,14,13,12,6,11,NA,NA,NA,2,NA,1,2,NA,1,1,1,1,1,3.201499939,NA,NA,NA,326,NA,330,301,NA,252,342,286,329,289,NA,NA,NA,4,NA,6,7,NA,9,10,11,12,13,17.3223896,0,98.14243317,0,0.000000000,0,0,0,1.791569233,208.6659698,0.406550109,-1015.739558,925.010677,RufousTailedHawk,15
19,NA,NA,NA,NA,0,0,0,0,0,0,0,0,0,NA,NA,NA,NA,75,60,45,9,70,50,15,20,20,NA,NA,NA,NA,17,8,18,1,11,13,19,15,11,NA,NA,NA,NA,1,1,1,1,1,1,1,1,2,6.142156124,NA,NA,NA,NA,263,283,284,2,328,341,268,254,274,NA,NA,NA,NA,5,6,7,8,9,10,11,12,13,15.24914074,0,86.34318542,0,0.000000000,0.001484247,0,0.009730229,13.10738659,1380.844849,3.843624115,-1000.739558,925.010677,RufousTailedHawk,15
20,NA,NA,NA,NA,NA,0,NA,NA,NA,NA,NA,NA,NA,NA,NA,NA,NA,NA,60,NA,NA,NA,NA,NA,NA,NA,NA,NA,NA,NA,NA,13,NA,NA,NA,NA,NA,NA,NA,NA,NA,NA,NA,NA,2,NA,NA,NA,NA,NA,NA,NA,6.142156124,NA,NA,NA,NA,NA,329,NA,NA,NA,NA,NA,NA,NA,NA,NA,NA,NA,NA,6,NA,NA,NA,NA,NA,NA,NA,15.24914074,0,86.34318542,0,0.000000000,0.001484247,0,0.009730229,13.10738659,1380.844849,3.843624115,-1015.739558,910.010677,RufousTailedHawk,15
22,NA,NA,NA,NA,NA,0,NA,NA,NA,NA,NA,0,NA,NA,NA,NA,NA,NA,25,NA,NA,NA,NA,NA,7,NA,NA,NA,NA,NA,NA,9,NA,NA,NA,NA,NA,12,NA,NA,NA,NA,NA,NA,1,NA,NA,NA,NA,NA,1,NA,6.142156124,NA,NA,NA,NA,NA,40,NA,NA,NA,NA,NA,18,NA,NA,NA,NA,NA,NA,6,NA,NA,NA,NA,NA,12,NA,15.24914074,0,86.34318542,0,0.000000000,0.001484247,0,0.009730229,13.10738659,1380.844849,3.843624115,-1015.739558,895.010677,RufousTailedHawk,15
23,NA,NA,NA,NA,0,NA,NA,NA,NA,NA,NA,0,NA,NA,NA,NA,NA,20,NA,NA,NA,NA,NA,NA,4,NA,NA,NA,NA,NA,11,NA,NA,NA,NA,NA,NA,13,NA,NA,NA,NA,NA,3,NA,NA,NA,NA,NA,NA,1,NA,6.142156124,NA,NA,NA,NA,325,NA,NA,NA,NA,NA,NA,17,NA,NA,NA,NA,NA,5,NA,NA,NA,NA,NA,NA,12,NA,15.24914074,0,86.34318542,0,0.000000000,0.001484247,0,0.009730229,13.10738659,1380.844849,3.843624115,-1000.739558,895.010677,RufousTailedHawk,15
26,NA,NA,NA,NA,NA,NA,NA,NA,NA,NA,0,NA,NA,NA,NA,NA,NA,NA,NA,NA,NA,NA,NA,60,NA,NA,NA,NA,NA,NA,NA,NA,NA,NA,NA,NA,18,NA,NA,NA,NA,NA,NA,NA,NA,NA,NA,NA,NA,2,NA,NA,3.086067677,NA,NA,NA,NA,NA,NA,NA,NA,NA,NA,20,NA,NA,NA,NA,NA,NA,NA,NA,NA,NA,NA,NA,11,NA,NA,14.4404459,0.00081437,84.43982697,0,0.000000000,0,0,0,15.51210785,1683.86145,2.592642784,-1015.739558,865.010677,RufousTailedHawk,15
28,NA,NA,NA,NA,NA,NA,NA,NA,NA,NA,NA,0,0,NA,NA,NA,NA,NA,NA,NA,NA,NA,NA,NA,28,130,NA,NA,NA,NA,NA,NA,NA,NA,NA,NA,NA,17,18,NA,NA,NA,NA,NA,NA,NA,NA,NA,NA,NA,2,1,6.487170219,NA,NA,NA,NA,NA,NA,NA,NA,NA,NA,NA,59,18,NA,NA,NA,NA,NA,NA,NA,NA,NA,NA,NA,12,13,14.18164539,0.005529648,89.88985443,0,0.000000000,0,0,0.038189918,10.07501221,1791.844482,1.363402009,-1015.739558,850.010677,RufousTailedHawk,15
34,NA,NA,0,NA,NA,NA,NA,0,NA,NA,NA,NA,NA,NA,NA,20,NA,NA,NA,NA,110,NA,NA,NA,NA,NA,NA,NA,13,NA,NA,NA,NA,9,NA,NA,NA,NA,NA,NA,NA,1,NA,NA,NA,NA,2,NA,NA,NA,NA,NA,5.689479828,NA,NA,53,NA,NA,NA,NA,6,NA,NA,NA,NA,NA,NA,NA,3,NA,NA,NA,NA,8,NA,NA,NA,NA,NA,13.84061527,0,90.04299164,0,0.000000000,0,0,0.014013969,9.955386162,1966.364868,4.754281044,-1000.739558,820.010677,RufousTailedHawk,15
36,NA,NA,NA,NA,0,NA,NA,NA,NA,NA,NA,NA,NA,NA,NA,NA,NA,225,NA,NA,NA,NA,NA,NA,NA,NA,NA,NA,NA,NA,8,NA,NA,NA,NA,NA,NA,NA,NA,NA,NA,NA,NA,1,NA,NA,NA,NA,NA,NA,NA,NA,3.980578184,NA,NA,NA,NA,249,NA,NA,NA,NA,NA,NA,NA,NA,NA,NA,NA,NA,5,NA,NA,NA,NA,NA,NA,NA,NA,14.07345963,0.009247823,84.94300842,0,0.000000000,0.028848188,0.020605849,0.556323826,13.58005428,1893.985718,5.917998791,-1015.739558,805.010677,RufousTailedHawk,15
40,NA,NA,NA,NA,NA,0,NA,NA,NA,0,NA,NA,0,NA,NA,NA,NA,NA,135,NA,NA,NA,300,NA,NA,105,NA,NA,NA,NA,NA,8,NA,NA,NA,12,NA,NA,12,NA,NA,NA,NA,NA,4,NA,NA,NA,2,NA,NA,3,1.906112909,NA,NA,NA,NA,NA,284,NA,NA,NA,247,NA,NA,246,NA,NA,NA,NA,NA,6,NA,NA,NA,10,NA,NA,13,15.87709618,0.283661962,64.71529388,0.076417744,0.000000000,0.064859986,0.081264719,2.513795137,22.75406456,1127.022949,1.101144791,-1000.739558,790.010677,RufousTailedHawk,15
41,NA,NA,NA,NA,NA,NA,NA,NA,NA,NA,0,0,0,NA,NA,NA,NA,NA,NA,NA,NA,NA,NA,120,71,240,NA,NA,NA,NA,NA,NA,NA,NA,NA,NA,8,17,9,NA,NA,NA,NA,NA,NA,NA,NA,NA,NA,2,1,2,1.906112909,NA,NA,NA,NA,NA,NA,NA,NA,NA,NA,21,9,288,NA,NA,NA,NA,NA,NA,NA,NA,NA,NA,11,12,13,15.87709618,0.283661962,64.71529388,0.076417744,0.000000000,0.064859986,0.081264719,2.513795137,22.75406456,1127.022949,1.101144791,-985.7395576,790.010677,RufousTailedHawk,15
42,NA,NA,NA,NA,0,0,NA,NA,0,0,0,0,0,NA,NA,NA,NA,300,105,NA,NA,157,155,40,40,120,NA,NA,NA,NA,11,16,NA,NA,13,10,18,17,11,NA,NA,NA,NA,1,5,NA,NA,2,9,1,3,1,1.658683181,NA,NA,NA,NA,10,284,NA,NA,307,327,354,268,281,NA,NA,NA,NA,5,6,NA,NA,9,10,11,12,13,16.79750824,0.486140341,34.39733124,0,0.000000000,0.17773135,0.248386115,1.299295187,34.32472992,526.8632202,-1.400738001,-1000.739558,775.010677,RufousTailedHawk,15
44,NA,NA,0,NA,0,0,NA,0,NA,NA,NA,NA,NA,NA,NA,10,NA,60,105,NA,1,NA,NA,NA,NA,NA,NA,NA,8,NA,7,14,NA,13,NA,NA,NA,NA,NA,NA,NA,1,NA,3,8,NA,1,NA,NA,NA,NA,NA,1.658683181,NA,NA,54,NA,327,333,NA,294,NA,NA,NA,NA,NA,NA,NA,3,NA,5,6,NA,8,NA,NA,NA,NA,NA,16.79750824,0.486140341,34.39733124,0,0.000000000,0.17773135,0.248386115,1.299295187,34.32472992,526.8632202,-1.400738001,-1000.739558,760.010677,RufousTailedHawk,15
45,NA,NA,NA,NA,0,NA,NA,NA,NA,NA,NA,NA,NA,NA,NA,NA,NA,30,NA,NA,NA,NA,NA,NA,NA,NA,NA,NA,NA,NA,14,NA,NA,NA,NA,NA,NA,NA,NA,NA,NA,NA,NA,3,NA,NA,NA,NA,NA,NA,NA,NA,1.903610826,NA,NA,NA,NA,326,NA,NA,NA,NA,NA,NA,NA,NA,NA,NA,NA,NA,5,NA,NA,NA,NA,NA,NA,NA,NA,15.91008663,0,89.85579681,0,0.000000000,0.769271731,0,0.069436565,9.306333542,1411.344971,1.751084685,-985.7395576,760.010677,RufousTailedHawk,15
48,NA,NA,NA,NA,NA,NA,NA,NA,0,NA,NA,0,NA,NA,NA,NA,NA,NA,NA,NA,NA,10,NA,NA,9,NA,NA,NA,NA,NA,NA,NA,NA,NA,14,NA,NA,16,NA,NA,NA,NA,NA,NA,NA,NA,NA,2,NA,NA,2,NA,2.341228724,NA,NA,NA,NA,NA,NA,NA,NA,309,NA,NA,349,NA,NA,NA,NA,NA,NA,NA,NA,NA,9,NA,NA,12,NA,16.27240562,0,84.26569366,0,0.000000000,0.322672665,0,0.278672487,15.12705612,1130.731689,1.580985546,-1000.739558,745.010677,RufousTailedHawk,15
49,NA,NA,NA,NA,0,NA,NA,NA,NA,NA,NA,NA,NA,NA,NA,NA,NA,45,NA,NA,NA,NA,NA,NA,NA,NA,NA,NA,NA,NA,16,NA,NA,NA,NA,NA,NA,NA,NA,NA,NA,NA,NA,3,NA,NA,NA,NA,NA,NA,NA,NA,2.341228724,NA,NA,NA,NA,326,NA,NA,NA,NA,NA,NA,NA,NA,NA,NA,NA,NA,5,NA,NA,NA,NA,NA,NA,NA,NA,16.27240562,0,84.26569366,0,0.000000000,0.322672665,0,0.278672487,15.12705612,1130.731689,1.580985546,-985.7395576,745.010677,RufousTailedHawk,15
53,NA,0,NA,0,0,NA,0,0,0,0,0,0,0,NA,60,NA,120,220,NA,25,150,30,120,20,40,35,NA,17,NA,18,9,NA,13,10,12,10,19,16,12,NA,1,NA,2,1,NA,1,1,2,1,1,1,2,1.585880637,NA,293,NA,23,333,NA,7,295,309,245,257,310,307,NA,2,NA,4,5,NA,7,8,9,10,11,12,13,17.32616806,0.362261057,52.25909042,0,0.000000000,0.110777698,0,0.154351294,32.68968964,269.1356812,-2.289890289,-1000.739558,730.010677,RufousTailedHawk,15
54,NA,NA,NA,NA,NA,NA,NA,0,NA,NA,0,NA,NA,NA,NA,NA,NA,NA,NA,NA,10,NA,NA,23,NA,NA,NA,NA,NA,NA,NA,NA,NA,10,NA,NA,12,NA,NA,NA,NA,NA,NA,NA,NA,NA,3,NA,NA,2,NA,NA,2.352000237,NA,NA,NA,NA,NA,NA,NA,16,NA,NA,257,NA,NA,NA,NA,NA,NA,NA,NA,NA,8,NA,NA,11,NA,NA,16.47411919,0,86.42541504,0,0.000000000,0.143825144,0,0.001383181,13.43203163,947.3630371,-0.699361503,-985.7395576,730.010677,RufousTailedHawk,15
65,NA,NA,NA,NA,0,NA,NA,NA,NA,NA,NA,NA,NA,NA,NA,NA,NA,30,NA,NA,NA,NA,NA,NA,NA,NA,NA,NA,NA,NA,10,NA,NA,NA,NA,NA,NA,NA,NA,NA,NA,NA,NA,2,NA,NA,NA,NA,NA,NA,NA,NA,4.944141388,NA,NA,NA,NA,24,NA,NA,NA,NA,NA,NA,NA,NA,NA,NA,NA,NA,5,NA,NA,NA,NA,NA,NA,NA,NA,16.79817009,0,63.38295364,0.030601848,0.000000000,0.166028604,0.372176707,1.311547756,5.361618996,217.2889099,-0.811389863,-1015.739558,700.010677,RufousTailedHawk,15
67,NA,NA,NA,NA,NA,NA,NA,NA,NA,NA,NA,NA,0,NA,NA,NA,NA,NA,NA,NA,NA,NA,NA,NA,NA,30,NA,NA,NA,NA,NA,NA,NA,NA,NA,NA,NA,NA,17,NA,NA,NA,NA,NA,NA,NA,NA,NA,NA,NA,NA,3,2.706175804,NA,NA,NA,NA,NA,NA,NA,NA,NA,NA,NA,NA,271,NA,NA,NA,NA,NA,NA,NA,NA,NA,NA,NA,NA,13,16.54756165,0,90.66825104,0,0.000000000,0.206063792,0,0,9.132120132,897.8486938,0.365550399,-985.7395576,700.010677,RufousTailedHawk,15
87,NA,NA,NA,NA,NA,NA,NA,NA,NA,NA,0,NA,0,NA,NA,NA,NA,NA,NA,NA,NA,NA,NA,120,NA,180,NA,NA,NA,NA,NA,NA,NA,NA,NA,NA,10,NA,12,NA,NA,NA,NA,NA,NA,NA,NA,NA,NA,3,NA,2,2.527655363,NA,NA,NA,NA,NA,NA,NA,NA,NA,NA,20,NA,31,NA,NA,NA,NA,NA,NA,NA,NA,NA,NA,11,NA,13,16.41491508,0.020640282,87.35771942,0,0.000000000,0.11943379,0,0.081152819,11.65496731,503.946228,-0.596609056,-1015.739558,655.010677,RufousTailedHawk,15
88,NA,NA,NA,NA,0,NA,NA,NA,NA,NA,NA,NA,NA,NA,NA,NA,NA,60,NA,NA,NA,NA,NA,NA,NA,NA,NA,NA,NA,NA,11,NA,NA,NA,NA,NA,NA,NA,NA,NA,NA,NA,NA,2,NA,NA,NA,NA,NA,NA,NA,NA,2.527655363,NA,NA,NA,NA,47,NA,NA,NA,NA,NA,NA,NA,NA,NA,NA,NA,NA,5,NA,NA,NA,NA,NA,NA,NA,NA,16.41491508,0.020640282,87.35771942,0,0.000000000,0.11943379,0,0.081152819,11.65496731,503.946228,-0.596609056,-1000.739558,655.010677,RufousTailedHawk,15
92,NA,NA,NA,NA,NA,NA,NA,NA,NA,NA,NA,NA,0,NA,NA,NA,NA,NA,NA,NA,NA,NA,NA,NA,NA,3,NA,NA,NA,NA,NA,NA,NA,NA,NA,NA,NA,NA,20,NA,NA,NA,NA,NA,NA,NA,NA,NA,NA,NA,NA,3,3.05081749,NA,NA,NA,NA,NA,NA,NA,NA,NA,NA,NA,NA,6,NA,NA,NA,NA,NA,NA,NA,NA,NA,NA,NA,NA,13,15.68183422,0.005217008,97.69007111,0,0.000000000,0,0,0,2.311842918,1603.320679,-0.321389407,-925.7395576,655.010677,RufousTailedHawk,15
97,NA,NA,NA,0,0,0,NA,0,0,NA,0,0,0,NA,NA,NA,60,120,95,NA,120,30,NA,90,150,17,NA,NA,NA,17,11,19,NA,17,14,NA,14,15,10,NA,NA,NA,1,3,3,NA,2,2,NA,2,1,2,3.960857868,NA,NA,NA,344,49,345,NA,252,308,NA,20,348,266,NA,NA,NA,4,5,6,NA,8,9,NA,11,12,13,16.13457298,0.051653795,90.08815002,0,0.000000000,0.511756063,0.090305366,0.113607347,8.491275787,540.684082,2.270305872,-1015.739558,640.010677,RufousTailedHawk,15
98,NA,0,NA,0,NA,0,NA,0,0,0,0,NA,NA,NA,105,NA,120,NA,180,NA,120,120,12,195,NA,NA,NA,15,NA,15,NA,8,NA,7,15,9,11,NA,NA,NA,1,NA,3,NA,1,NA,2,2,1,4,NA,NA,3.960857868,NA,41,NA,23,NA,331,NA,262,47,58,21,NA,NA,NA,2,NA,4,NA,6,NA,8,9,10,11,NA,NA,16.13457298,0.051653795,90.08815002,0,0.000000000,0.511756063,0.090305366,0.113607347,8.491275787,540.684082,2.270305872,-1000.739558,640.010677,RufousTailedHawk,15
102,NA,NA,NA,NA,NA,NA,NA,NA,0,NA,NA,NA,NA,NA,NA,NA,NA,NA,NA,NA,NA,3,NA,NA,NA,NA,NA,NA,NA,NA,NA,NA,NA,NA,17,NA,NA,NA,NA,NA,NA,NA,NA,NA,NA,NA,NA,2,NA,NA,NA,NA,3.419328451,NA,NA,NA,NA,NA,NA,NA,NA,344,NA,NA,NA,NA,NA,NA,NA,NA,NA,NA,NA,NA,9,NA,NA,NA,NA,15.54449558,0.029777838,97.0338974,0,0.000000000,0,0,0,2.924625397,1553.190308,-0.946171403,-940.7395576,640.010677,RufousTailedHawk,15
104,NA,NA,NA,NA,NA,NA,NA,NA,0,NA,NA,NA,0,NA,NA,NA,NA,NA,NA,NA,NA,4,NA,NA,NA,50,NA,NA,NA,NA,NA,NA,NA,NA,8,NA,NA,NA,18,NA,NA,NA,NA,NA,NA,NA,NA,1,NA,NA,NA,1,1.949373126,NA,NA,NA,NA,NA,NA,NA,NA,249,NA,NA,NA,322,NA,NA,NA,NA,NA,NA,NA,NA,9,NA,NA,NA,13,13.62445164,2.162820816,95.12649536,0,0.000000000,0,0,0.037873466,4.039632797,2311.583008,0.573997617,-910.7395576,640.010677,RufousTailedHawk,15
105,NA,NA,NA,NA,NA,NA,NA,NA,0,NA,NA,NA,NA,NA,NA,NA,NA,NA,NA,NA,NA,10,NA,NA,NA,NA,NA,NA,NA,NA,NA,NA,NA,NA,10,NA,NA,NA,NA,NA,NA,NA,NA,NA,NA,NA,NA,2,NA,NA,NA,NA,3.310868263,NA,NA,NA,NA,NA,NA,NA,NA,347,NA,NA,NA,NA,NA,NA,NA,NA,NA,NA,NA,NA,9,NA,NA,NA,NA,11.13718224,7.139533043,96.37556458,0,0.000000000,0.227454498,0,0,3.400282145,3007.351074,3.118832111,-895.7395576,640.010677,RufousTailedHawk,15
106,NA,NA,NA,NA,0,NA,NA,NA,NA,NA,NA,0,NA,NA,NA,NA,NA,150,NA,NA,NA,NA,NA,NA,180,NA,NA,NA,NA,NA,11,NA,NA,NA,NA,NA,NA,14,NA,NA,NA,NA,NA,2,NA,NA,NA,NA,NA,NA,2,NA,2.06244421,NA,NA,NA,NA,360,NA,NA,NA,NA,NA,NA,7,NA,NA,NA,NA,NA,5,NA,NA,NA,NA,NA,NA,12,NA,9.375805855,11.35126591,93.99237061,0,0.000000000,0.178660721,0,0.044788431,1.805102229,3327.886719,-1.659390926,-880.7395576,640.010677,RufousTailedHawk,15
109,NA,NA,NA,NA,NA,NA,NA,0,0,0,0,0,0,NA,NA,NA,NA,NA,NA,NA,30,79,120,15,15,23,NA,NA,NA,NA,NA,NA,NA,13,12,15,17,9,14,NA,NA,NA,NA,NA,NA,NA,1,2,4,3,2,2,2.134282589,NA,NA,NA,NA,NA,NA,NA,334,6,10,317,47,253,NA,NA,NA,NA,NA,NA,NA,8,9,10,11,12,13,16.4997139,0.126221359,85.47646332,0.028337179,0.000000000,0,0,0.068415672,9.926465034,341.0248108,0.019724919,-1000.739558,625.010677,RufousTailedHawk,15
111,NA,NA,NA,NA,NA,0,NA,NA,NA,NA,NA,NA,NA,NA,NA,NA,NA,NA,120,NA,NA,NA,NA,NA,NA,NA,NA,NA,NA,NA,NA,9,NA,NA,NA,NA,NA,NA,NA,NA,NA,NA,NA,NA,2,NA,NA,NA,NA,NA,NA,NA,1.950137615,NA,NA,NA,NA,NA,272,NA,NA,NA,NA,NA,NA,NA,NA,NA,NA,NA,NA,6,NA,NA,NA,NA,NA,NA,NA,15.85397148,0,86.01097107,0,0.000000000,0,0,0.025425564,13.97244835,847.1292114,3.085791349,-970.7395576,625.010677,RufousTailedHawk,15
112,NA,NA,NA,NA,0,0,NA,0,0,NA,NA,0,0,NA,NA,NA,NA,20,120,NA,15,2,NA,NA,150,120,NA,NA,NA,NA,16,11,NA,10,9,NA,NA,12,10,NA,NA,NA,NA,2,1,NA,3,2,NA,NA,1,1,1.540937304,NA,NA,NA,NA,262,356,NA,15,345,NA,NA,251,286,NA,NA,NA,NA,5,6,NA,8,9,NA,NA,12,13,16.19973755,0,93.85715485,0,0.000000000,0,0,0.035208646,5.859613895,861.0501709,-0.076795749,-955.7395576,625.010677,RufousTailedHawk,15
117,NA,NA,NA,NA,NA,NA,NA,NA,NA,NA,NA,NA,0,NA,NA,NA,NA,NA,NA,NA,NA,NA,NA,NA,NA,30,NA,NA,NA,NA,NA,NA,NA,NA,NA,NA,NA,NA,10,NA,NA,NA,NA,NA,NA,NA,NA,NA,NA,NA,NA,2,2.324496746,NA,NA,NA,NA,NA,NA,NA,NA,NA,NA,NA,NA,324,NA,NA,NA,NA,NA,NA,NA,NA,NA,NA,NA,NA,13,8.981443405,12.31873322,96.36529541,0,0.000000000,0.148239732,0,0,3.091269732,3382.733643,-2.147390604,-880.7395576,625.010677,RufousTailedHawk,15
119,NA,NA,NA,NA,NA,NA,NA,NA,0,NA,NA,NA,NA,NA,NA,NA,NA,NA,NA,NA,NA,25,NA,NA,NA,NA,NA,NA,NA,NA,NA,NA,NA,NA,13,NA,NA,NA,NA,NA,NA,NA,NA,NA,NA,NA,NA,2,NA,NA,NA,NA,5.398704052,NA,NA,NA,NA,NA,NA,NA,NA,308,NA,NA,NA,NA,NA,NA,NA,NA,NA,NA,NA,NA,9,NA,NA,NA,NA,15.769804,0.03290008,75.54038239,0,0.000000000,0,0,0.027727744,24.24632072,550.9264526,0.498653561,-1015.739558,610.010677,RufousTailedHawk,15
123,NA,NA,NA,NA,NA,NA,NA,NA,NA,NA,NA,0,NA,NA,NA,NA,NA,NA,NA,NA,NA,NA,NA,NA,4,NA,NA,NA,NA,NA,NA,NA,NA,NA,NA,NA,NA,19,NA,NA,NA,NA,NA,NA,NA,NA,NA,NA,NA,NA,1,NA,4.844685555,NA,NA,NA,NA,NA,NA,NA,NA,NA,NA,NA,268,NA,NA,NA,NA,NA,NA,NA,NA,NA,NA,NA,NA,12,NA,15.76342487,0,79.9499588,0,0.000000000,0.002812154,0,0.034158114,20.02070999,963.3738403,0.152300075,-955.7395576,610.010677,RufousTailedHawk,15
128,NA,NA,NA,NA,NA,NA,NA,NA,NA,NA,0,NA,NA,NA,NA,NA,NA,NA,NA,NA,NA,NA,NA,20,NA,NA,NA,NA,NA,NA,NA,NA,NA,NA,NA,NA,12,NA,NA,NA,NA,NA,NA,NA,NA,NA,NA,NA,NA,1,NA,NA,2.695850134,NA,NA,NA,NA,NA,NA,NA,NA,NA,NA,351,NA,NA,NA,NA,NA,NA,NA,NA,NA,NA,NA,NA,11,NA,NA,7.042654514,15.92064285,97.03310394,0,0.000000000,0,0,0,2.970265388,3727.489746,-0.192514569,-880.7395576,610.010677,RufousTailedHawk,15
129,NA,0,0,NA,0,0,NA,0,NA,NA,NA,0,0,NA,60,90,NA,15,57,NA,16,NA,NA,NA,19,68,NA,10,8,NA,17,10,NA,12,NA,NA,NA,10,18,NA,1,2,NA,1,1,NA,1,NA,NA,NA,2,1,2.655162811,NA,303,28,NA,342,29,NA,31,NA,NA,NA,34,318,NA,2,3,NA,5,6,NA,8,NA,NA,NA,12,13,15.85857868,0.137519673,78.55669403,0.021513304,0.000000000,0.069405183,0,0.016610263,20.7274437,449.7138062,0.031943858,-1015.739558,595.010677,RufousTailedHawk,15
130,NA,0,NA,NA,NA,NA,NA,NA,NA,NA,NA,NA,NA,NA,30,NA,NA,NA,NA,NA,NA,NA,NA,NA,NA,NA,NA,19,NA,NA,NA,NA,NA,NA,NA,NA,NA,NA,NA,NA,1,NA,NA,NA,NA,NA,NA,NA,NA,NA,NA,NA,2.655162811,NA,303,NA,NA,NA,NA,NA,NA,NA,NA,NA,NA,NA,NA,2,NA,NA,NA,NA,NA,NA,NA,NA,NA,NA,NA,15.85857868,0.137519673,78.55669403,0.021513304,0.000000000,0.069405183,0,0.016610263,20.7274437,449.7138062,0.031943858,-1000.739558,595.010677,RufousTailedHawk,15
134,NA,NA,NA,NA,NA,NA,NA,0,NA,NA,NA,NA,NA,NA,NA,NA,NA,NA,NA,NA,10,NA,NA,NA,NA,NA,NA,NA,NA,NA,NA,NA,NA,10,NA,NA,NA,NA,NA,NA,NA,NA,NA,NA,NA,NA,3,NA,NA,NA,NA,NA,1.993427515,NA,NA,NA,NA,NA,NA,NA,15,NA,NA,NA,NA,NA,NA,NA,NA,NA,NA,NA,NA,8,NA,NA,NA,NA,NA,15.02691269,0,95.73836517,0,0.000000000,0,0,0,4.264755726,1310.866699,-1.368239403,-940.7395576,595.010677,RufousTailedHawk,15
135,NA,NA,NA,NA,NA,NA,0,NA,NA,NA,NA,NA,NA,NA,NA,NA,NA,NA,NA,120,NA,NA,NA,NA,NA,NA,NA,NA,NA,NA,NA,NA,15,NA,NA,NA,NA,NA,NA,NA,NA,NA,NA,NA,NA,2,NA,NA,NA,NA,NA,NA,2.983647823,NA,NA,NA,NA,NA,NA,317,NA,NA,NA,NA,NA,NA,NA,NA,NA,NA,NA,NA,7,NA,NA,NA,NA,NA,NA,13.82475185,0.538155794,97.24355316,0,0.000000000,0.056390516,0,0,2.707670212,1857.943115,-0.575451672,-925.7395576,595.010677,RufousTailedHawk,15
144,NA,NA,NA,NA,NA,NA,NA,0,NA,NA,NA,0,0,NA,NA,NA,NA,NA,NA,NA,25,NA,NA,NA,60,11,NA,NA,NA,NA,NA,NA,NA,11,NA,NA,NA,14,16,NA,NA,NA,NA,NA,NA,NA,1,NA,NA,NA,1,1,1.84702611,NA,NA,NA,NA,NA,NA,NA,334,NA,NA,NA,51,253,NA,NA,NA,NA,NA,NA,NA,8,NA,NA,NA,12,13,13.99650478,0.028230418,92.71051788,0,0.000000000,0,0,0,6.942105293,1582.519531,-1.259409308,-940.7395576,580.010677,RufousTailedHawk,15
145,NA,NA,NA,NA,NA,NA,NA,0,NA,NA,NA,NA,0,NA,NA,NA,NA,NA,NA,NA,1,NA,NA,NA,NA,6,NA,NA,NA,NA,NA,NA,NA,10,NA,NA,NA,NA,14,NA,NA,NA,NA,NA,NA,NA,3,NA,NA,NA,NA,1,5.452454567,NA,NA,NA,NA,NA,NA,NA,15,NA,NA,NA,NA,11,NA,NA,NA,NA,NA,NA,NA,8,NA,NA,NA,NA,13,12.76700401,1.66522038,97.03252411,0,0.000000000,0.057479192,0,0,2.911813498,2119.689941,1.440279961,-925.7395576,580.010677,RufousTailedHawk,15
157,NA,NA,NA,NA,NA,NA,NA,NA,NA,NA,0,0,NA,NA,NA,NA,NA,NA,NA,NA,NA,NA,NA,14,30,NA,NA,NA,NA,NA,NA,NA,NA,NA,NA,NA,13,10,NA,NA,NA,NA,NA,NA,NA,NA,NA,NA,NA,2,1,NA,3.475255966,NA,NA,NA,NA,NA,NA,NA,NA,NA,NA,270,347,NA,NA,NA,NA,NA,NA,NA,NA,NA,NA,NA,11,12,NA,9.776442528,10.72630024,83.46943665,0.022095317,0.000000000,0.08233504,0,0.052811634,16.38362885,3095.248047,-2.956961155,-895.7395576,565.010677,RufousTailedHawk,15
159,NA,NA,0,NA,0,0,0,NA,NA,NA,0,0,0,NA,NA,40,NA,105,120,105,NA,NA,NA,30,48,19,NA,NA,16,NA,13,14,10,NA,NA,NA,15,17,11,NA,NA,1,NA,1,4,2,NA,NA,NA,2,2,1,2.343350172,NA,NA,32,NA,333,338,270,NA,NA,NA,279,282,260,NA,NA,3,NA,5,6,7,NA,NA,NA,11,12,13,15.9936657,1.170191646,80.09664917,0,0.000000000,0.035498511,0,0.479775935,15.61798477,175.827179,-0.902200937,-1015.739558,550.010677,RufousTailedHawk,15
160,NA,NA,NA,NA,NA,NA,NA,NA,NA,NA,NA,0,NA,NA,NA,NA,NA,NA,NA,NA,NA,NA,NA,NA,60,NA,NA,NA,NA,NA,NA,NA,NA,NA,NA,NA,NA,16,NA,NA,NA,NA,NA,NA,NA,NA,NA,NA,NA,NA,2,NA,4.483010292,NA,NA,NA,NA,NA,NA,NA,NA,NA,NA,NA,283,NA,NA,NA,NA,NA,NA,NA,NA,NA,NA,NA,NA,12,NA,14.54901695,0.109740965,90.3057785,0,0.000000000,0.027109344,0,0.30341664,9.359574318,714.1951904,2.080216408,-1000.739558,550.010677,RufousTailedHawk,15
167,NA,NA,NA,NA,NA,NA,NA,0,NA,NA,NA,NA,NA,NA,NA,NA,NA,NA,NA,NA,40,NA,NA,NA,NA,NA,NA,NA,NA,NA,NA,NA,NA,11,NA,NA,NA,NA,NA,NA,NA,NA,NA,NA,NA,NA,2,NA,NA,NA,NA,NA,4.947197437,NA,NA,NA,NA,NA,NA,NA,263,NA,NA,NA,NA,NA,NA,NA,NA,NA,NA,NA,NA,8,NA,NA,NA,NA,NA,9.539772987,11.51106834,85.41809082,0.015242802,0.000000000,0.136966944,0,0.062097803,14.37178802,3084.629639,2.069853306,-895.7395576,550.010677,RufousTailedHawk,15
168,NA,NA,NA,NA,NA,NA,NA,NA,NA,NA,0,NA,NA,NA,NA,NA,NA,NA,NA,NA,NA,NA,NA,30,NA,NA,NA,NA,NA,NA,NA,NA,NA,NA,NA,NA,10,NA,NA,NA,NA,NA,NA,NA,NA,NA,NA,NA,NA,2,NA,NA,4.161467552,NA,NA,NA,NA,NA,NA,NA,NA,NA,NA,32,NA,NA,NA,NA,NA,NA,NA,NA,NA,NA,NA,NA,11,NA,NA,7.576551914,17.78147316,86.21959686,0,0.000000000,0.289138764,0,0.027722474,13.47489452,3511.543457,-3.169765472,-880.7395576,550.010677,RufousTailedHawk,15
169,0,0,0,NA,0,NA,0,NA,NA,0,0,0,0,180,150,20,NA,60,NA,10,NA,NA,132,60,20,120,15,16,18,NA,15,NA,15,NA,NA,16,15,18,15,1,1,3,NA,2,NA,2,NA,NA,3,2,1,1,1.644446254,24,44,253,NA,306,NA,270,NA,NA,9,327,296,305,1,2,3,NA,5,NA,7,NA,NA,10,11,12,13,16.09773445,1.301513076,83.66384125,0,0.000000000,0.068346471,0.387360036,0.334349692,1.077438116,118.7803802,-0.115423761,-1030.739558,535.010677,RufousTailedHawk,15
170,0,0,0,0,0,0,0,0,0,0,0,0,0,80,180,90,70,60,30,100,60,36,18,60,90,90,13,8,7,19,17,7,12,15,17,8,9,15,16,1,1,1,2,2,4,2,2,3,1,2,2,1,1.644446254,330,31,42,32,360,335,270,251,304,7,279,324,309,1,2,3,4,5,6,7,8,9,10,11,12,13,16.09773445,1.301513076,83.66384125,0,0.000000000,0.068346471,0.387360036,0.334349692,1.077438116,118.7803802,-0.115423761,-1015.739558,535.010677,RufousTailedHawk,15
172,NA,NA,NA,NA,NA,NA,NA,NA,NA,NA,NA,0,NA,NA,NA,NA,NA,NA,NA,NA,NA,NA,NA,NA,30,NA,NA,NA,NA,NA,NA,NA,NA,NA,NA,NA,NA,20,NA,NA,NA,NA,NA,NA,NA,NA,NA,NA,NA,NA,3,NA,3.736531734,NA,NA,NA,NA,NA,NA,NA,NA,NA,NA,NA,347,NA,NA,NA,NA,NA,NA,NA,NA,NA,NA,NA,NA,12,NA,14.06993484,0,99.48016357,0,0.000000000,0.084629498,0,0,0.435207516,890.5993652,-0.293813348,-985.7395576,535.010677,RufousTailedHawk,15
175,NA,NA,NA,NA,NA,NA,NA,0,NA,NA,NA,NA,NA,NA,NA,NA,NA,NA,NA,NA,63,NA,NA,NA,NA,NA,NA,NA,NA,NA,NA,NA,NA,12,NA,NA,NA,NA,NA,NA,NA,NA,NA,NA,NA,NA,5,NA,NA,NA,NA,NA,2.567643881,NA,NA,NA,NA,NA,NA,NA,15,NA,NA,NA,NA,NA,NA,NA,NA,NA,NA,NA,NA,8,NA,NA,NA,NA,NA,12.9234972,0.230267525,91.08070374,0,0.000000000,0,0,0,8.843664169,1651.763916,3.586067438,-940.7395576,535.010677,RufousTailedHawk,15
176,NA,NA,NA,NA,0,NA,NA,NA,NA,NA,NA,NA,NA,NA,NA,NA,NA,20,NA,NA,NA,NA,NA,NA,NA,NA,NA,NA,NA,NA,18,NA,NA,NA,NA,NA,NA,NA,NA,NA,NA,NA,NA,2,NA,NA,NA,NA,NA,NA,NA,NA,2.443439484,NA,NA,NA,NA,257,NA,NA,NA,NA,NA,NA,NA,NA,NA,NA,NA,NA,5,NA,NA,NA,NA,NA,NA,NA,NA,12.81252766,1.22374177,85.19507599,0,0.000000000,0.122999467,0,0,14.68967152,1806.033691,-4.278136253,-925.7395576,535.010677,RufousTailedHawk,15
177,NA,NA,NA,NA,NA,NA,NA,NA,NA,NA,NA,NA,0,NA,NA,NA,NA,NA,NA,NA,NA,NA,NA,NA,NA,20,NA,NA,NA,NA,NA,NA,NA,NA,NA,NA,NA,NA,10,NA,NA,NA,NA,NA,NA,NA,NA,NA,NA,NA,NA,2,3.547899008,NA,NA,NA,NA,NA,NA,NA,NA,NA,NA,NA,NA,32,NA,NA,NA,NA,NA,NA,NA,NA,NA,NA,NA,NA,13,11.72140598,4.958602905,84.44439697,0,0.000000000,0.059367359,0,0.012508247,15.49077988,2329.855957,-3.814668179,-910.7395576,535.010677,RufousTailedHawk,15
180,NA,NA,0,NA,NA,NA,NA,NA,NA,NA,NA,NA,0,NA,NA,120,NA,NA,NA,NA,NA,NA,NA,NA,NA,91,NA,NA,9,NA,NA,NA,NA,NA,NA,NA,NA,NA,9,NA,NA,1,NA,NA,NA,NA,NA,NA,NA,NA,NA,4,3.051794291,NA,NA,48,NA,NA,NA,NA,NA,NA,NA,NA,NA,274,NA,NA,3,NA,NA,NA,NA,NA,NA,NA,NA,NA,13,15.93407726,1.141773105,99.99941254,0,0.000000000,0,0,0,0.000587329,176.9896851,-0.619038761,-1030.739558,520.010677,RufousTailedHawk,15
181,NA,NA,NA,NA,0,NA,NA,0,NA,NA,0,NA,0,NA,NA,NA,NA,15,NA,NA,15,NA,NA,11,NA,4,NA,NA,NA,NA,11,NA,NA,8,NA,NA,17,NA,17,NA,NA,NA,NA,2,NA,NA,1,NA,NA,1,NA,1,3.051794291,NA,NA,NA,NA,256,NA,NA,10,NA,NA,59,NA,258,NA,NA,NA,NA,5,NA,NA,8,NA,NA,11,NA,13,15.93407726,1.141773105,99.99941254,0,0.000000000,0,0,0,0.000587329,176.9896851,-0.619038761,-1015.739558,520.010677,RufousTailedHawk,15
183,NA,NA,NA,NA,NA,NA,NA,NA,NA,NA,0,0,0,NA,NA,NA,NA,NA,NA,NA,NA,NA,NA,30,95,10,NA,NA,NA,NA,NA,NA,NA,NA,NA,NA,17,19,17,NA,NA,NA,NA,NA,NA,NA,NA,NA,NA,1,1,2,3.34616518,NA,NA,NA,NA,NA,NA,NA,NA,NA,NA,13,17,342,NA,NA,NA,NA,NA,NA,NA,NA,NA,NA,11,12,13,14.42039394,0,92.9365387,0.52423811,0.000000000,1.298380375,0,1.339507222,3.350696325,712.7598877,1.686176777,-985.7395576,520.010677,RufousTailedHawk,15
184,NA,NA,NA,NA,0,0,NA,NA,NA,NA,0,0,0,NA,NA,NA,NA,90,60,NA,NA,NA,NA,90,25,3,NA,NA,NA,NA,18,9,NA,NA,NA,NA,16,17,17,NA,NA,NA,NA,1,1,NA,NA,NA,NA,1,3,1,1.885070324,NA,NA,NA,NA,4,5,NA,NA,NA,NA,262,246,254,NA,NA,NA,NA,5,6,NA,NA,NA,NA,11,12,13,14.29336739,0,94.43549347,0.259786457,0.000000000,0.166633695,0,0.0054471,4.666551113,821.3670654,-1.384000778,-970.7395576,520.010677,RufousTailedHawk,15
191,0,0,0,NA,0,0,0,0,0,0,0,0,0,180,60,180,NA,120,20,105,45,180,10,100,100,30,16,10,9,NA,17,18,16,13,14,13,14,8,19,1,2,1,NA,1,1,2,2,2,1,1,1,4,2.172400713,21,254,39,NA,361,256,270,251,24,272,325,277,281,1,2,3,NA,5,6,7,8,9,10,11,12,13,15.81298828,0.921750486,96.2261734,0.360086948,0.000000000,0.461954147,0,0.259102702,2.697211266,171.4320374,-0.055081841,-1030.739558,505.010677,RufousTailedHawk,15
192,NA,NA,NA,NA,0,0,NA,0,0,NA,0,0,0,NA,NA,NA,NA,60,30,NA,30,15,NA,15,20,30,NA,NA,NA,NA,17,19,NA,11,13,NA,10,18,11,NA,NA,NA,NA,1,1,NA,2,2,NA,2,2,1,2.172400713,NA,NA,NA,NA,333,256,NA,251,24,NA,49,326,251,NA,NA,NA,NA,5,6,NA,8,9,NA,11,12,13,15.81298828,0.921750486,96.2261734,0.360086948,0.000000000,0.461954147,0,0.259102702,2.697211266,171.4320374,-0.055081841,-1015.739558,505.010677,RufousTailedHawk,15
193,NA,NA,NA,NA,NA,0,NA,NA,NA,NA,0,0,0,NA,NA,NA,NA,NA,20,NA,NA,NA,NA,2,21,60,NA,NA,NA,NA,NA,17,NA,NA,NA,NA,14,13,19,NA,NA,NA,NA,NA,2,NA,NA,NA,NA,2,1,1,2.004390478,NA,NA,NA,NA,NA,283,NA,NA,NA,NA,337,2,309,NA,NA,NA,NA,NA,6,NA,NA,NA,NA,11,12,13,15.5987196,0.127679765,90.75801849,0.257697016,0.000000000,1.110350013,0.240882874,1.358058691,5.973462582,267.0015564,-1.318846345,-1000.739558,505.010677,RufousTailedHawk,15
194,NA,NA,NA,NA,NA,NA,NA,NA,NA,NA,0,0,0,NA,NA,NA,NA,NA,NA,NA,NA,NA,NA,10,129,2,NA,NA,NA,NA,NA,NA,NA,NA,NA,NA,15,13,10,NA,NA,NA,NA,NA,NA,NA,NA,NA,NA,1,1,1,3.575041294,NA,NA,NA,NA,NA,NA,NA,NA,NA,NA,50,364,285,NA,NA,NA,NA,NA,NA,NA,NA,NA,NA,11,12,13,14.88041306,0,82.5973053,0.867458701,0.000000000,1.751965046,0.142664269,1.842973232,11.88804913,476.7035217,-1.626462221,-985.7395576,505.010677,RufousTailedHawk,15
195,NA,0,NA,NA,NA,0,0,0,0,0,0,0,0,NA,300,NA,NA,NA,60,30,5,60,45,8,14,19,NA,12,NA,NA,NA,17,19,19,0,7,7,15,18,NA,2,NA,NA,NA,2,2,1,1,1,1,2,1,1.909855723,NA,252,NA,NA,NA,277,316,333,244,6,332,357,317,NA,2,NA,NA,NA,6,7,8,9,10,11,12,13,14.74435997,0,71.80686951,3.266883135,0.000000000,0.925569832,0,0.566181839,12.8820715,585.6106567,-0.026257435,-970.7395576,505.010677,RufousTailedHawk,15
196,NA,NA,NA,NA,NA,NA,NA,NA,NA,NA,0,0,NA,NA,NA,NA,NA,NA,NA,NA,NA,NA,NA,5,72,NA,NA,NA,NA,NA,NA,NA,NA,NA,NA,NA,10,17,NA,NA,NA,NA,NA,NA,NA,NA,NA,NA,NA,1,4,NA,4.651003361,NA,NA,NA,NA,NA,NA,NA,NA,NA,NA,290,323,NA,NA,NA,NA,NA,NA,NA,NA,NA,NA,NA,11,12,NA,14.36942768,0,89.08429718,0.015604364,0.000000000,0.093218207,0,0,7.95346117,831.8670654,-1.579420924,-955.7395576,505.010677,RufousTailedHawk,15
197,NA,NA,NA,NA,NA,0,NA,NA,NA,NA,NA,NA,NA,NA,NA,NA,NA,NA,20,NA,NA,NA,NA,NA,NA,NA,NA,NA,NA,NA,NA,12,NA,NA,NA,NA,NA,NA,NA,NA,NA,NA,NA,NA,2,NA,NA,NA,NA,NA,NA,NA,5.716908932,NA,NA,NA,NA,NA,274,NA,NA,NA,NA,NA,NA,NA,NA,NA,NA,NA,NA,6,NA,NA,NA,NA,NA,NA,NA,12.97510529,0.239563286,81.88848114,0,0.000000000,0,0,0,18.11443901,1412.605347,0.134061962,-940.7395576,505.010677,RufousTailedHawk,15
202,NA,NA,NA,NA,0,NA,NA,0,NA,NA,NA,NA,0,NA,NA,NA,NA,60,NA,NA,60,NA,NA,NA,NA,35,NA,NA,NA,NA,16,NA,NA,14,NA,NA,NA,NA,11,NA,NA,NA,NA,2,NA,NA,2,NA,NA,NA,NA,1,2.947876692,NA,NA,NA,NA,352,NA,NA,250,NA,NA,NA,NA,268,NA,NA,NA,NA,5,NA,NA,8,NA,NA,NA,NA,13,15.71835804,0.89339447,91.66143036,0,0.000000000,1.027552962,0,0.564351916,3.546935081,157.9264679,0.756520927,-1015.739558,490.010677,RufousTailedHawk,15
203,NA,NA,NA,NA,NA,NA,NA,NA,NA,NA,NA,NA,0,NA,NA,NA,NA,NA,NA,NA,NA,NA,NA,NA,NA,10,NA,NA,NA,NA,NA,NA,NA,NA,NA,NA,NA,NA,10,NA,NA,NA,NA,NA,NA,NA,NA,NA,NA,NA,NA,1,2.599579811,NA,NA,NA,NA,NA,NA,NA,NA,NA,NA,NA,NA,268,NA,NA,NA,NA,NA,NA,NA,NA,NA,NA,NA,NA,13,15.55654335,0.056164972,99.65154266,0,0.000000000,0,0,0,0.348460764,255.8431244,-0.421326458,-1000.739558,490.010677,RufousTailedHawk,15
204,NA,NA,NA,NA,NA,NA,NA,NA,NA,NA,NA,NA,0,NA,NA,NA,NA,NA,NA,NA,NA,NA,NA,NA,NA,3,NA,NA,NA,NA,NA,NA,NA,NA,NA,NA,NA,NA,10,NA,NA,NA,NA,NA,NA,NA,NA,NA,NA,NA,NA,1,3.894709587,NA,NA,NA,NA,NA,NA,NA,NA,NA,NA,NA,NA,285,NA,NA,NA,NA,NA,NA,NA,NA,NA,NA,NA,NA,13,14.34366608,0,93.64505768,0,0.000000000,0.413619399,0,0,5.953095913,624.7476807,0.145690009,-985.7395576,490.010677,RufousTailedHawk,15
206,NA,NA,NA,NA,0,NA,NA,NA,0,NA,NA,0,0,NA,NA,NA,NA,20,NA,NA,NA,40,NA,NA,80,39,NA,NA,NA,NA,11,NA,NA,NA,9,NA,NA,11,10,NA,NA,NA,NA,2,NA,NA,NA,3,NA,NA,2,1,4.534925938,NA,NA,NA,NA,257,NA,NA,NA,56,NA,NA,278,247,NA,NA,NA,NA,5,NA,NA,NA,9,NA,NA,12,13,13.65813541,0.010535057,86.86793518,0.528577447,0.000000000,0.312876523,0,0.14239499,11.29867077,998.9998779,0.148994893,-955.7395576,490.010677,RufousTailedHawk,15
209,NA,NA,NA,NA,NA,NA,NA,NA,NA,NA,NA,0,NA,NA,NA,NA,NA,NA,NA,NA,NA,NA,NA,NA,120,NA,NA,NA,NA,NA,NA,NA,NA,NA,NA,NA,NA,16,NA,NA,NA,NA,NA,NA,NA,NA,NA,NA,NA,NA,2,NA,4.401301861,NA,NA,NA,NA,NA,NA,NA,NA,NA,NA,NA,296,NA,NA,NA,NA,NA,NA,NA,NA,NA,NA,NA,NA,12,NA,8.567209244,11.54978752,76.52796936,0,0.000000000,1.185975075,0,0.734877229,21.57584572,2903.388184,-1.48731184,-910.7395576,490.010677,RufousTailedHawk,15
211,NA,0,NA,NA,NA,NA,NA,0,NA,NA,0,NA,NA,NA,20,NA,NA,NA,NA,NA,40,NA,NA,120,NA,NA,NA,14,NA,NA,NA,NA,NA,16,NA,NA,16,NA,NA,NA,1,NA,NA,NA,NA,NA,3,NA,NA,5,NA,NA,3.098275661,NA,244,NA,NA,NA,NA,NA,303,NA,NA,363,NA,NA,NA,2,NA,NA,NA,NA,NA,8,NA,NA,11,NA,NA,15.68289185,0.439188957,93.25863647,0,0.000000000,0.074200347,0,0.313493997,1.085977554,157.2030182,0.177071065,-1030.739558,475.010677,RufousTailedHawk,15
212,NA,NA,NA,NA,NA,NA,NA,0,0,NA,0,0,0,NA,NA,NA,NA,NA,NA,NA,15,120,NA,30,75,60,NA,NA,NA,NA,NA,NA,NA,11,9,NA,9,17,13,NA,NA,NA,NA,NA,NA,NA,1,2,NA,2,3,2,3.098275661,NA,NA,NA,NA,NA,NA,NA,273,2,NA,49,4,260,NA,NA,NA,NA,NA,NA,NA,8,9,NA,11,12,13,15.68289185,0.439188957,93.25863647,0,0.000000000,0.074200347,0,0.313493997,1.085977554,157.2030182,0.177071065,-1015.739558,475.010677,RufousTailedHawk,15
214,NA,NA,NA,NA,0,NA,NA,NA,NA,0,NA,0,0,NA,NA,NA,NA,10,NA,NA,NA,NA,45,NA,40,25,NA,NA,NA,NA,10,NA,NA,NA,NA,6,NA,17,11,NA,NA,NA,NA,2,NA,NA,NA,NA,4,NA,2,1,1.770476222,NA,NA,NA,NA,258,NA,NA,NA,NA,11,NA,282,285,NA,NA,NA,NA,5,NA,NA,NA,NA,10,NA,12,13,14.81011868,0,99.48049164,0,0.000000000,0.384301245,0,0,0.135206208,480.9543152,-2.556805372,-985.7395576,475.010677,RufousTailedHawk,15
216,NA,NA,NA,NA,NA,NA,NA,NA,0,0,0,0,0,NA,NA,NA,NA,NA,NA,NA,NA,14,26,30,40,93,NA,NA,NA,NA,NA,NA,NA,NA,12,19,11,7,10,NA,NA,NA,NA,NA,NA,NA,NA,2,3,1,2,1,2.592068911,NA,NA,NA,NA,NA,NA,NA,NA,291,292,339,332,250,NA,NA,NA,NA,NA,NA,NA,NA,9,10,11,12,13,13.32953453,0.032088611,76.98383331,2.527849913,0.000000000,1.05419302,0,0.398340791,18.71584511,1046.484375,-0.656435728,-955.7395576,475.010677,RufousTailedHawk,15
218,NA,NA,NA,NA,NA,NA,NA,NA,NA,NA,NA,NA,0,NA,NA,NA,NA,NA,NA,NA,NA,NA,NA,NA,NA,4,NA,NA,NA,NA,NA,NA,NA,NA,NA,NA,NA,NA,9,NA,NA,NA,NA,NA,NA,NA,NA,NA,NA,NA,NA,2,2.790105343,NA,NA,NA,NA,NA,NA,NA,NA,NA,NA,NA,NA,261,NA,NA,NA,NA,NA,NA,NA,NA,NA,NA,NA,NA,13,10.41399193,5.013923645,94.53147888,0,0.000000000,0.149546653,0,0,5.317093849,2223.065186,2.048664093,-925.7395576,475.010677,RufousTailedHawk,15
219,NA,NA,NA,NA,NA,NA,NA,NA,NA,NA,NA,NA,0,NA,NA,NA,NA,NA,NA,NA,NA,NA,NA,NA,NA,1,NA,NA,NA,NA,NA,NA,NA,NA,NA,NA,NA,NA,10,NA,NA,NA,NA,NA,NA,NA,NA,NA,NA,NA,NA,2,3.114559412,NA,NA,NA,NA,NA,NA,NA,NA,NA,NA,NA,NA,261,NA,NA,NA,NA,NA,NA,NA,NA,NA,NA,NA,NA,13,7.635807991,13.89249134,78.66558075,0,0.000000000,1.065350771,0,0,20.27936172,3113.367432,3.117913485,-910.7395576,475.010677,RufousTailedHawk,15
220,NA,NA,NA,NA,0,NA,NA,NA,0,0,0,NA,0,NA,NA,NA,NA,20,NA,NA,NA,60,60,120,NA,12,NA,NA,NA,NA,14,NA,NA,NA,10,15,16,NA,17,NA,NA,NA,NA,2,NA,NA,NA,2,2,2,NA,2,2.410797358,NA,NA,NA,NA,261,NA,NA,NA,7,57,313,NA,250,NA,NA,NA,NA,5,NA,NA,NA,9,10,11,NA,13,15.69300747,0.806240976,86.50315857,0,0.000000000,0.488965333,0.059544995,1.148586988,2.890282154,110.6023102,-0.291719794,-1030.739558,460.010677,RufousTailedHawk,15
221,NA,NA,NA,NA,NA,NA,NA,NA,NA,NA,NA,NA,0,NA,NA,NA,NA,NA,NA,NA,NA,NA,NA,NA,NA,41,NA,NA,NA,NA,NA,NA,NA,NA,NA,NA,NA,NA,15,NA,NA,NA,NA,NA,NA,NA,NA,NA,NA,NA,NA,2,2.06697011,NA,NA,NA,NA,NA,NA,NA,NA,NA,NA,NA,NA,250,NA,NA,NA,NA,NA,NA,NA,NA,NA,NA,NA,NA,13,15.56571484,0.039487407,96.52651215,0,0.000000000,0.184993073,0,0.000849943,3.224163294,214.3304443,-0.109650679,-1015.739558,460.010677,RufousTailedHawk,15
225,NA,NA,NA,NA,0,NA,NA,NA,NA,NA,NA,NA,NA,NA,NA,NA,NA,10,NA,NA,NA,NA,NA,NA,NA,NA,NA,NA,NA,NA,12,NA,NA,NA,NA,NA,NA,NA,NA,NA,NA,NA,NA,2,NA,NA,NA,NA,NA,NA,NA,NA,2.16633606,NA,NA,NA,NA,257,NA,NA,NA,NA,NA,NA,NA,NA,NA,NA,NA,NA,5,NA,NA,NA,NA,NA,NA,NA,NA,12.61461926,0.016515708,83.2822113,1.962098241,0.000000000,1.135030627,0,0.166852415,13.42012882,1229.194336,-2.934161425,-955.7395576,460.010677,RufousTailedHawk,15
226,NA,NA,NA,NA,NA,NA,NA,NA,NA,NA,0,0,0,NA,NA,NA,NA,NA,NA,NA,NA,NA,NA,30,30,37,NA,NA,NA,NA,NA,NA,NA,NA,NA,NA,10,12,10,NA,NA,NA,NA,NA,NA,NA,NA,NA,NA,1,1,1,3.128918648,NA,NA,NA,NA,NA,NA,NA,NA,NA,NA,13,291,297,NA,NA,NA,NA,NA,NA,NA,NA,NA,NA,11,12,13,11.20428944,1.545540094,83.34161377,0.432853132,0.000000000,0.331521541,0,0,15.62515068,1746.920532,-0.838660359,-940.7395576,460.010677,RufousTailedHawk,15
230,NA,NA,NA,NA,0,0,NA,0,NA,NA,0,0,0,NA,NA,NA,NA,30,60,NA,120,NA,NA,65,40,15,NA,NA,NA,NA,19,13,NA,17,NA,NA,16,11,16,NA,NA,NA,NA,2,2,NA,2,NA,NA,1,1,1,2.685173988,NA,NA,NA,NA,354,333,NA,250,NA,NA,318,298,285,NA,NA,NA,NA,5,6,NA,8,NA,NA,11,12,13,15.34182072,0.272647709,80.64949799,0,0.000000000,0.174323499,0.072034918,0.558033526,13.43936539,215.8278198,-0.364115745,-1030.739558,445.010677,RufousTailedHawk,15
231,NA,NA,NA,0,0,0,NA,NA,NA,NA,0,0,0,NA,NA,NA,45,30,40,NA,NA,NA,NA,25,7,1,NA,NA,NA,11,9,11,NA,NA,NA,NA,10,10,16,NA,NA,NA,2,2,2,NA,NA,NA,NA,2,1,2,2.91728735,NA,NA,NA,319,319,333,NA,NA,NA,NA,47,19,264,NA,NA,NA,4,5,6,NA,NA,NA,NA,11,12,13,15.09155655,0.000104849,95.25796509,0.01339393,0.000000000,1.517292142,0,0.024455767,3.177904129,343.7785034,0.770910978,-1015.739558,445.010677,RufousTailedHawk,15
233,NA,NA,NA,NA,NA,NA,NA,NA,NA,NA,NA,NA,0,NA,NA,NA,NA,NA,NA,NA,NA,NA,NA,NA,NA,60,NA,NA,NA,NA,NA,NA,NA,NA,NA,NA,NA,NA,10,NA,NA,NA,NA,NA,NA,NA,NA,NA,NA,NA,NA,3,1.491204143,NA,NA,NA,NA,NA,NA,NA,NA,NA,NA,NA,NA,272,NA,NA,NA,NA,NA,NA,NA,NA,NA,NA,NA,NA,13,14.96044445,0,99.46318054,0,0.000000000,0.184189379,0,0.058803618,0.290634334,455.0221252,-1.1428684,-985.7395576,445.010677,RufousTailedHawk,15
236,NA,NA,NA,NA,0,NA,NA,NA,NA,NA,NA,NA,NA,NA,NA,NA,NA,15,NA,NA,NA,NA,NA,NA,NA,NA,NA,NA,NA,NA,13,NA,NA,NA,NA,NA,NA,NA,NA,NA,NA,NA,NA,2,NA,NA,NA,NA,NA,NA,NA,NA,2.054798603,NA,NA,NA,NA,257,NA,NA,NA,NA,NA,NA,NA,NA,NA,NA,NA,NA,5,NA,NA,NA,NA,NA,NA,NA,NA,11.51979256,1.221623421,65.23207855,4.247664928,0.000000000,2.425532103,0.195500761,0.297723085,27.26775932,1577.443481,-3.927031279,-940.7395576,445.010677,RufousTailedHawk,15
239,NA,NA,NA,NA,NA,NA,NA,NA,NA,NA,NA,0,0,NA,NA,NA,NA,NA,NA,NA,NA,NA,NA,NA,32,28,NA,NA,NA,NA,NA,NA,NA,NA,NA,NA,NA,8,19,NA,NA,NA,NA,NA,NA,NA,NA,NA,NA,NA,2,1,5.963151932,NA,NA,NA,NA,NA,NA,NA,NA,NA,NA,NA,50,288,NA,NA,NA,NA,NA,NA,NA,NA,NA,NA,NA,12,13,14.47264767,0.022556115,59.26918411,0,0.000000000,1.571454525,0.008191662,2.576873779,35.96179581,448.4211121,1.260285974,-1045.739558,430.010677,RufousTailedHawk,15
240,NA,NA,NA,NA,NA,NA,NA,NA,NA,NA,NA,0,0,NA,NA,NA,NA,NA,NA,NA,NA,NA,NA,NA,5,60,NA,NA,NA,NA,NA,NA,NA,NA,NA,NA,NA,9,18,NA,NA,NA,NA,NA,NA,NA,NA,NA,NA,NA,2,2,5.963151932,NA,NA,NA,NA,NA,NA,NA,NA,NA,NA,NA,50,264,NA,NA,NA,NA,NA,NA,NA,NA,NA,NA,NA,12,13,14.47264767,0.022556115,59.26918411,0,0.000000000,1.571454525,0.008191662,2.576873779,35.96179581,448.4211121,1.260285974,-1030.739558,430.010677,RufousTailedHawk,15
241,NA,NA,NA,NA,NA,NA,NA,NA,NA,NA,NA,NA,0,NA,NA,NA,NA,NA,NA,NA,NA,NA,NA,NA,NA,10,NA,NA,NA,NA,NA,NA,NA,NA,NA,NA,NA,NA,11,NA,NA,NA,NA,NA,NA,NA,NA,NA,NA,NA,NA,2,4.385929108,NA,NA,NA,NA,NA,NA,NA,NA,NA,NA,NA,NA,265,NA,NA,NA,NA,NA,NA,NA,NA,NA,NA,NA,NA,13,14.90927601,0,92.08970642,0.002347972,0.000000000,1.756452799,0,0.952372015,5.208191395,410.5381165,-0.457309246,-1015.739558,430.010677,RufousTailedHawk,15
243,NA,NA,NA,NA,NA,NA,NA,0,NA,0,NA,NA,0,NA,NA,NA,NA,NA,NA,NA,1,NA,1,NA,NA,10,NA,NA,NA,NA,NA,NA,NA,12,NA,17,NA,NA,13,NA,NA,NA,NA,NA,NA,NA,2,NA,1,NA,NA,1,2.717577934,NA,NA,NA,NA,NA,NA,NA,262,NA,269,NA,NA,285,NA,NA,NA,NA,NA,NA,NA,8,NA,10,NA,NA,13,14.73157787,0.068156429,96.33577728,0,0.000000000,0.934644043,0,0.073099472,2.645618439,523.2598877,-0.638203919,-985.7395576,430.010677,RufousTailedHawk,15
246,NA,NA,NA,NA,0,NA,NA,NA,NA,NA,NA,0,0,NA,NA,NA,NA,75,NA,NA,NA,NA,NA,NA,90,40,NA,NA,NA,NA,15,NA,NA,NA,NA,NA,NA,9,11,NA,NA,NA,NA,2,NA,NA,NA,NA,NA,NA,2,1,2.773869991,NA,NA,NA,NA,305,NA,NA,NA,NA,NA,NA,332,36,NA,NA,NA,NA,5,NA,NA,NA,NA,NA,NA,12,13,9.78955555,4.220662594,88.65989685,0.422587156,0.000000000,0.507253408,0,0.209208041,9.857625961,2166.477539,4.832871437,-940.7395576,430.010677,RufousTailedHawk,15
249,0,0,NA,0,0,0,0,0,0,0,0,0,0,90,100,NA,35,60,70,30,3,15,50,30,66,1,12,14,NA,15,11,15,14,19,13,18,14,15,8,4,2,NA,3,2,2,2,6,8,1,1,1,2,3.815112114,331,3,NA,262,319,333,304,260,264,264,37,308,280,1,2,NA,4,5,6,7,8,9,10,11,12,13,14.72722054,0.001139631,75.32131195,0,0.000000000,1.533581138,0,0.584900081,22.50821304,379.1783447,-0.355607361,-1045.739558,415.010677,RufousTailedHawk,15
250,NA,0,NA,NA,NA,NA,NA,0,NA,NA,NA,NA,0,NA,240,NA,NA,NA,NA,NA,20,NA,NA,NA,NA,72,NA,8,NA,NA,NA,NA,NA,12,NA,NA,NA,NA,9,NA,1,NA,NA,NA,NA,NA,2,NA,NA,NA,NA,2,3.815112114,NA,343,NA,NA,NA,NA,NA,249,NA,NA,NA,NA,264,NA,2,NA,NA,NA,NA,NA,8,NA,NA,NA,NA,13,14.72722054,0.001139631,75.32131195,0,0.000000000,1.533581138,0,0.584900081,22.50821304,379.1783447,-0.355607361,-1030.739558,415.010677,RufousTailedHawk,15
251,NA,NA,NA,NA,NA,NA,NA,NA,NA,NA,NA,NA,0,NA,NA,NA,NA,NA,NA,NA,NA,NA,NA,NA,NA,60,NA,NA,NA,NA,NA,NA,NA,NA,NA,NA,NA,NA,11,NA,NA,NA,NA,NA,NA,NA,NA,NA,NA,NA,NA,1,2.617492437,NA,NA,NA,NA,NA,NA,NA,NA,NA,NA,NA,NA,252,NA,NA,NA,NA,NA,NA,NA,NA,NA,NA,NA,NA,13,14.7432394,0,86.52410126,0,0.000000000,1.023260355,0,0.16951929,12.28691673,439.4263,-0.835885346,-1015.739558,415.010677,RufousTailedHawk,15
252,NA,NA,NA,NA,NA,NA,NA,NA,NA,NA,NA,NA,0,NA,NA,NA,NA,NA,NA,NA,NA,NA,NA,NA,NA,51,NA,NA,NA,NA,NA,NA,NA,NA,NA,NA,NA,NA,16,NA,NA,NA,NA,NA,NA,NA,NA,NA,NA,NA,NA,2,3.044776678,NA,NA,NA,NA,NA,NA,NA,NA,NA,NA,NA,NA,263,NA,NA,NA,NA,NA,NA,NA,NA,NA,NA,NA,NA,13,15.15561962,0,97.4040451,0,0.000000000,0.322037548,0,0,2.275458813,378.4561462,-0.06849812,-1000.739558,415.010677,RufousTailedHawk,15
253,NA,NA,NA,NA,NA,NA,NA,NA,NA,NA,NA,NA,0,NA,NA,NA,NA,NA,NA,NA,NA,NA,NA,NA,NA,20,NA,NA,NA,NA,NA,NA,NA,NA,NA,NA,NA,NA,16,NA,NA,NA,NA,NA,NA,NA,NA,NA,NA,NA,NA,2,3.692821503,NA,NA,NA,NA,NA,NA,NA,NA,NA,NA,NA,NA,260,NA,NA,NA,NA,NA,NA,NA,NA,NA,NA,NA,NA,13,14.29888248,0,79.2266922,0,0.000000000,1.566676736,0,0,19.20235252,627.6251221,-0.379291236,-985.7395576,415.010677,RufousTailedHawk,15
259,NA,0,NA,0,0,0,0,0,0,0,0,0,0,NA,140,NA,42,120,25,60,90,87,60,11,210,120,NA,10,NA,12,18,12,15,12,17,10,15,12,16,NA,2,NA,1,1,2,1,1,2,1,1,4,1,5.456321239,NA,3,NA,262,362,310,327,261,257,271,341,283,274,NA,2,NA,4,5,6,7,8,9,10,11,12,13,14.70733929,0.001050231,77.28862,0,0.000000000,0.102392025,0,0.221932381,22.17397308,384.6121216,2.186872959,-1045.739558,400.010677,RufousTailedHawk,15
260,NA,0,NA,NA,NA,NA,0,0,0,0,NA,NA,0,NA,120,NA,NA,NA,NA,60,60,90,10,NA,NA,5,NA,13,NA,NA,NA,NA,9,16,14,11,NA,NA,12,NA,2,NA,NA,NA,NA,1,2,8,1,NA,NA,1,5.456321239,NA,254,NA,NA,NA,NA,344,260,264,27,NA,NA,271,NA,2,NA,NA,NA,NA,7,8,9,10,NA,NA,13,14.70733929,0.001050231,77.28862,0,0.000000000,0.102392025,0,0.221932381,22.17397308,384.6121216,2.186872959,-1030.739558,400.010677,RufousTailedHawk,15
262,NA,NA,NA,NA,NA,NA,0,NA,0,NA,NA,NA,0,NA,NA,NA,NA,NA,NA,60,NA,30,NA,NA,NA,4,NA,NA,NA,NA,NA,NA,12,NA,12,NA,NA,NA,18,NA,NA,NA,NA,NA,NA,3,NA,2,NA,NA,NA,2,2.803004503,NA,NA,NA,NA,NA,NA,313,NA,270,NA,NA,NA,263,NA,NA,NA,NA,NA,NA,7,NA,9,NA,NA,NA,13,15.05486107,0,87.84109497,0,0.000000000,0.111251183,0,0,12.04695225,429.3792419,0.049710151,-1000.739558,400.010677,RufousTailedHawk,15
269,NA,0,NA,NA,0,NA,NA,0,0,0,NA,NA,0,NA,60,NA,NA,120,NA,NA,10,90,30,NA,NA,44,NA,8,NA,NA,18,NA,NA,11,10,12,NA,NA,17,NA,2,NA,NA,2,NA,NA,3,2,1,NA,NA,1,2.672928095,NA,3,NA,NA,259,NA,NA,252,25,263,NA,NA,263,NA,2,NA,NA,5,NA,NA,8,9,10,NA,NA,13,14.55125904,0,47.39267731,0,0.000000000,0.305701613,0,0.072530419,51.90505981,418.3806763,0.414387912,-1045.739558,385.010677,RufousTailedHawk,15
272,NA,NA,NA,NA,NA,NA,NA,NA,NA,NA,0,NA,NA,NA,NA,NA,NA,NA,NA,NA,NA,NA,NA,5,NA,NA,NA,NA,NA,NA,NA,NA,NA,NA,NA,NA,17,NA,NA,NA,NA,NA,NA,NA,NA,NA,NA,NA,NA,2,NA,NA,1.358445644,NA,NA,NA,NA,NA,NA,NA,NA,NA,NA,275,NA,NA,NA,NA,NA,NA,NA,NA,NA,NA,NA,NA,11,NA,NA,14.35459042,0,88.82953644,0,0.000000000,0.167867899,0,0,11.00575161,620.7068481,-0.996364295,-1000.739558,385.010677,RufousTailedHawk,15
278,NA,0,0,0,0,0,0,0,0,0,0,0,0,NA,80,60,26,165,60,120,90,30,100,120,37,9,NA,10,16,14,15,17,17,17,19,15,0,11,21,NA,2,2,3,2,1,2,2,1,2,1,1,1,1.556286812,NA,252,338,265,319,284,303,249,319,59,256,289,269,NA,2,3,4,5,6,7,8,9,10,11,12,13,15.09500217,0,26.39112854,0.731198072,0.006636899,2.578569412,0.821436286,2.613814116,46.51121902,153.7796936,-1.034766793,-1045.739558,370.010677,RufousTailedHawk,15
279,NA,NA,NA,NA,NA,NA,NA,0,NA,0,0,0,0,NA,NA,NA,NA,NA,NA,NA,45,NA,163,28,90,24,NA,NA,NA,NA,NA,NA,NA,11,NA,11,6,16,12,NA,NA,NA,NA,NA,NA,NA,1,NA,1,1,2,1,2.335527897,NA,NA,NA,NA,NA,NA,NA,260,NA,251,318,326,292,NA,NA,NA,NA,NA,NA,NA,8,NA,10,11,12,13,14.99083138,0,34.20267105,1.373820066,0.013054624,1.915355325,0.181090251,1.094439983,59.90452957,330.9836121,-0.205491751,-1030.739558,370.010677,RufousTailedHawk,15
280,NA,NA,NA,0,NA,NA,0,0,NA,0,NA,NA,0,NA,NA,NA,90,NA,NA,30,15,NA,6,NA,NA,22,NA,NA,NA,10,NA,NA,8,15,NA,12,NA,NA,12,NA,NA,NA,1,NA,NA,1,2,NA,3,NA,NA,1,2.558676004,NA,NA,NA,311,NA,NA,46,259,NA,7,NA,NA,249,NA,NA,NA,4,NA,NA,7,8,NA,10,NA,NA,13,14.64038563,0,43.18548203,6.456121922,0.000000000,3.120417356,0.441994995,1.622403264,44.42597198,477.1204529,1.171289086,-1015.739558,370.010677,RufousTailedHawk,15
281,NA,NA,NA,NA,NA,NA,NA,0,0,0,0,0,0,NA,NA,NA,NA,NA,NA,NA,3,60,20,60,1,5,NA,NA,NA,NA,NA,NA,NA,7,11,15,9,23,14,NA,NA,NA,NA,NA,NA,NA,1,1,2,2,1,2,2.003329754,NA,NA,NA,NA,NA,NA,NA,355,269,319,301,342,263,NA,NA,NA,NA,NA,NA,NA,8,9,10,11,12,13,14.39470482,0,57.21393585,2.345649004,0.000000000,2.035067081,0.246325314,1.258459449,29.27852821,598.1240845,0.322478026,-1000.739558,370.010677,RufousTailedHawk,15
287,NA,NA,NA,NA,NA,NA,NA,NA,NA,NA,0,NA,0,NA,NA,NA,NA,NA,NA,NA,NA,NA,NA,2,NA,15,NA,NA,NA,NA,NA,NA,NA,NA,NA,NA,13,NA,10,NA,NA,NA,NA,NA,NA,NA,NA,NA,NA,1,NA,1,1.841008782,NA,NA,NA,NA,NA,NA,NA,NA,NA,NA,341,NA,256,NA,NA,NA,NA,NA,NA,NA,NA,NA,NA,11,NA,13,14.76070213,0.002520536,25.96824646,0,0.000000000,0.961888075,0,1.252182722,61.8144989,284.5771179,-0.589911997,-1045.739558,355.010677,RufousTailedHawk,15
288,NA,NA,NA,NA,NA,0,NA,0,NA,NA,NA,NA,0,NA,NA,NA,NA,NA,15,NA,31,NA,NA,NA,NA,23,NA,NA,NA,NA,NA,16,NA,13,NA,NA,NA,NA,16,NA,NA,NA,NA,NA,1,NA,2,NA,NA,NA,NA,2,3.672064304,NA,NA,NA,NA,NA,270,NA,261,NA,NA,NA,NA,275,NA,NA,NA,NA,NA,6,NA,8,NA,NA,NA,NA,13,13.42309093,0,33.97218323,0,0.000000000,2.00788188,0,0.230104685,63.79375458,758.4920044,0.137388259,-1030.739558,355.010677,RufousTailedHawk,15
289,NA,NA,NA,NA,NA,NA,NA,0,NA,NA,NA,0,0,NA,NA,NA,NA,NA,NA,NA,225,NA,NA,NA,8,15,NA,NA,NA,NA,NA,NA,NA,11,NA,NA,NA,12,17,NA,NA,NA,NA,NA,NA,NA,3,NA,NA,NA,1,1,4.125229359,NA,NA,NA,NA,NA,NA,NA,346,NA,NA,NA,48,265,NA,NA,NA,NA,NA,NA,NA,8,NA,NA,NA,12,13,14.03458786,0,50.96920776,0.494850069,0.000000000,1.564480066,0.044777714,0.190137446,46.71094513,654.9558105,0.757281661,-1015.739558,355.010677,RufousTailedHawk,15
290,NA,NA,0,NA,NA,NA,0,0,NA,NA,0,0,0,NA,NA,90,NA,NA,NA,120,16,NA,NA,1,26,3,NA,NA,18,NA,NA,NA,8,11,NA,NA,14,8,9,NA,NA,3,NA,NA,NA,2,2,NA,NA,1,1,1,1.88570869,NA,NA,289,NA,NA,NA,283,245,NA,NA,274,317,273,NA,NA,3,NA,NA,NA,7,8,NA,NA,11,12,13,14.42380714,0,55.83213043,1.647597551,0.046822537,2.468219757,0.024562383,0.370985299,36.70895386,608.0849609,-0.210126564,-1000.739558,355.010677,RufousTailedHawk,15
291,NA,NA,NA,NA,0,NA,0,NA,NA,NA,0,0,0,NA,NA,NA,NA,20,NA,5,NA,NA,NA,15,8,20,NA,NA,NA,NA,11,NA,19,NA,NA,NA,17,12,8,NA,NA,NA,NA,2,NA,4,NA,NA,NA,1,1,1,2.30451417,NA,NA,NA,NA,258,NA,296,NA,NA,NA,292,316,273,NA,NA,NA,NA,5,NA,7,NA,NA,NA,11,12,13,13.00348186,0.002492667,40.30307388,0.083784491,0.000000000,1.593706846,0,0.069643602,57.95197678,996.7954102,-3.724414349,-985.7395576,355.010677,RufousTailedHawk,15
292,NA,NA,NA,NA,NA,NA,NA,0,NA,NA,NA,NA,NA,NA,NA,NA,NA,NA,NA,NA,3,NA,NA,NA,NA,NA,NA,NA,NA,NA,NA,NA,NA,9,NA,NA,NA,NA,NA,NA,NA,NA,NA,NA,NA,NA,1,NA,NA,NA,NA,NA,3.361213684,NA,NA,NA,NA,NA,NA,NA,258,NA,NA,NA,NA,NA,NA,NA,NA,NA,NA,NA,NA,8,NA,NA,NA,NA,NA,9.217960358,1.924951673,43.8814888,0,0.000000000,2.874773979,0,0,52.8988266,2079.303467,5.087973118,-970.7395576,355.010677,RufousTailedHawk,15
297,NA,NA,NA,NA,NA,NA,NA,NA,NA,NA,NA,NA,0,NA,NA,NA,NA,NA,NA,NA,NA,NA,NA,NA,NA,12,NA,NA,NA,NA,NA,NA,NA,NA,NA,NA,NA,NA,14,NA,NA,NA,NA,NA,NA,NA,NA,NA,NA,NA,NA,2,2.159540892,NA,NA,NA,NA,NA,NA,NA,NA,NA,NA,NA,NA,311,NA,NA,NA,NA,NA,NA,NA,NA,NA,NA,NA,NA,13,13.71896744,0.005118669,25.35710144,0,0.000000000,0.890980959,0,0.609495401,69.70589447,596.4298096,0.901104629,-1045.739558,340.010677,RufousTailedHawk,15
298,NA,NA,NA,NA,NA,NA,NA,NA,NA,NA,NA,NA,0,NA,NA,NA,NA,NA,NA,NA,NA,NA,NA,NA,NA,9,NA,NA,NA,NA,NA,NA,NA,NA,NA,NA,NA,NA,17,NA,NA,NA,NA,NA,NA,NA,NA,NA,NA,NA,NA,1,3.752228022,NA,NA,NA,NA,NA,NA,NA,NA,NA,NA,NA,NA,284,NA,NA,NA,NA,NA,NA,NA,NA,NA,NA,NA,NA,13,12.18116474,0,40.87444687,0,0.000000000,4.060285091,0,0,55.10573578,1119.531372,1.81269753,-1030.739558,340.010677,RufousTailedHawk,15
300,NA,NA,NA,NA,NA,NA,NA,NA,NA,NA,NA,NA,0,NA,NA,NA,NA,NA,NA,NA,NA,NA,NA,NA,NA,2,NA,NA,NA,NA,NA,NA,NA,NA,NA,NA,NA,NA,16,NA,NA,NA,NA,NA,NA,NA,NA,NA,NA,NA,NA,2,3.094105005,NA,NA,NA,NA,NA,NA,NA,NA,NA,NA,NA,NA,2,NA,NA,NA,NA,NA,NA,NA,NA,NA,NA,NA,NA,13,12.95053577,0,44.61751938,0,0.000000000,2.507713795,0,0.103503086,52.76211929,993.4569702,0.820565045,-1000.739558,340.010677,RufousTailedHawk,15
302,NA,NA,NA,NA,0,NA,0,NA,NA,NA,NA,0,0,NA,NA,NA,NA,60,NA,90,NA,NA,NA,NA,19,9,NA,NA,NA,NA,12,NA,21,NA,NA,NA,NA,15,13,NA,NA,NA,NA,2,NA,4,NA,NA,NA,NA,2,1,2.13969636,NA,NA,NA,NA,258,NA,296,NA,NA,NA,NA,47,337,NA,NA,NA,NA,5,NA,7,NA,NA,NA,NA,12,13,11.24259186,0.433258265,47.82067871,0.506967783,0.000000000,2.014439821,0,0.072502039,48.89009857,1522.760864,-2.534573078,-970.7395576,340.010677,RufousTailedHawk,15
305,NA,NA,NA,NA,NA,NA,NA,0,NA,NA,0,0,0,NA,NA,NA,NA,NA,NA,NA,1,NA,NA,78,15,14,NA,NA,NA,NA,NA,NA,NA,17,NA,NA,18,17,16,NA,NA,NA,NA,NA,NA,NA,2,NA,NA,1,2,2,2.366605282,NA,NA,NA,NA,NA,NA,NA,261,NA,NA,50,292,295,NA,NA,NA,NA,NA,NA,NA,8,NA,NA,11,12,13,15.14809608,0,27.21103859,0,0.000000000,3.886602879,0,3.440236807,41.96960068,142.7154694,0.028203404,-1060.739558,325.010677,RufousTailedHawk,15
307,NA,NA,NA,NA,NA,NA,NA,NA,NA,NA,NA,NA,0,NA,NA,NA,NA,NA,NA,NA,NA,NA,NA,NA,NA,25,NA,NA,NA,NA,NA,NA,NA,NA,NA,NA,NA,NA,17,NA,NA,NA,NA,NA,NA,NA,NA,NA,NA,NA,NA,2,2.464005232,NA,NA,NA,NA,NA,NA,NA,NA,NA,NA,NA,NA,265,NA,NA,NA,NA,NA,NA,NA,NA,NA,NA,NA,NA,13,12.26966572,0,40.61867905,0,0.000000000,1.17788744,0,0,58.22479248,1088.853271,4.63820076,-1030.739558,325.010677,RufousTailedHawk,15
308,NA,NA,NA,0,NA,0,NA,NA,NA,0,NA,0,0,NA,NA,NA,10,NA,180,NA,NA,NA,10,NA,4,7,NA,NA,NA,9,NA,9,NA,NA,NA,12,NA,11,18,NA,NA,NA,1,NA,2,NA,NA,NA,5,NA,1,2,2.704564095,NA,NA,NA,48,NA,47,NA,NA,NA,265,NA,327,287,NA,NA,NA,4,NA,6,NA,NA,NA,10,NA,12,13,13.05370045,0,66.84505463,0,0.000000000,0.370842814,0,0.113494821,32.63284683,937.9989014,-2.069326162,-1015.739558,325.010677,RufousTailedHawk,15
309,NA,NA,NA,NA,NA,NA,NA,0,NA,NA,NA,0,NA,NA,NA,NA,NA,NA,NA,NA,1,NA,NA,NA,36,NA,NA,NA,NA,NA,NA,NA,NA,11,NA,NA,NA,12,NA,NA,NA,NA,NA,NA,NA,NA,1,NA,NA,NA,1,NA,1.960669398,NA,NA,NA,NA,NA,NA,NA,354,NA,NA,NA,278,NA,NA,NA,NA,NA,NA,NA,NA,8,NA,NA,NA,12,NA,12.81768894,0,65.09194183,0,0.000000000,1.309084773,0,0.168630943,33.36010742,1060.330811,-1.774712443,-1000.739558,325.010677,RufousTailedHawk,15
311,NA,NA,NA,NA,0,NA,0,0,NA,NA,NA,NA,0,NA,NA,NA,NA,180,NA,7,20,NA,NA,NA,NA,54,NA,NA,NA,NA,17,NA,12,10,NA,NA,NA,NA,18,NA,NA,NA,NA,2,NA,4,1,NA,NA,NA,NA,2,2.702330828,NA,NA,NA,NA,258,NA,297,305,NA,NA,NA,NA,274,NA,NA,NA,NA,5,NA,7,8,NA,NA,NA,NA,13,8.947257042,2.853230238,44.39211655,0,0.041460570,2.410077572,0,0,52.72354889,2153.714111,2.814449072,-970.7395576,325.010677,RufousTailedHawk,15
312,NA,NA,NA,NA,0,NA,NA,0,NA,NA,NA,NA,0,NA,NA,NA,NA,60,NA,NA,60,NA,NA,NA,NA,15,NA,NA,NA,NA,13,NA,NA,9,NA,NA,NA,NA,19,NA,NA,NA,NA,2,NA,NA,4,NA,NA,NA,NA,2,3.98592639,NA,NA,NA,NA,259,NA,NA,32,NA,NA,NA,NA,1,NA,NA,NA,NA,5,NA,NA,8,NA,NA,NA,NA,13,9.146822929,4.237483025,55.15147781,1.537227392,0.000000000,1.986868143,0,0.012043792,41.2493515,2151.655273,-1.45384419,-955.7395576,325.010677,RufousTailedHawk,15
313,NA,NA,NA,NA,NA,0,0,0,NA,NA,NA,0,0,NA,NA,NA,NA,NA,60,120,120,NA,NA,NA,120,120,NA,NA,NA,NA,NA,15,13,9,NA,NA,NA,12,9,NA,NA,NA,NA,NA,4,1,1,NA,NA,NA,7,4,3.008070707,NA,NA,NA,NA,NA,262,49,343,NA,NA,NA,363,359,NA,NA,NA,NA,NA,6,7,8,NA,NA,NA,12,13,15.24586105,0,25.48844719,0,0.000000000,4.653811932,0.004038351,2.651157856,59.69655991,143.6716156,-0.112528317,-1075.739558,310.010677,RufousTailedHawk,15
314,NA,NA,NA,NA,NA,NA,NA,NA,NA,NA,0,NA,NA,NA,NA,NA,NA,NA,NA,NA,NA,NA,NA,82,NA,NA,NA,NA,NA,NA,NA,NA,NA,NA,NA,NA,8,NA,NA,NA,NA,NA,NA,NA,NA,NA,NA,NA,NA,1,NA,NA,3.008070707,NA,NA,NA,NA,NA,NA,NA,NA,NA,NA,51,NA,NA,NA,NA,NA,NA,NA,NA,NA,NA,NA,NA,11,NA,NA,15.24586105,0,25.48844719,0,0.000000000,4.653811932,0.004038351,2.651157856,59.69655991,143.6716156,-0.112528317,-1060.739558,310.010677,RufousTailedHawk,15
315,NA,NA,NA,NA,NA,NA,NA,NA,NA,NA,NA,0,0,NA,NA,NA,NA,NA,NA,NA,NA,NA,NA,NA,15,5,NA,NA,NA,NA,NA,NA,NA,NA,NA,NA,NA,11,11,NA,NA,NA,NA,NA,NA,NA,NA,NA,NA,NA,2,1,3.740214109,NA,NA,NA,NA,NA,NA,NA,NA,NA,NA,NA,292,261,NA,NA,NA,NA,NA,NA,NA,NA,NA,NA,NA,12,13,14.34623146,0,42.37672806,0,0.000000000,2.451564074,0,0.005394403,55.16365051,456.3727112,-0.95051837,-1045.739558,310.010677,RufousTailedHawk,15
316,NA,NA,NA,NA,NA,NA,NA,NA,NA,NA,NA,0,NA,NA,NA,NA,NA,NA,NA,NA,NA,NA,NA,NA,10,NA,NA,NA,NA,NA,NA,NA,NA,NA,NA,NA,NA,11,NA,NA,NA,NA,NA,NA,NA,NA,NA,NA,NA,NA,2,NA,2.064875126,NA,NA,NA,NA,NA,NA,NA,NA,NA,NA,NA,278,NA,NA,NA,NA,NA,NA,NA,NA,NA,NA,NA,NA,12,NA,13.0480938,0,49.82627106,0,0.000000000,1.463894129,0,0,48.70956039,854.0430908,1.327489853,-1030.739558,310.010677,RufousTailedHawk,15
317,NA,NA,NA,NA,NA,NA,NA,0,NA,0,NA,0,0,NA,NA,NA,NA,NA,NA,NA,150,NA,5,NA,40,15,NA,NA,NA,NA,NA,NA,NA,14,NA,10,NA,15,11,NA,NA,NA,NA,NA,NA,NA,2,NA,1,NA,2,1,2.259555817,NA,NA,NA,NA,NA,NA,NA,245,NA,248,NA,278,283,NA,NA,NA,NA,NA,NA,NA,8,NA,10,NA,12,13,13.32574558,0,73.44818878,0,0.000000000,0.295400381,0,2.626988888,23.55558014,856.2489624,-2.541232109,-1015.739558,310.010677,RufousTailedHawk,15
318,NA,NA,NA,NA,NA,NA,NA,NA,NA,0,NA,NA,NA,NA,NA,NA,NA,NA,NA,NA,NA,NA,4,NA,NA,NA,NA,NA,NA,NA,NA,NA,NA,NA,NA,8,NA,NA,NA,NA,NA,NA,NA,NA,NA,NA,NA,NA,1,NA,NA,NA,3.85395813,NA,NA,NA,NA,NA,NA,NA,NA,NA,248,NA,NA,NA,NA,NA,NA,NA,NA,NA,NA,NA,NA,10,NA,NA,NA,12.46242523,0.004619888,70.53810883,0,0.000000000,0.784846008,0,0.368577302,28.23931313,1158.533569,-0.616039157,-1000.739558,310.010677,RufousTailedHawk,15
319,NA,NA,NA,NA,NA,NA,0,NA,NA,NA,NA,NA,NA,NA,NA,NA,NA,NA,NA,30,NA,NA,NA,NA,NA,NA,NA,NA,NA,NA,NA,NA,3,NA,NA,NA,NA,NA,NA,NA,NA,NA,NA,NA,NA,1,NA,NA,NA,NA,NA,NA,3.697259665,NA,NA,NA,NA,NA,NA,348,NA,NA,NA,NA,NA,NA,NA,NA,NA,NA,NA,NA,7,NA,NA,NA,NA,NA,NA,9.28912735,1.184325933,44.85493088,0,0.000000000,3.907160997,0,0,51.13890457,2012.684326,1.710446239,-985.7395576,310.010677,RufousTailedHawk,15
320,NA,NA,NA,NA,NA,NA,NA,NA,NA,NA,NA,NA,0,NA,NA,NA,NA,NA,NA,NA,NA,NA,NA,NA,NA,10,NA,NA,NA,NA,NA,NA,NA,NA,NA,NA,NA,NA,11,NA,NA,NA,NA,NA,NA,NA,NA,NA,NA,NA,NA,1,2.449808121,NA,NA,NA,NA,NA,NA,NA,NA,NA,NA,NA,NA,328,NA,NA,NA,NA,NA,NA,NA,NA,NA,NA,NA,NA,13,7.864911556,4.076495647,40.26395035,0,0.000000000,3.692453384,0,0.003745178,55.95944595,2391.986572,0.179766491,-970.7395576,310.010677,RufousTailedHawk,15
322,NA,NA,0,0,0,0,0,0,0,0,NA,0,0,NA,NA,45,210,150,60,30,135,45,45,NA,127,3,NA,NA,16,13,16,13,12,16,16,18,NA,19,11,NA,NA,2,2,3,4,1,2,1,2,NA,1,1,4.011712074,NA,NA,41,262,340,262,257,249,265,305,NA,350,300,NA,NA,3,4,5,6,7,8,9,10,NA,12,13,15.45304489,0,50.35675812,0,0.000000000,0.971068084,0.291562885,2.477991581,36.7950058,77.36412811,-0.494812131,-1060.739558,295.010677,RufousTailedHawk,15
325,NA,NA,NA,NA,NA,NA,0,NA,NA,NA,0,0,0,NA,NA,NA,NA,NA,NA,15,NA,NA,NA,45,37,2,NA,NA,NA,NA,NA,NA,9,NA,NA,NA,18,11,0,NA,NA,NA,NA,NA,NA,1,NA,NA,NA,1,1,1,2.219280958,NA,NA,NA,NA,NA,NA,33,NA,NA,NA,337,27,258,NA,NA,NA,NA,NA,NA,7,NA,NA,NA,11,12,13,12.22360611,0,56.74343491,0,0.000000000,1.197099805,0,1.881152272,40.09509277,1173.96582,1.954864264,-1015.739558,295.010677,RufousTailedHawk,15
326,NA,NA,NA,NA,NA,NA,NA,NA,NA,0,NA,NA,NA,NA,NA,NA,NA,NA,NA,NA,NA,NA,10,NA,NA,NA,NA,NA,NA,NA,NA,NA,NA,NA,NA,17,NA,NA,NA,NA,NA,NA,NA,NA,NA,NA,NA,NA,1,NA,NA,NA,2.229328632,NA,NA,NA,NA,NA,NA,NA,NA,NA,250,NA,NA,NA,NA,NA,NA,NA,NA,NA,NA,NA,NA,10,NA,NA,NA,12.35440922,2.46092895395122e-05,61.66513062,0,0.000000000,1.11267674,0,0.72511518,36.38871384,1194.165649,-1.454291582,-1000.739558,295.010677,RufousTailedHawk,15
330,NA,NA,NA,0,0,NA,NA,0,0,0,NA,0,0,NA,NA,NA,25,60,NA,NA,60,20,120,NA,78,30,NA,NA,NA,8,8,NA,NA,17,19,9,NA,20,18,NA,NA,NA,1,1,NA,NA,2,1,3,NA,2,1,4.011712074,NA,NA,NA,261,292,NA,NA,251,46,21,NA,302,2,NA,NA,NA,4,5,NA,NA,8,9,10,NA,12,13,15.45304489,0,50.35675812,0,0.000000000,0.971068084,0.291562885,2.477991581,36.7950058,77.36412811,-0.494812131,-1060.739558,280.010677,RufousTailedHawk,15
331,NA,NA,NA,NA,NA,0,0,NA,0,NA,NA,NA,0,NA,NA,NA,NA,NA,90,60,NA,10,NA,NA,NA,4,NA,NA,NA,NA,NA,11,14,NA,19,NA,NA,NA,9,NA,NA,NA,NA,NA,4,1,NA,2,NA,NA,NA,4,2.5179317,NA,NA,NA,NA,NA,263,34,NA,279,NA,NA,NA,276,NA,NA,NA,NA,NA,6,7,NA,9,NA,NA,NA,13,15.31686878,0,43.4057579,0,0.000000000,2.357236624,0,0.393465579,53.04584122,168.6529541,-3.588216066,-1045.739558,280.010677,RufousTailedHawk,15
332,NA,NA,NA,NA,NA,NA,NA,0,NA,0,NA,NA,0,NA,NA,NA,NA,NA,NA,NA,150,NA,39,NA,NA,15,NA,NA,NA,NA,NA,NA,NA,10,NA,17,NA,NA,11,NA,NA,NA,NA,NA,NA,NA,2,NA,1,NA,NA,1,4.880723476,NA,NA,NA,NA,NA,NA,NA,271,NA,51,NA,NA,266,NA,NA,NA,NA,NA,NA,NA,8,NA,10,NA,NA,13,13.13808155,0,31.12636757,0,0.000000000,2.013143778,0,0.031705461,66.85107422,810.7271729,2.334406853,-1030.739558,280.010677,RufousTailedHawk,15
333,NA,NA,NA,0,NA,NA,NA,0,0,NA,0,0,0,NA,NA,NA,120,NA,NA,NA,8,45,NA,8,29,35,NA,NA,NA,10,NA,NA,NA,19,13,NA,15,10,10,NA,NA,NA,2,NA,NA,NA,1,3,NA,1,2,2,3.687891245,NA,NA,NA,345,NA,NA,NA,266,56,NA,313,267,298,NA,NA,NA,4,NA,NA,NA,8,9,NA,11,12,13,13.2737236,0,45.86592102,0,0.000000000,0.975702882,0,0,53.16906738,868.3320313,-2.873790503,-1015.739558,280.010677,RufousTailedHawk,15
335,NA,NA,NA,NA,NA,NA,NA,NA,NA,0,NA,NA,0,NA,NA,NA,NA,NA,NA,NA,NA,NA,30,NA,NA,75,NA,NA,NA,NA,NA,NA,NA,NA,NA,17,NA,NA,19,NA,NA,NA,NA,NA,NA,NA,NA,NA,1,NA,NA,1,7.849220276,NA,NA,NA,NA,NA,NA,NA,NA,NA,51,NA,NA,14,NA,NA,NA,NA,NA,NA,NA,NA,NA,10,NA,NA,13,8.882493019,1.719553828,44.20643616,0,0.000000000,4.415990353,0,0,51.38558197,2082.39502,-0.480273813,-985.7395576,280.010677,RufousTailedHawk,15
337,NA,NA,NA,NA,NA,NA,NA,0,NA,0,0,NA,0,NA,NA,NA,NA,NA,NA,NA,55,NA,35,34,NA,25,NA,NA,NA,NA,NA,NA,NA,11,NA,13,14,NA,14,NA,NA,NA,NA,NA,NA,NA,1,NA,2,2,NA,4,1.714132905,NA,NA,NA,NA,NA,NA,NA,280,NA,263,24,NA,253,NA,NA,NA,NA,NA,NA,NA,8,NA,10,11,NA,13,14.65232754,0,25.80487633,0,0.000000000,1.347694516,0.041809775,2.280999422,68.16424561,267.6946106,-0.761770248,-1045.739558,265.010677,RufousTailedHawk,15
338,NA,NA,NA,0,NA,NA,NA,0,NA,0,0,NA,0,NA,NA,NA,140,NA,NA,NA,45,NA,10,3,NA,8,NA,NA,NA,10,NA,NA,NA,9,NA,16,10,NA,9,NA,NA,NA,2,NA,NA,NA,1,NA,4,2,NA,2,2.391293764,NA,NA,NA,338,NA,NA,NA,280,NA,292,21,NA,246,NA,NA,NA,4,NA,NA,NA,8,NA,10,11,NA,13,14.21760654,0,35.67413712,0,0.000000000,5.202112198,0,0,59.10689926,477.7664185,-1.250973225,-1030.739558,265.010677,RufousTailedHawk,15
339,NA,NA,NA,NA,NA,0,NA,NA,NA,0,NA,0,0,NA,NA,NA,NA,NA,10,NA,NA,NA,122,NA,28,10,NA,NA,NA,NA,NA,9,NA,NA,NA,9,NA,13,15,NA,NA,NA,NA,NA,2,NA,NA,NA,1,NA,2,1,1.65178299,NA,NA,NA,NA,NA,30,NA,NA,NA,49,NA,15,270,NA,NA,NA,NA,NA,6,NA,NA,NA,10,NA,12,13,13.80599213,0,33.97003937,0,0.000000000,2.388832808,0,0,63.35884094,690.6908569,-3.298687696,-1015.739558,265.010677,RufousTailedHawk,15
340,NA,NA,NA,NA,NA,0,0,0,0,0,NA,0,0,NA,NA,NA,NA,NA,45,15,30,45,120,NA,20,14,NA,NA,NA,NA,NA,9,16,13,14,10,NA,11,11,NA,NA,NA,NA,NA,1,3,2,2,4,NA,2,2,1.751243949,NA,NA,NA,NA,NA,304,7,322,307,292,NA,15,274,NA,NA,NA,NA,NA,6,7,8,9,10,NA,12,13,12.64230442,0.013595495,39.27907181,0,0.000000000,2.866110325,0,0,57.84711075,1107.074707,0.6889624,-1000.739558,265.010677,RufousTailedHawk,15
341,NA,0,NA,0,NA,0,0,0,0,0,NA,NA,0,NA,180,NA,210,NA,20,10,20,45,38,NA,NA,26,NA,9,NA,9,NA,11,17,7,16,12,NA,NA,10,NA,3,NA,2,NA,1,3,1,2,2,NA,NA,1,3.691797256,NA,320,NA,327,NA,304,7,287,307,292,NA,NA,270,NA,2,NA,4,NA,6,7,8,9,10,NA,NA,13,9.220453262,1.735452175,38.7459259,0,0.000000000,5.045245647,0,0,56.20158005,1995.967041,-0.617385328,-985.7395576,265.010677,RufousTailedHawk,15
342,NA,NA,NA,NA,NA,0,0,0,0,NA,NA,0,0,NA,NA,NA,NA,NA,75,20,40,60,NA,NA,39,139,NA,NA,NA,NA,NA,9,17,9,18,NA,NA,9,7,NA,NA,NA,NA,NA,1,3,1,2,NA,NA,2,2,12.30609894,NA,NA,NA,NA,NA,311,7,287,307,NA,NA,57,365,NA,NA,NA,NA,NA,6,7,8,9,NA,NA,12,13,3.865665913,10.67413425,46.28286743,0.012509324,0.000000000,4.058558464,0.054356989,0.230038762,49.04876709,3233.856689,2.441906691,-970.7395576,265.010677,RufousTailedHawk,15
343,NA,NA,NA,NA,NA,0,0,0,0,0,0,0,0,NA,NA,NA,NA,NA,40,100,90,135,90,17,11,15,NA,NA,NA,NA,NA,15,12,11,11,18,19,17,13,NA,NA,NA,NA,NA,2,1,1,3,2,1,1,2,1.714132905,NA,NA,NA,NA,NA,284,49,300,300,262,330,317,49,NA,NA,NA,NA,NA,6,7,8,9,10,11,12,13,14.65232754,0,25.80487633,0,0.000000000,1.347694516,0.041809775,2.280999422,68.16424561,267.6946106,-0.761770248,-1045.739558,250.010677,RufousTailedHawk,15
344,NA,NA,NA,0,NA,NA,NA,0,NA,NA,NA,0,NA,NA,NA,NA,100,NA,NA,NA,1,NA,NA,NA,155,NA,NA,NA,NA,10,NA,NA,NA,15,NA,NA,NA,11,NA,NA,NA,NA,2,NA,NA,NA,1,NA,NA,NA,1,NA,2.040671587,NA,NA,NA,22,NA,NA,NA,352,NA,NA,NA,11,NA,NA,NA,NA,4,NA,NA,NA,8,NA,NA,NA,12,NA,13.06832027,0,30.3066864,0,0.000000000,5.805549622,0,0.092936411,63.78817368,803.2756958,2.109722137,-1030.739558,250.010677,RufousTailedHawk,15
347,NA,NA,NA,0,NA,NA,NA,NA,NA,NA,NA,NA,NA,NA,NA,NA,180,NA,NA,NA,NA,NA,NA,NA,NA,NA,NA,NA,NA,14,NA,NA,NA,NA,NA,NA,NA,NA,NA,NA,NA,NA,2,NA,NA,NA,NA,NA,NA,NA,NA,NA,8.937289238,NA,NA,NA,314,NA,NA,NA,NA,NA,NA,NA,NA,NA,NA,NA,NA,4,NA,NA,NA,NA,NA,NA,NA,NA,NA,9.277658463,1.738680005,37.96815872,0,0.000000000,5.639275074,0,0,56.43043518,1974.262695,2.063113928,-985.7395576,250.010677,RufousTailedHawk,15
348,NA,NA,NA,NA,NA,NA,0,0,NA,0,NA,0,0,NA,NA,NA,NA,NA,NA,75,26,NA,15,NA,180,60,NA,NA,NA,NA,NA,NA,17,14,NA,15,NA,8,11,NA,NA,NA,NA,NA,NA,1,2,NA,4,NA,9,1,16.04821205,NA,NA,NA,NA,NA,NA,305,27,NA,292,NA,282,301,NA,NA,NA,NA,NA,NA,7,8,NA,10,NA,12,13,4.349885941,9.74541378,43.92388153,0,0.000000000,4.417172432,0.002886008,0.402348459,51.23504257,3099.168945,1.12465477,-970.7395576,250.010677,RufousTailedHawk,15
350,NA,NA,0,NA,0,0,0,0,0,0,0,0,0,NA,NA,120,NA,90,270,135,30,140,36,30,55,15,NA,NA,9,NA,16,10,12,11,16,15,15,9,15,NA,NA,2,NA,2,10,1,2,2,1,1,4,1,2.833152294,NA,NA,287,NA,247,285,343,355,28,249,340,6,281,NA,NA,3,NA,5,6,7,8,9,10,11,12,13,13.36461258,0,31.10067368,0,0.000000000,3.94568038,0,0.584374011,63.98368454,692.171936,1.711998105,-1045.739558,235.010677,RufousTailedHawk,15
351,NA,NA,NA,NA,NA,0,0,0,NA,0,0,0,0,NA,NA,NA,NA,NA,20,110,35,NA,165,53,74,50,NA,NA,NA,NA,NA,12,12,9,NA,15,14,18,17,NA,NA,NA,NA,NA,2,1,1,NA,2,1,2,1,2.833152294,NA,NA,NA,NA,NA,284,7,263,NA,341,306,359,281,NA,NA,NA,NA,NA,6,7,8,NA,10,11,12,13,13.36461258,0,31.10067368,0,0.000000000,3.94568038,0,0.584374011,63.98368454,692.171936,1.711998105,-1030.739558,235.010677,RufousTailedHawk,15
352,NA,NA,NA,NA,NA,NA,NA,NA,NA,NA,NA,NA,0,NA,NA,NA,NA,NA,NA,NA,NA,NA,NA,NA,NA,30,NA,NA,NA,NA,NA,NA,NA,NA,NA,NA,NA,NA,20,NA,NA,NA,NA,NA,NA,NA,NA,NA,NA,NA,NA,2,4.415447235,NA,NA,NA,NA,NA,NA,NA,NA,NA,NA,NA,NA,2,NA,NA,NA,NA,NA,NA,NA,NA,NA,NA,NA,NA,13,12.34916782,0,37.67167664,0,0.000000000,4.862375736,0,0,57.45205688,1105.759033,-0.06739904,-1015.739558,235.010677,RufousTailedHawk,15
357,NA,0,NA,NA,0,0,NA,0,0,NA,0,NA,0,NA,130,NA,NA,75,120,NA,60,63,NA,30,NA,48,NA,10,NA,NA,11,16,NA,16,8,NA,16,NA,17,NA,1,NA,NA,1,1,NA,1,1,NA,1,NA,2,3.366878748,NA,28,NA,NA,28,267,NA,46,41,NA,291,NA,266,NA,2,NA,NA,5,6,NA,8,9,NA,11,NA,13,14.18973637,0,26.40068817,0.01962403,0.000000000,5.475845814,0,0.854256928,65.73116302,441.1366577,1.029343605,-1045.739558,220.010677,RufousTailedHawk,15
358,0,0,0,0,0,0,0,0,0,0,0,0,0,120,90,60,60,110,120,30,40,50,120,115,21,198,11,8,8,10,8,13,17,18,13,19,18,12,8,1,1,2,2,2,10,3,2,1,1,1,1,1,3.366878748,362,302,264,251,300,283,305,287,288,352,331,257,294,1,2,3,4,5,6,7,8,9,10,11,12,13,14.18973637,0,26.40068817,0.01962403,0.000000000,5.475845814,0,0.854256928,65.73116302,441.1366577,1.029343605,-1030.739558,220.010677,RufousTailedHawk,15
359,NA,NA,NA,NA,NA,0,0,0,NA,0,NA,0,0,NA,NA,NA,NA,NA,40,70,300,NA,105,NA,31,10,NA,NA,NA,NA,NA,17,16,11,NA,11,NA,15,13,NA,NA,NA,NA,NA,1,1,2,NA,2,NA,1,1,4.086925507,NA,NA,NA,NA,NA,24,317,250,NA,313,NA,273,361,NA,NA,NA,NA,NA,6,7,8,NA,10,NA,12,13,13.5464201,0,28.54419708,0.007153612,0.000000000,4.752153397,0,0.002370499,66.69457245,741.8369751,-0.733629286,-1015.739558,220.010677,RufousTailedHawk,15
360,NA,NA,NA,NA,NA,NA,NA,0,NA,NA,NA,NA,NA,NA,NA,NA,NA,NA,NA,NA,25,NA,NA,NA,NA,NA,NA,NA,NA,NA,NA,NA,NA,19,NA,NA,NA,NA,NA,NA,NA,NA,NA,NA,NA,NA,1,NA,NA,NA,NA,NA,4.594548702,NA,NA,NA,NA,NA,NA,NA,20,NA,NA,NA,NA,NA,NA,NA,NA,NA,NA,NA,NA,8,NA,NA,NA,NA,NA,11.99764252,0.004776381,29.21027374,0,0.000000000,7.603943825,0,0.956644475,62.19194031,1308.068359,0.787785292,-1000.739558,220.010677,RufousTailedHawk,15
361,NA,NA,NA,NA,NA,NA,NA,0,NA,NA,0,NA,0,NA,NA,NA,NA,NA,NA,NA,195,NA,NA,25,NA,10,NA,NA,NA,NA,NA,NA,NA,11,NA,NA,11,NA,15,NA,NA,NA,NA,NA,NA,NA,1,NA,NA,1,NA,3,9.820244789,NA,NA,NA,NA,NA,NA,NA,20,NA,NA,31,NA,284,NA,NA,NA,NA,NA,NA,NA,8,NA,NA,11,NA,13,9.605083466,2.121714354,36.54554367,0,0.000000000,6.812401295,0,0.250456154,56.41309738,1903.797241,-2.133266211,-985.7395576,220.010677,RufousTailedHawk,15
362,NA,NA,NA,NA,NA,NA,NA,0,NA,NA,0,NA,NA,NA,NA,NA,NA,NA,NA,NA,25,NA,NA,11,NA,NA,NA,NA,NA,NA,NA,NA,NA,16,NA,NA,12,NA,NA,NA,NA,NA,NA,NA,NA,NA,1,NA,NA,2,NA,NA,7.421563625,NA,NA,NA,NA,NA,NA,NA,20,NA,NA,266,NA,NA,NA,NA,NA,NA,NA,NA,NA,8,NA,NA,11,NA,NA,7.428587914,5.543095589,43.19454956,0.194523335,0.000000000,5.141578197,0,0.731456339,50.70241165,2402.976563,3.213464499,-970.7395576,220.010677,RufousTailedHawk,15
363,NA,NA,NA,NA,NA,NA,NA,0,NA,0,0,0,NA,NA,NA,NA,NA,NA,NA,NA,50,NA,40,13,10,NA,NA,NA,NA,NA,NA,NA,NA,7,NA,9,16,8,NA,NA,NA,NA,NA,NA,NA,NA,2,NA,3,2,3,NA,2.796604395,NA,NA,NA,NA,NA,NA,NA,315,NA,292,267,33,NA,NA,NA,NA,NA,NA,NA,NA,8,NA,10,11,12,NA,7.281408787,7.924986839,56.48904037,0.274164826,0.000000000,2.424651384,0.142589688,0.218273059,39.48101807,2457.184082,-9.902620316,-955.7395576,220.010677,RufousTailedHawk,15
366,0,0,0,0,0,0,0,0,0,0,0,0,0,120,40,120,120,50,40,15,50,80,22,70,40,20,8,13,16,17,15,7,11,11,12,9,10,8,20,1,2,2,2,3,3,6,1,1,1,2,1,2,1.763082862,363,354,308,346,270,347,275,302,264,327,291,264,364,1,2,3,4,5,6,7,8,9,10,11,12,13,15.03009987,0.035964221,14.78824234,7.950535774,0.000000000,3.631453991,2.789097548,2.596573114,40.72153854,135.5868378,-2.500316381,-1045.739558,205.010677,RufousTailedHawk,15
367,0,0,0,0,0,0,0,0,0,0,0,0,0,45,110,180,2,10,30,300,10,10,150,12,119,86,11,8,8,13,10,8,9,13,13,8,18,11,16,1,2,3,1,3,1,2,1,1,2,1,1,1,1.763082862,318,320,312,278,337,293,260,306,279,328,256,266,334,1,2,3,4,5,6,7,8,9,10,11,12,13,15.03009987,0.035964221,14.78824234,7.950535774,0.000000000,3.631453991,2.789097548,2.596573114,40.72153854,135.5868378,-2.500316381,-1030.739558,205.010677,RufousTailedHawk,15
368,NA,NA,NA,0,0,0,0,NA,0,0,0,0,0,NA,NA,NA,30,15,15,15,NA,120,5,240,50,66,NA,NA,NA,17,17,8,8,NA,17,9,12,17,12,NA,NA,NA,1,1,1,1,NA,1,1,2,1,1,4.060846806,NA,NA,NA,54,306,325,342,NA,51,36,271,287,304,NA,NA,NA,4,5,6,7,NA,9,10,11,12,13,14.07352734,0,24.69760323,4.390939236,0.000000000,2.354962587,0.576849639,1.981150389,65.30133057,563.7171021,-0.791645765,-1015.739558,205.010677,RufousTailedHawk,15
369,NA,NA,NA,NA,0,0,0,0,0,0,0,0,0,NA,NA,NA,NA,105,10,165,53,90,7,62,20,8,NA,NA,NA,NA,9,14,10,17,12,14,13,17,17,NA,NA,NA,NA,1,2,1,1,1,1,4,1,1,3.152292728,NA,NA,NA,NA,284,24,324,249,48,31,331,275,332,NA,NA,NA,NA,5,6,7,8,9,10,11,12,13,13.41921997,0.002113302,30.97187042,0.146321639,0.000000000,2.520002604,0.002196241,0.052144568,65.89559174,911.135376,1.335396409,-1000.739558,205.010677,RufousTailedHawk,15
370,NA,NA,NA,NA,NA,NA,0,NA,NA,NA,NA,NA,NA,NA,NA,NA,NA,NA,NA,10,NA,NA,NA,NA,NA,NA,NA,NA,NA,NA,NA,NA,22,NA,NA,NA,NA,NA,NA,NA,NA,NA,NA,NA,NA,1,NA,NA,NA,NA,NA,NA,8.267953873,NA,NA,NA,NA,NA,NA,342,NA,NA,NA,NA,NA,NA,NA,NA,NA,NA,NA,NA,7,NA,NA,NA,NA,NA,NA,11.21809864,0.965016663,26.39834023,0.084824316,0.000000000,9.165305138,0,0.105046034,63.70396423,1534.723755,-0.606090724,-985.7395576,205.010677,RufousTailedHawk,15
371,NA,NA,NA,NA,NA,NA,0,0,0,0,0,0,0,NA,NA,NA,NA,NA,NA,30,5,5,10,190,30,20,NA,NA,NA,NA,NA,NA,11,18,16,9,7,13,18,NA,NA,NA,NA,NA,NA,1,1,1,1,2,1,1,3.538701773,NA,NA,NA,NA,NA,NA,295,353,265,264,348,266,336,NA,NA,NA,NA,NA,NA,7,8,9,10,11,12,13,9.531358719,3.329007149,37.81761932,1.779355049,0.000000000,4.258702755,0.010826452,0.745759606,54.82536316,1898.873169,1.873733401,-970.7395576,205.010677,RufousTailedHawk,15
373,NA,NA,NA,NA,NA,0,NA,NA,NA,NA,NA,NA,NA,NA,NA,NA,NA,NA,75,NA,NA,NA,NA,NA,NA,NA,NA,NA,NA,NA,NA,10,NA,NA,NA,NA,NA,NA,NA,NA,NA,NA,NA,NA,3,NA,NA,NA,NA,NA,NA,NA,2.860332727,NA,NA,NA,NA,NA,16,NA,NA,NA,NA,NA,NA,NA,NA,NA,NA,NA,NA,6,NA,NA,NA,NA,NA,NA,NA,5.665112972,12.85697269,76.85049438,0.024451362,0.000000000,0.339861304,0.068018198,0.099014983,21.9024601,2804.269531,-7.036085606,-940.7395576,205.010677,RufousTailedHawk,15
374,NA,NA,NA,NA,0,NA,0,NA,NA,NA,NA,NA,NA,NA,NA,NA,NA,60,NA,5,NA,NA,NA,NA,NA,NA,NA,NA,NA,NA,8,NA,20,NA,NA,NA,NA,NA,NA,NA,NA,NA,NA,6,NA,2,NA,NA,NA,NA,NA,NA,2.860332727,NA,NA,NA,NA,351,NA,284,NA,NA,NA,NA,NA,NA,NA,NA,NA,NA,5,NA,7,NA,NA,NA,NA,NA,NA,5.665112972,12.85697269,76.85049438,0.024451362,0.000000000,0.339861304,0.068018198,0.099014983,21.9024601,2804.269531,-7.036085606,-925.7395576,205.010677,RufousTailedHawk,15
375,NA,0,0,0,0,0,0,0,0,0,0,0,0,NA,120,60,20,120,120,20,12,75,10,44,44,30,NA,11,8,12,11,16,9,13,14,8,15,14,9,NA,1,3,1,1,2,1,2,2,1,1,1,1,3.581006765,NA,326,260,348,36,319,259,342,273,357,278,299,365,NA,2,3,4,5,6,7,8,9,10,11,12,13,14.52401543,0.026776871,9.734218597,14.65391159,0.000000000,5.643442631,1.348308682,1.472834945,63.8870163,339.2772827,3.144081354,-1045.739558,190.010677,RufousTailedHawk,15
376,NA,0,NA,0,0,0,0,0,0,0,0,0,0,NA,60,NA,5,5,30,120,45,120,60,37,4,2,NA,18,NA,19,15,18,16,11,12,19,18,12,17,NA,1,NA,1,2,1,1,2,1,1,2,1,2,3.581006765,NA,19,NA,349,247,256,264,275,266,355,292,286,281,NA,2,NA,4,5,6,7,8,9,10,11,12,13,14.52401543,0.026776871,9.734218597,14.65391159,0.000000000,5.643442631,1.348308682,1.472834945,63.8870163,339.2772827,3.144081354,-1030.739558,190.010677,RufousTailedHawk,15
377,NA,0,0,0,0,0,0,0,0,0,0,0,0,NA,165,5,40,5,90,60,45,31,20,13,61,20,NA,16,12,7,14,19,18,13,17,8,11,10,18,NA,1,1,1,1,1,5,1,1,1,1,2,1,4.332809448,NA,317,281,311,267,339,304,352,292,350,279,343,261,NA,2,3,4,5,6,7,8,9,10,11,12,13,13.98591232,0,26.50732231,2.728587151,0.000000000,6.567638397,0.316003323,1.754312634,61.9403801,584.7857056,-0.881908953,-1015.739558,190.010677,RufousTailedHawk,15
378,NA,NA,NA,NA,0,0,0,NA,0,0,NA,NA,0,NA,NA,NA,NA,70,180,60,NA,60,20,NA,NA,28,NA,NA,NA,NA,10,9,10,NA,13,16,NA,NA,9,NA,NA,NA,NA,2,1,3,NA,4,2,NA,NA,1,2.952646494,NA,NA,NA,NA,270,313,260,NA,46,253,NA,NA,19,NA,NA,NA,NA,5,6,7,NA,9,10,NA,NA,13,13.38581276,0,28.49005508,0.405378163,0.000000000,3.708693743,0.005569858,0.224700242,66.84117126,899.7555542,-1.559901118,-1000.739558,190.010677,RufousTailedHawk,15
379,NA,NA,0,NA,0,0,0,0,0,0,0,0,0,NA,NA,20,NA,20,60,12,10,15,86,50,103,18,NA,NA,9,NA,14,16,20,14,10,11,11,13,19,NA,NA,1,NA,1,2,1,1,1,1,1,1,1,1.694448113,NA,NA,51,NA,268,283,347,308,248,307,356,282,359,NA,NA,3,NA,5,6,7,8,9,10,11,12,13,13.66474724,0.081031248,27.4960289,3.200556993,0.000000000,7.069170475,0.042972941,0.312845618,59.06573868,932.9318237,-6.405202866,-985.7395576,190.010677,RufousTailedHawk,15
380,NA,NA,0,NA,NA,NA,0,0,NA,0,0,NA,0,NA,NA,30,NA,NA,NA,40,55,NA,50,76,NA,103,NA,NA,18,NA,NA,NA,13,15,NA,9,10,NA,10,NA,NA,2,NA,NA,NA,4,1,NA,3,1,NA,1,3.596857309,NA,NA,263,NA,NA,NA,283,310,NA,292,311,NA,268,NA,NA,3,NA,NA,NA,7,8,NA,10,11,NA,13,10.21217442,2.919366598,38.52817917,2.90461278,0.000000000,3.666094303,0,0.269651324,54.14795303,1774.149292,0.719591141,-970.7395576,190.010677,RufousTailedHawk,15
381,NA,NA,0,NA,0,0,NA,0,0,0,0,0,NA,NA,NA,60,NA,15,60,NA,21,60,20,60,20,NA,NA,NA,8,NA,12,7,NA,14,18,10,17,15,NA,NA,NA,2,NA,1,2,NA,1,2,2,2,1,NA,5.553489208,NA,NA,264,NA,255,44,NA,249,4,52,1,284,NA,NA,NA,3,NA,5,6,NA,8,9,10,11,12,NA,1.493436575,19.10328865,84.53051758,0.030097365,0.000000000,0.961992502,0,2.620966911,11.85241032,3618.600098,4.414291382,-955.7395576,190.010677,RufousTailedHawk,15
384,NA,0,NA,0,0,0,0,0,0,0,0,0,0,NA,130,NA,120,15,15,10,127,120,33,5,26,24,NA,11,NA,7,11,11,19,18,10,8,11,13,19,NA,1,NA,2,1,1,1,2,2,1,1,1,1,2.410665989,NA,324,NA,40,271,291,295,352,261,247,312,343,365,NA,2,NA,4,5,6,7,8,9,10,11,12,13,14.85229492,0,20.60782814,1.262578726,0.000000000,8.612654686,0.344174266,0.43651858,68.52045441,319.5522766,-2.740157127,-1045.739558,175.010677,RufousTailedHawk,15
385,NA,NA,NA,NA,NA,NA,0,0,0,NA,0,0,0,NA,NA,NA,NA,NA,NA,144,60,120,NA,100,47,5,NA,NA,NA,NA,NA,NA,9,11,12,NA,11,9,18,NA,NA,NA,NA,NA,NA,2,4,2,NA,1,1,1,2.410665989,NA,NA,NA,NA,NA,NA,294,3,293,NA,317,286,274,NA,NA,NA,NA,NA,NA,7,8,9,NA,11,12,13,14.85229492,0,20.60782814,1.262578726,0.000000000,8.612654686,0.344174266,0.43651858,68.52045441,319.5522766,-2.740157127,-1030.739558,175.010677,RufousTailedHawk,15
386,NA,NA,NA,NA,0,0,NA,NA,0,NA,NA,NA,0,NA,NA,NA,NA,7,120,NA,NA,20,NA,NA,NA,11,NA,NA,NA,NA,9,15,NA,NA,12,NA,NA,NA,11,NA,NA,NA,NA,1,8,NA,NA,1,NA,NA,NA,2,2.424431562,NA,NA,NA,NA,267,297,NA,NA,39,NA,NA,NA,7,NA,NA,NA,NA,5,6,NA,NA,9,NA,NA,NA,13,12.92038536,0,26.16514587,0,0.000000000,3.89600563,0,0.071833499,66.61677551,933.1565552,1.633963346,-1015.739558,175.010677,RufousTailedHawk,15
388,NA,NA,NA,NA,NA,0,NA,NA,NA,0,NA,NA,NA,NA,NA,NA,NA,NA,150,NA,NA,NA,60,NA,NA,NA,NA,NA,NA,NA,NA,14,NA,NA,NA,16,NA,NA,NA,NA,NA,NA,NA,NA,1,NA,NA,NA,2,NA,NA,NA,2.186901331,NA,NA,NA,NA,NA,58,NA,NA,NA,23,NA,NA,NA,NA,NA,NA,NA,NA,6,NA,NA,NA,10,NA,NA,NA,10.34547806,1.725665689,25.79184532,0,0.000000000,9.347943306,0,0.046086479,64.84713745,1704.963135,7.069191933,-985.7395576,175.010677,RufousTailedHawk,15
389,0,NA,0,NA,NA,NA,NA,NA,NA,NA,0,NA,NA,25,NA,20,NA,NA,NA,NA,NA,NA,NA,5,NA,NA,14,NA,12,NA,NA,NA,NA,NA,NA,NA,11,NA,NA,2,NA,2,NA,NA,NA,NA,NA,NA,NA,2,NA,NA,2.343500614,256,NA,263,NA,NA,NA,NA,NA,NA,NA,291,NA,NA,1,NA,3,NA,NA,NA,NA,NA,NA,NA,11,NA,NA,6.705847263,6.851656914,32.36427307,0.949766874,0.000000000,6.331384659,0,0.075664632,60.29821777,2530.544678,1.857244134,-970.7395576,175.010677,RufousTailedHawk,15
390,NA,NA,0,NA,NA,0,0,NA,NA,NA,0,NA,NA,NA,NA,90,NA,NA,60,45,NA,NA,NA,30,NA,NA,NA,NA,14,NA,NA,13,11,NA,NA,NA,18,NA,NA,NA,NA,2,NA,NA,1,1,NA,NA,NA,1,NA,NA,3.350743532,NA,NA,263,NA,NA,277,260,NA,NA,NA,365,NA,NA,NA,NA,3,NA,NA,6,7,NA,NA,NA,11,NA,NA,5.34949255,10.50119114,58.63101959,1.590065122,0.000000000,2.892132998,0.062731437,0.279196084,36.45346451,2761.476318,-1.956830502,-955.7395576,175.010677,RufousTailedHawk,15
394,NA,0,0,0,0,0,0,0,0,0,0,0,0,NA,30,60,60,65,30,25,20,60,5,56,11,33,NA,11,17,11,11,18,17,9,16,17,15,12,12,NA,6,2,2,1,1,2,1,2,1,1,1,1,1.333810449,NA,49,362,352,364,285,251,354,321,325,328,278,263,NA,2,3,4,5,6,7,8,9,10,11,12,13,15.76668072,0,16.73429298,0.134251654,0.000000000,10.98012161,0,1.905902863,68.80006409,152.8531494,-0.796483397,-1060.739558,160.010677,RufousTailedHawk,15
395,0,0,0,0,0,0,0,0,0,0,0,0,0,180,60,120,60,60,45,180,45,10,240,97,285,70,8,10,10,10,12,19,15,17,15,8,11,7,18,1,5,1,2,1,1,1,1,1,2,1,1,1,1.333810449,361,49,26,352,363,313,318,308,259,338,291,302,343,1,2,3,4,5,6,7,8,9,10,11,12,13,15.76668072,0,16.73429298,0.134251654,0.000000000,10.98012161,0,1.905902863,68.80006409,152.8531494,-0.796483397,-1045.739558,160.010677,RufousTailedHawk,15
396,NA,NA,NA,NA,NA,NA,NA,NA,NA,NA,NA,0,NA,NA,NA,NA,NA,NA,NA,NA,NA,NA,NA,NA,117,NA,NA,NA,NA,NA,NA,NA,NA,NA,NA,NA,NA,14,NA,NA,NA,NA,NA,NA,NA,NA,NA,NA,NA,NA,3,NA,2.032715797,NA,NA,NA,NA,NA,NA,NA,NA,NA,NA,NA,284,NA,NA,NA,NA,NA,NA,NA,NA,NA,NA,NA,NA,12,NA,13.62140369,0,22.20318985,0,0.000000000,5.397743225,0,0,72.4072876,658.6310425,4.740163803,-1030.739558,160.010677,RufousTailedHawk,15
397,NA,NA,NA,0,NA,NA,NA,NA,NA,NA,NA,NA,NA,NA,NA,NA,300,NA,NA,NA,NA,NA,NA,NA,NA,NA,NA,NA,NA,11,NA,NA,NA,NA,NA,NA,NA,NA,NA,NA,NA,NA,1,NA,NA,NA,NA,NA,NA,NA,NA,NA,2.610886097,NA,NA,NA,296,NA,NA,NA,NA,NA,NA,NA,NA,NA,NA,NA,NA,4,NA,NA,NA,NA,NA,NA,NA,NA,NA,12.7102232,0,29.26011848,0,0.000000000,6.09280014,0,0.028567323,63.41199112,995.4832153,0.37593618,-1015.739558,160.010677,RufousTailedHawk,15
399,0,NA,0,NA,NA,0,0,NA,NA,NA,0,NA,NA,30,NA,60,NA,NA,90,180,NA,NA,NA,28,NA,NA,13,NA,10,NA,NA,10,17,NA,NA,NA,10,NA,NA,1,NA,2,NA,NA,2,1,NA,NA,NA,2,NA,NA,2.340013266,308,NA,4,NA,NA,37,261,NA,NA,NA,53,NA,NA,1,NA,3,NA,NA,6,7,NA,NA,NA,11,NA,NA,11.22541428,1.249658823,27.8395443,0.75977546,0.000000000,8.433877945,0.009327574,0.297736049,62.46832275,1475.707642,-8.500279427,-985.7395576,160.010677,RufousTailedHawk,15
400,NA,NA,0,NA,NA,0,NA,NA,NA,NA,NA,NA,NA,NA,NA,40,NA,NA,20,NA,NA,NA,NA,NA,NA,NA,NA,NA,11,NA,NA,11,NA,NA,NA,NA,NA,NA,NA,NA,NA,2,NA,NA,4,NA,NA,NA,NA,NA,NA,NA,2.2856462,NA,NA,263,NA,NA,58,NA,NA,NA,NA,NA,NA,NA,NA,NA,3,NA,NA,6,NA,NA,NA,NA,NA,NA,NA,6.637038708,7.031171799,43.52182007,1.739093423,0.013629935,4.311279297,0.146057516,0.660064578,48.34991837,2486.783691,3.968258619,-970.7395576,160.010677,RufousTailedHawk,15
401,NA,NA,NA,NA,NA,NA,NA,NA,NA,0,NA,NA,NA,NA,NA,NA,NA,NA,NA,NA,NA,NA,30,NA,NA,NA,NA,NA,NA,NA,NA,NA,NA,NA,NA,16,NA,NA,NA,NA,NA,NA,NA,NA,NA,NA,NA,NA,2,NA,NA,NA,3.403529406,NA,NA,NA,NA,NA,NA,NA,NA,NA,52,NA,NA,NA,NA,NA,NA,NA,NA,NA,NA,NA,NA,10,NA,NA,NA,1.2320472,15.60223484,73.02817535,0.455575138,0.000000000,1.519145966,0.480053067,0.811488688,22.86299324,3532.807373,2.341051102,-955.7395576,160.010677,RufousTailedHawk,15
403,NA,NA,NA,NA,NA,NA,NA,NA,0,NA,0,NA,NA,NA,NA,NA,NA,NA,NA,NA,NA,60,NA,49,NA,NA,NA,NA,NA,NA,NA,NA,NA,NA,12,NA,7,NA,NA,NA,NA,NA,NA,NA,NA,NA,NA,4,NA,3,NA,NA,1.387886286,NA,NA,NA,NA,NA,NA,NA,NA,349,NA,41,NA,NA,NA,NA,NA,NA,NA,NA,NA,NA,9,NA,11,NA,NA,15.69532204,0.000443713,12.42470551,0.165845886,0.000000000,12.28344631,0.00088438,2.091624022,73.00858307,191.2269745,2.496295214,-1075.739558,145.010677,RufousTailedHawk,15
404,NA,NA,NA,NA,NA,0,0,0,0,0,0,0,0,NA,NA,NA,NA,NA,90,25,57,60,46,51,29,60,NA,NA,NA,NA,NA,9,14,16,17,17,12,17,18,NA,NA,NA,NA,NA,2,1,1,1,2,2,2,2,1.387886286,NA,NA,NA,NA,NA,285,14,1,306,54,326,321,310,NA,NA,NA,NA,NA,6,7,8,9,10,11,12,13,15.69532204,0.000443713,12.42470551,0.165845886,0.000000000,12.28344631,0.00088438,2.091624022,73.00858307,191.2269745,2.496295214,-1060.739558,145.010677,RufousTailedHawk,15
405,NA,NA,NA,NA,NA,NA,0,0,0,0,NA,NA,0,NA,NA,NA,NA,NA,NA,2,10,1,95,NA,NA,10,NA,NA,NA,NA,NA,NA,12,15,10,10,NA,NA,11,NA,NA,NA,NA,NA,NA,2,2,2,4,NA,NA,1,1.674859762,NA,NA,NA,NA,NA,NA,36,266,273,7,NA,NA,267,NA,NA,NA,NA,NA,NA,7,8,9,10,NA,NA,13,15.59614754,0,16.16107368,0.002795392,0.000000000,11.678936,0,0.120071143,72.05403137,229.6331177,-1.368282437,-1045.739558,145.010677,RufousTailedHawk,15
406,NA,NA,NA,NA,NA,0,0,0,NA,NA,NA,NA,NA,NA,NA,NA,NA,NA,60,120,15,NA,NA,NA,NA,NA,NA,NA,NA,NA,NA,12,14,15,NA,NA,NA,NA,NA,NA,NA,NA,NA,NA,2,2,3,NA,NA,NA,NA,NA,4.128288269,NA,NA,NA,NA,NA,334,334,50,NA,NA,NA,NA,NA,NA,NA,NA,NA,NA,6,7,8,NA,NA,NA,NA,NA,13.97757149,0,22.34581566,0,0.000000000,6.637979031,0,0,70.93539429,602.8707275,0.593672872,-1030.739558,145.010677,RufousTailedHawk,15
407,NA,NA,NA,NA,0,0,0,NA,NA,0,0,NA,NA,NA,NA,NA,NA,35,25,10,NA,NA,15,60,NA,NA,NA,NA,NA,NA,10,13,16,NA,NA,12,11,NA,NA,NA,NA,NA,NA,1,2,1,NA,NA,1,1,NA,NA,3.906585693,NA,NA,NA,NA,312,337,262,NA,NA,324,281,NA,NA,NA,NA,NA,NA,5,6,7,NA,NA,10,11,NA,NA,14.177742,0,25.78555679,0.773921967,0.000000000,6.518035889,0,0.184598953,65.70903778,615.4749756,-0.070736229,-1015.739558,145.010677,RufousTailedHawk,15
408,NA,NA,0,0,NA,NA,NA,NA,NA,0,0,0,NA,NA,NA,30,60,NA,NA,NA,NA,NA,18,111,120,NA,NA,NA,12,10,NA,NA,NA,NA,NA,7,18,16,NA,NA,NA,2,4,NA,NA,NA,NA,NA,1,1,2,NA,3.376981497,NA,NA,36,259,NA,NA,NA,NA,NA,283,38,58,NA,NA,NA,3,4,NA,NA,NA,NA,NA,10,11,12,NA,12.9804306,0.242312714,30.26062012,0.277380258,0.103008457,6.232293129,0,0.064012341,62.93077087,965.7766724,-1.217122555,-1000.739558,145.010677,RufousTailedHawk,15
410,NA,NA,NA,NA,NA,0,NA,NA,NA,NA,NA,NA,NA,NA,NA,NA,NA,NA,84,NA,NA,NA,NA,NA,NA,NA,NA,NA,NA,NA,NA,13,NA,NA,NA,NA,NA,NA,NA,NA,NA,NA,NA,NA,4,NA,NA,NA,NA,NA,NA,NA,2.753623009,NA,NA,NA,NA,NA,59,NA,NA,NA,NA,NA,NA,NA,NA,NA,NA,NA,NA,6,NA,NA,NA,NA,NA,NA,NA,6.405488968,7.150768757,30.14191437,0.318704844,0.000000000,8.511876106,0.005230894,0.356032968,59.49808884,2512.325684,-3.445192337,-970.7395576,145.010677,RufousTailedHawk,15
413,0,NA,NA,NA,0,NA,NA,NA,0,NA,0,0,0,60,NA,NA,NA,60,NA,NA,NA,8,NA,30,201,5,11,NA,NA,NA,8,NA,NA,NA,10,NA,14,7,12,2,NA,NA,NA,2,NA,NA,NA,1,NA,1,1,1,3.197552919,261,NA,NA,NA,47,NA,NA,NA,30,NA,43,363,260,1,NA,NA,NA,5,NA,NA,NA,9,NA,11,12,13,15.16271496,0,15.4440937,0.267804354,0.000000000,8.926742554,0.047411054,2.45425272,72.83583832,307.871521,1.415950656,-1075.739558,130.010677,RufousTailedHawk,15
414,NA,NA,NA,NA,NA,0,0,NA,0,NA,0,0,0,NA,NA,NA,NA,NA,240,110,NA,120,NA,24,180,128,NA,NA,NA,NA,NA,8,12,NA,19,NA,9,11,7,NA,NA,NA,NA,NA,1,5,NA,4,NA,1,1,1,3.197552919,NA,NA,NA,NA,NA,343,2,NA,349,NA,343,276,249,NA,NA,NA,NA,NA,6,7,NA,9,NA,11,12,13,15.16271496,0,15.4440937,0.267804354,0.000000000,8.926742554,0.047411054,2.45425272,72.83583832,307.871521,1.415950656,-1060.739558,130.010677,RufousTailedHawk,15
415,NA,NA,NA,0,NA,NA,0,NA,0,0,0,0,0,NA,NA,NA,40,NA,NA,20,NA,85,35,10,264,98,NA,NA,NA,15,NA,NA,9,NA,19,16,13,16,18,NA,NA,NA,1,NA,NA,2,NA,1,1,1,1,1,1.172656894,NA,NA,NA,328,NA,NA,319,NA,349,342,247,280,268,NA,NA,NA,4,NA,NA,7,NA,9,10,11,12,13,15.23003101,0,12.1967411,14.89557552,0.000000000,8.665205002,4.800441265,0.577917218,58.62633133,300.5100708,0.914690256,-1045.739558,130.010677,RufousTailedHawk,15
416,NA,NA,NA,NA,NA,NA,0,0,NA,0,0,NA,NA,NA,NA,NA,NA,NA,NA,240,140,NA,194,112,NA,NA,NA,NA,NA,NA,NA,NA,9,11,NA,16,11,NA,NA,NA,NA,NA,NA,NA,NA,2,3,NA,1,1,NA,NA,3.738236666,NA,NA,NA,NA,NA,NA,267,46,NA,262,279,NA,NA,NA,NA,NA,NA,NA,NA,7,8,NA,10,11,NA,NA,14.79231548,0,21.17910957,7.274424553,0.020353463,8.097162247,2.375381708,0.490767181,57.70134354,421.3257141,1.751572728,-1030.739558,130.010677,RufousTailedHawk,15
417,0,NA,NA,NA,NA,NA,0,0,NA,0,0,0,0,45,NA,NA,NA,NA,NA,30,32,NA,2,17,40,117,10,NA,NA,NA,NA,NA,18,19,NA,19,17,14,12,1,NA,NA,NA,NA,NA,1,2,NA,1,1,1,1,2.914978981,308,NA,NA,NA,NA,NA,261,297,NA,324,345,274,309,1,NA,NA,NA,NA,NA,7,8,NA,10,11,12,13,14.4685154,0,24.2420311,4.22296381,0.000000000,5.949231148,0.973112583,1.19626224,56.26486969,517.1124878,-1.570180178,-1015.739558,130.010677,RufousTailedHawk,15
422,NA,NA,NA,NA,NA,NA,NA,NA,0,NA,NA,NA,NA,NA,NA,NA,NA,NA,NA,NA,NA,10,NA,NA,NA,NA,NA,NA,NA,NA,NA,NA,NA,NA,8,NA,NA,NA,NA,NA,NA,NA,NA,NA,NA,NA,NA,1,NA,NA,NA,NA,3.222327471,NA,NA,NA,NA,NA,NA,NA,NA,30,NA,NA,NA,NA,NA,NA,NA,NA,NA,NA,NA,NA,9,NA,NA,NA,NA,15.2265892,0,20.95925713,0.151039496,0.000000000,8.48279953,0.043132544,0.786863446,69.31720734,282.5691528,3.929997206,-1075.739558,115.010677,RufousTailedHawk,15
423,NA,0,0,0,0,0,0,0,0,0,0,0,0,NA,5,60,90,240,45,30,15,113,120,138,60,38,NA,14,9,17,11,16,12,13,7,10,10,12,11,NA,1,4,1,3,4,1,1,2,4,1,3,1,3.222327471,NA,297,265,328,51,339,353,308,307,341,22,275,295,NA,2,3,4,5,6,7,8,9,10,11,12,13,15.2265892,0,20.95925713,0.151039496,0.000000000,8.48279953,0.043132544,0.786863446,69.31720734,282.5691528,3.929997206,-1060.739558,115.010677,RufousTailedHawk,15
424,0,NA,0,NA,0,0,0,0,0,0,0,0,0,90,NA,15,NA,5,240,110,240,60,250,32,1,57,11,NA,19,NA,15,15,16,13,11,9,18,18,13,1,NA,1,NA,1,1,4,2,1,2,1,1,1,1.491806507,44,NA,48,NA,282,261,317,342,296,303,355,298,269,1,NA,3,NA,5,6,7,8,9,10,11,12,13,15.88343143,0,5.074567795,15.65332222,0.000000000,13.0805254,5.754671097,0.908369005,59.49727631,171.0882416,-0.866916597,-1045.739558,115.010677,RufousTailedHawk,15
425,NA,NA,NA,NA,NA,0,NA,NA,NA,0,0,0,0,NA,NA,NA,NA,NA,60,NA,NA,NA,1,30,25,35,NA,NA,NA,NA,NA,19,NA,NA,NA,10,17,15,18,NA,NA,NA,NA,NA,3,NA,NA,NA,2,1,1,1,1.357457161,NA,NA,NA,NA,NA,340,NA,NA,NA,8,48,288,252,NA,NA,NA,NA,NA,6,NA,NA,NA,10,11,12,13,15.38210773,0,6.556189537,32.22169876,0.035549339,9.057659149,4.533769608,3.075628042,43.32601166,267.0626221,-1.688485026,-1030.739558,115.010677,RufousTailedHawk,15
426,NA,NA,NA,NA,NA,NA,NA,NA,NA,NA,NA,NA,0,NA,NA,NA,NA,NA,NA,NA,NA,NA,NA,NA,NA,8,NA,NA,NA,NA,NA,NA,NA,NA,NA,NA,NA,NA,12,NA,NA,NA,NA,NA,NA,NA,NA,NA,NA,NA,NA,1,4.268800735,NA,NA,NA,NA,NA,NA,NA,NA,NA,NA,NA,NA,247,NA,NA,NA,NA,NA,NA,NA,NA,NA,NA,NA,NA,13,14.14342976,0,21.17779541,3.082089186,0.000000000,8.252291679,0.250880748,1.253771424,64.46743011,563.3447266,1.62319684,-1015.739558,115.010677,RufousTailedHawk,15
427,NA,NA,NA,NA,0,NA,0,0,0,0,0,0,0,NA,NA,NA,NA,45,NA,10,3,45,5,14,50,60,NA,NA,NA,NA,14,NA,10,14,15,10,10,9,16,NA,NA,NA,NA,3,NA,1,2,1,2,1,3,1,2.58693409,NA,NA,NA,NA,248,NA,304,33,337,263,313,2,316,NA,NA,NA,NA,5,NA,7,8,9,10,11,12,13,14.18716049,0.06454096,23.44236374,6.748775005,0.042461909,6.60179615,0.225065783,1.890707493,53.78025818,622.9702148,-2.852256298,-1000.739558,115.010677,RufousTailedHawk,15
428,NA,NA,NA,NA,NA,NA,NA,NA,NA,0,NA,NA,NA,NA,NA,NA,NA,NA,NA,NA,NA,NA,5,NA,NA,NA,NA,NA,NA,NA,NA,NA,NA,NA,NA,10,NA,NA,NA,NA,NA,NA,NA,NA,NA,NA,NA,NA,2,NA,NA,NA,2.823613882,NA,NA,NA,NA,NA,NA,NA,NA,NA,263,NA,NA,NA,NA,NA,NA,NA,NA,NA,NA,NA,NA,10,NA,NA,NA,11.45571518,1.692889094,20.66094589,5.190126419,0.019800067,10.51694679,0.028067112,1.61261034,60.58227921,1292.143188,-2.000886202,-985.7395576,115.010677,RufousTailedHawk,15
429,NA,NA,0,NA,NA,NA,NA,NA,NA,NA,NA,NA,NA,NA,NA,40,NA,NA,NA,NA,NA,NA,NA,NA,NA,NA,NA,NA,13,NA,NA,NA,NA,NA,NA,NA,NA,NA,NA,NA,NA,2,NA,NA,NA,NA,NA,NA,NA,NA,NA,NA,2.255375862,NA,NA,262,NA,NA,NA,NA,NA,NA,NA,NA,NA,NA,NA,NA,3,NA,NA,NA,NA,NA,NA,NA,NA,NA,NA,8.031565666,5.688651085,27.27626419,3.009127855,0.000000000,8.497234344,0.256461322,0.677541196,59.33358383,2117.543945,-2.281034946,-970.7395576,115.010677,RufousTailedHawk,15
430,NA,NA,0,NA,NA,NA,NA,NA,NA,NA,NA,NA,NA,NA,NA,30,NA,NA,NA,NA,NA,NA,NA,NA,NA,NA,NA,NA,12,NA,NA,NA,NA,NA,NA,NA,NA,NA,NA,NA,NA,2,NA,NA,NA,NA,NA,NA,NA,NA,NA,NA,2.676103354,NA,NA,262,NA,NA,NA,NA,NA,NA,NA,NA,NA,NA,NA,NA,3,NA,NA,NA,NA,NA,NA,NA,NA,NA,NA,3.189059973,12.58291626,61.97042084,0.13543728,0.000000000,3.639587641,0.078859128,0.993251801,32.02738571,3078.049805,-3.923967361,-955.7395576,115.010677,RufousTailedHawk,15
432,NA,0,0,NA,0,0,0,0,NA,0,0,0,0,NA,60,90,NA,60,120,100,5,NA,90,71,35,60,NA,18,11,NA,11,11,18,7,NA,9,11,16,22,NA,2,1,NA,2,2,2,1,NA,1,2,1,3,2.396597147,NA,22,329,NA,317,301,249,53,NA,261,50,334,282,NA,2,3,NA,5,6,7,8,NA,10,11,12,13,15.14002419,0,19.00950432,0.95707041,0.000000000,7.925736427,0.129707158,7.090487003,64.51947021,271.2411499,0.355146646,-1060.739558,100.010677,RufousTailedHawk,15
433,NA,NA,NA,NA,NA,NA,NA,0,0,0,NA,0,NA,NA,NA,NA,NA,NA,NA,NA,30,1,70,NA,45,NA,NA,NA,NA,NA,NA,NA,NA,7,10,9,NA,21,NA,NA,NA,NA,NA,NA,NA,NA,2,1,1,NA,1,NA,2.681835175,NA,NA,NA,NA,NA,NA,NA,41,328,298,NA,263,NA,NA,NA,NA,NA,NA,NA,NA,8,9,10,NA,12,NA,15.29689598,0,7.159789085,0.507187605,0.000000000,14.50436401,0.299656749,0.4426696,77.06998444,306.6046143,-0.389699727,-1045.739558,100.010677,RufousTailedHawk,15
434,NA,NA,NA,NA,NA,0,NA,NA,NA,NA,NA,NA,0,NA,NA,NA,NA,NA,120,NA,NA,NA,NA,NA,NA,11,NA,NA,NA,NA,NA,12,NA,NA,NA,NA,NA,NA,11,NA,NA,NA,NA,NA,2,NA,NA,NA,NA,NA,NA,1,3.11722827,NA,NA,NA,NA,NA,326,NA,NA,NA,NA,NA,NA,304,NA,NA,NA,NA,NA,6,NA,NA,NA,NA,NA,NA,13,15.27086926,0,10.84961605,11.91786575,0.049073819,11.23927498,1.614046574,1.494690895,62.43442154,316.4680786,-2.705670834,-1030.739558,100.010677,RufousTailedHawk,15
435,NA,NA,NA,NA,NA,NA,NA,NA,NA,NA,NA,NA,0,NA,NA,NA,NA,NA,NA,NA,NA,NA,NA,NA,NA,11,NA,NA,NA,NA,NA,NA,NA,NA,NA,NA,NA,NA,11,NA,NA,NA,NA,NA,NA,NA,NA,NA,NA,NA,NA,1,3.517792463,NA,NA,NA,NA,NA,NA,NA,NA,NA,NA,NA,NA,303,NA,NA,NA,NA,NA,NA,NA,NA,NA,NA,NA,NA,13,13.06645012,0,17.58036423,0.404200286,0.000000000,12.01699257,0,0.466842175,69.54682159,797.092041,1.996572256,-1015.739558,100.010677,RufousTailedHawk,15
436,NA,NA,NA,NA,NA,NA,NA,NA,NA,NA,0,0,NA,NA,NA,NA,NA,NA,NA,NA,NA,NA,NA,120,200,NA,NA,NA,NA,NA,NA,NA,NA,NA,NA,NA,20,20,NA,NA,NA,NA,NA,NA,NA,NA,NA,NA,NA,3,1,NA,2.265870571,NA,NA,NA,NA,NA,NA,NA,NA,NA,NA,25,255,NA,NA,NA,NA,NA,NA,NA,NA,NA,NA,NA,11,12,NA,13.27102089,0.289853632,18.85767555,8.37128067,0.000000000,9.100959778,0.05201016,1.366202593,59.28686523,798.9387207,-0.052648809,-1000.739558,100.010677,RufousTailedHawk,15
437,NA,0,0,NA,NA,NA,NA,0,NA,0,NA,NA,NA,NA,60,180,NA,NA,NA,NA,60,NA,9,NA,NA,NA,NA,9,18,NA,NA,NA,NA,16,NA,18,NA,NA,NA,NA,1,2,NA,NA,NA,NA,3,NA,1,NA,NA,NA,2.966028452,NA,42,261,NA,NA,NA,NA,288,NA,260,NA,NA,NA,NA,2,3,NA,NA,NA,NA,8,NA,10,NA,NA,NA,11.48897076,1.836659789,18.53821754,4.421065807,0.000000000,11.08923817,0.0429473,0.59411931,65.04761505,1275.837769,3.211025953,-985.7395576,100.010677,RufousTailedHawk,15
438,NA,NA,NA,NA,NA,NA,NA,NA,NA,0,NA,NA,NA,NA,NA,NA,NA,NA,NA,NA,NA,NA,10,NA,NA,NA,NA,NA,NA,NA,NA,NA,NA,NA,NA,12,NA,NA,NA,NA,NA,NA,NA,NA,NA,NA,NA,NA,2,NA,NA,NA,3.509592772,NA,NA,NA,NA,NA,NA,NA,NA,NA,260,NA,NA,NA,NA,NA,NA,NA,NA,NA,NA,NA,NA,10,NA,NA,NA,9.869688988,4.32742691,20.58747864,4.652088165,0.000000000,9.342776299,0,1.438369036,62.95948792,1702.522461,-3.914494276,-970.7395576,100.010677,RufousTailedHawk,15
440,0,NA,NA,0,0,0,0,0,0,NA,NA,0,0,240,NA,NA,60,40,45,20,20,37,NA,NA,25,24,9,NA,NA,17,15,14,9,14,11,NA,NA,19,9,1,NA,NA,1,2,3,1,1,4,NA,NA,2,3,1.348820567,262,NA,NA,352,317,46,25,252,312,NA,NA,44,343,1,NA,NA,4,5,6,7,8,9,NA,NA,12,13,15.33879471,0,20.41142654,0.124994598,0.000000000,7.586865425,0.503621459,7.694646835,59.07385254,199.6175385,0.062587194,-1060.739558,85.01067695,RufousTailedHawk,15
441,NA,NA,NA,NA,NA,NA,NA,NA,NA,0,NA,NA,NA,NA,NA,NA,NA,NA,NA,NA,NA,NA,120,NA,NA,NA,NA,NA,NA,NA,NA,NA,NA,NA,NA,11,NA,NA,NA,NA,NA,NA,NA,NA,NA,NA,NA,NA,1,NA,NA,NA,2.555925846,NA,NA,NA,NA,NA,NA,NA,NA,NA,5,NA,NA,NA,NA,NA,NA,NA,NA,NA,NA,NA,NA,10,NA,NA,NA,14.47731495,0,18.51668167,0.037134379,0.000000000,11.80055714,0.333700448,0.781577408,68.52215576,455.1082153,0.853698134,-1045.739558,85.01067695,RufousTailedHawk,15
444,NA,NA,NA,NA,NA,NA,NA,NA,NA,0,NA,NA,NA,NA,NA,NA,NA,NA,NA,NA,NA,NA,5,NA,NA,NA,NA,NA,NA,NA,NA,NA,NA,NA,NA,11,NA,NA,NA,NA,NA,NA,NA,NA,NA,NA,NA,NA,2,NA,NA,NA,3.878305435,NA,NA,NA,NA,NA,NA,NA,NA,NA,263,NA,NA,NA,NA,NA,NA,NA,NA,NA,NA,NA,NA,10,NA,NA,NA,12.70663071,0.40084821,19.70521545,2.887734175,0.000000000,11.30876255,0,0.381175756,65.58894348,922.5646362,-2.822205067,-1000.739558,85.01067695,RufousTailedHawk,15
445,NA,NA,NA,NA,0,NA,0,NA,NA,0,NA,0,0,NA,NA,NA,NA,120,NA,60,NA,NA,30,NA,20,60,NA,NA,NA,NA,15,NA,10,NA,NA,13,NA,12,8,NA,NA,NA,NA,1,NA,2,NA,NA,2,NA,1,1,2.131692171,NA,NA,NA,NA,1,NA,260,NA,NA,262,NA,282,330,NA,NA,NA,NA,5,NA,7,NA,NA,10,NA,12,13,10.86434746,2.353884697,21.58399391,1.851225853,0.000000000,10.38021564,0.049767788,0.163747326,64.62203979,1426.691406,-2.533781528,-985.7395576,85.01067695,RufousTailedHawk,15
446,NA,NA,0,NA,0,NA,NA,NA,NA,0,NA,NA,0,NA,NA,20,NA,120,NA,NA,NA,NA,15,NA,NA,210,NA,NA,8,NA,8,NA,NA,NA,NA,15,NA,NA,14,NA,NA,1,NA,1,NA,NA,NA,NA,1,NA,NA,1,3.892174959,NA,NA,50,NA,43,NA,NA,NA,NA,261,NA,NA,262,NA,NA,3,NA,5,NA,NA,NA,NA,10,NA,NA,13,8.547576904,5.750306129,24.40177536,1.931383252,0.000000000,8.149230957,0.061457902,0.810329676,63.38026047,1991.333618,-4.639815807,-970.7395576,85.01067695,RufousTailedHawk,15
447,NA,NA,NA,NA,NA,0,0,0,NA,NA,NA,NA,NA,NA,NA,NA,NA,NA,180,180,60,NA,NA,NA,NA,NA,NA,NA,NA,NA,NA,9,9,11,NA,NA,NA,NA,NA,NA,NA,NA,NA,NA,2,1,1,NA,NA,NA,NA,NA,3.51159215,NA,NA,NA,NA,NA,56,262,259,NA,NA,NA,NA,NA,NA,NA,NA,NA,NA,6,7,8,NA,NA,NA,NA,NA,4.724155426,10.79882813,67.97116089,0.177079126,0.000000000,3.983681917,0.1106418,0.285453826,26.79384613,2748.591064,-0.181619987,-955.7395576,85.01067695,RufousTailedHawk,15
448,NA,NA,NA,0,0,0,0,NA,0,NA,0,0,0,NA,NA,NA,60,60,45,60,NA,1,NA,42,23,34,NA,NA,NA,18,17,13,20,NA,13,NA,19,11,13,NA,NA,NA,2,2,3,2,NA,1,NA,1,3,1,2.705121756,NA,NA,NA,40,317,46,49,NA,274,NA,315,308,250,NA,NA,NA,4,5,6,7,NA,9,NA,11,12,13,15.24845409,0,18.68157196,1.006231308,0.000000000,5.889705658,0.517305553,15.8322382,51.05812073,208.2583618,-0.353638411,-1060.739558,70.01067695,RufousTailedHawk,15
451,NA,NA,NA,NA,NA,NA,NA,NA,NA,NA,0,0,NA,NA,NA,NA,NA,NA,NA,NA,NA,NA,NA,45,110,NA,NA,NA,NA,NA,NA,NA,NA,NA,NA,NA,11,18,NA,NA,NA,NA,NA,NA,NA,NA,NA,NA,NA,1,1,NA,1.942986488,NA,NA,NA,NA,NA,NA,NA,NA,NA,NA,37,332,NA,NA,NA,NA,NA,NA,NA,NA,NA,NA,NA,11,12,NA,12.75152206,0,20.48473358,0.321211159,0.000000000,10.6819458,0,0.531062007,67.50126648,842.732605,-1.40096581,-1015.739558,70.01067695,RufousTailedHawk,15
452,NA,NA,0,NA,NA,NA,NA,NA,0,0,NA,NA,NA,NA,NA,20,NA,NA,NA,NA,NA,3,10,NA,NA,NA,NA,NA,14,NA,NA,NA,NA,NA,22,11,NA,NA,NA,NA,NA,2,NA,NA,NA,NA,NA,2,1,NA,NA,NA,1.725305557,NA,NA,261,NA,NA,NA,NA,NA,26,258,NA,NA,NA,NA,NA,3,NA,NA,NA,NA,NA,9,10,NA,NA,NA,12.44170666,0.3928729,22.98143196,2.92075038,0.023650063,9.898478508,0,0.327417403,63.52635956,958.0335693,-0.427212059,-1000.739558,70.01067695,RufousTailedHawk,15
453,NA,NA,NA,NA,NA,NA,NA,NA,NA,0,NA,NA,NA,NA,NA,NA,NA,NA,NA,NA,NA,NA,80,NA,NA,NA,NA,NA,NA,NA,NA,NA,NA,NA,NA,11,NA,NA,NA,NA,NA,NA,NA,NA,NA,NA,NA,NA,2,NA,NA,NA,2.905318499,NA,NA,NA,NA,NA,NA,NA,NA,NA,258,NA,NA,NA,NA,NA,NA,NA,NA,NA,NA,NA,NA,10,NA,NA,NA,9.355185509,3.79562211,17.65143967,1.042924523,0.000000000,11.53184128,0,1.139174223,67.51520538,1759.751099,1.012369037,-985.7395576,70.01067695,RufousTailedHawk,15
456,NA,NA,NA,NA,NA,NA,NA,NA,0,0,NA,NA,NA,NA,NA,NA,NA,NA,NA,NA,NA,11,192,NA,NA,NA,NA,NA,NA,NA,NA,NA,NA,NA,14,9,NA,NA,NA,NA,NA,NA,NA,NA,NA,NA,NA,2,2,NA,NA,NA,2.705121756,NA,NA,NA,NA,NA,NA,NA,NA,271,290,NA,NA,NA,NA,NA,NA,NA,NA,NA,NA,NA,9,10,NA,NA,NA,15.24845409,0,18.68157196,1.006231308,0.000000000,5.889705658,0.517305553,15.8322382,51.05812073,208.2583618,-0.353638411,-1060.739558,55.01067695,RufousTailedHawk,15
459,NA,NA,NA,NA,NA,NA,NA,NA,NA,NA,0,NA,NA,NA,NA,NA,NA,NA,NA,NA,NA,NA,NA,30,NA,NA,NA,NA,NA,NA,NA,NA,NA,NA,NA,NA,12,NA,NA,NA,NA,NA,NA,NA,NA,NA,NA,NA,NA,2,NA,NA,4.828701019,NA,NA,NA,NA,NA,NA,NA,NA,NA,NA,285,NA,NA,NA,NA,NA,NA,NA,NA,NA,NA,NA,NA,11,NA,NA,11.95321941,0.082545958,19.10476875,0.193764061,0.000000000,11.48189259,0,0.105451331,69.11390686,1038.964478,-0.380478829,-1015.739558,55.01067695,RufousTailedHawk,15
460,NA,0,NA,NA,NA,0,NA,0,0,0,0,NA,0,NA,80,NA,NA,NA,120,NA,35,30,50,10,NA,10,NA,16,NA,NA,NA,12,NA,13,17,14,8,NA,19,NA,2,NA,NA,NA,2,NA,2,2,1,1,NA,1,3.128285408,NA,279,NA,NA,NA,358,NA,344,287,347,339,NA,308,NA,2,NA,NA,NA,6,NA,8,9,10,11,NA,13,11.86230183,0.923686147,22.81061363,0.889718592,0.217564389,9.499897957,0,0.226677895,65.1365509,1107.675171,-3.66789031,-1000.739558,55.01067695,RufousTailedHawk,15
461,NA,NA,NA,NA,0,NA,NA,NA,NA,NA,0,NA,NA,NA,NA,NA,NA,90,NA,NA,NA,NA,NA,4,NA,NA,NA,NA,NA,NA,16,NA,NA,NA,NA,NA,1,NA,NA,NA,NA,NA,NA,3,NA,NA,NA,NA,NA,1,NA,NA,8.17708683,NA,NA,NA,NA,261,NA,NA,NA,NA,NA,32,NA,NA,NA,NA,NA,NA,5,NA,NA,NA,NA,NA,11,NA,NA,6.84599638,5.750747681,32.58028412,1.331997156,0.000000000,7.846441746,0,1.406823277,56.8888092,2265.584229,2.565620422,-985.7395576,55.01067695,RufousTailedHawk,15
464,NA,NA,NA,0,NA,NA,NA,NA,NA,NA,0,NA,NA,NA,NA,NA,60,NA,NA,NA,NA,NA,NA,10,NA,NA,NA,NA,NA,9,NA,NA,NA,NA,NA,NA,12,NA,NA,NA,NA,NA,2,NA,NA,NA,NA,NA,NA,2,NA,NA,5.688318253,NA,NA,NA,46,NA,NA,NA,NA,NA,NA,340,NA,NA,NA,NA,NA,4,NA,NA,NA,NA,NA,NA,11,NA,NA,13.93838501,0.011770939,14.62388134,0,0.000000000,12.88775921,0.000887141,4.260408401,68.11404419,543.8247681,2.02495718,-1060.739558,40.01067695,RufousTailedHawk,15
465,NA,NA,NA,NA,NA,NA,NA,NA,NA,NA,NA,NA,0,NA,NA,NA,NA,NA,NA,NA,NA,NA,NA,NA,NA,53,NA,NA,NA,NA,NA,NA,NA,NA,NA,NA,NA,NA,17,NA,NA,NA,NA,NA,NA,NA,NA,NA,NA,NA,NA,1,5.688318253,NA,NA,NA,NA,NA,NA,NA,NA,NA,NA,NA,NA,297,NA,NA,NA,NA,NA,NA,NA,NA,NA,NA,NA,NA,13,13.93838501,0.011770939,14.62388134,0,0.000000000,12.88775921,0.000887141,4.260408401,68.11404419,543.8247681,2.02495718,-1045.739558,40.01067695,RufousTailedHawk,15
466,NA,NA,NA,NA,NA,NA,NA,0,0,NA,NA,NA,0,NA,NA,NA,NA,NA,NA,NA,14,20,NA,NA,NA,10,NA,NA,NA,NA,NA,NA,NA,16,19,NA,NA,NA,12,NA,NA,NA,NA,NA,NA,NA,2,3,NA,NA,NA,3,6.906692982,NA,NA,NA,NA,NA,NA,NA,246,7,NA,NA,NA,283,NA,NA,NA,NA,NA,NA,NA,8,9,NA,NA,NA,13,12.75972557,0,16.84311104,0,0.000000000,12.63063145,0,0.249252722,70.27503204,828.927063,0.836646318,-1030.739558,40.01067695,RufousTailedHawk,15
467,NA,NA,NA,0,NA,0,NA,NA,NA,0,0,NA,0,NA,NA,NA,180,NA,40,NA,NA,NA,15,15,NA,227,NA,NA,NA,9,NA,7,NA,NA,NA,7,9,NA,11,NA,NA,NA,3,NA,3,NA,NA,NA,1,1,NA,1,2.653606892,NA,NA,NA,351,NA,8,NA,NA,NA,347,266,NA,3,NA,NA,NA,4,NA,6,NA,NA,NA,10,11,NA,13,12.10042763,0.426660478,22.25277519,0,0.000000000,9.737947464,0,0.170367345,67.55529785,1019.397339,-2.17197156,-1015.739558,40.01067695,RufousTailedHawk,15
468,NA,NA,NA,NA,NA,NA,NA,NA,NA,NA,NA,NA,0,NA,NA,NA,NA,NA,NA,NA,NA,NA,NA,NA,NA,240,NA,NA,NA,NA,NA,NA,NA,NA,NA,NA,NA,NA,8,NA,NA,NA,NA,NA,NA,NA,NA,NA,NA,NA,NA,3,6.180252552,NA,NA,NA,NA,NA,NA,NA,NA,NA,NA,NA,NA,343,NA,NA,NA,NA,NA,NA,NA,NA,NA,NA,NA,NA,13,10.63124752,2.137789249,20.74777222,0.004486305,0.000000000,10.90830326,0,0.05770465,68.22903442,1449.126099,3.336185217,-1000.739558,40.01067695,RufousTailedHawk,15
472,NA,NA,NA,0,NA,0,0,0,0,0,0,0,0,NA,NA,NA,30,NA,240,10,30,14,5,15,24,20,NA,NA,NA,13,NA,7,18,16,13,21,18,12,13,NA,NA,NA,1,NA,1,2,8,1,2,2,3,1,2.042604446,NA,NA,NA,42,NA,339,52,276,300,289,43,325,252,NA,NA,NA,4,NA,6,7,8,9,10,11,12,13,15.01947594,0.356248498,8.784526825,0.351227552,0.000000000,12.62773132,0.118576422,8.70392704,68.93128967,325.717926,0.1292606,-1045.739558,25.01067695,RufousTailedHawk,15
473,NA,NA,NA,NA,NA,NA,NA,0,NA,NA,NA,0,0,NA,NA,NA,NA,NA,NA,NA,17,NA,NA,NA,30,53,NA,NA,NA,NA,NA,NA,NA,19,NA,NA,NA,14,12,NA,NA,NA,NA,NA,NA,NA,2,NA,NA,NA,4,3,2.972791672,NA,NA,NA,NA,NA,NA,NA,270,NA,NA,NA,41,283,NA,NA,NA,NA,NA,NA,NA,8,NA,NA,NA,12,13,13.49901676,0.009642914,16.7758255,0.108131528,0.000000000,13.03959084,0,0.819015443,69.29866028,681.6210938,1.043481827,-1030.739558,25.01067695,RufousTailedHawk,15
474,NA,NA,0,0,0,0,0,0,0,0,0,NA,0,NA,NA,60,30,60,30,60,16,10,21,15,NA,24,NA,NA,9,12,18,15,10,9,20,12,8,NA,18,NA,NA,7,2,2,6,7,1,3,1,2,NA,3,3.058585882,NA,NA,319,303,361,306,261,360,7,343,259,NA,283,NA,NA,3,4,5,6,7,8,9,10,11,NA,13,12.22683048,0.333699048,20.95273018,0,0.000000000,10.58531284,0,0.18757683,68.25113678,1007.543091,2.610845804,-1015.739558,25.01067695,RufousTailedHawk,15
475,NA,0,0,0,0,0,NA,0,0,0,0,NA,0,NA,90,240,60,60,120,NA,125,158,15,20,NA,10,NA,17,8,9,0,9,NA,9,10,17,17,NA,8,NA,2,4,2,2,2,NA,2,2,1,2,NA,5,5.633863926,NA,335,253,284,270,319,NA,343,301,305,263,NA,329,NA,2,3,4,5,6,NA,8,9,10,11,NA,13,12.11097145,1.259738803,27.80681229,0,0.000000000,6.456681252,0,0.115649074,65.63580322,1094.763184,-0.555324495,-1000.739558,25.01067695,RufousTailedHawk,15
478,NA,0,0,0,0,0,0,0,0,0,0,0,0,NA,150,120,120,60,30,30,20,5,15,27,35,10,NA,9,7,9,15,15,19,14,10,13,12,7,7,NA,2,1,1,1,2,1,1,1,1,1,1,1,2.111949444,NA,6,327,354,304,312,327,277,300,292,328,322,312,NA,2,3,4,5,6,7,8,9,10,11,12,13,15.90542698,0.739716589,12.67190361,2.66835475,0.039770044,10.19280148,0.071697049,19.53643608,52.81584549,127.3433075,-0.190934122,-1045.739558,10.01067695,RufousTailedHawk,15
479,NA,NA,NA,0,NA,NA,0,0,0,0,0,0,0,NA,NA,NA,30,NA,NA,60,20,15,40,8,30,10,NA,NA,NA,19,NA,NA,10,17,21,11,15,17,10,NA,NA,NA,3,NA,NA,1,1,2,5,1,1,3,1.834391952,NA,NA,NA,32,NA,NA,30,256,272,264,327,276,262,NA,NA,NA,4,NA,NA,7,8,9,10,11,12,13,15.16563797,0.002134801,11.35672379,0.290671796,0.000000000,13.61308384,0,2.928411007,71.83831787,362.67276,-1.773789883,-1030.739558,10.01067695,RufousTailedHawk,15
480,NA,0,0,0,0,0,0,0,0,0,0,0,0,NA,60,60,60,30,20,30,20,10,17,10,5,20,NA,19,11,8,14,11,11,17,11,18,16,11,5,NA,2,7,1,2,2,1,1,1,1,1,2,1,1.688954234,NA,293,258,303,263,270,359,288,359,340,360,289,253,NA,2,3,4,5,6,7,8,9,10,11,12,13,13.86480045,0.10725753,18.57361221,1.499666214,0.000000000,10.52431011,0.218592763,1.284066796,66.30053711,672.7427368,-0.169082105,-1015.739558,10.01067695,RufousTailedHawk,15
481,NA,NA,NA,NA,0,NA,0,0,0,0,NA,NA,0,NA,NA,NA,NA,90,NA,90,16,65,7,NA,NA,8,NA,NA,NA,NA,16,NA,16,8,12,17,NA,NA,13,NA,NA,NA,NA,2,NA,2,1,1,1,NA,NA,1,2.037499189,NA,NA,NA,NA,263,NA,262,276,273,305,NA,NA,344,NA,NA,NA,NA,5,NA,7,8,9,10,NA,NA,13,13.20854855,0.960859478,20.97403526,4.327975273,0.000000000,8.71340847,0.784914494,1.778626323,63.23035812,861.9126587,-4.44228363,-1000.739558,10.01067695,RufousTailedHawk,15
482,NA,NA,0,NA,NA,NA,NA,NA,0,NA,NA,NA,NA,NA,NA,120,NA,NA,NA,NA,NA,50,NA,NA,NA,NA,NA,NA,18,NA,NA,NA,NA,NA,15,NA,NA,NA,NA,NA,NA,2,NA,NA,NA,NA,NA,2,NA,NA,NA,NA,3.646609783,NA,NA,365,NA,NA,NA,NA,NA,357,NA,NA,NA,NA,NA,NA,3,NA,NA,NA,NA,NA,9,NA,NA,NA,NA,9.952670097,5.090277195,19.66889381,0.39517495,0.000000000,7.623344421,0,0.368787825,69.70059967,1650.076538,3.136960745,-985.7395576,10.01067695,RufousTailedHawk,15
483,NA,NA,NA,NA,NA,NA,NA,NA,NA,NA,NA,0,NA,NA,NA,NA,NA,NA,NA,NA,NA,NA,NA,NA,75,NA,NA,NA,NA,NA,NA,NA,NA,NA,NA,NA,NA,12,NA,NA,NA,NA,NA,NA,NA,NA,NA,NA,NA,NA,1,NA,5.644855022,NA,NA,NA,NA,NA,NA,NA,NA,NA,NA,NA,37,NA,NA,NA,NA,NA,NA,NA,NA,NA,NA,NA,NA,12,NA,6.258022308,8.531698227,38.23187637,0.644390345,0.000000000,6.773648262,0,0.831893981,53.54428864,2419.205566,-5.240365028,-970.7395576,10.01067695,RufousTailedHawk,15
485,NA,NA,0,0,0,0,0,0,0,0,0,0,0,NA,NA,30,60,30,60,60,45,45,8,120,30,37,NA,NA,18,8,19,10,15,15,19,15,18,15,17,NA,NA,2,1,2,2,1,1,1,1,1,2,1,2.111949444,NA,NA,259,349,51,364,351,259,310,307,49,275,252,NA,NA,3,4,5,6,7,8,9,10,11,12,13,15.90542698,0.739716589,12.67190361,2.66835475,0.039770044,10.19280148,0.071697049,19.53643608,52.81584549,127.3433075,-0.190934122,-1045.739558,-4.989323048,RufousTailedHawk,15
486,NA,NA,NA,NA,0,0,NA,0,0,0,0,0,0,NA,NA,NA,NA,20,30,NA,16,8,20,41,11,25,NA,NA,NA,NA,11,10,NA,7,17,17,17,8,15,NA,NA,NA,NA,1,2,NA,1,1,2,2,2,1,2.837203979,NA,NA,NA,NA,326,365,NA,362,273,341,274,36,255,NA,NA,NA,NA,5,6,NA,8,9,10,11,12,13,14.53895473,0.066378862,5.227674961,1.555886269,0.000000000,10.56814098,0.082540378,11.58964157,70.88202667,461.0639954,-1.549896121,-1030.739558,-4.989323048,RufousTailedHawk,15
487,NA,NA,NA,NA,NA,0,0,0,0,0,0,0,0,NA,NA,NA,NA,NA,60,30,10,8,10,7,2,10,NA,NA,NA,NA,NA,8,10,9,19,20,10,10,17,NA,NA,NA,NA,NA,2,2,2,1,1,2,1,1,1.445296049,NA,NA,NA,NA,NA,306,263,47,288,245,254,352,360,NA,NA,NA,NA,NA,6,7,8,9,10,11,12,13,14.97001171,0.044392765,8.291009903,10.31277847,0.000000000,8.949075699,0.525402963,8.986904144,62.5886879,450.3128662,-1.817283869,-1015.739558,-4.989323048,RufousTailedHawk,15
488,NA,NA,NA,NA,NA,0,0,NA,0,0,0,0,0,NA,NA,NA,NA,NA,60,30,NA,17,35,20,20,52,NA,NA,NA,NA,NA,11,19,NA,17,11,10,9,10,NA,NA,NA,NA,NA,6,1,NA,1,2,2,2,1,2.4426229,NA,NA,NA,NA,NA,317,25,NA,57,342,296,352,304,NA,NA,NA,NA,NA,6,7,NA,9,10,11,12,13,13.87357807,0.982274413,13.03052044,7.947926521,0.000000000,11.22923756,1.488961577,4.805681229,61.13844681,749.9028931,-0.797853649,-1000.739558,-4.989323048,RufousTailedHawk,15
489,NA,NA,NA,NA,NA,0,NA,0,0,0,0,0,0,NA,NA,NA,NA,NA,15,NA,17,8,38,10,6,15,NA,NA,NA,NA,NA,9,NA,14,8,13,17,9,0,NA,NA,NA,NA,NA,2,NA,3,1,2,1,1,1,2.353324652,NA,NA,NA,NA,NA,264,NA,270,57,328,317,350,357,NA,NA,NA,NA,NA,6,NA,8,9,10,11,12,13,11.81315517,4.371881008,12.30662537,3.502715826,0.127703771,9.650776863,0.353427351,1.898326159,70.71607971,1283.091919,-0.034804687,-985.7395576,-4.989323048,RufousTailedHawk,15
490,NA,NA,NA,NA,NA,NA,0,NA,NA,NA,NA,NA,NA,NA,NA,NA,NA,NA,NA,300,NA,NA,NA,NA,NA,NA,NA,NA,NA,NA,NA,NA,8,NA,NA,NA,NA,NA,NA,NA,NA,NA,NA,NA,NA,1,NA,NA,NA,NA,NA,NA,5.43008709,NA,NA,NA,NA,NA,NA,25,NA,NA,NA,NA,NA,NA,NA,NA,NA,NA,NA,NA,7,NA,NA,NA,NA,NA,NA,8.572519302,8.023773193,17.6776638,0.660421908,0.000000000,10.2637434,0,2.133616686,69.25785065,1997.302002,0.189330995,-970.7395576,-4.989323048,RufousTailedHawk,15
491,NA,NA,NA,NA,0,0,0,0,NA,NA,0,NA,NA,NA,NA,NA,NA,40,40,30,140,NA,NA,10,NA,NA,NA,NA,NA,NA,14,18,11,21,NA,NA,8,NA,NA,NA,NA,NA,NA,1,1,1,1,NA,NA,2,NA,NA,9.005730629,NA,NA,NA,NA,365,316,289,343,NA,NA,317,NA,NA,NA,NA,NA,NA,5,6,7,8,NA,NA,11,NA,NA,2.69841361,11.76384926,63.22920609,0,0.000000000,4.21892643,0,1.537369251,30.88860893,3034.639648,1.487472534,-955.7395576,-4.989323048,RufousTailedHawk,15
492,0,0,0,0,0,0,0,0,0,0,0,0,0,60,300,210,120,60,60,120,60,60,150,21,70,60,7,10,14,8,11,10,11,14,18,19,11,18,13,1,4,1,1,1,2,1,2,1,3,1,1,3,2.417411804,308,337,326,364,269,255,351,256,348,338,281,296,321,1,2,3,4,5,6,7,8,9,10,11,12,13,15.09630585,0.185572445,3.63062191,3.753469467,0.000000000,7.440152168,1.605322957,23.64923859,59.67005157,323.5715027,-1.836341619,-1045.739558,-19.98932305,RufousTailedHawk,15
493,NA,NA,NA,NA,NA,0,0,0,NA,NA,NA,0,0,NA,NA,NA,NA,NA,30,15,5,NA,NA,NA,30,2,NA,NA,NA,NA,NA,14,17,10,NA,NA,NA,17,8,NA,NA,NA,NA,NA,2,1,1,NA,NA,NA,1,2,2.417411804,NA,NA,NA,NA,NA,339,24,330,NA,NA,NA,277,331,NA,NA,NA,NA,NA,6,7,8,NA,NA,NA,12,13,15.09630585,0.185572445,3.63062191,3.753469467,0.000000000,7.440152168,1.605322957,23.64923859,59.67005157,323.5715027,-1.836341619,-1030.739558,-19.98932305,RufousTailedHawk,15
495,NA,NA,NA,NA,NA,NA,NA,NA,NA,NA,0,NA,0,NA,NA,NA,NA,NA,NA,NA,NA,NA,NA,49,NA,15,NA,NA,NA,NA,NA,NA,NA,NA,NA,NA,16,NA,11,NA,NA,NA,NA,NA,NA,NA,NA,NA,NA,1,NA,1,3.305970907,NA,NA,NA,NA,NA,NA,NA,NA,NA,NA,268,NA,47,NA,NA,NA,NA,NA,NA,NA,NA,NA,NA,11,NA,13,13.26195049,2.132726908,6.936711788,3.924965143,0.000000000,11.73089981,0.06261123,4.624863625,72.63008881,937.1486206,2.73754549,-1000.739558,-19.98932305,RufousTailedHawk,15
496,NA,NA,0,NA,NA,NA,NA,0,0,0,0,0,0,NA,NA,30,NA,NA,NA,NA,30,10,4,5,7,5,NA,NA,15,NA,NA,NA,NA,14,8,18,16,10,18,NA,NA,2,NA,NA,NA,NA,2,1,1,1,1,1,2.491495609,NA,NA,259,NA,NA,NA,NA,357,52,363,302,317,361,NA,NA,3,NA,NA,NA,NA,8,9,10,11,12,13,13.53873253,3.642337084,9.242978096,6.886503696,0.103344865,11.39384365,1.255129218,2.677070379,68.04948425,942.8781128,-4.439921379,-985.7395576,-19.98932305,RufousTailedHawk,15
497,NA,NA,NA,NA,NA,NA,NA,0,NA,NA,NA,NA,0,NA,NA,NA,NA,NA,NA,NA,10,NA,NA,NA,NA,5,NA,NA,NA,NA,NA,NA,NA,19,NA,NA,NA,NA,19,NA,NA,NA,NA,NA,NA,NA,2,NA,NA,NA,NA,1,3.357621193,NA,NA,NA,NA,NA,NA,NA,343,NA,NA,NA,NA,361,NA,NA,NA,NA,NA,NA,NA,8,NA,NA,NA,NA,13,11.44042969,6.968723297,8.166405678,7.794799805,0.227052495,9.316096306,0.971438169,3.13132596,68.36080933,1447.338867,-2.201051474,-970.7395576,-19.98932305,RufousTailedHawk,15
498,NA,NA,NA,NA,0,0,0,0,0,NA,0,NA,0,NA,NA,NA,NA,30,20,40,80,15,NA,40,NA,40,NA,NA,NA,NA,15,14,17,12,12,NA,9,NA,18,NA,NA,NA,NA,2,1,1,3,1,NA,1,NA,1,6.702924728,NA,NA,NA,NA,277,291,274,273,356,NA,56,NA,14,NA,NA,NA,NA,5,6,7,8,9,NA,11,NA,13,7.891036034,10.36214447,33.07230759,2.915020943,0.027613392,5.881052017,0.18478182,1.363995552,56.10646057,2112.572266,-2.274879217,-955.7395576,-19.98932305,RufousTailedHawk,15
500,NA,NA,0,0,0,0,0,0,0,0,0,0,0,NA,NA,60,45,20,20,60,20,5,26,53,10,10,NA,NA,11,16,9,9,19,20,7,15,11,13,8,NA,NA,2,2,2,1,1,1,1,1,1,1,1,5.979018211,NA,NA,19,47,319,256,350,324,22,363,44,259,281,NA,NA,3,4,5,6,7,8,9,10,11,12,13,14.10951328,0.701930642,5.319602489,7.677906513,0.000000000,5.795381069,0.053112213,19.98801041,59.9385643,552.0065308,1.995317698,-1045.739558,-34.98932305,RufousTailedHawk,15
501,NA,NA,NA,NA,NA,NA,NA,0,0,NA,0,0,NA,NA,NA,NA,NA,NA,NA,NA,5,1,NA,115,30,NA,NA,NA,NA,NA,NA,NA,NA,16,11,NA,10,13,NA,NA,NA,NA,NA,NA,NA,NA,2,1,NA,1,1,NA,5.979018211,NA,NA,NA,NA,NA,NA,NA,252,326,NA,330,27,NA,NA,NA,NA,NA,NA,NA,NA,8,9,NA,11,12,NA,14.10951328,0.701930642,5.319602489,7.677906513,0.000000000,5.795381069,0.053112213,19.98801041,59.9385643,552.0065308,1.995317698,-1030.739558,-34.98932305,RufousTailedHawk,15
502,NA,NA,NA,NA,NA,NA,NA,NA,NA,NA,NA,0,NA,NA,NA,NA,NA,NA,NA,NA,NA,NA,NA,NA,31,NA,NA,NA,NA,NA,NA,NA,NA,NA,NA,NA,NA,14,NA,NA,NA,NA,NA,NA,NA,NA,NA,NA,NA,NA,2,NA,5.628948689,NA,NA,NA,NA,NA,NA,NA,NA,NA,NA,NA,1,NA,NA,NA,NA,NA,NA,NA,NA,NA,NA,NA,NA,12,NA,13.24704266,1.177773952,3.093716145,1.817692876,0.000000000,9.410473824,0.261059552,9.38657093,75.98770905,855.5301514,1.483105898,-1015.739558,-34.98932305,RufousTailedHawk,15
503,NA,NA,0,NA,NA,0,NA,0,NA,0,0,0,0,NA,NA,40,NA,NA,20,NA,40,NA,120,3,15,120,NA,NA,12,NA,NA,11,NA,22,NA,14,10,9,10,NA,NA,2,NA,NA,2,NA,1,NA,1,1,1,1,2.80656147,NA,NA,259,NA,NA,26,NA,317,NA,287,52,285,312,NA,NA,3,NA,NA,6,NA,8,NA,10,11,12,13,12.22548199,3.518232346,8.495264053,2.269153357,0.000000000,10.21812153,0.126310006,6.650931835,72.1530838,1162.0448,2.413749933,-1000.739558,-34.98932305,RufousTailedHawk,15
506,NA,NA,0,NA,NA,NA,NA,0,NA,NA,NA,NA,0,NA,NA,60,NA,NA,NA,NA,40,NA,NA,NA,NA,16,NA,NA,12,NA,NA,NA,NA,15,NA,NA,NA,NA,17,NA,NA,2,NA,NA,NA,NA,2,NA,NA,NA,NA,3,2.931647062,NA,NA,260,NA,NA,NA,NA,343,NA,NA,NA,NA,40,NA,NA,3,NA,NA,NA,NA,8,NA,NA,NA,NA,13,8.08578968,11.26665878,25.71352386,3.79890275,0.000000000,9.116345406,0.010286449,3.058740139,58.23958969,2088.821533,-5.263528347,-955.7395576,-34.98932305,RufousTailedHawk,15
508,NA,NA,0,0,0,0,0,0,0,0,0,0,0,NA,NA,90,30,15,30,10,45,8,20,1,15,50,NA,NA,9,20,12,13,11,10,14,11,9,17,18,NA,NA,2,2,1,2,1,1,1,1,2,2,2,3.461426497,NA,NA,246,362,275,49,352,264,272,325,298,282,303,NA,NA,3,4,5,6,7,8,9,10,11,12,13,15.25987339,0.662192583,4.78260231,7.323536873,0.000000000,8.083280563,0,24.43315125,54.35485077,286.8867493,-1.287811041,-1045.739558,-49.98932305,RufousTailedHawk,15
509,NA,NA,NA,NA,0,NA,0,0,0,0,NA,0,0,NA,NA,NA,NA,45,NA,11,10,1,2,NA,60,63,NA,NA,NA,NA,9,NA,15,12,11,15,NA,10,15,NA,NA,NA,NA,2,NA,1,1,1,1,NA,1,2,3.461426497,NA,NA,NA,NA,313,NA,36,260,326,54,NA,259,308,NA,NA,NA,NA,5,NA,7,8,9,10,NA,12,13,15.25987339,0.662192583,4.78260231,7.323536873,0.000000000,8.083280563,0,24.43315125,54.35485077,286.8867493,-1.287811041,-1030.739558,-49.98932305,RufousTailedHawk,15
510,NA,NA,0,NA,0,NA,0,0,0,0,0,0,NA,NA,NA,120,NA,30,NA,180,120,120,15,6,77,NA,NA,NA,2,NA,15,NA,8,11,8,15,16,13,NA,NA,NA,2,NA,2,NA,1,1,1,2,2,2,NA,2.980134964,NA,NA,245,NA,312,NA,36,263,57,325,333,1,NA,NA,NA,3,NA,5,NA,7,8,9,10,11,12,NA,13.89218712,1.594477892,3.866570234,4.716916561,0.000000000,10.44353867,0,12.51969719,68.33320618,721.3555298,-2.021712542,-1015.739558,-49.98932305,RufousTailedHawk,15
511,NA,0,0,NA,0,NA,NA,0,NA,NA,NA,0,0,NA,60,20,NA,30,NA,NA,23,NA,NA,NA,12,16,NA,13,11,NA,17,NA,NA,17,NA,NA,NA,14,13,NA,2,2,NA,2,NA,NA,1,NA,NA,NA,2,1,3.998908758,NA,317,259,NA,312,NA,NA,320,NA,NA,NA,340,49,NA,2,3,NA,5,NA,NA,8,NA,NA,NA,12,13,12.07065392,4.322975159,7.903618813,2.621730089,0.000000000,13.58854103,0,4.527777672,70.8041153,1249.532227,-1.436600089,-1000.739558,-49.98932305,RufousTailedHawk,15
512,NA,NA,NA,NA,NA,NA,NA,NA,NA,NA,0,NA,NA,NA,NA,NA,NA,NA,NA,NA,NA,NA,NA,97,NA,NA,NA,NA,NA,NA,NA,NA,NA,NA,NA,NA,10,NA,NA,NA,NA,NA,NA,NA,NA,NA,NA,NA,NA,1,NA,NA,5.186662674,NA,NA,NA,NA,NA,NA,NA,NA,NA,NA,271,NA,NA,NA,NA,NA,NA,NA,NA,NA,NA,NA,NA,11,NA,NA,10.39330196,7.301377296,14.82277584,0.332478702,0.000000000,11.93978024,0,0.654735446,72.2540741,1694.471436,4.06529665,-985.7395576,-49.98932305,RufousTailedHawk,15
513,0,NA,NA,NA,NA,NA,NA,NA,NA,NA,0,0,0,60,NA,NA,NA,NA,NA,NA,NA,NA,NA,10,70,32,13,NA,NA,NA,NA,NA,NA,NA,NA,NA,10,12,18,3,NA,NA,NA,NA,NA,NA,NA,NA,NA,1,1,1,2.675856113,309,NA,NA,NA,NA,NA,NA,NA,NA,NA,249,39,59,1,NA,NA,NA,NA,NA,NA,NA,NA,NA,11,12,13,10.09348392,8.303415298,21.17129135,0.806639612,0.000000000,9.735784531,0,1.397981286,66.88465118,1742.912476,-5.170003414,-970.7395576,-49.98932305,RufousTailedHawk,15
514,NA,NA,0,NA,NA,NA,NA,NA,NA,NA,NA,NA,NA,NA,NA,250,NA,NA,NA,NA,NA,NA,NA,NA,NA,NA,NA,NA,7,NA,NA,NA,NA,NA,NA,NA,NA,NA,NA,NA,NA,2,NA,NA,NA,NA,NA,NA,NA,NA,NA,NA,2.962272644,NA,NA,260,NA,NA,NA,NA,NA,NA,NA,NA,NA,NA,NA,NA,3,NA,NA,NA,NA,NA,NA,NA,NA,NA,NA,4.143754005,10.83796024,48.20676041,0.496665895,0.000000000,7.476977348,0,2.791035414,41.02372742,2746.604492,5.539883137,-955.7395576,-49.98932305,RufousTailedHawk,15
516,NA,NA,0,NA,NA,NA,NA,NA,0,NA,0,0,0,NA,NA,60,NA,NA,NA,NA,NA,1,NA,14,110,4,NA,NA,11,NA,NA,NA,NA,NA,12,NA,15,8,18,NA,NA,2,NA,NA,NA,NA,NA,1,NA,1,1,4,4.13927412,NA,NA,245,NA,NA,NA,NA,NA,271,NA,296,349,276,NA,NA,3,NA,NA,NA,NA,NA,9,NA,11,12,13,15.17770767,2.114686966,6.434133053,14.52889919,0.340141088,7.886137486,0.882648885,25.57967377,36.52240753,265.021698,2.629884243,-1045.739558,-64.98932305,RufousTailedHawk,15
517,0,0,NA,0,NA,NA,0,0,0,0,0,0,0,180,40,NA,90,NA,NA,1,60,62,19,154,103,55,8,9,NA,11,NA,NA,17,15,12,21,11,9,18,1,2,NA,3,NA,NA,2,2,1,1,1,1,1,4.13927412,296,316,NA,18,NA,NA,36,266,53,365,256,260,278,1,2,NA,4,NA,NA,7,8,9,10,11,12,13,15.17770767,2.114686966,6.434133053,14.52889919,0.340141088,7.886137486,0.882648885,25.57967377,36.52240753,265.021698,2.629884243,-1030.739558,-64.98932305,RufousTailedHawk,15
519,NA,NA,NA,NA,NA,NA,NA,NA,NA,NA,NA,0,0,NA,NA,NA,NA,NA,NA,NA,NA,NA,NA,NA,7,2,NA,NA,NA,NA,NA,NA,NA,NA,NA,NA,NA,12,9,NA,NA,NA,NA,NA,NA,NA,NA,NA,NA,NA,2,1,2.420514822,NA,NA,NA,NA,NA,NA,NA,NA,NA,NA,NA,340,330,NA,NA,NA,NA,NA,NA,NA,NA,NA,NA,NA,12,13,13.89017773,3.477136135,4.318948269,4.588999748,0.000000000,12.42185211,0.182933792,8.171274185,69.93839264,840.6604004,-0.718918324,-1000.739558,-64.98932305,RufousTailedHawk,15
520,NA,NA,NA,NA,NA,0,0,NA,NA,0,NA,0,0,NA,NA,NA,NA,NA,15,40,NA,NA,20,NA,33,12,NA,NA,NA,NA,NA,11,15,NA,NA,18,NA,18,19,NA,NA,NA,NA,NA,2,1,NA,NA,1,NA,2,1,2.558711529,NA,NA,NA,NA,NA,284,25,NA,NA,40,NA,268,55,NA,NA,NA,NA,NA,6,7,NA,NA,10,NA,12,13,13.87305355,5.648429394,15.78908062,1.887626171,0.000000000,10.82660103,0,0.510475159,70.32026672,991.2266846,-2.750670195,-985.7395576,-64.98932305,RufousTailedHawk,15
521,NA,NA,0,NA,NA,0,NA,NA,NA,NA,0,0,0,NA,NA,40,NA,NA,64,NA,NA,NA,NA,9,15,51,NA,NA,16,NA,NA,13,NA,NA,NA,NA,18,10,17,NA,NA,8,NA,NA,2,NA,NA,NA,NA,1,1,1,2.266597748,NA,NA,252,NA,NA,284,NA,NA,NA,NA,255,311,260,NA,NA,3,NA,NA,6,NA,NA,NA,NA,11,12,13,12.67631531,8.424371719,16.4132576,4.381049156,0.047281083,11.26004601,0,2.529659986,64.52778625,1305.945557,-5.925050259,-970.7395576,-64.98932305,RufousTailedHawk,15
523,0,NA,0,0,0,0,0,0,0,0,0,0,0,120,NA,120,180,228,120,180,10,120,120,60,104,34,7,NA,11,9,11,9,11,13,8,11,12,12,15,3,NA,1,1,3,1,2,1,1,2,1,1,1,5.119364262,37,NA,261,260,270,256,287,294,263,262,285,323,275,1,NA,3,4,5,6,7,8,9,10,11,12,13,15.67140102,2.691017866,3.973081589,11.29729652,0.026188660,12.38742161,0.563338161,15.53124237,56.05440903,235.8770599,-2.912245274,-1030.739558,-79.98932305,RufousTailedHawk,15
524,NA,NA,NA,NA,0,NA,NA,0,NA,NA,NA,NA,NA,NA,NA,NA,NA,66,NA,NA,153,NA,NA,NA,NA,NA,NA,NA,NA,NA,9,NA,NA,14,NA,NA,NA,NA,NA,NA,NA,NA,NA,3,NA,NA,1,NA,NA,NA,NA,NA,5.119364262,NA,NA,NA,NA,270,NA,NA,257,NA,NA,NA,NA,NA,NA,NA,NA,NA,5,NA,NA,8,NA,NA,NA,NA,NA,15.67140102,2.691017866,3.973081589,11.29729652,0.026188660,12.38742161,0.563338161,15.53124237,56.05440903,235.8770599,-2.912245274,-1015.739558,-79.98932305,RufousTailedHawk,15
525,NA,NA,NA,NA,NA,0,NA,NA,NA,0,NA,0,0,NA,NA,NA,NA,NA,48,NA,NA,NA,5,NA,4,10,NA,NA,NA,NA,NA,10,NA,NA,NA,19,NA,12,11,NA,NA,NA,NA,NA,2,NA,NA,NA,3,NA,2,2,3.941721916,NA,NA,NA,NA,NA,284,NA,NA,NA,309,NA,340,48,NA,NA,NA,NA,NA,6,NA,NA,NA,10,NA,12,13,15.20730019,3.064496994,2.589061022,10.99776459,0.033329211,11.98554516,0.221827894,10.44102192,62.34976578,475.2913818,-0.968951762,-1000.739558,-79.98932305,RufousTailedHawk,15
526,NA,NA,0,NA,NA,NA,NA,NA,NA,NA,NA,0,NA,NA,NA,45,NA,NA,NA,NA,NA,NA,NA,NA,8,NA,NA,NA,12,NA,NA,NA,NA,NA,NA,NA,NA,12,NA,NA,NA,5,NA,NA,NA,NA,NA,NA,NA,NA,1,NA,4.1392169,NA,NA,252,NA,NA,NA,NA,NA,NA,NA,NA,277,NA,NA,NA,3,NA,NA,NA,NA,NA,NA,NA,NA,12,NA,14.45442009,5.175222874,6.762975693,9.753326416,0.177815795,13.18824482,0,4.471556664,63.93506622,804.5498047,3.066744566,-985.7395576,-79.98932305,RufousTailedHawk,15
527,NA,NA,0,NA,NA,0,NA,NA,NA,NA,0,NA,NA,NA,NA,20,NA,NA,5,NA,NA,NA,NA,30,NA,NA,NA,NA,13,NA,NA,16,NA,NA,NA,NA,12,NA,NA,NA,NA,5,NA,NA,2,NA,NA,NA,NA,1,NA,NA,2.900995255,NA,NA,252,NA,NA,284,NA,NA,NA,NA,301,NA,NA,NA,NA,3,NA,NA,6,NA,NA,NA,NA,11,NA,NA,14.10854053,8.617306709,8.029909134,3.809821844,0.000000000,12.16642857,0,1.05479753,74.68566132,1050.810181,-1.33192122,-970.7395576,-79.98932305,RufousTailedHawk,15
528,NA,NA,0,NA,NA,0,NA,NA,NA,NA,NA,NA,NA,NA,NA,20,NA,NA,12,NA,NA,NA,NA,NA,NA,NA,NA,NA,17,NA,NA,17,NA,NA,NA,NA,NA,NA,NA,NA,NA,7,NA,NA,2,NA,NA,NA,NA,NA,NA,NA,6.490677357,NA,NA,252,NA,NA,284,NA,NA,NA,NA,NA,NA,NA,NA,NA,3,NA,NA,6,NA,NA,NA,NA,NA,NA,NA,8.695931435,12.4855032,23.91758728,0.002347823,0.000000000,8.180183411,0,0.655513048,67.0873642,2068.268311,4.145105362,-955.7395576,-79.98932305,RufousTailedHawk,15
530,0,NA,0,0,0,0,0,0,0,0,0,0,0,20,NA,90,10,30,15,135,120,15,300,93,120,104,12,NA,0,15,18,18,12,8,18,9,13,5,10,2,NA,2,2,1,3,1,1,1,2,2,1,2,2.558905125,331,NA,358,259,354,256,261,315,272,303,341,282,259,1,NA,3,4,5,6,7,8,9,10,11,12,13,15.8560257,2.729867458,2.884446621,14.6285944,0.256253541,10.66391277,0.236932516,20.584198,49.04690552,159.543869,-0.00931059,-1030.739558,-94.98932305,RufousTailedHawk,15
531,0,0,NA,NA,0,0,0,0,0,0,0,0,0,2,90,NA,NA,30,240,2,3,10,6,8,35,17,14,19,NA,NA,18,11,18,11,18,20,7,9,8,2,2,NA,NA,1,2,2,1,1,1,1,1,1,2.558905125,331,34,NA,NA,362,58,36,266,297,364,300,259,342,1,2,NA,NA,5,6,7,8,9,10,11,12,13,15.8560257,2.729867458,2.884446621,14.6285944,0.256253541,10.66391277,0.236932516,20.584198,49.04690552,159.543869,-0.00931059,-1015.739558,-94.98932305,RufousTailedHawk,15
532,NA,NA,NA,NA,NA,NA,NA,NA,NA,NA,NA,0,0,NA,NA,NA,NA,NA,NA,NA,NA,NA,NA,NA,16,240,NA,NA,NA,NA,NA,NA,NA,NA,NA,NA,NA,8,18,NA,NA,NA,NA,NA,NA,NA,NA,NA,NA,NA,1,3,3.457851171,NA,NA,NA,NA,NA,NA,NA,NA,NA,NA,NA,308,304,NA,NA,NA,NA,NA,NA,NA,NA,NA,NA,NA,12,13,14.84837627,3.930555344,2.796089888,10.90656853,0.037489008,9.435932159,1.253590345,11.77726936,62.61165619,527.583252,-2.999508858,-1000.739558,-94.98932305,RufousTailedHawk,15
533,NA,NA,0,NA,NA,NA,NA,NA,NA,NA,NA,0,NA,NA,NA,50,NA,NA,NA,NA,NA,NA,NA,NA,2,NA,NA,NA,12,NA,NA,NA,NA,NA,NA,NA,NA,12,NA,NA,NA,3,NA,NA,NA,NA,NA,NA,NA,NA,1,NA,3.132249832,NA,NA,252,NA,NA,NA,NA,NA,NA,NA,NA,277,NA,NA,NA,3,NA,NA,NA,NA,NA,NA,NA,NA,12,NA,14.68559647,4.943219662,6.232554913,5.305434704,0.016296066,12.32860661,0,4.851550102,71.12710571,747.7717285,1.698317409,-985.7395576,-94.98932305,RufousTailedHawk,15
534,NA,NA,0,NA,NA,NA,NA,NA,NA,NA,NA,NA,0,NA,NA,15,NA,NA,NA,NA,NA,NA,NA,NA,NA,240,NA,NA,11,NA,NA,NA,NA,NA,NA,NA,NA,NA,12,NA,NA,7,NA,NA,NA,NA,NA,NA,NA,NA,NA,1,5.549871922,NA,NA,253,NA,NA,NA,NA,NA,NA,NA,NA,NA,249,NA,NA,3,NA,NA,NA,NA,NA,NA,NA,NA,NA,13,13.55309582,9.762957573,7.564706326,1.850115061,0.013727807,12.83080006,0,1.226698756,76.01898193,1217.394897,-0.862292588,-970.7395576,-94.98932305,RufousTailedHawk,15
535,NA,NA,NA,NA,NA,NA,NA,NA,NA,0,NA,0,NA,NA,NA,NA,NA,NA,NA,NA,NA,NA,90,NA,60,NA,NA,NA,NA,NA,NA,NA,NA,NA,NA,10,NA,9,NA,NA,NA,NA,NA,NA,NA,NA,NA,NA,3,NA,1,NA,2.701596022,NA,NA,NA,NA,NA,NA,NA,NA,NA,303,NA,277,NA,NA,NA,NA,NA,NA,NA,NA,NA,NA,10,NA,12,NA,12.15580082,13.0274601,9.77103138,4.325705051,0.084021673,11.24207306,0,1.954236269,72.30406189,1531.126221,-2.969132423,-955.7395576,-94.98932305,RufousTailedHawk,15
538,0,0,0,0,0,0,0,0,0,0,0,0,0,180,45,90,120,120,120,60,30,20,60,240,155,32,11,14,11,14,10,11,13,11,14,17,16,14,12,1,4,2,2,3,1,9,1,1,1,2,1,1,4.998976707,283,309,358,325,363,249,247,308,308,295,350,364,339,1,2,3,4,5,6,7,8,9,10,11,12,13,15.04259396,2.601810932,4.164906025,16.00336266,0.366329193,12.53500843,0.990220547,19.76565552,45.57130051,306.5500488,-0.041251022,-1030.739558,-109.989323,RufousTailedHawk,15
539,NA,NA,NA,NA,0,NA,0,0,0,0,0,0,0,NA,NA,NA,NA,60,NA,60,300,5,5,6,19,4,NA,NA,NA,NA,22,NA,19,11,12,21,17,12,11,NA,NA,NA,NA,2,NA,1,1,2,4,1,1,1,4.998976707,NA,NA,NA,NA,26,NA,25,294,251,313,300,290,331,NA,NA,NA,NA,5,NA,7,8,9,10,11,12,13,15.04259396,2.601810932,4.164906025,16.00336266,0.366329193,12.53500843,0.990220547,19.76565552,45.57130051,306.5500488,-0.041251022,-1015.739558,-109.989323,RufousTailedHawk,15
540,0,0,0,NA,0,NA,NA,0,0,0,0,0,0,140,150,200,NA,138,NA,NA,3,1,14,6,121,6,15,11,9,NA,11,NA,NA,10,15,18,17,10,17,2,2,3,NA,2,NA,NA,1,1,1,1,1,1,6.932107449,305,305,357,NA,263,NA,NA,266,251,358,360,285,259,1,2,3,NA,5,NA,NA,8,9,10,11,12,13,13.23385811,4.773741245,5.833727837,8.415426254,0.048689052,11.78117466,2.528982639,9.260085106,60.03583908,917.3800049,2.219377756,-1000.739558,-109.989323,RufousTailedHawk,15
541,NA,NA,NA,NA,NA,NA,NA,NA,NA,0,NA,NA,NA,NA,NA,NA,NA,NA,NA,NA,NA,NA,140,NA,NA,NA,NA,NA,NA,NA,NA,NA,NA,NA,NA,10,NA,NA,NA,NA,NA,NA,NA,NA,NA,NA,NA,NA,1,NA,NA,NA,7.598742962,NA,NA,NA,NA,NA,NA,NA,NA,NA,3,NA,NA,NA,NA,NA,NA,NA,NA,NA,NA,NA,NA,10,NA,NA,NA,13.0558176,7.048622608,7.293532848,4.97153759,0.000000000,14.20336342,0.049523946,1.742780328,70.72311401,1172.9729,-0.612409472,-985.7395576,-109.989323,RufousTailedHawk,15
542,NA,NA,NA,NA,NA,NA,NA,NA,NA,NA,0,0,0,NA,NA,NA,NA,NA,NA,NA,NA,NA,NA,20,10,221,NA,NA,NA,NA,NA,NA,NA,NA,NA,NA,17,21,11,NA,NA,NA,NA,NA,NA,NA,NA,NA,NA,1,1,2,3.053718567,NA,NA,NA,NA,NA,NA,NA,NA,NA,NA,286,2,246,NA,NA,NA,NA,NA,NA,NA,NA,NA,NA,11,12,13,13.268116,10.04868889,7.215191841,7.803188801,0.022813540,8.981738091,0.163036808,2.398774624,70.70443726,1246.635742,0.826215506,-970.7395576,-109.989323,RufousTailedHawk,15
543,0,NA,0,NA,NA,NA,0,NA,0,0,NA,0,0,120,NA,30,NA,NA,NA,100,NA,119,44,NA,3,174,8,NA,13,NA,NA,NA,10,NA,12,12,NA,8,16,1,NA,2,NA,NA,NA,1,NA,1,2,NA,1,1,3.535505056,313,NA,291,NA,NA,NA,269,NA,321,266,NA,277,336,1,NA,3,NA,NA,NA,7,NA,9,10,NA,12,13,14.10592461,12.12873268,15.48852062,6.668707371,0.077761233,10.07858562,0.01603223,2.125417233,63.79855347,1185.669312,-2.437259912,-955.7395576,-109.989323,RufousTailedHawk,15
544,NA,NA,NA,NA,NA,NA,NA,NA,NA,NA,NA,0,0,NA,NA,NA,NA,NA,NA,NA,NA,NA,NA,NA,40,24,NA,NA,NA,NA,NA,NA,NA,NA,NA,NA,NA,19,14,NA,NA,NA,NA,NA,NA,NA,NA,NA,NA,NA,1,2,9.931937218,NA,NA,NA,NA,NA,NA,NA,NA,NA,NA,NA,350,259,NA,NA,NA,NA,NA,NA,NA,NA,NA,NA,NA,12,13,5.141738415,13.83911419,49.85613251,0.83708626,0.000000000,6.811371326,0,1.849324584,40.12872696,2597.715088,2.835378885,-940.7395576,-109.989323,RufousTailedHawk,15
545,0,NA,NA,NA,NA,NA,NA,NA,NA,NA,NA,0,0,180,NA,NA,NA,NA,NA,NA,NA,NA,NA,NA,77,77,8,NA,NA,NA,NA,NA,NA,NA,NA,NA,NA,9,10,2,NA,NA,NA,NA,NA,NA,NA,NA,NA,NA,1,1,9.931937218,261,NA,NA,NA,NA,NA,NA,NA,NA,NA,NA,304,309,1,NA,NA,NA,NA,NA,NA,NA,NA,NA,NA,12,13,5.141738415,13.83911419,49.85613251,0.83708626,0.000000000,6.811371326,0,1.849324584,40.12872696,2597.715088,2.835378885,-925.7395576,-109.989323,RufousTailedHawk,15
546,0,0,0,0,0,0,0,0,0,0,0,0,0,10,30,150,25,90,45,60,7,300,240,1,180,52,9,19,16,8,15,16,11,13,7,16,16,9,19,2,3,1,3,1,2,1,1,3,2,1,1,1,2.368453026,331,310,304,302,307,347,337,252,308,361,291,341,281,1,2,3,4,5,6,7,8,9,10,11,12,13,15.09301281,2.672674894,6.386443615,6.997572899,0.018933384,7.370181561,0,10.24841309,54.86023331,50.13653564,-0.229936182,-1030.739558,-124.989323,RufousTailedHawk,15
547,NA,NA,NA,NA,NA,NA,0,NA,0,NA,0,NA,0,NA,NA,NA,NA,NA,NA,30,NA,45,NA,13,NA,33,NA,NA,NA,NA,NA,NA,20,NA,17,NA,17,NA,18,NA,NA,NA,NA,NA,NA,1,NA,1,NA,1,NA,3,5.829927444,NA,NA,NA,NA,NA,NA,19,NA,254,NA,316,NA,357,NA,NA,NA,NA,NA,NA,7,NA,9,NA,11,NA,13,14.52394581,2.696085215,3.847022295,17.0291729,0.382530421,14.87491417,4.457261562,16.76239204,41.43070984,394.3468628,0.262567818,-1015.739558,-124.989323,RufousTailedHawk,15
548,NA,NA,NA,0,NA,NA,0,0,0,0,0,0,0,NA,NA,NA,90,NA,NA,1,3,70,120,95,20,2,NA,NA,NA,9,NA,NA,18,10,12,12,12,16,7,NA,NA,NA,1,NA,NA,2,2,2,3,1,1,1,2.715376139,NA,NA,NA,4,NA,NA,36,266,306,244,265,331,286,NA,NA,NA,4,NA,NA,7,8,9,10,11,12,13,14.64612484,2.59509325,2.12233758,27.27380753,1.232125640,9.50890255,3.448634624,10.1225996,40.91031265,488.2941589,-1.17365098,-1000.739558,-124.989323,RufousTailedHawk,15
549,NA,NA,NA,NA,NA,NA,0,0,0,0,NA,0,0,NA,NA,NA,NA,NA,NA,60,2,1,101,NA,12,25,NA,NA,NA,NA,NA,NA,13,18,13,14,NA,12,11,NA,NA,NA,NA,NA,NA,2,1,1,1,NA,1,1,4.966440201,NA,NA,NA,NA,NA,NA,254,343,362,295,NA,253,250,NA,NA,NA,NA,NA,NA,7,8,9,10,NA,12,13,14.35322094,4.081923962,4.149672985,28.98449135,0.569787323,7.690380573,1.954432607,5.195675373,47.5153389,754.8227539,0.611641228,-985.7395576,-124.989323,RufousTailedHawk,15
550,NA,NA,0,NA,NA,NA,NA,0,0,0,NA,0,0,NA,NA,120,NA,NA,NA,NA,128,6,15,NA,30,145,NA,NA,11,NA,NA,NA,NA,18,21,15,NA,13,13,NA,NA,1,NA,NA,NA,NA,1,1,1,NA,1,1,2.85317564,NA,NA,41,NA,NA,NA,NA,343,361,20,NA,246,257,NA,NA,3,NA,NA,NA,NA,8,9,10,NA,12,13,14.84064865,7.50210619,7.458431721,23.3519783,0.667430043,8.455917358,0.206805974,5.605905056,51.17765427,825.3598633,2.192176104,-970.7395576,-124.989323,RufousTailedHawk,15
551,NA,NA,0,NA,NA,0,NA,0,0,0,0,0,0,NA,NA,60,NA,NA,30,NA,15,9,10,47,163,2,NA,NA,15,NA,NA,17,NA,10,17,12,10,18,17,NA,NA,3,NA,NA,4,NA,1,1,2,1,1,1,2.025955677,NA,NA,258,NA,NA,270,NA,330,305,331,277,245,257,NA,NA,3,NA,NA,6,NA,8,9,10,11,12,13,15.5249548,10.06999874,5.505752563,41.25953674,0.274041057,3.365614653,0.071533658,7.646305561,27.01911736,792,-2.261609316,-955.7395576,-124.989323,RufousTailedHawk,15
552,NA,NA,NA,NA,NA,NA,NA,0,0,0,0,0,0,NA,NA,NA,NA,NA,NA,NA,92,60,240,300,35,16,NA,NA,NA,NA,NA,NA,NA,8,10,10,8,17,12,NA,NA,NA,NA,NA,NA,NA,1,1,2,1,1,1,5.028728485,NA,NA,NA,NA,NA,NA,NA,44,329,261,249,267,259,NA,NA,NA,NA,NA,NA,NA,8,9,10,11,12,13,12.56863308,16.33342934,10.20062065,9.812264442,0.000000000,9.579388618,0,2.747932434,65.10023499,1460.406006,-3.056922913,-940.7395576,-124.989323,RufousTailedHawk,15
553,NA,NA,NA,0,0,0,0,0,0,0,0,0,NA,NA,NA,NA,180,240,120,120,120,60,60,60,30,NA,NA,NA,NA,10,21,11,12,12,12,11,12,11,NA,NA,NA,NA,1,1,1,4,1,1,1,1,1,NA,3.303247452,NA,NA,NA,12,261,264,262,32,364,1,261,262,NA,NA,NA,NA,4,5,6,7,8,9,10,11,12,NA,6.645347595,17.67632484,41.86510849,0.580874085,0.000000000,5.466823101,0.024064582,2.806287527,48.55467606,2377.953125,-2.402712822,-925.7395576,-124.989323,RufousTailedHawk,15
554,NA,NA,NA,NA,NA,NA,NA,NA,NA,NA,0,NA,NA,NA,NA,NA,NA,NA,NA,NA,NA,NA,NA,20,NA,NA,NA,NA,NA,NA,NA,NA,NA,NA,NA,NA,11,NA,NA,NA,NA,NA,NA,NA,NA,NA,NA,NA,NA,1,NA,NA,6.494494438,NA,NA,NA,NA,NA,NA,NA,NA,NA,NA,270,NA,NA,NA,NA,NA,NA,NA,NA,NA,NA,NA,NA,11,NA,NA,0.889871001,16.63027,66.22431946,0,0.000000000,1.702226877,0.048700061,0.803097486,29.94935608,3216.373779,-8.78392601,-910.7395576,-124.989323,RufousTailedHawk,15
555,0,0,0,0,0,0,0,0,0,0,0,0,0,60,240,240,30,10,10,120,60,56,12,62,6,1,18,8,10,8,10,14,6,9,8,18,13,16,11,1,1,1,1,3,4,1,2,1,1,1,2,1,1.212728143,274,295,273,364,345,325,347,275,280,285,291,270,343,1,2,3,4,5,6,7,8,9,10,11,12,13,14.89089108,2.562551737,8.499938965,20.20354652,0.907988966,6.686523438,0,13.33096218,27.57208061,65.26584625,-0.957216084,-1030.739558,-139.989323,RufousTailedHawk,15
556,NA,NA,NA,NA,NA,NA,0,0,0,0,0,0,0,NA,NA,NA,NA,NA,NA,300,66,90,80,60,2,107,NA,NA,NA,NA,NA,NA,11,13,16,16,16,12,9,NA,NA,NA,NA,NA,NA,2,2,1,2,1,1,1,4.813015938,NA,NA,NA,NA,NA,NA,1,301,255,272,314,296,309,NA,NA,NA,NA,NA,NA,7,8,9,10,11,12,13,14.77577877,1.846549869,4.413312435,31.63003159,1.685122132,10.04543591,4.591002464,14.39497375,30.65648651,244.5111542,-0.466459632,-1015.739558,-139.989323,RufousTailedHawk,15
557,NA,NA,NA,NA,0,0,0,0,0,0,0,0,0,NA,NA,NA,NA,60,90,120,1,2,10,57,3,19,NA,NA,NA,NA,13,9,9,13,11,13,17,13,9,NA,NA,NA,NA,4,2,1,2,2,1,3,1,1,3.250750065,NA,NA,NA,NA,3,364,351,290,309,339,290,246,308,NA,NA,NA,NA,5,6,7,8,9,10,11,12,13,14.51374054,3.153819084,4.690191746,27.62407112,2.784108639,6.669276237,3.845452547,13.90631962,38.71930695,477.6470947,4.725389481,-1000.739558,-139.989323,RufousTailedHawk,15
558,NA,0,0,0,0,0,0,0,0,0,NA,0,0,NA,180,60,240,180,300,1,120,3,90,NA,20,5,NA,8,11,8,9,11,18,11,13,9,NA,19,13,NA,4,3,4,10,3,2,8,1,4,NA,3,1,3.661940813,NA,309,266,307,320,319,36,328,305,364,NA,282,293,NA,2,3,4,5,6,7,8,9,10,NA,12,13,14.38824272,4.915991306,5.667750835,25.49682617,0.964428127,6.389609814,0.510427117,15.23729897,44.31949234,693.4748535,-3.172655106,-985.7395576,-139.989323,RufousTailedHawk,15
559,NA,NA,NA,NA,NA,0,0,NA,NA,0,0,0,0,NA,NA,NA,NA,NA,1,10,NA,NA,240,120,300,3,NA,NA,NA,NA,NA,13,13,NA,NA,16,10,13,7,NA,NA,NA,NA,NA,1,2,NA,NA,4,1,4,1,3.15633297,NA,NA,NA,NA,NA,289,361,NA,NA,277,246,2,286,NA,NA,NA,NA,NA,6,7,NA,NA,10,11,12,13,14.37639046,9.540978432,9.185774803,6.630826473,0.328640103,12.87393093,0.207479566,4.992536545,65.74628448,966.8264771,-0.448344558,-970.7395576,-139.989323,RufousTailedHawk,15
560,NA,NA,NA,0,0,0,0,0,0,NA,0,0,0,NA,NA,NA,60,93,60,90,218,98,NA,164,15,6,NA,NA,NA,10,10,12,12,14,10,NA,11,11,12,NA,NA,NA,2,2,1,4,2,1,NA,1,1,1,3.002788305,NA,NA,NA,293,304,304,297,266,253,NA,291,246,271,NA,NA,NA,4,5,6,7,8,9,NA,11,12,13,13.95397282,12.85055637,6.778300285,16.39725494,0.089025073,9.444901466,0.004205543,3.209026098,61.05475998,1167.789429,2.639642,-955.7395576,-139.989323,RufousTailedHawk,15
561,NA,NA,NA,NA,NA,NA,0,NA,NA,NA,NA,NA,0,NA,NA,NA,NA,NA,NA,5,NA,NA,NA,NA,NA,3,NA,NA,NA,NA,NA,NA,15,NA,NA,NA,NA,NA,13,NA,NA,NA,NA,NA,NA,4,NA,NA,NA,NA,NA,2,7.469760418,NA,NA,NA,NA,NA,NA,16,NA,NA,NA,NA,NA,7,NA,NA,NA,NA,NA,NA,7,NA,NA,NA,NA,NA,13,10.76061249,16.32105637,17.31078529,4.629842758,0.033064783,6.398219585,0.01449227,2.374567986,68.65868378,1745.483032,4.310396671,-940.7395576,-139.989323,RufousTailedHawk,15
562,NA,0,NA,NA,NA,NA,0,0,NA,0,0,0,0,NA,100,NA,NA,NA,NA,180,46,NA,180,75,8,30,NA,11,NA,NA,NA,NA,21,9,NA,18,18,10,11,NA,1,NA,NA,NA,NA,1,1,NA,2,1,1,2,3.303247452,NA,355,NA,NA,NA,NA,10,339,NA,23,327,321,270,NA,2,NA,NA,NA,NA,7,8,NA,10,11,12,13,6.645347595,17.67632484,41.86510849,0.580874085,0.000000000,5.466823101,0.024064582,2.806287527,48.55467606,2377.953125,-2.402712822,-925.7395576,-139.989323,RufousTailedHawk,15
563,NA,NA,NA,NA,NA,NA,0,0,NA,NA,NA,NA,0,NA,NA,NA,NA,NA,NA,6,5,NA,NA,NA,NA,5,NA,NA,NA,NA,NA,NA,8,9,NA,NA,NA,NA,12,NA,NA,NA,NA,NA,NA,3,4,NA,NA,NA,NA,2,6.494494438,NA,NA,NA,NA,NA,NA,364,342,NA,NA,NA,NA,270,NA,NA,NA,NA,NA,NA,7,8,NA,NA,NA,NA,13,0.889871001,16.63027,66.22431946,0,0.000000000,1.702226877,0.048700061,0.803097486,29.94935608,3216.373779,-8.78392601,-910.7395576,-139.989323,RufousTailedHawk,15
564,0,0,0,0,0,0,0,0,0,0,0,0,0,10,120,60,10,180,60,30,3,5,15,240,12,57,16,9,8,10,11,17,9,6,17,16,9,16,16,2,1,1,1,1,1,1,1,2,2,1,1,1,1.168407679,329,324,47,13,324,299,349,327,317,348,322,282,247,1,2,3,4,5,6,7,8,9,10,11,12,13,14.89347649,3.176169634,3.609296322,13.85534096,0.451341540,4.859398842,0.073360942,12.49030113,23.2649231,140.2052612,0.012986209,-1045.739558,-154.989323,RufousTailedHawk,15
565,0,0,0,0,0,0,0,0,0,0,0,0,0,70,30,30,150,240,45,80,90,93,7,120,30,51,7,23,7,11,14,12,11,15,10,14,10,1,17,1,2,1,1,2,1,1,1,1,1,5,1,1,1.168407679,330,316,320,263,299,296,344,354,343,285,297,332,317,1,2,3,4,5,6,7,8,9,10,11,12,13,14.89347649,3.176169634,3.609296322,13.85534096,0.451341540,4.859398842,0.073360942,12.49030113,23.2649231,140.2052612,0.012986209,-1030.739558,-154.989323,RufousTailedHawk,15
566,0,NA,0,NA,0,0,0,0,0,0,0,0,0,2,NA,250,NA,60,31,60,10,1,31,60,20,75,15,NA,9,NA,15,10,11,10,18,17,12,13,18,1,NA,4,NA,1,1,1,1,1,1,1,1,1,2.715922356,257,NA,33,NA,15,42,253,310,259,297,305,331,281,1,NA,3,NA,5,6,7,8,9,10,11,12,13,15.16488171,2.211370945,7.795516014,22.78079414,0.609295428,6.507288456,0.56981349,20.8210144,29.00494957,172.3590393,-0.718797922,-1015.739558,-154.989323,RufousTailedHawk,15
567,0,0,0,0,0,0,0,0,0,0,0,0,0,90,45,90,180,60,270,180,180,135,10,52,60,89,21,14,17,11,10,8,14,8,9,12,11,17,7,2,2,5,4,1,3,7,10,2,1,1,1,1,2.628517866,304,48,262,292,255,309,345,339,306,291,286,293,317,1,2,3,4,5,6,7,8,9,10,11,12,13,14.61049843,4.036431789,3.730220318,23.58427238,0.506928623,8.29535675,6.333688259,19.24554634,35.07821655,426.1074219,-4.334414959,-1000.739558,-154.989323,RufousTailedHawk,15
568,0,0,0,NA,0,0,0,0,0,0,0,0,0,240,120,5,NA,90,1,180,31,13,5,180,2,235,14,15,15,NA,19,15,10,19,18,10,9,13,9,1,3,1,NA,2,1,1,1,1,1,1,1,1,2.623538733,288,310,52,NA,273,291,263,365,259,300,249,342,317,1,2,3,NA,5,6,7,8,9,10,11,12,13,12.99214172,9.319562912,1.008376837,20.87860489,0.513285100,10.13244724,2.45872879,19.75608253,44.18932724,1072.887085,1.928027272,-985.7395576,-154.989323,RufousTailedHawk,15
569,NA,NA,NA,NA,NA,0,0,0,0,0,0,0,0,NA,NA,NA,NA,NA,60,60,15,60,60,12,71,3,NA,NA,NA,NA,NA,11,19,18,7,17,10,18,7,NA,NA,NA,NA,NA,3,3,1,3,1,1,1,1,2.422328711,NA,NA,NA,NA,NA,43,301,337,335,264,342,283,286,NA,NA,NA,NA,NA,6,7,8,9,10,11,12,13,14.7186594,9.58234024,8.873120308,15.36566257,0.139373675,10.49080849,0.057615027,8.648284912,55.69906616,779.3848877,-1.678990364,-970.7395576,-154.989323,RufousTailedHawk,15
570,NA,0,0,0,NA,0,0,0,0,0,0,0,0,NA,160,30,40,NA,9,10,60,60,120,20,30,120,NA,17,18,18,NA,8,9,11,9,13,12,9,11,NA,2,1,2,NA,1,4,4,1,2,3,1,1,3.245815277,NA,266,288,306,NA,301,16,269,299,272,58,246,318,NA,2,3,4,NA,6,7,8,9,10,11,12,13,14.72357655,11.83122158,10.82930088,11.82397747,0.126808554,10.43349457,0.151797995,4.979613304,61.59101486,898.3500977,-5.327474117,-955.7395576,-154.989323,RufousTailedHawk,15
572,NA,0,NA,NA,NA,NA,NA,NA,NA,NA,NA,NA,NA,NA,30,NA,NA,NA,NA,NA,NA,NA,NA,NA,NA,NA,NA,14,NA,NA,NA,NA,NA,NA,NA,NA,NA,NA,NA,NA,1,NA,NA,NA,NA,NA,NA,NA,NA,NA,NA,NA,7.660746574,NA,355,NA,NA,NA,NA,NA,NA,NA,NA,NA,NA,NA,NA,2,NA,NA,NA,NA,NA,NA,NA,NA,NA,NA,NA,-0.724024057,14.03298283,74.49569702,0,0.000000000,2.654371977,0,1.684939027,20.90199661,3404.652588,1.866652608,-925.7395576,-154.989323,RufousTailedHawk,15
574,0,NA,0,0,0,0,0,0,0,0,0,0,0,180,NA,60,180,259,60,60,60,20,33,30,42,31,17,NA,10,13,8,18,12,11,17,10,15,13,15,1,NA,1,2,2,1,1,1,3,1,1,1,1,2.348713875,283,NA,308,341,334,53,284,313,302,313,364,365,345,1,NA,3,4,5,6,7,8,9,10,11,12,13,14.3427124,4.285568237,1.523246169,6.228745461,0.590080023,8.75200367,13.68682003,4.570801735,15.18392754,134.376358,1.216396093,-1045.739558,-169.989323,RufousTailedHawk,15
575,NA,0,0,0,0,NA,0,0,0,0,0,0,0,NA,30,45,90,90,NA,100,1,30,6,3,25,24,NA,16,18,10,11,NA,10,16,18,15,12,8,17,NA,2,1,2,2,NA,3,1,2,1,1,1,1,3.582928896,NA,47,301,314,316,NA,351,245,356,307,304,280,327,NA,2,3,4,5,NA,7,8,9,10,11,12,13,14.23688889,4.775243759,4.577892303,16.73208809,3.598847866,10.85850525,25.44724655,13.20918179,19.78051376,351.4597473,0.812198818,-1030.739558,-169.989323,RufousTailedHawk,15
576,0,0,NA,NA,NA,NA,NA,0,0,0,0,0,0,120,3,NA,NA,NA,NA,NA,66,210,79,6,140,80,10,14,NA,NA,NA,NA,NA,17,15,15,16,14,16,1,2,NA,NA,NA,NA,NA,1,1,1,1,1,2,3.055464983,313,49,NA,NA,NA,NA,NA,295,274,282,355,303,271,1,2,NA,NA,NA,NA,NA,8,9,10,11,12,13,14.52765656,5.255664825,3.292103291,27.32825661,1.777937531,7.801453114,8.119351387,23.55616951,26.7848053,366.4270935,1.689779162,-1015.739558,-169.989323,RufousTailedHawk,15
577,NA,NA,NA,NA,0,0,0,0,NA,0,0,0,0,NA,NA,NA,NA,50,45,15,5,NA,84,180,90,7,NA,NA,NA,NA,13,14,12,18,NA,8,15,19,15,NA,NA,NA,NA,2,1,1,1,NA,2,3,1,2,2.413541794,NA,NA,NA,NA,270,31,305,300,NA,293,313,325,20,NA,NA,NA,NA,5,6,7,8,NA,10,11,12,13,13.49243259,7.538034439,1.810960054,22.27573204,1.320249677,8.998971939,5.181741714,23.7747879,35.90551758,761.4008789,1.135868073,-1000.739558,-169.989323,RufousTailedHawk,15
578,NA,NA,NA,0,NA,0,0,0,0,0,0,NA,0,NA,NA,NA,180,NA,60,300,15,180,119,60,NA,30,NA,NA,NA,8,NA,17,9,17,10,4,22,NA,10,NA,NA,NA,3,NA,3,2,4,1,1,2,NA,1,4.336545467,NA,NA,NA,319,NA,274,295,336,272,353,249,NA,267,NA,NA,NA,4,NA,6,7,8,9,10,11,NA,13,12.00708294,10.43261051,2.19699502,18.17866898,0.331621677,8.396021843,2.221894503,19.74675941,47.08157349,1266.225586,5.666472435,-985.7395576,-169.989323,RufousTailedHawk,15
579,0,0,0,0,0,0,0,0,0,0,0,0,0,180,30,71,130,120,240,60,5,60,7,4,30,1,11,12,11,9,15,15,18,13,15,9,11,14,13,2,1,2,2,2,1,1,6,3,1,2,1,1,1.969741344,247,263,259,244,320,261,293,301,289,300,291,260,307,1,2,3,4,5,6,7,8,9,10,11,12,13,14.64904881,9.034412384,8.111585617,24.00824165,0.195240825,8.429690361,0.495657831,11.90392113,46.22472763,644.0953979,-1.660161614,-970.7395576,-169.989323,RufousTailedHawk,15
580,NA,0,0,NA,NA,0,0,0,0,0,0,0,0,NA,10,30,NA,NA,240,165,180,39,28,4,70,42,NA,11,14,NA,NA,7,13,9,13,8,9,9,12,NA,1,1,NA,NA,1,1,2,1,1,1,1,1,2.334280491,NA,274,294,NA,NA,24,255,295,251,321,269,359,246,NA,2,3,NA,NA,6,7,8,9,10,11,12,13,14.83177662,10.29877853,9.149284363,18.77328873,0.422187239,8.138852119,0.257551402,5.48720789,53.44447327,731.786499,-0.337473243,-955.7395576,-169.989323,RufousTailedHawk,15
581,NA,0,NA,NA,NA,NA,NA,NA,NA,NA,0,NA,NA,NA,40,NA,NA,NA,NA,NA,NA,NA,NA,60,NA,NA,NA,11,NA,NA,NA,NA,NA,NA,NA,NA,18,NA,NA,NA,1,NA,NA,NA,NA,NA,NA,NA,NA,1,NA,NA,9.470513344,NA,274,NA,NA,NA,NA,NA,NA,NA,NA,47,NA,NA,NA,2,NA,NA,NA,NA,NA,NA,NA,NA,11,NA,NA,9.327232361,16.13874435,14.38481426,0.658822179,0.000000000,10.98681641,0,3.819433212,70.1590271,1950.828003,7.143322945,-940.7395576,-169.989323,RufousTailedHawk,15
583,0,0,0,0,0,0,0,0,0,0,0,0,0,80,120,90,35,120,300,60,40,61,2,10,8,177,9,16,15,17,17,10,19,15,17,18,9,19,15,6,1,4,1,3,1,2,2,1,1,1,1,2,2.348713875,55,247,253,13,296,260,346,274,298,359,257,312,275,1,2,3,4,5,6,7,8,9,10,11,12,13,14.3427124,4.285568237,1.523246169,6.228745461,0.590080023,8.75200367,13.68682003,4.570801735,15.18392754,134.376358,1.216396093,-1045.739558,-184.989323,RufousTailedHawk,15
584,NA,NA,NA,NA,0,0,0,0,0,0,0,0,0,NA,NA,NA,NA,30,30,15,8,1,26,23,50,56,NA,NA,NA,NA,18,11,14,16,11,15,19,7,15,NA,NA,NA,NA,2,2,2,1,2,1,1,1,1,2.562078238,NA,NA,NA,NA,21,39,40,349,279,263,285,282,359,NA,NA,NA,NA,5,6,7,8,9,10,11,12,13,14.38163376,6.426445961,4.782755852,25.27282715,2.223330021,6.426156044,13.54545879,23.98360634,22.11627197,347.8290405,1.689543366,-1030.739558,-184.989323,RufousTailedHawk,15
585,0,NA,NA,NA,0,NA,0,0,0,0,0,0,0,30,NA,NA,NA,60,NA,60,3,30,214,82,2,36,10,NA,NA,NA,15,NA,11,8,14,15,16,9,13,2,NA,NA,NA,3,NA,1,1,1,1,1,1,1,2.1564188,36,NA,NA,NA,258,NA,4,295,307,298,277,320,259,1,NA,NA,NA,5,NA,7,8,9,10,11,12,13,14.63185978,7.211272717,3.915317059,36.22882462,1.396163702,8.778004646,4.925845623,19.17474174,24.39549637,364.1972351,-1.783476233,-1015.739558,-184.989323,RufousTailedHawk,15
586,NA,NA,0,0,0,NA,NA,0,NA,0,0,0,0,NA,NA,120,240,180,NA,NA,15,NA,80,23,44,89,NA,NA,11,9,10,NA,NA,13,NA,18,19,16,10,NA,NA,2,1,3,NA,NA,2,NA,1,2,1,1,2.690861464,NA,NA,360,46,278,NA,NA,267,NA,320,37,283,338,NA,NA,3,4,5,NA,NA,8,NA,10,11,12,13,13.75824261,8.011407852,1.625527382,22.95037842,1.111513376,10.55030823,9.711918831,22.54566765,30.96222878,676.7006836,3.755732059,-1000.739558,-184.989323,RufousTailedHawk,15
587,NA,NA,NA,NA,NA,NA,NA,0,0,NA,NA,NA,NA,NA,NA,NA,NA,NA,NA,NA,15,25,NA,NA,NA,NA,NA,NA,NA,NA,NA,NA,NA,17,18,NA,NA,NA,NA,NA,NA,NA,NA,NA,NA,NA,1,1,NA,NA,NA,NA,5.916274548,NA,NA,NA,NA,NA,NA,NA,329,295,NA,NA,NA,NA,NA,NA,NA,NA,NA,NA,NA,8,9,NA,NA,NA,NA,13.01214314,9.716140747,2.204129696,14.42154694,0.107814528,9.493237495,7.544519901,20.71396828,42.73855209,986.4904175,-0.936851978,-985.7395576,-184.989323,RufousTailedHawk,15
588,0,0,0,0,0,0,0,0,0,0,0,0,0,180,30,30,120,5,39,10,80,15,15,9,5,148,17,10,11,15,1,11,17,13,0,8,10,9,16,1,1,4,2,1,4,2,1,1,1,1,1,1,2.922621489,28,263,274,328,298,327,296,319,300,304,255,276,259,1,2,3,4,5,6,7,8,9,10,11,12,13,14.38430214,7.797753334,2.830169201,35.5878334,0.066895574,9.122444153,0.468877614,14.59232712,36.91729355,632.9680176,-2.699998856,-970.7395576,-184.989323,RufousTailedHawk,15
589,NA,NA,NA,0,0,0,0,0,0,0,0,0,0,NA,NA,NA,90,90,210,180,13,16,120,11,5,31,NA,NA,NA,11,17,14,10,12,16,10,14,8,15,NA,NA,NA,1,2,1,1,1,1,2,1,1,1,2.447943211,NA,NA,NA,285,340,248,346,329,15,302,270,304,258,NA,NA,NA,4,5,6,7,8,9,10,11,12,13,14.93017864,7.413735867,3.604620934,34.5317421,0.171249449,5.179488182,0.120393924,6.220182419,36.02043533,567.2182617,-0.68495357,-955.7395576,-184.989323,RufousTailedHawk,15
590,NA,0,0,0,0,0,0,0,0,0,0,0,0,NA,240,180,60,10,60,300,90,30,15,15,10,183,NA,10,13,18,8,17,16,11,12,11,16,20,9,NA,2,4,1,2,2,2,1,4,1,1,1,1,6.98085165,NA,337,260,361,41,248,337,300,306,293,333,332,304,NA,2,3,4,5,6,7,8,9,10,11,12,13,13.09105492,15.54775047,2.386919975,4.910003662,0.076180145,11.90995502,0.451985806,7.133777142,65.2858963,1231.783936,-1.32915926,-940.7395576,-184.989323,RufousTailedHawk,15
591,0,0,0,0,0,0,0,0,0,0,0,0,0,40,25,180,180,60,21,90,12,145,300,30,20,42,11,14,12,12,12,10,11,17,12,10,16,11,8,3,3,1,4,3,1,3,1,1,3,2,1,2,3.568632364,304,322,315,334,298,316,365,365,361,292,286,296,315,1,2,3,4,5,6,7,8,9,10,11,12,13,8.926709175,19.23971176,14.32645988,0.646264434,0.000000000,8.947784424,0.046295919,4.657959938,70.18160248,2040.958496,-4.827690601,-925.7395576,-184.989323,RufousTailedHawk,15
592,NA,0,0,0,0,0,0,0,0,0,0,0,0,NA,40,60,300,240,300,60,120,13,25,31,60,70,NA,13,0,10,9,8,13,11,10,17,12,13,19,NA,3,1,6,1,2,3,1,1,2,2,3,1,11.82296467,NA,322,357,307,319,319,365,313,276,309,313,332,282,NA,2,3,4,5,6,7,8,9,10,11,12,13,0.866590738,18.46022415,62.94416428,0.087669536,0.000000000,3.251481771,0,3.328699827,30.22948074,3247.519287,-1.922834039,-910.7395576,-184.989323,RufousTailedHawk,15
593,NA,NA,NA,NA,NA,NA,NA,NA,NA,NA,NA,0,NA,NA,NA,NA,NA,NA,NA,NA,NA,NA,NA,NA,22,NA,NA,NA,NA,NA,NA,NA,NA,NA,NA,NA,NA,11,NA,NA,NA,NA,NA,NA,NA,NA,NA,NA,NA,NA,1,NA,3.346173525,NA,NA,NA,NA,NA,NA,NA,NA,NA,NA,NA,364,NA,NA,NA,NA,NA,NA,NA,NA,NA,NA,NA,NA,12,NA,2.515301228,21.53501701,64.39911652,0.019572938,0.000000000,3.074321747,0.019328158,2.056357622,30.23974609,3025.089111,-3.644218445,-895.7395576,-184.989323,RufousTailedHawk,15
594,0,0,0,0,0,0,0,0,0,0,0,0,0,60,60,30,20,210,45,30,84,136,16,32,35,28,15,16,10,9,8,16,16,12,7,12,13,11,19,1,4,1,1,2,1,2,2,8,1,1,1,1,2.308012724,260,312,336,279,256,312,324,318,310,263,341,280,338,1,2,3,4,5,6,7,8,9,10,11,12,13,15.09744358,6.734261036,6.916387081,23.23097229,1.692506552,4.893769741,1.770635247,32.42405701,28.15302086,242.7924347,-0.647868335,-1045.739558,-199.989323,RufousTailedHawk,15
595,0,0,NA,NA,NA,0,0,0,0,0,0,0,0,225,210,NA,NA,NA,20,10,5,120,56,161,8,4,8,8,NA,NA,NA,15,13,17,14,13,17,8,16,1,1,NA,NA,NA,2,5,2,1,1,1,1,1,2.308012724,43,365,NA,NA,NA,249,342,252,24,263,341,297,245,1,2,NA,NA,NA,6,7,8,9,10,11,12,13,15.09744358,6.734261036,6.916387081,23.23097229,1.692506552,4.893769741,1.770635247,32.42405701,28.15302086,242.7924347,-0.647868335,-1030.739558,-199.989323,RufousTailedHawk,15
596,0,NA,NA,0,NA,0,0,0,0,0,0,0,0,2,NA,NA,120,NA,45,15,3,33,30,13,2,7,11,NA,NA,9,NA,14,10,11,17,11,14,11,12,2,NA,NA,2,NA,2,2,2,1,1,1,1,1,1.593674541,329,NA,NA,46,NA,249,268,308,263,355,296,297,245,1,NA,NA,4,NA,6,7,8,9,10,11,12,13,14.83909702,8.065516472,6.363473415,26.30543137,1.117452025,7.875469685,1.407087803,28.23823547,27.52829933,370.5178528,0.925699174,-1015.739558,-199.989323,RufousTailedHawk,15
597,0,0,NA,NA,0,0,0,0,0,0,0,0,0,20,5,NA,NA,20,240,42,1,60,60,21,45,2,9,10,NA,NA,8,10,9,15,18,11,1,0,9,2,1,NA,NA,2,1,1,1,2,2,1,1,1,2.434957743,329,305,NA,NA,270,326,313,324,280,356,348,269,344,1,2,NA,NA,5,6,7,8,9,10,11,12,13,14.85314655,7.925845146,2.817585945,25.09845352,1.206047297,10.37340069,7.259636402,21.85949516,30.98041344,440.5809021,-0.124767303,-1000.739558,-199.989323,RufousTailedHawk,15
598,NA,NA,0,NA,0,NA,0,0,0,0,0,0,0,NA,NA,10,NA,15,NA,1,1,3,10,30,10,3,NA,NA,6,NA,8,NA,10,8,17,19,11,18,10,NA,NA,2,NA,2,NA,1,1,1,1,1,1,1,2.800412655,NA,NA,43,NA,270,NA,2,351,287,299,263,318,302,NA,NA,3,NA,5,NA,7,8,9,10,11,12,13,15.09534359,7.436133862,3.281205416,33.14503479,0.392034292,10.10995674,4.438410759,16.68406296,30.77214622,450.6347046,-3.583635569,-985.7395576,-199.989323,RufousTailedHawk,15
599,0,0,0,0,0,0,0,0,0,0,0,0,0,20,15,15,60,20,30,60,40,1,12,8,20,2,8,19,12,16,18,13,10,11,14,12,11,2,8,1,2,2,2,1,2,5,2,1,3,1,1,1,3.395123482,248,322,349,271,316,276,296,308,247,289,306,280,341,1,2,3,4,5,6,7,8,9,10,11,12,13,14.19731808,8.314704895,4.664562702,28.92921448,0.108333871,9.243125916,2.894842148,12.24797058,39.89836884,681.4862671,4.689473152,-970.7395576,-199.989323,RufousTailedHawk,15
600,0,0,0,0,0,0,0,0,0,0,0,0,0,120,30,80,60,30,60,180,45,30,25,6,34,5,16,19,15,7,7,14,8,11,12,8,13,16,12,2,1,2,1,1,1,1,2,2,1,1,1,1,2.270593166,273,273,268,269,335,347,282,260,320,281,309,287,279,1,2,3,4,5,6,7,8,9,10,11,12,13,15.21747494,6.697744846,7.728086948,8.29002285,0.089600429,5.743863583,0.028663827,1.86558032,17.30689621,516.7206421,-0.104660824,-955.7395576,-199.989323,RufousTailedHawk,15
601,0,0,0,0,0,0,0,0,0,0,0,0,0,90,30,30,60,60,60,15,1,6,3,5,11,5,9,8,18,9,15,10,19,13,9,7,17,18,13,2,1,1,1,1,1,3,1,1,1,1,1,1,3.072812796,263,255,251,284,249,341,256,279,287,281,291,301,292,1,2,3,4,5,6,7,8,9,10,11,12,13,14.07819366,12.87000179,2.958635092,3.597747326,0.057737887,3.817353487,0.542086601,5.235455036,31.41968346,917.5060425,-3.786701202,-940.7395576,-199.989323,RufousTailedHawk,15
602,NA,0,NA,0,NA,0,0,0,0,0,0,0,0,NA,90,NA,270,NA,240,105,240,240,49,14,40,5,NA,15,NA,10,NA,8,14,11,13,13,12,14,10,NA,1,NA,1,NA,1,2,3,2,1,1,1,1,7.679244995,NA,346,NA,309,NA,283,277,282,259,290,271,275,29,NA,2,NA,4,NA,6,7,8,9,10,11,12,13,7.763968945,18.16237831,30.32465363,0.273563743,0.000000000,10.60122299,0.024731275,8.901649475,49.04882813,2254.219971,9.592488289,-925.7395576,-199.989323,RufousTailedHawk,15
603,NA,0,0,0,NA,0,0,0,0,NA,0,0,0,NA,60,90,30,NA,120,60,120,240,NA,70,49,2,NA,16,17,17,NA,11,10,11,11,NA,11,9,10,NA,1,1,2,NA,1,3,3,1,NA,3,1,5,6.233976841,NA,343,278,356,NA,285,318,336,250,NA,282,364,345,NA,2,3,4,NA,6,7,8,9,NA,11,12,13,5.575339794,19.40273666,47.38924026,0.113834381,0.000000000,6.940347195,0.12799257,4.861411572,40.31904984,2561.876221,-0.11593207,-910.7395576,-199.989323,RufousTailedHawk,15
604,NA,NA,NA,NA,NA,NA,NA,NA,NA,NA,0,0,0,NA,NA,NA,NA,NA,NA,NA,NA,NA,NA,15,9,10,NA,NA,NA,NA,NA,NA,NA,NA,NA,NA,13,11,10,NA,NA,NA,NA,NA,NA,NA,NA,NA,NA,3,1,2,3.346173525,NA,NA,NA,NA,NA,NA,NA,NA,NA,NA,279,318,347,NA,NA,NA,NA,NA,NA,NA,NA,NA,NA,11,12,13,2.515301228,21.53501701,64.39911652,0.019572938,0.000000000,3.074321747,0.019328158,2.056357622,30.23974609,3025.089111,-3.644218445,-895.7395576,-199.989323,RufousTailedHawk,15
605,NA,NA,0,NA,0,NA,0,0,0,0,0,0,0,NA,NA,30,NA,61,NA,172,77,15,7,1,75,245,NA,NA,16,NA,15,NA,7,17,15,12,11,20,14,NA,NA,4,NA,1,NA,1,2,1,1,1,1,2,1.567452192,NA,NA,271,NA,25,NA,6,48,265,285,304,359,364,NA,NA,3,NA,5,NA,7,8,9,10,11,12,13,15.79567623,6.035331726,4.557174206,26.86593246,2.063159704,4.208377361,2.392765045,18.95000839,20.6379509,130.4918365,-0.390978694,-1045.739558,-214.989323,RufousTailedHawk,15
606,0,0,0,0,0,0,0,0,0,0,0,0,0,2,30,60,60,45,180,15,120,60,14,20,127,14,12,19,11,12,9,15,11,13,13,11,9,13,11,2,1,3,2,2,2,1,10,1,2,1,1,2,1.567452192,329,259,271,326,12,284,248,337,343,335,285,287,361,1,2,3,4,5,6,7,8,9,10,11,12,13,15.79567623,6.035331726,4.557174206,26.86593246,2.063159704,4.208377361,2.392765045,18.95000839,20.6379509,130.4918365,-0.390978694,-1030.739558,-214.989323,RufousTailedHawk,15
607,NA,NA,NA,NA,NA,NA,0,NA,0,0,0,0,0,NA,NA,NA,NA,NA,NA,250,NA,1,60,26,45,13,NA,NA,NA,NA,NA,NA,11,NA,11,12,10,15,12,NA,NA,NA,NA,NA,NA,3,NA,2,1,1,1,1,5.02325201,NA,NA,NA,NA,NA,NA,22,NA,279,360,43,268,312,NA,NA,NA,NA,NA,NA,7,NA,9,10,11,12,13,15.10239792,7.858223915,4.625570297,26.38996315,0.629269838,9.569759369,4.173137188,25.31960297,28.89800072,364.458374,0.953561306,-1015.739558,-214.989323,RufousTailedHawk,15
608,NA,NA,NA,NA,NA,NA,NA,NA,0,0,0,NA,0,NA,NA,NA,NA,NA,NA,NA,NA,150,6,1,NA,3,NA,NA,NA,NA,NA,NA,NA,NA,9,15,9,NA,13,NA,NA,NA,NA,NA,NA,NA,NA,1,3,1,NA,1,2.705596209,NA,NA,NA,NA,NA,NA,NA,NA,275,289,289,NA,245,NA,NA,NA,NA,NA,NA,NA,NA,9,10,11,NA,13,16.1096611,8.120127678,2.950173378,53.89604568,0.214335114,5.114923477,1.970026016,15.61421204,19.3645668,226.8430939,-1.711826682,-1000.739558,-214.989323,RufousTailedHawk,15
609,NA,0,NA,0,0,0,NA,0,0,0,0,0,0,NA,15,NA,60,90,15,NA,20,12,4,5,7,45,NA,20,NA,15,7,14,NA,12,9,13,10,12,17,NA,1,NA,2,2,2,NA,2,1,1,1,1,1,3.591036081,NA,14,NA,271,40,276,NA,308,287,306,289,284,251,NA,2,NA,4,5,6,NA,8,9,10,11,12,13,16.0191288,8.004652977,2.861200094,44.44387436,0.643897235,5.581375122,2.451586962,17.8174572,26.15413284,298.8820496,-0.223819226,-985.7395576,-214.989323,RufousTailedHawk,15
610,NA,0,0,0,0,0,0,0,0,0,0,0,0,NA,30,30,30,15,120,30,15,20,120,12,180,21,NA,19,11,16,18,15,14,11,12,11,16,11,15,NA,1,2,2,2,3,2,2,3,1,1,1,1,2.300586224,NA,14,277,254,268,303,246,250,270,278,263,360,323,NA,2,3,4,5,6,7,8,9,10,11,12,13,15.26307011,8.006676674,4.515958786,44.56858444,0.454759896,8.670942307,0.920954168,10.71292686,27.27168083,481.0450745,1.436128974,-970.7395576,-214.989323,RufousTailedHawk,15
611,NA,0,0,0,0,0,0,0,0,0,0,0,0,NA,120,20,90,45,40,60,240,6,6,4,5,3,NA,13,18,15,11,13,11,12,8,19,18,10,10,NA,2,3,3,1,2,3,2,1,1,1,1,1,1.503401995,NA,3,37,262,254,277,276,260,365,321,271,327,249,NA,2,3,4,5,6,7,8,9,10,11,12,13,15.3354454,9.49641037,7.60148716,23.59287453,0.305564404,5.554940224,0.045722112,4.838817596,27.29349709,537.1512451,-0.06270767,-955.7395576,-214.989323,RufousTailedHawk,15
612,0,0,0,0,0,0,0,0,0,0,0,0,0,180,20,120,5,90,60,49,5,10,2,7,7,40,9,12,18,16,11,18,16,15,4,12,21,17,18,1,1,2,1,3,1,10,1,1,1,1,1,1,2.255412817,16,362,297,355,267,250,286,351,321,288,361,276,296,1,2,3,4,5,6,7,8,9,10,11,12,13,14.43496513,13.72253418,7.742940426,18.82143021,0.274414361,6.819492817,2.584326506,6.378045082,32.42879105,847.3667603,0.283917934,-940.7395576,-214.989323,RufousTailedHawk,15
613,NA,0,0,0,0,0,0,0,0,0,0,0,0,NA,35,90,20,10,60,30,60,60,2,137,7,48,NA,11,14,19,10,12,11,11,11,11,11,7,11,NA,2,4,2,4,1,2,4,1,2,1,1,1,2.797367334,NA,254,267,300,270,323,275,316,265,282,349,273,307,NA,2,3,4,5,6,7,8,9,10,11,12,13,11.7455883,17.69870377,7.737247944,5.064947605,0.083319798,10.93935204,4.081202984,11.56278133,58.66915512,1522.810303,-6.727174282,-925.7395576,-214.989323,RufousTailedHawk,15
614,NA,NA,0,0,0,0,0,0,0,0,0,0,0,NA,NA,30,120,60,120,120,60,60,120,30,2,55,NA,NA,16,17,19,16,12,11,17,5,17,15,15,NA,NA,4,3,2,2,2,4,1,2,1,1,1,5.204359531,NA,NA,261,307,1,245,275,313,309,289,274,304,309,NA,NA,3,4,5,6,7,8,9,10,11,12,13,5.510872841,20.09833908,40.28726578,0.433801293,0.000000000,8.007089615,0.003696272,5.69536972,45.34621429,2591.703369,5.642212868,-910.7395576,-214.989323,RufousTailedHawk,15
616,0,0,0,0,0,0,0,0,0,0,0,0,0,240,180,70,180,60,20,20,20,60,180,170,265,60,9,12,13,10,16,15,11,11,16,10,17,14,13,1,8,1,5,2,2,1,1,2,3,4,4,4,2.086685658,353,299,353,352,362,322,311,311,278,292,291,276,289,1,2,3,4,5,6,7,8,9,10,11,12,13,16.034235,5.93178463,4.31439209,24.92973709,1.328822136,3.917008638,0.611014485,22.48854065,24.06748962,117.9752274,0.363757104,-1030.739558,-229.989323,RufousTailedHawk,15
617,NA,NA,0,NA,NA,NA,0,NA,0,NA,NA,0,0,NA,NA,15,NA,NA,NA,50,NA,2,NA,NA,11,16,NA,NA,12,NA,NA,NA,11,NA,17,NA,NA,9,22,NA,NA,1,NA,NA,NA,2,NA,2,NA,NA,1,1,3.774436712,NA,NA,353,NA,NA,NA,332,NA,37,NA,NA,27,261,NA,NA,3,NA,NA,NA,7,NA,9,NA,NA,12,13,15.8968811,6.905187607,8.280637741,29.83385086,0.212331042,5.848036289,1.127718687,26.03814125,28.60608864,251.2723083,0.659991741,-1015.739558,-229.989323,RufousTailedHawk,15
618,NA,NA,0,NA,0,NA,0,0,0,0,0,0,0,NA,NA,30,NA,10,NA,2,3,120,120,180,45,24,NA,NA,11,NA,11,NA,9,15,11,14,19,12,14,NA,NA,1,NA,3,NA,1,1,1,1,2,1,1,2.303654909,NA,NA,353,NA,271,NA,5,44,338,4,291,34,253,NA,NA,3,NA,5,NA,7,8,9,10,11,12,13,16.57889938,8.215150833,3.226516008,54.75517273,1.245685101,2.9976964,1.595619798,11.20680523,19.99757576,191.4745483,0.261643022,-1000.739558,-229.989323,RufousTailedHawk,15
619,NA,0,0,0,0,NA,NA,0,0,0,0,0,0,NA,60,270,90,90,NA,NA,60,111,15,63,55,1,NA,14,7,16,15,NA,NA,10,8,19,13,10,11,NA,2,2,1,4,NA,NA,1,1,1,2,1,1,3.66987133,NA,260,350,304,257,NA,NA,294,262,278,285,269,309,NA,2,3,4,5,NA,NA,8,9,10,11,12,13,16.17892265,7.828155994,3.313990831,44.60918045,2.420330524,4.23812151,3.140011549,15.12750149,25.49192238,334.9901428,-1.553563952,-985.7395576,-229.989323,RufousTailedHawk,15
620,NA,0,0,0,0,0,0,0,0,0,0,0,0,NA,60,60,40,15,30,268,180,30,6,3,5,6,NA,18,7,0,16,9,13,11,15,18,7,10,14,NA,2,1,2,4,1,2,2,2,2,1,1,1,2.0119524,NA,310,353,6,46,340,262,261,356,299,320,256,247,NA,2,3,4,5,6,7,8,9,10,11,12,13,16.22175217,7.348332405,2.487047672,53.17751312,1.842629433,3.216580153,1.255522728,9.880106926,24.21878624,381.2431946,-0.33179605,-970.7395576,-229.989323,RufousTailedHawk,15
621,NA,NA,NA,0,NA,NA,0,0,0,0,0,0,0,NA,NA,NA,30,NA,NA,5,240,83,60,64,69,9,NA,NA,NA,12,NA,NA,13,10,10,10,16,15,14,NA,NA,NA,1,NA,NA,1,1,1,1,1,2,1,2.002874851,NA,NA,NA,253,NA,NA,22,284,282,293,291,317,313,NA,NA,NA,4,NA,NA,7,8,9,10,11,12,13,15.71267509,11.56073093,6.313510418,40.31974792,1.468431234,3.714306116,0.486682445,12.43231869,30.8668766,530.4519043,-0.176064447,-955.7395576,-229.989323,RufousTailedHawk,15
622,NA,NA,0,NA,NA,NA,0,0,0,0,0,0,0,NA,NA,60,NA,NA,NA,30,1,111,60,3,15,43,NA,NA,0,NA,NA,NA,15,13,16,14,13,12,10,NA,NA,2,NA,NA,NA,1,2,1,1,1,1,1,6.608687401,NA,NA,273,NA,NA,NA,318,251,287,306,246,58,281,NA,NA,3,NA,NA,NA,7,8,9,10,11,12,13,14.54803562,14.70070839,3.520378351,36.46464157,1.191208720,6.831339836,3.919033051,13.17229271,32.87273407,855.7837524,-0.288352191,-940.7395576,-229.989323,RufousTailedHawk,15
623,0,0,0,0,0,0,0,0,0,0,0,0,0,60,120,250,120,15,15,35,15,55,248,4,152,167,22,7,8,12,10,9,8,14,6,13,6,6,10,2,3,2,2,4,2,1,1,1,4,1,1,1,7.049734116,23,325,245,250,270,352,21,305,307,279,298,246,266,1,2,3,4,5,6,7,8,9,10,11,12,13,11.19376564,16.96212196,10.32612038,4.636936665,0.007768000,10.62273121,3.409465551,12.68979549,57.3361969,1662.9104,-0.760113835,-925.7395576,-229.989323,RufousTailedHawk,15
624,NA,0,0,0,0,0,0,0,0,0,0,0,0,NA,3,90,90,20,48,10,50,90,10,98,17,39,NA,10,16,20,7,7,7,7,15,8,16,12,8,NA,2,2,2,3,1,1,1,4,1,1,1,6,3.653687477,NA,53,360,316,313,315,315,310,303,291,252,275,293,NA,2,3,4,5,6,7,8,9,10,11,12,13,7.207598209,19.28100204,32.67286682,2.466817141,0.000000000,11.192276,0.246763751,9.179507256,43.43038559,2355.380371,3.796296597,-910.7395576,-229.989323,RufousTailedHawk,15
625,0,0,0,0,0,0,0,0,0,0,0,0,0,220,10,120,120,120,16,60,240,20,180,20,13,6,9,12,10,8,10,15,8,9,19,10,15,18,9,4,2,3,3,5,1,4,3,7,2,1,1,6,9.305687904,53,53,340,300,349,315,22,292,46,334,276,262,293,1,2,3,4,5,6,7,8,9,10,11,12,13,3.164614677,23.49003983,64.54206085,0.06224585,0.000000000,2.00391078,0.037138294,2.739201546,30.30937576,2937.050781,4.703342438,-895.7395576,-229.989323,RufousTailedHawk,15
626,NA,0,0,0,0,0,0,0,0,0,0,0,0,NA,180,180,180,240,180,3,108,90,44,40,81,40,NA,12,11,14,9,8,14,12,11,14,11,13,10,NA,2,2,1,1,2,1,2,1,1,1,2,6,5.117369652,NA,246,337,285,268,327,5,302,288,283,254,282,266,NA,2,3,4,5,6,7,8,9,10,11,12,13,16.58016205,7.069406033,6.292068005,19.3107605,1.010116816,4.542455196,0.687867641,14.31837559,31.06435776,23.21271324,-0.230056405,-1045.739558,-244.989323,RufousTailedHawk,15
627,NA,NA,NA,0,NA,0,0,0,0,0,0,0,0,NA,NA,NA,120,NA,135,120,205,60,120,40,90,56,NA,NA,NA,15,NA,16,14,13,18,10,11,12,12,NA,NA,NA,1,NA,2,2,5,2,1,1,1,1,2.121199131,NA,NA,NA,341,NA,254,296,295,363,251,315,324,310,NA,NA,NA,4,NA,6,7,8,9,10,11,12,13,16.18232918,6.522494316,5.146132469,34.88166046,3.874739885,5.873073101,0.685943842,23.2140274,25.11209488,154.5426941,0.227608025,-1030.739558,-244.989323,RufousTailedHawk,15
628,NA,NA,NA,NA,NA,0,NA,NA,0,NA,0,0,0,NA,NA,NA,NA,NA,45,NA,NA,18,NA,19,18,72,NA,NA,NA,NA,NA,17,NA,NA,11,NA,18,13,18,NA,NA,NA,NA,NA,4,NA,NA,3,NA,1,2,1,6.000254154,NA,NA,NA,NA,NA,290,NA,NA,279,NA,291,265,295,NA,NA,NA,NA,NA,6,NA,NA,9,NA,11,12,13,16.56273651,6.158082485,7.594885349,26.55092812,0.374674559,4.670525551,0.396422535,29.97934532,30.26772499,165.6962738,-1.316114187,-1015.739558,-244.989323,RufousTailedHawk,15
629,NA,NA,NA,0,0,0,NA,0,0,0,0,0,0,NA,NA,NA,95,120,27,NA,60,16,5,30,10,5,NA,NA,NA,18,18,8,NA,10,12,12,14,9,12,NA,NA,NA,3,1,1,NA,2,1,1,1,2,1,2.472918749,NA,NA,NA,47,4,290,NA,301,345,266,256,265,319,NA,NA,NA,4,5,6,NA,8,9,10,11,12,13,16.59576797,7.340022564,1.926185727,48.51790619,0.671794593,4.018844128,3.031955719,17.25445747,24.34417343,227.5301361,0.028226243,-1000.739558,-244.989323,RufousTailedHawk,15
630,NA,NA,NA,NA,NA,NA,NA,NA,NA,0,0,0,NA,NA,NA,NA,NA,NA,NA,NA,NA,NA,15,120,125,NA,NA,NA,NA,NA,NA,NA,NA,NA,NA,11,17,16,NA,NA,NA,NA,NA,NA,NA,NA,NA,NA,1,1,1,NA,3.227087021,NA,NA,NA,NA,NA,NA,NA,NA,NA,59,322,311,NA,NA,NA,NA,NA,NA,NA,NA,NA,NA,10,11,12,NA,15.39099598,9.472774506,1.301920414,32.56692123,0.639559150,8.771323204,7.873583794,19.47857285,28.36833191,537.1400757,-2.780364752,-985.7395576,-244.989323,RufousTailedHawk,15
631,NA,0,0,0,0,0,0,0,0,0,0,0,0,NA,135,30,60,60,60,40,28,20,199,240,132,94,NA,9,8,16,15,12,15,9,16,10,17,11,7,NA,2,1,1,1,2,1,1,1,1,4,1,2,2.927882433,NA,260,55,345,261,337,361,265,307,284,263,352,313,NA,2,3,4,5,6,7,8,9,10,11,12,13,16.07696533,8.459884644,1.784272671,42.82920837,0.680178046,7.215841293,6.487733841,11.1212635,24.30403709,513.444519,-0.131337121,-970.7395576,-244.989323,RufousTailedHawk,15
632,NA,0,0,NA,NA,0,0,0,0,0,0,0,0,NA,30,20,NA,NA,180,1,20,30,12,60,45,45,NA,15,11,NA,NA,13,12,16,10,9,9,19,21,NA,1,4,NA,NA,2,2,1,1,1,4,1,1,1.737391353,NA,270,281,NA,NA,16,14,254,261,285,250,274,353,NA,2,3,NA,NA,6,7,8,9,10,11,12,13,16.99755669,7.905472279,0.893836737,61.99827957,1.880135059,1.507629991,1.119935513,7.274364471,22.03705406,415.6296997,-1.65559113,-955.7395576,-244.989323,RufousTailedHawk,15
633,NA,NA,NA,NA,NA,NA,0,0,0,0,0,0,0,NA,NA,NA,NA,NA,NA,120,45,60,9,12,15,20,NA,NA,NA,NA,NA,NA,12,13,1,17,7,7,18,NA,NA,NA,NA,NA,NA,1,2,2,1,1,1,1,5.585589886,NA,NA,NA,NA,NA,NA,259,346,339,280,366,356,357,NA,NA,NA,NA,NA,NA,7,8,9,10,11,12,13,13.97330379,13.86112499,4.355297089,26.65512085,0.979744375,10.8164072,5.386179447,14.28034973,36.15731812,1050.334473,-1.343979239,-940.7395576,-244.989323,RufousTailedHawk,15
635,NA,0,0,NA,0,0,0,0,0,0,0,0,0,NA,30,23,NA,45,60,1,30,80,60,5,85,25,NA,9,8,NA,14,14,9,17,17,7,11,14,10,NA,3,1,NA,1,2,1,2,3,2,1,1,1,3.938328028,NA,20,267,NA,306,282,314,344,287,342,320,262,283,NA,2,3,NA,5,6,7,8,9,10,11,12,13,6.321285725,19.77812958,45.61514282,2.103214502,0.000000000,8.824749947,0,4.05760479,39.2337265,2428.14502,-2.576444864,-910.7395576,-244.989323,RufousTailedHawk,15
636,NA,0,0,0,0,0,0,0,0,0,0,0,0,NA,300,30,120,60,236,19,30,4,20,45,10,160,NA,9,11,10,11,10,10,10,9,17,17,20,8,NA,4,3,1,10,2,1,1,2,1,1,1,1,9.305687904,NA,10,34,341,316,351,315,354,301,320,352,15,342,NA,2,3,4,5,6,7,8,9,10,11,12,13,3.164614677,23.49003983,64.54206085,0.06224585,0.000000000,2.00391078,0.037138294,2.739201546,30.30937576,2937.050781,4.703342438,-895.7395576,-244.989323,RufousTailedHawk,15
638,NA,NA,NA,NA,0,0,0,0,0,0,0,0,0,NA,NA,NA,NA,120,30,80,130,54,120,7,2,30,NA,NA,NA,NA,15,17,16,12,13,11,15,16,6,NA,NA,NA,NA,2,2,1,2,1,1,1,1,1,4.23383379,NA,NA,NA,NA,32,261,305,252,262,259,283,329,306,NA,NA,NA,NA,5,6,7,8,9,10,11,12,13,16.45667076,7.987781048,2.876203537,33.05971527,2.382447720,6.317794323,0.709069431,18.90966034,23.12620544,63.22299957,-0.26710397,-1045.739558,-259.989323,RufousTailedHawk,15
639,NA,NA,NA,NA,NA,NA,NA,NA,NA,0,0,NA,NA,NA,NA,NA,NA,NA,NA,NA,NA,NA,60,60,NA,NA,NA,NA,NA,NA,NA,NA,NA,NA,NA,17,9,NA,NA,NA,NA,NA,NA,NA,NA,NA,NA,NA,1,1,NA,NA,4.759800434,NA,NA,NA,NA,NA,NA,NA,NA,NA,58,270,NA,NA,NA,NA,NA,NA,NA,NA,NA,NA,NA,10,11,NA,NA,16.19562531,7.291982651,1.513066649,32.7080574,1.623722315,6.342047691,1.141366601,30.63131905,26.02134323,189.2034454,-0.05075242,-1030.739558,-259.989323,RufousTailedHawk,15
640,NA,0,NA,NA,NA,NA,NA,NA,NA,0,0,0,0,NA,10,NA,NA,NA,NA,NA,NA,NA,30,44,74,2,NA,13,NA,NA,NA,NA,NA,NA,NA,13,17,15,19,NA,2,NA,NA,NA,NA,NA,NA,NA,1,1,1,2,1.891476274,NA,276,NA,NA,NA,NA,NA,NA,NA,59,307,255,266,NA,2,NA,NA,NA,NA,NA,NA,NA,10,11,12,13,16.4992466,5.497671127,3.777349234,28.40283775,0.197785661,4.699224949,0.714169264,32.84463501,29.06279564,200.070282,-0.440062106,-1015.739558,-259.989323,RufousTailedHawk,15
641,NA,NA,NA,NA,NA,0,NA,NA,NA,NA,0,0,NA,NA,NA,NA,NA,NA,8,NA,NA,NA,NA,11,25,NA,NA,NA,NA,NA,NA,9,NA,NA,NA,NA,17,11,NA,NA,NA,NA,NA,NA,1,NA,NA,NA,NA,1,2,NA,2.691741705,NA,NA,NA,NA,NA,290,NA,NA,NA,NA,296,273,NA,NA,NA,NA,NA,NA,6,NA,NA,NA,NA,11,12,NA,15.99595261,7.557557106,2.467513084,32.01125336,0.833290577,11.7197113,6.91174984,17.77545166,27.78030586,356.589386,2.300568342,-1000.739558,-259.989323,RufousTailedHawk,15
642,NA,NA,0,NA,NA,NA,NA,NA,NA,0,0,0,0,NA,NA,90,NA,NA,NA,NA,NA,NA,66,11,5,15,NA,NA,22,NA,NA,NA,NA,NA,NA,19,8,8,21,NA,NA,6,NA,NA,NA,NA,NA,NA,2,1,1,1,6.8474226,NA,NA,33,NA,NA,NA,NA,NA,NA,348,358,362,323,NA,NA,3,NA,NA,NA,NA,NA,NA,10,11,12,13,14.35418701,11.05672741,1.164756536,22.58164406,1.338066936,11.83539581,15.91093445,15.15101051,30.47702408,776.3310547,2.442471981,-985.7395576,-259.989323,RufousTailedHawk,15
643,NA,NA,NA,NA,NA,0,0,0,NA,0,0,NA,0,NA,NA,NA,NA,NA,90,45,5,NA,103,30,NA,19,NA,NA,NA,NA,NA,18,16,12,NA,11,8,NA,14,NA,NA,NA,NA,NA,4,1,1,NA,1,1,NA,2,7.970963478,NA,NA,NA,NA,NA,353,361,250,NA,281,323,NA,288,NA,NA,NA,NA,NA,6,7,8,NA,10,11,NA,13,12.42112827,14.44949245,2.042696238,21.53946877,1.105536699,11.09206581,8.497724533,22.21184349,30.61462212,1236.97168,5.766050816,-970.7395576,-259.989323,RufousTailedHawk,15
644,NA,NA,NA,NA,NA,0,NA,0,0,0,0,NA,0,NA,NA,NA,NA,NA,45,NA,10,2,5,3,NA,120,NA,NA,NA,NA,NA,11,NA,18,20,9,9,NA,9,NA,NA,NA,NA,NA,2,NA,5,1,2,1,NA,1,5.062220097,NA,NA,NA,NA,NA,256,NA,253,56,363,22,NA,246,NA,NA,NA,NA,NA,6,NA,8,9,10,11,NA,13,15.21631241,12.72687435,2.850165606,34.55756378,1.430190802,8.525679588,6.899523258,17.46533966,25.89076996,843.3136597,2.052680731,-955.7395576,-259.989323,RufousTailedHawk,15
645,0,0,NA,NA,NA,NA,0,0,0,0,0,0,0,120,60,NA,NA,NA,NA,68,53,30,16,2,6,34,9,10,NA,NA,NA,NA,15,16,8,10,18,16,15,1,2,NA,NA,NA,NA,3,1,1,1,2,1,1,4.657961845,324,7,NA,NA,NA,NA,6,2,280,48,289,45,260,1,2,NA,NA,NA,NA,7,8,9,10,11,12,13,14.30315399,15.0539217,3.851696491,27.67471123,0.942712903,9.547492027,8.056432724,13.78394794,35.73091125,1055.646484,0.005472236,-940.7395576,-259.989323,RufousTailedHawk,15
646,NA,NA,NA,NA,0,NA,NA,NA,NA,NA,NA,NA,NA,NA,NA,NA,NA,240,NA,NA,NA,NA,NA,NA,NA,NA,NA,NA,NA,NA,23,NA,NA,NA,NA,NA,NA,NA,NA,NA,NA,NA,NA,1,NA,NA,NA,NA,NA,NA,NA,NA,5.656884193,NA,NA,NA,NA,350,NA,NA,NA,NA,NA,NA,NA,NA,NA,NA,NA,NA,5,NA,NA,NA,NA,NA,NA,NA,NA,2.497701168,23.07064629,61.29277039,0.02279152,0.000000000,3.148710489,0,1.657176256,32.31872177,3008.657715,0.672511041,-925.7395576,-259.989323,RufousTailedHawk,15
650,NA,NA,0,0,0,NA,0,0,0,0,0,0,0,NA,NA,120,210,120,NA,60,50,15,90,90,161,4,NA,NA,10,12,11,NA,13,13,15,14,7,11,11,NA,NA,1,3,2,NA,2,2,2,3,1,1,1,1.955426455,NA,NA,301,307,39,NA,299,253,244,244,328,362,277,NA,NA,3,4,5,NA,7,8,9,10,11,12,13,15.72299957,9.332134247,3.043218613,33.20238495,2.765583038,6.790854454,5.301623821,25.38931656,22.48966789,196.7438202,0.008595332,-1060.739558,-274.989323,RufousTailedHawk,15
651,NA,NA,NA,NA,NA,NA,NA,NA,NA,NA,NA,0,0,NA,NA,NA,NA,NA,NA,NA,NA,NA,NA,NA,32,31,NA,NA,NA,NA,NA,NA,NA,NA,NA,NA,NA,8,22,NA,NA,NA,NA,NA,NA,NA,NA,NA,NA,NA,1,1,1.955426455,NA,NA,NA,NA,NA,NA,NA,NA,NA,NA,NA,253,308,NA,NA,NA,NA,NA,NA,NA,NA,NA,NA,NA,12,13,15.72299957,9.332134247,3.043218613,33.20238495,2.765583038,6.790854454,5.301623821,25.38931656,22.48966789,196.7438202,0.008595332,-1045.739558,-274.989323,RufousTailedHawk,15
652,NA,0,NA,0,0,0,0,0,0,0,0,0,0,NA,20,NA,120,25,30,13,9,30,13,20,15,55,NA,16,NA,17,10,19,11,15,17,17,14,13,20,NA,1,NA,1,3,1,1,2,2,1,1,1,1,2.969064713,NA,35,NA,305,271,340,306,251,303,334,325,339,48,NA,2,NA,4,5,6,7,8,9,10,11,12,13,15.94968891,8.406575203,1.875523329,24.15510559,0.325761020,5.18330431,1.519292116,35.33163071,30.53866196,231.6353302,0.028686715,-1030.739558,-274.989323,RufousTailedHawk,15
653,NA,NA,NA,NA,NA,0,NA,0,NA,NA,0,0,0,NA,NA,NA,NA,NA,240,NA,10,NA,NA,19,40,60,NA,NA,NA,NA,NA,12,NA,14,NA,NA,11,15,8,NA,NA,NA,NA,NA,2,NA,1,NA,NA,1,1,1,3.94341898,NA,NA,NA,NA,NA,276,NA,325,NA,NA,317,295,327,NA,NA,NA,NA,NA,6,NA,8,NA,NA,11,12,13,16.1627903,7.409974575,4.924639225,29.05079079,0.791319609,3.490830421,1.213389754,31.57708359,28.58118439,246.0375366,0.419174612,-1015.739558,-274.989323,RufousTailedHawk,15
654,NA,NA,NA,NA,NA,0,NA,NA,NA,NA,0,0,0,NA,NA,NA,NA,NA,30,NA,NA,NA,NA,5,6,60,NA,NA,NA,NA,NA,11,NA,NA,NA,NA,19,10,17,NA,NA,NA,NA,NA,4,NA,NA,NA,NA,3,1,2,2.048176527,NA,NA,NA,NA,NA,290,NA,NA,NA,NA,309,322,43,NA,NA,NA,NA,NA,6,NA,NA,NA,NA,11,12,13,16.27528954,7.13377142,1.95495069,42.42539978,1.771337271,8.083865166,5.666357517,18.28783798,21.29998207,282.9960327,-2.715357065,-1000.739558,-274.989323,RufousTailedHawk,15
655,NA,NA,NA,NA,NA,NA,NA,NA,0,0,0,0,0,NA,NA,NA,NA,NA,NA,NA,NA,30,7,23,33,45,NA,NA,NA,NA,NA,NA,NA,NA,15,12,19,14,18,NA,NA,NA,NA,NA,NA,NA,NA,1,1,3,1,1,2.482474089,NA,NA,NA,NA,NA,NA,NA,NA,269,288,310,295,317,NA,NA,NA,NA,NA,NA,NA,NA,9,10,11,12,13,16.14984322,8.51922226,2.598297358,24.96491241,0.406049013,7.714980602,8.371916771,20.76931572,30.50187683,434.2073364,-5.455403805,-985.7395576,-274.989323,RufousTailedHawk,15
656,NA,0,NA,NA,NA,0,NA,NA,NA,NA,NA,NA,0,NA,110,NA,NA,NA,20,NA,NA,NA,NA,NA,NA,20,NA,12,NA,NA,NA,13,NA,NA,NA,NA,NA,NA,14,NA,2,NA,NA,NA,2,NA,NA,NA,NA,NA,NA,4,10.10283947,NA,288,NA,NA,NA,256,NA,NA,NA,NA,NA,NA,313,NA,2,NA,NA,NA,6,NA,NA,NA,NA,NA,NA,13,13.90780544,14.40408325,0.892726719,28.60775757,1.153167248,6.861344337,12.78522968,18.89339066,27.29413795,976.3461304,-0.733597636,-970.7395576,-274.989323,RufousTailedHawk,15
657,NA,NA,NA,NA,0,0,NA,NA,0,0,0,0,0,NA,NA,NA,NA,180,10,NA,NA,8,20,135,165,140,NA,NA,NA,NA,17,13,NA,NA,8,10,8,7,8,NA,NA,NA,NA,2,2,NA,NA,1,1,1,1,1,6.353466988,NA,NA,NA,NA,319,256,NA,NA,352,304,334,311,247,NA,NA,NA,NA,5,6,NA,NA,9,10,11,12,13,17.47264862,11.30383492,4.513164997,44.67805481,2.308834791,3.81198597,6.592411995,8.182682991,21.5580101,606.2858887,-1.728122354,-955.7395576,-274.989323,RufousTailedHawk,15
658,NA,0,NA,NA,0,0,NA,0,0,0,NA,0,0,NA,20,NA,NA,180,30,NA,3,5,8,NA,30,30,NA,14,NA,NA,14,16,NA,12,17,12,NA,19,16,NA,2,NA,NA,1,1,NA,2,1,1,NA,1,1,3.317465782,NA,7,NA,NA,364,331,NA,337,272,335,NA,288,325,NA,2,NA,NA,5,6,NA,8,9,10,NA,12,13,15.30871201,15.5870018,2.690098286,31.43311882,2.075722456,4.993876457,2.10812664,14.36575985,39.11806107,911.1962891,0.740887403,-940.7395576,-274.989323,RufousTailedHawk,15
663,NA,NA,0,NA,NA,NA,NA,NA,NA,0,NA,0,0,NA,NA,80,NA,NA,NA,NA,NA,NA,190,NA,52,14,NA,NA,13,NA,NA,NA,NA,NA,NA,10,NA,10,10,NA,NA,2,NA,NA,NA,NA,NA,NA,3,NA,1,1,2.132273912,NA,NA,41,NA,NA,NA,NA,NA,NA,244,NA,282,15,NA,NA,3,NA,NA,NA,NA,NA,NA,10,NA,12,13,15.25662899,12.28844166,2.55402112,16.80807686,3.148626328,9.088198662,20.35072517,5.330820084,12.3161068,126.5393066,-0.12865679,-1060.739558,-289.989323,RufousTailedHawk,15
664,NA,NA,0,NA,NA,NA,NA,NA,NA,NA,0,NA,0,NA,NA,30,NA,NA,NA,NA,NA,NA,NA,9,NA,5,NA,NA,8,NA,NA,NA,NA,NA,NA,NA,7,NA,21,NA,NA,1,NA,NA,NA,NA,NA,NA,NA,1,NA,1,2.488859177,NA,NA,52,NA,NA,NA,NA,NA,NA,NA,40,NA,249,NA,NA,3,NA,NA,NA,NA,NA,NA,NA,11,NA,13,14.90686512,11.58560181,2.198770523,22.50406837,4.215254784,6.043175697,15.47643757,23.65719223,24.63296509,300.0887756,0.08053308,-1045.739558,-289.989323,RufousTailedHawk,15
665,NA,0,NA,NA,NA,NA,NA,NA,0,0,0,0,0,NA,10,NA,NA,NA,NA,NA,NA,80,60,25,66,6,NA,17,NA,NA,NA,NA,NA,NA,16,15,22,10,13,NA,1,NA,NA,NA,NA,NA,NA,1,1,1,1,1,2.720690489,NA,35,NA,NA,NA,NA,NA,NA,36,321,297,290,330,NA,2,NA,NA,NA,NA,NA,NA,9,10,11,12,13,15.76773262,10.53131866,1.680169225,24.85837173,0.034880977,6.896531105,0.002239953,26.732481,36.18173981,261.233429,0.21988754,-1030.739558,-289.989323,RufousTailedHawk,15
666,NA,0,0,NA,0,0,NA,0,0,0,0,0,0,NA,60,30,NA,60,30,NA,79,5,16,18,15,30,NA,14,8,NA,19,15,NA,12,10,15,12,13,19,NA,2,2,NA,1,2,NA,1,1,1,1,1,1,3.04570508,NA,261,279,NA,35,277,NA,323,321,326,278,282,261,NA,2,3,NA,5,6,NA,8,9,10,11,12,13,16.59344292,8.871359825,4.78665638,27.62338638,0.155618429,4.478462696,0.356933266,16.04572487,27.71877289,147.8731689,-0.842651248,-1015.739558,-289.989323,RufousTailedHawk,15
667,NA,NA,NA,NA,NA,NA,NA,NA,0,NA,NA,0,0,NA,NA,NA,NA,NA,NA,NA,NA,40,NA,NA,95,10,NA,NA,NA,NA,NA,NA,NA,NA,16,NA,NA,17,19,NA,NA,NA,NA,NA,NA,NA,NA,2,NA,NA,1,1,3.65532136,NA,NA,NA,NA,NA,NA,NA,NA,54,NA,NA,290,306,NA,NA,NA,NA,NA,NA,NA,NA,9,NA,NA,12,13,15.64693737,9.699951172,2.080662489,46.78341293,1.112742662,7.457338333,7.567942619,12.32110214,21.16046333,355.1564026,3.733982086,-1000.739558,-289.989323,RufousTailedHawk,15
668,NA,NA,NA,NA,NA,NA,NA,NA,NA,0,0,0,0,NA,NA,NA,NA,NA,NA,NA,NA,NA,1,4,60,55,NA,NA,NA,NA,NA,NA,NA,NA,NA,12,19,14,13,NA,NA,NA,NA,NA,NA,NA,NA,NA,1,1,1,1,5.533867836,NA,NA,NA,NA,NA,NA,NA,NA,NA,289,305,303,335,NA,NA,NA,NA,NA,NA,NA,NA,NA,10,11,12,13,14.41309929,13.23696613,1.646137118,33.08917618,1.913130641,9.690693855,8.338171005,19.42821884,24.66392899,689.24646,5.872608185,-985.7395576,-289.989323,RufousTailedHawk,15
669,NA,NA,0,NA,NA,0,NA,NA,0,0,0,0,0,NA,NA,240,NA,NA,10,NA,NA,17,60,26,35,15,NA,NA,11,NA,NA,15,NA,NA,9,10,9,15,12,NA,NA,3,NA,NA,2,NA,NA,4,2,1,1,2,4.81528616,NA,NA,315,NA,NA,17,NA,NA,301,59,303,337,10,NA,NA,3,NA,NA,6,NA,NA,9,10,11,12,13,15.86997604,11.7553997,2.678036928,37.29384995,2.628602743,6.828585625,11.94996548,11.27457333,23.69576454,576.9502563,-1.66441083,-970.7395576,-289.989323,RufousTailedHawk,15
670,NA,NA,0,NA,0,NA,0,0,0,0,0,0,0,NA,NA,30,NA,120,NA,10,32,5,20,46,45,60,NA,NA,20,NA,7,NA,10,7,14,11,12,12,15,NA,NA,1,NA,6,NA,1,1,1,2,1,1,1,3.843572378,NA,NA,48,NA,294,NA,260,338,302,324,256,282,281,NA,NA,3,NA,5,NA,7,8,9,10,11,12,13,17.72249794,12.10562325,6.899036407,36.98760986,4.645838737,2.838417292,3.089951992,7.28457737,21.65407372,506.4061279,0.038686763,-955.7395576,-289.989323,RufousTailedHawk,15
671,NA,0,NA,NA,NA,NA,0,0,0,0,0,0,0,NA,45,NA,NA,NA,NA,150,173,62,60,30,34,25,NA,15,NA,NA,NA,NA,8,11,15,9,10,7,12,NA,2,NA,NA,NA,NA,3,3,3,2,1,1,1,1.901496887,NA,261,NA,NA,NA,NA,257,287,247,352,354,304,358,NA,2,NA,NA,NA,NA,7,8,9,10,11,12,13,15.32091999,19.09566116,3.027902842,26.28220367,0.281250805,5.884554386,4.95033741,18.29880905,35.51623154,854.0206909,-3.426515102,-940.7395576,-289.989323,RufousTailedHawk,15
672,0,0,0,0,0,NA,0,0,0,0,0,0,0,120,40,30,45,60,NA,150,30,20,90,27,30,180,10,11,12,10,9,NA,9,11,16,9,10,8,5,2,2,2,1,1,NA,2,2,2,1,2,8,2,2.458642006,326,21,358,58,311,NA,357,364,329,313,280,276,359,1,2,3,4,5,NA,7,8,9,10,11,12,13,11.80088806,21.16169548,11.72725391,13.31329536,0.564800501,9.297585487,3.798809528,14.12013721,45.74880981,1473.997925,-0.468594551,-925.7395576,-289.989323,RufousTailedHawk,15
673,NA,NA,NA,NA,NA,NA,NA,NA,NA,0,0,NA,0,NA,NA,NA,NA,NA,NA,NA,NA,NA,70,130,NA,23,NA,NA,NA,NA,NA,NA,NA,NA,NA,11,10,NA,8,NA,NA,NA,NA,NA,NA,NA,NA,NA,1,2,NA,1,2.458642006,NA,NA,NA,NA,NA,NA,NA,NA,NA,313,283,NA,363,NA,NA,NA,NA,NA,NA,NA,NA,NA,10,11,NA,13,11.80088806,21.16169548,11.72725391,13.31329536,0.564800501,9.297585487,3.798809528,14.12013721,45.74880981,1473.997925,-0.468594551,-910.7395576,-289.989323,RufousTailedHawk,15
676,NA,NA,NA,NA,NA,NA,NA,NA,NA,NA,NA,NA,0,NA,NA,NA,NA,NA,NA,NA,NA,NA,NA,NA,NA,4,NA,NA,NA,NA,NA,NA,NA,NA,NA,NA,NA,NA,12,NA,NA,NA,NA,NA,NA,NA,NA,NA,NA,NA,NA,1,2.132273912,NA,NA,NA,NA,NA,NA,NA,NA,NA,NA,NA,NA,30,NA,NA,NA,NA,NA,NA,NA,NA,NA,NA,NA,NA,13,15.25662899,12.28844166,2.55402112,16.80807686,3.148626328,9.088198662,20.35072517,5.330820084,12.3161068,126.5393066,-0.12865679,-1060.739558,-304.989323,RufousTailedHawk,15
677,NA,NA,NA,NA,NA,NA,NA,0,NA,NA,NA,NA,0,NA,NA,NA,NA,NA,NA,NA,10,NA,NA,NA,NA,75,NA,NA,NA,NA,NA,NA,NA,9,NA,NA,NA,NA,11,NA,NA,NA,NA,NA,NA,NA,5,NA,NA,NA,NA,1,1.665658832,NA,NA,NA,NA,NA,NA,NA,328,NA,NA,NA,NA,266,NA,NA,NA,NA,NA,NA,NA,8,NA,NA,NA,NA,13,14.48647976,14.37353611,1.827512503,19.13695717,9.342012405,6.488090992,26.89705658,17.79290199,18.09650993,319.5000916,0.181060284,-1045.739558,-304.989323,RufousTailedHawk,15
678,NA,NA,NA,NA,NA,NA,0,NA,NA,0,0,0,0,NA,NA,NA,NA,NA,NA,180,NA,NA,75,120,90,12,NA,NA,NA,NA,NA,NA,16,NA,NA,22,10,8,16,NA,NA,NA,NA,NA,NA,1,NA,NA,2,2,1,1,2.323814392,NA,NA,NA,NA,NA,NA,10,NA,NA,284,51,359,51,NA,NA,NA,NA,NA,NA,7,NA,NA,10,11,12,13,15.83669472,13.608881,6.793282032,29.92187309,0.023368021,5.420226097,0.017067095,22.6082592,34.40330887,206.4854431,-0.0949203,-1030.739558,-304.989323,RufousTailedHawk,15
679,NA,0,NA,NA,0,0,NA,NA,NA,0,NA,NA,0,NA,120,NA,NA,20,15,NA,NA,NA,15,NA,NA,180,NA,9,NA,NA,13,14,NA,NA,NA,17,NA,NA,9,NA,2,NA,NA,2,2,NA,NA,NA,3,NA,NA,3,2.966461658,NA,38,NA,NA,29,301,NA,NA,NA,282,NA,NA,33,NA,2,NA,NA,5,6,NA,NA,NA,10,NA,NA,13,16.36762428,12.90560627,3.032316446,46.17113495,0.536624730,5.481751919,0.333224773,17.64401817,25.4795742,145.1378021,0.113456525,-1015.739558,-304.989323,RufousTailedHawk,15
680,NA,NA,NA,NA,NA,NA,0,0,NA,0,0,0,0,NA,NA,NA,NA,NA,NA,120,30,NA,20,21,28,33,NA,NA,NA,NA,NA,NA,19,12,NA,17,10,14,9,NA,NA,NA,NA,NA,NA,3,1,NA,1,1,1,1,1.962239027,NA,NA,NA,NA,NA,NA,35,48,NA,8,341,328,281,NA,NA,NA,NA,NA,NA,7,8,NA,10,11,12,13,15.96546173,10.44271278,2.433042765,53.12462616,2.551315308,4.025383949,3.092642546,12.85959435,21.3445282,236.6051483,-0.9077968,-1000.739558,-304.989323,RufousTailedHawk,15
681,NA,NA,0,NA,0,0,NA,0,0,0,0,0,NA,NA,NA,60,NA,270,120,NA,60,18,3,4,10,NA,NA,NA,21,NA,11,11,NA,14,10,10,19,14,NA,NA,NA,2,NA,2,2,NA,5,4,1,1,1,NA,2.724522829,NA,NA,289,NA,361,276,NA,330,301,359,303,337,NA,NA,NA,3,NA,5,6,NA,8,9,10,11,12,NA,15.55643463,10.10006905,2.633672953,44.14048767,3.619539261,7.939630985,9.078430176,10.08219814,21.49452972,375.729248,-2.170066118,-985.7395576,-304.989323,RufousTailedHawk,15
682,NA,NA,NA,NA,NA,0,NA,0,NA,0,0,0,NA,NA,NA,NA,NA,NA,30,NA,60,NA,30,4,10,NA,NA,NA,NA,NA,NA,12,NA,9,NA,13,16,22,NA,NA,NA,NA,NA,NA,2,NA,1,NA,1,1,1,NA,6.377655983,NA,NA,NA,NA,NA,325,NA,330,NA,323,13,6,NA,NA,NA,NA,NA,NA,6,NA,8,NA,10,11,12,NA,16.24988365,9.881169319,3.88480854,44.27036285,4.728285789,7.564836502,4.711727619,14.32357693,19.03810883,334.3087158,-0.34234184,-970.7395576,-304.989323,RufousTailedHawk,15
683,0,NA,NA,NA,0,NA,NA,0,0,0,0,0,0,120,NA,NA,NA,10,NA,NA,1,4,120,5,10,25,16,NA,NA,NA,13,NA,NA,9,17,13,11,9,16,2,NA,NA,NA,2,NA,NA,1,1,2,1,1,2,4.607492924,29,NA,NA,NA,10,NA,NA,360,342,292,39,270,252,1,NA,NA,NA,5,NA,NA,8,9,10,11,12,13,16.32719612,13.50018692,4.143467426,48.00260925,4.455685616,2.24593544,3.012019873,11.24268246,21.71191597,451.925354,-1.503122926,-955.7395576,-304.989323,RufousTailedHawk,15
685,0,0,0,0,0,0,0,0,0,0,0,0,0,180,60,120,240,300,240,300,39,24,150,28,240,25,14,14,18,9,10,13,10,10,10,10,11,11,10,2,4,2,6,3,3,4,2,1,2,2,8,2,4.115893841,326,58,356,5,255,318,296,364,287,249,280,276,253,1,2,3,4,5,6,7,8,9,10,11,12,13,9.606192589,22.6947155,24.83149147,5.398572922,0.344807386,9.680887222,2.759754181,14.56888676,41.03770065,1826.0802,-0.310716271,-925.7395576,-304.989323,RufousTailedHawk,15
686,NA,NA,NA,NA,NA,NA,0,0,NA,0,0,NA,0,NA,NA,NA,NA,NA,NA,120,3,NA,5,72,NA,72,NA,NA,NA,NA,NA,NA,18,13,NA,15,16,NA,11,NA,NA,NA,NA,NA,NA,2,2,NA,2,1,NA,1,4.115893841,NA,NA,NA,NA,NA,NA,9,339,NA,263,280,NA,15,NA,NA,NA,NA,NA,NA,7,8,NA,10,11,NA,13,9.606192589,22.6947155,24.83149147,5.398572922,0.344807386,9.680887222,2.759754181,14.56888676,41.03770065,1826.0802,-0.310716271,-910.7395576,-304.989323,RufousTailedHawk,15
687,0,0,0,0,0,0,0,0,0,0,0,1,0,60,90,60,60,25,60,14,180,60,60,27,60,25,17,10,17,12,18,11,19,12,8,8,18,13,17,1,2,1,1,3,1,1,1,1,1,1,1,1,2.060230732,311,296,42,271,270,339,35,363,335,292,291,49,275,1,2,3,4,5,6,7,8,9,10,11,12,13,15.15907669,18.14933014,5.189184189,13.31241226,1.831881046,8.143728256,14.26154327,10.09149551,16.54885101,87.16149902,-0.74682349,-1060.739558,-319.989323,RufousTailedHawk,15
688,NA,NA,NA,NA,NA,NA,NA,NA,NA,NA,0,0,0,NA,NA,NA,NA,NA,NA,NA,NA,NA,NA,60,8,4,NA,NA,NA,NA,NA,NA,NA,NA,NA,NA,11,8,17,NA,NA,NA,NA,NA,NA,NA,NA,NA,NA,2,2,1,1.914015889,NA,NA,NA,NA,NA,NA,NA,NA,NA,NA,34,267,9,NA,NA,NA,NA,NA,NA,NA,NA,NA,NA,11,12,13,13.96527004,17.53907394,2.953658581,14.62976742,4.363514900,8.754592896,42.40027618,11.89649582,14.05410767,351.9865417,1.787929893,-1045.739558,-319.989323,RufousTailedHawk,15
689,NA,NA,NA,NA,0,0,NA,NA,NA,0,0,0,0,NA,NA,NA,NA,30,10,NA,NA,NA,60,33,4,48,NA,NA,NA,NA,12,14,NA,NA,NA,20,17,16,20,NA,NA,NA,NA,2,2,NA,NA,NA,2,1,1,1,3.027729511,NA,NA,NA,NA,29,301,NA,NA,NA,284,246,315,51,NA,NA,NA,NA,5,6,NA,NA,NA,10,11,12,13,15.58523369,17.08672523,2.851526737,39.54031372,0.553732038,6.043868542,1.298143744,22.87366867,26.3210144,176.3399658,-1.044972062,-1030.739558,-319.989323,RufousTailedHawk,15
690,NA,NA,NA,NA,NA,NA,NA,NA,NA,0,NA,0,0,NA,NA,NA,NA,NA,NA,NA,NA,NA,15,NA,6,33,NA,NA,NA,NA,NA,NA,NA,NA,NA,18,NA,16,10,NA,NA,NA,NA,NA,NA,NA,NA,NA,3,NA,1,1,3.880439997,NA,NA,NA,NA,NA,NA,NA,NA,NA,264,NA,269,335,NA,NA,NA,NA,NA,NA,NA,NA,NA,10,NA,12,13,15.96906376,16.64792252,0.616753399,65.95232391,0.141092688,4.77018261,0.165726155,11.76928425,15.7713995,144.3790588,-0.577715933,-1015.739558,-319.989323,RufousTailedHawk,15
691,NA,NA,NA,NA,NA,NA,NA,NA,NA,NA,0,NA,NA,NA,NA,NA,NA,NA,NA,NA,NA,NA,NA,130,NA,NA,NA,NA,NA,NA,NA,NA,NA,NA,NA,NA,11,NA,NA,NA,NA,NA,NA,NA,NA,NA,NA,NA,NA,1,NA,NA,7.537026405,NA,NA,NA,NA,NA,NA,NA,NA,NA,NA,326,NA,NA,NA,NA,NA,NA,NA,NA,NA,NA,NA,NA,11,NA,NA,15.53928566,13.90744781,1.389588714,61.9189682,1.547472715,5.035907745,4.685454369,7.574836254,17.75971413,227.462738,-0.950155139,-1000.739558,-319.989323,RufousTailedHawk,15
692,NA,NA,NA,NA,NA,0,NA,0,0,0,0,0,0,NA,NA,NA,NA,NA,45,NA,120,79,14,102,20,45,NA,NA,NA,NA,NA,15,NA,9,17,13,15,9,18,NA,NA,NA,NA,NA,2,NA,2,2,1,3,1,2,5.504509926,NA,NA,NA,NA,NA,325,NA,295,299,6,304,254,248,NA,NA,NA,NA,NA,6,NA,8,9,10,11,12,13,15.43252373,10.15457058,2.504357815,58.95363235,3.412572622,4.204298019,5.850927353,7.25249052,15.4087534,266.6493835,-1.224708319,-985.7395576,-319.989323,RufousTailedHawk,15
693,NA,NA,NA,NA,0,0,NA,0,0,0,0,0,0,NA,NA,NA,NA,10,30,NA,7,180,150,151,18,147,NA,NA,NA,NA,12,8,NA,20,12,8,9,18,6,NA,NA,NA,NA,2,1,NA,1,1,1,1,1,5,2.833364725,NA,NA,NA,NA,10,334,NA,56,41,286,313,342,363,NA,NA,NA,NA,5,6,NA,8,9,10,11,12,13,15.39772606,12.76087284,2.951954842,53.74587631,3.191100836,4.415839672,4.605563641,10.92300224,17.70872879,330.5668945,-1.313796282,-970.7395576,-319.989323,RufousTailedHawk,15
694,NA,NA,NA,NA,0,NA,0,NA,0,0,0,0,0,NA,NA,NA,NA,90,NA,30,NA,50,90,2,30,25,NA,NA,NA,NA,9,NA,18,NA,9,8,14,15,7,NA,NA,NA,NA,1,NA,1,NA,1,2,2,1,1,7.721120358,NA,NA,NA,NA,341,NA,56,NA,342,298,44,286,285,NA,NA,NA,NA,5,NA,7,NA,9,10,11,12,13,14.49979877,18.84840012,2.676211119,36.96855164,1.785084248,7.505484104,8.530527115,13.38833332,26.92495346,679.9563599,-2.286964417,-955.7395576,-319.989323,RufousTailedHawk,15
696,NA,NA,NA,NA,NA,NA,NA,NA,0,NA,0,NA,NA,NA,NA,NA,NA,NA,NA,NA,NA,36,NA,83,NA,NA,NA,NA,NA,NA,NA,NA,NA,NA,7,NA,6,NA,NA,NA,NA,NA,NA,NA,NA,NA,NA,3,NA,1,NA,NA,4.915138245,NA,NA,NA,NA,NA,NA,NA,NA,288,NA,20,NA,NA,NA,NA,NA,NA,NA,NA,NA,NA,9,NA,11,NA,NA,4.94901228,25.27609062,60.19168854,1.122439384,0.000000000,4.879435539,0,5.063994408,27.48114014,2559.76709,0.032108519,-925.7395576,-319.989323,RufousTailedHawk,15
698,0,0,0,0,0,0,0,0,0,0,0,0,0,60,80,20,60,40,180,25,152,30,4,11,300,70,15,11,19,14,8,11,11,11,19,16,17,12,13,1,4,2,1,3,2,1,7,5,1,1,5,1,2.029552221,311,36,40,271,270,333,36,349,342,335,337,294,282,1,2,3,4,5,6,7,8,9,10,11,12,13,14.81294918,20.67571259,2.891586781,18.23665047,3.723532200,4.829076767,14.31075859,14.3569212,16.56628227,78.54608154,-0.483156562,-1060.739558,-334.989323,RufousTailedHawk,15
699,NA,NA,NA,NA,NA,NA,NA,NA,NA,0,NA,NA,NA,NA,NA,NA,NA,NA,NA,NA,NA,NA,20,NA,NA,NA,NA,NA,NA,NA,NA,NA,NA,NA,NA,3,NA,NA,NA,NA,NA,NA,NA,NA,NA,NA,NA,NA,1,NA,NA,NA,3.233940125,NA,NA,NA,NA,NA,NA,NA,NA,NA,55,NA,NA,NA,NA,NA,NA,NA,NA,NA,NA,NA,NA,10,NA,NA,NA,14.46685886,20.16929245,4.217836857,20.46244431,2.871914625,9.015411377,22.16333961,20.69597626,19.93528748,216.4032898,-0.179091692,-1045.739558,-334.989323,RufousTailedHawk,15
700,NA,NA,NA,NA,NA,0,NA,NA,NA,0,0,0,0,NA,NA,NA,NA,NA,75,NA,NA,NA,60,2,120,30,NA,NA,NA,NA,NA,10,NA,NA,NA,11,8,11,15,NA,NA,NA,NA,NA,1,NA,NA,NA,2,1,2,2,3.718387604,NA,NA,NA,NA,NA,291,NA,NA,NA,305,284,254,281,NA,NA,NA,NA,NA,6,NA,NA,NA,10,11,12,13,14.8404932,19.84160423,2.409005642,33.16440582,1.192831516,5.846917152,9.089704514,25.74953842,22.03633499,216.4280243,0.647163391,-1030.739558,-334.989323,RufousTailedHawk,15
701,NA,NA,NA,NA,NA,NA,NA,NA,0,NA,0,0,0,NA,NA,NA,NA,NA,NA,NA,NA,90,NA,240,60,238,NA,NA,NA,NA,NA,NA,NA,NA,18,NA,16,17,14,NA,NA,NA,NA,NA,NA,NA,NA,2,NA,2,1,1,5.077885628,NA,NA,NA,NA,NA,NA,NA,NA,292,NA,43,269,260,NA,NA,NA,NA,NA,NA,NA,NA,9,NA,11,12,13,14.22872448,19.42069435,3.297142029,46.12500381,0.910606146,5.778264523,0.700310767,21.3211937,21.84936714,348.8744812,2.150854349,-1015.739558,-334.989323,RufousTailedHawk,15
702,0,NA,NA,NA,NA,NA,0,0,0,0,0,0,0,60,NA,NA,NA,NA,NA,120,20,11,90,50,5,7,14,NA,NA,NA,NA,NA,10,10,18,7,9,13,12,1,NA,NA,NA,NA,NA,2,1,2,1,1,1,1,3.865362167,26,NA,NA,NA,NA,NA,246,327,364,359,294,337,4,1,NA,NA,NA,NA,NA,7,8,9,10,11,12,13,14.87289429,18.16636276,2.155229568,55.26696014,3.145278931,5.151029587,3.878526926,9.586006165,19.21086311,266.7687378,0.348120302,-1000.739558,-334.989323,RufousTailedHawk,15
703,NA,NA,NA,NA,NA,NA,NA,NA,0,0,0,0,0,NA,NA,NA,NA,NA,NA,NA,NA,75,182,200,208,83,NA,NA,NA,NA,NA,NA,NA,NA,18,10,10,10,21,NA,NA,NA,NA,NA,NA,NA,NA,1,4,3,2,1,4.608242512,NA,NA,NA,NA,NA,NA,NA,NA,354,282,274,304,323,NA,NA,NA,NA,NA,NA,NA,NA,9,10,11,12,13,13.82209587,18.16147232,3.610373974,40.70402527,3.884022713,7.347490788,14.23009586,10.54728413,18.69524574,490.8348389,1.696043491,-985.7395576,-334.989323,RufousTailedHawk,15
704,NA,NA,NA,NA,0,0,0,0,0,0,0,0,0,NA,NA,NA,NA,65,1,10,120,30,10,15,15,4,NA,NA,NA,NA,10,14,9,12,10,16,18,9,8,NA,NA,NA,NA,2,1,2,1,2,1,1,1,1,1.895716429,NA,NA,NA,NA,355,294,14,347,293,284,267,337,283,NA,NA,NA,NA,5,6,7,8,9,10,11,12,13,14.41669655,18.81703949,4.022287369,56.77742767,2.284609795,3.785341501,5.176756859,5.275745869,17.09384537,403.1328735,-1.293462396,-970.7395576,-334.989323,RufousTailedHawk,15
705,NA,NA,NA,NA,0,0,0,0,0,0,NA,NA,NA,NA,NA,NA,NA,70,90,15,27,120,60,NA,NA,NA,NA,NA,NA,NA,8,12,9,15,13,18,NA,NA,NA,NA,NA,NA,NA,2,2,4,5,2,1,NA,NA,NA,7.6148386,NA,NA,NA,NA,10,283,275,14,47,327,NA,NA,NA,NA,NA,NA,NA,5,6,7,8,9,10,NA,NA,NA,12.5959301,23.3263092,2.653262854,28.28431702,1.656161189,8.745826721,23.69982529,7.060911179,26.94361877,974.4196167,0.132655829,-955.7395576,-334.989323,RufousTailedHawk,15
707,NA,NA,NA,NA,NA,NA,NA,NA,NA,NA,NA,NA,0,NA,NA,NA,NA,NA,NA,NA,NA,NA,NA,NA,NA,85,NA,NA,NA,NA,NA,NA,NA,NA,NA,NA,NA,NA,7,NA,NA,NA,NA,NA,NA,NA,NA,NA,NA,NA,NA,1,4.915138245,NA,NA,NA,NA,NA,NA,NA,NA,NA,NA,NA,NA,352,NA,NA,NA,NA,NA,NA,NA,NA,NA,NA,NA,NA,13,4.94901228,25.27609062,60.19168854,1.122439384,0.000000000,4.879435539,0,5.063994408,27.48114014,2559.76709,0.032108519,-925.7395576,-334.989323,RufousTailedHawk,15
708,NA,0,0,0,0,0,0,0,0,0,0,0,0,NA,15,60,30,30,20,180,10,35,29,60,21,150,NA,9,16,14,15,11,9,16,13,19,16,11,19,NA,2,1,2,2,3,2,1,2,3,1,1,3,2.102598429,NA,340,263,49,37,271,259,363,270,282,324,315,364,NA,2,3,4,5,6,7,8,9,10,11,12,13,14.53353691,21.98716927,3.576433897,14.5189724,2.991912365,5.706680298,17.75240326,12.3500433,14.09742165,62.26094437,-0.408491284,-1060.739558,-349.989323,RufousTailedHawk,15
709,NA,NA,NA,NA,NA,NA,NA,0,NA,NA,NA,NA,0,NA,NA,NA,NA,NA,NA,NA,26,NA,NA,NA,NA,10,NA,NA,NA,NA,NA,NA,NA,12,NA,NA,NA,NA,23,NA,NA,NA,NA,NA,NA,NA,1,NA,NA,NA,NA,5,2.64093256,NA,NA,NA,NA,NA,NA,NA,327,NA,NA,NA,NA,365,NA,NA,NA,NA,NA,NA,NA,8,NA,NA,NA,NA,13,14.37168407,21.48925591,4.719673634,16.6609993,4.799356937,7.274925232,35.03598785,16.11812401,14.32608128,165.9291992,0.501546621,-1045.739558,-349.989323,RufousTailedHawk,15
710,NA,NA,NA,NA,NA,NA,NA,NA,0,NA,NA,NA,0,NA,NA,NA,NA,NA,NA,NA,NA,120,NA,NA,NA,40,NA,NA,NA,NA,NA,NA,NA,NA,15,NA,NA,NA,15,NA,NA,NA,NA,NA,NA,NA,NA,2,NA,NA,NA,1,2.080673933,NA,NA,NA,NA,NA,NA,NA,NA,310,NA,NA,NA,46,NA,NA,NA,NA,NA,NA,NA,NA,9,NA,NA,NA,13,14.66176319,20.25968933,5.028021812,34.51588058,0.446775287,3.653964281,0.894956946,29.19924355,25.71687508,176.6384888,-1.15374434,-1030.739558,-349.989323,RufousTailedHawk,15
711,NA,0,NA,NA,NA,NA,NA,0,0,0,0,NA,0,NA,30,NA,NA,NA,NA,NA,20,30,70,5,NA,38,NA,9,NA,NA,NA,NA,NA,10,14,18,19,NA,16,NA,2,NA,NA,NA,NA,NA,2,2,1,1,NA,1,3.658787727,NA,341,NA,NA,NA,NA,NA,40,310,270,302,NA,304,NA,2,NA,NA,NA,NA,NA,8,9,10,11,NA,13,13.81939697,20.27104759,2.933897972,36.12808609,0.730068803,6.750638485,1.292964578,26.71348763,25.42671394,359.0879822,-0.418189377,-1015.739558,-349.989323,RufousTailedHawk,15
712,NA,NA,0,NA,NA,0,0,0,0,0,0,0,0,NA,NA,30,NA,NA,240,20,17,45,60,30,20,4,NA,NA,7,NA,NA,16,10,7,21,11,18,8,11,NA,NA,3,NA,NA,1,2,1,2,1,1,1,1,2.858273745,NA,NA,339,NA,NA,341,299,327,363,4,326,300,337,NA,NA,3,NA,NA,6,7,8,9,10,11,12,13,14.6835041,18.87151718,1.313900113,61.2951889,3.341210842,5.374577999,4.693615437,8.468025208,13.77856064,222.2891388,-0.060449794,-1000.739558,-349.989323,RufousTailedHawk,15
713,0,NA,0,0,0,0,0,0,0,0,0,0,0,180,NA,135,194,225,60,40,120,71,60,15,5,5,9,NA,9,9,8,8,9,13,16,11,19,11,0,2,NA,2,2,1,2,2,2,1,2,1,1,1,1.746438861,303,NA,53,17,42,32,14,301,265,253,326,267,303,1,NA,3,4,5,6,7,8,9,10,11,12,13,14.33270073,19.30571175,3.09800458,55.56899261,2.136730433,5.420578957,8.869760513,8.755736351,14.23677444,302.9983826,-0.996697485,-985.7395576,-349.989323,RufousTailedHawk,15
714,NA,NA,0,NA,NA,NA,0,0,0,0,0,0,0,NA,NA,45,NA,NA,NA,60,120,4,135,2,15,185,NA,NA,11,NA,NA,NA,15,9,16,10,15,13,8,NA,NA,2,NA,NA,NA,1,1,1,2,1,1,1,3.594675541,NA,NA,52,NA,NA,NA,304,345,269,355,291,254,281,NA,NA,3,NA,NA,NA,7,8,9,10,11,12,13,14.18317509,22.28430748,1.083991766,71.84588623,1.368536711,2.334998131,6.795835495,2.847948313,12.46224976,362.9079285,-1.348350167,-970.7395576,-349.989323,RufousTailedHawk,15
715,NA,NA,NA,0,0,0,NA,NA,0,NA,0,0,0,NA,NA,NA,150,20,60,NA,NA,30,NA,11,30,33,NA,NA,NA,18,10,19,NA,NA,0,NA,11,8,9,NA,NA,NA,2,1,2,NA,NA,1,NA,1,1,4,3.881822586,NA,NA,NA,326,262,31,NA,NA,259,NA,303,337,281,NA,NA,NA,4,5,6,NA,NA,9,NA,11,12,13,12.64422226,25.17486763,2.308214426,30.05617714,2.635938883,10.66159725,18.52164459,10.90283298,22.56818199,875.8403931,1.678019166,-955.7395576,-349.989323,RufousTailedHawk,15
716,NA,NA,NA,NA,0,NA,NA,NA,NA,0,NA,NA,0,NA,NA,NA,NA,20,NA,NA,NA,NA,60,NA,NA,180,NA,NA,NA,NA,18,NA,NA,NA,NA,9,NA,NA,10,NA,NA,NA,NA,2,NA,NA,NA,NA,1,NA,NA,2,4.259426117,NA,NA,NA,NA,262,NA,NA,NA,NA,318,NA,NA,51,NA,NA,NA,NA,5,NA,NA,NA,NA,10,NA,NA,13,10.48124313,26.57746696,8.080363274,10.46114159,0.602491200,11.42604923,7.55029583,18.94079399,40.47119522,1471.755737,-7.432250023,-940.7395576,-349.989323,RufousTailedHawk,15
717,0,0,NA,NA,NA,NA,NA,NA,NA,NA,NA,NA,NA,45,90,NA,NA,NA,NA,NA,NA,NA,NA,NA,NA,NA,16,11,NA,NA,NA,NA,NA,NA,NA,NA,NA,NA,NA,1,1,NA,NA,NA,NA,NA,NA,NA,NA,NA,NA,NA,3.93867898,266,287,NA,NA,NA,NA,NA,NA,NA,NA,NA,NA,NA,1,2,NA,NA,NA,NA,NA,NA,NA,NA,NA,NA,NA,5.003642082,27.9865818,52.76494217,0.775394678,8.03861075837631e-06,7.053388119,0.332425267,6.18077898,31.67090034,2514.530029,2.103806019,-925.7395576,-349.989323,RufousTailedHawk,15
718,NA,NA,NA,NA,NA,NA,NA,NA,NA,NA,NA,0,0,NA,NA,NA,NA,NA,NA,NA,NA,NA,NA,NA,35,5,NA,NA,NA,NA,NA,NA,NA,NA,NA,NA,NA,19,13,NA,NA,NA,NA,NA,NA,NA,NA,NA,NA,NA,1,1,1.88646102,NA,NA,NA,NA,NA,NA,NA,NA,NA,NA,NA,40,56,NA,NA,NA,NA,NA,NA,NA,NA,NA,NA,NA,12,13,14.29308987,20.71512604,3.513023853,12.58146667,2.736212730,7.496548653,28.78274536,10.64498425,15.52250385,87.4298172,0.245545909,-1075.739558,-364.989323,RufousTailedHawk,15
719,0,0,0,0,0,0,0,0,0,0,0,0,0,120,150,235,60,120,120,120,15,20,10,60,60,59,11,10,16,11,19,8,11,17,19,8,11,16,11,1,2,1,3,2,1,2,1,2,2,1,1,1,1.88646102,28,340,42,329,36,305,291,363,348,328,289,339,259,1,2,3,4,5,6,7,8,9,10,11,12,13,14.29308987,20.71512604,3.513023853,12.58146667,2.736212730,7.496548653,28.78274536,10.64498425,15.52250385,87.4298172,0.245545909,-1060.739558,-364.989323,RufousTailedHawk,15
721,NA,NA,NA,NA,NA,NA,NA,NA,NA,NA,0,NA,0,NA,NA,NA,NA,NA,NA,NA,NA,NA,NA,67,NA,4,NA,NA,NA,NA,NA,NA,NA,NA,NA,NA,13,NA,9,NA,NA,NA,NA,NA,NA,NA,NA,NA,NA,3,NA,1,3.160134554,NA,NA,NA,NA,NA,NA,NA,NA,NA,NA,291,NA,296,NA,NA,NA,NA,NA,NA,NA,NA,NA,NA,11,NA,13,14.06818199,20.1901226,3.753959894,34.11845779,1.639208913,4.352872372,8.042653084,26.2597065,21.74389458,223.9822235,1.343952417,-1030.739558,-364.989323,RufousTailedHawk,15
722,NA,NA,NA,NA,NA,NA,NA,NA,NA,0,0,NA,NA,NA,NA,NA,NA,NA,NA,NA,NA,NA,300,2,NA,NA,NA,NA,NA,NA,NA,NA,NA,NA,NA,13,17,NA,NA,NA,NA,NA,NA,NA,NA,NA,NA,NA,1,3,NA,NA,8.255214691,NA,NA,NA,NA,NA,NA,NA,NA,NA,59,280,NA,NA,NA,NA,NA,NA,NA,NA,NA,NA,NA,10,11,NA,NA,13.15777206,20.60764503,3.829622984,29.11515427,1.115193963,5.581424236,1.389992476,31.08411789,27.84969139,427.2795105,0.059208896,-1015.739558,-364.989323,RufousTailedHawk,15
723,NA,NA,NA,NA,NA,NA,NA,NA,0,NA,0,0,0,NA,NA,NA,NA,NA,NA,NA,NA,120,NA,23,180,28,NA,NA,NA,NA,NA,NA,NA,NA,10,NA,13,10,15,NA,NA,NA,NA,NA,NA,NA,NA,4,NA,2,1,1,4.2249403,NA,NA,NA,NA,NA,NA,NA,NA,335,NA,335,317,281,NA,NA,NA,NA,NA,NA,NA,NA,9,NA,11,12,13,13.50247097,19.72245407,2.385965347,52.8880806,1.555325627,5.921461105,1.672159791,16.60702324,18.89040375,388.7102661,-0.778758526,-1000.739558,-364.989323,RufousTailedHawk,15
724,NA,0,0,NA,NA,NA,NA,0,NA,0,NA,0,0,NA,150,20,NA,NA,NA,NA,90,NA,13,NA,7,2,NA,8,14,NA,NA,NA,NA,15,NA,18,NA,8,10,NA,2,2,NA,NA,NA,NA,2,NA,1,NA,1,1,1.766406298,NA,277,339,NA,NA,NA,NA,301,NA,4,NA,340,356,NA,2,3,NA,NA,NA,NA,8,NA,10,NA,12,13,13.94558907,18.99815369,2.09256959,67.64186859,1.492368698,3.362264633,2.732262135,4.531728745,16.39819908,302.1936035,0.635905206,-985.7395576,-364.989323,RufousTailedHawk,15
725,NA,NA,0,NA,NA,NA,NA,0,0,0,NA,0,0,NA,NA,100,NA,NA,NA,NA,60,180,60,NA,2,3,NA,NA,9,NA,NA,NA,NA,16,17,18,NA,0,8,NA,NA,3,NA,NA,NA,NA,2,2,1,NA,1,1,3.836881638,NA,NA,346,NA,NA,NA,NA,301,356,343,NA,354,283,NA,NA,3,NA,NA,NA,NA,8,9,10,NA,12,13,13.80465603,23.74668121,0.900145113,66.16300964,4.243409157,3.108995199,10.51936913,2.685842752,11.85690498,378.1410828,-1.116466999,-970.7395576,-364.989323,RufousTailedHawk,15
726,NA,NA,NA,NA,NA,NA,NA,NA,NA,NA,NA,0,NA,NA,NA,NA,NA,NA,NA,NA,NA,NA,NA,NA,240,NA,NA,NA,NA,NA,NA,NA,NA,NA,NA,NA,NA,15,NA,NA,NA,NA,NA,NA,NA,NA,NA,NA,NA,NA,1,NA,12.2900238,NA,NA,NA,NA,NA,NA,NA,NA,NA,NA,NA,15,NA,NA,NA,NA,NA,NA,NA,NA,NA,NA,NA,NA,12,NA,10.96761036,27.54951859,3.82646203,19.24002838,2.380122185,16.8253479,28.82843208,7.011349201,20.31953239,1198.203247,2.151741028,-955.7395576,-364.989323,RufousTailedHawk,15
727,NA,NA,NA,NA,NA,NA,0,0,0,0,NA,0,0,NA,NA,NA,NA,NA,NA,240,40,120,120,NA,5,120,NA,NA,NA,NA,NA,NA,10,19,16,10,NA,22,17,NA,NA,NA,NA,NA,NA,1,2,5,1,NA,1,1,9.053283691,NA,NA,NA,NA,NA,NA,40,313,328,260,NA,281,363,NA,NA,NA,NA,NA,NA,7,8,9,10,NA,12,13,8.244153976,28.05714607,26.3076725,12.1946516,0.560622334,13.37039375,4.613125801,16.70288467,24.61919212,1881.761841,5.22877264,-940.7395576,-364.989323,RufousTailedHawk,15
728,0,0,NA,NA,NA,NA,0,NA,NA,NA,NA,NA,NA,90,90,NA,NA,NA,NA,15,NA,NA,NA,NA,NA,NA,10,11,NA,NA,NA,NA,15,NA,NA,NA,NA,NA,NA,2,2,NA,NA,NA,NA,2,NA,NA,NA,NA,NA,NA,3.056945801,290,268,NA,NA,NA,NA,15,NA,NA,NA,NA,NA,NA,1,2,NA,NA,NA,NA,7,NA,NA,NA,NA,NA,NA,6.464761734,29.26433563,48.68603134,1.523820996,0.026520768,9.991208076,1.887072921,7.306366444,29.17494583,2226.324707,-4.886986732,-925.7395576,-364.989323,RufousTailedHawk,15
729,NA,0,0,0,0,NA,NA,0,0,0,NA,0,0,NA,20,60,95,60,NA,NA,12,30,12,NA,5,5,NA,7,19,10,7,NA,NA,14,18,16,NA,16,15,NA,2,2,2,2,NA,NA,3,1,3,NA,1,1,3.06421566,NA,277,52,306,34,NA,NA,300,307,328,NA,305,251,NA,2,3,4,5,NA,NA,8,9,10,NA,12,13,13.31603146,20.3149662,2.313534737,6.779272556,2.569339991,9.359483719,58.63564301,3.280437469,11.65774918,225.5727386,1.848412633,-1075.739558,-379.989323,RufousTailedHawk,15
730,NA,NA,NA,NA,NA,NA,NA,NA,0,NA,NA,0,0,NA,NA,NA,NA,NA,NA,NA,NA,60,NA,NA,40,3,NA,NA,NA,NA,NA,NA,NA,NA,10,NA,NA,8,10,NA,NA,NA,NA,NA,NA,NA,NA,2,NA,NA,2,1,3.06421566,NA,NA,NA,NA,NA,NA,NA,NA,349,NA,NA,250,333,NA,NA,NA,NA,NA,NA,NA,NA,9,NA,NA,12,13,13.31603146,20.3149662,2.313534737,6.779272556,2.569339991,9.359483719,58.63564301,3.280437469,11.65774918,225.5727386,1.848412633,-1060.739558,-379.989323,RufousTailedHawk,15
731,NA,NA,NA,NA,0,0,NA,NA,0,0,0,0,0,NA,NA,NA,NA,45,10,NA,NA,80,195,6,100,34,NA,NA,NA,NA,14,16,NA,NA,16,7,20,7,17,NA,NA,NA,NA,2,4,NA,NA,1,2,2,1,1,1.64699614,NA,NA,NA,NA,20,325,NA,NA,244,307,333,334,339,NA,NA,NA,NA,5,6,NA,NA,9,10,11,12,13,13.97296238,18.81180191,3.780184269,17.02818489,4.588581562,8.136209488,35.14339828,9.800825119,14.13407421,140.6981354,-1.344485283,-1045.739558,-379.989323,RufousTailedHawk,15
732,NA,NA,NA,NA,NA,NA,NA,0,0,NA,NA,0,0,NA,NA,NA,NA,NA,NA,NA,60,120,NA,NA,2,13,NA,NA,NA,NA,NA,NA,NA,17,11,NA,NA,13,14,NA,NA,NA,NA,NA,NA,NA,2,3,NA,NA,1,1,2.65583086,NA,NA,NA,NA,NA,NA,NA,10,11,NA,NA,17,255,NA,NA,NA,NA,NA,NA,NA,8,9,NA,NA,12,13,13.92726707,18.87219238,2.982545614,26.28936195,3.102231979,5.37263155,16.32455444,23.52242279,21.63120461,204.4828033,-0.982160151,-1030.739558,-379.989323,RufousTailedHawk,15
733,NA,NA,NA,NA,NA,NA,NA,NA,NA,NA,0,0,NA,NA,NA,NA,NA,NA,NA,NA,NA,NA,NA,150,300,NA,NA,NA,NA,NA,NA,NA,NA,NA,NA,NA,18,10,NA,NA,NA,NA,NA,NA,NA,NA,NA,NA,NA,3,1,NA,2.373334885,NA,NA,NA,NA,NA,NA,NA,NA,NA,NA,263,260,NA,NA,NA,NA,NA,NA,NA,NA,NA,NA,NA,11,12,NA,13.63006973,19.30916786,3.406514406,35.11114883,0.600907981,3.93004632,2.440616846,26.29184914,28.24095917,316.1546936,0.20383513,-1015.739558,-379.989323,RufousTailedHawk,15
734,NA,NA,0,NA,NA,0,NA,NA,NA,0,0,0,0,NA,NA,120,NA,NA,5,NA,NA,NA,6,60,12,68,NA,NA,12,NA,NA,15,NA,NA,NA,17,10,18,17,NA,NA,8,NA,NA,4,NA,NA,NA,1,2,1,1,1.547757268,NA,NA,54,NA,NA,325,NA,NA,NA,270,56,336,281,NA,NA,3,NA,NA,6,NA,NA,NA,10,11,12,13,13.78578949,17.57243538,4.312540531,55.79902267,1.706626415,2.714560747,2.392099857,12.21780014,19.0737915,281.3604431,0.258810878,-1000.739558,-379.989323,RufousTailedHawk,15
735,NA,0,NA,NA,0,0,NA,0,0,0,0,0,0,NA,45,NA,NA,145,20,NA,14,35,20,30,2,35,NA,15,NA,NA,9,13,NA,6,19,19,15,17,11,NA,1,NA,NA,3,4,NA,1,1,1,1,1,1,2.482105732,NA,282,NA,NA,257,325,NA,325,295,330,263,276,353,NA,2,NA,NA,5,6,NA,8,9,10,11,12,13,13.87226963,17.50696754,2.404243231,59.24716187,2.299060583,2.098642349,2.113227606,5.619310379,17.38807869,263.1819763,-0.482628644,-985.7395576,-379.989323,RufousTailedHawk,15
736,NA,NA,NA,NA,NA,0,NA,NA,0,0,0,0,0,NA,NA,NA,NA,NA,10,NA,NA,23,15,17,45,100,NA,NA,NA,NA,NA,12,NA,NA,16,15,11,17,16,NA,NA,NA,NA,NA,4,NA,NA,3,2,2,1,1,4.55024147,NA,NA,NA,NA,NA,325,NA,NA,279,333,362,288,246,NA,NA,NA,NA,NA,6,NA,NA,9,10,11,12,13,13.08070564,24.82602692,2.548032999,47.05366516,3.919298410,6.027085304,16.70397758,6.56690073,16.2929039,505.5782166,2.01221323,-970.7395576,-379.989323,RufousTailedHawk,15
737,NA,0,NA,NA,NA,0,0,NA,0,0,0,0,0,NA,150,NA,NA,NA,45,25,NA,6,80,180,3,55,NA,11,NA,NA,NA,6,9,NA,15,8,8,12,17,NA,1,NA,NA,NA,4,3,NA,5,3,1,1,1,14.4213419,NA,22,NA,NA,NA,325,6,NA,365,15,252,259,331,NA,2,NA,NA,NA,6,7,NA,9,10,11,12,13,11.64043713,28.85884476,3.282226563,21.69746399,2.107114553,12.24978638,29.04084587,6.724261761,21.95974922,980.2437744,-4.209681988,-955.7395576,-379.989323,RufousTailedHawk,15
738,NA,0,NA,NA,NA,0,NA,NA,0,NA,NA,0,NA,NA,60,NA,NA,NA,10,NA,NA,15,NA,NA,2,NA,NA,6,NA,NA,NA,10,NA,NA,1,NA,NA,15,NA,NA,1,NA,NA,NA,4,NA,NA,5,NA,NA,2,NA,18.77677155,NA,21,NA,NA,NA,325,NA,NA,364,NA,NA,259,NA,NA,2,NA,NA,NA,6,NA,NA,9,NA,NA,12,NA,8.576998711,29.7564373,24.81086731,6.808434486,1.210985422,14.49994469,8.747570992,11.90239048,29.94729996,1753.153198,1.742710829,-940.7395576,-379.989323,RufousTailedHawk,15
739,NA,NA,NA,NA,NA,0,0,NA,0,0,0,NA,0,NA,NA,NA,NA,NA,30,90,NA,180,4,300,NA,15,NA,NA,NA,NA,NA,7,9,NA,7,13,8,NA,12,NA,NA,NA,NA,NA,4,1,NA,6,2,1,NA,2,9.517245293,NA,NA,NA,NA,NA,325,366,NA,364,333,10,NA,328,NA,NA,NA,NA,NA,6,7,NA,9,10,11,NA,13,6.335119724,30.68925667,43.26123047,1.175328255,0.000000000,10.28393555,0.459103763,8.846598625,35.60855103,2211.164795,-5.914779186,-925.7395576,-379.989323,RufousTailedHawk,15
741,0,0,0,0,0,0,0,0,0,0,0,0,0,60,20,30,60,30,30,20,180,30,77,15,90,60,9,10,18,9,20,17,17,9,10,12,19,14,10,4,4,2,2,2,1,2,3,1,2,1,1,2,1.998678327,21,22,339,57,34,309,286,335,312,305,299,282,252,1,2,3,4,5,6,7,8,9,10,11,12,13,13.5628233,19.09330177,5.712567806,24.28143311,3.049902916,6.718979359,34.67705536,8.916545868,15.16829681,152.212738,0.14767389,-1075.739558,-394.989323,RufousTailedHawk,15
742,NA,NA,NA,0,0,0,NA,0,0,0,0,0,0,NA,NA,NA,15,25,10,NA,10,180,30,180,20,20,NA,NA,NA,9,8,16,NA,13,19,16,17,19,18,NA,NA,NA,3,3,4,NA,1,3,5,2,4,3,1.998678327,NA,NA,NA,40,298,325,NA,245,259,292,3,282,281,NA,NA,NA,4,5,6,NA,8,9,10,11,12,13,13.5628233,19.09330177,5.712567806,24.28143311,3.049902916,6.718979359,34.67705536,8.916545868,15.16829681,152.212738,0.14767389,-1060.739558,-394.989323,RufousTailedHawk,15
743,NA,NA,NA,NA,NA,NA,NA,NA,0,NA,0,0,0,NA,NA,NA,NA,NA,NA,NA,NA,120,NA,5,19,15,NA,NA,NA,NA,NA,NA,NA,NA,15,NA,7,17,19,NA,NA,NA,NA,NA,NA,NA,NA,2,NA,1,1,2,3.18337512,NA,NA,NA,NA,NA,NA,NA,NA,15,NA,37,289,6,NA,NA,NA,NA,NA,NA,NA,NA,9,NA,11,12,13,13.48330498,19.10949326,8.068985939,27.46069527,3.370787621,4.805587292,11.26895428,22.6203289,20.16949081,221.1688385,1.304928064,-1045.739558,-394.989323,RufousTailedHawk,15
744,NA,NA,NA,NA,0,0,NA,NA,NA,NA,0,0,0,NA,NA,NA,NA,15,5,NA,NA,NA,NA,10,70,80,NA,NA,NA,NA,13,16,NA,NA,NA,NA,8,15,8,NA,NA,NA,NA,2,4,NA,NA,NA,NA,1,1,1,2.225447416,NA,NA,NA,NA,318,325,NA,NA,NA,NA,284,338,273,NA,NA,NA,NA,5,6,NA,NA,NA,NA,11,12,13,14.01514339,18.45602798,3.666185617,39.11209488,1.569288492,4.864885807,3.913668871,22.97670937,22.72821045,161.8180084,-1.03277564,-1030.739558,-394.989323,RufousTailedHawk,15
745,NA,NA,NA,NA,0,NA,NA,NA,NA,NA,NA,0,NA,NA,NA,NA,NA,120,NA,NA,NA,NA,NA,NA,181,NA,NA,NA,NA,NA,9,NA,NA,NA,NA,NA,NA,13,NA,NA,NA,NA,NA,4,NA,NA,NA,NA,NA,NA,1,NA,2.094237804,NA,NA,NA,NA,278,NA,NA,NA,NA,NA,NA,255,NA,NA,NA,NA,NA,5,NA,NA,NA,NA,NA,NA,12,NA,13.85521507,18.909235,5.691011906,45.46541595,1.302480340,5.517969608,3.952349186,15.96431637,21.13345528,219.024353,-2.33159256,-1015.739558,-394.989323,RufousTailedHawk,15
746,NA,NA,NA,NA,NA,NA,NA,NA,NA,NA,0,0,0,NA,NA,NA,NA,NA,NA,NA,NA,NA,NA,11,90,3,NA,NA,NA,NA,NA,NA,NA,NA,NA,NA,10,14,7,NA,NA,NA,NA,NA,NA,NA,NA,NA,NA,2,1,1,3.362696648,NA,NA,NA,NA,NA,NA,NA,NA,NA,NA,53,268,283,NA,NA,NA,NA,NA,NA,NA,NA,NA,NA,11,12,13,13.37347603,19.647686,2.761899233,51.52035522,1.192963719,5.209279537,2.778274536,15.63098907,19.9812355,326.4872437,1.242038727,-1000.739558,-394.989323,RufousTailedHawk,15
747,NA,NA,NA,NA,NA,NA,NA,NA,NA,0,0,0,0,NA,NA,NA,NA,NA,NA,NA,NA,NA,60,20,18,23,NA,NA,NA,NA,NA,NA,NA,NA,NA,17,19,13,18,NA,NA,NA,NA,NA,NA,NA,NA,NA,1,1,1,1,4.030273438,NA,NA,NA,NA,NA,NA,NA,NA,NA,286,321,257,251,NA,NA,NA,NA,NA,NA,NA,NA,NA,10,11,12,13,13.56459713,19.70348549,1.723564982,61.91773224,1.243876100,3.46856904,2.182759523,9.346921921,15.86664486,292.7331238,-1.736230016,-985.7395576,-394.989323,RufousTailedHawk,15
748,NA,NA,NA,NA,NA,0,NA,NA,NA,NA,NA,NA,0,NA,NA,NA,NA,NA,45,NA,NA,NA,NA,NA,NA,10,NA,NA,NA,NA,NA,16,NA,NA,NA,NA,NA,NA,15,NA,NA,NA,NA,NA,2,NA,NA,NA,NA,NA,NA,1,13.06153679,NA,NA,NA,NA,NA,284,NA,NA,NA,NA,NA,NA,351,NA,NA,NA,NA,NA,6,NA,NA,NA,NA,NA,NA,13,12.1170826,27.62090111,3.723265648,24.96552277,3.457362890,12.61804295,30.06423759,5.412591934,17.7333622,706.6481934,1.81827116,-970.7395576,-394.989323,RufousTailedHawk,15
751,NA,0,NA,NA,NA,NA,0,0,0,0,0,0,0,NA,240,NA,NA,NA,NA,35,60,4,80,60,120,75,NA,17,NA,NA,NA,NA,11,14,11,10,11,11,15,NA,1,NA,NA,NA,NA,3,2,3,3,2,2,1,13.50020599,NA,21,NA,NA,NA,NA,6,27,279,15,57,46,339,NA,2,NA,NA,NA,NA,7,8,9,10,11,12,13,4.484505653,31.87538719,59.96842957,0.565637946,0.000000000,4.357221127,0.055586945,5.683058262,28.08931923,2515.822998,4.238436222,-925.7395576,-394.989323,RufousTailedHawk,15
754,0,0,0,0,0,0,0,0,0,0,0,0,0,60,50,120,45,120,75,200,15,57,88,15,15,120,10,11,11,11,14,19,19,14,19,13,19,14,18,1,4,2,2,1,2,2,1,1,1,1,1,1,2.280583382,258,22,361,58,255,40,343,35,291,355,336,244,324,1,2,3,4,5,6,7,8,9,10,11,12,13,13.39423275,23.07089233,3.407493591,13.95504379,2.335541725,7.414574623,32.30506516,6.127434254,17.70846176,109.2006378,-0.022644896,-1075.739558,-409.989323,RufousTailedHawk,15
755,NA,NA,NA,NA,NA,NA,NA,NA,NA,NA,NA,NA,0,NA,NA,NA,NA,NA,NA,NA,NA,NA,NA,NA,NA,15,NA,NA,NA,NA,NA,NA,NA,NA,NA,NA,NA,NA,8,NA,NA,NA,NA,NA,NA,NA,NA,NA,NA,NA,NA,2,4.346618176,NA,NA,NA,NA,NA,NA,NA,NA,NA,NA,NA,NA,250,NA,NA,NA,NA,NA,NA,NA,NA,NA,NA,NA,NA,13,13.09758282,20.57250595,3.318947792,11.31695747,3.085060835,7.454037189,59.12903595,4.790730476,9.869316101,221.3179016,-1.699237108,-1060.739558,-409.989323,RufousTailedHawk,15
756,NA,NA,NA,NA,NA,NA,NA,NA,NA,NA,NA,NA,0,NA,NA,NA,NA,NA,NA,NA,NA,NA,NA,NA,NA,148,NA,NA,NA,NA,NA,NA,NA,NA,NA,NA,NA,NA,10,NA,NA,NA,NA,NA,NA,NA,NA,NA,NA,NA,NA,1,5.868969917,NA,NA,NA,NA,NA,NA,NA,NA,NA,NA,NA,NA,51,NA,NA,NA,NA,NA,NA,NA,NA,NA,NA,NA,NA,13,12.89365482,20.72851372,6.245515347,18.74894905,5.279260635,8.664604187,33.91390228,12.94089603,13.15818501,305.8610535,1.540095448,-1045.739558,-409.989323,RufousTailedHawk,15
757,NA,NA,0,NA,NA,NA,NA,0,NA,NA,NA,NA,NA,NA,NA,30,NA,NA,NA,NA,60,NA,NA,NA,NA,NA,NA,NA,10,NA,NA,NA,NA,12,NA,NA,NA,NA,NA,NA,NA,2,NA,NA,NA,NA,1,NA,NA,NA,NA,NA,10.21349716,NA,NA,340,NA,NA,NA,NA,274,NA,NA,NA,NA,NA,NA,NA,3,NA,NA,NA,NA,8,NA,NA,NA,NA,NA,13.36553288,20.05161285,5.656397343,28.64967728,4.103633881,7.178078651,11.65281582,22.06782722,20.45263481,255.8860474,1.709377408,-1030.739558,-409.989323,RufousTailedHawk,15
758,NA,NA,NA,0,NA,NA,NA,NA,NA,NA,0,0,0,NA,NA,NA,30,NA,NA,NA,NA,NA,NA,20,12,2,NA,NA,NA,8,NA,NA,NA,NA,NA,NA,16,11,18,NA,NA,NA,1,NA,NA,NA,NA,NA,NA,2,1,1,3.573364973,NA,NA,NA,351,NA,NA,NA,NA,NA,NA,50,356,356,NA,NA,NA,4,NA,NA,NA,NA,NA,NA,11,12,13,13.66361618,20.36039162,5.155187607,34.6760788,0.893635750,5.274600506,4.908967018,24.8209095,24.08577347,238.4206085,-1.434932828,-1015.739558,-409.989323,RufousTailedHawk,15
759,NA,NA,NA,NA,NA,0,NA,NA,NA,0,NA,NA,0,NA,NA,NA,NA,NA,13,NA,NA,NA,2,NA,NA,110,NA,NA,NA,NA,NA,15,NA,NA,NA,19,NA,NA,17,NA,NA,NA,NA,NA,1,NA,NA,NA,1,NA,NA,1,2.412852526,NA,NA,NA,NA,NA,257,NA,NA,NA,282,NA,NA,281,NA,NA,NA,NA,NA,6,NA,NA,NA,10,NA,NA,13,13.68264008,20.89982414,0.613811553,65.40232849,0.961725652,5.171954632,1.518828511,11.0071106,15.2612772,238.0420532,0.38867566,-1000.739558,-409.989323,RufousTailedHawk,15
760,NA,NA,NA,NA,NA,0,NA,NA,0,0,0,0,0,NA,NA,NA,NA,NA,45,NA,NA,30,86,42,180,33,NA,NA,NA,NA,NA,8,NA,NA,11,12,8,18,18,NA,NA,NA,NA,NA,2,NA,NA,1,1,1,1,2,1.753080249,NA,NA,NA,NA,NA,285,NA,NA,54,341,341,252,268,NA,NA,NA,NA,NA,6,NA,NA,9,10,11,12,13,13.09962177,24.38632774,0.892388046,59.43384552,2.624221802,5.075007915,6.110870361,9.070626259,16.21687317,388.3417664,1.100341082,-985.7395576,-409.989323,RufousTailedHawk,15
761,NA,NA,NA,NA,NA,0,NA,NA,0,0,0,0,0,NA,NA,NA,NA,NA,30,NA,NA,15,67,46,15,3,NA,NA,NA,NA,NA,10,NA,NA,11,10,9,16,15,NA,NA,NA,NA,NA,2,NA,NA,4,1,1,1,2,4.910674572,NA,NA,NA,NA,NA,285,NA,NA,261,282,59,356,262,NA,NA,NA,NA,NA,6,NA,NA,9,10,11,12,13,11.77667522,29.99373245,3.505461931,26.50587082,3.857677221,13.8988905,28.35134697,6.9373312,15.21169949,759.2161865,-4.064265251,-970.7395576,-409.989323,RufousTailedHawk,15
762,NA,NA,NA,NA,NA,0,NA,NA,NA,NA,NA,NA,NA,NA,NA,NA,NA,NA,25,NA,NA,NA,NA,NA,NA,NA,NA,NA,NA,NA,NA,12,NA,NA,NA,NA,NA,NA,NA,NA,NA,NA,NA,NA,2,NA,NA,NA,NA,NA,NA,NA,6.802167416,NA,NA,NA,NA,NA,284,NA,NA,NA,NA,NA,NA,NA,NA,NA,NA,NA,NA,6,NA,NA,NA,NA,NA,NA,NA,9.052494049,32.55410767,13.74257183,11.30286884,2.291721821,16.89953041,25.47444725,9.639035225,17.74674988,1505.52063,1.067309856,-955.7395576,-409.989323,RufousTailedHawk,15
766,NA,0,NA,0,0,0,0,0,0,0,0,0,0,NA,110,NA,60,120,60,70,50,60,20,120,122,30,NA,13,NA,12,11,15,13,11,10,15,16,8,10,NA,4,NA,4,2,2,2,2,2,1,1,1,1,4.436257362,NA,22,NA,263,291,329,303,264,259,281,319,263,260,NA,2,NA,4,5,6,7,8,9,10,11,12,13,12.53604603,24.65634346,1.859661937,4.108047962,1.135770202,8.839348793,69.79467773,1.807417393,11.1124115,280.5483093,0.504794598,-1090.739558,-424.989323,RufousTailedHawk,15
767,NA,NA,NA,NA,NA,NA,NA,NA,NA,NA,NA,0,NA,NA,NA,NA,NA,NA,NA,NA,NA,NA,NA,NA,21,NA,NA,NA,NA,NA,NA,NA,NA,NA,NA,NA,NA,13,NA,NA,NA,NA,NA,NA,NA,NA,NA,NA,NA,NA,1,NA,4.436257362,NA,NA,NA,NA,NA,NA,NA,NA,NA,NA,NA,289,NA,NA,NA,NA,NA,NA,NA,NA,NA,NA,NA,NA,12,NA,12.53604603,24.65634346,1.859661937,4.108047962,1.135770202,8.839348793,69.79467773,1.807417393,11.1124115,280.5483093,0.504794598,-1075.739558,-424.989323,RufousTailedHawk,15
768,NA,NA,NA,NA,NA,NA,NA,NA,NA,NA,NA,0,0,NA,NA,NA,NA,NA,NA,NA,NA,NA,NA,NA,31,15,NA,NA,NA,NA,NA,NA,NA,NA,NA,NA,NA,13,10,NA,NA,NA,NA,NA,NA,NA,NA,NA,NA,NA,1,1,2.654173136,NA,NA,NA,NA,NA,NA,NA,NA,NA,NA,NA,250,257,NA,NA,NA,NA,NA,NA,NA,NA,NA,NA,NA,12,13,12.7156496,22.54849625,1.164357543,4.604187489,2.587651968,8.108606339,71.3102951,2.194069386,8.8372612,292.5799561,1.054180861,-1060.739558,-424.989323,RufousTailedHawk,15
769,NA,0,NA,NA,NA,0,NA,NA,NA,NA,NA,NA,NA,NA,15,NA,NA,NA,20,NA,NA,NA,NA,NA,NA,NA,NA,8,NA,NA,NA,19,NA,NA,NA,NA,NA,NA,NA,NA,4,NA,NA,NA,1,NA,NA,NA,NA,NA,NA,NA,3.079890728,NA,22,NA,NA,NA,294,NA,NA,NA,NA,NA,NA,NA,NA,2,NA,NA,NA,6,NA,NA,NA,NA,NA,NA,NA,12.77192116,21.97592163,2.73094058,19.26667213,6.491773129,9.662546158,33.79882813,13.37786198,13.9424963,324.0316162,-0.134076774,-1045.739558,-424.989323,RufousTailedHawk,15
770,NA,NA,0,0,NA,NA,NA,0,NA,NA,NA,0,0,NA,NA,45,30,NA,NA,NA,15,NA,NA,NA,80,5,NA,NA,9,16,NA,NA,NA,10,NA,NA,NA,18,20,NA,NA,2,1,NA,NA,NA,1,NA,NA,NA,1,3,7.198056698,NA,NA,340,353,NA,NA,NA,244,NA,NA,NA,351,281,NA,NA,3,4,NA,NA,NA,8,NA,NA,NA,12,13,13.78649998,20.64806938,5.568567276,32.40014267,2.157182932,5.128773689,2.404959202,29.67157364,21.82636833,172.2022247,-1.289940119,-1030.739558,-424.989323,RufousTailedHawk,15
771,0,NA,0,NA,NA,0,0,0,0,0,0,0,0,300,NA,30,NA,NA,1,5,75,137,25,60,20,2,9,NA,20,NA,NA,16,10,9,16,16,22,10,12,2,NA,2,NA,NA,1,1,1,1,1,2,1,1,2.902093172,283,NA,340,NA,NA,257,341,321,300,288,291,347,312,1,NA,3,NA,NA,6,7,8,9,10,11,12,13,13.86979961,21.65360832,1.915403128,57.73749924,0.644869864,4.431655407,1.087854862,13.33846569,18.16617393,174.6463318,-0.026226453,-1015.739558,-424.989323,RufousTailedHawk,15
772,NA,NA,NA,NA,NA,NA,NA,0,0,0,0,0,0,NA,NA,NA,NA,NA,NA,NA,9,120,60,34,75,33,NA,NA,NA,NA,NA,NA,NA,10,18,6,20,12,14,NA,NA,NA,NA,NA,NA,NA,5,2,3,1,3,1,2.874240398,NA,NA,NA,NA,NA,NA,NA,13,264,328,51,261,359,NA,NA,NA,NA,NA,NA,NA,8,9,10,11,12,13,13.80203629,23.84466743,0.123698026,80.19696808,0.371878296,3.677189112,0.935247302,3.896050453,10.57814121,192.6488647,-0.2963956,-1000.739558,-424.989323,RufousTailedHawk,15
773,NA,NA,NA,NA,0,0,NA,NA,0,NA,NA,0,NA,NA,NA,NA,NA,15,20,NA,NA,7,NA,NA,120,NA,NA,NA,NA,NA,16,9,NA,NA,10,NA,NA,18,NA,NA,NA,NA,NA,3,1,NA,NA,1,NA,NA,1,NA,4.68429184,NA,NA,NA,NA,257,358,NA,NA,342,NA,NA,4,NA,NA,NA,NA,NA,5,6,NA,NA,9,NA,NA,12,NA,12.89449692,28.30858231,2.214153767,33.67879486,4.469759464,6.657315731,29.83116531,8.217734337,13.8078022,417.8835754,0.689723194,-985.7395576,-424.989323,RufousTailedHawk,15
774,NA,NA,NA,NA,NA,NA,NA,0,0,NA,NA,0,0,NA,NA,NA,NA,NA,NA,NA,180,60,NA,NA,131,29,NA,NA,NA,NA,NA,NA,NA,8,11,NA,NA,11,10,NA,NA,NA,NA,NA,NA,NA,1,1,NA,NA,1,1,2.05753994,NA,NA,NA,NA,NA,NA,NA,15,301,NA,NA,288,338,NA,NA,NA,NA,NA,NA,NA,8,9,NA,NA,12,13,11.12366486,33.38113022,2.637711763,13.49956036,4.729514599,20.35801697,43.033741,4.373539925,10.03812218,892.2508545,0.690252066,-970.7395576,-424.989323,RufousTailedHawk,15
779,NA,NA,NA,NA,0,NA,NA,0,NA,0,0,0,0,NA,NA,NA,NA,20,NA,NA,60,NA,80,2,90,12,NA,NA,NA,NA,16,NA,NA,14,NA,10,14,12,16,NA,NA,NA,NA,2,NA,NA,1,NA,1,1,1,1,2.37159133,NA,NA,NA,NA,258,NA,NA,47,NA,286,354,330,38,NA,NA,NA,NA,5,NA,NA,8,NA,10,11,12,13,12.44371128,27.36603546,0.332264453,3.006510973,0.315595806,17.86350632,57.3039856,2.170240402,11.73277664,227.1683197,0.13141264,-1090.739558,-439.989323,RufousTailedHawk,15
780,NA,NA,NA,NA,NA,NA,NA,0,0,0,NA,0,0,NA,NA,NA,NA,NA,NA,NA,1,66,45,NA,35,10,NA,NA,NA,NA,NA,NA,NA,8,17,10,NA,11,9,NA,NA,NA,NA,NA,NA,NA,1,1,1,NA,1,1,3.298266888,NA,NA,NA,NA,NA,NA,NA,303,305,353,NA,294,285,NA,NA,NA,NA,NA,NA,NA,8,9,10,NA,12,13,12.37284851,25.82956123,0.289977014,3.540977478,1.893083930,7.957681179,62.62620163,4.718641281,15.97809219,321.0508423,0.050903872,-1075.739558,-439.989323,RufousTailedHawk,15
782,NA,NA,NA,NA,NA,0,NA,NA,0,NA,0,0,0,NA,NA,NA,NA,NA,30,NA,NA,11,NA,48,62,55,NA,NA,NA,NA,NA,10,NA,NA,15,NA,7,15,19,NA,NA,NA,NA,NA,1,NA,NA,1,NA,1,1,2,4.321218014,NA,NA,NA,NA,NA,294,NA,NA,315,NA,9,283,26,NA,NA,NA,NA,NA,6,NA,NA,9,NA,11,12,13,13.51199245,23.03194237,6.767159939,28.59647751,3.499329567,6.777379513,11.8112793,19.5412674,22.57526398,199.5700684,-0.436882555,-1045.739558,-439.989323,RufousTailedHawk,15
783,NA,0,0,0,0,0,0,0,0,0,0,0,0,NA,120,20,30,30,90,5,60,70,30,30,240,36,NA,9,13,10,9,9,8,10,16,11,9,12,13,NA,2,5,1,1,1,1,3,1,1,1,2,1,3.668366194,NA,335,34,43,248,253,257,316,285,292,298,274,259,NA,2,3,4,5,6,7,8,9,10,11,12,13,14.0874424,22.06295395,5.126432896,46.22109985,1.737486005,4.713031769,1.296074867,18.2135067,19.34605217,111.9013901,-0.189953953,-1030.739558,-439.989323,RufousTailedHawk,15
784,NA,NA,NA,NA,0,0,NA,0,0,0,0,0,0,NA,NA,NA,NA,20,27,NA,15,12,6,35,12,41,NA,NA,NA,NA,11,15,NA,18,21,13,7,13,13,NA,NA,NA,NA,2,3,NA,1,1,1,1,1,1,1.85117662,NA,NA,NA,NA,249,12,NA,290,258,290,343,245,252,NA,NA,NA,NA,5,6,NA,8,9,10,11,12,13,13.91990662,24.33166313,1.003815293,71.53787994,0.623142004,1.669867516,1.153084278,3.75057435,11.97188759,142.2613068,-0.131022051,-1015.739558,-439.989323,RufousTailedHawk,15
785,NA,NA,NA,NA,NA,NA,0,NA,0,0,0,NA,0,NA,NA,NA,NA,NA,NA,10,NA,15,8,22,NA,65,NA,NA,NA,NA,NA,NA,9,NA,11,9,16,NA,18,NA,NA,NA,NA,NA,NA,3,NA,1,1,1,NA,1,2.670278549,NA,NA,NA,NA,NA,NA,314,NA,7,325,250,NA,327,NA,NA,NA,NA,NA,NA,7,NA,9,10,11,NA,13,13.65436554,28.36907387,0.429211557,81.11579895,0.819624484,1.364803791,0.887450159,3.935385704,10.73206711,223.2348328,-0.162263632,-1000.739558,-439.989323,RufousTailedHawk,15
786,NA,NA,NA,NA,NA,0,NA,0,0,0,0,0,0,NA,NA,NA,NA,NA,40,NA,20,30,29,8,157,77,NA,NA,NA,NA,NA,13,NA,14,5,10,14,18,15,NA,NA,NA,NA,NA,3,NA,3,2,2,2,1,2,2.321770668,NA,NA,NA,NA,NA,291,NA,308,348,345,311,13,254,NA,NA,NA,NA,NA,6,NA,8,9,10,11,12,13,12.99381351,32.39555359,1.091799259,42.44944382,4.350464821,8.603494644,25.55148888,5.192519665,11.47506237,388.6013184,-1.445077062,-985.7395576,-439.989323,RufousTailedHawk,15
787,0,NA,NA,0,0,0,NA,NA,0,0,0,0,0,90,NA,NA,65,180,240,NA,NA,120,240,35,300,120,14,NA,NA,8,15,18,NA,NA,10,16,19,9,10,2,NA,NA,1,2,5,NA,NA,1,1,1,2,2,3.991598368,355,NA,NA,317,34,331,NA,NA,301,358,313,317,365,1,NA,NA,4,5,6,NA,NA,9,10,11,12,13,9.642892838,36.63757706,8.026461601,10.34719181,2.693210840,22.41818237,38.51821136,5.132948399,11.6856966,1209.951782,1.369108081,-970.7395576,-439.989323,RufousTailedHawk,15
788,NA,NA,NA,NA,NA,NA,NA,0,NA,0,NA,0,0,NA,NA,NA,NA,NA,NA,NA,120,NA,120,NA,32,69,NA,NA,NA,NA,NA,NA,NA,9,NA,7,NA,11,7,NA,NA,NA,NA,NA,NA,NA,1,NA,1,NA,1,1,3.615262747,NA,NA,NA,NA,NA,NA,NA,282,NA,305,NA,54,362,NA,NA,NA,NA,NA,NA,NA,8,NA,10,NA,12,13,6.814718723,35.91845703,44.31257248,6.778048992,0.918281674,12.10203457,4.610431671,12.101017,18.31593323,1906.923096,2.745703936,-955.7395576,-439.989323,RufousTailedHawk,15
792,NA,NA,0,0,0,NA,NA,NA,NA,0,0,0,0,NA,NA,90,30,50,NA,NA,NA,NA,10,32,150,120,NA,NA,18,16,13,NA,NA,NA,NA,17,20,10,14,NA,NA,5,4,1,NA,NA,NA,NA,1,3,1,2,2.874348879,NA,NA,30,37,49,NA,NA,NA,NA,33,16,341,304,NA,NA,3,4,5,NA,NA,NA,NA,10,11,12,13,12.43053627,27.92007256,0.793823481,2.721867561,1.848536611,9.24929142,75.41773987,1.976944447,5.945555687,259.4554443,1.129043221,-1105.739558,-454.989323,RufousTailedHawk,15
794,NA,NA,NA,0,0,0,NA,0,0,0,0,0,0,NA,NA,NA,60,263,40,NA,19,3,11,28,7,90,NA,NA,NA,18,14,17,NA,19,11,19,14,12,16,NA,NA,NA,1,1,1,NA,1,1,1,1,1,1,2.227641821,NA,NA,NA,44,262,293,NA,47,365,263,307,264,294,NA,NA,NA,4,5,6,NA,8,9,10,11,12,13,11.96015549,27.44086266,0.211516351,4.702087879,2.630930424,6.826111794,69.32883453,2.498867989,12.32384109,421.1410217,-0.798289418,-1075.739558,-454.989323,RufousTailedHawk,15
795,NA,NA,NA,NA,NA,0,0,NA,NA,NA,0,0,0,NA,NA,NA,NA,NA,46,9,NA,NA,NA,3,37,41,NA,NA,NA,NA,NA,12,16,NA,NA,NA,16,16,15,NA,NA,NA,NA,NA,1,2,NA,NA,NA,1,1,1,2.272051334,NA,NA,NA,NA,NA,290,343,NA,NA,NA,306,262,46,NA,NA,NA,NA,NA,6,7,NA,NA,NA,11,12,13,12.8598156,26.82278252,3.816533566,18.33342552,5.206682682,6.841379642,32.57644272,16.68043137,16.05878639,296.3839722,-0.314002097,-1060.739558,-454.989323,RufousTailedHawk,15
796,NA,NA,NA,0,NA,0,NA,NA,0,NA,NA,NA,0,NA,NA,NA,120,NA,35,NA,NA,1,NA,NA,NA,3,NA,NA,NA,16,NA,12,NA,NA,8,NA,NA,NA,9,NA,NA,NA,1,NA,1,NA,NA,1,NA,NA,NA,1,3.177645445,NA,NA,NA,288,NA,294,NA,NA,270,NA,NA,NA,46,NA,NA,NA,4,NA,6,NA,NA,9,NA,NA,NA,13,13.16537857,26.4559288,4.889355183,27.24075699,3.863152266,8.862456322,23.47791672,14.03409195,17.32148361,264.0760803,1.459347129,-1045.739558,-454.989323,RufousTailedHawk,15
797,NA,NA,0,NA,0,0,0,0,0,0,0,0,0,NA,NA,25,NA,190,30,7,1,10,30,28,10,2,NA,NA,20,NA,10,9,16,18,20,13,10,14,18,NA,NA,2,NA,2,2,2,1,2,1,2,1,1,1.735347986,NA,NA,341,NA,264,255,48,290,353,278,313,356,355,NA,NA,3,NA,5,6,7,8,9,10,11,12,13,13.97980499,25.33613396,2.205475569,50.29425812,1.870715499,5.091559887,6.541108131,13.37273312,17.06736183,120.937088,-0.474718869,-1030.739558,-454.989323,RufousTailedHawk,15
798,NA,NA,NA,NA,NA,NA,NA,0,0,NA,NA,NA,NA,NA,NA,NA,NA,NA,NA,NA,140,20,NA,NA,NA,NA,NA,NA,NA,NA,NA,NA,NA,13,19,NA,NA,NA,NA,NA,NA,NA,NA,NA,NA,NA,1,2,NA,NA,NA,NA,2.24747014,NA,NA,NA,NA,NA,NA,NA,49,18,NA,NA,NA,NA,NA,NA,NA,NA,NA,NA,NA,8,9,NA,NA,NA,NA,13.77055073,28.41559982,1.194199562,74.27379608,0.753237486,0.94687897,10.60927582,3.299256325,8.602650642,162.2604675,0.065944746,-1015.739558,-454.989323,RufousTailedHawk,15
799,NA,NA,0,NA,NA,NA,NA,0,0,0,0,0,0,NA,NA,60,NA,NA,NA,NA,6,30,5,30,15,24,NA,NA,10,NA,NA,NA,NA,11,8,12,19,11,8,NA,NA,2,NA,NA,NA,NA,5,3,2,2,1,3,1.988071084,NA,NA,32,NA,NA,NA,NA,13,290,281,342,307,306,NA,NA,3,NA,NA,NA,NA,8,9,10,11,12,13,13.37644768,34.12667084,2.691126108,67.54671478,1.537363887,3.244210005,6.47371006,5.619455814,12.01938152,274.8747864,0.283724368,-1000.739558,-454.989323,RufousTailedHawk,15
800,NA,0,NA,NA,NA,0,0,0,0,0,0,0,0,NA,10,NA,NA,NA,1,10,10,5,14,45,5,44,NA,8,NA,NA,NA,11,16,11,17,11,9,10,8,NA,2,NA,NA,NA,1,3,1,1,4,1,1,6,2.398661852,NA,282,NA,NA,NA,293,314,362,43,295,267,53,299,NA,2,NA,NA,NA,6,7,8,9,10,11,12,13,12.2973423,37.959198,1.558363676,24.7491703,3.093039274,12.72961903,32.09547043,3.073443651,11.57458591,542.5754395,-0.727840245,-985.7395576,-454.989323,RufousTailedHawk,15
801,NA,0,0,0,0,0,0,0,0,0,0,0,0,NA,80,60,120,210,180,180,30,40,53,150,120,165,NA,10,8,8,7,18,15,17,20,15,17,15,9,NA,2,3,5,2,2,1,4,3,2,4,2,6,5.960033417,NA,282,270,355,300,362,269,274,324,306,364,290,312,NA,2,3,4,5,6,7,8,9,10,11,12,13,9.499112129,39.07772446,5.369944572,12.52447891,1.959464788,23.81591225,35.95394897,5.945138454,12.51658154,1244.521362,-0.564231813,-970.7395576,-454.989323,RufousTailedHawk,15
802,NA,NA,NA,NA,NA,NA,NA,0,NA,0,0,NA,0,NA,NA,NA,NA,NA,NA,NA,210,NA,90,180,NA,46,NA,NA,NA,NA,NA,NA,NA,14,NA,19,10,NA,14,NA,NA,NA,NA,NA,NA,NA,2,NA,2,3,NA,1,9.936091423,NA,NA,NA,NA,NA,NA,NA,23,NA,3,310,NA,19,NA,NA,NA,NA,NA,NA,NA,8,NA,10,11,NA,13,7.758392334,37.88304138,32.17929077,2.744849205,0.505855978,12.15210915,8.45058918,9.909502029,32.0755043,1690.322632,1.030869246,-955.7395576,-454.989323,RufousTailedHawk,15
806,NA,0,0,0,0,0,0,NA,0,0,0,0,0,NA,20,180,120,150,30,120,NA,100,120,105,270,27,NA,13,15,11,9,12,7,NA,17,13,15,15,17,NA,2,5,4,3,2,1,NA,6,2,5,1,3,4.042516708,NA,277,30,37,9,317,334,NA,22,316,345,345,42,NA,2,3,4,5,6,7,NA,9,10,11,12,13,13.01826382,29.33465385,1.170318365,18.55739594,6.500813961,9.556046486,39.88395691,7.446310997,13.5326128,166.6173096,-0.891243458,-1105.739558,-469.989323,RufousTailedHawk,15
807,NA,NA,NA,NA,NA,NA,NA,NA,0,0,0,0,0,NA,NA,NA,NA,NA,NA,NA,NA,31,120,133,150,50,NA,NA,NA,NA,NA,NA,NA,NA,15,15,9,9,16,NA,NA,NA,NA,NA,NA,NA,NA,1,1,1,1,1,4.042516708,NA,NA,NA,NA,NA,NA,NA,NA,58,334,19,271,10,NA,NA,NA,NA,NA,NA,NA,NA,9,10,11,12,13,13.01826382,29.33465385,1.170318365,18.55739594,6.500813961,9.556046486,39.88395691,7.446310997,13.5326128,166.6173096,-0.891243458,-1090.739558,-469.989323,RufousTailedHawk,15
808,NA,NA,NA,NA,NA,0,NA,NA,NA,NA,NA,0,0,NA,NA,NA,NA,NA,15,NA,NA,NA,NA,NA,43,80,NA,NA,NA,NA,NA,8,NA,NA,NA,NA,NA,9,11,NA,NA,NA,NA,NA,2,NA,NA,NA,NA,NA,2,1,3.481173754,NA,NA,NA,NA,NA,38,NA,NA,NA,NA,NA,292,264,NA,NA,NA,NA,NA,6,NA,NA,NA,NA,NA,12,13,12.48332977,29.11325264,0.452180564,6.048929214,5.905775547,8.810991287,60.86133957,4.759718418,12.04628468,339.3214111,0.660796165,-1075.739558,-469.989323,RufousTailedHawk,15
809,0,0,0,0,NA,0,NA,NA,NA,0,0,0,0,120,30,4,90,NA,135,NA,NA,NA,40,42,120,90,0,10,2,10,NA,12,NA,NA,NA,10,16,12,17,3,1,2,9,NA,2,NA,NA,NA,3,1,4,1,2.103063345,46,49,341,38,NA,265,NA,NA,NA,22,279,56,323,1,2,3,4,NA,6,NA,NA,NA,10,11,12,13,13.34498787,29.10578918,3.613892078,24.16199112,3.533097029,6.009474277,14.8356905,25.33103371,22.3652668,238.607605,-0.233406574,-1060.739558,-469.989323,RufousTailedHawk,15
810,NA,0,NA,NA,NA,0,NA,NA,NA,NA,NA,NA,0,NA,120,NA,NA,NA,11,NA,NA,NA,NA,NA,NA,102,NA,9,NA,NA,NA,16,NA,NA,NA,NA,NA,NA,12,NA,1,NA,NA,NA,1,NA,NA,NA,NA,NA,NA,1,3.481750965,NA,303,NA,NA,NA,290,NA,NA,NA,NA,NA,NA,303,NA,2,NA,NA,NA,6,NA,NA,NA,NA,NA,NA,13,13.46566772,29.93753624,3.698031902,32.37919998,1.849207878,6.193570614,14.8654356,20.25545692,20.68668365,236.8067932,0.159160376,-1045.739558,-469.989323,RufousTailedHawk,15
811,NA,NA,0,NA,NA,NA,NA,0,0,NA,NA,0,0,NA,NA,60,NA,NA,NA,NA,30,19,NA,NA,43,4,NA,NA,10,NA,NA,NA,NA,10,13,NA,NA,18,10,NA,NA,2,NA,NA,NA,NA,2,1,NA,NA,1,1,2.198759079,NA,NA,55,NA,NA,NA,NA,261,339,NA,NA,261,312,NA,NA,3,NA,NA,NA,NA,8,9,NA,NA,12,13,13.99294472,30.32421303,1.869455814,62.40363693,0.720260918,3.935825825,5.032489777,11.68332767,13.86218548,124.0466614,-0.393932343,-1030.739558,-469.989323,RufousTailedHawk,15
812,NA,NA,NA,NA,NA,NA,0,0,0,0,0,0,0,NA,NA,NA,NA,NA,NA,8,60,15,60,24,10,2,NA,NA,NA,NA,NA,NA,15,8,18,18,18,17,6,NA,NA,NA,NA,NA,NA,2,2,2,1,1,1,1,2.069181681,NA,NA,NA,NA,NA,NA,48,264,1,262,336,244,355,NA,NA,NA,NA,NA,NA,7,8,9,10,11,12,13,13.83390522,34.30021286,0.147305071,73.9016571,0.838925719,0.641230404,17.91208458,2.070274591,3.898790121,146.2907257,-0.15681228,-1015.739558,-469.989323,RufousTailedHawk,15
813,NA,NA,0,0,0,0,NA,NA,NA,0,0,0,0,NA,NA,60,60,180,80,NA,NA,NA,9,105,15,19,NA,NA,9,15,12,10,NA,NA,NA,13,17,15,13,NA,NA,2,9,2,2,NA,NA,NA,1,3,1,1,2.999589443,NA,NA,32,38,42,317,NA,NA,NA,55,285,276,270,NA,NA,3,4,5,6,NA,NA,NA,10,11,12,13,13.44987774,40.53887177,0.808981657,62.43785858,1.762738466,2.903979778,14.22771263,3.469623327,10.65091705,247.0171814,0.148609981,-1000.739558,-469.989323,RufousTailedHawk,15
814,0,0,NA,0,0,0,0,0,0,0,0,0,0,60,25,NA,60,60,90,25,32,130,30,5,30,30,17,14,NA,18,12,11,20,13,16,13,10,12,15,3,3,NA,1,2,2,1,1,2,4,1,1,6,5.158524036,46,23,NA,352,299,337,343,364,364,302,294,276,297,1,2,NA,4,5,6,7,8,9,10,11,12,13,11.14841938,42.23632431,2.257401228,12.87118721,1.473487616,13.9649477,42.18000412,3.540971279,14.8296833,794.9061279,1.831452966,-985.7395576,-469.989323,RufousTailedHawk,15
815,NA,NA,0,NA,NA,0,0,0,0,0,0,0,0,NA,NA,120,NA,NA,45,30,60,45,13,30,7,151,NA,NA,15,NA,NA,14,18,10,14,17,9,5,6,NA,NA,3,NA,NA,1,2,10,3,4,8,1,1,3.96478343,NA,NA,268,NA,NA,293,319,340,290,293,342,301,337,NA,NA,3,NA,NA,6,7,8,9,10,11,12,13,9.902219772,41.53434753,6.607599735,15.46983337,2.245615721,18.72754288,13.27773762,15.97451496,24.57271767,1159.644653,3.997900486,-970.7395576,-469.989323,RufousTailedHawk,15
816,NA,NA,0,0,0,0,0,0,0,0,0,0,0,NA,NA,15,30,15,30,16,15,5,60,15,10,15,NA,NA,15,16,10,10,12,17,10,9,11,15,13,NA,NA,2,1,1,2,3,1,2,2,2,4,3,3.542275429,NA,NA,41,352,332,363,49,274,32,46,342,310,304,NA,NA,3,4,5,6,7,8,9,10,11,12,13,9.544298172,41.25039673,11.92190742,12.80242348,1.659224391,15.39024353,19.80431557,10.47204208,25.02206993,1283.230103,-2.511719227,-955.7395576,-469.989323,RufousTailedHawk,15
817,NA,0,0,NA,0,0,NA,NA,0,0,0,0,0,NA,15,10,NA,10,15,NA,NA,15,10,30,5,12,NA,8,9,NA,14,14,NA,NA,13,13,10,10,20,NA,1,7,NA,2,2,NA,NA,1,5,10,1,1,4.695531368,NA,10,364,NA,259,253,NA,NA,53,346,342,337,342,NA,2,3,NA,5,6,NA,NA,9,10,11,12,13,7.448592663,39.82410431,35.28906631,2.138181448,0.188863173,10.39868546,6.844313622,9.787491798,32.10201263,1780.470459,-6.213340282,-940.7395576,-469.989323,RufousTailedHawk,15
820,NA,NA,NA,NA,NA,NA,NA,NA,NA,NA,NA,NA,0,NA,NA,NA,NA,NA,NA,NA,NA,NA,NA,NA,NA,60,NA,NA,NA,NA,NA,NA,NA,NA,NA,NA,NA,NA,14,NA,NA,NA,NA,NA,NA,NA,NA,NA,NA,NA,NA,1,7.28207159,NA,NA,NA,NA,NA,NA,NA,NA,NA,NA,NA,NA,24,NA,NA,NA,NA,NA,NA,NA,NA,NA,NA,NA,NA,13,3.280235052,39.24606323,75.81685638,0.435460538,0.000000000,3.869058609,0,6.048500538,13.81057358,2612.236572,-5.289689064,-895.7395576,-469.989323,RufousTailedHawk,15
821,NA,NA,0,NA,0,0,NA,0,0,0,0,0,0,NA,NA,140,NA,10,50,NA,45,94,34,4,36,17,NA,NA,9,NA,11,18,NA,16,11,19,19,10,11,NA,NA,1,NA,2,2,NA,2,3,1,1,1,1,2.8401649,NA,NA,31,NA,258,341,NA,19,287,351,55,254,328,NA,NA,3,NA,5,6,NA,8,9,10,11,12,13,12.28686142,30.93143082,0.355111778,6.002393723,3.347233534,6.779408455,61.96962357,3.086680174,13.22733021,345.0820007,0.002348661,-1105.739558,-484.989323,RufousTailedHawk,15
822,0,NA,NA,NA,NA,0,NA,NA,NA,0,0,0,0,60,NA,NA,NA,NA,5,NA,NA,NA,85,16,79,2,10,NA,NA,NA,NA,10,NA,NA,NA,11,13,10,8,1,NA,NA,NA,NA,1,NA,NA,NA,1,1,4,1,2.8401649,37,NA,NA,NA,NA,273,NA,NA,NA,334,55,349,328,1,NA,NA,NA,NA,6,NA,NA,NA,10,11,12,13,12.28686142,30.93143082,0.355111778,6.002393723,3.347233534,6.779408455,61.96962357,3.086680174,13.22733021,345.0820007,0.002348661,-1090.739558,-484.989323,RufousTailedHawk,15
826,NA,NA,NA,0,0,NA,0,0,0,0,0,0,NA,NA,NA,NA,80,90,NA,100,30,30,290,65,30,NA,NA,NA,NA,10,16,NA,10,10,13,17,17,10,NA,NA,NA,NA,2,2,NA,1,2,2,1,1,2,NA,2.367441416,NA,NA,NA,258,264,NA,266,261,259,49,291,263,NA,NA,NA,NA,4,5,NA,7,8,9,10,11,12,NA,13.99197578,35.62173843,1.550854325,57.19878769,0.393967837,3.21249938,4.919421673,17.73853302,14.9717226,130.8559723,-0.072276369,-1030.739558,-484.989323,RufousTailedHawk,15
827,NA,NA,0,0,0,0,0,0,0,0,0,0,0,NA,NA,30,30,60,60,300,70,30,30,10,30,3,NA,NA,11,15,17,15,10,10,11,11,20,17,6,NA,NA,2,2,2,2,3,2,2,1,2,1,1,1.940300822,NA,NA,22,257,290,250,4,263,261,286,291,261,260,NA,NA,3,4,5,6,7,8,9,10,11,12,13,13.80394173,40.97120285,0.296979427,68.9131012,0.520299256,1.295068145,12.45855808,4.450586319,8.826848984,154.3244934,0.016996067,-1015.739558,-484.989323,RufousTailedHawk,15
828,NA,NA,NA,0,NA,NA,NA,NA,NA,0,0,0,0,NA,NA,NA,90,NA,NA,NA,NA,NA,214,4,4,29,NA,NA,NA,18,NA,NA,NA,NA,NA,18,18,15,17,NA,NA,NA,2,NA,NA,NA,NA,NA,1,1,2,1,2.267284393,NA,NA,NA,58,NA,NA,NA,NA,NA,292,46,302,365,NA,NA,NA,4,NA,NA,NA,NA,NA,10,11,12,13,13.29641724,46.91531372,1.27470243,48.99394989,4.176379204,5.578165531,14.70800972,8.633471489,16.14325142,281.4216919,-1.256492734,-1000.739558,-484.989323,RufousTailedHawk,15
829,NA,NA,NA,NA,NA,NA,NA,NA,0,0,0,0,0,NA,NA,NA,NA,NA,NA,NA,NA,300,120,20,30,29,NA,NA,NA,NA,NA,NA,NA,NA,7,8,16,18,10,NA,NA,NA,NA,NA,NA,NA,NA,3,4,1,2,2,2.497122526,NA,NA,NA,NA,NA,NA,NA,NA,51,50,366,351,2,NA,NA,NA,NA,NA,NA,NA,NA,9,10,11,12,13,10.97546864,46.82474136,5.119571686,13.2351265,3.023894548,21.76242638,34.58200836,3.734135866,16.04841423,835.2849121,-2.941350937,-985.7395576,-484.989323,RufousTailedHawk,15
830,NA,NA,NA,NA,NA,NA,NA,NA,0,NA,0,0,NA,NA,NA,NA,NA,NA,NA,NA,NA,180,NA,60,236,NA,NA,NA,NA,NA,NA,NA,NA,NA,9,NA,8,11,NA,NA,NA,NA,NA,NA,NA,NA,NA,3,NA,3,1,NA,3.562665939,NA,NA,NA,NA,NA,NA,NA,NA,43,NA,346,51,NA,NA,NA,NA,NA,NA,NA,NA,NA,9,NA,11,12,NA,8.428165436,43.21195221,13.54928017,12.14035416,1.078111529,17.62644386,8.65913105,15.93513298,29.13658333,1478.627441,-3.957668304,-970.7395576,-484.989323,RufousTailedHawk,15
831,NA,NA,NA,NA,NA,NA,0,NA,NA,NA,NA,NA,NA,NA,NA,NA,NA,NA,NA,45,NA,NA,NA,NA,NA,NA,NA,NA,NA,NA,NA,NA,19,NA,NA,NA,NA,NA,NA,NA,NA,NA,NA,NA,NA,2,NA,NA,NA,NA,NA,NA,5.547765732,NA,NA,NA,NA,NA,NA,282,NA,NA,NA,NA,NA,NA,NA,NA,NA,NA,NA,NA,7,NA,NA,NA,NA,NA,NA,8.02208519,42.73522949,20.67576599,10.63411045,0.818884909,15.79566956,14.62642288,11.45526409,23.68580055,1597.587524,-0.197226375,-955.7395576,-484.989323,RufousTailedHawk,15
833,0,0,0,0,0,0,NA,0,0,0,0,0,0,120,30,120,45,60,60,NA,60,120,52,120,120,50,8,11,10,9,10,11,NA,13,11,18,22,14,10,1,1,7,1,2,5,NA,2,2,2,1,4,5,3.757804155,2,12,364,352,259,294,NA,261,266,306,306,284,338,1,2,3,4,5,6,NA,8,9,10,11,12,13,5.78907156,40.2777977,56.09672546,0.471558362,0.000000000,10.78677368,0.122928999,7.523107529,25.03754234,2134.548828,1.701080084,-925.7395576,-484.989323,RufousTailedHawk,15
834,NA,NA,NA,NA,0,NA,NA,NA,0,0,0,0,0,NA,NA,NA,NA,30,NA,NA,NA,45,46,32,60,120,NA,NA,NA,NA,14,NA,NA,NA,13,14,10,15,12,NA,NA,NA,NA,4,NA,NA,NA,2,5,2,3,1,5.601984024,NA,NA,NA,NA,319,NA,NA,NA,49,5,14,1,288,NA,NA,NA,NA,5,NA,NA,NA,9,10,11,12,13,3.053061247,40.43952179,64.88337708,1.116347551,0.000000000,5.566335201,0,6.633778095,21.80357361,2643.729248,6.899281502,-910.7395576,-484.989323,RufousTailedHawk,15
835,NA,NA,NA,NA,NA,NA,NA,NA,0,NA,NA,0,NA,NA,NA,NA,NA,NA,NA,NA,NA,42,NA,NA,57,NA,NA,NA,NA,NA,NA,NA,NA,NA,17,NA,NA,12,NA,NA,NA,NA,NA,NA,NA,NA,NA,2,NA,NA,1,NA,2.88858819,NA,NA,NA,NA,NA,NA,NA,NA,47,NA,NA,7,NA,NA,NA,NA,NA,NA,NA,NA,NA,9,NA,NA,12,NA,12.61388111,33.08465576,0.578832746,3.212335825,3.800447941,17.66082001,44.28828049,1.655735493,10.62606812,218.9293365,-0.224042609,-1120.739558,-499.989323,RufousTailedHawk,15
836,NA,0,NA,NA,NA,NA,NA,0,0,0,0,0,0,NA,60,NA,NA,NA,NA,NA,83,130,120,18,120,12,NA,17,NA,NA,NA,NA,NA,7,14,21,16,17,13,NA,2,NA,NA,NA,NA,NA,1,2,2,1,1,1,2.88858819,NA,277,NA,NA,NA,NA,NA,13,22,365,306,303,328,NA,2,NA,NA,NA,NA,NA,8,9,10,11,12,13,12.61388111,33.08465576,0.578832746,3.212335825,3.800447941,17.66082001,44.28828049,1.655735493,10.62606812,218.9293365,-0.224042609,-1105.739558,-499.989323,RufousTailedHawk,15
838,NA,NA,0,NA,NA,NA,NA,NA,NA,NA,NA,0,0,NA,NA,15,NA,NA,NA,NA,NA,NA,NA,NA,1,3,NA,NA,12,NA,NA,NA,NA,NA,NA,NA,NA,18,21,NA,NA,3,NA,NA,NA,NA,NA,NA,NA,NA,1,1,1.454582095,NA,NA,29,NA,NA,NA,NA,NA,NA,NA,NA,286,281,NA,NA,3,NA,NA,NA,NA,NA,NA,NA,NA,12,13,13.77444839,27.86002541,3.81687212,25.50721359,2.749557018,3.779854298,5.101168633,30.59427071,25.82522011,183.4128723,-0.355924517,-1075.739558,-499.989323,RufousTailedHawk,15
839,NA,NA,NA,NA,NA,NA,NA,NA,NA,NA,NA,NA,0,NA,NA,NA,NA,NA,NA,NA,NA,NA,NA,NA,NA,8,NA,NA,NA,NA,NA,NA,NA,NA,NA,NA,NA,NA,20,NA,NA,NA,NA,NA,NA,NA,NA,NA,NA,NA,NA,1,3.984375477,NA,NA,NA,NA,NA,NA,NA,NA,NA,NA,NA,NA,288,NA,NA,NA,NA,NA,NA,NA,NA,NA,NA,NA,NA,13,14.04146767,31.44821167,6.174384117,24.58428192,1.154478669,3.974703789,1.462170362,34.50224686,28.18583679,155.0463409,-0.305412412,-1060.739558,-499.989323,RufousTailedHawk,15
841,NA,NA,NA,NA,NA,NA,NA,0,NA,0,NA,0,0,NA,NA,NA,NA,NA,NA,NA,2,NA,2,NA,120,2,NA,NA,NA,NA,NA,NA,NA,17,NA,7,NA,9,8,NA,NA,NA,NA,NA,NA,NA,1,NA,1,NA,1,1,1.508300185,NA,NA,NA,NA,NA,NA,NA,290,NA,11,NA,287,311,NA,NA,NA,NA,NA,NA,NA,8,NA,10,NA,12,13,13.85540104,41.02227402,0.35754025,64.93531036,0.402977526,4.428603172,2.179320812,11.45530891,15.85493565,145.8182831,0.027429612,-1030.739558,-499.989323,RufousTailedHawk,15
842,NA,NA,NA,NA,NA,NA,NA,NA,0,0,NA,0,0,NA,NA,NA,NA,NA,NA,NA,NA,30,30,NA,67,10,NA,NA,NA,NA,NA,NA,NA,NA,17,13,NA,14,19,NA,NA,NA,NA,NA,NA,NA,NA,1,1,NA,1,1,1.860330462,NA,NA,NA,NA,NA,NA,NA,NA,303,278,NA,360,352,NA,NA,NA,NA,NA,NA,NA,NA,9,10,NA,12,13,13.6665659,46.91598129,0.524618447,70.33668518,0.919364095,1.350212097,17.02070999,2.538167477,6.678979397,170.5978699,-0.083250083,-1015.739558,-499.989323,RufousTailedHawk,15
843,NA,NA,0,NA,0,NA,NA,0,0,0,NA,NA,0,NA,NA,150,NA,20,NA,NA,60,60,120,NA,NA,45,NA,NA,17,NA,16,NA,NA,7,17,10,NA,NA,17,NA,NA,2,NA,2,NA,NA,2,2,1,NA,NA,1,2.479144096,NA,NA,28,NA,265,NA,NA,49,364,278,NA,NA,268,NA,NA,3,NA,5,NA,NA,8,9,10,NA,NA,13,12.68361092,52.41557312,1.94661653,22.11603355,5.997131824,10.26973724,40.12625504,3.79452157,14.82487679,399.3755188,0.117424935,-1000.739558,-499.989323,RufousTailedHawk,15
844,NA,NA,NA,NA,NA,NA,0,NA,NA,NA,0,0,0,NA,NA,NA,NA,NA,NA,180,NA,NA,NA,120,108,59,NA,NA,NA,NA,NA,NA,8,NA,NA,NA,10,8,16,NA,NA,NA,NA,NA,NA,2,NA,NA,NA,1,1,1,6.385761738,NA,NA,NA,NA,NA,NA,51,NA,NA,NA,291,6,275,NA,NA,NA,NA,NA,NA,7,NA,NA,NA,11,12,13,10.20301056,50.43086624,3.251492977,7.803043842,2.821580887,19.99271011,40.37301636,5.906571388,18.99941444,1007.069824,1.97856307,-985.7395576,-499.989323,RufousTailedHawk,15
848,NA,NA,0,0,0,0,0,0,0,0,0,0,0,NA,NA,300,30,15,120,10,120,120,60,30,60,133,NA,NA,12,14,17,12,18,8,16,13,15,14,12,NA,NA,7,1,1,2,1,2,2,4,1,1,1,9.062835693,NA,NA,364,352,332,363,332,361,329,328,342,290,338,NA,NA,3,4,5,6,7,8,9,10,11,12,13,4.123416901,40.85778046,66.21125793,0.642962754,0.148008093,4.631908417,0.213690877,5.860392094,19.02420998,2397.132813,0.062204909,-925.7395576,-499.989323,RufousTailedHawk,15
849,NA,0,0,0,0,0,0,0,0,0,NA,0,0,NA,60,30,30,90,180,75,73,80,60,NA,250,50,NA,0,11,11,11,11,11,16,10,13,NA,9,16,NA,3,2,1,4,1,3,5,2,2,NA,5,2,6.893492699,NA,49,43,352,304,16,33,13,356,361,NA,35,289,NA,2,3,4,5,6,7,8,9,10,NA,12,13,3.556329012,41.3213768,71.85971069,0.173765287,0.000000000,1.364743233,0.214454666,7.122107029,8.15304184,2518.0979,-0.94760716,-910.7395576,-499.989323,RufousTailedHawk,15
851,NA,0,0,NA,NA,NA,NA,NA,0,0,0,0,0,NA,15,120,NA,NA,NA,NA,NA,10,120,24,10,60,NA,19,18,NA,NA,NA,NA,NA,0,16,14,17,9,NA,2,2,NA,NA,NA,NA,NA,2,4,1,1,1,2.578455687,NA,277,12,NA,NA,NA,NA,NA,54,362,307,268,260,NA,2,3,NA,NA,NA,NA,NA,9,10,11,12,13,12.02860928,35.0939827,0.139345035,2.949683666,3.476414442,13.2910471,69.41151428,1.951961875,7.291728973,359.778717,0.580758631,-1120.739558,-514.989323,RufousTailedHawk,15
852,NA,NA,NA,NA,NA,NA,NA,NA,NA,0,0,0,0,NA,NA,NA,NA,NA,NA,NA,NA,NA,120,60,131,135,NA,NA,NA,NA,NA,NA,NA,NA,NA,19,11,10,8,NA,NA,NA,NA,NA,NA,NA,NA,NA,2,1,2,1,2.578455687,NA,NA,NA,NA,NA,NA,NA,NA,NA,2,21,259,52,NA,NA,NA,NA,NA,NA,NA,NA,NA,10,11,12,13,12.02860928,35.0939827,0.139345035,2.949683666,3.476414442,13.2910471,69.41151428,1.951961875,7.291728973,359.778717,0.580758631,-1105.739558,-514.989323,RufousTailedHawk,15
853,NA,NA,NA,NA,NA,NA,NA,NA,NA,NA,NA,0,NA,NA,NA,NA,NA,NA,NA,NA,NA,NA,NA,NA,20,NA,NA,NA,NA,NA,NA,NA,NA,NA,NA,NA,NA,13,NA,NA,NA,NA,NA,NA,NA,NA,NA,NA,NA,NA,1,NA,3.385401487,NA,NA,NA,NA,NA,NA,NA,NA,NA,NA,NA,58,NA,NA,NA,NA,NA,NA,NA,NA,NA,NA,NA,NA,12,NA,12.48654747,34.21642303,2.637346506,17.56204414,4.844313622,6.744063854,39.46575546,12.44770241,15.61004353,355.8093262,0.326769739,-1090.739558,-514.989323,RufousTailedHawk,15
854,NA,NA,NA,NA,NA,NA,NA,NA,NA,NA,NA,0,NA,NA,NA,NA,NA,NA,NA,NA,NA,NA,NA,NA,36,NA,NA,NA,NA,NA,NA,NA,NA,NA,NA,NA,NA,11,NA,NA,NA,NA,NA,NA,NA,NA,NA,NA,NA,NA,1,NA,2.159745455,NA,NA,NA,NA,NA,NA,NA,NA,NA,NA,NA,350,NA,NA,NA,NA,NA,NA,NA,NA,NA,NA,NA,NA,12,NA,13.79042053,32.50389099,6.275714874,32.65364075,1.606264234,3.470139027,2.441431046,29.29768944,24.34407043,186.4499207,-0.490156651,-1075.739558,-514.989323,RufousTailedHawk,15
855,NA,NA,NA,NA,NA,NA,NA,NA,0,NA,NA,NA,NA,NA,NA,NA,NA,NA,NA,NA,NA,15,NA,NA,NA,NA,NA,NA,NA,NA,NA,NA,NA,NA,16,NA,NA,NA,NA,NA,NA,NA,NA,NA,NA,NA,NA,2,NA,NA,NA,NA,3.049775362,NA,NA,NA,NA,NA,NA,NA,NA,272,NA,NA,NA,NA,NA,NA,NA,NA,NA,NA,NA,NA,9,NA,NA,NA,NA,13.87684917,35.54616165,2.878684521,38.73080444,0.589522481,5.694801807,1.376000881,27.79649734,22.94841766,174.0297241,0.283819556,-1060.739558,-514.989323,RufousTailedHawk,15
856,NA,NA,0,NA,NA,NA,NA,NA,0,NA,NA,NA,NA,NA,NA,60,NA,NA,NA,NA,NA,90,NA,NA,NA,NA,NA,NA,10,NA,NA,NA,NA,NA,10,NA,NA,NA,NA,NA,NA,5,NA,NA,NA,NA,NA,1,NA,NA,NA,NA,2.857839108,NA,NA,29,NA,NA,NA,NA,NA,29,NA,NA,NA,NA,NA,NA,3,NA,NA,NA,NA,NA,9,NA,NA,NA,NA,13.87196255,40.00316238,1.177744985,51.62697601,0.091056839,3.631829023,0.066312045,21.34195709,22.0776329,145.1561432,0.006345881,-1045.739558,-514.989323,RufousTailedHawk,15
857,NA,NA,NA,NA,NA,NA,NA,NA,0,0,NA,NA,0,NA,NA,NA,NA,NA,NA,NA,NA,23,9,NA,NA,45,NA,NA,NA,NA,NA,NA,NA,NA,12,10,NA,NA,19,NA,NA,NA,NA,NA,NA,NA,NA,1,1,NA,NA,3,1.731744528,NA,NA,NA,NA,NA,NA,NA,NA,352,304,NA,NA,287,NA,NA,NA,NA,NA,NA,NA,NA,9,10,NA,NA,13,13.63445663,46.15037918,0.22842297,66.13743591,0.704726338,3.900601149,9.461003304,3.829135895,13.26195526,169.747406,8.0679077655077e-05,-1030.739558,-514.989323,RufousTailedHawk,15
858,NA,NA,NA,NA,NA,NA,NA,NA,0,NA,0,0,NA,NA,NA,NA,NA,NA,NA,NA,NA,24,NA,1,35,NA,NA,NA,NA,NA,NA,NA,NA,NA,11,NA,17,7,NA,NA,NA,NA,NA,NA,NA,NA,NA,1,NA,1,1,NA,4.54352951,NA,NA,NA,NA,NA,NA,NA,NA,347,NA,58,1,NA,NA,NA,NA,NA,NA,NA,NA,NA,9,NA,11,12,NA,13.34785557,53.40113068,0.192791075,65.34905243,2.483201504,2.072515488,15.59353638,5.137326717,9.164420128,225.2295837,0.030710736,-1015.739558,-514.989323,RufousTailedHawk,15
859,NA,NA,NA,NA,NA,NA,NA,NA,NA,0,NA,NA,NA,NA,NA,NA,NA,NA,NA,NA,NA,NA,11,NA,NA,NA,NA,NA,NA,NA,NA,NA,NA,NA,NA,12,NA,NA,NA,NA,NA,NA,NA,NA,NA,NA,NA,NA,1,NA,NA,NA,3.477571964,NA,NA,NA,NA,NA,NA,NA,NA,NA,45,NA,NA,NA,NA,NA,NA,NA,NA,NA,NA,NA,NA,10,NA,NA,NA,12.31963253,58.37500763,0.533658624,16.29725266,4.711705685,11.10590267,51.16717911,2.804468393,12.86656284,466.3343811,0.323112994,-1000.739558,-514.989323,RufousTailedHawk,15
860,NA,NA,0,NA,NA,NA,0,NA,NA,0,0,NA,NA,NA,NA,1,NA,NA,NA,120,NA,NA,210,60,NA,NA,NA,NA,16,NA,NA,NA,15,NA,NA,12,10,NA,NA,NA,NA,1,NA,NA,NA,1,NA,NA,2,1,NA,NA,2.359032869,NA,NA,39,NA,NA,NA,262,NA,NA,318,299,NA,NA,NA,NA,3,NA,NA,NA,7,NA,NA,10,11,NA,NA,10.27680397,54.98881149,1.396054506,7.709011555,4.030686855,22.48382378,46.63948059,5.112188816,11.50537872,974.5084839,1.581258655,-985.7395576,-514.989323,RufousTailedHawk,15
861,NA,NA,NA,NA,NA,NA,NA,NA,NA,NA,0,NA,NA,NA,NA,NA,NA,NA,NA,NA,NA,NA,NA,60,NA,NA,NA,NA,NA,NA,NA,NA,NA,NA,NA,NA,8,NA,NA,NA,NA,NA,NA,NA,NA,NA,NA,NA,NA,2,NA,NA,6.779739857,NA,NA,NA,NA,NA,NA,NA,NA,NA,NA,17,NA,NA,NA,NA,NA,NA,NA,NA,NA,NA,NA,NA,11,NA,NA,6.907155991,47.25119019,18.19861221,8.72941494,1.415658116,18.42233467,5.490215302,17.39727592,27.57903099,1735.182251,-3.531720161,-970.7395576,-514.989323,RufousTailedHawk,15
862,NA,NA,NA,NA,NA,NA,NA,NA,NA,NA,0,NA,NA,NA,NA,NA,NA,NA,NA,NA,NA,NA,NA,180,NA,NA,NA,NA,NA,NA,NA,NA,NA,NA,NA,NA,17,NA,NA,NA,NA,NA,NA,NA,NA,NA,NA,NA,NA,2,NA,NA,13.94690228,NA,NA,NA,NA,NA,NA,NA,NA,NA,NA,19,NA,NA,NA,NA,NA,NA,NA,NA,NA,NA,NA,NA,11,NA,NA,6.886516571,45.92668915,30.01053619,4.768689632,0.108756907,15.40261078,1.325849891,11.97706127,35.06825638,1797.386719,-0.629303575,-955.7395576,-514.989323,RufousTailedHawk,15
867,NA,NA,NA,0,NA,0,0,0,0,0,0,0,0,NA,NA,NA,60,NA,12,75,30,180,4,49,60,60,NA,NA,NA,17,NA,11,10,21,0,18,10,10,8,NA,NA,NA,4,NA,2,1,1,1,1,1,1,1,2.138244152,NA,NA,NA,269,NA,14,1,340,56,285,305,259,324,NA,NA,NA,4,NA,6,7,8,9,10,11,12,13,12.02792358,38.10621262,0.074140541,1.751547098,2.517381907,12.02761555,74.84317017,1.697394133,6.065923214,354.3779297,1.494000316,-1120.739558,-529.989323,RufousTailedHawk,15
868,NA,NA,NA,0,NA,NA,NA,NA,NA,NA,NA,NA,NA,NA,NA,NA,20,NA,NA,NA,NA,NA,NA,NA,NA,NA,NA,NA,NA,20,NA,NA,NA,NA,NA,NA,NA,NA,NA,NA,NA,NA,3,NA,NA,NA,NA,NA,NA,NA,NA,NA,2.138244152,NA,NA,NA,267,NA,NA,NA,NA,NA,NA,NA,NA,NA,NA,NA,NA,4,NA,NA,NA,NA,NA,NA,NA,NA,NA,12.02792358,38.10621262,0.074140541,1.751547098,2.517381907,12.02761555,74.84317017,1.697394133,6.065923214,354.3779297,1.494000316,-1105.739558,-529.989323,RufousTailedHawk,15
869,NA,NA,NA,NA,NA,0,NA,NA,NA,NA,NA,0,0,NA,NA,NA,NA,NA,240,NA,NA,NA,NA,NA,25,48,NA,NA,NA,NA,NA,18,NA,NA,NA,NA,NA,13,11,NA,NA,NA,NA,NA,3,NA,NA,NA,NA,NA,2,1,2.228256226,NA,NA,NA,NA,NA,19,NA,NA,NA,NA,NA,350,361,NA,NA,NA,NA,NA,6,NA,NA,NA,NA,NA,12,13,12.66567802,39.00405502,3.057620525,22.3319664,8.102032661,7.739104271,26.57104111,15.67733383,15.7205162,312.1948853,-0.646531582,-1090.739558,-529.989323,RufousTailedHawk,15
870,NA,NA,NA,NA,NA,NA,NA,NA,NA,NA,NA,0,NA,NA,NA,NA,NA,NA,NA,NA,NA,NA,NA,NA,31,NA,NA,NA,NA,NA,NA,NA,NA,NA,NA,NA,NA,10,NA,NA,NA,NA,NA,NA,NA,NA,NA,NA,NA,NA,1,NA,2.404765368,NA,NA,NA,NA,NA,NA,NA,NA,NA,NA,NA,350,NA,NA,NA,NA,NA,NA,NA,NA,NA,NA,NA,NA,12,NA,13.33553314,39.70954514,6.22037077,22.08885574,3.684760094,6.403324127,13.58336163,25.39748001,22.44295311,229.2164001,0.160140067,-1075.739558,-529.989323,RufousTailedHawk,15
873,NA,NA,NA,NA,NA,NA,NA,0,0,NA,0,0,0,NA,NA,NA,NA,NA,NA,NA,10,66,NA,30,60,4,NA,NA,NA,NA,NA,NA,NA,16,18,NA,20,18,22,NA,NA,NA,NA,NA,NA,NA,1,1,NA,2,1,1,2.483551025,NA,NA,NA,NA,NA,NA,NA,47,29,NA,42,32,354,NA,NA,NA,NA,NA,NA,NA,8,9,NA,11,12,13,13.53598309,51.03111649,0.550158918,73.01773071,0.278063267,2.195194244,1.569626927,5.647918701,16.39447403,175.9321899,-0.077892862,-1030.739558,-529.989323,RufousTailedHawk,15
874,NA,NA,NA,NA,NA,NA,NA,NA,NA,NA,0,NA,NA,NA,NA,NA,NA,NA,NA,NA,NA,NA,NA,30,NA,NA,NA,NA,NA,NA,NA,NA,NA,NA,NA,NA,13,NA,NA,NA,NA,NA,NA,NA,NA,NA,NA,NA,NA,2,NA,NA,2.128106117,NA,NA,NA,NA,NA,NA,NA,NA,NA,NA,51,NA,NA,NA,NA,NA,NA,NA,NA,NA,NA,NA,NA,11,NA,NA,13.11036205,58.98078537,0.551382244,40.2002449,7.022556305,7.657754421,21.80293083,8.414593697,13.84875202,259.5075989,-0.374272197,-1015.739558,-529.989323,RufousTailedHawk,15
876,NA,NA,NA,NA,NA,NA,NA,NA,NA,NA,NA,0,0,NA,NA,NA,NA,NA,NA,NA,NA,NA,NA,NA,30,180,NA,NA,NA,NA,NA,NA,NA,NA,NA,NA,NA,17,12,NA,NA,NA,NA,NA,NA,NA,NA,NA,NA,NA,1,1,6.751129627,NA,NA,NA,NA,NA,NA,NA,NA,NA,NA,NA,33,295,NA,NA,NA,NA,NA,NA,NA,NA,NA,NA,NA,12,13,9.824879646,57.41305542,1.822291255,8.025104523,1.912981153,24.52725792,48.99139404,3.030442715,9.893914223,1057.955811,-2.166265965,-985.7395576,-529.989323,RufousTailedHawk,15
880,NA,NA,NA,NA,NA,NA,0,NA,NA,0,0,0,0,NA,NA,NA,NA,NA,NA,150,NA,NA,120,70,90,40,NA,NA,NA,NA,NA,NA,12,NA,NA,12,17,14,13,NA,NA,NA,NA,NA,NA,1,NA,NA,1,1,1,2,5.200806618,NA,NA,NA,NA,NA,NA,2,NA,NA,4,3,58,54,NA,NA,NA,NA,NA,NA,7,NA,NA,10,11,12,13,3.963310003,44.08335876,51.63658524,3.047245502,0.000000000,6.300533772,0.601642787,10.41375446,24.16856956,2404.632813,1.863856196,-925.7395576,-529.989323,RufousTailedHawk,15
881,NA,NA,NA,NA,NA,NA,NA,NA,NA,NA,0,NA,NA,NA,NA,NA,NA,NA,NA,NA,NA,NA,NA,120,NA,NA,NA,NA,NA,NA,NA,NA,NA,NA,NA,NA,15,NA,NA,NA,NA,NA,NA,NA,NA,NA,NA,NA,NA,3,NA,NA,6.016976357,NA,NA,NA,NA,NA,NA,NA,NA,NA,NA,46,NA,NA,NA,NA,NA,NA,NA,NA,NA,NA,NA,NA,11,NA,NA,2.583860159,43.73001862,65.62433624,2.484063148,0.000000000,5.435452461,0.059651397,6.394730568,19.77438354,2707.953857,3.840735912,-910.7395576,-529.989323,RufousTailedHawk,15
883,NA,NA,NA,NA,NA,NA,NA,NA,0,0,NA,NA,0,NA,NA,NA,NA,NA,NA,NA,NA,16,120,NA,NA,58,NA,NA,NA,NA,NA,NA,NA,NA,12,14,NA,NA,16,NA,NA,NA,NA,NA,NA,NA,NA,2,1,NA,NA,1,3.548639536,NA,NA,NA,NA,NA,NA,NA,NA,26,53,NA,NA,56,NA,NA,NA,NA,NA,NA,NA,NA,9,10,NA,NA,13,12.15109348,41.29925919,0.706605673,8.71229744,5.837387562,21.30486298,51.02637482,3.524796963,7.908350945,321.1142883,1.157161355,-1120.739558,-544.989323,RufousTailedHawk,15
884,NA,NA,NA,NA,NA,NA,NA,NA,NA,NA,NA,NA,0,NA,NA,NA,NA,NA,NA,NA,NA,NA,NA,NA,NA,45,NA,NA,NA,NA,NA,NA,NA,NA,NA,NA,NA,NA,18,NA,NA,NA,NA,NA,NA,NA,NA,NA,NA,NA,NA,1,3.548639536,NA,NA,NA,NA,NA,NA,NA,NA,NA,NA,NA,NA,9,NA,NA,NA,NA,NA,NA,NA,NA,NA,NA,NA,NA,13,12.15109348,41.29925919,0.706605673,8.71229744,5.837387562,21.30486298,51.02637482,3.524796963,7.908350945,321.1142883,1.157161355,-1105.739558,-544.989323,RufousTailedHawk,15
886,NA,NA,NA,NA,0,NA,NA,NA,0,NA,NA,NA,NA,NA,NA,NA,NA,40,NA,NA,NA,35,NA,NA,NA,NA,NA,NA,NA,NA,3,NA,NA,NA,19,NA,NA,NA,NA,NA,NA,NA,NA,5,NA,NA,NA,1,NA,NA,NA,NA,2.787008762,NA,NA,NA,NA,2,NA,NA,NA,26,NA,NA,NA,NA,NA,NA,NA,NA,5,NA,NA,NA,9,NA,NA,NA,NA,13.36447906,45.70024109,0.724267125,27.73195457,3.247819185,7.196421146,15.24476147,27.12029076,18.62174606,196.9784698,-0.011614864,-1075.739558,-544.989323,RufousTailedHawk,15
887,NA,NA,NA,NA,NA,NA,NA,NA,0,NA,0,NA,NA,NA,NA,NA,NA,NA,NA,NA,NA,120,NA,120,NA,NA,NA,NA,NA,NA,NA,NA,NA,NA,10,NA,9,NA,NA,NA,NA,NA,NA,NA,NA,NA,NA,1,NA,1,NA,NA,2.582342386,NA,NA,NA,NA,NA,NA,NA,NA,273,NA,49,NA,NA,NA,NA,NA,NA,NA,NA,NA,NA,9,NA,11,NA,NA,13.55420685,47.48773956,2.945264339,42.31203079,2.143148661,7.642799854,4.756788254,23.24299812,16.89835739,172.6512451,-0.064447157,-1060.739558,-544.989323,RufousTailedHawk,15
888,NA,NA,NA,NA,NA,NA,NA,0,0,NA,NA,0,0,NA,NA,NA,NA,NA,NA,NA,70,5,NA,NA,30,2,NA,NA,NA,NA,NA,NA,NA,7,15,NA,NA,11,12,NA,NA,NA,NA,NA,NA,NA,2,1,NA,NA,1,1,2.074929953,NA,NA,NA,NA,NA,NA,NA,258,264,NA,NA,33,11,NA,NA,NA,NA,NA,NA,NA,8,9,NA,NA,12,13,13.53667164,50.07564545,0.360647678,76.01055908,0.378765821,4.222397804,1.820722818,4.051966667,12.43385696,155.7416077,0.003368515,-1045.739558,-544.989323,RufousTailedHawk,15
889,NA,NA,NA,NA,NA,NA,NA,NA,NA,NA,0,NA,0,NA,NA,NA,NA,NA,NA,NA,NA,NA,NA,90,NA,2,NA,NA,NA,NA,NA,NA,NA,NA,NA,NA,17,NA,8,NA,NA,NA,NA,NA,NA,NA,NA,NA,NA,3,NA,1,1.888015151,NA,NA,NA,NA,NA,NA,NA,NA,NA,NA,47,NA,311,NA,NA,NA,NA,NA,NA,NA,NA,NA,NA,11,NA,13,13.23702812,56.02669525,0.316012204,79.07572937,0.603051245,1.106217146,12.7379818,0.665398359,5.258580685,206.053833,-0.007560085,-1030.739558,-544.989323,RufousTailedHawk,15
890,NA,NA,NA,NA,NA,NA,NA,NA,NA,0,NA,NA,NA,NA,NA,NA,NA,NA,NA,NA,NA,NA,40,NA,NA,NA,NA,NA,NA,NA,NA,NA,NA,NA,NA,9,NA,NA,NA,NA,NA,NA,NA,NA,NA,NA,NA,NA,1,NA,NA,NA,2.998546124,NA,NA,NA,NA,NA,NA,NA,NA,NA,60,NA,NA,NA,NA,NA,NA,NA,NA,NA,NA,NA,NA,10,NA,NA,NA,12.67706585,64.45005035,0.106328063,27.18407059,7.028009415,9.501794815,40.73484802,4.544650078,10.13610458,331.776947,-0.039570518,-1015.739558,-544.989323,RufousTailedHawk,15
893,NA,NA,NA,NA,NA,NA,NA,NA,NA,NA,0,NA,NA,NA,NA,NA,NA,NA,NA,NA,NA,NA,NA,270,NA,NA,NA,NA,NA,NA,NA,NA,NA,NA,NA,NA,16,NA,NA,NA,NA,NA,NA,NA,NA,NA,NA,NA,NA,1,NA,NA,21.69543266,NA,NA,NA,NA,NA,NA,NA,NA,NA,NA,22,NA,NA,NA,NA,NA,NA,NA,NA,NA,NA,NA,NA,11,NA,NA,7.075762749,52.6856308,13.6889286,10.64859962,4.487487793,20.50605392,4.883042812,15.70024395,28.6272316,1668.748535,-1.604421973,-970.7395576,-544.989323,RufousTailedHawk,15
895,NA,NA,NA,NA,NA,NA,NA,0,NA,NA,NA,0,0,NA,NA,NA,NA,NA,NA,NA,22,NA,NA,NA,10,120,NA,NA,NA,NA,NA,NA,NA,18,NA,NA,NA,12,15,NA,NA,NA,NA,NA,NA,NA,2,NA,NA,NA,1,1,3.903972149,NA,NA,NA,NA,NA,NA,NA,320,NA,NA,NA,58,54,NA,NA,NA,NA,NA,NA,NA,8,NA,NA,NA,12,13,5.732340336,47.15848923,41.08293533,3.438793659,0.000000000,13.13969517,0.183750466,10.21824455,31.87915993,2032.519287,2.402176619,-940.7395576,-544.989323,RufousTailedHawk,15
896,NA,NA,NA,NA,NA,NA,NA,NA,NA,NA,0,NA,0,NA,NA,NA,NA,NA,NA,NA,NA,NA,NA,60,NA,5,NA,NA,NA,NA,NA,NA,NA,NA,NA,NA,14,NA,14,NA,NA,NA,NA,NA,NA,NA,NA,NA,NA,3,NA,2,5.396361828,NA,NA,NA,NA,NA,NA,NA,NA,NA,NA,44,NA,54,NA,NA,NA,NA,NA,NA,NA,NA,NA,NA,11,NA,13,4.936092377,45.13122177,45.05537415,3.031702518,0.000000000,10.35784149,0.107581131,11.91455173,28.86439514,2203.061035,-2.59985733,-925.7395576,-544.989323,RufousTailedHawk,15
897,NA,NA,NA,NA,NA,NA,NA,NA,NA,NA,0,NA,NA,NA,NA,NA,NA,NA,NA,NA,NA,NA,NA,130,NA,NA,NA,NA,NA,NA,NA,NA,NA,NA,NA,NA,10,NA,NA,NA,NA,NA,NA,NA,NA,NA,NA,NA,NA,3,NA,NA,8.795301437,NA,NA,NA,NA,NA,NA,NA,NA,NA,NA,46,NA,NA,NA,NA,NA,NA,NA,NA,NA,NA,NA,NA,11,NA,NA,3.381955147,45.10608292,54.64590454,3.372318029,0.000000000,8.035955429,0.008876396,6.196387291,27.44721603,2514.580811,-0.894950867,-910.7395576,-544.989323,RufousTailedHawk,15
899,0,0,NA,0,0,NA,0,0,0,0,0,0,0,240,20,NA,180,180,NA,30,70,180,10,15,18,22,16,8,NA,10,15,NA,20,11,9,15,15,9,9,3,2,NA,4,4,NA,1,1,2,1,1,1,1,4.827073097,45,278,NA,42,278,NA,58,40,19,314,312,351,254,1,2,NA,4,5,NA,7,8,9,10,11,12,13,12.71862411,44.12060928,0.860384703,3.851213932,2.515127659,23.2485199,33.51656723,2.706153393,11.01264477,110.1455917,-0.672368765,-1120.739558,-559.989323,RufousTailedHawk,15
900,NA,NA,NA,NA,0,NA,0,NA,NA,NA,0,0,0,NA,NA,NA,NA,105,NA,60,NA,NA,NA,12,43,120,NA,NA,NA,NA,15,NA,18,NA,NA,NA,11,13,18,NA,NA,NA,NA,6,NA,2,NA,NA,NA,1,2,1,2.485569715,NA,NA,NA,NA,277,NA,45,NA,NA,NA,53,350,293,NA,NA,NA,NA,5,NA,7,NA,NA,NA,11,12,13,12.830369,42.79895782,0.651392043,11.33734131,5.816881657,14.0275135,50.51609802,3.940214396,9.116483688,173.0944977,-0.801264524,-1105.739558,-559.989323,RufousTailedHawk,15
902,NA,NA,NA,NA,0,0,0,0,0,0,NA,NA,NA,NA,NA,NA,NA,165,1,145,25,55,3,NA,NA,NA,NA,NA,NA,NA,7,14,11,17,12,16,NA,NA,NA,NA,NA,NA,NA,1,2,4,1,1,2,NA,NA,NA,1.861562967,NA,NA,NA,NA,1,262,262,262,26,268,NA,NA,NA,NA,NA,NA,NA,5,6,7,8,9,10,NA,NA,NA,13.69391823,51.56708527,2.750279427,29.33304787,1.634463787,7.684809685,2.974980354,31.69765091,23.57252693,115.5797501,-0.740086913,-1075.739558,-559.989323,RufousTailedHawk,15
903,NA,NA,NA,NA,NA,NA,NA,NA,NA,NA,NA,NA,0,NA,NA,NA,NA,NA,NA,NA,NA,NA,NA,NA,NA,59,NA,NA,NA,NA,NA,NA,NA,NA,NA,NA,NA,NA,11,NA,NA,NA,NA,NA,NA,NA,NA,NA,NA,NA,NA,1,2.402822495,NA,NA,NA,NA,NA,NA,NA,NA,NA,NA,NA,NA,345,NA,NA,NA,NA,NA,NA,NA,NA,NA,NA,NA,NA,13,13.63812351,53.90907288,2.613588333,50.48933792,1.237085462,6.380999565,2.257969141,18.01284409,18.74393845,114.8484116,-0.171334475,-1060.739558,-559.989323,RufousTailedHawk,15
904,NA,NA,NA,NA,NA,NA,0,NA,0,0,0,0,0,NA,NA,NA,NA,NA,NA,5,NA,60,1,3,29,116,NA,NA,NA,NA,NA,NA,14,NA,16,19,10,18,17,NA,NA,NA,NA,NA,NA,2,NA,5,1,1,1,1,1.551215529,NA,NA,NA,NA,NA,NA,48,NA,41,315,25,47,281,NA,NA,NA,NA,NA,NA,7,NA,9,10,11,12,13,13.35894203,56.90982056,0.247391403,81.95534515,0.437252522,2.216036797,3.402151346,1.314993501,9.025470734,147.9355316,-0.100662112,-1045.739558,-559.989323,RufousTailedHawk,15
905,NA,NA,0,0,NA,NA,NA,NA,NA,NA,NA,NA,0,NA,NA,60,60,NA,NA,NA,NA,NA,NA,NA,NA,45,NA,NA,8,9,NA,NA,NA,NA,NA,NA,NA,NA,11,NA,NA,2,1,NA,NA,NA,NA,NA,NA,NA,NA,1,2.438183784,NA,NA,28,263,NA,NA,NA,NA,NA,NA,NA,NA,270,NA,NA,3,4,NA,NA,NA,NA,NA,NA,NA,NA,13,13.03187084,62.3501091,0.174458563,72.15550995,2.177649260,2.376723289,15.19466686,1.581293941,5.961803913,218.2037048,0.004687308,-1030.739558,-559.989323,RufousTailedHawk,15
906,NA,NA,NA,NA,NA,NA,NA,0,0,NA,NA,NA,NA,NA,NA,NA,NA,NA,NA,NA,1,15,NA,NA,NA,NA,NA,NA,NA,NA,NA,NA,NA,12,8,NA,NA,NA,NA,NA,NA,NA,NA,NA,NA,NA,1,3,NA,NA,NA,NA,2.756737709,NA,NA,NA,NA,NA,NA,NA,249,341,NA,NA,NA,NA,NA,NA,NA,NA,NA,NA,NA,8,9,NA,NA,NA,NA,12.108181,69.6594696,0.085479282,22.13633347,8.641966820,14.49982262,39.54694366,5.427522182,9.033793449,437.6773071,0.320068836,-1015.739558,-559.989323,RufousTailedHawk,15
907,NA,NA,0,NA,NA,NA,NA,0,0,0,0,0,0,NA,NA,180,NA,NA,NA,NA,90,160,210,30,136,76,NA,NA,10,NA,NA,NA,NA,8,17,8,14,10,19,NA,NA,2,NA,NA,NA,NA,2,2,1,1,1,1,4.101988792,NA,NA,315,NA,NA,NA,NA,296,338,328,351,300,43,NA,NA,3,NA,NA,NA,NA,8,9,10,11,12,13,10.04718971,68.07478333,1.100219965,12.63796711,5.254335880,24.28997421,40.58699799,4.741569996,9.32950592,937.6891479,2.897608042,-1000.739558,-559.989323,RufousTailedHawk,15
908,NA,NA,0,NA,NA,NA,NA,NA,NA,NA,NA,NA,NA,NA,NA,240,NA,NA,NA,NA,NA,NA,NA,NA,NA,NA,NA,NA,8,NA,NA,NA,NA,NA,NA,NA,NA,NA,NA,NA,NA,3,NA,NA,NA,NA,NA,NA,NA,NA,NA,NA,10.59809208,NA,NA,8,NA,NA,NA,NA,NA,NA,NA,NA,NA,NA,NA,NA,3,NA,NA,NA,NA,NA,NA,NA,NA,NA,NA,8.02515316,59.93186569,3.788742542,16.70151711,7.017013073,22.73594856,13.39341354,14.32334614,20.51815796,1425.237183,2.132859945,-985.7395576,-559.989323,RufousTailedHawk,15
911,NA,NA,NA,NA,NA,NA,NA,0,NA,NA,0,NA,0,NA,NA,NA,NA,NA,NA,NA,45,NA,NA,30,NA,85,NA,NA,NA,NA,NA,NA,NA,19,NA,NA,14,NA,12,NA,NA,NA,NA,NA,NA,NA,2,NA,NA,3,NA,3,4.100036144,NA,NA,NA,NA,NA,NA,NA,320,NA,NA,47,NA,362,NA,NA,NA,NA,NA,NA,NA,8,NA,NA,11,NA,13,6.564828873,49.39203644,29.48202133,4.573417664,0.108734623,17.41698074,0.289734304,7.85399437,40.31069183,1867.333008,-7.091626644,-940.7395576,-559.989323,RufousTailedHawk,15
912,NA,NA,NA,NA,NA,NA,NA,0,NA,NA,NA,NA,NA,NA,NA,NA,NA,NA,NA,NA,60,NA,NA,NA,NA,NA,NA,NA,NA,NA,NA,NA,NA,10,NA,NA,NA,NA,NA,NA,NA,NA,NA,NA,NA,NA,2,NA,NA,NA,NA,NA,4.024566174,NA,NA,NA,NA,NA,NA,NA,321,NA,NA,NA,NA,NA,NA,NA,NA,NA,NA,NA,NA,8,NA,NA,NA,NA,NA,4.98345232,46.63874435,42.89970016,5.047186852,0.009370418,14.31596184,0.034865066,7.701107979,29.97041512,2213.156494,-0.380015254,-925.7395576,-559.989323,RufousTailedHawk,15
915,NA,NA,NA,NA,0,0,NA,NA,NA,NA,NA,NA,NA,NA,NA,NA,NA,150,240,NA,NA,NA,NA,NA,NA,NA,NA,NA,NA,NA,16,12,NA,NA,NA,NA,NA,NA,NA,NA,NA,NA,NA,3,3,NA,NA,NA,NA,NA,NA,NA,1.509765863,NA,NA,NA,NA,258,361,NA,NA,NA,NA,NA,NA,NA,NA,NA,NA,NA,5,6,NA,NA,NA,NA,NA,NA,NA,12.27306461,46.90759277,0.162333101,1.652527094,2.145929337,24.54438019,59.18867111,0.646008968,4.67732048,185.6122437,0.481926292,-1135.739558,-574.989323,RufousTailedHawk,15
916,NA,NA,NA,NA,0,0,0,0,0,0,0,0,0,NA,NA,NA,NA,25,30,240,19,30,68,26,60,35,NA,NA,NA,NA,13,12,11,8,18,15,9,11,8,NA,NA,NA,NA,1,1,3,1,1,3,1,1,1,1.509765863,NA,NA,NA,NA,248,285,303,337,349,36,335,275,316,NA,NA,NA,NA,5,6,7,8,9,10,11,12,13,12.27306461,46.90759277,0.162333101,1.652527094,2.145929337,24.54438019,59.18867111,0.646008968,4.67732048,185.6122437,0.481926292,-1120.739558,-574.989323,RufousTailedHawk,15
917,NA,NA,NA,NA,NA,NA,0,NA,NA,NA,NA,NA,0,NA,NA,NA,NA,NA,NA,10,NA,NA,NA,NA,NA,4,NA,NA,NA,NA,NA,NA,10,NA,NA,NA,NA,NA,18,NA,NA,NA,NA,NA,NA,3,NA,NA,NA,NA,NA,1,1.756082773,NA,NA,NA,NA,NA,NA,32,NA,NA,NA,NA,NA,343,NA,NA,NA,NA,NA,NA,7,NA,NA,NA,NA,NA,13,12.43884754,47.02013016,1.58999455,11.06625175,8.875337601,11.96937466,52.12630081,6.053827286,6.344705582,224.5964355,0.580076277,-1105.739558,-574.989323,RufousTailedHawk,15
918,NA,NA,NA,NA,NA,NA,NA,NA,NA,NA,0,NA,0,NA,NA,NA,NA,NA,NA,NA,NA,NA,NA,3,NA,2,NA,NA,NA,NA,NA,NA,NA,NA,NA,NA,18,NA,14,NA,NA,NA,NA,NA,NA,NA,NA,NA,NA,1,NA,1,1.360579848,NA,NA,NA,NA,NA,NA,NA,NA,NA,NA,251,NA,264,NA,NA,NA,NA,NA,NA,NA,NA,NA,NA,11,NA,13,13.292202,49.67013168,1.587788463,24.52431107,8.973215103,10.58646202,29.10360909,9.613275528,13.8086729,114.7633591,-1.458438754,-1090.739558,-574.989323,RufousTailedHawk,15
919,NA,NA,NA,NA,NA,NA,0,0,0,0,NA,0,NA,NA,NA,NA,NA,NA,NA,75,25,31,55,NA,150,NA,NA,NA,NA,NA,NA,NA,16,17,11,9,NA,9,NA,NA,NA,NA,NA,NA,NA,1,1,1,1,NA,1,NA,1.877865672,NA,NA,NA,NA,NA,NA,9,255,296,283,NA,272,NA,NA,NA,NA,NA,NA,NA,7,8,9,10,NA,12,NA,13.50371456,56.82710266,2.862442017,41.73976135,4.771909237,9.444566727,14.26726627,9.978124619,16.60669518,115.6915588,-0.010163645,-1075.739558,-574.989323,RufousTailedHawk,15
920,NA,NA,0,NA,NA,NA,0,0,0,0,NA,0,0,NA,NA,30,NA,NA,NA,10,120,10,3,NA,26,2,NA,NA,17,NA,NA,NA,14,10,12,11,NA,18,6,NA,NA,2,NA,NA,NA,4,1,1,1,NA,1,1,1.711877823,NA,NA,342,NA,NA,NA,276,252,305,312,NA,45,311,NA,NA,3,NA,NA,NA,7,8,9,10,NA,12,13,13.60793209,60.70572281,1.514263868,66.61209106,1.420129895,7.357410908,1.179345846,5.648133755,14.53336906,91.16239929,-0.007101293,-1060.739558,-574.989323,RufousTailedHawk,15
921,NA,0,0,NA,0,0,0,0,0,0,0,0,0,NA,120,30,NA,80,75,25,120,120,30,90,8,5,NA,15,13,NA,8,10,12,10,13,15,10,11,19,NA,4,2,NA,2,3,1,1,3,1,1,1,1,1.784050465,NA,268,342,NA,363,352,260,301,261,307,263,252,280,NA,2,3,NA,5,6,7,8,9,10,11,12,13,13.20705509,64.98638153,1.294719219,65.42658997,2.316149950,4.848241329,9.416480064,2.258986235,9.744441986,154.4946899,0.036568213,-1045.739558,-574.989323,RufousTailedHawk,15
922,NA,NA,NA,NA,NA,NA,0,NA,NA,NA,0,NA,NA,NA,NA,NA,NA,NA,NA,30,NA,NA,NA,60,NA,NA,NA,NA,NA,NA,NA,NA,11,NA,NA,NA,17,NA,NA,NA,NA,NA,NA,NA,NA,1,NA,NA,NA,1,NA,NA,1.879695415,NA,NA,NA,NA,NA,NA,276,NA,NA,NA,22,NA,NA,NA,NA,NA,NA,NA,NA,7,NA,NA,NA,11,NA,NA,12.75525856,69.47032166,0,78.76399994,2.306571245,3.05828476,8.247948647,0.631404459,5.80192852,252.0370331,-0.172211275,-1030.739558,-574.989323,RufousTailedHawk,15
923,NA,NA,0,NA,NA,NA,NA,NA,NA,NA,0,NA,NA,NA,NA,30,NA,NA,NA,NA,NA,NA,NA,3,NA,NA,NA,NA,13,NA,NA,NA,NA,NA,NA,NA,18,NA,NA,NA,NA,2,NA,NA,NA,NA,NA,NA,NA,1,NA,NA,4.107322216,NA,NA,342,NA,NA,NA,NA,NA,NA,NA,22,NA,NA,NA,NA,3,NA,NA,NA,NA,NA,NA,NA,11,NA,NA,11.55956745,74.38393402,0.467624456,10.88634968,7.851014614,24.47549248,44.59106827,3.503393888,7.621792316,528.0196533,-1.942377687,-1015.739558,-574.989323,RufousTailedHawk,15
924,NA,NA,NA,NA,NA,NA,NA,NA,0,NA,NA,0,NA,NA,NA,NA,NA,NA,NA,NA,NA,60,NA,NA,123,NA,NA,NA,NA,NA,NA,NA,NA,NA,10,NA,NA,7,NA,NA,NA,NA,NA,NA,NA,NA,NA,1,NA,NA,1,NA,7.647584438,NA,NA,NA,NA,NA,NA,NA,NA,53,NA,NA,294,NA,NA,NA,NA,NA,NA,NA,NA,NA,9,NA,NA,12,NA,9.560043335,71.53043365,0.551256597,10.46411037,4.015615463,24.31788635,49.62506866,2.989470243,6.753158092,1007.076965,-0.592552722,-1000.739558,-574.989323,RufousTailedHawk,15
925,NA,NA,NA,NA,0,NA,NA,NA,NA,0,NA,0,0,NA,NA,NA,NA,210,NA,NA,NA,NA,30,NA,30,58,NA,NA,NA,NA,13,NA,NA,NA,NA,17,NA,13,19,NA,NA,NA,NA,6,NA,NA,NA,NA,1,NA,1,2,3.68639636,NA,NA,NA,NA,323,NA,NA,NA,NA,262,NA,298,51,NA,NA,NA,NA,5,NA,NA,NA,NA,10,NA,12,13,8.934288025,67.42181396,3.725779295,17.72231102,5.811629295,26.74390793,24.17697334,6.981050491,12.98315811,1195.766724,-2.228480816,-985.7395576,-574.989323,RufousTailedHawk,15
926,NA,NA,NA,NA,NA,NA,0,NA,NA,NA,NA,0,NA,NA,NA,NA,NA,NA,NA,180,NA,NA,NA,NA,30,NA,NA,NA,NA,NA,NA,NA,9,NA,NA,NA,NA,15,NA,NA,NA,NA,NA,NA,NA,1,NA,NA,NA,NA,1,NA,6.240909576,NA,NA,NA,NA,NA,NA,36,NA,NA,NA,NA,298,NA,NA,NA,NA,NA,NA,NA,7,NA,NA,NA,NA,12,NA,6.50258255,58.29792786,20.56104851,7.58304882,3.090490341,19.51034164,5.211559296,13.95969009,28.29483795,1764.7948,2.722582579,-970.7395576,-574.989323,RufousTailedHawk,15
927,NA,NA,NA,NA,NA,NA,NA,NA,NA,NA,0,0,NA,NA,NA,NA,NA,NA,NA,NA,NA,NA,NA,90,44,NA,NA,NA,NA,NA,NA,NA,NA,NA,NA,NA,14,17,NA,NA,NA,NA,NA,NA,NA,NA,NA,NA,NA,1,1,NA,12.09289932,NA,NA,NA,NA,NA,NA,NA,NA,NA,NA,2,29,NA,NA,NA,NA,NA,NA,NA,NA,NA,NA,NA,11,12,NA,5.731289387,52.91791916,26.22856522,5.818450928,0.380463600,18.37321091,0.022896301,11.27334213,36.74888229,1954.105225,-0.647586226,-955.7395576,-574.989323,RufousTailedHawk,15
930,NA,NA,NA,NA,NA,0,NA,NA,NA,NA,0,NA,0,NA,NA,NA,NA,NA,120,NA,NA,NA,NA,100,NA,51,NA,NA,NA,NA,NA,7,NA,NA,NA,NA,16,NA,14,NA,NA,NA,NA,NA,1,NA,NA,NA,NA,2,NA,1,10.16065502,NA,NA,NA,NA,NA,36,NA,NA,NA,NA,360,NA,343,NA,NA,NA,NA,NA,6,NA,NA,NA,NA,11,NA,13,2.780254126,46.98683548,44.57131958,1.688312292,1.02334142866312e-05,6.704677582,0,16.32251358,30.32485962,2634.17749,3.418997288,-910.7395576,-574.989323,RufousTailedHawk,15
933,0,0,0,0,0,0,0,0,0,0,0,0,0,30,180,180,25,60,60,150,150,120,27,37,283,42,18,10,17,11,17,12,10,9,11,19,17,7,11,1,3,1,1,1,2,4,1,2,2,1,1,1,1.313846827,290,287,295,43,2,354,324,267,321,297,311,349,266,1,2,3,4,5,6,7,8,9,10,11,12,13,12.72343063,50.71828842,4.302779198,5.200077534,0.554232895,7.263176918,8.410727501,2.734386683,14.57175827,42.38671875,-0.124631904,-1135.739558,-589.989323,RufousTailedHawk,15
934,NA,NA,NA,NA,0,0,0,0,0,0,0,0,1,NA,NA,NA,NA,180,120,240,99,180,15,50,120,30,NA,NA,NA,NA,12,16,15,15,18,11,10,8,13,NA,NA,NA,NA,3,2,5,4,2,1,1,1,3,3.342558384,NA,NA,NA,NA,245,334,311,301,293,339,245,262,308,NA,NA,NA,NA,5,6,7,8,9,10,11,12,13,12.07653713,51.21320724,0.571385801,2.142164469,2.387935400,16.98211098,57.69109726,0.729632318,4.858012199,200.5858459,0.993635714,-1120.739558,-589.989323,RufousTailedHawk,15
935,NA,NA,NA,NA,NA,NA,NA,0,NA,NA,NA,0,0,NA,NA,NA,NA,NA,NA,NA,5,NA,NA,NA,10,15,NA,NA,NA,NA,NA,NA,NA,15,NA,NA,NA,10,22,NA,NA,NA,NA,NA,NA,NA,1,NA,NA,NA,1,1,2.24691844,NA,NA,NA,NA,NA,NA,NA,1,NA,NA,NA,268,361,NA,NA,NA,NA,NA,NA,NA,8,NA,NA,NA,12,13,12.22435379,52.03229904,2.07359004,12.99786854,12.887737270,12.63325119,47.64353561,5.941793919,5.246057987,241.5157471,-0.21445106,-1105.739558,-589.989323,RufousTailedHawk,15
936,NA,NA,NA,NA,NA,NA,NA,NA,0,NA,0,NA,NA,NA,NA,NA,NA,NA,NA,NA,NA,2,NA,49,NA,NA,NA,NA,NA,NA,NA,NA,NA,NA,16,NA,18,NA,NA,NA,NA,NA,NA,NA,NA,NA,NA,1,NA,1,NA,NA,2.005180597,NA,NA,NA,NA,NA,NA,NA,NA,362,NA,58,NA,NA,NA,NA,NA,NA,NA,NA,NA,NA,9,NA,11,NA,NA,12.65847111,56.23626709,1.735659003,12.71230984,10.132084850,12.87342358,46.86661148,6.803777218,7.894323349,218.2627716,0.119400173,-1090.739558,-589.989323,RufousTailedHawk,15
937,NA,NA,0,0,NA,0,NA,0,0,0,0,0,0,NA,NA,140,120,NA,15,NA,68,30,4,90,30,32,NA,NA,9,10,NA,7,NA,17,9,23,19,11,17,NA,NA,3,2,NA,2,NA,1,2,1,1,1,1,1.713294625,NA,NA,344,362,NA,7,NA,363,284,285,28,364,260,NA,NA,3,4,NA,6,NA,8,9,10,11,12,13,13.49303913,62.33367157,1.296482801,55.8188858,4.539560318,7.758398056,10.9939642,4.66704607,12.35733604,88.57300568,-0.335778415,-1075.739558,-589.989323,RufousTailedHawk,15
938,NA,NA,0,NA,NA,NA,NA,NA,NA,0,NA,0,0,NA,NA,20,NA,NA,NA,NA,NA,NA,4,NA,143,2,NA,NA,7,NA,NA,NA,NA,NA,NA,12,NA,17,6,NA,NA,1,NA,NA,NA,NA,NA,NA,1,NA,1,1,1.923332691,NA,NA,54,NA,NA,NA,NA,NA,NA,308,NA,302,354,NA,NA,3,NA,NA,NA,NA,NA,NA,10,NA,12,13,13.4024725,67.39571381,1.128616333,67.82688141,2.076822281,5.002176285,4.868014812,3.217714787,14.79390049,107.2914734,-0.100595519,-1060.739558,-589.989323,RufousTailedHawk,15
939,NA,NA,NA,NA,NA,NA,NA,NA,NA,NA,NA,0,NA,NA,NA,NA,NA,NA,NA,NA,NA,NA,NA,NA,40,NA,NA,NA,NA,NA,NA,NA,NA,NA,NA,NA,NA,19,NA,NA,NA,NA,NA,NA,NA,NA,NA,NA,NA,NA,1,NA,3.039467573,NA,NA,NA,NA,NA,NA,NA,NA,NA,NA,NA,350,NA,NA,NA,NA,NA,NA,NA,NA,NA,NA,NA,NA,12,NA,12.91530704,71.86804962,0.608731687,41.80895996,7.277816296,11.44995403,23.22094917,2.407886505,12.17586327,193.6638336,-0.096281201,-1045.739558,-589.989323,RufousTailedHawk,15
940,NA,NA,NA,NA,NA,NA,0,NA,0,0,NA,NA,0,NA,NA,NA,NA,NA,NA,5,NA,30,138,NA,NA,45,NA,NA,NA,NA,NA,NA,14,NA,16,13,NA,NA,15,NA,NA,NA,NA,NA,NA,2,NA,5,1,NA,NA,1,2.828675032,NA,NA,NA,NA,NA,NA,48,NA,260,335,NA,NA,282,NA,NA,NA,NA,NA,NA,7,NA,9,10,NA,NA,13,12.28258419,76.64513397,0.070688084,62.60949326,4.098191738,6.274163246,6.385887623,4.018021107,16.14163399,333.1438904,0.326022387,-1030.739558,-589.989323,RufousTailedHawk,15
941,NA,NA,NA,NA,NA,NA,0,NA,NA,NA,0,0,0,NA,NA,NA,NA,NA,NA,15,NA,NA,NA,10,180,65,NA,NA,NA,NA,NA,NA,13,NA,NA,NA,20,15,17,NA,NA,NA,NA,NA,NA,2,NA,NA,NA,1,1,1,3.491018057,NA,NA,NA,NA,NA,NA,48,NA,NA,NA,15,263,14,NA,NA,NA,NA,NA,NA,7,NA,NA,NA,11,12,13,10.8744936,78.9217453,0,11.86739731,6.130160332,21.38325119,53.85607529,1.920603633,4.33916378,657.5228271,1.49514544,-1015.739558,-589.989323,RufousTailedHawk,15
942,NA,NA,NA,NA,NA,NA,0,NA,NA,0,NA,0,NA,NA,NA,NA,NA,NA,NA,135,NA,NA,60,NA,120,NA,NA,NA,NA,NA,NA,NA,10,NA,NA,15,NA,7,NA,NA,NA,NA,NA,NA,NA,1,NA,NA,2,NA,1,NA,9.22075367,NA,NA,NA,NA,NA,NA,6,NA,NA,320,NA,269,NA,NA,NA,NA,NA,NA,NA,7,NA,NA,10,NA,12,NA,8.236273766,72.49038696,2.249115705,10.03975487,4.662593365,27.90530968,42.67331696,4.041135311,7.257915974,1273.96228,-3.058231354,-1000.739558,-589.989323,RufousTailedHawk,15
943,NA,NA,NA,NA,NA,NA,NA,NA,NA,NA,NA,0,NA,NA,NA,NA,NA,NA,NA,NA,NA,NA,NA,NA,22,NA,NA,NA,NA,NA,NA,NA,NA,NA,NA,NA,NA,12,NA,NA,NA,NA,NA,NA,NA,NA,NA,NA,NA,NA,1,NA,9.645066261,NA,NA,NA,NA,NA,NA,NA,NA,NA,NA,NA,16,NA,NA,NA,NA,NA,NA,NA,NA,NA,NA,NA,NA,12,NA,5.676791191,64.27587891,13.00734711,13.51013756,5.312967777,23.01372719,10.40602016,10.24794006,15.9655838,1835.278442,1.607426643,-985.7395576,-589.989323,RufousTailedHawk,15
944,NA,NA,NA,NA,NA,NA,NA,NA,NA,NA,NA,NA,0,NA,NA,NA,NA,NA,NA,NA,NA,NA,NA,NA,NA,15,NA,NA,NA,NA,NA,NA,NA,NA,NA,NA,NA,NA,13,NA,NA,NA,NA,NA,NA,NA,NA,NA,NA,NA,NA,1,6.267797947,NA,NA,NA,NA,NA,NA,NA,NA,NA,NA,NA,NA,348,NA,NA,NA,NA,NA,NA,NA,NA,NA,NA,NA,NA,13,7.428673744,64.01847076,9.622309685,13.40740013,6.648854733,26.23508072,11.97134399,13.27012539,16.9321003,1538.860474,-2.147416115,-970.7395576,-589.989323,RufousTailedHawk,15
945,NA,NA,NA,NA,0,0,0,0,0,0,0,0,0,NA,NA,NA,NA,120,180,80,20,275,30,81,44,60,NA,NA,NA,NA,11,8,16,11,8,10,6,18,10,NA,NA,NA,NA,2,6,2,2,2,1,1,1,1,3.65150857,NA,NA,NA,NA,11,284,332,43,362,292,2,59,324,NA,NA,NA,NA,5,6,7,8,9,10,11,12,13,6.565023422,56.70018387,21.58244324,7.490063667,1.938886523,17.91618538,0.663382113,14.26423645,33.93744659,1778.748291,-4.651002884,-955.7395576,-589.989323,RufousTailedHawk,15
949,NA,NA,0,0,NA,0,0,0,0,0,NA,0,0,NA,NA,180,120,NA,240,60,60,135,46,NA,160,154,NA,NA,10,18,NA,8,17,11,10,18,NA,16,12,NA,NA,2,2,NA,2,1,1,3,2,NA,1,1,1.299726248,NA,NA,59,2,NA,261,54,10,321,286,NA,342,252,NA,NA,3,4,NA,6,7,8,9,10,NA,12,13,12.85376549,54.68819427,5.340482712,14.72521973,1.570055604,8.722098351,10.58173084,2.271260977,16.19583702,33.15474701,-0.311080307,-1150.739558,-604.989323,RufousTailedHawk,15
950,0,0,0,0,1,0,0,0,0,0,0,0,0,60,30,90,120,20,300,30,60,93,20,37,193,60,15,19,18,17,17,14,19,17,16,8,17,6,17,2,1,1,2,3,2,1,1,1,1,1,1,3,1.299726248,292,269,350,319,270,334,323,347,251,282,327,282,320,1,2,3,4,5,6,7,8,9,10,11,12,13,12.85376549,54.68819427,5.340482712,14.72521973,1.570055604,8.722098351,10.58173084,2.271260977,16.19583702,33.15474701,-0.311080307,-1135.739558,-604.989323,RufousTailedHawk,15
951,0,0,0,0,0,0,0,0,0,0,0,0,0,60,65,45,25,30,40,40,32,80,8,12,39,25,9,14,16,9,6,9,9,9,10,6,0,13,13,1,1,1,1,2,1,1,1,1,1,1,4,2,1.672276378,282,296,335,245,361,38,343,326,252,282,291,267,288,1,2,3,4,5,6,7,8,9,10,11,12,13,12.26298141,55.63870621,2.065605402,9.251662254,2.361519575,12.13137531,63.71621323,0.365918547,4.707783699,160.8049011,-1.357296586,-1120.739558,-604.989323,RufousTailedHawk,15
952,NA,NA,NA,NA,NA,0,0,0,NA,0,0,0,0,NA,NA,NA,NA,NA,180,180,60,NA,83,102,70,157,NA,NA,NA,NA,NA,8,13,13,NA,18,8,11,13,NA,NA,NA,NA,NA,3,2,1,NA,2,1,1,1,1.55635047,NA,NA,NA,NA,NA,1,37,54,NA,32,44,244,338,NA,NA,NA,NA,NA,6,7,8,NA,10,11,12,13,12.26766491,56.8152504,2.340613127,14.527771,12.420732500,9.214506149,51.98750305,4.482414722,4.481394768,216.7918091,0.075064912,-1105.739558,-604.989323,RufousTailedHawk,15
953,NA,NA,NA,NA,NA,NA,NA,NA,NA,NA,NA,NA,0,NA,NA,NA,NA,NA,NA,NA,NA,NA,NA,NA,NA,49,NA,NA,NA,NA,NA,NA,NA,NA,NA,NA,NA,NA,19,NA,NA,NA,NA,NA,NA,NA,NA,NA,NA,NA,NA,1,5.099960327,NA,NA,NA,NA,NA,NA,NA,NA,NA,NA,NA,NA,281,NA,NA,NA,NA,NA,NA,NA,NA,NA,NA,NA,NA,13,12.52480221,61.58627701,3.193493605,17.83944321,11.037514690,10.95403862,33.57646561,10.39039898,11.84453678,240.3957825,1.111012816,-1090.739558,-604.989323,RufousTailedHawk,15
954,NA,NA,0,0,NA,0,NA,NA,NA,0,0,NA,NA,NA,NA,60,180,NA,60,NA,NA,NA,4,133,NA,NA,NA,NA,10,0,NA,11,NA,NA,NA,13,14,NA,NA,NA,NA,2,1,NA,2,NA,NA,NA,1,3,NA,NA,2.814785004,NA,NA,343,10,NA,296,NA,NA,NA,246,245,NA,NA,NA,NA,3,4,NA,6,NA,NA,NA,10,11,NA,NA,13.32216835,69.56986237,3.276222706,36.77823639,6.908660889,10.72459888,18.53854752,7.590239048,14.5650568,114.3630142,-0.080385178,-1075.739558,-604.989323,RufousTailedHawk,15
955,NA,NA,0,NA,NA,NA,NA,NA,NA,0,NA,NA,0,NA,NA,120,NA,NA,NA,NA,NA,NA,3,NA,NA,2,NA,NA,14,NA,NA,NA,NA,NA,NA,11,NA,NA,8,NA,NA,2,NA,NA,NA,NA,NA,NA,1,NA,NA,1,1.823786139,NA,NA,343,NA,NA,NA,NA,NA,NA,304,NA,NA,330,NA,NA,3,NA,NA,NA,NA,NA,NA,10,NA,NA,13,13.23330688,73.6977005,0.850913942,64.82548523,4.088609695,4.307215214,16.57522011,1.857135653,7.170898914,127.1940536,-0.024131192,-1060.739558,-604.989323,RufousTailedHawk,15
956,NA,NA,NA,NA,NA,NA,NA,NA,NA,0,NA,NA,0,NA,NA,NA,NA,NA,NA,NA,NA,NA,33,NA,NA,50,NA,NA,NA,NA,NA,NA,NA,NA,NA,14,NA,NA,19,NA,NA,NA,NA,NA,NA,NA,NA,NA,1,NA,NA,1,1.588109493,NA,NA,NA,NA,NA,NA,NA,NA,NA,322,NA,NA,324,NA,NA,NA,NA,NA,NA,NA,NA,NA,10,NA,NA,13,12.794631,78.1122818,0.184359968,78.5248642,1.622406483,4.456182957,6.244394779,0.775307596,7.413296223,212.4063568,-0.116162322,-1045.739558,-604.989323,RufousTailedHawk,15
958,NA,NA,NA,NA,NA,NA,0,NA,NA,NA,0,0,NA,NA,NA,NA,NA,NA,NA,60,NA,NA,NA,20,120,NA,NA,NA,NA,NA,NA,NA,6,NA,NA,NA,19,8,NA,NA,NA,NA,NA,NA,NA,3,NA,NA,NA,1,2,NA,4.588234901,NA,NA,NA,NA,NA,NA,361,NA,NA,NA,325,272,NA,NA,NA,NA,NA,NA,NA,7,NA,NA,NA,11,12,NA,10.31511116,83.3090744,0.367281735,19.20808792,8.680858612,22.4312706,36.11377716,4.953030109,8.012739182,757.6912231,-1.012777686,-1015.739558,-604.989323,RufousTailedHawk,15
959,NA,NA,0,0,0,0,0,0,NA,0,0,0,0,NA,NA,15,45,22,70,15,125,NA,35,15,2,43,NA,NA,10,6,19,9,7,17,NA,16,16,9,16,NA,NA,1,5,1,1,1,1,NA,1,1,1,2,2.34568119,NA,NA,366,310,7,3,337,51,NA,365,287,290,351,NA,NA,3,4,5,6,7,8,NA,10,11,12,13,8.40234375,78.83406067,0.637685597,10.72982597,5.815967083,25.99824333,43.1022377,3.736648321,7.656871319,1224.585205,3.50693965,-1000.739558,-604.989323,RufousTailedHawk,15
960,NA,NA,NA,NA,0,0,0,0,0,0,0,0,0,NA,NA,NA,NA,60,10,2,100,30,10,150,60,14,NA,NA,NA,NA,8,18,10,10,15,20,11,13,10,NA,NA,NA,NA,1,2,1,3,1,2,4,1,2,5.273126125,NA,NA,NA,NA,323,341,337,36,286,364,278,314,352,NA,NA,NA,NA,5,6,7,8,9,10,11,12,13,5.204245567,67.0594101,18.39715576,7.400544167,6.850607395,19.82744026,10.58867931,12.44705963,18.76639748,1925.573853,4.844160557,-985.7395576,-604.989323,RufousTailedHawk,15
963,NA,NA,NA,NA,NA,NA,NA,NA,NA,NA,0,NA,NA,NA,NA,NA,NA,NA,NA,NA,NA,NA,NA,130,NA,NA,NA,NA,NA,NA,NA,NA,NA,NA,NA,NA,16,NA,NA,NA,NA,NA,NA,NA,NA,NA,NA,NA,NA,2,NA,NA,13.38997364,NA,NA,NA,NA,NA,NA,NA,NA,NA,NA,361,NA,NA,NA,NA,NA,NA,NA,NA,NA,NA,NA,NA,11,NA,NA,6.083593369,56.68604279,28.81610489,3.506511927,1.153678894,17.20547676,0.553120852,7.705218315,40.91942596,1941.379639,3.692309856,-940.7395576,-604.989323,RufousTailedHawk,15
968,NA,NA,0,NA,0,0,0,0,0,1,0,0,0,NA,NA,40,NA,60,15,60,60,120,120,80,120,180,NA,NA,16,NA,10,12,8,12,16,15,18,11,15,NA,NA,2,NA,3,1,3,2,2,2,1,1,3,1.985757947,NA,NA,333,NA,364,258,319,246,285,306,355,339,317,NA,NA,3,NA,5,6,7,8,9,10,11,12,13,12.41457367,58.98757553,1.931285143,4.690234184,1.853096962,27.60713768,34.50541687,1.559625626,16.63698959,127.4351501,0.304343611,-1135.739558,-619.989323,RufousTailedHawk,15
969,NA,NA,NA,NA,NA,NA,0,0,0,0,0,0,0,NA,NA,NA,NA,NA,NA,59,116,5,30,13,62,30,NA,NA,NA,NA,NA,NA,18,7,16,16,1,18,11,NA,NA,NA,NA,NA,NA,1,1,1,1,1,1,1,1.442837477,NA,NA,NA,NA,NA,NA,41,288,311,300,255,264,257,NA,NA,NA,NA,NA,NA,7,8,9,10,11,12,13,12.33166885,59.62600327,0.809951365,3.853800297,3.212668896,15.81880283,57.88051224,0.515954137,7.174659252,157.0593719,-0.542065203,-1120.739558,-619.989323,RufousTailedHawk,15
970,NA,NA,NA,NA,NA,NA,NA,0,NA,0,NA,0,NA,NA,NA,NA,NA,NA,NA,NA,15,NA,57,NA,11,NA,NA,NA,NA,NA,NA,NA,NA,18,NA,17,NA,0,NA,NA,NA,NA,NA,NA,NA,NA,1,NA,1,NA,2,NA,2.168338299,NA,NA,NA,NA,NA,NA,NA,365,NA,262,NA,11,NA,NA,NA,NA,NA,NA,NA,NA,8,NA,10,NA,12,NA,12.25589275,60.26960754,1.435866594,12.40392017,9.137851715,8.421974182,58.2217865,4.844937325,5.277282238,222.5529022,0.414811969,-1105.739558,-619.989323,RufousTailedHawk,15
971,NA,NA,NA,NA,NA,NA,NA,NA,NA,0,NA,0,0,NA,NA,NA,NA,NA,NA,NA,NA,NA,4,NA,58,24,NA,NA,NA,NA,NA,NA,NA,NA,NA,14,NA,17,17,NA,NA,NA,NA,NA,NA,NA,NA,NA,5,NA,1,1,2.565777779,NA,NA,NA,NA,NA,NA,NA,NA,NA,292,NA,341,334,NA,NA,NA,NA,NA,NA,NA,NA,NA,10,NA,12,13,12.79570675,63.82876587,5.127358437,29.56652451,8.408960342,11.17998886,16.56012535,12.6718111,16.25644112,193.372406,0.44168371,-1090.739558,-619.989323,RufousTailedHawk,15
973,NA,NA,NA,NA,NA,0,NA,NA,NA,0,0,0,0,NA,NA,NA,NA,NA,10,NA,NA,NA,59,10,25,36,NA,NA,NA,NA,NA,8,NA,NA,NA,11,10,17,13,NA,NA,NA,NA,NA,1,NA,NA,NA,1,1,4,1,2.997100592,NA,NA,NA,NA,NA,333,NA,NA,NA,306,304,282,261,NA,NA,NA,NA,NA,6,NA,NA,NA,10,11,12,13,13.14651299,77.3744812,3.422729731,25.81989288,9.104267120,13.35495567,33.22157669,3.800134659,10.19914055,146.392807,-0.106449813,-1060.739558,-619.989323,RufousTailedHawk,15
974,NA,NA,0,NA,NA,NA,NA,NA,NA,NA,NA,NA,NA,NA,NA,20,NA,NA,NA,NA,NA,NA,NA,NA,NA,NA,NA,NA,9,NA,NA,NA,NA,NA,NA,NA,NA,NA,NA,NA,NA,1,NA,NA,NA,NA,NA,NA,NA,NA,NA,NA,2.90854454,NA,NA,54,NA,NA,NA,NA,NA,NA,NA,NA,NA,NA,NA,NA,3,NA,NA,NA,NA,NA,NA,NA,NA,NA,NA,12.72418118,82.79111481,1.955471158,41.17036819,5.940384865,11.16918564,26.74542618,2.524754286,9.574363708,220.6991272,0.077344753,-1045.739558,-619.989323,RufousTailedHawk,15
977,NA,NA,NA,NA,NA,NA,NA,NA,NA,0,NA,0,0,NA,NA,NA,NA,NA,NA,NA,NA,NA,300,NA,119,9,NA,NA,NA,NA,NA,NA,NA,NA,NA,9,NA,14,8,NA,NA,NA,NA,NA,NA,NA,NA,NA,1,NA,1,1,6.679821014,NA,NA,NA,NA,NA,NA,NA,NA,NA,262,NA,318,20,NA,NA,NA,NA,NA,NA,NA,NA,NA,10,NA,12,13,7.393950462,81.61893463,2.738357782,7.802919388,8.882603645,27.87594795,33.60296631,8.012649536,9.697286606,1432.293213,1.252770662,-1000.739558,-619.989323,RufousTailedHawk,15
984,NA,NA,NA,NA,NA,0,0,0,NA,NA,NA,NA,0,NA,NA,NA,NA,NA,120,120,120,NA,NA,NA,NA,10,NA,NA,NA,NA,NA,11,11,11,NA,NA,NA,NA,17,NA,NA,NA,NA,NA,3,3,8,NA,NA,NA,NA,3,2.182086706,NA,NA,NA,NA,NA,249,320,10,NA,NA,NA,NA,44,NA,NA,NA,NA,NA,6,7,8,NA,NA,NA,NA,13,12.26196671,66.99094391,0.398615956,1.541065931,1.807739854,17.59797287,27.14830589,0.243496299,8.964426041,138.5371094,0.031398311,-1165.739558,-634.989323,RufousTailedHawk,15
985,NA,NA,NA,0,NA,0,0,0,0,0,0,0,0,NA,NA,NA,60,NA,30,15,63,35,30,6,15,8,NA,NA,NA,12,NA,14,10,18,21,9,10,10,18,NA,NA,NA,1,NA,1,4,1,1,4,1,1,1,2.182086706,NA,NA,NA,15,NA,32,278,365,364,262,283,318,297,NA,NA,NA,4,NA,6,7,8,9,10,11,12,13,12.26196671,66.99094391,0.398615956,1.541065931,1.807739854,17.59797287,27.14830589,0.243496299,8.964426041,138.5371094,0.031398311,-1135.739558,-634.989323,RufousTailedHawk,15
986,NA,NA,NA,NA,NA,NA,NA,NA,NA,0,NA,NA,NA,NA,NA,NA,NA,NA,NA,NA,NA,NA,5,NA,NA,NA,NA,NA,NA,NA,NA,NA,NA,NA,NA,12,NA,NA,NA,NA,NA,NA,NA,NA,NA,NA,NA,NA,1,NA,NA,NA,2.205394268,NA,NA,NA,NA,NA,NA,NA,NA,NA,265,NA,NA,NA,NA,NA,NA,NA,NA,NA,NA,NA,NA,10,NA,NA,NA,12.30852413,64.18759155,0.65183413,4.88819313,4.564825058,17.17453575,47.8982048,1.351560831,9.653966904,179.9834595,-0.995619178,-1120.739558,-634.989323,RufousTailedHawk,15
987,NA,NA,NA,NA,NA,NA,NA,NA,NA,NA,NA,0,0,NA,NA,NA,NA,NA,NA,NA,NA,NA,NA,NA,240,60,NA,NA,NA,NA,NA,NA,NA,NA,NA,NA,NA,12,9,NA,NA,NA,NA,NA,NA,NA,NA,NA,NA,NA,1,1,1.677888513,NA,NA,NA,NA,NA,NA,NA,NA,NA,NA,NA,8,28,NA,NA,NA,NA,NA,NA,NA,NA,NA,NA,NA,12,13,12.49081516,62.9514389,0.765485287,9.704755783,9.661528587,9.590843201,58.30758667,3.9479568,6.544407845,189.6350098,0.958669305,-1105.739558,-634.989323,RufousTailedHawk,15
988,NA,NA,NA,NA,NA,0,NA,NA,NA,NA,0,0,0,NA,NA,NA,NA,NA,65,NA,NA,NA,NA,33,60,2,NA,NA,NA,NA,NA,15,NA,NA,NA,NA,9,18,0,NA,NA,NA,NA,NA,4,NA,NA,NA,NA,1,1,1,1.812935352,NA,NA,NA,NA,NA,4,NA,NA,NA,NA,321,343,290,NA,NA,NA,NA,NA,6,NA,NA,NA,NA,11,12,13,13.02467537,63.56251144,3.959070444,29.21994019,9.209155083,15.02272224,13.44637966,10.75951862,16.93743324,160.2178192,-0.32146579,-1090.739558,-634.989323,RufousTailedHawk,15
989,NA,NA,NA,NA,NA,NA,NA,NA,NA,0,0,NA,NA,NA,NA,NA,NA,NA,NA,NA,NA,NA,5,55,NA,NA,NA,NA,NA,NA,NA,NA,NA,NA,NA,8,17,NA,NA,NA,NA,NA,NA,NA,NA,NA,NA,NA,2,1,NA,NA,1.482962251,NA,NA,NA,NA,NA,NA,NA,NA,NA,328,304,NA,NA,NA,NA,NA,NA,NA,NA,NA,NA,NA,10,11,NA,NA,13.30951405,69.39654541,1.740948796,17.41415215,10.540977480,13.02406216,41.95406342,2.279937983,11.00360394,125.9616776,0.014019551,-1075.739558,-634.989323,RufousTailedHawk,15
990,NA,NA,0,0,NA,0,NA,NA,NA,NA,NA,NA,0,NA,NA,15,300,NA,10,NA,NA,NA,NA,NA,NA,19,NA,NA,11,11,NA,8,NA,NA,NA,NA,NA,NA,9,NA,NA,1,1,NA,1,NA,NA,NA,NA,NA,NA,2,2.61434865,NA,NA,288,272,NA,333,NA,NA,NA,NA,NA,NA,57,NA,NA,3,4,NA,6,NA,NA,NA,NA,NA,NA,13,13.09648037,77.91811371,3.029313564,23.40520287,10.814713480,15.64597988,28.45008659,4.369798183,12.86716366,166.4373627,0.023975901,-1060.739558,-634.989323,RufousTailedHawk,15
991,NA,NA,NA,NA,NA,0,NA,NA,NA,NA,NA,0,0,NA,NA,NA,NA,NA,10,NA,NA,NA,NA,NA,70,53,NA,NA,NA,NA,NA,9,NA,NA,NA,NA,NA,13,16,NA,NA,NA,NA,NA,1,NA,NA,NA,NA,NA,1,1,2.822690487,NA,NA,NA,NA,NA,333,NA,NA,NA,NA,NA,58,308,NA,NA,NA,NA,NA,6,NA,NA,NA,NA,NA,12,13,12.78682995,86.21491241,1.743712068,23.16301537,7.200694084,15.19495487,22.79259682,4.805871487,24.00305557,220.4566956,-0.214902967,-1045.739558,-634.989323,RufousTailedHawk,15
992,NA,NA,NA,NA,NA,NA,0,0,NA,NA,NA,NA,NA,NA,NA,NA,NA,NA,NA,15,30,NA,NA,NA,NA,NA,NA,NA,NA,NA,NA,NA,15,18,NA,NA,NA,NA,NA,NA,NA,NA,NA,NA,NA,2,2,NA,NA,NA,NA,NA,3.804633856,NA,NA,NA,NA,NA,NA,265,301,NA,NA,NA,NA,NA,NA,NA,NA,NA,NA,NA,7,8,NA,NA,NA,NA,NA,11.99494743,92.06907654,0.421996564,47.83090973,3.816841364,16.26730919,11.23951626,4.252449989,15.35764217,349.2441406,-0.503780723,-1030.739558,-634.989323,RufousTailedHawk,15
1001,0,0,0,NA,0,0,0,0,0,0,0,0,0,60,45,60,NA,120,180,30,30,120,60,7,98,41,16,11,12,NA,12,11,16,15,7,17,10,12,10,3,2,2,NA,3,1,2,3,1,1,2,1,5,3.041197538,46,279,339,NA,256,290,13,359,316,287,295,250,316,1,2,3,NA,5,6,7,8,9,10,11,12,13,12.39096451,87.19668579,0.483959109,6.689709187,8.311220169,31.62560081,48.28115845,0.871094048,2.965110302,135.3402863,0.27025947,-1165.739558,-649.989323,RufousTailedHawk,15
1002,NA,0,NA,NA,0,0,0,NA,0,0,0,0,0,NA,120,NA,NA,120,180,45,NA,53,18,120,59,120,NA,19,NA,NA,14,14,18,NA,10,18,16,11,18,NA,2,NA,NA,3,1,3,NA,2,1,1,1,1,4.287813187,NA,278,NA,NA,270,277,365,NA,279,285,291,287,362,NA,2,NA,NA,5,6,7,NA,9,10,11,12,13,11.96501064,75.68151093,0.281384468,4.355001926,3.700283289,22.43744278,50.05591202,0.776489615,8.758870125,239.0008087,-0.530636609,-1150.739558,-649.989323,RufousTailedHawk,15
1003,NA,NA,NA,NA,NA,0,0,0,0,0,0,0,0,NA,NA,NA,NA,NA,60,120,60,10,60,25,4,14,NA,NA,NA,NA,NA,20,17,18,10,12,10,15,15,NA,NA,NA,NA,NA,1,1,1,2,2,1,1,1,4.287813187,NA,NA,NA,NA,NA,15,56,15,272,272,366,8,42,NA,NA,NA,NA,NA,6,7,8,9,10,11,12,13,11.96501064,75.68151093,0.281384468,4.355001926,3.700283289,22.43744278,50.05591202,0.776489615,8.758870125,239.0008087,-0.530636609,-1135.739558,-649.989323,RufousTailedHawk,15
1004,NA,NA,NA,NA,NA,NA,NA,NA,NA,NA,0,NA,0,NA,NA,NA,NA,NA,NA,NA,NA,NA,NA,250,NA,72,NA,NA,NA,NA,NA,NA,NA,NA,NA,NA,17,NA,13,NA,NA,NA,NA,NA,NA,NA,NA,NA,NA,1,NA,1,4.213749886,NA,NA,NA,NA,NA,NA,NA,NA,NA,NA,7,NA,364,NA,NA,NA,NA,NA,NA,NA,NA,NA,NA,11,NA,13,11.84675217,69.7964325,0.087763131,6.909476757,6.698687077,15.91773987,56.29020691,3.536768675,7.420548439,279.1397095,-0.145736814,-1120.739558,-649.989323,RufousTailedHawk,15
1005,NA,NA,NA,NA,NA,NA,NA,0,0,0,0,NA,0,NA,NA,NA,NA,NA,NA,NA,5,180,5,20,NA,28,NA,NA,NA,NA,NA,NA,NA,14,16,11,10,NA,14,NA,NA,NA,NA,NA,NA,NA,1,1,1,2,NA,1,5.280377388,NA,NA,NA,NA,NA,NA,NA,281,262,265,303,NA,45,NA,NA,NA,NA,NA,NA,NA,8,9,10,11,NA,13,12.78201103,65.603508,0.913834929,14.52624702,9.118038177,11.27708054,43.70955658,3.75236702,9.829602242,150.3155823,-0.313965201,-1105.739558,-649.989323,RufousTailedHawk,15
1006,0,NA,0,NA,0,0,NA,0,0,0,0,0,0,60,NA,50,NA,155,95,NA,15,150,227,45,115,131,15,NA,9,NA,16,10,NA,20,9,8,19,8,18,1,NA,2,NA,2,2,NA,1,1,1,1,1,1,2.178584337,2,NA,365,NA,3,356,NA,281,20,264,7,252,254,1,NA,3,NA,5,6,NA,8,9,10,11,12,13,13.32522392,63.44232559,2.511882544,24.89638138,8.420353889,12.89437294,26.65818214,5.470320225,14.33358955,105.1341019,-0.481738627,-1090.739558,-649.989323,RufousTailedHawk,15
1007,NA,NA,NA,NA,NA,0,0,NA,0,0,0,0,0,NA,NA,NA,NA,NA,75,25,NA,120,34,16,30,38,NA,NA,NA,NA,NA,19,8,NA,12,7,11,13,7,NA,NA,NA,NA,NA,4,3,NA,1,2,2,1,1,2.46696496,NA,NA,NA,NA,NA,4,282,NA,260,328,2,356,355,NA,NA,NA,NA,NA,6,7,NA,9,10,11,12,13,13.37587452,68.54944611,1.290877938,20.13523483,11.486531260,14.94484138,37.26171112,3.086152554,10.45319176,124.4138641,0.072577156,-1075.739558,-649.989323,RufousTailedHawk,15
1008,NA,NA,0,0,0,0,NA,0,0,0,0,0,0,NA,NA,90,90,30,170,NA,60,20,7,3,60,199,NA,NA,18,8,9,18,NA,16,18,19,16,17,9,NA,NA,2,1,1,2,NA,1,1,1,1,2,1,3.807145834,NA,NA,268,326,257,58,NA,300,309,304,317,294,288,NA,NA,3,4,5,6,NA,8,9,10,11,12,13,13.13129234,77.98908997,1.954598069,27.14542961,9.067814827,19.33052444,30.63129234,3.742794037,6.909070492,168.8202057,-0.114882939,-1060.739558,-649.989323,RufousTailedHawk,15
1009,NA,NA,NA,NA,NA,NA,NA,NA,NA,NA,0,0,0,NA,NA,NA,NA,NA,NA,NA,NA,NA,NA,3,85,180,NA,NA,NA,NA,NA,NA,NA,NA,NA,NA,19,17,16,NA,NA,NA,NA,NA,NA,NA,NA,NA,NA,2,1,1,4.963310242,NA,NA,NA,NA,NA,NA,NA,NA,NA,NA,32,53,299,NA,NA,NA,NA,NA,NA,NA,NA,NA,NA,11,12,13,12.68057251,88.38102722,3.580593109,18.37260628,5.894700527,19.50494385,22.73245811,2.678271532,26.12574959,245.3943024,0.164811417,-1045.739558,-649.989323,RufousTailedHawk,15
1010,NA,NA,0,NA,NA,0,NA,NA,NA,0,0,0,0,NA,NA,20,NA,NA,10,NA,NA,NA,12,2,65,8,NA,NA,10,NA,NA,9,NA,NA,NA,12,7,9,19,NA,NA,1,NA,NA,1,NA,NA,NA,5,1,1,1,1.928181887,NA,NA,54,NA,NA,333,NA,NA,NA,292,34,59,307,NA,NA,3,NA,NA,6,NA,NA,NA,10,11,12,13,11.9776144,94.17835999,1.628832221,38.6253891,3.868135452,12.65685463,15.58783722,2.165043116,24.1120739,362.5830688,-0.102664053,-1030.739558,-649.989323,RufousTailedHawk,15
1011,NA,NA,NA,NA,NA,0,0,NA,NA,NA,0,0,0,NA,NA,NA,NA,NA,10,60,NA,NA,NA,16,47,10,NA,NA,NA,NA,NA,9,15,NA,NA,NA,13,13,12,NA,NA,NA,NA,NA,1,3,NA,NA,NA,1,1,1,1.639983416,NA,NA,NA,NA,NA,333,296,NA,NA,NA,32,311,309,NA,NA,NA,NA,NA,6,7,NA,NA,NA,11,12,13,10.82074928,102.9771576,1.472447157,25.55418205,5.761685848,20.8035965,22.51297188,2.141979933,20.07692528,589.5864258,-1.934376717,-1015.739558,-649.989323,RufousTailedHawk,15
1012,NA,0,0,NA,NA,NA,NA,NA,NA,0,0,0,0,NA,40,60,NA,NA,NA,NA,NA,NA,38,53,120,11,NA,20,11,NA,NA,NA,NA,NA,NA,7,17,13,15,NA,4,10,NA,NA,NA,NA,NA,NA,1,1,2,2,2.380513191,NA,294,295,NA,NA,NA,NA,NA,NA,292,261,264,346,NA,2,3,NA,NA,NA,NA,NA,NA,10,11,12,13,9.12015152,106.637291,1.806297541,12.23780632,3.226531982,26.21987534,30.68719292,3.391144037,17.99319077,1011.832092,-1.047018766,-1000.739558,-649.989323,RufousTailedHawk,15
1013,NA,0,0,NA,NA,NA,NA,NA,0,0,0,0,0,NA,180,300,NA,NA,NA,NA,NA,180,86,16,130,30,NA,17,9,NA,NA,NA,NA,NA,9,12,19,11,14,NA,2,10,NA,NA,NA,NA,NA,2,1,1,3,1,3.511261225,NA,293,294,NA,NA,NA,NA,NA,287,11,35,262,283,NA,2,3,NA,NA,NA,NA,NA,9,10,11,12,13,7.351778984,93.41895294,4.859492302,8.141804695,4.418261528,26.02973747,26.95798683,10.1023407,12.70130157,1444.501709,-1.753916264,-985.7395576,-649.989323,RufousTailedHawk,15
1014,NA,NA,NA,NA,0,NA,NA,NA,NA,NA,NA,NA,NA,NA,NA,NA,NA,240,NA,NA,NA,NA,NA,NA,NA,NA,NA,NA,NA,NA,13,NA,NA,NA,NA,NA,NA,NA,NA,NA,NA,NA,NA,1,NA,NA,NA,NA,NA,NA,NA,NA,8.404665947,NA,NA,NA,NA,24,NA,NA,NA,NA,NA,NA,NA,NA,NA,NA,NA,NA,5,NA,NA,NA,NA,NA,NA,NA,NA,6.673572063,80.57589722,11.44515038,4.345954418,3.582599640,17.09899521,4.561009884,11.96142769,17.11388016,1659.200562,0.509411335,-970.7395576,-649.989323,RufousTailedHawk,15
1017,NA,NA,NA,NA,NA,NA,NA,NA,0,0,NA,NA,NA,NA,NA,NA,NA,NA,NA,NA,NA,15,3,NA,NA,NA,NA,NA,NA,NA,NA,NA,NA,NA,13,18,NA,NA,NA,NA,NA,NA,NA,NA,NA,NA,NA,2,1,NA,NA,NA,3.041197538,NA,NA,NA,NA,NA,NA,NA,NA,272,25,NA,NA,NA,NA,NA,NA,NA,NA,NA,NA,NA,9,10,NA,NA,NA,12.39096451,87.19668579,0.483959109,6.689709187,8.311220169,31.62560081,48.28115845,0.871094048,2.965110302,135.3402863,0.27025947,-1180.739558,-664.989323,RufousTailedHawk,15
1018,NA,NA,NA,NA,NA,NA,NA,NA,NA,0,NA,NA,0,NA,NA,NA,NA,NA,NA,NA,NA,NA,42,NA,NA,180,NA,NA,NA,NA,NA,NA,NA,NA,NA,19,NA,NA,10,NA,NA,NA,NA,NA,NA,NA,NA,NA,1,NA,NA,4,3.041197538,NA,NA,NA,NA,NA,NA,NA,NA,NA,25,NA,NA,29,NA,NA,NA,NA,NA,NA,NA,NA,NA,10,NA,NA,13,12.39096451,87.19668579,0.483959109,6.689709187,8.311220169,31.62560081,48.28115845,0.871094048,2.965110302,135.3402863,0.27025947,-1165.739558,-664.989323,RufousTailedHawk,15
1019,NA,NA,NA,NA,NA,NA,NA,0,NA,NA,NA,NA,NA,NA,NA,NA,NA,NA,NA,NA,60,NA,NA,NA,NA,NA,NA,NA,NA,NA,NA,NA,NA,17,NA,NA,NA,NA,NA,NA,NA,NA,NA,NA,NA,NA,1,NA,NA,NA,NA,NA,2.230175972,NA,NA,NA,NA,NA,NA,NA,14,NA,NA,NA,NA,NA,NA,NA,NA,NA,NA,NA,NA,8,NA,NA,NA,NA,NA,12.64114666,93.19876099,0.040227983,2.332650185,8.670450211,20.34783363,66.1193161,0.142737478,1.724635839,104.4640961,0.049819771,-1150.739558,-664.989323,RufousTailedHawk,15
1020,NA,NA,NA,NA,NA,NA,0,NA,NA,NA,NA,NA,NA,NA,NA,NA,NA,NA,NA,15,NA,NA,NA,NA,NA,NA,NA,NA,NA,NA,NA,NA,17,NA,NA,NA,NA,NA,NA,NA,NA,NA,NA,NA,NA,3,NA,NA,NA,NA,NA,NA,4.463310242,NA,NA,NA,NA,NA,NA,364,NA,NA,NA,NA,NA,NA,NA,NA,NA,NA,NA,NA,7,NA,NA,NA,NA,NA,NA,11.09447861,82.74304962,0.014391156,1.799609303,2.050671577,28.06837845,54.34044266,1.296599865,11.34439182,405.5958252,0.222472697,-1135.739558,-664.989323,RufousTailedHawk,15
1023,NA,NA,NA,NA,NA,NA,NA,NA,0,NA,0,0,0,NA,NA,NA,NA,NA,NA,NA,NA,2,NA,40,40,45,NA,NA,NA,NA,NA,NA,NA,NA,15,NA,16,9,17,NA,NA,NA,NA,NA,NA,NA,NA,2,NA,1,2,1,3.108873606,NA,NA,NA,NA,NA,NA,NA,NA,268,NA,291,265,275,NA,NA,NA,NA,NA,NA,NA,NA,9,NA,11,12,13,13.20831776,64.56046295,1.848677754,18.26102638,9.225455284,15.86632633,36.50379562,2.641949177,10.90918732,118.4391556,0.309958339,-1090.739558,-664.989323,RufousTailedHawk,15
1024,NA,NA,0,NA,0,NA,NA,NA,NA,NA,NA,0,0,NA,NA,90,NA,80,NA,NA,NA,NA,NA,NA,120,37,NA,NA,18,NA,18,NA,NA,NA,NA,NA,NA,13,19,NA,NA,3,NA,5,NA,NA,NA,NA,NA,NA,3,1,3.733884096,NA,NA,283,NA,304,NA,NA,NA,NA,NA,NA,57,282,NA,NA,3,NA,5,NA,NA,NA,NA,NA,NA,12,13,13.44255161,67.92073822,1.198491216,30.48581696,10.183401110,16.62168503,28.65917206,1.507647872,10.22396755,114.7759552,-0.055846948,-1075.739558,-664.989323,RufousTailedHawk,15
1025,0,NA,NA,NA,NA,NA,NA,NA,0,0,0,0,0,20,NA,NA,NA,NA,NA,NA,NA,30,28,1,120,22,17,NA,NA,NA,NA,NA,NA,NA,19,6,15,8,13,1,NA,NA,NA,NA,NA,NA,NA,4,1,1,1,1,1.985929012,36,NA,NA,NA,NA,NA,NA,NA,361,8,295,253,245,1,NA,NA,NA,NA,NA,NA,NA,9,10,11,12,13,13.21879005,78.1917038,0.789421499,42.35680389,7.820749760,13.72028637,23.69976807,1.735117078,6.915943623,165.0861511,0.002345286,-1060.739558,-664.989323,RufousTailedHawk,15
1027,NA,NA,NA,NA,NA,NA,NA,NA,NA,NA,NA,0,0,NA,NA,NA,NA,NA,NA,NA,NA,NA,NA,NA,79,4,NA,NA,NA,NA,NA,NA,NA,NA,NA,NA,NA,9,20,NA,NA,NA,NA,NA,NA,NA,NA,NA,NA,NA,1,1,1.693709612,NA,NA,NA,NA,NA,NA,NA,NA,NA,NA,NA,311,6,NA,NA,NA,NA,NA,NA,NA,NA,NA,NA,NA,12,13,11.83773994,96.02721405,2.371482134,27.93762398,5.877784729,14.62157822,27.88892937,4.152553558,16.06036568,368.7660522,0.039146557,-1030.739558,-664.989323,RufousTailedHawk,15
1028,NA,NA,NA,NA,NA,NA,NA,NA,NA,NA,NA,0,NA,NA,NA,NA,NA,NA,NA,NA,NA,NA,NA,NA,4,NA,NA,NA,NA,NA,NA,NA,NA,NA,NA,NA,NA,8,NA,NA,NA,NA,NA,NA,NA,NA,NA,NA,NA,NA,4,NA,4.530121803,NA,NA,NA,NA,NA,NA,NA,NA,NA,NA,NA,282,NA,NA,NA,NA,NA,NA,NA,NA,NA,NA,NA,NA,12,NA,10.30667305,109.7800446,0.293237776,17.68120766,9.079531670,24.84576225,34.44155502,3.803088188,9.577086449,684.6213989,0.113709085,-1015.739558,-664.989323,RufousTailedHawk,15
1029,NA,NA,NA,NA,NA,NA,NA,NA,NA,NA,NA,0,0,NA,NA,NA,NA,NA,NA,NA,NA,NA,NA,NA,35,9,NA,NA,NA,NA,NA,NA,NA,NA,NA,NA,NA,7,7,NA,NA,NA,NA,NA,NA,NA,NA,NA,NA,NA,4,5,7.245232105,NA,NA,NA,NA,NA,NA,NA,NA,NA,NA,NA,282,281,NA,NA,NA,NA,NA,NA,NA,NA,NA,NA,NA,12,13,8.016913414,109.2141342,0.594906926,8.084388733,3.098564148,31.2611084,45.81705856,2.289043188,8.11255455,1246.984375,3.411609411,-1000.739558,-664.989323,RufousTailedHawk,15
1030,NA,NA,NA,NA,NA,NA,NA,NA,NA,0,NA,0,0,NA,NA,NA,NA,NA,NA,NA,NA,NA,240,NA,30,30,NA,NA,NA,NA,NA,NA,NA,NA,NA,15,NA,11,12,NA,NA,NA,NA,NA,NA,NA,NA,NA,3,NA,2,1,5.577766418,NA,NA,NA,NA,NA,NA,NA,NA,NA,265,NA,265,303,NA,NA,NA,NA,NA,NA,NA,NA,NA,10,NA,12,13,5.256981373,89.78390503,14.27665615,5.855956078,3.245905876,19.51782036,12.62063885,12.77333164,16.00471687,1843.526978,6.03918457,-985.7395576,-664.989323,RufousTailedHawk,15
1031,NA,NA,NA,NA,NA,NA,0,NA,NA,0,NA,NA,0,NA,NA,NA,NA,NA,NA,30,NA,NA,90,NA,NA,73,NA,NA,NA,NA,NA,NA,11,NA,NA,15,NA,NA,12,NA,NA,NA,NA,NA,NA,3,NA,NA,1,NA,NA,1,3.203944921,NA,NA,NA,NA,NA,NA,296,NA,NA,11,NA,NA,7,NA,NA,NA,NA,NA,NA,7,NA,NA,10,NA,NA,13,6.426216602,85.44574738,25.16394806,3.026260376,1.547498345,16.23163605,1.796731353,13.73481655,20.95423508,1684.777222,-3.509888649,-970.7395576,-664.989323,RufousTailedHawk,15
1032,NA,NA,NA,0,NA,NA,0,0,NA,0,NA,0,0,NA,NA,NA,180,NA,NA,60,150,NA,70,NA,190,70,NA,NA,NA,8,NA,NA,0,12,NA,15,NA,15,6,NA,NA,NA,3,NA,NA,3,4,NA,2,NA,5,4,11.93880749,NA,NA,NA,12,NA,NA,296,353,NA,19,NA,37,9,NA,NA,NA,4,NA,NA,7,8,NA,10,NA,12,13,5.71009922,73.78762817,23.72095871,3.633701086,1.983374000,20.25152779,1.474454641,14.16251278,33.09580231,1883.512695,2.256088972,-955.7395576,-664.989323,RufousTailedHawk,15
1033,NA,NA,NA,NA,NA,NA,NA,NA,NA,0,NA,NA,NA,NA,NA,NA,NA,NA,NA,NA,NA,NA,20,NA,NA,NA,NA,NA,NA,NA,NA,NA,NA,NA,NA,8,NA,NA,NA,NA,NA,NA,NA,NA,NA,NA,NA,NA,5,NA,NA,NA,17.9489727,NA,NA,NA,NA,NA,NA,NA,NA,NA,37,NA,NA,NA,NA,NA,NA,NA,NA,NA,NA,NA,NA,10,NA,NA,NA,6.29399395,66.29156494,31.8716774,1.896345496,0.519450724,22.16189384,0.787954032,4.497536182,37.88092422,1864.533203,5.464165211,-940.7395576,-664.989323,RufousTailedHawk,15
1036,NA,NA,NA,NA,NA,NA,NA,NA,0,NA,0,0,NA,NA,NA,NA,NA,NA,NA,NA,NA,3,NA,120,15,NA,NA,NA,NA,NA,NA,NA,NA,NA,19,NA,13,16,NA,NA,NA,NA,NA,NA,NA,NA,NA,1,NA,1,1,NA,1.733633399,NA,NA,NA,NA,NA,NA,NA,NA,24,NA,362,7,NA,NA,NA,NA,NA,NA,NA,NA,NA,9,NA,11,12,NA,11.93164825,102.4326324,0.580800891,1.86158061,3.505344152,22.71238327,63.21965408,0.083222114,5.851015568,213.0991821,-0.511261284,-1150.739558,-679.989323,RufousTailedHawk,15
1040,NA,NA,NA,NA,NA,NA,NA,NA,NA,0,0,NA,0,NA,NA,NA,NA,NA,NA,NA,NA,NA,2,20,NA,15,NA,NA,NA,NA,NA,NA,NA,NA,NA,13,14,NA,16,NA,NA,NA,NA,NA,NA,NA,NA,NA,1,1,NA,1,2.86613369,NA,NA,NA,NA,NA,NA,NA,NA,NA,305,291,NA,269,NA,NA,NA,NA,NA,NA,NA,NA,NA,10,11,NA,13,12.95294952,65.13266754,1.482439399,26.57772255,7.666957378,11.74921417,40.03239822,1.442696571,6.440452099,144.5721741,0.728843749,-1090.739558,-679.989323,RufousTailedHawk,15
1041,NA,NA,NA,NA,NA,NA,NA,NA,0,0,0,0,NA,NA,NA,NA,NA,NA,NA,NA,NA,4,30,25,60,NA,NA,NA,NA,NA,NA,NA,NA,NA,20,23,6,7,NA,NA,NA,NA,NA,NA,NA,NA,NA,2,2,1,1,NA,2.520283222,NA,NA,NA,NA,NA,NA,NA,NA,10,267,291,282,NA,NA,NA,NA,NA,NA,NA,NA,NA,9,10,11,12,NA,13.44893742,65.24430847,0.727324247,53.884758,4.638398170,12.6179266,19.75418663,1.133883357,5.45179224,97.28094482,-0.119673766,-1075.739558,-679.989323,RufousTailedHawk,15
1042,NA,NA,NA,NA,NA,0,NA,0,NA,0,0,0,0,NA,NA,NA,NA,NA,120,NA,120,NA,2,50,40,60,NA,NA,NA,NA,NA,14,NA,17,NA,20,14,13,18,NA,NA,NA,NA,NA,1,NA,2,NA,1,2,1,1,2.714408398,NA,NA,NA,NA,NA,249,NA,262,NA,359,248,279,249,NA,NA,NA,NA,NA,6,NA,8,NA,10,11,12,13,13.30522537,77.20927429,0.464290977,46.35727692,6.832699776,14.99983978,17.68871689,2.205616236,7.700490952,144.1537323,-0.117508598,-1060.739558,-679.989323,RufousTailedHawk,15
1043,NA,NA,NA,NA,NA,NA,0,NA,NA,NA,0,NA,NA,NA,NA,NA,NA,NA,NA,60,NA,NA,NA,50,NA,NA,NA,NA,NA,NA,NA,NA,14,NA,NA,NA,18,NA,NA,NA,NA,NA,NA,NA,NA,1,NA,NA,NA,1,NA,NA,2.569083452,NA,NA,NA,NA,NA,NA,304,NA,NA,NA,247,NA,NA,NA,NA,NA,NA,NA,NA,7,NA,NA,NA,11,NA,NA,12.80006027,100.0896988,1.021662712,25.33208275,8.473303795,16.75438881,36.42284393,2.751601696,8.175076485,211.8965149,-0.165216535,-1045.739558,-679.989323,RufousTailedHawk,15
1045,NA,NA,NA,0,0,NA,NA,NA,NA,NA,NA,NA,NA,NA,NA,NA,60,180,NA,NA,NA,NA,NA,NA,NA,NA,NA,NA,NA,0,10,NA,NA,NA,NA,NA,NA,NA,NA,NA,NA,NA,3,1,NA,NA,NA,NA,NA,NA,NA,NA,2.40885067,NA,NA,NA,39,263,NA,NA,NA,NA,NA,NA,NA,NA,NA,NA,NA,4,5,NA,NA,NA,NA,NA,NA,NA,NA,10.51364708,119.4976501,0.525601745,9.415576935,8.302987099,25.13585091,49.86631775,1.878695607,4.765424728,648.7800903,1.75441277,-1015.739558,-679.989323,RufousTailedHawk,15
1046,NA,NA,NA,NA,NA,NA,NA,NA,NA,NA,NA,0,NA,NA,NA,NA,NA,NA,NA,NA,NA,NA,NA,NA,35,NA,NA,NA,NA,NA,NA,NA,NA,NA,NA,NA,NA,6,NA,NA,NA,NA,NA,NA,NA,NA,NA,NA,NA,NA,1,NA,2.770945549,NA,NA,NA,NA,NA,NA,NA,NA,NA,NA,NA,344,NA,NA,NA,NA,NA,NA,NA,NA,NA,NA,NA,NA,12,NA,8.832907677,128.7989197,0.325966299,8.28006649,4.152687073,33.98372269,46.00541687,1.656210065,4.416874886,1054.824463,-6.571219921,-1000.739558,-679.989323,RufousTailedHawk,15
1048,NA,NA,NA,NA,NA,NA,NA,NA,NA,NA,NA,NA,0,NA,NA,NA,NA,NA,NA,NA,NA,NA,NA,NA,NA,238,NA,NA,NA,NA,NA,NA,NA,NA,NA,NA,NA,NA,16,NA,NA,NA,NA,NA,NA,NA,NA,NA,NA,NA,NA,1,6.431645393,NA,NA,NA,NA,NA,NA,NA,NA,NA,NA,NA,NA,7,NA,NA,NA,NA,NA,NA,NA,NA,NA,NA,NA,NA,13,5.619029522,86.45124817,17.26110458,7.582772732,3.323122978,22.43642235,7.237228394,14.23992443,26.40831947,1823.91748,2.604321957,-970.7395576,-679.989323,RufousTailedHawk,15
1049,NA,NA,NA,NA,NA,NA,NA,NA,NA,NA,NA,NA,0,NA,NA,NA,NA,NA,NA,NA,NA,NA,NA,NA,NA,100,NA,NA,NA,NA,NA,NA,NA,NA,NA,NA,NA,NA,11,NA,NA,NA,NA,NA,NA,NA,NA,NA,NA,NA,NA,4,3.532124519,NA,NA,NA,NA,NA,NA,NA,NA,NA,NA,NA,NA,51,NA,NA,NA,NA,NA,NA,NA,NA,NA,NA,NA,NA,13,5.712264538,76.98647308,20.97521973,3.772600412,1.144126534,16.85507774,0.783838809,11.75753403,42.82783508,1881.668457,0.278769135,-955.7395576,-679.989323,RufousTailedHawk,15
1051,NA,NA,NA,NA,NA,NA,NA,0,0,NA,NA,0,0,NA,NA,NA,NA,NA,NA,NA,4,38,NA,NA,48,39,NA,NA,NA,NA,NA,NA,NA,17,17,NA,NA,19,14,NA,NA,NA,NA,NA,NA,NA,1,2,NA,NA,1,1,1.778474689,NA,NA,NA,NA,NA,NA,NA,20,272,NA,NA,304,15,NA,NA,NA,NA,NA,NA,NA,8,9,NA,NA,12,13,12.30123901,114.023735,0.42019397,4.620359421,4.491189480,26.98972321,53.88881302,0.39999634,2.027712345,122.2677231,-0.007707318,-1180.739558,-694.989323,RufousTailedHawk,15
1053,NA,NA,NA,NA,NA,NA,NA,NA,NA,NA,NA,0,0,NA,NA,NA,NA,NA,NA,NA,NA,NA,NA,NA,9,8,NA,NA,NA,NA,NA,NA,NA,NA,NA,NA,NA,16,19,NA,NA,NA,NA,NA,NA,NA,NA,NA,NA,NA,1,1,1.990336537,NA,NA,NA,NA,NA,NA,NA,NA,NA,NA,NA,8,13,NA,NA,NA,NA,NA,NA,NA,NA,NA,NA,NA,12,13,11.69248962,110.5994949,0.392064959,1.591496706,4.241044998,26.76132965,59.58639908,0.279668629,5.638094425,244.5939484,0.951182485,-1150.739558,-694.989323,RufousTailedHawk,15
1054,NA,NA,NA,NA,NA,NA,0,NA,NA,NA,NA,NA,NA,NA,NA,NA,NA,NA,NA,40,NA,NA,NA,NA,NA,NA,NA,NA,NA,NA,NA,NA,21,NA,NA,NA,NA,NA,NA,NA,NA,NA,NA,NA,NA,6,NA,NA,NA,NA,NA,NA,2.873413801,NA,NA,NA,NA,NA,NA,364,NA,NA,NA,NA,NA,NA,NA,NA,NA,NA,NA,NA,7,NA,NA,NA,NA,NA,NA,9.299283028,89.24617767,0.058750298,0.721487641,1.093696475,33.67047501,55.01387405,0.646829963,8.577981949,732.552063,3.49223876,-1135.739558,-694.989323,RufousTailedHawk,15
1055,NA,NA,NA,NA,NA,NA,NA,NA,NA,NA,NA,0,NA,NA,NA,NA,NA,NA,NA,NA,NA,NA,NA,NA,240,NA,NA,NA,NA,NA,NA,NA,NA,NA,NA,NA,NA,10,NA,NA,NA,NA,NA,NA,NA,NA,NA,NA,NA,NA,5,NA,4.919719219,NA,NA,NA,NA,NA,NA,NA,NA,NA,NA,NA,275,NA,NA,NA,NA,NA,NA,NA,NA,NA,NA,NA,NA,12,NA,8.854688644,85.43914795,0.084590599,2.584880114,6.364960194,30.17589378,58.26115036,1.252889395,1.226830959,838.1412964,-1.059894919,-1120.739558,-694.989323,RufousTailedHawk,15
1057,NA,NA,NA,NA,NA,NA,NA,NA,NA,NA,NA,NA,0,NA,NA,NA,NA,NA,NA,NA,NA,NA,NA,NA,NA,40,NA,NA,NA,NA,NA,NA,NA,NA,NA,NA,NA,NA,14,NA,NA,NA,NA,NA,NA,NA,NA,NA,NA,NA,NA,2,3.564311981,NA,NA,NA,NA,NA,NA,NA,NA,NA,NA,NA,NA,248,NA,NA,NA,NA,NA,NA,NA,NA,NA,NA,NA,NA,13,12.05433655,71.08678436,0.345204324,16.97028732,5.540410042,14.75499821,56.48065186,1.857106209,3.32085228,270.785614,-0.465545058,-1090.739558,-694.989323,RufousTailedHawk,15
1058,NA,NA,NA,NA,NA,0,NA,NA,NA,NA,NA,NA,0,NA,NA,NA,NA,NA,20,NA,NA,NA,NA,NA,NA,75,NA,NA,NA,NA,NA,9,NA,NA,NA,NA,NA,NA,16,NA,NA,NA,NA,NA,1,NA,NA,NA,NA,NA,NA,1,3.136499405,NA,NA,NA,NA,NA,60,NA,NA,NA,NA,NA,NA,20,NA,NA,NA,NA,NA,6,NA,NA,NA,NA,NA,NA,13,13.23483467,65.45529938,0.431220353,51.7887764,5.075549603,11.57729912,25.25545883,0.637788713,4.424290657,96.05437469,-0.130406275,-1075.739558,-694.989323,RufousTailedHawk,15
1059,NA,NA,NA,NA,NA,NA,NA,NA,NA,NA,NA,NA,0,NA,NA,NA,NA,NA,NA,NA,NA,NA,NA,NA,NA,35,NA,NA,NA,NA,NA,NA,NA,NA,NA,NA,NA,NA,18,NA,NA,NA,NA,NA,NA,NA,NA,NA,NA,NA,NA,1,2.544547558,NA,NA,NA,NA,NA,NA,NA,NA,NA,NA,NA,NA,281,NA,NA,NA,NA,NA,NA,NA,NA,NA,NA,NA,NA,13,13.10462475,78.72467041,0.242788106,43.84565735,7.354127407,15.01618576,22.6510849,2.378041744,7.446893215,145.7371368,-0.01746935,-1060.739558,-694.989323,RufousTailedHawk,15
1060,NA,NA,NA,NA,NA,NA,NA,NA,NA,NA,NA,NA,0,NA,NA,NA,NA,NA,NA,NA,NA,NA,NA,NA,NA,86,NA,NA,NA,NA,NA,NA,NA,NA,NA,NA,NA,NA,9,NA,NA,NA,NA,NA,NA,NA,NA,NA,NA,NA,NA,1,1.852158427,NA,NA,NA,NA,NA,NA,NA,NA,NA,NA,NA,NA,262,NA,NA,NA,NA,NA,NA,NA,NA,NA,NA,NA,NA,13,12.78963852,104.7519531,0.328751653,53.22873688,6.135446548,13.35499191,14.75065041,2.215477705,8.36606884,202.0044861,-0.542149067,-1045.739558,-694.989323,RufousTailedHawk,15
1061,NA,NA,NA,NA,NA,NA,NA,NA,NA,0,NA,0,NA,NA,NA,NA,NA,NA,NA,NA,NA,NA,5,NA,240,NA,NA,NA,NA,NA,NA,NA,NA,NA,NA,6,NA,16,NA,NA,NA,NA,NA,NA,NA,NA,NA,NA,1,NA,3,NA,2.745233774,NA,NA,NA,NA,NA,NA,NA,NA,NA,318,NA,247,NA,NA,NA,NA,NA,NA,NA,NA,NA,NA,10,NA,12,NA,11.98391533,121.1504059,0.378848493,36.05936813,8.954759598,15.76522255,22.97313309,4.086128712,10.82854366,340.2709351,-0.229363576,-1030.739558,-694.989323,RufousTailedHawk,15
1062,NA,NA,NA,NA,NA,NA,NA,NA,NA,0,0,0,0,NA,NA,NA,NA,NA,NA,NA,NA,NA,20,48,120,20,NA,NA,NA,NA,NA,NA,NA,NA,NA,9,9,17,19,NA,NA,NA,NA,NA,NA,NA,NA,NA,2,1,9,2,1.709279299,NA,NA,NA,NA,NA,NA,NA,NA,NA,361,248,244,49,NA,NA,NA,NA,NA,NA,NA,NA,NA,10,11,12,13,11.66877651,136.5380402,0.29017964,28.50067329,8.755473137,17.49049377,32.79989624,2.508403778,9.311819077,411.2886658,-2.044133186,-1015.739558,-694.989323,RufousTailedHawk,15
1063,NA,NA,NA,NA,NA,NA,NA,NA,0,NA,0,0,0,NA,NA,NA,NA,NA,NA,NA,NA,120,NA,50,90,30,NA,NA,NA,NA,NA,NA,NA,NA,22,NA,9,18,8,NA,NA,NA,NA,NA,NA,NA,NA,3,NA,1,2,1,4.993038177,NA,NA,NA,NA,NA,NA,NA,NA,59,NA,292,41,283,NA,NA,NA,NA,NA,NA,NA,NA,9,NA,11,12,13,8.486558914,133.8666382,0.85734725,12.67360783,5.331251144,27.49761009,35.69999695,6.718739986,9.239882469,1125.574707,3.690855742,-1000.739558,-694.989323,RufousTailedHawk,15
1064,NA,NA,NA,NA,NA,NA,NA,NA,NA,0,0,0,0,NA,NA,NA,NA,NA,NA,NA,NA,NA,6,7,19,30,NA,NA,NA,NA,NA,NA,NA,NA,NA,19,8,18,16,NA,NA,NA,NA,NA,NA,NA,NA,NA,1,1,1,2,3.393074512,NA,NA,NA,NA,NA,NA,NA,NA,NA,45,306,22,45,NA,NA,NA,NA,NA,NA,NA,NA,NA,10,11,12,13,8.345214844,132.8016968,1.520401478,10.58118248,7.255932808,31.35759354,35.77703094,5.631535053,6.856838703,1196.056885,-1.305848002,-985.7395576,-694.989323,RufousTailedHawk,15
1065,NA,NA,NA,NA,NA,NA,NA,NA,NA,0,1,0,NA,NA,NA,NA,NA,NA,NA,NA,NA,NA,15,44,120,NA,NA,NA,NA,NA,NA,NA,NA,NA,NA,11,10,8,NA,NA,NA,NA,NA,NA,NA,NA,NA,NA,1,1,4,NA,1.940103769,NA,NA,NA,NA,NA,NA,NA,NA,NA,325,306,325,NA,NA,NA,NA,NA,NA,NA,NA,NA,NA,10,11,12,NA,7.657948971,110.7830048,4.52132082,9.599578857,7.131073475,27.40904045,21.58386421,11.63153744,16.63434601,1405.139404,-1.611715198,-970.7395576,-694.989323,RufousTailedHawk,15
1067,NA,NA,NA,NA,NA,NA,NA,NA,0,0,0,0,0,NA,NA,NA,NA,NA,NA,NA,NA,20,60,212,55,50,NA,NA,NA,NA,NA,NA,NA,NA,13,12,17,8,17,NA,NA,NA,NA,NA,NA,NA,NA,2,4,1,2,3,5.175120831,NA,NA,NA,NA,NA,NA,NA,NA,29,11,334,350,12,NA,NA,NA,NA,NA,NA,NA,NA,9,10,11,12,13,6.221182823,72.96107483,20.86965561,4.795580387,1.435205936,19.43750572,1.901734352,8.620488167,42.38703156,1847.87085,1.080133677,-940.7395576,-694.989323,RufousTailedHawk,15
1071,NA,NA,NA,NA,NA,NA,0,NA,0,0,0,0,0,NA,NA,NA,NA,NA,NA,60,NA,40,30,44,92,2,NA,NA,NA,NA,NA,NA,14,NA,13,19,10,12,6,NA,NA,NA,NA,NA,NA,8,NA,2,1,1,1,1,3.181816816,NA,NA,NA,NA,NA,NA,350,NA,267,335,334,245,50,NA,NA,NA,NA,NA,NA,7,NA,9,10,11,12,13,12.10602856,120.4546356,0.256851345,11.43838787,6.220729351,19.14925194,53.19620895,1.072241664,6.85014677,163.6192322,-1.113689065,-1150.739558,-709.989323,RufousTailedHawk,15
1073,0,NA,NA,0,1,0,0,NA,0,0,0,NA,0,120,NA,NA,45,300,180,180,NA,300,300,186,NA,95,11,NA,NA,7,12,17,15,NA,9,12,16,NA,15,1,NA,NA,1,2,2,3,NA,3,3,1,NA,1,3.259649992,37,NA,NA,319,50,9,284,NA,249,4,36,NA,25,1,NA,NA,4,5,6,7,NA,9,10,11,NA,13,7.751252174,91.87085724,0.04806035,1.972912192,1.975067854,38.09775162,55.77763367,0.042042311,2.024389505,1036.871094,2.811376095,-1120.739558,-709.989323,RufousTailedHawk,15
1074,NA,NA,NA,NA,NA,NA,NA,NA,NA,NA,NA,0,NA,NA,NA,NA,NA,NA,NA,NA,NA,NA,NA,NA,69,NA,NA,NA,NA,NA,NA,NA,NA,NA,NA,NA,NA,10,NA,NA,NA,NA,NA,NA,NA,NA,NA,NA,NA,NA,1,NA,4.488370895,NA,NA,NA,NA,NA,NA,NA,NA,NA,NA,NA,28,NA,NA,NA,NA,NA,NA,NA,NA,NA,NA,NA,NA,12,NA,8.885113716,90.18370056,0.916932344,9.387553215,7.229941368,26.96877289,45.59926987,5.418673992,4.269063473,833.803772,2.399483919,-1105.739558,-709.989323,RufousTailedHawk,15
1075,NA,NA,NA,NA,NA,NA,NA,NA,NA,NA,0,0,0,NA,NA,NA,NA,NA,NA,NA,NA,NA,NA,62,61,97,NA,NA,NA,NA,NA,NA,NA,NA,NA,NA,16,15,15,NA,NA,NA,NA,NA,NA,NA,NA,NA,NA,1,1,1,2.027234316,NA,NA,NA,NA,NA,NA,NA,NA,NA,NA,38,259,344,NA,NA,NA,NA,NA,NA,NA,NA,NA,NA,11,12,13,11.91355896,72.82823944,1.782205343,24.82901382,6.693840504,14.56572437,37.32020569,1.797789931,9.410814285,271.7555542,-0.094903067,-1090.739558,-709.989323,RufousTailedHawk,15
1076,NA,NA,NA,NA,NA,NA,NA,NA,NA,NA,NA,0,0,NA,NA,NA,NA,NA,NA,NA,NA,NA,NA,NA,60,140,NA,NA,NA,NA,NA,NA,NA,NA,NA,NA,NA,11,10,NA,NA,NA,NA,NA,NA,NA,NA,NA,NA,NA,1,2,2.719768763,NA,NA,NA,NA,NA,NA,NA,NA,NA,NA,NA,37,331,NA,NA,NA,NA,NA,NA,NA,NA,NA,NA,NA,12,13,12.74662876,73.13194275,0.144406274,29.37371445,7.162441730,13.72770882,41.58847046,0.827742398,5.971084118,132.309021,0.265540183,-1075.739558,-709.989323,RufousTailedHawk,15
1077,NA,NA,NA,NA,NA,NA,NA,NA,NA,0,NA,NA,NA,NA,NA,NA,NA,NA,NA,NA,NA,NA,2,NA,NA,NA,NA,NA,NA,NA,NA,NA,NA,NA,NA,12,NA,NA,NA,NA,NA,NA,NA,NA,NA,NA,NA,NA,1,NA,NA,NA,2.768775702,NA,NA,NA,NA,NA,NA,NA,NA,NA,304,NA,NA,NA,NA,NA,NA,NA,NA,NA,NA,NA,NA,10,NA,NA,NA,12.47401333,89.00869751,0.051532436,24.78221321,11.337835310,13.87806892,42.60546494,2.2032969,4.839510441,206.3482971,0.433362901,-1060.739558,-709.989323,RufousTailedHawk,15
1079,NA,NA,NA,NA,NA,NA,NA,NA,NA,NA,1,NA,NA,NA,NA,NA,NA,NA,NA,NA,NA,NA,NA,5,NA,NA,NA,NA,NA,NA,NA,NA,NA,NA,NA,NA,11,NA,NA,NA,NA,NA,NA,NA,NA,NA,NA,NA,NA,1,NA,NA,3.571791649,NA,NA,NA,NA,NA,NA,NA,NA,NA,NA,314,NA,NA,NA,NA,NA,NA,NA,NA,NA,NA,NA,NA,11,NA,NA,11.22932243,122.8628616,0.151639685,9.444536209,7.402767181,27.99547768,48.371418,1.900180101,4.610585213,462.564209,-0.272400081,-1030.739558,-709.989323,RufousTailedHawk,15
1081,NA,NA,NA,NA,NA,NA,NA,0,NA,NA,0,0,0,NA,NA,NA,NA,NA,NA,NA,30,NA,NA,30,180,180,NA,NA,NA,NA,NA,NA,NA,12,NA,NA,14,16,10,NA,NA,NA,NA,NA,NA,NA,2,NA,NA,1,2,1,2.206687212,NA,NA,NA,NA,NA,NA,NA,13,NA,NA,349,360,316,NA,NA,NA,NA,NA,NA,NA,8,NA,NA,11,12,13,9.724715233,161.980484,0.320643932,11.8415308,4.834466934,32.96622086,40.44026184,2.166136503,6.008836746,853.9157715,-4.980923653,-1000.739558,-709.989323,RufousTailedHawk,15
1082,NA,NA,NA,NA,NA,NA,NA,NA,NA,NA,0,NA,0,NA,NA,NA,NA,NA,NA,NA,NA,NA,NA,7,NA,16,NA,NA,NA,NA,NA,NA,NA,NA,NA,NA,7,NA,9,NA,NA,NA,NA,NA,NA,NA,NA,NA,NA,1,NA,1,5.274646759,NA,NA,NA,NA,NA,NA,NA,NA,NA,NA,306,NA,46,NA,NA,NA,NA,NA,NA,NA,NA,NA,NA,11,NA,13,7.255514622,129.3643799,4.926249027,6.74811554,6.102518082,27.58927345,34.64627457,8.818051338,8.863905907,1398.555664,0.245746508,-985.7395576,-709.989323,RufousTailedHawk,15
1083,NA,NA,NA,NA,NA,NA,NA,NA,NA,NA,NA,0,NA,NA,NA,NA,NA,NA,NA,NA,NA,NA,NA,NA,90,NA,NA,NA,NA,NA,NA,NA,NA,NA,NA,NA,NA,14,NA,NA,NA,NA,NA,NA,NA,NA,NA,NA,NA,NA,2,NA,1.877450466,NA,NA,NA,NA,NA,NA,NA,NA,NA,NA,NA,338,NA,NA,NA,NA,NA,NA,NA,NA,NA,NA,NA,NA,12,NA,6.478491306,105.9203796,6.93460989,5.740438938,7.595377445,29.28911018,19.24949455,12.40357494,17.04246712,1620.164551,1.172700405,-970.7395576,-709.989323,RufousTailedHawk,15
1084,NA,NA,NA,NA,NA,0,NA,0,0,1,0,0,0,NA,NA,NA,NA,NA,60,NA,60,120,220,18,26,60,NA,NA,NA,NA,NA,10,NA,17,18,9,11,15,11,NA,NA,NA,NA,NA,2,NA,3,2,2,1,1,2,4.827449799,NA,NA,NA,NA,NA,46,NA,362,27,25,49,361,345,NA,NA,NA,NA,NA,6,NA,8,9,10,11,12,13,4.692248344,82.39305878,23.37533569,3.608344793,2.573223829,19.26241875,2.963190317,15.1773901,27.78253937,2021.744629,3.926970005,-955.7395576,-709.989323,RufousTailedHawk,15
1085,NA,NA,NA,NA,0,NA,NA,0,NA,NA,NA,0,0,NA,NA,NA,NA,70,NA,NA,60,NA,NA,NA,90,50,NA,NA,NA,NA,19,NA,NA,17,NA,NA,NA,16,13,NA,NA,NA,NA,2,NA,NA,3,NA,NA,NA,1,3,5.686858654,NA,NA,NA,NA,13,NA,NA,363,NA,NA,NA,360,50,NA,NA,NA,NA,5,NA,NA,8,NA,NA,NA,12,13,6.258968353,76.66803741,24.83965492,3.086121798,1.089188218,18.93461227,1.838256717,6.095067978,38.72087097,1803.538086,2.161090612,-940.7395576,-709.989323,RufousTailedHawk,15
1087,0,NA,NA,NA,NA,NA,0,NA,0,NA,NA,NA,NA,30,NA,NA,NA,NA,NA,30,NA,35,NA,NA,NA,NA,20,NA,NA,NA,NA,NA,17,NA,14,NA,NA,NA,NA,2,NA,NA,NA,NA,NA,1,NA,1,NA,NA,NA,NA,3.797806501,36,NA,NA,NA,NA,NA,30,NA,308,NA,NA,NA,NA,1,NA,NA,NA,NA,NA,7,NA,9,NA,NA,NA,NA,12.5577364,126.3721848,0.750196397,30.63426399,9.353387833,13.317132,27.71110153,1.016986489,12.84395599,81.44121552,-1.141254544,-1150.739558,-724.989323,RufousTailedHawk,15
1088,NA,NA,NA,0,0,0,NA,0,0,0,0,0,NA,NA,NA,NA,135,30,30,NA,24,5,180,60,40,NA,NA,NA,NA,9,8,13,NA,9,23,7,18,18,NA,NA,NA,NA,6,5,1,NA,1,5,2,3,3,NA,4.238799572,NA,NA,NA,314,302,270,NA,365,365,38,326,23,NA,NA,NA,NA,4,5,6,NA,8,9,10,11,12,NA,10.8750124,110.4576035,0.032694798,6.147558689,3.434437990,27.38280487,54.01280975,0.330615312,3.69331193,386.763092,-0.613185108,-1135.739558,-724.989323,RufousTailedHawk,15
1089,NA,NA,NA,NA,NA,NA,NA,NA,NA,NA,NA,0,NA,NA,NA,NA,NA,NA,NA,NA,NA,NA,NA,NA,7,NA,NA,NA,NA,NA,NA,NA,NA,NA,NA,NA,NA,11,NA,NA,NA,NA,NA,NA,NA,NA,NA,NA,NA,NA,1,NA,7.451955318,NA,NA,NA,NA,NA,NA,NA,NA,NA,NA,NA,329,NA,NA,NA,NA,NA,NA,NA,NA,NA,NA,NA,NA,12,NA,9.186113358,96.21160889,1.006909132,13.69336128,3.945377111,20.15765572,49.95120621,5.990998745,5.217574596,736.5847168,0.783928275,-1120.739558,-724.989323,RufousTailedHawk,15
1090,NA,NA,NA,NA,NA,NA,NA,NA,NA,0,NA,NA,NA,NA,NA,NA,NA,NA,NA,NA,NA,NA,120,NA,NA,NA,NA,NA,NA,NA,NA,NA,NA,NA,NA,18,NA,NA,NA,NA,NA,NA,NA,NA,NA,NA,NA,NA,3,NA,NA,NA,5.088176727,NA,NA,NA,NA,NA,NA,NA,NA,NA,7,NA,NA,NA,NA,NA,NA,NA,NA,NA,NA,NA,NA,10,NA,NA,NA,10.26830864,89.05404663,3.098165751,28.4561615,6.456176758,16.54991913,22.42764473,11.61730289,11.3422842,546.5239258,0.921798587,-1105.739558,-724.989323,RufousTailedHawk,15
1091,NA,NA,NA,NA,NA,NA,NA,NA,NA,NA,0,NA,NA,NA,NA,NA,NA,NA,NA,NA,NA,NA,NA,70,NA,NA,NA,NA,NA,NA,NA,NA,NA,NA,NA,NA,18,NA,NA,NA,NA,NA,NA,NA,NA,NA,NA,NA,NA,1,NA,NA,2.958024263,NA,NA,NA,NA,NA,NA,NA,NA,NA,NA,308,NA,NA,NA,NA,NA,NA,NA,NA,NA,NA,NA,NA,11,NA,NA,11.93910122,77.54022217,1.352902055,26.65119362,7.481204033,14.77733898,31.52583885,6.733402252,10.99167156,215.9693451,-0.26109907,-1090.739558,-724.989323,RufousTailedHawk,15
1092,NA,NA,NA,NA,NA,NA,NA,NA,NA,NA,NA,NA,0,NA,NA,NA,NA,NA,NA,NA,NA,NA,NA,NA,NA,230,NA,NA,NA,NA,NA,NA,NA,NA,NA,NA,NA,NA,12,NA,NA,NA,NA,NA,NA,NA,NA,NA,NA,NA,NA,1,3.563613653,NA,NA,NA,NA,NA,NA,NA,NA,NA,NA,NA,NA,300,NA,NA,NA,NA,NA,NA,NA,NA,NA,NA,NA,NA,13,12.1524229,86.50959015,0.832630992,21.8993187,7.889692307,16.96977615,40.49749756,2.859611988,8.740576744,205.4223633,-0.361039847,-1075.739558,-724.989323,RufousTailedHawk,15
1093,NA,NA,NA,NA,NA,NA,NA,NA,NA,0,0,0,0,NA,NA,NA,NA,NA,NA,NA,NA,NA,150,120,120,119,NA,NA,NA,NA,NA,NA,NA,NA,NA,16,17,22,15,NA,NA,NA,NA,NA,NA,NA,NA,NA,1,1,2,1,1.666642666,NA,NA,NA,NA,NA,NA,NA,NA,NA,322,317,260,270,NA,NA,NA,NA,NA,NA,NA,NA,NA,10,11,12,13,11.90433216,101.5384293,0.395244032,19.24590302,8.882481575,16.16181183,44.20095825,2.849383593,6.953695297,269.2460022,-0.192566052,-1060.739558,-724.989323,RufousTailedHawk,15
1098,NA,NA,NA,NA,NA,NA,NA,NA,NA,NA,NA,NA,0,NA,NA,NA,NA,NA,NA,NA,NA,NA,NA,NA,NA,120,NA,NA,NA,NA,NA,NA,NA,NA,NA,NA,NA,NA,19,NA,NA,NA,NA,NA,NA,NA,NA,NA,NA,NA,NA,2,3.719633102,NA,NA,NA,NA,NA,NA,NA,NA,NA,NA,NA,NA,353,NA,NA,NA,NA,NA,NA,NA,NA,NA,NA,NA,NA,13,7.569625378,146.8964386,3.674945354,5.376376629,3.140510082,34.36803055,34.01731873,5.457189083,8.53513813,1329.911133,2.880846024,-985.7395576,-724.989323,RufousTailedHawk,15
1099,0,NA,NA,NA,NA,NA,NA,NA,NA,NA,NA,0,NA,5,NA,NA,NA,NA,NA,NA,NA,NA,NA,NA,60,NA,18,NA,NA,NA,NA,NA,NA,NA,NA,NA,NA,8,NA,1,NA,NA,NA,NA,NA,NA,NA,NA,NA,NA,1,NA,2.79945612,324,NA,NA,NA,NA,NA,NA,NA,NA,NA,NA,36,NA,1,NA,NA,NA,NA,NA,NA,NA,NA,NA,NA,12,NA,7.890984058,128.242691,2.862662792,6.793182373,9.496608734,31.22606659,23.58787918,11.59012413,13.67678642,1332.687134,-4.818678856,-970.7395576,-724.989323,RufousTailedHawk,15
1101,NA,NA,NA,NA,NA,NA,NA,NA,NA,NA,NA,NA,0,NA,NA,NA,NA,NA,NA,NA,NA,NA,NA,NA,NA,35,NA,NA,NA,NA,NA,NA,NA,NA,NA,NA,NA,NA,15,NA,NA,NA,NA,NA,NA,NA,NA,NA,NA,NA,NA,2,19.39783859,NA,NA,NA,NA,NA,NA,NA,NA,NA,NA,NA,NA,2,NA,NA,NA,NA,NA,NA,NA,NA,NA,NA,NA,NA,13,5.646665096,77.83598328,21.49787521,6.456610203,2.974155426,19.91180229,1.513208747,13.62694168,32.31595993,1880.169678,0.365555346,-940.7395576,-724.989323,RufousTailedHawk,15
1105,NA,NA,0,0,0,0,NA,NA,0,0,0,0,0,NA,NA,20,180,120,40,NA,NA,180,139,30,112,205,NA,NA,9,16,9,11,NA,NA,13,12,9,16,10,NA,NA,1,1,5,1,NA,NA,1,1,1,3,1,2.877368927,NA,NA,26,8,302,270,NA,NA,54,59,305,23,54,NA,NA,3,4,5,6,NA,NA,9,10,11,12,13,11.3238554,116.7453537,0.025919341,7.303182602,5.565956593,28.12015724,51.96896744,0.187172011,2.645542622,286.3960571,-1.487223148,-1135.739558,-739.989323,RufousTailedHawk,15
1106,NA,NA,NA,NA,NA,NA,NA,NA,NA,0,0,0,NA,NA,NA,NA,NA,NA,NA,NA,NA,NA,180,50,4,NA,NA,NA,NA,NA,NA,NA,NA,NA,NA,16,18,7,NA,NA,NA,NA,NA,NA,NA,NA,NA,NA,1,2,1,NA,2.83406353,NA,NA,NA,NA,NA,NA,NA,NA,NA,263,344,282,NA,NA,NA,NA,NA,NA,NA,NA,NA,NA,10,11,12,NA,11.12486076,98.94154358,0.40464139,21.71339035,5.003076553,15.97723675,49.20671082,2.135181665,4.989673138,312.3987732,-0.705629945,-1120.739558,-739.989323,RufousTailedHawk,15
1107,NA,NA,NA,NA,NA,NA,NA,0,NA,NA,0,0,0,NA,NA,NA,NA,NA,NA,NA,30,NA,NA,120,54,42,NA,NA,NA,NA,NA,NA,NA,8,NA,NA,18,17,11,NA,NA,NA,NA,NA,NA,NA,1,NA,NA,1,3,2,2.715907812,NA,NA,NA,NA,NA,NA,NA,331,NA,NA,314,247,315,NA,NA,NA,NA,NA,NA,NA,8,NA,NA,11,12,13,12.24285698,81.16915894,2.276629686,49.79455948,2.809781313,8.543502808,13.71229839,9.80156517,12.70637321,122.1303864,-1.698143601,-1105.739558,-739.989323,RufousTailedHawk,15
1110,NA,NA,NA,NA,NA,0,NA,NA,NA,0,NA,NA,0,NA,NA,NA,NA,NA,60,NA,NA,NA,30,NA,NA,2,NA,NA,NA,NA,NA,7,NA,NA,NA,10,NA,NA,6,NA,NA,NA,NA,NA,3,NA,NA,NA,1,NA,NA,1,1.691738367,NA,NA,NA,NA,NA,349,NA,NA,NA,333,NA,NA,330,NA,NA,NA,NA,NA,6,NA,NA,NA,10,NA,NA,13,11.35363865,112.7338333,1.050714612,33.05484009,6.969817162,17.84149933,26.80905914,4.412756443,9.349051476,336.9825134,-0.260857522,-1060.739558,-739.989323,RufousTailedHawk,15
1112,NA,NA,NA,NA,NA,NA,NA,NA,NA,NA,0,NA,NA,NA,NA,NA,NA,NA,NA,NA,NA,NA,NA,40,NA,NA,NA,NA,NA,NA,NA,NA,NA,NA,NA,NA,9,NA,NA,NA,NA,NA,NA,NA,NA,NA,NA,NA,NA,1,NA,NA,2.25249052,NA,NA,NA,NA,NA,NA,NA,NA,NA,NA,291,NA,NA,NA,NA,NA,NA,NA,NA,NA,NA,NA,NA,11,NA,NA,10.12396812,152.9799347,0.070140362,3.197674036,8.010703087,40.0066452,45.19455338,1.161852241,2.187651873,643.9550171,1.890066624,-1030.739558,-739.989323,RufousTailedHawk,15
1114,NA,NA,NA,NA,NA,NA,NA,NA,NA,NA,NA,NA,0,NA,NA,NA,NA,NA,NA,NA,NA,NA,NA,NA,NA,30,NA,NA,NA,NA,NA,NA,NA,NA,NA,NA,NA,NA,17,NA,NA,NA,NA,NA,NA,NA,NA,NA,NA,NA,NA,2,9.500720978,NA,NA,NA,NA,NA,NA,NA,NA,NA,NA,NA,NA,53,NA,NA,NA,NA,NA,NA,NA,NA,NA,NA,NA,NA,13,7.842854977,161.0491028,0.654528141,6.283701897,5.197649956,38.34345627,39.25539398,3.018243313,6.506948948,1234.691528,1.468368649,-1000.739558,-739.989323,RufousTailedHawk,15
1119,NA,NA,NA,NA,NA,NA,NA,NA,NA,NA,NA,0,NA,NA,NA,NA,NA,NA,NA,NA,NA,NA,NA,NA,92,NA,NA,NA,NA,NA,NA,NA,NA,NA,NA,NA,NA,18,NA,NA,NA,NA,NA,NA,NA,NA,NA,NA,NA,NA,2,NA,17.84965515,NA,NA,NA,NA,NA,NA,NA,NA,NA,NA,NA,8,NA,NA,NA,NA,NA,NA,NA,NA,NA,NA,NA,NA,12,NA,6.446166039,68.49263,15.21452904,2.387906075,0.161916882,13.08045769,0.74052304,6.432833672,61.60320663,1769.28894,4.394340515,-925.7395576,-739.989323,RufousTailedHawk,15
1121,NA,NA,NA,NA,NA,NA,NA,NA,0,0,NA,NA,0,NA,NA,NA,NA,NA,NA,NA,NA,120,60,NA,NA,50,NA,NA,NA,NA,NA,NA,NA,NA,16,8,NA,NA,9,NA,NA,NA,NA,NA,NA,NA,NA,1,1,NA,NA,1,2.681225538,NA,NA,NA,NA,NA,NA,NA,NA,44,58,NA,NA,30,NA,NA,NA,NA,NA,NA,NA,NA,9,10,NA,NA,13,11.46263027,113.3214722,0,7.055001259,6.402430534,28.06261635,43.98005295,0.28666988,2.445723772,266.0270996,-0.242691115,-1135.739558,-754.989323,RufousTailedHawk,15
1123,NA,NA,NA,NA,NA,NA,NA,0,NA,NA,0,0,NA,NA,NA,NA,NA,NA,NA,NA,5,NA,NA,60,8,NA,NA,NA,NA,NA,NA,NA,NA,13,NA,NA,16,17,NA,NA,NA,NA,NA,NA,NA,NA,2,NA,NA,2,1,NA,2.111408234,NA,NA,NA,NA,NA,NA,NA,345,NA,NA,366,297,NA,NA,NA,NA,NA,NA,NA,NA,8,NA,NA,11,12,NA,11.81953335,85.57202911,2.281464815,24.81094551,7.345796585,14.15788174,30.0740757,7.843492031,12.27449512,191.5250549,-0.643778801,-1105.739558,-754.989323,RufousTailedHawk,15
1124,NA,NA,NA,NA,NA,NA,NA,0,NA,0,NA,NA,0,NA,NA,NA,NA,NA,NA,NA,90,NA,300,NA,NA,15,NA,NA,NA,NA,NA,NA,NA,12,NA,13,NA,NA,20,NA,NA,NA,NA,NA,NA,NA,1,NA,1,NA,NA,1,1.506464124,NA,NA,NA,NA,NA,NA,NA,301,NA,13,NA,NA,1,NA,NA,NA,NA,NA,NA,NA,8,NA,10,NA,NA,13,11.81934357,89.4750061,0.689675391,49.51634979,5.434012413,13.89885044,14.44024944,5.910952091,9.944610596,223.3712311,0.282791406,-1090.739558,-754.989323,RufousTailedHawk,15
1125,NA,NA,NA,NA,NA,NA,NA,NA,NA,NA,NA,0,NA,NA,NA,NA,NA,NA,NA,NA,NA,NA,NA,NA,80,NA,NA,NA,NA,NA,NA,NA,NA,NA,NA,NA,NA,16,NA,NA,NA,NA,NA,NA,NA,NA,NA,NA,NA,NA,2,NA,2.726272106,NA,NA,NA,NA,NA,NA,NA,NA,NA,NA,NA,38,NA,NA,NA,NA,NA,NA,NA,NA,NA,NA,NA,NA,12,NA,11.50497437,104.659523,0.126721963,33.61635208,5.043011665,19.9834919,31.44812965,1.975592852,7.613111973,279.8651123,0.172936589,-1075.739558,-754.989323,RufousTailedHawk,15
1126,0,NA,NA,NA,NA,NA,0,0,0,0,0,0,0,69,NA,NA,NA,NA,NA,20,120,3,12,42,20,8,0,NA,NA,NA,NA,NA,18,18,18,20,10,10,14,1,NA,NA,NA,NA,NA,1,2,1,1,1,1,1,2.797619343,10,NA,NA,NA,NA,NA,5,261,253,329,322,362,251,1,NA,NA,NA,NA,NA,7,8,9,10,11,12,13,11.09011269,122.0893097,0.421634495,49.29909134,3.888715982,16.36770439,18.64235687,2.814510584,7.575866699,339.2123108,0.289149731,-1060.739558,-754.989323,RufousTailedHawk,15
1127,NA,NA,NA,NA,NA,NA,NA,0,0,NA,NA,0,NA,NA,NA,NA,NA,NA,NA,NA,10,149,NA,NA,5,NA,NA,NA,NA,NA,NA,NA,NA,19,17,NA,NA,17,NA,NA,NA,NA,NA,NA,NA,NA,2,1,NA,NA,2,NA,2.163015842,NA,NA,NA,NA,NA,NA,NA,288,272,NA,NA,58,NA,NA,NA,NA,NA,NA,NA,NA,8,9,NA,NA,12,NA,10.68934822,136.3123627,0.225782827,38.23470306,7.649268627,25.9945488,20.05217934,2.529702902,5.010436535,444.1805725,0.01767838,-1045.739558,-754.989323,RufousTailedHawk,15
1129,NA,0,0,0,0,0,0,0,0,0,0,NA,0,NA,120,20,20,240,60,150,54,240,120,240,NA,270,NA,13,21,21,13,21,7,15,8,11,14,NA,14,NA,3,2,2,2,1,2,3,1,1,2,NA,4,2.61217308,NA,302,38,321,285,316,303,315,288,47,25,NA,296,NA,2,3,4,5,6,7,8,9,10,11,NA,13,8.441596985,173.0352936,0.138802409,4.248549938,5.508345127,37.80999374,43.7417717,1.806090236,6.090367317,1054.642822,-1.945719957,-1015.739558,-754.989323,RufousTailedHawk,15
1130,NA,NA,0,NA,NA,NA,NA,1,0,NA,0,NA,NA,NA,NA,45,NA,NA,NA,NA,9,120,NA,150,NA,NA,NA,NA,13,NA,NA,NA,NA,10,11,NA,10,NA,NA,NA,NA,2,NA,NA,NA,NA,3,1,NA,2,NA,NA,3.152311563,NA,NA,38,NA,NA,NA,NA,44,12,NA,25,NA,NA,NA,NA,3,NA,NA,NA,NA,8,9,NA,11,NA,NA,7.10596323,155.276825,1.449624777,7.754922867,4.558076859,34.19485474,38.60214996,5.197464943,6.709984779,1365.448975,-1.13881588,-1000.739558,-754.989323,RufousTailedHawk,15
1131,NA,NA,NA,NA,NA,NA,NA,0,NA,NA,NA,NA,NA,NA,NA,NA,NA,NA,NA,NA,10,NA,NA,NA,NA,NA,NA,NA,NA,NA,NA,NA,NA,11,NA,NA,NA,NA,NA,NA,NA,NA,NA,NA,NA,NA,2,NA,NA,NA,NA,NA,3.3649261,NA,NA,NA,NA,NA,NA,NA,363,NA,NA,NA,NA,NA,NA,NA,NA,NA,NA,NA,NA,8,NA,NA,NA,NA,NA,7.71059227,154.989624,1.479876161,5.263353825,5.064486504,35.8779335,38.14789963,6.202843189,5.178638458,1283.200073,-2.007176638,-985.7395576,-754.989323,RufousTailedHawk,15
1136,0,NA,NA,NA,NA,NA,NA,0,NA,0,0,NA,0,15,NA,NA,NA,NA,NA,NA,30,NA,20,63,NA,55,11,NA,NA,NA,NA,NA,NA,15,NA,13,15,NA,10,1,NA,NA,NA,NA,NA,NA,2,NA,1,1,NA,1,1.409687042,325,NA,NA,NA,NA,NA,NA,59,NA,37,39,NA,43,1,NA,NA,NA,NA,NA,NA,8,NA,10,11,NA,13,12.06065655,112.7706528,0.860727787,6.421233177,4.635289192,20.66431999,32.10385132,2.312587261,6.884396076,130.6196136,0.218858868,-1150.739558,-769.989323,RufousTailedHawk,15
1138,NA,NA,NA,NA,NA,NA,NA,0,NA,NA,NA,NA,NA,NA,NA,NA,NA,NA,NA,NA,17,NA,NA,NA,NA,NA,NA,NA,NA,NA,NA,NA,NA,16,NA,NA,NA,NA,NA,NA,NA,NA,NA,NA,NA,NA,2,NA,NA,NA,NA,NA,2.824627876,NA,NA,NA,NA,NA,NA,NA,345,NA,NA,NA,NA,NA,NA,NA,NA,NA,NA,NA,NA,8,NA,NA,NA,NA,NA,10.51016521,98.33712006,0.09482035,3.991912603,4.934534550,19.10284042,69.37007141,0.507989943,1.644418716,423.1482849,-0.421700448,-1120.739558,-769.989323,RufousTailedHawk,15
1139,NA,NA,NA,NA,NA,NA,NA,0,NA,NA,0,NA,NA,NA,NA,NA,NA,NA,NA,NA,30,NA,NA,56,NA,NA,NA,NA,NA,NA,NA,NA,NA,14,NA,NA,19,NA,NA,NA,NA,NA,NA,NA,NA,NA,4,NA,NA,1,NA,NA,5.81560421,NA,NA,NA,NA,NA,NA,NA,346,NA,NA,40,NA,NA,NA,NA,NA,NA,NA,NA,NA,8,NA,NA,11,NA,NA,11.33179379,86.51376343,1.359244823,15.20679474,9.970875740,14.64295483,45.43569183,4.117949009,8.874288559,282.6775818,0.198935911,-1105.739558,-769.989323,RufousTailedHawk,15
1140,0,NA,NA,NA,0,NA,NA,NA,0,NA,NA,0,0,120,NA,NA,NA,120,NA,NA,NA,71,NA,NA,20,16,19,NA,NA,NA,9,NA,NA,NA,9,NA,NA,14,15,2,NA,NA,NA,4,NA,NA,NA,1,NA,NA,1,1,3.153740406,17,NA,NA,NA,38,NA,NA,NA,358,NA,NA,295,359,1,NA,NA,NA,5,NA,NA,NA,9,NA,NA,12,13,11.71711063,90.50217438,2.338260889,29.48822403,9.287757874,18.54182053,23.15945053,5.22903347,11.73301315,238.7401123,0.292333961,-1090.739558,-769.989323,RufousTailedHawk,15
1141,NA,NA,NA,NA,NA,NA,0,NA,NA,NA,NA,NA,0,NA,NA,NA,NA,NA,NA,60,NA,NA,NA,NA,NA,9,NA,NA,NA,NA,NA,NA,12,NA,NA,NA,NA,NA,18,NA,NA,NA,NA,NA,NA,1,NA,NA,NA,NA,NA,1,2.165762901,NA,NA,NA,NA,NA,NA,303,NA,NA,NA,NA,NA,281,NA,NA,NA,NA,NA,NA,7,NA,NA,NA,NA,NA,13,11.63476467,107.9918137,0.155367538,56.31099319,4.250562191,16.80028725,11.0221138,1.734944344,9.509346962,246.1619873,-0.204704151,-1075.739558,-769.989323,RufousTailedHawk,15
1142,NA,NA,NA,NA,NA,NA,0,NA,0,NA,NA,0,0,NA,NA,NA,NA,NA,NA,1,NA,14,NA,NA,5,5,NA,NA,NA,NA,NA,NA,13,NA,11,NA,NA,10,19,NA,NA,NA,NA,NA,NA,3,NA,1,NA,NA,1,1,1.845176697,NA,NA,NA,NA,NA,NA,305,NA,28,NA,NA,341,298,NA,NA,NA,NA,NA,NA,7,NA,9,NA,NA,12,13,11.24531078,126.20401,0.653886378,70.05741119,1.931748033,15.13041592,2.663346767,0.485531986,8.973267555,300.9004211,-0.037021592,-1060.739558,-769.989323,RufousTailedHawk,15
1143,NA,NA,NA,NA,0,NA,0,NA,NA,NA,0,NA,0,NA,NA,NA,NA,120,NA,15,NA,NA,NA,15,NA,120,NA,NA,NA,NA,16,NA,7,NA,NA,NA,11,NA,10,NA,NA,NA,NA,1,NA,2,NA,NA,NA,2,NA,2,5.85457325,NA,NA,NA,NA,326,NA,42,NA,NA,NA,346,NA,21,NA,NA,NA,NA,5,NA,7,NA,NA,NA,11,NA,13,10.80537605,140.3779755,1.60019958,44.77110291,3.456589699,27.25311661,13.86140537,1.744362235,7.327347755,403.4916687,0.130393967,-1045.739558,-769.989323,RufousTailedHawk,15
1144,NA,NA,NA,NA,NA,NA,NA,0,NA,NA,NA,NA,NA,NA,NA,NA,NA,NA,NA,NA,60,NA,NA,NA,NA,NA,NA,NA,NA,NA,NA,NA,NA,12,NA,NA,NA,NA,NA,NA,NA,NA,NA,NA,NA,NA,1,NA,NA,NA,NA,NA,4.305223942,NA,NA,NA,NA,NA,NA,NA,314,NA,NA,NA,NA,NA,NA,NA,NA,NA,NA,NA,NA,8,NA,NA,NA,NA,NA,10.2679224,165.4757843,0.065646112,30.96005249,6.480418205,29.77635574,27.67117691,2.963652611,2.130803347,559.807373,0.276974469,-1030.739558,-769.989323,RufousTailedHawk,15
1145,NA,NA,NA,NA,NA,NA,NA,NA,NA,NA,NA,0,0,NA,NA,NA,NA,NA,NA,NA,NA,NA,NA,NA,45,240,NA,NA,NA,NA,NA,NA,NA,NA,NA,NA,NA,19,17,NA,NA,NA,NA,NA,NA,NA,NA,NA,NA,NA,2,1,1.920103908,NA,NA,NA,NA,NA,NA,NA,NA,NA,NA,NA,51,281,NA,NA,NA,NA,NA,NA,NA,NA,NA,NA,NA,12,13,9.441973686,187.7249756,0.607123554,15.02746296,6.203873158,36.2621994,38.90327072,1.915884972,1.075500846,811.0098877,-0.774248004,-1015.739558,-769.989323,RufousTailedHawk,15
1146,NA,NA,NA,NA,NA,NA,NA,0,0,NA,0,0,NA,NA,NA,NA,NA,NA,NA,NA,4,44,NA,70,180,NA,NA,NA,NA,NA,NA,NA,NA,10,6,NA,17,7,NA,NA,NA,NA,NA,NA,NA,NA,2,2,NA,1,3,NA,5.826892853,NA,NA,NA,NA,NA,NA,NA,261,335,NA,59,284,NA,NA,NA,NA,NA,NA,NA,NA,8,9,NA,11,12,NA,7.121500015,158.8683167,3.901072979,6.204366684,6.857918262,35.31224823,33.07369995,3.559147835,8.71544838,1363.535522,1.69328022,-1000.739558,-769.989323,RufousTailedHawk,15
1147,NA,NA,NA,NA,NA,NA,0,0,0,0,0,0,0,NA,NA,NA,NA,NA,NA,25,15,46,60,7,20,30,NA,NA,NA,NA,NA,NA,14,16,11,17,14,18,11,NA,NA,NA,NA,NA,NA,4,2,2,3,1,2,1,3.054143429,NA,NA,NA,NA,NA,NA,277,363,335,321,52,365,274,NA,NA,NA,NA,NA,NA,7,8,9,10,11,12,13,6.011058807,129.8354187,9.749972343,2.353228092,3.105285645,33.7908783,13.70430088,9.641427994,17.30948448,1639.095947,1.276804328,-985.7395576,-769.989323,RufousTailedHawk,15
1148,NA,NA,NA,NA,NA,0,0,0,0,0,0,0,0,NA,NA,NA,NA,NA,120,120,90,60,230,54,5,13,NA,NA,NA,NA,NA,12,18,19,18,11,11,13,10,NA,NA,NA,NA,NA,1,4,2,3,2,1,1,1,3.171717167,NA,NA,NA,NA,NA,283,300,324,297,321,345,248,281,NA,NA,NA,NA,NA,6,7,8,9,10,11,12,13,7.683417797,137.0641632,3.309636354,5.069836617,8.236230850,34.42766571,24.85346985,8.652132988,13.93830585,1346.223633,1.884190798,-970.7395576,-769.989323,RufousTailedHawk,15
1149,NA,NA,NA,NA,NA,0,NA,NA,NA,NA,NA,NA,0,NA,NA,NA,NA,NA,7,NA,NA,NA,NA,NA,NA,2,NA,NA,NA,NA,NA,10,NA,NA,NA,NA,NA,NA,13,NA,NA,NA,NA,NA,2,NA,NA,NA,NA,NA,NA,1,6.327115536,NA,NA,NA,NA,NA,297,NA,NA,NA,NA,NA,NA,297,NA,NA,NA,NA,NA,6,NA,NA,NA,NA,NA,NA,13,8.32645607,122.0329971,8.65084362,5.106900692,9.078369141,25.35027122,10.61772346,11.60104561,28.32143593,1279.503784,-3.269219637,-955.7395576,-769.989323,RufousTailedHawk,15
1153,0,NA,NA,NA,0,0,0,0,0,NA,NA,0,0,140,NA,NA,NA,300,210,120,60,60,NA,NA,270,9,11,NA,NA,NA,14,10,15,23,9,NA,NA,15,12,2,NA,NA,NA,5,2,10,1,1,NA,NA,1,1,7.593188286,39,NA,NA,NA,302,281,302,342,55,NA,NA,25,49,1,NA,NA,NA,5,6,7,8,9,NA,NA,12,13,11.74958706,108.5746994,0.690719008,12.23166084,6.938735962,12.90622425,30.62914276,3.617475748,6.39357996,173.4756317,-2.019390106,-1195.739558,-784.989323,RufousTailedHawk,15
1154,NA,NA,NA,NA,NA,0,0,0,0,NA,NA,NA,0,NA,NA,NA,NA,NA,120,4,3,4,NA,NA,NA,32,NA,NA,NA,NA,NA,17,10,16,12,NA,NA,NA,16,NA,NA,NA,NA,NA,1,1,1,2,NA,NA,NA,1,7.593188286,NA,NA,NA,NA,NA,307,33,267,246,NA,NA,NA,48,NA,NA,NA,NA,NA,6,7,8,9,NA,NA,NA,13,11.74958706,108.5746994,0.690719008,12.23166084,6.938735962,12.90622425,30.62914276,3.617475748,6.39357996,173.4756317,-2.019390106,-1180.739558,-784.989323,RufousTailedHawk,15
1155,NA,NA,0,NA,NA,0,0,0,0,0,0,0,0,NA,NA,90,NA,NA,30,30,60,10,20,30,53,64,NA,NA,15,NA,NA,16,10,13,20,14,14,7,13,NA,NA,3,NA,NA,2,1,2,1,2,1,1,1,7.593188286,NA,NA,266,NA,NA,285,44,59,48,261,31,330,43,NA,NA,3,NA,NA,6,7,8,9,10,11,12,13,11.74958706,108.5746994,0.690719008,12.23166084,6.938735962,12.90622425,30.62914276,3.617475748,6.39357996,173.4756317,-2.019390106,-1150.739558,-784.989323,RufousTailedHawk,15
1157,NA,NA,NA,NA,NA,NA,NA,0,NA,NA,NA,NA,NA,NA,NA,NA,NA,NA,NA,NA,11,NA,NA,NA,NA,NA,NA,NA,NA,NA,NA,NA,NA,11,NA,NA,NA,NA,NA,NA,NA,NA,NA,NA,NA,NA,4,NA,NA,NA,NA,NA,2.666267872,NA,NA,NA,NA,NA,NA,NA,347,NA,NA,NA,NA,NA,NA,NA,NA,NA,NA,NA,NA,8,NA,NA,NA,NA,NA,10.2201643,100.677681,0,2.282544613,4.815340996,30.32014656,59.65160751,1.191237688,1.573181987,474.6747131,0.596869051,-1120.739558,-784.989323,RufousTailedHawk,15
1159,NA,NA,NA,NA,NA,NA,NA,NA,NA,NA,NA,0,0,NA,NA,NA,NA,NA,NA,NA,NA,NA,NA,NA,60,39,NA,NA,NA,NA,NA,NA,NA,NA,NA,NA,NA,15,18,NA,NA,NA,NA,NA,NA,NA,NA,NA,NA,NA,1,2,2.329077244,NA,NA,NA,NA,NA,NA,NA,NA,NA,NA,NA,309,16,NA,NA,NA,NA,NA,NA,NA,NA,NA,NA,NA,12,13,12.02544117,87.50424194,1.326809406,36.10350418,10.157994270,18.88405037,16.37112427,2.497315168,14.13645172,153.4875183,-0.295358211,-1090.739558,-784.989323,RufousTailedHawk,15
1161,NA,NA,NA,NA,NA,NA,NA,0,NA,0,NA,0,0,NA,NA,NA,NA,NA,NA,NA,63,NA,1,NA,79,3,NA,NA,NA,NA,NA,NA,NA,14,NA,13,NA,19,6,NA,NA,NA,NA,NA,NA,NA,1,NA,1,NA,1,1,2.379419088,NA,NA,NA,NA,NA,NA,NA,304,NA,304,NA,23,351,NA,NA,NA,NA,NA,NA,NA,8,NA,10,NA,12,13,11.37648487,130.6289978,0.609912217,55.02209091,5.639523983,21.03053093,3.74813962,0.732845843,13.19032669,263.7635498,0.0167375,-1060.739558,-784.989323,RufousTailedHawk,15
1162,NA,NA,NA,NA,NA,NA,0,NA,NA,NA,NA,NA,NA,NA,NA,NA,NA,NA,NA,10,NA,NA,NA,NA,NA,NA,NA,NA,NA,NA,NA,NA,12,NA,NA,NA,NA,NA,NA,NA,NA,NA,NA,NA,NA,4,NA,NA,NA,NA,NA,NA,3.536649704,NA,NA,NA,NA,NA,NA,277,NA,NA,NA,NA,NA,NA,NA,NA,NA,NA,NA,NA,7,NA,NA,NA,NA,NA,NA,11.12690258,149.7712555,0.966991425,56.94274521,5.184334278,19.56312752,11.71460915,0.780355394,4.81827116,325.1441956,-0.041600067,-1045.739558,-784.989323,RufousTailedHawk,15
1163,NA,NA,NA,0,NA,NA,NA,NA,NA,NA,0,0,0,NA,NA,NA,5,NA,NA,NA,NA,NA,NA,15,180,25,NA,NA,NA,8,NA,NA,NA,NA,NA,NA,18,9,10,NA,NA,NA,2,NA,NA,NA,NA,NA,NA,1,1,1,3.599671602,NA,NA,NA,307,NA,NA,NA,NA,NA,NA,249,304,6,NA,NA,NA,4,NA,NA,NA,NA,NA,NA,11,12,13,10.60952282,169.7709198,0.405978113,40.40461731,4.353609562,26.39558601,25.77671051,1.269420505,1.384974122,465.3634338,-0.402558595,-1030.739558,-784.989323,RufousTailedHawk,15
1164,NA,NA,NA,NA,0,NA,0,0,0,0,0,0,0,NA,NA,NA,NA,120,NA,79,24,152,20,32,18,20,NA,NA,NA,NA,17,NA,11,11,10,9,13,10,16,NA,NA,NA,NA,2,NA,1,1,4,1,1,1,1,2.6782794,NA,NA,NA,NA,51,NA,45,360,315,336,350,341,244,NA,NA,NA,NA,5,NA,7,8,9,10,11,12,13,9.850282669,187.9003448,0.399406552,27.24835396,4.755957127,31.12923622,32.17139053,2.028460503,2.295024395,694.5494385,-0.928832531,-1015.739558,-784.989323,RufousTailedHawk,15
1165,0,NA,NA,NA,NA,NA,0,0,0,0,0,0,0,50,NA,NA,NA,NA,NA,120,90,11,75,25,32,40,16,NA,NA,NA,NA,NA,11,16,11,15,12,15,12,2,NA,NA,NA,NA,NA,1,1,1,1,1,1,1,3.216386557,43,NA,NA,NA,NA,NA,315,10,45,353,287,269,288,1,NA,NA,NA,NA,NA,7,8,9,10,11,12,13,8.892206192,184.1744995,1.113128543,14.48514843,4.690407276,34.87025452,35.75231552,1.511345267,7.114566803,972.6101685,-3.538087368,-1000.739558,-784.989323,RufousTailedHawk,15
1166,NA,NA,NA,NA,0,0,0,1,0,0,0,0,0,NA,NA,NA,NA,40,120,120,45,30,180,60,20,10,NA,NA,NA,NA,10,18,11,20,11,14,13,17,4,NA,NA,NA,NA,1,2,5,1,1,4,1,1,1,4.677318573,NA,NA,NA,NA,346,283,276,10,26,359,10,365,245,NA,NA,NA,NA,5,6,7,8,9,10,11,12,13,7.266284943,151.9965363,2.676603794,7.51909256,4.823379993,37.75378036,34.15306854,4.068426132,8.487598419,1346.044312,-0.259155601,-985.7395576,-784.989323,RufousTailedHawk,15
1167,0,NA,NA,0,NA,0,0,1,0,0,NA,0,0,16,NA,NA,10,NA,15,45,37,15,15,NA,20,2,10,NA,NA,10,NA,10,15,14,16,17,NA,10,11,1,NA,NA,1,NA,2,6,3,1,2,NA,4,1,3.185506821,322,NA,NA,307,NA,297,336,43,293,335,NA,303,281,1,NA,NA,4,NA,6,7,8,9,10,NA,12,13,7.52886343,136.3318481,3.579607487,8.461993217,8.883085251,32.53014755,25.36223602,10.65942001,9.767079353,1339.36499,-1.637301922,-970.7395576,-784.989323,RufousTailedHawk,15
1168,NA,NA,NA,NA,NA,0,NA,NA,0,NA,0,NA,NA,NA,NA,NA,NA,NA,20,NA,NA,1,NA,121,NA,NA,NA,NA,NA,NA,NA,8,NA,NA,12,NA,14,NA,NA,NA,NA,NA,NA,NA,1,NA,NA,4,NA,4,NA,NA,3.408151627,NA,NA,NA,NA,NA,297,NA,NA,268,NA,21,NA,NA,NA,NA,NA,NA,NA,6,NA,NA,9,NA,11,NA,NA,8.665109634,121.7830734,9.46022892,5.034425259,10.996603010,24.25999451,6.160183907,12.61954498,30.08763123,1192.028198,-1.767227888,-955.7395576,-784.989323,RufousTailedHawk,15
1169,NA,NA,NA,NA,NA,NA,0,NA,NA,0,0,0,NA,NA,NA,NA,NA,NA,NA,20,NA,NA,200,4,144,NA,NA,NA,NA,NA,NA,NA,10,NA,NA,10,16,16,NA,NA,NA,NA,NA,NA,NA,3,NA,NA,1,1,1,NA,8.936284065,NA,NA,NA,NA,NA,NA,304,NA,NA,307,319,41,NA,NA,NA,NA,NA,NA,NA,7,NA,NA,10,11,12,NA,6.509362698,86.0499115,11.48514175,3.47810626,8.292218208,20.39595413,6.18520546,9.812450409,39.69182205,1645.292358,0.332428306,-940.7395576,-784.989323,RufousTailedHawk,15
1170,NA,NA,NA,NA,NA,NA,0,NA,NA,NA,NA,NA,0,NA,NA,NA,NA,NA,NA,60,NA,NA,NA,NA,NA,13,NA,NA,NA,NA,NA,NA,14,NA,NA,NA,NA,NA,15,NA,NA,NA,NA,NA,NA,1,NA,NA,NA,NA,NA,1,9.834573746,NA,NA,NA,NA,NA,NA,2,NA,NA,NA,NA,NA,316,NA,NA,NA,NA,NA,NA,7,NA,NA,NA,NA,NA,13,5.446414471,68.06890869,19.35805511,2.428496361,2.877434015,17.46938515,1.893161654,10.0424242,44.98287582,1884.544434,2.484719276,-925.7395576,-784.989323,RufousTailedHawk,15
1172,NA,0,NA,NA,NA,NA,NA,NA,NA,NA,NA,NA,NA,NA,150,NA,NA,NA,NA,NA,NA,NA,NA,NA,NA,NA,NA,19,NA,NA,NA,NA,NA,NA,NA,NA,NA,NA,NA,NA,2,NA,NA,NA,NA,NA,NA,NA,NA,NA,NA,NA,4.166558266,NA,39,NA,NA,NA,NA,NA,NA,NA,NA,NA,NA,NA,NA,2,NA,NA,NA,NA,NA,NA,NA,NA,NA,NA,NA,11.38312531,110.9570923,0.231823206,6.245779037,4.926249027,22.16209984,30.26580048,3.091297865,3.931444883,227.2177429,0.199895501,-1150.739558,-799.989323,RufousTailedHawk,15
1173,NA,NA,NA,NA,NA,NA,NA,0,NA,NA,NA,NA,NA,NA,NA,NA,NA,NA,NA,NA,30,NA,NA,NA,NA,NA,NA,NA,NA,NA,NA,NA,NA,9,NA,NA,NA,NA,NA,NA,NA,NA,NA,NA,NA,NA,1,NA,NA,NA,NA,NA,9.132541656,NA,NA,NA,NA,NA,NA,NA,349,NA,NA,NA,NA,NA,NA,NA,NA,NA,NA,NA,NA,8,NA,NA,NA,NA,NA,9.850623131,114.0748978,0.130115688,5.765419483,5.939125538,28.98997307,55.76172638,0.847462296,2.258560181,545.1908569,1.323464036,-1135.739558,-799.989323,RufousTailedHawk,15
1174,NA,NA,NA,NA,NA,NA,NA,0,NA,NA,NA,NA,NA,NA,NA,NA,NA,NA,NA,NA,30,NA,NA,NA,NA,NA,NA,NA,NA,NA,NA,NA,NA,12,NA,NA,NA,NA,NA,NA,NA,NA,NA,NA,NA,NA,1,NA,NA,NA,NA,NA,3.898099899,NA,NA,NA,NA,NA,NA,NA,349,NA,NA,NA,NA,NA,NA,NA,NA,NA,NA,NA,NA,8,NA,NA,NA,NA,NA,9.645012856,111.1950684,0,3.186503172,6.068527222,34.330616,52.96150589,0.917949855,1.836978555,580.9278564,1.01424098,-1120.739558,-799.989323,RufousTailedHawk,15
1175,NA,NA,NA,NA,NA,NA,NA,NA,NA,NA,0,NA,NA,NA,NA,NA,NA,NA,NA,NA,NA,NA,NA,50,NA,NA,NA,NA,NA,NA,NA,NA,NA,NA,NA,NA,10,NA,NA,NA,NA,NA,NA,NA,NA,NA,NA,NA,NA,1,NA,NA,3.177950144,NA,NA,NA,NA,NA,NA,NA,NA,NA,NA,42,NA,NA,NA,NA,NA,NA,NA,NA,NA,NA,NA,NA,11,NA,NA,11.27412319,93.88731384,1.552035809,18.83879662,9.174032211,25.52517509,33.422966,2.549570322,8.878627777,273.902771,2.063612223,-1105.739558,-799.989323,RufousTailedHawk,15
1176,NA,NA,NA,NA,NA,NA,NA,NA,NA,NA,NA,0,NA,NA,NA,NA,NA,NA,NA,NA,NA,NA,NA,NA,10,NA,NA,NA,NA,NA,NA,NA,NA,NA,NA,NA,NA,13,NA,NA,NA,NA,NA,NA,NA,NA,NA,NA,NA,NA,1,NA,4.318147659,NA,NA,NA,NA,NA,NA,NA,NA,NA,NA,NA,52,NA,NA,NA,NA,NA,NA,NA,NA,NA,NA,NA,NA,12,NA,12.21037102,93.97809601,2.310718775,27.86480522,14.103791240,23.00608635,15.19453716,2.047556639,14.96832466,98.59979248,-0.37158829,-1090.739558,-799.989323,RufousTailedHawk,15
1177,NA,NA,NA,NA,NA,NA,NA,NA,NA,NA,NA,NA,0,NA,NA,NA,NA,NA,NA,NA,NA,NA,NA,NA,NA,116,NA,NA,NA,NA,NA,NA,NA,NA,NA,NA,NA,NA,12,NA,NA,NA,NA,NA,NA,NA,NA,NA,NA,NA,NA,1,6.743065834,NA,NA,NA,NA,NA,NA,NA,NA,NA,NA,NA,NA,281,NA,NA,NA,NA,NA,NA,NA,NA,NA,NA,NA,NA,13,11.05117512,119.1249542,0.391749084,16.33981705,9.247018814,32.76748657,34.75649643,1.161221385,5.298249722,298.7259521,0.390484482,-1075.739558,-799.989323,RufousTailedHawk,15
1178,NA,0,0,0,NA,NA,0,0,0,0,0,0,0,NA,165,120,38,NA,NA,60,60,5,15,16,27,30,NA,9,15,9,NA,NA,13,16,11,18,13,19,18,NA,2,1,1,NA,NA,2,2,1,1,1,1,3,2.408717871,NA,314,246,331,NA,NA,284,258,330,357,278,306,45,NA,2,3,4,NA,NA,7,8,9,10,11,12,13,11.5024786,138.4408875,0.359964341,37.04380035,8.313282967,26.13421249,14.03966808,2.168281317,11.86318874,216.3235016,-0.335504889,-1060.739558,-799.989323,RufousTailedHawk,15
1180,NA,NA,NA,NA,NA,NA,NA,NA,NA,NA,NA,0,0,NA,NA,NA,NA,NA,NA,NA,NA,NA,NA,NA,10,60,NA,NA,NA,NA,NA,NA,NA,NA,NA,NA,NA,10,11,NA,NA,NA,NA,NA,NA,NA,NA,NA,NA,NA,2,1,2.801615477,NA,NA,NA,NA,NA,NA,NA,NA,NA,NA,NA,7,44,NA,NA,NA,NA,NA,NA,NA,NA,NA,NA,NA,12,13,10.54590034,183.0068512,0,40.32348251,4.062390327,24.73037338,27.57562447,2.921914816,0.404070139,456.0650635,-0.881062865,-1030.739558,-799.989323,RufousTailedHawk,15
1181,NA,NA,0,NA,NA,NA,NA,NA,0,NA,NA,0,NA,NA,NA,120,NA,NA,NA,NA,NA,15,NA,NA,300,NA,NA,NA,18,NA,NA,NA,NA,NA,20,NA,NA,12,NA,NA,NA,1,NA,NA,NA,NA,NA,1,NA,NA,6,NA,7.120360374,NA,NA,329,NA,NA,NA,NA,NA,335,NA,NA,353,NA,NA,NA,3,NA,NA,NA,NA,NA,9,NA,NA,12,NA,8.925657272,185.3918915,0.434717387,10.82241154,5.956343174,35.63368988,42.73228455,1.423045874,1.625409603,884.2921143,-0.514233112,-1015.739558,-799.989323,RufousTailedHawk,15
1182,NA,NA,NA,0,0,0,0,0,0,0,0,1,0,NA,NA,NA,90,90,60,90,10,60,4,60,100,5,NA,NA,NA,14,11,18,15,11,15,11,10,9,18,NA,NA,NA,2,2,1,1,1,1,2,2,2,3,3.870629787,NA,NA,NA,322,50,364,361,339,360,317,27,59,351,NA,NA,NA,4,5,6,7,8,9,10,11,12,13,6.996366978,158.9542084,5.70780611,5.55253315,4.459641933,28.11143875,27.34513664,4.527276039,10.61657619,1338.356567,1.814220786,-1000.739558,-799.989323,RufousTailedHawk,15
1183,1,NA,0,0,0,0,0,0,0,0,0,0,1,120,NA,150,120,90,90,60,180,60,82,150,11,240,8,NA,16,16,6,10,10,12,18,10,11,12,11,4,NA,1,2,5,1,1,1,3,2,2,3,3,4.454364777,353,NA,281,322,299,364,363,324,284,337,345,282,33,1,NA,3,4,5,6,7,8,9,10,11,12,13,6.602392197,142.2024078,3.880657911,2.462162256,4.399426937,33.83034134,27.69194221,3.454553843,15.3195467,1450.652344,0.24168165,-985.7395576,-799.989323,RufousTailedHawk,15
1184,NA,NA,NA,NA,NA,NA,NA,NA,0,0,NA,0,NA,NA,NA,NA,NA,NA,NA,NA,NA,20,120,NA,15,NA,NA,NA,NA,NA,NA,NA,NA,NA,19,17,NA,13,NA,NA,NA,NA,NA,NA,NA,NA,NA,1,1,NA,1,NA,2.674031734,NA,NA,NA,NA,NA,NA,NA,NA,292,25,NA,15,NA,NA,NA,NA,NA,NA,NA,NA,NA,9,10,NA,12,NA,6.97835207,126.3991318,3.104089737,2.444126844,6.946339130,33.60391998,32.29936981,6.066813469,11.48501682,1421.843384,-2.171702385,-970.7395576,-799.989323,RufousTailedHawk,15
1185,NA,NA,NA,NA,NA,NA,NA,0,0,0,0,0,0,NA,NA,NA,NA,NA,NA,NA,160,10,40,150,48,10,NA,NA,NA,NA,NA,NA,NA,14,17,15,9,16,8,NA,NA,NA,NA,NA,NA,NA,1,1,2,2,2,1,4.635630608,NA,NA,NA,NA,NA,NA,NA,336,292,29,346,291,14,NA,NA,NA,NA,NA,NA,NA,8,9,10,11,12,13,8.229141235,113.1555557,13.07249928,2.994621515,6.876446724,21.96740913,5.82492733,6.270670891,38.4478302,1248.750122,-1.13448143,-955.7395576,-799.989323,RufousTailedHawk,15
1186,NA,NA,NA,NA,NA,NA,0,NA,0,NA,NA,0,0,NA,NA,NA,NA,NA,NA,60,NA,30,NA,NA,14,45,NA,NA,NA,NA,NA,NA,18,NA,13,NA,NA,15,16,NA,NA,NA,NA,NA,NA,2,NA,1,NA,NA,2,4,2.583370447,NA,NA,NA,NA,NA,NA,36,NA,356,NA,NA,23,58,NA,NA,NA,NA,NA,NA,7,NA,9,NA,NA,12,13,7.892958641,89.00730896,13.44109344,2.097131491,6.931484699,18.24553871,1.256227851,7.439336777,49.14313126,1354.298462,-1.968905687,-940.7395576,-799.989323,RufousTailedHawk,15
1187,NA,NA,NA,NA,NA,0,0,0,0,0,0,NA,0,NA,NA,NA,NA,NA,300,240,60,100,120,65,NA,13,NA,NA,NA,NA,NA,14,16,13,17,17,11,NA,16,NA,NA,NA,NA,NA,8,2,1,3,2,1,NA,2,2.713506699,NA,NA,NA,NA,NA,1,21,305,310,311,41,NA,23,NA,NA,NA,NA,NA,6,7,8,9,10,11,NA,13,5.754330158,67.99770355,18.6078949,1.058395982,2.126829386,15.85181999,0.421624869,11.51612091,50.13579941,1790.291504,1.126814842,-925.7395576,-799.989323,RufousTailedHawk,15
1189,0,0,NA,NA,NA,NA,NA,NA,NA,0,NA,0,0,180,150,NA,NA,NA,NA,NA,NA,NA,10,NA,10,75,14,19,NA,NA,NA,NA,NA,NA,NA,14,NA,17,9,3,2,NA,NA,NA,NA,NA,NA,NA,2,NA,1,1,4.166558266,343,40,NA,NA,NA,NA,NA,NA,NA,313,NA,282,321,1,2,NA,NA,NA,NA,NA,NA,NA,10,NA,12,13,11.38312531,110.9570923,0.231823206,6.245779037,4.926249027,22.16209984,30.26580048,3.091297865,3.931444883,227.2177429,0.199895501,-1150.739558,-814.989323,RufousTailedHawk,15
1190,NA,NA,0,NA,NA,NA,NA,NA,0,0,0,0,0,NA,NA,45,NA,NA,NA,NA,NA,21,5,7,55,50,NA,NA,11,NA,NA,NA,NA,NA,18,13,19,7,13,NA,NA,3,NA,NA,NA,NA,NA,1,3,1,1,1,2.206339598,NA,NA,266,NA,NA,NA,NA,NA,48,314,348,56,301,NA,NA,3,NA,NA,NA,NA,NA,9,10,11,12,13,12.22252369,104.9431076,0.779883981,26.59125328,12.567831040,16.86281013,32.78395462,1.847144604,7.126764297,117.6125336,-1.429024816,-1135.739558,-814.989323,RufousTailedHawk,15
1191,NA,NA,NA,NA,0,NA,NA,0,NA,0,0,0,0,NA,NA,NA,NA,120,NA,NA,60,NA,65,22,60,120,NA,NA,NA,NA,11,NA,NA,14,NA,20,19,17,16,NA,NA,NA,NA,4,NA,NA,1,NA,1,1,1,1,3.011746407,NA,NA,NA,NA,35,NA,NA,348,NA,35,46,304,249,NA,NA,NA,NA,5,NA,NA,8,NA,10,11,12,13,11.92338181,95.3045578,0.481028736,24.26080322,14.564055440,17.43902969,34.91675949,1.011785984,5.364644051,165.2761383,-0.417827547,-1120.739558,-814.989323,RufousTailedHawk,15
1192,0,NA,NA,0,NA,NA,0,NA,0,NA,0,NA,0,92,NA,NA,210,NA,NA,60,NA,25,NA,60,NA,17,11,NA,NA,13,NA,NA,10,NA,7,NA,13,NA,17,1,NA,NA,1,NA,NA,3,NA,1,NA,2,NA,1,2.259907007,8,NA,NA,301,NA,NA,52,NA,21,NA,253,NA,275,1,NA,NA,4,NA,NA,7,NA,9,NA,11,NA,13,12.26481915,93.11965179,0.77281338,29.78069878,13.035898210,20.06982803,20.41524315,1.272443295,13.61894226,94.72960663,-0.681944251,-1105.739558,-814.989323,RufousTailedHawk,15
1193,NA,NA,0,NA,0,0,0,0,0,0,0,0,0,NA,NA,40,NA,60,60,60,180,7,130,35,32,40,NA,NA,19,NA,17,11,19,12,19,19,13,15,16,NA,NA,1,NA,2,1,1,2,1,1,2,1,2,2.499116182,NA,NA,46,NA,20,296,333,259,278,335,271,268,310,NA,NA,3,NA,5,6,7,8,9,10,11,12,13,12.18782234,104.0256882,2.212442875,38.55715561,11.473818780,22.73719025,10.73379326,1.099671721,13.20060921,84.91153717,0.506336749,-1090.739558,-814.989323,RufousTailedHawk,15
1194,1,0,0,1,1,1,1,1,1,1,1,1,1,110,210,15,90,60,39,60,90,117,120,30,21,15,17,18,21,8,9,15,10,18,6,18,16,11,10,1,8,3,3,1,2,1,2,8,3,1,1,6,2.029807091,362,46,266,287,297,297,317,30,315,45,292,261,300,1,2,3,4,5,6,7,8,9,10,11,12,13,11.62685871,124.0914307,1.605612755,21.0147171,11.547493930,26.75349617,19.39951897,1.994727015,12.59617805,167.6928101,-0.096583426,-1075.739558,-814.989323,RufousTailedHawk,15
1195,0,NA,NA,NA,0,NA,NA,0,0,0,0,0,0,60,NA,NA,NA,180,NA,NA,217,12,101,136,209,300,14,NA,NA,NA,12,NA,NA,12,10,16,15,10,8,1,NA,NA,NA,1,NA,NA,1,1,1,2,1,2,1.770979881,245,NA,NA,NA,291,NA,NA,361,42,50,286,298,345,1,NA,NA,NA,5,NA,NA,8,9,10,11,12,13,11.56792545,150.3339386,0.171342567,48.86435699,6.451056480,20.43720245,18.82378769,0.644137025,4.564121246,179.0728912,-0.062569536,-1060.739558,-814.989323,RufousTailedHawk,15
1196,NA,NA,0,NA,NA,NA,NA,NA,NA,NA,NA,0,0,NA,NA,120,NA,NA,NA,NA,NA,NA,NA,NA,105,4,NA,NA,11,NA,NA,NA,NA,NA,NA,NA,NA,9,13,NA,NA,1,NA,NA,NA,NA,NA,NA,NA,NA,1,1,2.311464071,NA,NA,358,NA,NA,NA,NA,NA,NA,NA,NA,351,1,NA,NA,3,NA,NA,NA,NA,NA,NA,NA,NA,12,13,11.16677189,179.6052246,0.292233437,57.44298935,3.560979605,12.53702927,23.7086525,0.816265285,1.629377365,274.0411682,-0.045265827,-1045.739558,-814.989323,RufousTailedHawk,15
1198,NA,NA,NA,NA,NA,NA,NA,NA,0,NA,NA,0,0,NA,NA,NA,NA,NA,NA,NA,NA,47,NA,NA,15,180,NA,NA,NA,NA,NA,NA,NA,NA,6,NA,NA,10,10,NA,NA,NA,NA,NA,NA,NA,NA,2,NA,NA,2,1,3.69131279,NA,NA,NA,NA,NA,NA,NA,NA,336,NA,NA,7,311,NA,NA,NA,NA,NA,NA,NA,NA,9,NA,NA,12,13,8.763799667,185.7347107,0.388881952,8.516889572,2.896740198,42.12376404,43.73304367,0.557450473,1.712150335,897.9039917,0.674651384,-1015.739558,-814.989323,RufousTailedHawk,15
1199,NA,NA,NA,0,NA,0,NA,NA,0,NA,NA,NA,NA,NA,NA,NA,60,NA,15,NA,NA,7,NA,NA,NA,NA,NA,NA,NA,11,NA,11,NA,NA,19,NA,NA,NA,NA,NA,NA,NA,1,NA,2,NA,NA,2,NA,NA,NA,NA,6.142858505,NA,NA,NA,31,NA,263,NA,NA,287,NA,NA,NA,NA,NA,NA,NA,4,NA,6,NA,NA,9,NA,NA,NA,NA,6.869057178,154.6758423,4.179804802,1.975692272,1.467072010,31.29166412,24.97136879,3.407673359,11.28377342,1369.656372,4.210811138,-1000.739558,-814.989323,RufousTailedHawk,15
1200,NA,NA,NA,NA,0,NA,0,0,0,0,0,0,0,NA,NA,NA,NA,60,NA,20,32,20,16,30,7,120,NA,NA,NA,NA,17,NA,18,11,16,13,14,22,10,NA,NA,NA,NA,1,NA,1,2,4,1,2,1,2,1.790563941,NA,NA,NA,NA,33,NA,363,339,363,331,298,276,244,NA,NA,NA,NA,5,NA,7,8,9,10,11,12,13,7.611255169,147.8802338,2.164669991,3.844415903,2.444752693,37.57389832,34.83725357,2.079317808,11.72047043,1247.976318,1.504565835,-985.7395576,-814.989323,RufousTailedHawk,15
1201,NA,NA,NA,NA,NA,NA,0,NA,0,0,0,0,0,NA,NA,NA,NA,NA,NA,110,NA,5,45,155,10,5,NA,NA,NA,NA,NA,NA,9,NA,16,12,12,12,12,NA,NA,NA,NA,NA,NA,2,NA,3,1,1,1,3,3.463831186,NA,NA,NA,NA,NA,NA,37,NA,247,331,50,291,307,NA,NA,NA,NA,NA,NA,7,NA,9,10,11,12,13,6.476895332,116.8470383,2.81972909,1.610046387,5.593047619,36.37539291,35.98065948,5.168244362,9.736524582,1501.614502,3.772188425,-970.7395576,-814.989323,RufousTailedHawk,15
1202,NA,0,0,NA,0,NA,0,0,0,0,0,0,0,NA,300,10,NA,60,NA,30,60,180,30,45,14,44,NA,0,15,NA,12,NA,18,16,15,18,15,19,15,NA,4,8,NA,1,NA,1,2,1,1,1,1,1,2.129830837,NA,48,16,NA,44,NA,285,262,276,327,257,282,261,NA,2,3,NA,5,NA,7,8,9,10,11,12,13,7.290200233,101.6552429,11.3947382,0.627879381,6.199361324,24.31642151,14.1987648,8.170443535,29.67459488,1395.880127,0.580299258,-955.7395576,-814.989323,RufousTailedHawk,15
1203,NA,NA,NA,NA,NA,NA,NA,NA,NA,0,NA,0,NA,NA,NA,NA,NA,NA,NA,NA,NA,NA,15,NA,6,NA,NA,NA,NA,NA,NA,NA,NA,NA,NA,14,NA,11,NA,NA,NA,NA,NA,NA,NA,NA,NA,NA,1,NA,1,NA,2.530478001,NA,NA,NA,NA,NA,NA,NA,NA,NA,11,NA,360,NA,NA,NA,NA,NA,NA,NA,NA,NA,NA,10,NA,12,NA,6.947292328,81.1265564,23.08937454,0.399713278,1.220347404,20.6205864,0.6336568,8.362419128,44.99698639,1507.513184,1.943109393,-940.7395576,-814.989323,RufousTailedHawk,15
1204,NA,NA,NA,NA,NA,NA,NA,NA,NA,0,NA,NA,NA,NA,NA,NA,NA,NA,NA,NA,NA,NA,120,NA,NA,NA,NA,NA,NA,NA,NA,NA,NA,NA,NA,14,NA,NA,NA,NA,NA,NA,NA,NA,NA,NA,NA,NA,3,NA,NA,NA,5.715621471,NA,NA,NA,NA,NA,NA,NA,NA,NA,270,NA,NA,NA,NA,NA,NA,NA,NA,NA,NA,NA,NA,10,NA,NA,NA,5.907348156,66.2405014,26.89724159,0.594669759,0.529081106,19.39490128,0.229376689,4.651447773,47.13250351,1740.164307,-0.150921702,-925.7395576,-814.989323,RufousTailedHawk,15
1205,NA,NA,NA,NA,NA,NA,NA,0,NA,0,0,NA,NA,NA,NA,NA,NA,NA,NA,NA,300,NA,240,126,NA,NA,NA,NA,NA,NA,NA,NA,NA,13,NA,14,16,NA,NA,NA,NA,NA,NA,NA,NA,NA,3,NA,3,1,NA,NA,7.753331661,NA,NA,NA,NA,NA,NA,NA,323,NA,53,54,NA,NA,NA,NA,NA,NA,NA,NA,NA,8,NA,10,11,NA,NA,4.722220421,57.14699936,30.82164574,2.228591681,0.083265886,17.91973305,0.141537458,5.38645792,42.90306854,2006.094971,3.176329136,-910.7395576,-814.989323,RufousTailedHawk,15
1206,NA,NA,NA,0,NA,NA,0,NA,NA,0,0,0,0,NA,NA,NA,60,NA,NA,120,NA,NA,30,5,93,10,NA,NA,NA,18,NA,NA,16,NA,NA,11,10,7,11,NA,NA,NA,1,NA,NA,1,NA,NA,2,2,1,1,3.653356791,NA,NA,NA,32,NA,NA,14,NA,NA,330,9,309,294,NA,NA,NA,4,NA,NA,7,NA,NA,10,11,12,13,12.66063404,114.2439117,0.573504388,26.3235817,12.103099820,11.50121784,20.38339424,4.363188267,7.967758656,39.677845,0.199208453,-1150.739558,-829.989323,RufousTailedHawk,15
1207,0,0,0,0,0,1,0,0,0,0,0,1,0,180,240,150,240,170,120,30,80,8,12,2,60,90,16,10,0,9,8,13,18,16,18,11,13,7,10,1,2,2,2,4,1,2,1,4,1,1,1,1,3.653356791,295,363,51,6,38,325,304,349,266,309,250,21,304,1,2,3,4,5,6,7,8,9,10,11,12,13,12.66063404,114.2439117,0.573504388,26.3235817,12.103099820,11.50121784,20.38339424,4.363188267,7.967758656,39.677845,0.199208453,-1135.739558,-829.989323,RufousTailedHawk,15
1208,NA,NA,NA,NA,NA,NA,NA,NA,NA,NA,NA,NA,0,NA,NA,NA,NA,NA,NA,NA,NA,NA,NA,NA,NA,15,NA,NA,NA,NA,NA,NA,NA,NA,NA,NA,NA,NA,10,NA,NA,NA,NA,NA,NA,NA,NA,NA,NA,NA,NA,1,4.926325798,NA,NA,NA,NA,NA,NA,NA,NA,NA,NA,NA,NA,281,NA,NA,NA,NA,NA,NA,NA,NA,NA,NA,NA,NA,13,12.15012074,107.7347488,0.278372943,32.54621124,14.834171300,15.95409203,28.13012886,1.491639256,5.04094696,118.8625412,0.390573233,-1120.739558,-829.989323,RufousTailedHawk,15
1209,NA,NA,0,NA,NA,NA,NA,NA,NA,NA,NA,0,0,NA,NA,120,NA,NA,NA,NA,NA,NA,NA,NA,25,15,NA,NA,17,NA,NA,NA,NA,NA,NA,NA,NA,11,18,NA,NA,5,NA,NA,NA,NA,NA,NA,NA,NA,2,1,4.358851433,NA,NA,48,NA,NA,NA,NA,NA,NA,NA,NA,38,281,NA,NA,3,NA,NA,NA,NA,NA,NA,NA,NA,12,13,12.29526424,107.0855179,0.675732374,38.17686844,12.182896610,18.24173164,16.84326935,0.768458188,13.15132713,72.45527649,-0.703558922,-1105.739558,-829.989323,RufousTailedHawk,15
1210,NA,NA,NA,NA,NA,NA,NA,0,NA,NA,0,0,0,NA,NA,NA,NA,NA,NA,NA,90,NA,NA,11,180,150,NA,NA,NA,NA,NA,NA,NA,18,NA,NA,10,19,16,NA,NA,NA,NA,NA,NA,NA,3,NA,NA,1,2,2,2.436499596,NA,NA,NA,NA,NA,NA,NA,325,NA,NA,59,359,309,NA,NA,NA,NA,NA,NA,NA,8,NA,NA,11,12,13,12.15672016,118.4885559,1.263238907,42.1182518,9.721798897,21.13059044,18.4079628,0.463884294,6.817485332,66.69918823,-0.171854481,-1090.739558,-829.989323,RufousTailedHawk,15
1211,0,NA,0,NA,0,NA,0,NA,0,0,0,0,0,60,NA,30,NA,10,NA,5,NA,10,18,45,51,180,9,NA,21,NA,9,NA,14,NA,11,10,15,11,15,1,NA,1,NA,3,NA,1,NA,1,1,1,1,2,2.189895868,281,NA,20,NA,295,NA,1,NA,364,11,245,315,267,1,NA,3,NA,5,NA,7,NA,9,10,11,12,13,11.88579464,136.938324,0.580927849,32.40277863,14.882908820,29.1610527,18.93654442,0.492885649,3.539122581,95.52106476,-0.416462958,-1075.739558,-829.989323,RufousTailedHawk,15
1212,NA,NA,NA,0,NA,0,NA,NA,NA,0,0,0,0,NA,NA,NA,140,NA,54,NA,NA,NA,10,120,10,37,NA,NA,NA,10,NA,11,NA,NA,NA,20,11,18,11,NA,NA,NA,1,NA,1,NA,NA,NA,2,2,2,1,3.195060015,NA,NA,NA,42,NA,57,NA,NA,NA,354,28,284,267,NA,NA,NA,4,NA,6,NA,NA,NA,10,11,12,13,11.55244064,166.4018707,0.090123221,37.80138779,8.802156448,23.40153885,26.13253403,0.653209567,3.0887568,164.7839813,0.653927267,-1060.739558,-829.989323,RufousTailedHawk,15
1213,NA,NA,NA,NA,NA,NA,NA,NA,0,NA,NA,NA,NA,NA,NA,NA,NA,NA,NA,NA,NA,14,NA,NA,NA,NA,NA,NA,NA,NA,NA,NA,NA,NA,16,NA,NA,NA,NA,NA,NA,NA,NA,NA,NA,NA,NA,1,NA,NA,NA,NA,2.608567715,NA,NA,NA,NA,NA,NA,NA,NA,23,NA,NA,NA,NA,NA,NA,NA,NA,NA,NA,NA,NA,9,NA,NA,NA,NA,11.17908669,198.3643188,0,51.36263275,2.673394442,13.71768761,30.5633049,0.539121628,1.140973091,254.6138153,-0.419918716,-1045.739558,-829.989323,RufousTailedHawk,15
1214,NA,NA,0,NA,0,0,0,0,0,NA,0,NA,0,NA,NA,60,NA,10,25,20,83,23,NA,4,NA,11,NA,NA,18,NA,10,17,14,6,9,NA,18,NA,11,NA,NA,10,NA,1,3,2,1,2,NA,1,NA,1,5.387328148,NA,NA,21,NA,244,358,24,33,28,NA,347,NA,30,NA,NA,3,NA,5,6,7,8,9,NA,11,NA,13,10.36218357,213.7403107,0.189004764,27.4033699,4.954576015,27.69030571,38.05143738,1.139711022,0.562571466,466.2919617,-0.314629674,-1030.739558,-829.989323,RufousTailedHawk,15
1215,NA,NA,0,NA,0,NA,NA,NA,NA,0,NA,0,0,NA,NA,120,NA,5,NA,NA,NA,NA,4,NA,60,10,NA,NA,10,NA,9,NA,NA,NA,NA,14,NA,11,9,NA,NA,1,NA,1,NA,NA,NA,NA,1,NA,1,3,3.801874638,NA,NA,49,NA,272,NA,NA,NA,NA,307,NA,267,307,NA,NA,3,NA,5,NA,NA,NA,NA,10,NA,12,13,9.606451988,203.0806732,0.272393078,20.46014023,3.227773905,28.76625633,43.15748596,1.697727442,2.384125948,691.6224976,0.900156856,-1015.739558,-829.989323,RufousTailedHawk,15
1216,NA,NA,NA,NA,0,0,0,0,0,0,0,0,0,NA,NA,NA,NA,10,60,7,10,10,11,9,40,60,NA,NA,NA,NA,9,9,11,9,18,19,17,9,15,NA,NA,NA,NA,1,1,1,1,1,1,1,1,1,3.178014994,NA,NA,NA,NA,272,60,47,25,365,338,349,267,304,NA,NA,NA,NA,5,6,7,8,9,10,11,12,13,9.52175045,185.4766083,0.88917172,17.66090393,6.907158852,27.74959183,38.76263428,1.916465163,5.377135754,743.4749756,-5.94102335,-1000.739558,-829.989323,RufousTailedHawk,15
1217,NA,NA,NA,NA,NA,NA,NA,NA,0,0,0,NA,0,NA,NA,NA,NA,NA,NA,NA,NA,23,10,5,NA,20,NA,NA,NA,NA,NA,NA,NA,NA,14,17,16,NA,18,NA,NA,NA,NA,NA,NA,NA,NA,2,2,2,NA,1,4.905670643,NA,NA,NA,NA,NA,NA,NA,NA,345,332,248,NA,34,NA,NA,NA,NA,NA,NA,NA,NA,9,10,11,NA,13,7.92466259,150.9124146,3.797847509,12.56589127,5.626234531,26.80194283,33.70117188,3.47133708,10.08906269,1115.780029,-3.864965677,-985.7395576,-829.989323,RufousTailedHawk,15
1218,NA,NA,NA,NA,NA,NA,NA,NA,0,0,0,0,0,NA,NA,NA,NA,NA,NA,NA,NA,58,120,75,12,61,NA,NA,NA,NA,NA,NA,NA,NA,9,13,9,18,18,NA,NA,NA,NA,NA,NA,NA,NA,2,1,1,1,1,4.639160633,NA,NA,NA,NA,NA,NA,NA,NA,333,332,246,261,346,NA,NA,NA,NA,NA,NA,NA,NA,9,10,11,12,13,6.522568703,115.0201645,3.705373526,3.527742863,4.660215378,37.38854218,34.06558609,5.098050594,9.590976715,1455.247314,3.09266758,-970.7395576,-829.989323,RufousTailedHawk,15
1219,0,NA,0,NA,0,0,0,0,0,0,0,0,0,90,NA,30,NA,120,89,35,10,150,30,60,18,201,9,NA,12,NA,9,6,16,17,15,16,18,19,15,1,NA,2,NA,1,1,2,1,3,1,2,2,1,4.56834507,324,NA,30,NA,14,312,308,288,336,315,286,259,295,1,NA,3,NA,5,6,7,8,9,10,11,12,13,7.130430222,95.40176392,4.876579762,2.533420563,4.345275879,21.90213966,15.38907719,10.75227165,14.85282707,1379.913452,-1.956922412,-955.7395576,-829.989323,RufousTailedHawk,15
1220,NA,NA,NA,NA,NA,NA,0,0,NA,0,0,0,NA,NA,NA,NA,NA,NA,NA,85,15,NA,35,5,27,NA,NA,NA,NA,NA,NA,NA,10,17,NA,7,17,16,NA,NA,NA,NA,NA,NA,NA,2,2,NA,3,1,4,NA,2.358432055,NA,NA,NA,NA,NA,NA,307,27,NA,332,319,309,NA,NA,NA,NA,NA,NA,NA,7,8,NA,10,11,12,NA,7.770414829,76.24352264,13.97214794,1.473056912,3.139452934,18.43031502,2.304899931,10.70405388,33.61488724,1323.715576,-2.402852058,-940.7395576,-829.989323,RufousTailedHawk,15
1221,NA,NA,NA,NA,NA,NA,0,NA,NA,0,NA,0,0,NA,NA,NA,NA,NA,NA,13,NA,NA,19,NA,31,49,NA,NA,NA,NA,NA,NA,12,NA,NA,17,NA,10,12,NA,NA,NA,NA,NA,NA,2,NA,NA,3,NA,1,2,2.048962593,NA,NA,NA,NA,NA,NA,310,NA,NA,347,NA,289,283,NA,NA,NA,NA,NA,NA,7,NA,NA,10,NA,12,13,7.274425983,61.34557724,22.23479271,1.653902531,1.349996686,21.56722069,0.292900383,3.633079767,49.16716003,1475.385376,-1.243960261,-925.7395576,-829.989323,RufousTailedHawk,15
1222,NA,NA,NA,NA,NA,NA,NA,NA,0,NA,NA,NA,NA,NA,NA,NA,NA,NA,NA,NA,NA,120,NA,NA,NA,NA,NA,NA,NA,NA,NA,NA,NA,NA,11,NA,NA,NA,NA,NA,NA,NA,NA,NA,NA,NA,NA,1,NA,NA,NA,NA,5.279019833,NA,NA,NA,NA,NA,NA,NA,NA,356,NA,NA,NA,NA,NA,NA,NA,NA,NA,NA,NA,NA,9,NA,NA,NA,NA,5.6101408,54.98851013,20.0302906,2.096689463,0.519178033,18.66203117,0.392600596,10.34519863,47.94289398,1809.649902,-0.166977897,-910.7395576,-829.989323,RufousTailedHawk,15
1223,0,0,0,0,0,0,0,0,0,0,0,0,0,90,120,60,50,76,120,40,20,15,180,6,16,30,14,15,0,17,12,15,11,13,19,11,11,14,8,1,5,2,10,4,4,2,2,4,4,1,4,1,3.653356791,50,47,53,47,38,51,335,337,266,263,347,269,52,1,2,3,4,5,6,7,8,9,10,11,12,13,12.66063404,114.2439117,0.573504388,26.3235817,12.103099820,11.50121784,20.38339424,4.363188267,7.967758656,39.677845,0.199208453,-1135.739558,-844.989323,RufousTailedHawk,15
1224,NA,0,NA,NA,0,0,0,0,0,0,0,0,1,NA,60,NA,NA,18,120,45,60,60,26,180,15,90,NA,17,NA,NA,16,11,9,16,17,19,0,16,12,NA,5,NA,NA,4,2,2,2,2,1,1,1,3,3.68508482,NA,50,NA,NA,38,50,335,10,274,51,245,285,26,NA,2,NA,NA,5,6,7,8,9,10,11,12,13,12.05061817,130.0023804,0.298175484,30.24346733,6.029619217,21.2821312,35.14545059,1.086102366,2.095595598,118.4214401,0.686849773,-1120.739558,-844.989323,RufousTailedHawk,15
1225,NA,0,0,NA,0,NA,NA,NA,0,0,NA,0,0,NA,300,60,NA,60,NA,NA,NA,1,5,NA,20,2,NA,10,10,NA,10,NA,NA,NA,12,9,NA,9,17,NA,4,3,NA,3,NA,NA,NA,4,3,NA,1,1,3.261445045,NA,49,19,NA,324,NA,NA,NA,267,336,NA,300,329,NA,2,3,NA,5,NA,NA,NA,9,10,NA,12,13,12.00046158,130.0780334,0.166269213,38.73707962,5.468997002,19.65860367,31.46977425,0.062561825,3.99720335,105.4611282,0.407950819,-1105.739558,-844.989323,RufousTailedHawk,15
1226,NA,NA,NA,NA,NA,NA,NA,NA,0,0,NA,0,0,NA,NA,NA,NA,NA,NA,NA,NA,10,10,NA,4,120,NA,NA,NA,NA,NA,NA,NA,NA,11,13,NA,1,10,NA,NA,NA,NA,NA,NA,NA,NA,2,1,NA,1,2,3.148670197,NA,NA,NA,NA,NA,NA,NA,NA,10,283,NA,16,261,NA,NA,NA,NA,NA,NA,NA,NA,9,10,NA,12,13,12.04673481,137.2508545,0.524286151,58.18466568,4.946310997,13.89306259,17.64889145,0.195150182,4.443401337,74.02019501,-0.121054083,-1090.739558,-844.989323,RufousTailedHawk,15
1227,NA,NA,0,NA,NA,0,0,0,0,0,0,0,0,NA,NA,20,NA,NA,120,60,8,6,20,93,60,87,NA,NA,16,NA,NA,16,15,9,10,14,9,18,19,NA,NA,3,NA,NA,1,2,1,1,2,1,1,1,1.680305123,NA,NA,23,NA,NA,309,304,345,274,342,21,330,342,NA,NA,3,NA,NA,6,7,8,9,10,11,12,13,11.80988407,155.8408661,0.306242645,47.22356796,4.689182281,18.92951584,24.2679615,0.67943722,3.604481936,100.3773117,-0.487692803,-1075.739558,-844.989323,RufousTailedHawk,15
1228,NA,NA,NA,NA,NA,NA,0,0,0,NA,0,0,0,NA,NA,NA,NA,NA,NA,120,60,180,NA,5,3,20,NA,NA,NA,NA,NA,NA,10,18,10,NA,15,7,12,NA,NA,NA,NA,NA,NA,2,2,3,NA,1,1,2,2.677630901,NA,NA,NA,NA,NA,NA,289,42,260,NA,348,276,252,NA,NA,NA,NA,NA,NA,7,8,9,NA,11,12,13,11.52974033,184.6459198,0,45.81454086,6.194007874,17.76546478,27.391819,0.773733616,2.029974461,160.3821106,0.19438909,-1060.739558,-844.989323,RufousTailedHawk,15
1229,NA,NA,NA,0,NA,NA,NA,NA,0,NA,0,0,NA,NA,NA,NA,10,NA,NA,NA,NA,240,NA,7,40,NA,NA,NA,NA,15,NA,NA,NA,NA,16,NA,15,8,NA,NA,NA,NA,2,NA,NA,NA,NA,5,NA,1,1,NA,2.856180906,NA,NA,NA,324,NA,NA,NA,NA,321,NA,348,276,NA,NA,NA,NA,4,NA,NA,NA,NA,9,NA,11,12,NA,11.1283493,217.4426422,0.270996183,40.70109558,6.592162609,19.41949081,29.809412,0.367044747,2.813580513,256.0479431,0.164008468,-1045.739558,-844.989323,RufousTailedHawk,15
1230,NA,NA,NA,NA,NA,NA,NA,NA,NA,NA,0,0,0,NA,NA,NA,NA,NA,NA,NA,NA,NA,NA,73,30,110,NA,NA,NA,NA,NA,NA,NA,NA,NA,NA,12,12,10,NA,NA,NA,NA,NA,NA,NA,NA,NA,NA,1,1,1,4.025153637,NA,NA,NA,NA,NA,NA,NA,NA,NA,NA,356,339,43,NA,NA,NA,NA,NA,NA,NA,NA,NA,NA,11,12,13,10.83292961,239.7263641,0.395210028,46.46320724,3.393311024,16.07423782,29.2610569,1.925215602,1.014076233,346.2621765,-1.10624826,-1030.739558,-844.989323,RufousTailedHawk,15
1231,NA,NA,NA,NA,NA,NA,NA,NA,0,NA,NA,NA,0,NA,NA,NA,NA,NA,NA,NA,NA,22,NA,NA,NA,207,NA,NA,NA,NA,NA,NA,NA,NA,14,NA,NA,NA,14,NA,NA,NA,NA,NA,NA,NA,NA,2,NA,NA,NA,1,3.563070297,NA,NA,NA,NA,NA,NA,NA,NA,10,NA,NA,NA,267,NA,NA,NA,NA,NA,NA,NA,NA,9,NA,NA,NA,13,9.439234734,211.1155243,0.136298448,14.09196854,2.746491194,33.75872803,35.15460205,0.758004248,3.304878235,708.7719727,2.284237146,-1015.739558,-844.989323,RufousTailedHawk,15
1232,NA,NA,NA,NA,NA,NA,NA,NA,NA,NA,0,0,0,NA,NA,NA,NA,NA,NA,NA,NA,NA,NA,120,18,56,NA,NA,NA,NA,NA,NA,NA,NA,NA,NA,15,18,12,NA,NA,NA,NA,NA,NA,NA,NA,NA,NA,2,1,1,3.558802366,NA,NA,NA,NA,NA,NA,NA,NA,NA,NA,346,316,24,NA,NA,NA,NA,NA,NA,NA,NA,NA,NA,11,12,13,8.373699188,175.1035004,0.061796825,4.255964756,2.243266582,44.32744217,36.70641708,0.35469678,5.393475533,983.7490234,-0.343387276,-1000.739558,-844.989323,RufousTailedHawk,15
1233,NA,NA,NA,NA,NA,NA,NA,NA,NA,0,0,0,0,NA,NA,NA,NA,NA,NA,NA,NA,NA,4,5,25,49,NA,NA,NA,NA,NA,NA,NA,NA,NA,14,17,17,15,NA,NA,NA,NA,NA,NA,NA,NA,NA,1,1,1,3,6.75978756,NA,NA,NA,NA,NA,NA,NA,NA,NA,281,270,317,291,NA,NA,NA,NA,NA,NA,NA,NA,NA,10,11,12,13,6.563361168,134.9367218,8.045984268,3.313918352,4.071450233,37.06531906,26.98870468,5.467908859,12.37417603,1392.427246,-0.008762833,-985.7395576,-844.989323,RufousTailedHawk,15
1235,NA,NA,NA,NA,NA,NA,NA,NA,NA,0,NA,0,0,NA,NA,NA,NA,NA,NA,NA,NA,NA,60,NA,60,60,NA,NA,NA,NA,NA,NA,NA,NA,NA,11,NA,11,18,NA,NA,NA,NA,NA,NA,NA,NA,NA,1,NA,3,2,5.917715073,NA,NA,NA,NA,NA,NA,NA,NA,NA,359,NA,38,5,NA,NA,NA,NA,NA,NA,NA,NA,NA,10,NA,12,13,5.934751987,87.96635437,6.382267475,4.643627644,7.851110935,30.0424633,18.46103477,13.83211899,16.61491585,1599.471924,3.653472185,-955.7395576,-844.989323,RufousTailedHawk,15
1236,NA,NA,NA,NA,0,0,0,0,NA,0,0,0,0,NA,NA,NA,NA,130,49,24,40,NA,31,120,99,129,NA,NA,NA,NA,19,14,11,15,NA,11,18,17,18,NA,NA,NA,NA,2,1,2,1,NA,3,1,3,1,3.913362503,NA,NA,NA,NA,342,312,309,19,NA,348,44,300,323,NA,NA,NA,NA,5,6,7,8,NA,10,11,12,13,7.710934162,69.88134766,11.20134258,1.928193808,9.808840752,21.81820107,6.201697826,8.615480423,38.74982071,1311.606201,-0.230351195,-940.7395576,-844.989323,RufousTailedHawk,15
1237,NA,NA,NA,NA,NA,NA,0,NA,NA,0,NA,0,NA,NA,NA,NA,NA,NA,NA,24,NA,NA,120,NA,10,NA,NA,NA,NA,NA,NA,NA,11,NA,NA,15,NA,14,NA,NA,NA,NA,NA,NA,NA,2,NA,NA,2,NA,2,NA,3.22220993,NA,NA,NA,NA,NA,NA,309,NA,NA,21,NA,25,NA,NA,NA,NA,NA,NA,NA,7,NA,NA,10,NA,12,NA,8.274219513,56.17147064,15.17909622,4.695895195,2.209528685,17.86841965,0.399944723,7.394532681,52.01441574,1257.921875,-1.236616731,-925.7395576,-844.989323,RufousTailedHawk,15
1240,NA,NA,NA,NA,NA,NA,NA,NA,NA,NA,NA,NA,0,NA,NA,NA,NA,NA,NA,NA,NA,NA,NA,NA,NA,43,NA,NA,NA,NA,NA,NA,NA,NA,NA,NA,NA,NA,10,NA,NA,NA,NA,NA,NA,NA,NA,NA,NA,NA,NA,1,3.038028002,NA,NA,NA,NA,NA,NA,NA,NA,NA,NA,NA,NA,244,NA,NA,NA,NA,NA,NA,NA,NA,NA,NA,NA,NA,13,12.41694164,152.0694733,0.792264402,38.87835693,6.748456955,16.57418442,28.24456406,3.11475873,3.945451498,30.79736137,0.008109742,-1135.739558,-859.989323,RufousTailedHawk,15
1241,NA,NA,NA,NA,NA,NA,NA,NA,NA,0,0,0,0,NA,NA,NA,NA,NA,NA,NA,NA,NA,60,40,30,2,NA,NA,NA,NA,NA,NA,NA,NA,NA,9,10,18,17,NA,NA,NA,NA,NA,NA,NA,NA,NA,1,2,1,1,3.038028002,NA,NA,NA,NA,NA,NA,NA,NA,NA,51,325,21,282,NA,NA,NA,NA,NA,NA,NA,NA,NA,10,11,12,13,12.41694164,152.0694733,0.792264402,38.87835693,6.748456955,16.57418442,28.24456406,3.11475873,3.945451498,30.79736137,0.008109742,-1120.739558,-859.989323,RufousTailedHawk,15
1244,NA,NA,NA,NA,NA,NA,0,NA,NA,0,0,0,0,NA,NA,NA,NA,NA,NA,45,NA,NA,150,27,20,2,NA,NA,NA,NA,NA,NA,17,NA,NA,16,17,11,6,NA,NA,NA,NA,NA,NA,1,NA,NA,1,1,1,1,2.567522764,NA,NA,NA,NA,NA,NA,51,NA,NA,45,250,364,328,NA,NA,NA,NA,NA,NA,7,NA,NA,10,11,12,13,11.48874378,174.7185974,0,30.87793732,8.342601776,24.34168816,33.88667297,0.854455113,1.657164931,154.7367859,0.213669583,-1075.739558,-859.989323,RufousTailedHawk,15
1245,NA,NA,NA,NA,NA,NA,NA,NA,NA,0,NA,NA,NA,NA,NA,NA,NA,NA,NA,NA,NA,NA,30,NA,NA,NA,NA,NA,NA,NA,NA,NA,NA,NA,NA,7,NA,NA,NA,NA,NA,NA,NA,NA,NA,NA,NA,NA,1,NA,NA,NA,1.825413227,NA,NA,NA,NA,NA,NA,NA,NA,NA,332,NA,NA,NA,NA,NA,NA,NA,NA,NA,NA,NA,NA,10,NA,NA,NA,11.44408131,200.0498962,0.051181085,62.70785141,3.165312767,9.560196877,22.39315605,0.427150548,1.660202861,168.378006,-0.293142974,-1060.739558,-859.989323,RufousTailedHawk,15
1246,NA,NA,NA,NA,NA,NA,NA,NA,0,0,NA,0,NA,NA,NA,NA,NA,NA,NA,NA,NA,90,38,NA,17,NA,NA,NA,NA,NA,NA,NA,NA,NA,15,10,NA,16,NA,NA,NA,NA,NA,NA,NA,NA,NA,1,1,NA,1,NA,2.024320841,NA,NA,NA,NA,NA,NA,NA,NA,283,59,NA,265,NA,NA,NA,NA,NA,NA,NA,NA,NA,9,10,NA,12,NA,10.96374321,232.1525726,0.381266743,44.82210159,4.111324787,18.56933594,30.06332779,0.613417447,1.388197899,278.9336853,0.109494604,-1045.739558,-859.989323,RufousTailedHawk,15
1247,NA,NA,NA,NA,NA,NA,NA,NA,NA,0,0,NA,0,NA,NA,NA,NA,NA,NA,NA,NA,NA,2,40,NA,120,NA,NA,NA,NA,NA,NA,NA,NA,NA,16,16,NA,20,NA,NA,NA,NA,NA,NA,NA,NA,NA,1,1,NA,1,3.309411526,NA,NA,NA,NA,NA,NA,NA,NA,NA,331,276,NA,310,NA,NA,NA,NA,NA,NA,NA,NA,NA,10,11,NA,13,10.30469322,247.1280975,0.221938744,18.67735863,4.679647446,28.54940605,34.90912628,2.337891102,1.416704774,439.6419678,0.594230294,-1030.739558,-859.989323,RufousTailedHawk,15
1248,NA,NA,0,NA,NA,NA,NA,NA,NA,0,1,NA,0,NA,NA,275,NA,NA,NA,NA,NA,NA,41,72,NA,60,NA,NA,12,NA,NA,NA,NA,NA,NA,8,12,NA,16,NA,NA,4,NA,NA,NA,NA,NA,NA,2,3,NA,2,2.854063034,NA,NA,5,NA,NA,NA,NA,NA,NA,307,355,NA,22,NA,NA,3,NA,NA,NA,NA,NA,NA,10,11,NA,13,8.91666317,206.0206299,0,3.628958702,0.819334805,45.42562866,34.30428314,0.047294322,4.595829487,793.9899902,4.065861702,-1015.739558,-859.989323,RufousTailedHawk,15
1249,0,NA,0,0,NA,0,0,0,0,0,0,0,0,180,NA,150,90,NA,120,180,10,121,65,94,180,48,9,NA,8,7,NA,7,8,10,12,23,19,11,15,2,NA,1,2,NA,3,2,1,2,1,1,2,1,3.121697187,38,NA,20,325,NA,338,56,291,352,343,348,338,352,1,NA,3,4,NA,6,7,8,9,10,11,12,13,9.10724926,189.5718536,0.211559564,4.401289463,2.153387070,35.85627747,29.95235634,1.060458183,4.964685917,799.1345215,0.046936221,-1000.739558,-859.989323,RufousTailedHawk,15
1250,NA,0,0,NA,NA,0,0,0,0,NA,0,0,0,NA,38,240,NA,NA,43,30,10,60,NA,180,50,90,NA,11,8,NA,NA,12,16,15,14,NA,8,13,16,NA,1,3,NA,NA,1,1,2,2,NA,1,2,2,13.06801891,NA,58,349,NA,NA,291,39,349,354,NA,48,339,261,NA,2,3,NA,NA,6,7,8,9,NA,11,12,13,7.202424049,138.0302887,0.885365427,5.223756313,5.164062023,42.56356049,36.76839447,1.337937474,7.325208664,1243.921265,4.137878418,-985.7395576,-859.989323,RufousTailedHawk,15
1252,NA,NA,NA,NA,0,0,0,0,NA,0,0,0,0,NA,NA,NA,NA,120,74,130,75,NA,63,30,60,45,NA,NA,NA,NA,14,13,14,13,NA,8,8,8,17,NA,NA,NA,NA,1,1,2,3,NA,1,1,1,2,5.919158936,NA,NA,NA,NA,15,312,309,1,NA,17,335,26,247,NA,NA,NA,NA,5,6,7,8,NA,10,11,12,13,6.018017769,87.00495148,3.413061142,4.66287899,6.605975628,30.26731873,23.74172783,12.08026218,14.33879852,1544.127686,1.691907883,-955.7395576,-859.989323,RufousTailedHawk,15
1253,NA,NA,NA,NA,0,NA,0,NA,NA,NA,0,0,0,NA,NA,NA,NA,60,NA,15,NA,NA,NA,6,50,120,NA,NA,NA,NA,17,NA,11,NA,NA,NA,12,15,11,NA,NA,NA,NA,2,NA,2,NA,NA,NA,3,1,2,6.063097954,NA,NA,NA,NA,347,NA,313,NA,NA,NA,270,9,282,NA,NA,NA,NA,5,NA,7,NA,NA,NA,11,12,13,6.922468185,68.29137421,10.63999748,3.374096155,7.346875191,23.45991898,9.029845238,11.09496593,34.08729935,1444.922974,-0.382217616,-940.7395576,-859.989323,RufousTailedHawk,15
1254,0,NA,NA,0,0,NA,0,NA,0,0,0,0,0,30,NA,NA,60,90,NA,25,NA,5,23,120,2,21,15,NA,NA,18,19,NA,11,NA,16,17,18,13,15,1,NA,NA,1,2,NA,2,NA,2,1,7,2,1,2.834326267,324,NA,NA,44,347,NA,313,NA,55,32,324,323,307,1,NA,NA,4,5,NA,7,NA,9,10,11,12,13,8.675748825,52.24220276,16.45191002,2.857336521,2.646911144,17.3047905,0.442877442,4.609208107,55.17255402,1159.548096,-1.881762981,-925.7395576,-859.989323,RufousTailedHawk,15
1257,NA,NA,NA,NA,NA,NA,1,NA,0,0,0,0,0,NA,NA,NA,NA,NA,NA,60,NA,2,5,30,30,16,NA,NA,NA,NA,NA,NA,14,NA,10,10,6,6,16,NA,NA,NA,NA,NA,NA,3,NA,1,5,1,1,1,2.246858597,NA,NA,NA,NA,NA,NA,52,NA,246,338,351,279,278,NA,NA,NA,NA,NA,NA,7,NA,9,10,11,12,13,12.40165043,172.4773407,0.520741284,13.96278191,8.466814041,26.03617096,34.10160065,3.468986273,8.020554543,11.60162926,-1.045794368,-1120.739558,-874.989323,RufousTailedHawk,15
1258,NA,NA,NA,NA,NA,NA,NA,NA,NA,NA,NA,0,NA,NA,NA,NA,NA,NA,NA,NA,NA,NA,NA,NA,105,NA,NA,NA,NA,NA,NA,NA,NA,NA,NA,NA,NA,17,NA,NA,NA,NA,NA,NA,NA,NA,NA,NA,NA,NA,2,NA,5.258919239,NA,NA,NA,NA,NA,NA,NA,NA,NA,NA,NA,320,NA,NA,NA,NA,NA,NA,NA,NA,NA,NA,NA,NA,12,NA,11.18816662,172.3602753,0.133703977,9.063414574,6.603254318,34.62621689,46.11680984,0.024904475,3.259625435,218.9288177,0.545358241,-1105.739558,-874.989323,RufousTailedHawk,15
1260,NA,NA,NA,NA,NA,NA,0,NA,NA,NA,NA,NA,0,NA,NA,NA,NA,NA,NA,60,NA,NA,NA,NA,NA,2,NA,NA,NA,NA,NA,NA,16,NA,NA,NA,NA,NA,17,NA,NA,NA,NA,NA,NA,2,NA,NA,NA,NA,NA,1,2.38594079,NA,NA,NA,NA,NA,NA,248,NA,NA,NA,NA,NA,32,NA,NA,NA,NA,NA,NA,7,NA,NA,NA,NA,NA,13,10.95658302,190.2611237,0.0667734,9.992046356,8.966305733,28.77502251,50.45867538,0.454362661,1.273676157,240.9170837,0.483121574,-1075.739558,-874.989323,RufousTailedHawk,15
1261,NA,NA,NA,NA,NA,NA,NA,NA,NA,NA,NA,NA,0,NA,NA,NA,NA,NA,NA,NA,NA,NA,NA,NA,NA,3,NA,NA,NA,NA,NA,NA,NA,NA,NA,NA,NA,NA,6,NA,NA,NA,NA,NA,NA,NA,NA,NA,NA,NA,NA,1,2.705808401,NA,NA,NA,NA,NA,NA,NA,NA,NA,NA,NA,NA,328,NA,NA,NA,NA,NA,NA,NA,NA,NA,NA,NA,NA,13,11.08284283,211.5865173,0.140692547,46.13864136,3.337746620,14.25155449,34.57815933,0.644621611,0.872286379,221.5946808,0.178655729,-1060.739558,-874.989323,RufousTailedHawk,15
1262,NA,NA,0,NA,NA,NA,NA,NA,0,0,0,0,0,NA,NA,30,NA,NA,NA,NA,NA,120,2,45,30,50,NA,NA,8,NA,NA,NA,NA,NA,12,14,9,8,15,NA,NA,1,NA,NA,NA,NA,NA,2,1,2,1,1,1.900922298,NA,NA,41,NA,NA,NA,NA,NA,57,28,350,364,292,NA,NA,3,NA,NA,NA,NA,NA,9,10,11,12,13,10.78531265,238.2494812,0.01308677,48.70857239,2.495111942,12.41899967,34.24109268,1.015112996,0.693930149,295.2684021,-0.202595979,-1045.739558,-874.989323,RufousTailedHawk,15
1263,0,0,0,0,0,0,0,0,0,0,0,0,0,180,120,60,120,30,60,39,5,27,7,32,210,26,8,9,12,13,16,11,18,19,12,10,16,16,9,2,2,3,2,1,4,1,4,2,1,1,2,2,2.283409357,57,341,41,57,263,281,365,295,347,304,291,266,246,1,2,3,4,5,6,7,8,9,10,11,12,13,11.16419506,256.6618652,0.101035446,21.84425163,1.966103435,8.532423973,15.38885498,2.540953159,1.406048656,261.8403015,-1.143857956,-1030.739558,-874.989323,RufousTailedHawk,15
1264,0,0,0,0,0,0,0,0,0,0,0,0,0,60,90,240,30,20,60,30,38,265,7,10,90,26,18,11,12,9,10,6,11,19,13,17,20,11,11,1,3,2,1,1,1,1,2,1,1,2,3,1,3.199406385,18,7,270,344,262,336,294,351,362,331,364,251,352,1,2,3,4,5,6,7,8,9,10,11,12,13,10.55410957,240.744873,0.295446962,12.89875793,3.128918409,20.66381836,25.80481339,2.982388496,4.321247578,423.8200989,-2.765179634,-1015.739558,-874.989323,RufousTailedHawk,15
1265,0,0,0,NA,0,0,0,0,0,0,0,0,0,180,120,180,NA,120,180,60,30,120,120,15,184,60,12,0,14,NA,11,10,15,15,18,10,16,17,17,2,4,4,NA,2,1,1,1,2,1,1,1,1,2.666343451,53,7,43,NA,4,33,296,262,299,293,350,363,281,1,2,3,NA,5,6,7,8,9,10,11,12,13,10.1268568,210.6986694,0.280221134,13.48752594,6.706442833,31.41742134,42.38831329,1.927726626,3.174249411,548.5247803,-3.557654619,-1000.739558,-874.989323,RufousTailedHawk,15
1266,0,NA,0,0,NA,0,NA,0,0,0,0,NA,0,180,NA,20,180,NA,20,NA,120,300,10,3,NA,4,8,NA,0,8,NA,10,NA,16,8,12,14,NA,17,2,NA,2,2,NA,1,NA,2,2,1,1,NA,2,5.836712837,43,NA,339,48,NA,342,NA,267,319,365,291,NA,31,1,NA,3,4,NA,6,NA,8,9,10,11,NA,13,8.796575546,160.4152374,0.761939108,5.812460899,5.041243076,40.90580368,39.76074982,1.277804613,5.296405792,880.7884521,-2.446655512,-985.7395576,-874.989323,RufousTailedHawk,15
1268,NA,NA,NA,NA,NA,NA,0,NA,NA,NA,0,0,0,NA,NA,NA,NA,NA,NA,20,NA,NA,NA,15,90,241,NA,NA,NA,NA,NA,NA,13,NA,NA,NA,13,10,15,NA,NA,NA,NA,NA,NA,2,NA,NA,NA,1,2,1,5.068527699,NA,NA,NA,NA,NA,NA,314,NA,NA,NA,9,44,267,NA,NA,NA,NA,NA,NA,7,NA,NA,NA,11,12,13,6.535752773,88.39684296,2.573015928,3.86113739,4.647028923,36.75926971,24.17267609,8.241939545,13.8999691,1418.243286,-0.750155687,-955.7395576,-874.989323,RufousTailedHawk,15
1269,NA,NA,NA,NA,NA,NA,NA,NA,0,NA,NA,NA,NA,NA,NA,NA,NA,NA,NA,NA,NA,60,NA,NA,NA,NA,NA,NA,NA,NA,NA,NA,NA,NA,13,NA,NA,NA,NA,NA,NA,NA,NA,NA,NA,NA,NA,2,NA,NA,NA,NA,5.593922615,NA,NA,NA,NA,NA,NA,NA,NA,299,NA,NA,NA,NA,NA,NA,NA,NA,NA,NA,NA,NA,9,NA,NA,NA,NA,6.681346416,69.75553894,8.462166786,4.108007908,9.363926888,24.95836449,12.53252316,14.72568703,23.46864128,1446.185303,-0.953792632,-940.7395576,-874.989323,RufousTailedHawk,15
1270,NA,NA,NA,NA,NA,NA,0,NA,0,0,0,NA,0,NA,NA,NA,NA,NA,NA,24,NA,120,3,57,NA,60,NA,NA,NA,NA,NA,NA,11,NA,16,11,19,NA,19,NA,NA,NA,NA,NA,NA,2,NA,3,3,2,NA,2,2.678553343,NA,NA,NA,NA,NA,NA,314,NA,22,347,327,NA,365,NA,NA,NA,NA,NA,NA,7,NA,9,10,11,NA,13,8.365670204,54.29190826,11.84062004,2.986683369,3.248520851,15.79316711,6.806001186,7.030797958,51.4289856,1175.907227,-2.153147221,-925.7395576,-874.989323,RufousTailedHawk,15
1273,0,0,NA,NA,NA,NA,0,NA,0,0,0,0,0,24,10,NA,NA,NA,NA,180,NA,126,10,120,90,41,16,11,NA,NA,NA,NA,12,NA,14,15,16,13,12,1,1,NA,NA,NA,NA,2,NA,2,4,3,3,1,2.246858597,299,5,NA,NA,NA,NA,38,NA,23,338,326,278,355,1,2,NA,NA,NA,NA,7,NA,9,10,11,12,13,12.40165043,172.4773407,0.520741284,13.96278191,8.466814041,26.03617096,34.10160065,3.468986273,8.020554543,11.60162926,-1.045794368,-1120.739558,-889.989323,RufousTailedHawk,15
1276,NA,NA,NA,NA,NA,NA,NA,NA,NA,NA,0,0,0,NA,NA,NA,NA,NA,NA,NA,NA,NA,NA,45,17,2,NA,NA,NA,NA,NA,NA,NA,NA,NA,NA,16,8,8,NA,NA,NA,NA,NA,NA,NA,NA,NA,NA,1,1,1,3.248802185,NA,NA,NA,NA,NA,NA,NA,NA,NA,NA,291,253,274,NA,NA,NA,NA,NA,NA,NA,NA,NA,NA,11,12,13,10.94415283,198.6184845,0.193457007,9.343668938,8.480618477,30.07164764,49.03594589,0.958420753,1.786097169,222.4292908,0.55843997,-1075.739558,-889.989323,RufousTailedHawk,15
1277,NA,NA,NA,NA,NA,NA,NA,NA,0,0,0,0,0,NA,NA,NA,NA,NA,NA,NA,NA,30,39,180,10,17,NA,NA,NA,NA,NA,NA,NA,NA,13,12,17,17,14,NA,NA,NA,NA,NA,NA,NA,NA,3,1,2,1,1,2.458385229,NA,NA,NA,NA,NA,NA,NA,NA,362,256,3,260,254,NA,NA,NA,NA,NA,NA,NA,NA,9,10,11,12,13,10.87935162,216.52211,0.116404764,26.87699127,5.724236488,27.97832489,36.69530106,0.895594597,1.691725969,241.684433,-2.443732262,-1060.739558,-889.989323,RufousTailedHawk,15
1278,NA,NA,NA,NA,NA,NA,0,0,0,NA,0,0,NA,NA,NA,NA,NA,NA,NA,30,60,18,NA,3,42,NA,NA,NA,NA,NA,NA,NA,12,10,16,NA,12,11,NA,NA,NA,NA,NA,NA,NA,1,1,3,NA,1,1,NA,4.025242329,NA,NA,NA,NA,NA,NA,29,261,324,NA,361,12,NA,NA,NA,NA,NA,NA,NA,7,8,9,NA,11,12,NA,10.310215,236.4472198,0.255969167,23.94947433,6.654169083,26.78137589,40.12004089,1.11771071,1.127411246,376.8452759,2.012422323,-1045.739558,-889.989323,RufousTailedHawk,15
1279,NA,NA,NA,NA,NA,NA,NA,0,NA,0,NA,0,0,NA,NA,NA,NA,NA,NA,NA,20,NA,50,NA,23,240,NA,NA,NA,NA,NA,NA,NA,18,NA,20,NA,17,7,NA,NA,NA,NA,NA,NA,NA,1,NA,1,NA,1,1,2.640179396,NA,NA,NA,NA,NA,NA,NA,324,NA,53,NA,57,47,NA,NA,NA,NA,NA,NA,NA,8,NA,10,NA,12,13,9.966481209,244.5871124,0.341416597,22.63805771,6.168105125,26.30618286,39.02242279,3.449206591,1.911534905,481.9508972,-0.971431732,-1030.739558,-889.989323,RufousTailedHawk,15
1280,0,0,NA,0,NA,0,0,0,0,0,0,0,0,90,120,NA,10,NA,60,240,60,20,45,30,60,169,0,17,NA,18,NA,10,9,7,18,18,12,8,8,1,1,NA,1,NA,3,2,2,2,3,2,1,2,7.298175812,259,7,NA,49,NA,338,2,351,329,365,348,304,281,1,2,NA,4,NA,6,7,8,9,10,11,12,13,7.318352222,189.6477203,4.615639687,4.26778698,2.992081642,30.80181885,35.75362015,2.682694197,11.18858242,1115.185059,2.684530973,-1015.739558,-889.989323,RufousTailedHawk,15
1281,NA,NA,0,0,NA,0,NA,0,0,0,0,0,0,NA,NA,60,300,NA,30,NA,25,28,60,55,53,41,NA,NA,11,10,NA,12,NA,11,12,20,11,14,12,NA,NA,3,3,NA,1,NA,2,1,3,1,3,1,6.354911327,NA,NA,2,361,NA,314,NA,341,337,349,357,267,363,NA,NA,3,4,NA,6,NA,8,9,10,11,12,13,6.950376987,158.7541656,4.419859886,6.18757534,4.832318783,31.13178253,37.05351257,2.177839756,8.21908474,1226.602661,2.554686308,-1000.739558,-889.989323,RufousTailedHawk,15
1282,NA,NA,NA,NA,NA,0,NA,NA,NA,NA,0,NA,0,NA,NA,NA,NA,NA,34,NA,NA,NA,NA,10,NA,96,NA,NA,NA,NA,NA,11,NA,NA,NA,NA,14,NA,17,NA,NA,NA,NA,NA,3,NA,NA,NA,NA,2,NA,1,5.607717037,NA,NA,NA,NA,NA,290,NA,NA,NA,NA,1,NA,259,NA,NA,NA,NA,NA,6,NA,NA,NA,NA,11,NA,13,7.979021072,153.2184143,2.276280403,7.436640263,6.057857037,38.05469131,38.04281235,1.733713031,5.119802952,1019.47229,1.850944757,-985.7395576,-889.989323,RufousTailedHawk,15
1283,NA,NA,NA,NA,NA,NA,NA,NA,NA,NA,0,0,NA,NA,NA,NA,NA,NA,NA,NA,NA,NA,NA,100,20,NA,NA,NA,NA,NA,NA,NA,NA,NA,NA,NA,15,15,NA,NA,NA,NA,NA,NA,NA,NA,NA,NA,NA,1,1,NA,5.666862965,NA,NA,NA,NA,NA,NA,NA,NA,NA,NA,52,55,NA,NA,NA,NA,NA,NA,NA,NA,NA,NA,NA,11,12,NA,7.674435139,122.6353226,0.641811788,5.800143719,2.217492819,40.98485184,33.58376694,2.187358141,8.531742096,1117.518433,-2.174750566,-970.7395576,-889.989323,RufousTailedHawk,15
1284,NA,NA,NA,NA,NA,NA,NA,NA,0,NA,NA,NA,NA,NA,NA,NA,NA,NA,NA,NA,NA,300,NA,NA,NA,NA,NA,NA,NA,NA,NA,NA,NA,NA,10,NA,NA,NA,NA,NA,NA,NA,NA,NA,NA,NA,NA,5,NA,NA,NA,NA,8.400717735,NA,NA,NA,NA,NA,NA,NA,NA,314,NA,NA,NA,NA,NA,NA,NA,NA,NA,NA,NA,NA,9,NA,NA,NA,NA,6.709527969,90.340065,0.151665375,1.815429091,2.737999201,39.96167755,37.05508041,4.358216286,6.834907532,1345.573486,-0.718910873,-955.7395576,-889.989323,RufousTailedHawk,15
1286,NA,NA,NA,NA,NA,NA,NA,NA,0,NA,NA,0,NA,NA,NA,NA,NA,NA,NA,NA,NA,10,NA,NA,83,NA,NA,NA,NA,NA,NA,NA,NA,NA,19,NA,NA,10,NA,NA,NA,NA,NA,NA,NA,NA,NA,3,NA,NA,2,NA,3.36817193,NA,NA,NA,NA,NA,NA,NA,NA,55,NA,NA,38,NA,NA,NA,NA,NA,NA,NA,NA,NA,9,NA,NA,12,NA,7.905834675,57.83107758,14.19975948,2.606515884,3.235727310,16.60065079,1.427662253,8.636429787,52.86750412,1252.343262,1.237884283,-925.7395576,-889.989323,RufousTailedHawk,15
1288,NA,NA,0,NA,NA,0,0,0,0,0,0,0,0,NA,NA,60,NA,NA,60,10,5,60,7,53,7,37,NA,NA,15,NA,NA,8,13,18,11,15,13,18,14,NA,NA,1,NA,NA,3,2,2,4,1,4,1,2,4.658128738,NA,NA,9,NA,NA,348,362,22,293,4,257,346,281,NA,NA,3,NA,NA,6,7,8,9,10,11,12,13,11.06757259,191.9822693,0.117188402,3.572847366,3.301712990,28.49457932,27.79008102,1.348525643,5.430634022,139.4422607,1.838252783,-1120.739558,-904.989323,RufousTailedHawk,15
1289,NA,NA,0,NA,NA,NA,NA,NA,0,0,0,0,0,NA,NA,30,NA,NA,NA,NA,NA,50,15,30,15,79,NA,NA,9,NA,NA,NA,NA,NA,19,9,16,10,13,NA,NA,1,NA,NA,NA,NA,NA,1,1,1,1,1,3.660348177,NA,NA,255,NA,NA,NA,NA,NA,356,301,289,258,324,NA,NA,3,NA,NA,NA,NA,NA,9,10,11,12,13,11.16694355,186.3535919,0.07160382,6.938083172,7.586743355,37.76895905,45.24226761,1.038809061,1.134309292,154.85466,-1.497873425,-1105.739558,-904.989323,RufousTailedHawk,15
1290,NA,NA,NA,NA,NA,NA,NA,0,0,0,0,0,0,NA,NA,NA,NA,NA,NA,NA,61,2,21,3,23,2,NA,NA,NA,NA,NA,NA,NA,20,10,14,15,14,7,NA,NA,NA,NA,NA,NA,NA,1,1,1,1,1,1,1.889793515,NA,NA,NA,NA,NA,NA,NA,40,364,264,300,278,292,NA,NA,NA,NA,NA,NA,NA,8,9,10,11,12,13,11.37012768,189.4720001,0.051841475,15.25945091,8.383773804,26.40430832,46.38095093,1.545125961,1.545654774,121.5356064,0.305544347,-1090.739558,-904.989323,RufousTailedHawk,15
1291,NA,NA,NA,NA,NA,NA,NA,NA,NA,0,0,0,0,NA,NA,NA,NA,NA,NA,NA,NA,NA,60,6,13,17,NA,NA,NA,NA,NA,NA,NA,NA,NA,15,12,16,14,NA,NA,NA,NA,NA,NA,NA,NA,NA,1,3,1,1,3.038833141,NA,NA,NA,NA,NA,NA,NA,NA,NA,357,299,275,359,NA,NA,NA,NA,NA,NA,NA,NA,NA,10,11,12,13,10.68036556,203.034668,0.101238079,15.78484726,7.258518696,31.60892487,41.24386215,1.111432076,2.826436996,256.6008911,0.625212491,-1075.739558,-904.989323,RufousTailedHawk,15
1292,NA,NA,NA,NA,NA,NA,0,NA,NA,NA,NA,0,0,NA,NA,NA,NA,NA,NA,30,NA,NA,NA,NA,20,18,NA,NA,NA,NA,NA,NA,18,NA,NA,NA,NA,14,17,NA,NA,NA,NA,NA,NA,3,NA,NA,NA,NA,1,1,3.472244024,NA,NA,NA,NA,NA,NA,38,NA,NA,NA,NA,5,338,NA,NA,NA,NA,NA,NA,7,NA,NA,NA,NA,12,13,10.57537937,219.2689362,0.513014078,19.35786629,4.413739681,29.28076363,42.84339523,1.05369699,2.441852331,287.3621521,-0.95032835,-1060.739558,-904.989323,RufousTailedHawk,15
1293,NA,NA,NA,0,NA,NA,NA,0,0,0,0,0,0,NA,NA,NA,60,NA,NA,NA,5,240,5,20,3,76,NA,NA,NA,16,NA,NA,NA,10,16,15,19,14,20,NA,NA,NA,1,NA,NA,NA,1,1,3,2,2,2,2.326109648,NA,NA,NA,294,NA,NA,NA,333,364,362,336,303,361,NA,NA,NA,4,NA,NA,NA,8,9,10,11,12,13,10.50286102,237.1326294,0.116422877,31.856493,4.928964138,21.06525612,34.92793655,4.321369171,0.924710929,318.2271118,-0.689225078,-1045.739558,-904.989323,RufousTailedHawk,15
1294,NA,NA,0,0,NA,NA,0,0,0,0,0,0,0,NA,NA,240,300,NA,NA,20,240,45,60,44,68,167,NA,NA,16,11,NA,NA,10,8,21,18,14,9,13,NA,NA,1,2,NA,NA,1,1,1,2,2,3,1,2.574137926,NA,NA,55,281,NA,NA,55,52,365,291,364,313,347,NA,NA,3,4,NA,NA,7,8,9,10,11,12,13,10.75442505,247.6690674,0.285592735,14.32269669,4.694485664,17.98768616,19.62450409,4.596482754,1.959979534,305.6239319,0.08138141,-1030.739558,-904.989323,RufousTailedHawk,15
1295,NA,NA,0,NA,NA,NA,NA,0,0,0,0,0,0,NA,NA,25,NA,NA,NA,NA,60,40,38,48,60,62,NA,NA,8,NA,NA,NA,NA,19,20,17,18,16,13,NA,NA,1,NA,NA,NA,NA,2,2,1,1,1,2,1.842838645,NA,NA,56,NA,NA,NA,NA,351,26,54,313,251,281,NA,NA,3,NA,NA,NA,NA,8,9,10,11,12,13,9.512870789,224.5079346,0.264899939,6.747689724,3.692516088,35.43336487,32.02972794,3.118315697,5.772659302,602.3795166,-4.058237553,-1015.739558,-904.989323,RufousTailedHawk,15
1296,NA,NA,NA,NA,NA,NA,NA,0,NA,0,0,0,0,NA,NA,NA,NA,NA,NA,NA,3,NA,180,50,120,120,NA,NA,NA,NA,NA,NA,NA,15,NA,13,16,8,9,NA,NA,NA,NA,NA,NA,NA,1,NA,1,1,2,1,4.764739037,NA,NA,NA,NA,NA,NA,NA,365,NA,28,38,262,325,NA,NA,NA,NA,NA,NA,NA,8,NA,10,11,12,13,7.336247921,167.2529907,1.177035093,1.380945086,1.067414284,49.90816498,37.34830093,0.708878815,6.700799465,1115.815552,1.065029502,-1000.739558,-904.989323,RufousTailedHawk,15
1297,NA,NA,NA,NA,NA,NA,NA,0,0,0,0,0,NA,NA,NA,NA,NA,NA,NA,NA,14,6,60,18,21,NA,NA,NA,NA,NA,NA,NA,NA,11,16,16,10,17,NA,NA,NA,NA,NA,NA,NA,NA,1,2,1,2,2,NA,6.290093899,NA,NA,NA,NA,NA,NA,NA,44,364,50,366,262,NA,NA,NA,NA,NA,NA,NA,NA,8,9,10,11,12,NA,5.627924919,126.5240936,7.457090378,4.159040451,3.936167717,35.24435806,28.1769352,4.27098608,11.74347591,1500.543701,1.936051846,-985.7395576,-904.989323,RufousTailedHawk,15
1298,0,0,0,0,NA,0,0,0,0,0,0,0,0,120,60,180,60,NA,120,60,5,70,30,30,112,9,12,11,12,16,NA,11,8,18,19,14,15,14,20,2,1,1,1,NA,3,2,4,1,1,1,1,1,3.276615143,361,329,251,318,NA,262,310,295,315,365,290,262,288,1,2,3,4,NA,6,7,8,9,10,11,12,13,5.922472477,109.3405914,7.606161594,3.627316236,3.647686243,29.48933601,20.45554543,7.809520245,12.23106956,1448.480347,2.83368659,-970.7395576,-904.989323,RufousTailedHawk,15
1299,NA,NA,NA,NA,NA,NA,NA,0,NA,NA,0,NA,0,NA,NA,NA,NA,NA,NA,NA,5,NA,NA,120,NA,48,NA,NA,NA,NA,NA,NA,NA,17,NA,NA,16,NA,15,NA,NA,NA,NA,NA,NA,NA,1,NA,NA,1,NA,1,5.991277218,NA,NA,NA,NA,NA,NA,NA,301,NA,NA,305,NA,56,NA,NA,NA,NA,NA,NA,NA,8,NA,NA,11,NA,13,7.443421841,93.89212799,3.673239708,5.217974186,8.458472252,30.66192436,24.83733749,9.787676811,16.12030792,1214.94458,-4.800837517,-955.7395576,-904.989323,RufousTailedHawk,15
1300,NA,NA,NA,NA,NA,NA,0,NA,0,NA,NA,NA,NA,NA,NA,NA,NA,NA,NA,150,NA,75,NA,NA,NA,NA,NA,NA,NA,NA,NA,NA,15,NA,11,NA,NA,NA,NA,NA,NA,NA,NA,NA,NA,4,NA,1,NA,NA,NA,NA,9.961959839,NA,NA,NA,NA,NA,NA,259,NA,282,NA,NA,NA,NA,NA,NA,NA,NA,NA,NA,7,NA,9,NA,NA,NA,NA,7.036792278,71.35765076,8.195641518,3.124764442,4.648093224,22.57161903,11.48835182,11.8686657,35.53049088,1370.783447,0.88663125,-940.7395576,-904.989323,RufousTailedHawk,15
1303,0,NA,NA,NA,NA,NA,NA,0,0,0,0,0,0,30,NA,NA,NA,NA,NA,NA,1,5,34,10,15,8,14,NA,NA,NA,NA,NA,NA,13,15,15,8,7,10,5,NA,NA,NA,NA,NA,NA,2,1,2,1,1,1,12.83327484,338,NA,NA,NA,NA,NA,NA,276,256,268,359,246,294,1,NA,NA,NA,NA,NA,NA,8,9,10,11,12,13,10.72081184,203.1751404,0,5.319742203,1.828820944,35.92879868,34.5749855,0.72113353,6.698883533,196.1195984,1.122580886,-1120.739558,-919.989323,RufousTailedHawk,15
1304,NA,NA,NA,NA,NA,NA,NA,0,0,0,0,0,0,NA,NA,NA,NA,NA,NA,NA,2,60,60,6,18,16,NA,NA,NA,NA,NA,NA,NA,10,13,11,18,14,13,NA,NA,NA,NA,NA,NA,NA,2,4,1,1,1,1,4.163732052,NA,NA,NA,NA,NA,NA,NA,4,291,284,276,310,281,NA,NA,NA,NA,NA,NA,NA,8,9,10,11,12,13,11.69734001,180.7416229,0.053743523,31.84147263,4.734051704,22.14664078,35.41853333,2.350228548,1.994197965,27.1559906,-1.540086865,-1105.739558,-919.989323,RufousTailedHawk,15
1305,NA,NA,NA,NA,NA,NA,NA,0,NA,0,0,NA,0,NA,NA,NA,NA,NA,NA,NA,60,NA,38,14,NA,2,NA,NA,NA,NA,NA,NA,NA,11,NA,10,10,NA,8,NA,NA,NA,NA,NA,NA,NA,3,NA,5,1,NA,1,2.530021667,NA,NA,NA,NA,NA,NA,NA,305,NA,292,296,NA,292,NA,NA,NA,NA,NA,NA,NA,8,NA,10,11,NA,13,11.38780403,189.074295,0,18.68910027,8.558716774,27.66215897,43.19887924,0.760056019,0.755915046,93.7298584,0.219773576,-1090.739558,-919.989323,RufousTailedHawk,15
1306,NA,NA,NA,NA,NA,NA,NA,NA,NA,NA,NA,NA,0,NA,NA,NA,NA,NA,NA,NA,NA,NA,NA,NA,NA,16,NA,NA,NA,NA,NA,NA,NA,NA,NA,NA,NA,NA,17,NA,NA,NA,NA,NA,NA,NA,NA,NA,NA,NA,NA,1,3.048001289,NA,NA,NA,NA,NA,NA,NA,NA,NA,NA,NA,NA,288,NA,NA,NA,NA,NA,NA,NA,NA,NA,NA,NA,NA,13,10.54889297,210.7137146,0,5.347296715,5.421164513,35.11217117,49.73169708,1.223574281,3.138545036,265.0675659,1.088418126,-1075.739558,-919.989323,RufousTailedHawk,15
1307,NA,NA,NA,NA,NA,NA,NA,NA,NA,NA,NA,NA,0,NA,NA,NA,NA,NA,NA,NA,NA,NA,NA,NA,NA,63,NA,NA,NA,NA,NA,NA,NA,NA,NA,NA,NA,NA,15,NA,NA,NA,NA,NA,NA,NA,NA,NA,NA,NA,NA,1,5.122934341,NA,NA,NA,NA,NA,NA,NA,NA,NA,NA,NA,NA,322,NA,NA,NA,NA,NA,NA,NA,NA,NA,NA,NA,NA,13,10.14418411,225.7679443,0.041273694,16.92285156,3.260216713,34.78004074,38.01350784,3.90542841,2.973859549,358.5819397,2.430983067,-1060.739558,-919.989323,RufousTailedHawk,15
1308,NA,0,0,NA,NA,NA,NA,0,0,0,0,0,0,NA,120,150,NA,NA,NA,NA,30,2,5,24,7,34,NA,18,9,NA,NA,NA,NA,11,10,16,17,12,13,NA,3,2,NA,NA,NA,NA,4,1,3,1,1,1,2.439761639,NA,332,329,NA,NA,NA,NA,255,272,360,275,252,275,NA,2,3,NA,NA,NA,NA,8,9,10,11,12,13,10.6788578,236.521347,0.190401331,38.91374969,3.591987133,15.9727993,30.11844063,3.334209442,0.32814759,270.2773438,-0.309247106,-1045.739558,-919.989323,RufousTailedHawk,15
1309,NA,NA,NA,NA,0,0,0,0,NA,0,0,0,0,NA,NA,NA,NA,175,70,50,60,NA,29,70,42,93,NA,NA,NA,NA,11,9,12,9,NA,17,18,14,10,NA,NA,NA,NA,2,1,1,4,NA,1,2,1,1,7.626582146,NA,NA,NA,NA,43,266,57,255,NA,55,360,310,342,NA,NA,NA,NA,5,6,7,8,NA,10,11,12,13,9.927904129,230.7683563,0,10.94032192,2.859763622,29.86898422,22.03099823,2.99341917,6.881188393,468.0648499,1.452035904,-1030.739558,-919.989323,RufousTailedHawk,15
1311,NA,NA,NA,NA,NA,NA,NA,0,0,NA,0,0,0,NA,NA,NA,NA,NA,NA,NA,15,3,NA,10,240,60,NA,NA,NA,NA,NA,NA,NA,17,11,NA,13,10,12,NA,NA,NA,NA,NA,NA,NA,1,1,NA,1,3,4,3.418586016,NA,NA,NA,NA,NA,NA,NA,57,20,NA,251,364,253,NA,NA,NA,NA,NA,NA,NA,8,9,NA,11,12,13,8.915138245,194.443222,0.098571651,4.271147251,2.336008787,45.21015549,36.67057419,1.380704641,8.242482185,764.9723511,-2.089960337,-1000.739558,-919.989323,RufousTailedHawk,15
1312,NA,NA,NA,NA,0,NA,NA,NA,NA,NA,NA,NA,NA,NA,NA,NA,NA,60,NA,NA,NA,NA,NA,NA,NA,NA,NA,NA,NA,NA,18,NA,NA,NA,NA,NA,NA,NA,NA,NA,NA,NA,NA,1,NA,NA,NA,NA,NA,NA,NA,NA,4.06061554,NA,NA,NA,NA,47,NA,NA,NA,NA,NA,NA,NA,NA,NA,NA,NA,NA,5,NA,NA,NA,NA,NA,NA,NA,NA,6.802083492,139.558075,1.046912313,4.468018532,2.151527882,42.83460236,34.31668472,1.591936469,8.925191879,1231.360596,0.947053134,-985.7395576,-919.989323,RufousTailedHawk,15
1313,NA,NA,0,NA,0,NA,0,0,0,0,0,0,0,NA,NA,180,NA,60,NA,60,240,180,50,150,84,206,NA,NA,10,NA,8,NA,11,15,13,14,12,8,14,NA,NA,1,NA,1,NA,2,1,4,1,2,2,1,3.414389372,NA,NA,361,NA,46,NA,318,365,307,36,348,258,310,NA,NA,3,NA,5,NA,7,8,9,10,11,12,13,5.780712605,111.5073776,8.521640778,2.978374243,3.184131384,26.39561462,15.43455219,8.93684864,16.00818253,1488.541016,0.406900406,-970.7395576,-919.989323,RufousTailedHawk,15
1314,NA,NA,NA,NA,0,NA,0,NA,0,NA,NA,0,0,NA,NA,NA,NA,120,NA,20,NA,120,NA,NA,40,5,NA,NA,NA,NA,10,NA,10,NA,13,NA,NA,16,19,NA,NA,NA,NA,2,NA,2,NA,2,NA,NA,1,2,2.695685863,NA,NA,NA,NA,11,NA,318,NA,285,NA,NA,16,310,NA,NA,NA,NA,5,NA,7,NA,9,NA,NA,12,13,7.450278282,96.72740173,4.744444847,3.606549025,6.189301491,20.36397171,13.05360508,11.03532887,16.76997566,1195.557739,-2.935532093,-955.7395576,-919.989323,RufousTailedHawk,15
1315,NA,NA,NA,NA,NA,NA,NA,0,NA,NA,NA,NA,NA,NA,NA,NA,NA,NA,NA,NA,4,NA,NA,NA,NA,NA,NA,NA,NA,NA,NA,NA,NA,14,NA,NA,NA,NA,NA,NA,NA,NA,NA,NA,NA,NA,2,NA,NA,NA,NA,NA,9.961959839,NA,NA,NA,NA,NA,NA,NA,45,NA,NA,NA,NA,NA,NA,NA,NA,NA,NA,NA,NA,8,NA,NA,NA,NA,NA,7.036792278,71.35765076,8.195641518,3.124764442,4.648093224,22.57161903,11.48835182,11.8686657,35.53049088,1370.783447,0.88663125,-940.7395576,-919.989323,RufousTailedHawk,15
1316,NA,NA,0,NA,NA,0,NA,0,0,0,1,1,0,NA,NA,60,NA,NA,30,NA,20,1,60,60,91,3,NA,NA,17,NA,NA,14,NA,16,12,13,14,10,13,NA,NA,1,NA,NA,2,NA,4,2,3,2,1,1,6.087734699,NA,NA,12,NA,NA,325,NA,296,319,288,11,348,362,NA,NA,3,NA,NA,6,NA,8,9,10,11,12,13,10.93514061,210.9680939,0.01173386,7.397830009,2.771639585,34.1415062,39.99995041,0.941506028,4.983631611,152.1277008,0.299606979,-1135.739558,-934.989323,RufousTailedHawk,15
1317,0,0,0,0,0,0,0,1,0,1,0,0,1,300,40,90,20,20,240,120,180,300,60,7,48,25,8,16,8,15,12,8,13,10,9,8,12,7,15,3,1,1,2,3,2,1,2,5,4,1,1,1,6.087734699,342,295,12,320,298,279,288,258,352,348,260,320,280,1,2,3,4,5,6,7,8,9,10,11,12,13,10.93514061,210.9680939,0.01173386,7.397830009,2.771639585,34.1415062,39.99995041,0.941506028,4.983631611,152.1277008,0.299606979,-1120.739558,-934.989323,RufousTailedHawk,15
1318,NA,NA,0,NA,0,NA,0,0,0,0,0,0,0,NA,NA,60,NA,25,NA,240,45,96,68,4,5,2,NA,NA,0,NA,14,NA,9,13,10,11,19,6,16,NA,NA,1,NA,3,NA,2,1,1,1,1,1,1,1.771040559,NA,NA,256,NA,271,NA,269,301,330,322,276,272,316,NA,NA,3,NA,5,NA,7,8,9,10,11,12,13,11.36140347,195.9716949,0.039253473,12.63493347,7.252228260,25.97180557,48.33410263,0.492050201,3.366498709,65.45502472,-0.630329013,-1105.739558,-934.989323,RufousTailedHawk,15
1319,NA,NA,NA,NA,NA,NA,NA,0,0,0,0,0,1,NA,NA,NA,NA,NA,NA,NA,56,10,3,8,20,3,NA,NA,NA,NA,NA,NA,NA,16,13,17,11,11,16,NA,NA,NA,NA,NA,NA,NA,3,1,1,1,1,2,1.366028428,NA,NA,NA,NA,NA,NA,NA,305,42,331,296,28,57,NA,NA,NA,NA,NA,NA,NA,8,9,10,11,12,13,11.41742802,188.7408905,0.016835475,19.14373779,6.823629379,25.58074379,45.512043,1.565207243,1.293186545,69.08371735,-0.866166055,-1090.739558,-934.989323,RufousTailedHawk,15
1320,NA,NA,NA,NA,NA,NA,NA,NA,NA,0,NA,NA,0,NA,NA,NA,NA,NA,NA,NA,NA,NA,2,NA,NA,25,NA,NA,NA,NA,NA,NA,NA,NA,NA,17,NA,NA,16,NA,NA,NA,NA,NA,NA,NA,NA,NA,1,NA,NA,1,2.209563732,NA,NA,NA,NA,NA,NA,NA,NA,NA,332,NA,NA,319,NA,NA,NA,NA,NA,NA,NA,NA,NA,10,NA,NA,13,11.21227074,202.3762512,0,18.56873703,7.421996117,26.46956444,42.65610504,3.61342454,1.234514236,128.1654816,-0.825431705,-1075.739558,-934.989323,RufousTailedHawk,15
1321,NA,NA,NA,NA,NA,0,NA,0,NA,NA,NA,0,NA,NA,NA,NA,NA,NA,120,NA,7,NA,NA,NA,30,NA,NA,NA,NA,NA,NA,11,NA,12,NA,NA,NA,13,NA,NA,NA,NA,NA,NA,3,NA,6,NA,NA,NA,1,NA,2.408778906,NA,NA,NA,NA,NA,35,NA,323,NA,NA,NA,51,NA,NA,NA,NA,NA,NA,6,NA,8,NA,NA,NA,12,NA,10.63326359,223.0513611,0.085018076,21.47974777,5.441780567,30.29406166,36.9454422,3.228378296,2.455904007,261.0003357,-0.378301919,-1060.739558,-934.989323,RufousTailedHawk,15
1322,NA,NA,NA,NA,NA,0,NA,NA,NA,NA,0,0,0,NA,NA,NA,NA,NA,35,NA,NA,NA,NA,144,258,46,NA,NA,NA,NA,NA,12,NA,NA,NA,NA,9,15,18,NA,NA,NA,NA,NA,2,NA,NA,NA,NA,1,2,2,5.630926132,NA,NA,NA,NA,NA,267,NA,NA,NA,NA,291,44,13,NA,NA,NA,NA,NA,6,NA,NA,NA,NA,11,12,13,10.09645081,228.8459625,0.461484522,10.17943096,3.289724350,30.88716316,26.37626457,2.650745153,4.954430103,400.6159668,-0.429245651,-1045.739558,-934.989323,RufousTailedHawk,15
1323,NA,NA,NA,NA,NA,NA,NA,0,NA,0,0,0,NA,NA,NA,NA,NA,NA,NA,NA,78,NA,5,10,15,NA,NA,NA,NA,NA,NA,NA,NA,9,NA,18,10,17,NA,NA,NA,NA,NA,NA,NA,NA,2,NA,3,2,1,NA,10.01676559,NA,NA,NA,NA,NA,NA,NA,40,NA,360,18,58,NA,NA,NA,NA,NA,NA,NA,NA,8,NA,10,11,12,NA,9.422636032,226.2914886,0.000854783,2.469754219,0.762167752,39.88077164,25.64393806,0.229545295,7.560783386,577.3190308,-1.377876759,-1030.739558,-934.989323,RufousTailedHawk,15
1324,NA,0,0,0,NA,NA,NA,0,0,0,0,0,0,NA,120,60,120,NA,NA,NA,60,193,60,10,47,100,NA,8,17,12,NA,NA,NA,15,14,18,10,15,15,NA,2,2,1,NA,NA,NA,5,4,3,3,2,1,3.465951681,NA,338,21,54,NA,NA,NA,257,2,361,259,265,343,NA,2,3,4,NA,NA,NA,8,9,10,11,12,13,9.779099464,225.3186951,0.15021275,4.088465691,1.817602277,42.30210876,34.98963165,1.026939034,5.736555099,522.4265747,-5.756456852,-1015.739558,-934.989323,RufousTailedHawk,15
1325,NA,0,NA,NA,0,NA,0,0,0,0,0,0,0,NA,180,NA,NA,30,NA,60,10,20,25,87,14,120,NA,10,NA,NA,17,NA,14,23,9,9,15,10,15,NA,2,NA,NA,1,NA,1,1,1,1,1,1,4,3.601502657,NA,339,NA,NA,263,NA,262,294,339,358,250,264,253,NA,2,NA,NA,5,NA,7,8,9,10,11,12,13,7.952219486,181.9577332,0.341971606,3.395731211,1.358167529,43.93861771,35.31849289,1.106203794,8.821363449,949.242981,1.34032774,-1000.739558,-934.989323,RufousTailedHawk,15
1326,0,NA,NA,NA,NA,NA,NA,NA,NA,0,NA,0,NA,180,NA,NA,NA,NA,NA,NA,NA,NA,90,NA,121,NA,8,NA,NA,NA,NA,NA,NA,NA,NA,20,NA,19,NA,5,NA,NA,NA,NA,NA,NA,NA,NA,1,NA,1,NA,4.498951912,332,NA,NA,NA,NA,NA,NA,NA,NA,24,NA,28,NA,1,NA,NA,NA,NA,NA,NA,NA,NA,10,NA,12,NA,6.779150009,143.0999146,2.253903866,3.373906851,3.208076954,45.26989746,35.61588287,0.941037297,8.147660255,1216.227051,-3.287142992,-985.7395576,-934.989323,RufousTailedHawk,15
1327,NA,0,NA,NA,NA,NA,NA,0,NA,0,0,0,NA,NA,60,NA,NA,NA,NA,NA,46,NA,141,83,64,NA,NA,12,NA,NA,NA,NA,NA,17,NA,12,13,13,NA,NA,8,NA,NA,NA,NA,NA,1,NA,3,1,2,NA,3.528044462,NA,331,NA,NA,NA,NA,NA,26,NA,344,14,257,NA,NA,2,NA,NA,NA,NA,NA,8,NA,10,11,12,NA,6.248020172,115.9776535,4.607370377,3.867802382,4.110500813,30.12350273,20.36785507,10.49112511,13.55870819,1358.891968,-0.179244787,-970.7395576,-934.989323,RufousTailedHawk,15
1328,NA,NA,NA,NA,NA,NA,NA,NA,NA,0,NA,0,0,NA,NA,NA,NA,NA,NA,NA,NA,NA,5,NA,240,10,NA,NA,NA,NA,NA,NA,NA,NA,NA,12,NA,10,10,NA,NA,NA,NA,NA,NA,NA,NA,NA,1,NA,1,2,4.94560194,NA,NA,NA,NA,NA,NA,NA,NA,NA,57,NA,296,9,NA,NA,NA,NA,NA,NA,NA,NA,NA,10,NA,12,13,6.641718864,94.63578033,2.9773736,6.965227604,10.219246860,25.57591057,16.62190819,17.88757515,14.74154091,1326.03418,4.167139053,-955.7395576,-934.989323,RufousTailedHawk,15
1330,NA,NA,NA,0,0,0,0,0,0,0,0,0,0,NA,NA,NA,10,45,60,60,22,16,10,30,42,30,NA,NA,NA,11,8,18,16,13,8,18,11,16,16,NA,NA,NA,1,2,2,4,4,1,4,2,1,1,6.575311184,NA,NA,NA,290,47,326,358,296,246,304,271,244,298,NA,NA,NA,4,5,6,7,8,9,10,11,12,13,11.24718475,216.7035522,0.772542238,7.752122402,1.221062183,28.98931122,35.22551346,0.634850442,6.362798691,72.27073669,-1.199958205,-1135.739558,-949.989323,RufousTailedHawk,15
1331,0,0,0,0,0,0,0,0,0,0,0,0,0,180,90,240,120,60,5,60,15,104,3,30,14,5,2,8,16,10,11,16,17,19,10,11,8,9,14,1,1,3,1,3,1,3,4,1,1,1,1,1,6.575311184,282,351,258,289,298,276,302,297,351,292,278,270,267,1,2,3,4,5,6,7,8,9,10,11,12,13,11.24718475,216.7035522,0.772542238,7.752122402,1.221062183,28.98931122,35.22551346,0.634850442,6.362798691,72.27073669,-1.199958205,-1120.739558,-949.989323,RufousTailedHawk,15
1332,0,NA,NA,NA,NA,0,0,0,0,0,0,0,0,90,NA,NA,NA,NA,2,20,20,295,15,21,300,62,15,NA,NA,NA,NA,15,21,11,7,9,17,9,13,1,NA,NA,NA,NA,1,5,4,3,2,1,2,4,2.985347986,277,NA,NA,NA,NA,312,33,298,346,351,47,305,317,1,NA,NA,NA,NA,6,7,8,9,10,11,12,13,10.67368889,207.3641052,0.011113022,3.230266809,3.124261141,34.7803421,52.72803497,0.948266685,3.429494619,192.451828,0.327443749,-1105.739558,-949.989323,RufousTailedHawk,15
1333,NA,NA,NA,NA,NA,NA,0,NA,NA,NA,NA,NA,0,NA,NA,NA,NA,NA,NA,300,NA,NA,NA,NA,NA,14,NA,NA,NA,NA,NA,NA,7,NA,NA,NA,NA,NA,20,NA,NA,NA,NA,NA,NA,4,NA,NA,NA,NA,NA,2,4.400995731,NA,NA,NA,NA,NA,NA,292,NA,NA,NA,NA,NA,347,NA,NA,NA,NA,NA,NA,7,NA,NA,NA,NA,NA,13,10.19325256,200.4102631,0.004473258,2.336098671,4.413275719,34.39399338,50.60282135,0.463716179,7.34916687,304.3457336,2.162712097,-1090.739558,-949.989323,RufousTailedHawk,15
1334,NA,NA,NA,NA,NA,NA,NA,NA,0,0,0,0,0,NA,NA,NA,NA,NA,NA,NA,NA,30,10,3,8,5,NA,NA,NA,NA,NA,NA,NA,NA,9,18,11,14,9,NA,NA,NA,NA,NA,NA,NA,NA,1,1,1,1,1,1.507483363,NA,NA,NA,NA,NA,NA,NA,NA,45,332,336,244,354,NA,NA,NA,NA,NA,NA,NA,NA,9,10,11,12,13,11.1556778,197.157074,0.275010973,15.60439491,7.308575630,26.74757576,44.3848877,1.698880315,2.929816008,138.3648224,-0.775023043,-1075.739558,-949.989323,RufousTailedHawk,15
1335,NA,NA,NA,NA,NA,NA,NA,NA,NA,0,NA,0,NA,NA,NA,NA,NA,NA,NA,NA,NA,NA,33,NA,15,NA,NA,NA,NA,NA,NA,NA,NA,NA,NA,10,NA,13,NA,NA,NA,NA,NA,NA,NA,NA,NA,NA,1,NA,1,NA,1.865286231,NA,NA,NA,NA,NA,NA,NA,NA,NA,26,NA,28,NA,NA,NA,NA,NA,NA,NA,NA,NA,NA,10,NA,12,NA,10.8798666,218.5432281,0.17113471,25.55802727,7.165496826,25.94162941,36.19926453,3.606102467,1.29232502,217.1666412,-0.668178856,-1060.739558,-949.989323,RufousTailedHawk,15
1336,NA,NA,NA,NA,NA,NA,NA,NA,NA,NA,NA,0,NA,NA,NA,NA,NA,NA,NA,NA,NA,NA,NA,NA,16,NA,NA,NA,NA,NA,NA,NA,NA,NA,NA,NA,NA,10,NA,NA,NA,NA,NA,NA,NA,NA,NA,NA,NA,NA,2,NA,5.791452885,NA,NA,NA,NA,NA,NA,NA,NA,NA,NA,NA,57,NA,NA,NA,NA,NA,NA,NA,NA,NA,NA,NA,NA,12,NA,8.683696747,220.4928894,0.047992263,4.353330135,1.329080701,50.76259995,30.22429466,0.664354384,12.26894855,696.2376099,2.376954556,-1045.739558,-949.989323,RufousTailedHawk,15
1337,NA,NA,NA,NA,NA,NA,NA,NA,0,NA,0,0,NA,NA,NA,NA,NA,NA,NA,NA,NA,5,NA,2,15,NA,NA,NA,NA,NA,NA,NA,NA,NA,17,NA,15,11,NA,NA,NA,NA,NA,NA,NA,NA,NA,2,NA,1,1,NA,5.228477001,NA,NA,NA,NA,NA,NA,NA,NA,280,NA,275,280,NA,NA,NA,NA,NA,NA,NA,NA,NA,9,NA,11,12,NA,8.568674088,218.1699677,0.081087895,2.161333084,1.887373209,43.98517609,32.3684082,0.093858935,7.803210735,748.4035034,-2.586625099,-1030.739558,-949.989323,RufousTailedHawk,15
1338,NA,NA,NA,NA,NA,NA,NA,NA,0,0,1,0,1,NA,NA,NA,NA,NA,NA,NA,NA,43,21,237,2,6,NA,NA,NA,NA,NA,NA,NA,NA,8,18,11,19,23,NA,NA,NA,NA,NA,NA,NA,NA,3,1,4,3,1,8.358047485,NA,NA,NA,NA,NA,NA,NA,NA,339,350,40,300,311,NA,NA,NA,NA,NA,NA,NA,NA,9,10,11,12,13,6.576125622,186.092041,2.460100889,2.360381126,1.471895456,40.64260864,33.41359711,2.373919964,11.6865015,1193.780884,5.680656433,-1015.739558,-949.989323,RufousTailedHawk,15
1339,NA,NA,NA,NA,NA,NA,NA,NA,NA,0,NA,NA,NA,NA,NA,NA,NA,NA,NA,NA,NA,NA,15,NA,NA,NA,NA,NA,NA,NA,NA,NA,NA,NA,NA,15,NA,NA,NA,NA,NA,NA,NA,NA,NA,NA,NA,NA,2,NA,NA,NA,7.887784958,NA,NA,NA,NA,NA,NA,NA,NA,NA,317,NA,NA,NA,NA,NA,NA,NA,NA,NA,NA,NA,NA,10,NA,NA,NA,7.625113487,180.4889374,0.22321026,1.373806238,1.067378521,45.73160553,39.65779877,0.563781857,7.139066696,996.9398804,-0.189366177,-1000.739558,-949.989323,RufousTailedHawk,15
1340,NA,NA,NA,NA,NA,NA,NA,NA,0,0,NA,0,0,NA,NA,NA,NA,NA,NA,NA,NA,45,120,NA,16,120,NA,NA,NA,NA,NA,NA,NA,NA,14,16,NA,9,15,NA,NA,NA,NA,NA,NA,NA,NA,2,3,NA,2,2,6.881002903,NA,NA,NA,NA,NA,NA,NA,NA,4,50,NA,28,7,NA,NA,NA,NA,NA,NA,NA,NA,9,10,NA,12,13,6.888533115,150.0010376,0.271265745,4.083756924,2.594014883,40.8031044,34.95017242,2.863687515,7.677288532,1166.644897,0.444003046,-985.7395576,-949.989323,RufousTailedHawk,15
1342,NA,NA,NA,0,NA,NA,NA,NA,0,0,0,0,0,NA,NA,NA,180,NA,NA,NA,NA,180,300,80,29,232,NA,NA,NA,17,NA,NA,NA,NA,8,17,6,13,16,NA,NA,NA,2,NA,NA,NA,NA,2,1,2,1,4,4.754869938,NA,NA,NA,326,NA,NA,NA,NA,287,16,48,358,17,NA,NA,NA,4,NA,NA,NA,NA,9,10,11,12,13,6.541709423,97.65557861,4.127914429,5.177744865,7.715589046,26.26641083,18.54247665,13.60294151,17.62989235,1337.335815,2.796842098,-955.7395576,-949.989323,RufousTailedHawk,15
1344,0,NA,0,0,0,0,0,0,0,0,0,0,0,120,NA,120,63,180,60,15,30,101,60,52,3,7,13,NA,0,19,10,9,13,16,15,16,13,11,17,1,NA,4,8,1,2,1,2,2,2,1,1,2,3.598248959,274,NA,285,43,345,314,349,361,38,289,315,245,306,1,NA,3,4,5,6,7,8,9,10,11,12,13,10.89673615,215.2144012,0.015876513,2.523220778,0.318306595,21.97652054,21.72957802,0.505735219,2.402424097,78.04897308,0.443879038,-1150.739558,-964.989323,RufousTailedHawk,15
1345,NA,NA,NA,NA,0,0,0,NA,0,0,1,0,0,NA,NA,NA,NA,40,20,120,NA,45,20,7,57,28,NA,NA,NA,NA,10,19,12,NA,13,15,12,17,14,NA,NA,NA,NA,2,2,2,NA,2,2,1,1,1,2.688593388,NA,NA,NA,NA,47,48,1,NA,33,321,334,12,275,NA,NA,NA,NA,5,6,7,NA,9,10,11,12,13,9.737415314,213.558548,0.17905432,4.653036594,0.845144510,39.86837769,45.21986389,0.055681206,5.649337769,352.7564087,1.982357144,-1135.739558,-964.989323,RufousTailedHawk,15
1346,NA,0,NA,NA,NA,NA,NA,0,NA,NA,0,0,0,NA,120,NA,NA,NA,NA,NA,60,NA,NA,60,10,19,NA,9,NA,NA,NA,NA,NA,11,NA,NA,16,17,11,NA,2,NA,NA,NA,NA,NA,4,NA,NA,2,2,2,7.02628231,NA,356,NA,NA,NA,NA,NA,38,NA,NA,351,282,356,NA,2,NA,NA,NA,NA,NA,8,NA,NA,11,12,13,9.842069626,208.819809,0.11319752,1.618390322,0.504094362,42.29754639,46.09740448,0.087532662,7.708939075,333.4531555,-0.513688564,-1120.739558,-964.989323,RufousTailedHawk,15
1347,NA,NA,NA,NA,NA,NA,NA,NA,NA,NA,NA,0,0,NA,NA,NA,NA,NA,NA,NA,NA,NA,NA,NA,20,3,NA,NA,NA,NA,NA,NA,NA,NA,NA,NA,NA,11,9,NA,NA,NA,NA,NA,NA,NA,NA,NA,NA,NA,2,1,2.691138268,NA,NA,NA,NA,NA,NA,NA,NA,NA,NA,NA,52,245,NA,NA,NA,NA,NA,NA,NA,NA,NA,NA,NA,12,13,10.37694931,195.0421448,0,1.635207772,3.931645632,34.12778473,57.52786255,0.186522588,2.531113148,232.0718231,0.865908325,-1105.739558,-964.989323,RufousTailedHawk,15
1348,NA,NA,NA,NA,NA,NA,NA,0,NA,0,0,0,1,NA,NA,NA,NA,NA,NA,NA,60,NA,45,2,75,130,NA,NA,NA,NA,NA,NA,NA,9,NA,11,13,11,18,NA,NA,NA,NA,NA,NA,NA,1,NA,1,2,1,2,1.483359694,NA,NA,NA,NA,NA,NA,NA,306,NA,22,245,331,58,NA,NA,NA,NA,NA,NA,NA,8,NA,10,11,12,13,10.62415791,182.5762177,0.278948128,11.12336731,4.863366604,31.32864189,48.01105499,2.739556789,1.273036718,208.2184906,-1.265551567,-1090.739558,-964.989323,RufousTailedHawk,15
1349,NA,NA,NA,1,NA,NA,NA,0,NA,0,NA,0,0,NA,NA,NA,180,NA,NA,NA,90,NA,19,NA,24,2,NA,NA,NA,8,NA,NA,NA,16,NA,9,NA,13,7,NA,NA,NA,2,NA,NA,NA,1,NA,1,NA,1,1,3.123509645,NA,NA,NA,336,NA,NA,NA,281,NA,281,NA,21,26,NA,NA,NA,4,NA,NA,NA,8,NA,10,NA,12,13,11.05636501,189.1589661,0.345520079,34.55172348,2.412527084,19.32610703,36.35254288,5.252059937,1.098818064,158.4816589,0.040711313,-1075.739558,-964.989323,RufousTailedHawk,15
1350,NA,NA,NA,NA,NA,NA,NA,NA,NA,0,NA,0,NA,NA,NA,NA,NA,NA,NA,NA,NA,NA,30,NA,45,NA,NA,NA,NA,NA,NA,NA,NA,NA,NA,13,NA,12,NA,NA,NA,NA,NA,NA,NA,NA,NA,NA,1,NA,1,NA,2.304046392,NA,NA,NA,NA,NA,NA,NA,NA,NA,45,NA,296,NA,NA,NA,NA,NA,NA,NA,NA,NA,NA,10,NA,12,NA,10.87088108,216.3990021,0.410063505,33.95927811,4.549558640,19.41703415,34.27878189,5.866133213,1.240309715,229.300766,-0.41750434,-1060.739558,-964.989323,RufousTailedHawk,15
1351,NA,NA,NA,NA,NA,0,NA,NA,NA,0,0,0,0,NA,NA,NA,NA,NA,180,NA,NA,NA,15,60,15,5,NA,NA,NA,NA,NA,8,NA,NA,NA,13,15,8,16,NA,NA,NA,NA,NA,2,NA,NA,NA,2,1,2,1,3.231764555,NA,NA,NA,NA,NA,339,NA,NA,NA,260,249,38,305,NA,NA,NA,NA,NA,6,NA,NA,NA,10,11,12,13,9.761240005,233.6836548,0,18.50609589,1.207963467,38.48511505,32.15556717,2.441651106,6.09488821,505.3261108,2.478083134,-1045.739558,-964.989323,RufousTailedHawk,15
1352,NA,NA,NA,NA,NA,0,NA,NA,NA,0,NA,NA,0,NA,NA,NA,NA,NA,120,NA,NA,NA,35,NA,NA,30,NA,NA,NA,NA,NA,9,NA,NA,NA,13,NA,NA,18,NA,NA,NA,NA,NA,4,NA,NA,NA,1,NA,NA,1,2.841226816,NA,NA,NA,NA,NA,337,NA,NA,NA,281,NA,NA,347,NA,NA,NA,NA,NA,6,NA,NA,NA,10,NA,NA,13,8.122092247,218.2914124,0,2.74378252,0.757465661,51.13068771,33.66679001,0.597926974,10.23545647,863.3192749,-2.974629164,-1030.739558,-964.989323,RufousTailedHawk,15
1354,NA,NA,NA,0,NA,NA,NA,NA,0,NA,NA,NA,NA,NA,NA,NA,120,NA,NA,NA,NA,120,NA,NA,NA,NA,NA,NA,NA,0,NA,NA,NA,NA,15,NA,NA,NA,NA,NA,NA,NA,6,NA,NA,NA,NA,1,NA,NA,NA,NA,13.8871088,NA,NA,NA,57,NA,NA,NA,NA,286,NA,NA,NA,NA,NA,NA,NA,4,NA,NA,NA,NA,9,NA,NA,NA,NA,6.881946087,174.2044678,0.792256534,2.481276989,1.946636438,47.62995911,29.51321602,2.677131176,14.1213913,1149.9375,4.731946945,-1000.739558,-964.989323,RufousTailedHawk,15
1355,NA,NA,0,0,0,NA,NA,NA,0,0,0,0,1,NA,NA,240,180,120,NA,NA,NA,20,119,240,120,120,NA,NA,7,8,13,NA,NA,NA,18,18,8,13,10,NA,NA,10,2,1,NA,NA,NA,1,1,2,2,6,4.139367104,NA,NA,330,51,24,NA,NA,NA,350,20,291,275,281,NA,NA,3,4,5,NA,NA,NA,9,10,11,12,13,6.922992229,152.5838013,0.28615433,5.295579433,3.814961672,41.29701996,32.4887352,3.964787483,9.938539505,1153.678955,-0.979682505,-985.7395576,-964.989323,RufousTailedHawk,15
1356,NA,NA,NA,NA,0,NA,NA,NA,0,0,0,0,0,NA,NA,NA,NA,180,NA,NA,NA,40,20,90,24,15,NA,NA,NA,NA,10,NA,NA,NA,11,21,11,17,10,NA,NA,NA,NA,1,NA,NA,NA,2,1,3,2,3,4.308832645,NA,NA,NA,NA,8,NA,NA,NA,4,334,20,290,281,NA,NA,NA,NA,5,NA,NA,NA,9,10,11,12,13,7.084597588,129.6165771,0.393225491,2.91808486,5.401129723,37.7326355,30.99464989,5.808944702,6.99835968,1175.570435,-2.355316877,-970.7395576,-964.989323,RufousTailedHawk,15
1357,0,0,0,0,0,0,0,0,0,0,0,1,1,120,90,30,180,240,60,60,60,5,7,115,198,74,14,13,7,14,8,16,17,17,11,13,7,12,16,3,1,1,1,1,2,2,4,1,1,1,1,1,2.245983601,328,254,258,283,318,266,52,334,359,323,299,20,284,1,2,3,4,5,6,7,8,9,10,11,12,13,7.867851257,114.0941925,0.945163608,5.572922707,11.262660980,30.03374481,26.03600311,8.083861351,9.107475281,1054.800781,-2.658955574,-955.7395576,-964.989323,RufousTailedHawk,15
1358,0,NA,NA,NA,NA,NA,NA,NA,NA,0,0,0,0,120,NA,NA,NA,NA,NA,NA,NA,NA,60,60,26,56,15,NA,NA,NA,NA,NA,NA,NA,NA,12,7,18,10,1,NA,NA,NA,NA,NA,NA,NA,NA,1,2,1,1,3.623630047,327,NA,NA,NA,NA,NA,NA,NA,NA,286,291,43,311,1,NA,NA,NA,NA,NA,NA,NA,NA,10,11,12,13,7.955630302,92.25866699,9.152815819,4.540777206,10.862261770,16.78579521,8.299746513,20.54814339,28.57801628,1082.462036,-1.159044862,-940.7395576,-964.989323,RufousTailedHawk,15
1360,NA,NA,NA,NA,NA,NA,0,NA,0,NA,0,0,0,NA,NA,NA,NA,NA,NA,90,NA,35,NA,98,4,180,NA,NA,NA,NA,NA,NA,14,NA,16,NA,7,15,17,NA,NA,NA,NA,NA,NA,3,NA,1,NA,1,1,2,3.598248959,NA,NA,NA,NA,NA,NA,34,NA,56,NA,249,13,288,NA,NA,NA,NA,NA,NA,7,NA,9,NA,11,12,13,10.89673615,215.2144012,0.015876513,2.523220778,0.318306595,21.97652054,21.72957802,0.505735219,2.402424097,78.04897308,0.443879038,-1150.739558,-979.989323,RufousTailedHawk,15
1361,NA,NA,NA,NA,NA,0,NA,0,NA,NA,0,0,0,NA,NA,NA,NA,NA,180,NA,215,NA,NA,35,90,240,NA,NA,NA,NA,NA,16,NA,14,NA,NA,7,10,11,NA,NA,NA,NA,NA,5,NA,4,NA,NA,1,2,3,2.22889924,NA,NA,NA,NA,NA,44,NA,22,NA,NA,42,51,21,NA,NA,NA,NA,NA,6,NA,8,NA,NA,11,12,13,8.110594749,205.5420837,0,2.039258957,0.083778873,42.41835022,50.01613235,0,5.421599388,663.4343872,1.512009859,-1135.739558,-979.989323,RufousTailedHawk,15
1362,NA,NA,NA,NA,NA,NA,0,NA,NA,NA,NA,NA,NA,NA,NA,NA,NA,NA,NA,10,NA,NA,NA,NA,NA,NA,NA,NA,NA,NA,NA,NA,15,NA,NA,NA,NA,NA,NA,NA,NA,NA,NA,NA,NA,2,NA,NA,NA,NA,NA,NA,3.006844044,NA,NA,NA,NA,NA,NA,341,NA,NA,NA,NA,NA,NA,NA,NA,NA,NA,NA,NA,7,NA,NA,NA,NA,NA,NA,9.272601128,196.6023102,0,0.897058964,1.363914847,38.9834137,56.49666595,0.107801683,2.134480953,429.7391357,-0.297443599,-1120.739558,-979.989323,RufousTailedHawk,15
1363,NA,NA,NA,NA,NA,NA,0,NA,NA,0,0,NA,NA,NA,NA,NA,NA,NA,NA,12,NA,NA,30,95,NA,NA,NA,NA,NA,NA,NA,NA,15,NA,NA,21,16,NA,NA,NA,NA,NA,NA,NA,NA,2,NA,NA,4,1,NA,NA,2.736088276,NA,NA,NA,NA,NA,NA,341,NA,NA,32,257,NA,NA,NA,NA,NA,NA,NA,NA,7,NA,NA,10,11,NA,NA,10.27557659,177.6199951,0,4.799859047,5.140044689,26.52915001,60.89070892,0.867878616,1.707946539,247.4460144,-0.816866815,-1105.739558,-979.989323,RufousTailedHawk,15
1364,NA,NA,NA,NA,NA,NA,NA,NA,NA,0,NA,0,0,NA,NA,NA,NA,NA,NA,NA,NA,NA,20,NA,5,2,NA,NA,NA,NA,NA,NA,NA,NA,NA,12,NA,9,20,NA,NA,NA,NA,NA,NA,NA,NA,NA,4,NA,1,1,3.750739813,NA,NA,NA,NA,NA,NA,NA,NA,NA,279,NA,244,346,NA,NA,NA,NA,NA,NA,NA,NA,NA,10,NA,12,13,10.7116785,164.2726898,0.335904002,22.59402275,2.951043606,24.00449371,44.78964615,3.300322294,1.732789874,193.865921,1.489700556,-1090.739558,-979.989323,RufousTailedHawk,15
1365,NA,NA,NA,NA,NA,NA,NA,0,NA,NA,NA,NA,NA,NA,NA,NA,NA,NA,NA,NA,15,NA,NA,NA,NA,NA,NA,NA,NA,NA,NA,NA,NA,10,NA,NA,NA,NA,NA,NA,NA,NA,NA,NA,NA,NA,1,NA,NA,NA,NA,NA,3.680324793,NA,NA,NA,NA,NA,NA,NA,48,NA,NA,NA,NA,NA,NA,NA,NA,NA,NA,NA,NA,8,NA,NA,NA,NA,NA,11.170331,174.9555511,0.310598165,49.90200806,1.073710442,14.29897404,28.9533329,4.711597919,0.479435772,141.8829956,-0.337172508,-1075.739558,-979.989323,RufousTailedHawk,15
1366,NA,NA,NA,NA,NA,NA,NA,0,NA,NA,0,0,0,NA,NA,NA,NA,NA,NA,NA,60,NA,NA,30,7,122,NA,NA,NA,NA,NA,NA,NA,13,NA,NA,19,14,18,NA,NA,NA,NA,NA,NA,NA,1,NA,NA,2,1,4,2.866266489,NA,NA,NA,NA,NA,NA,NA,36,NA,NA,305,293,359,NA,NA,NA,NA,NA,NA,NA,8,NA,NA,11,12,13,11.24479198,209.5788269,0.281597584,41.70104218,1.301203728,15.75841904,28.36770439,4.738385677,0.434440821,181.6450348,0.36548537,-1060.739558,-979.989323,RufousTailedHawk,15
1367,NA,0,NA,NA,NA,NA,NA,0,0,0,0,0,0,NA,180,NA,NA,NA,NA,NA,240,20,11,27,82,44,NA,10,NA,NA,NA,NA,NA,10,9,11,15,14,9,NA,2,NA,NA,NA,NA,NA,2,1,1,1,4,1,5.226861,NA,54,NA,NA,NA,NA,NA,270,354,281,264,360,281,NA,2,NA,NA,NA,NA,NA,8,9,10,11,12,13,12.13495636,234.3096924,0.016708011,9.217362404,0.631031752,5.389806271,6.006310463,0.991830289,0.665903807,85.16220093,-0.421922356,-1045.739558,-979.989323,RufousTailedHawk,15
1368,0,NA,NA,0,0,0,NA,0,0,0,0,0,1,5,NA,NA,6,60,120,NA,120,11,25,150,34,60,14,NA,NA,9,12,11,NA,18,9,10,14,17,19,1,NA,NA,1,1,3,NA,1,1,1,2,1,2,3.188128948,331,NA,NA,272,52,37,NA,33,352,285,250,261,55,1,NA,NA,4,5,6,NA,8,9,10,11,12,13,11.03809071,252.2359619,0.016500579,4.439599037,2.442111254,28.77719498,21.10136986,1.128050566,6.20463562,309.7502136,-0.35314858,-1030.739558,-979.989323,RufousTailedHawk,15
1369,NA,NA,NA,NA,0,NA,NA,NA,0,0,0,0,0,NA,NA,NA,NA,240,NA,NA,NA,135,60,9,15,231,NA,NA,NA,NA,10,NA,NA,NA,10,9,17,15,14,NA,NA,NA,NA,2,NA,NA,NA,1,2,4,1,2,10.67368507,NA,NA,NA,NA,33,NA,NA,NA,353,270,347,289,282,NA,NA,NA,NA,5,NA,NA,NA,9,10,11,12,13,10.39742661,252.9202576,0.020801017,9.697546959,2.076604605,40.56972504,28.46105385,1.842187285,6.628122807,443.3166504,-2.537680149,-1015.739558,-979.989323,RufousTailedHawk,15
1370,NA,NA,NA,NA,NA,NA,NA,NA,0,0,NA,NA,0,NA,NA,NA,NA,NA,NA,NA,NA,30,2,NA,NA,7,NA,NA,NA,NA,NA,NA,NA,NA,12,12,NA,NA,13,NA,NA,NA,NA,NA,NA,NA,NA,3,1,NA,NA,1,20.03040123,NA,NA,NA,NA,NA,NA,NA,NA,304,7,NA,NA,57,NA,NA,NA,NA,NA,NA,NA,NA,9,10,NA,NA,13,7.535229206,193.5132599,2.104618311,3.770860195,1.780906439,44.56250381,25.37429047,4.78711319,15.06823063,1019.194214,1.612031698,-1000.739558,-979.989323,RufousTailedHawk,15
1371,NA,NA,NA,NA,NA,NA,NA,NA,0,0,0,NA,NA,NA,NA,NA,NA,NA,NA,NA,NA,180,180,131,NA,NA,NA,NA,NA,NA,NA,NA,NA,NA,14,13,16,NA,NA,NA,NA,NA,NA,NA,NA,NA,NA,1,1,2,NA,NA,13.80075264,NA,NA,NA,NA,NA,NA,NA,NA,28,2,56,NA,NA,NA,NA,NA,NA,NA,NA,NA,NA,9,10,11,NA,NA,5.987026691,144.2211761,2.308968067,4.18667841,3.212404728,37.68894196,30.68016624,8.105171204,12.49369907,1327.601563,0.405277848,-985.7395576,-979.989323,RufousTailedHawk,15
1372,NA,NA,NA,NA,NA,NA,NA,NA,NA,NA,NA,0,NA,NA,NA,NA,NA,NA,NA,NA,NA,NA,NA,NA,20,NA,NA,NA,NA,NA,NA,NA,NA,NA,NA,NA,NA,13,NA,NA,NA,NA,NA,NA,NA,NA,NA,NA,NA,NA,2,NA,8.534994125,NA,NA,NA,NA,NA,NA,NA,NA,NA,NA,NA,59,NA,NA,NA,NA,NA,NA,NA,NA,NA,NA,NA,NA,12,NA,6.476151943,126.4594116,0.298954904,2.921025038,3.454913855,39.90094376,33.97227859,4.680242538,8.343457222,1257.908447,2.769907951,-970.7395576,-979.989323,RufousTailedHawk,15
1373,NA,0,NA,0,0,NA,0,NA,0,0,0,0,0,NA,300,NA,15,120,NA,60,NA,191,95,21,2,3,NA,9,NA,10,9,NA,16,NA,9,8,17,13,9,NA,6,NA,2,2,NA,2,NA,3,1,1,1,1,3.368552685,NA,309,NA,327,320,NA,53,NA,311,307,308,359,331,NA,2,NA,4,5,NA,7,NA,9,10,11,12,13,6.039049625,102.2141724,2.290135145,1.689623237,8.207702637,36.25946045,31.05745506,9.124111176,9.422008514,1382.750244,2.61850214,-955.7395576,-979.989323,RufousTailedHawk,15
1376,NA,NA,NA,0,NA,NA,NA,NA,NA,NA,0,0,NA,NA,NA,NA,20,NA,NA,NA,NA,NA,NA,8,15,NA,NA,NA,NA,20,NA,NA,NA,NA,NA,NA,20,11,NA,NA,NA,NA,2,NA,NA,NA,NA,NA,NA,1,1,NA,2.546634197,NA,NA,NA,360,NA,NA,NA,NA,NA,NA,39,27,NA,NA,NA,NA,4,NA,NA,NA,NA,NA,NA,11,12,NA,10.00756836,204.6550446,0,1.197485685,0.002412183,34.25562668,21.95696449,0.397850811,6.899215698,197.8344727,-1.828994036,-1150.739558,-994.989323,RufousTailedHawk,15
1377,NA,NA,NA,NA,NA,0,NA,NA,NA,NA,0,NA,0,NA,NA,NA,NA,NA,120,NA,NA,NA,NA,48,NA,54,NA,NA,NA,NA,NA,14,NA,NA,NA,NA,18,NA,14,NA,NA,NA,NA,NA,2,NA,NA,NA,NA,2,NA,1,3.528461695,NA,NA,NA,NA,NA,13,NA,NA,NA,NA,270,NA,34,NA,NA,NA,NA,NA,6,NA,NA,NA,NA,11,NA,13,8.872882843,200.0451813,0,1.541246772,0.612349808,45.85791397,45.90231705,0,4.783979893,490.084137,-1.256056905,-1135.739558,-994.989323,RufousTailedHawk,15
1378,NA,NA,NA,NA,NA,NA,NA,0,0,NA,0,NA,0,NA,NA,NA,NA,NA,NA,NA,15,60,NA,4,NA,40,NA,NA,NA,NA,NA,NA,NA,10,10,NA,15,NA,9,NA,NA,NA,NA,NA,NA,NA,2,1,NA,1,NA,1,2.695725441,NA,NA,NA,NA,NA,NA,NA,46,260,NA,266,NA,34,NA,NA,NA,NA,NA,NA,NA,8,9,NA,11,NA,13,10.02753735,180.6172333,0.201675355,10.09396744,3.846890688,30.15521622,51.39794159,0.844436228,3.152567387,275.9355774,0.593082964,-1120.739558,-994.989323,RufousTailedHawk,15
1379,NA,NA,NA,NA,NA,NA,0,NA,0,0,0,0,NA,NA,NA,NA,NA,NA,NA,30,NA,30,20,30,60,NA,NA,NA,NA,NA,NA,NA,11,NA,18,6,11,1,NA,NA,NA,NA,NA,NA,NA,2,NA,1,1,3,1,NA,3.177634001,NA,NA,NA,NA,NA,NA,262,NA,9,307,330,252,NA,NA,NA,NA,NA,NA,NA,7,NA,9,10,11,12,NA,10.86087799,155.0985413,0.063790001,28.5829258,7.898334026,16.46278763,42.97451782,1.19861269,1.703421354,134.2243652,2.27573514,-1105.739558,-994.989323,RufousTailedHawk,15
1380,NA,NA,NA,NA,NA,NA,NA,0,0,0,0,1,0,NA,NA,NA,NA,NA,NA,NA,10,97,5,7,27,2,NA,NA,NA,NA,NA,NA,NA,21,10,17,8,8,7,NA,NA,NA,NA,NA,NA,NA,1,1,1,1,1,1,1.497392416,NA,NA,NA,NA,NA,NA,NA,326,293,256,304,276,345,NA,NA,NA,NA,NA,NA,NA,8,9,10,11,12,13,11.34753227,137.5512695,0.251754671,55.22566986,1.564909816,10.23120403,27.00026512,0.956607699,2.394543648,65.40021515,-0.466490656,-1090.739558,-994.989323,RufousTailedHawk,15
1382,NA,NA,NA,NA,0,NA,NA,NA,0,0,0,0,0,NA,NA,NA,NA,18,NA,NA,NA,47,20,25,103,240,NA,NA,NA,NA,11,NA,NA,NA,12,16,13,8,9,NA,NA,NA,NA,1,NA,NA,NA,2,4,2,1,4,2.500012875,NA,NA,NA,NA,254,NA,NA,NA,351,314,285,245,296,NA,NA,NA,NA,5,NA,NA,NA,9,10,11,12,13,11.26464844,208.8270569,0.565460622,53.76540375,1.923386216,10.61752987,17.36233711,9.656169891,0.480004877,181.7619934,0.22334151,-1060.739558,-994.989323,RufousTailedHawk,15
1383,NA,NA,NA,NA,0,NA,NA,0,0,0,0,0,1,NA,NA,NA,NA,120,NA,NA,30,9,30,120,18,57,NA,NA,NA,NA,16,NA,NA,11,14,10,9,7,9,NA,NA,NA,NA,2,NA,NA,2,1,1,1,1,1,3.418209076,NA,NA,NA,NA,53,NA,NA,365,326,363,306,352,263,NA,NA,NA,NA,5,NA,NA,8,9,10,11,12,13,11.126297,242.8546295,0.04015851,13.25257969,1.654787064,18.90493202,18.51068687,3.13466239,2.59590888,265.1622925,-0.305378109,-1045.739558,-994.989323,RufousTailedHawk,15
1384,NA,NA,NA,NA,0,NA,0,0,0,0,0,0,0,NA,NA,NA,NA,90,NA,150,120,15,39,17,180,11,NA,NA,NA,NA,17,NA,16,10,12,7,12,9,16,NA,NA,NA,NA,2,NA,5,1,1,1,1,2,1,3.273288488,NA,NA,NA,NA,52,NA,281,47,20,327,287,269,304,NA,NA,NA,NA,5,NA,7,8,9,10,11,12,13,10.27986717,261.5467224,0.040738389,6.810014248,1.742005944,34.24618912,26.77358818,1.803266168,6.95181942,444.3439636,-1.74672544,-1030.739558,-994.989323,RufousTailedHawk,15
1385,NA,NA,NA,NA,NA,NA,NA,NA,NA,NA,0,0,0,NA,NA,NA,NA,NA,NA,NA,NA,NA,NA,78,61,35,NA,NA,NA,NA,NA,NA,NA,NA,NA,NA,12,18,17,NA,NA,NA,NA,NA,NA,NA,NA,NA,NA,1,1,1,6.982563972,NA,NA,NA,NA,NA,NA,NA,NA,NA,NA,11,2,352,NA,NA,NA,NA,NA,NA,NA,NA,NA,NA,11,12,13,10.48260307,274.2075195,0.050634731,10.19301128,2.056360483,39.44071579,35.68540955,2.079511642,3.633458138,420.3849487,-0.065308996,-1015.739558,-994.989323,RufousTailedHawk,15
1386,NA,NA,NA,NA,NA,0,NA,NA,NA,0,0,0,0,NA,NA,NA,NA,NA,30,NA,NA,NA,45,30,5,120,NA,NA,NA,NA,NA,11,NA,NA,NA,15,6,12,8,NA,NA,NA,NA,NA,1,NA,NA,NA,2,1,1,1,19.75489616,NA,NA,NA,NA,NA,37,NA,NA,NA,260,6,2,352,NA,NA,NA,NA,NA,6,NA,NA,NA,10,11,12,13,8.356784821,217.9200439,0.845035613,4.360004425,1.372411847,45.50282288,27.53443146,3.616434097,13.92449188,852.133606,0.87980175,-1000.739558,-994.989323,RufousTailedHawk,15
1388,NA,NA,NA,NA,0,NA,0,0,0,0,0,0,0,NA,NA,NA,NA,150,NA,90,75,120,7,193,21,68,NA,NA,NA,NA,9,NA,15,19,14,9,16,16,16,NA,NA,NA,NA,1,NA,1,3,2,1,1,4,2,6.400887489,NA,NA,NA,NA,10,NA,14,34,352,323,42,326,272,NA,NA,NA,NA,5,NA,7,8,9,10,11,12,13,6.161714554,124.9043045,0.158814892,4.022938728,4.720637321,41.28628922,32.65235901,5.623064041,7.943291664,1302.887939,-0.175169587,-970.7395576,-994.989323,RufousTailedHawk,15
1389,0,NA,NA,0,0,NA,NA,0,NA,0,0,0,0,120,NA,NA,25,120,NA,NA,43,NA,180,210,73,11,9,NA,NA,16,10,NA,NA,9,NA,14,13,17,14,8,NA,NA,2,1,NA,NA,1,NA,1,3,2,2,3.822844982,332,NA,NA,327,10,NA,NA,10,NA,30,19,278,272,1,NA,NA,4,5,NA,NA,8,NA,10,11,12,13,5.697435856,100.3522415,3.894355297,6.856563091,6.914786339,30.62416077,19.10479736,14.18258858,14.0757122,1439.039307,1.48404181,-955.7395576,-994.989323,RufousTailedHawk,15
1390,NA,NA,NA,NA,NA,NA,NA,NA,0,0,0,0,0,NA,NA,NA,NA,NA,NA,NA,NA,240,74,270,90,86,NA,NA,NA,NA,NA,NA,NA,NA,14,12,8,13,11,NA,NA,NA,NA,NA,NA,NA,NA,1,1,1,1,1,4.273569584,NA,NA,NA,NA,NA,NA,NA,NA,27,46,39,250,47,NA,NA,NA,NA,NA,NA,NA,NA,9,10,11,12,13,6.011049271,83.1759491,5.924071312,5.482599735,9.212692261,26.83645058,17.6450367,13.47395897,18.15906334,1432.221069,1.545951128,-940.7395576,-994.989323,RufousTailedHawk,15
1392,NA,NA,NA,NA,NA,NA,NA,NA,NA,NA,NA,NA,0,NA,NA,NA,NA,NA,NA,NA,NA,NA,NA,NA,NA,18,NA,NA,NA,NA,NA,NA,NA,NA,NA,NA,NA,NA,12,NA,NA,NA,NA,NA,NA,NA,NA,NA,NA,NA,NA,1,7.953164101,NA,NA,NA,NA,NA,NA,NA,NA,NA,NA,NA,NA,41,NA,NA,NA,NA,NA,NA,NA,NA,NA,NA,NA,NA,13,9.16699028,204.5588531,0,0.372696847,0.022317164,40.07361603,25.80283165,0.365233839,8.723257065,383.4038391,3.060792446,-1150.739558,-1009.989323,RufousTailedHawk,15
1393,NA,NA,NA,NA,NA,NA,NA,NA,NA,NA,0,0,NA,NA,NA,NA,NA,NA,NA,NA,NA,NA,NA,29,32,NA,NA,NA,NA,NA,NA,NA,NA,NA,NA,NA,18,11,NA,NA,NA,NA,NA,NA,NA,NA,NA,NA,NA,2,1,NA,4.600840092,NA,NA,NA,NA,NA,NA,NA,NA,NA,NA,270,356,NA,NA,NA,NA,NA,NA,NA,NA,NA,NA,NA,11,12,NA,8.774245262,197.3879242,0.032451097,3.020810843,2.031038046,43.59722519,48.08204269,0.081778362,3.024991512,488.9805298,1.335182786,-1135.739558,-1009.989323,RufousTailedHawk,15
1394,NA,NA,NA,NA,NA,0,NA,NA,0,0,0,1,0,NA,NA,NA,NA,NA,80,NA,NA,4,19,15,54,38,NA,NA,NA,NA,NA,16,NA,NA,17,14,18,10,12,NA,NA,NA,NA,NA,2,NA,NA,1,1,1,2,1,2.195820093,NA,NA,NA,NA,NA,250,NA,NA,299,300,57,304,251,NA,NA,NA,NA,NA,6,NA,NA,9,10,11,12,13,10.91945267,168.598465,0.876643717,25.96598816,4.495986938,20.80203056,42.02725983,1.571420789,3.576570272,90.12103271,-1.453778148,-1120.739558,-1009.989323,RufousTailedHawk,15
1395,NA,NA,NA,NA,NA,0,0,0,0,0,1,0,1,NA,NA,NA,NA,NA,21,90,10,85,38,12,33,35,NA,NA,NA,NA,NA,15,15,17,16,16,13,12,18,NA,NA,NA,NA,NA,2,2,2,2,1,3,3,1,3.904610634,NA,NA,NA,NA,NA,250,248,274,246,335,257,269,1,NA,NA,NA,NA,NA,6,7,8,9,10,11,12,13,11.05212498,149.8184814,0.044914767,50.86761093,5.518248081,11.02661133,30.7794075,0.648596704,1.109351277,79.51659393,-0.566391945,-1105.739558,-1009.989323,RufousTailedHawk,15
1396,NA,NA,0,NA,0,NA,NA,0,NA,0,0,0,0,NA,NA,60,NA,30,NA,NA,6,NA,5,10,15,2,NA,NA,16,NA,18,NA,NA,11,NA,12,14,17,8,NA,NA,1,NA,2,NA,NA,1,NA,1,1,2,1,2.120019436,NA,NA,323,NA,41,NA,NA,41,NA,31,347,256,245,NA,NA,3,NA,5,NA,NA,8,NA,10,11,12,13,11.21209335,142.9104156,0,63.90703201,0.576605856,8.561943054,24.15610123,2.232138395,0.161555052,74.96950531,0.033927806,-1090.739558,-1009.989323,RufousTailedHawk,15
1401,NA,NA,NA,NA,NA,NA,NA,NA,NA,NA,NA,0,NA,NA,NA,NA,NA,NA,NA,NA,NA,NA,NA,NA,52,NA,NA,NA,NA,NA,NA,NA,NA,NA,NA,NA,NA,10,NA,NA,NA,NA,NA,NA,NA,NA,NA,NA,NA,NA,2,NA,15.10900116,NA,NA,NA,NA,NA,NA,NA,NA,NA,NA,NA,250,NA,NA,NA,NA,NA,NA,NA,NA,NA,NA,NA,NA,12,NA,6.990477562,217.4845428,8.748614311,4.081560135,1.705008864,35.21298981,31.11911201,7.70166111,8.515063286,1093.328247,-0.343355209,-1015.739558,-1009.989323,RufousTailedHawk,15
1404,NA,NA,NA,0,0,NA,0,0,0,0,0,0,0,NA,NA,NA,15,240,NA,120,5,15,15,161,176,252,NA,NA,NA,18,14,NA,11,13,8,13,8,21,20,NA,NA,NA,2,4,NA,10,1,1,2,1,4,2,3.651743174,NA,NA,NA,327,288,NA,290,16,359,301,334,325,273,NA,NA,NA,4,5,NA,7,8,9,10,11,12,13,6.053189278,128.8023834,2.033129692,5.629277229,5.241391659,35.83606339,17.37673187,10.71437454,14.74152565,1315.308594,-0.243658289,-970.7395576,-1009.989323,RufousTailedHawk,15
1405,NA,NA,NA,NA,NA,NA,NA,NA,0,0,0,0,0,NA,NA,NA,NA,NA,NA,NA,NA,150,128,27,7,5,NA,NA,NA,NA,NA,NA,NA,NA,6,16,10,10,11,NA,NA,NA,NA,NA,NA,NA,NA,1,1,1,1,3,9.711486816,NA,NA,NA,NA,NA,NA,NA,NA,6,15,328,301,338,NA,NA,NA,NA,NA,NA,NA,NA,9,10,11,12,13,5.699757576,100.8226852,5.054184914,5.401508808,6.817090511,29.75860405,16.84545708,15.96270752,16.40533638,1430.932861,-1.229163289,-955.7395576,-1009.989323,RufousTailedHawk,15
1406,NA,NA,NA,NA,NA,NA,NA,NA,0,0,0,0,0,NA,NA,NA,NA,NA,NA,NA,NA,120,21,3,114,45,NA,NA,NA,NA,NA,NA,NA,NA,18,11,9,16,18,NA,NA,NA,NA,NA,NA,NA,NA,2,1,1,1,2,3.60346961,NA,NA,NA,NA,NA,NA,NA,NA,50,24,328,326,320,NA,NA,NA,NA,NA,NA,NA,NA,9,10,11,12,13,6.692533493,86.13978577,6.560840607,5.809772491,6.784328938,22.76619911,15.02584076,17.77371407,23.29966164,1269.875,0.090886623,-940.7395576,-1009.989323,RufousTailedHawk,15
1407,NA,NA,0,NA,NA,NA,NA,0,NA,0,0,0,0,NA,NA,20,NA,NA,NA,NA,120,NA,120,29,33,16,NA,NA,18,NA,NA,NA,NA,13,NA,9,10,8,18,NA,NA,1,NA,NA,NA,NA,1,NA,3,1,1,1,7.619021416,NA,NA,309,NA,NA,NA,NA,282,NA,337,7,311,299,NA,NA,3,NA,NA,NA,NA,8,NA,10,11,12,13,10.09202671,198.660141,0,0.474152178,0.150218830,31.85277557,26.4430275,0.150141895,3.280115366,146.1598053,-0.939478636,-1150.739558,-1024.989323,RufousTailedHawk,15
1408,NA,NA,NA,0,NA,NA,NA,NA,NA,NA,NA,0,0,NA,NA,NA,4,NA,NA,NA,NA,NA,NA,NA,3,6,NA,NA,NA,12,NA,NA,NA,NA,NA,NA,NA,13,19,NA,NA,NA,1,NA,NA,NA,NA,NA,NA,NA,1,1,6.190394402,NA,NA,NA,49,NA,NA,NA,NA,NA,NA,NA,311,331,NA,NA,NA,4,NA,NA,NA,NA,NA,NA,NA,12,13,9.916380882,188.7584534,0.074276716,9.467750549,3.674756289,31.92791939,52.65827179,0.70177573,1.388270259,246.1870575,-1.213766932,-1135.739558,-1024.989323,RufousTailedHawk,15
1409,NA,NA,NA,NA,NA,0,NA,0,NA,0,NA,0,0,NA,NA,NA,NA,NA,13,NA,12,NA,8,NA,9,4,NA,NA,NA,NA,NA,12,NA,16,NA,16,NA,12,10,NA,NA,NA,NA,NA,1,NA,1,NA,1,NA,1,1,2.026361227,NA,NA,NA,NA,NA,10,NA,308,NA,304,NA,262,298,NA,NA,NA,NA,NA,6,NA,8,NA,10,NA,12,13,10.66465569,169.8553925,0.190661579,33.17074585,2.998945236,16.81575775,43.78991318,2.01136446,1.08602941,122.954567,-0.284519941,-1120.739558,-1024.989323,RufousTailedHawk,15
1410,0,NA,NA,NA,0,0,0,0,0,0,0,1,1,60,NA,NA,NA,2,14,5,15,1,17,47,25,25,16,NA,NA,NA,16,18,17,12,16,14,19,16,12,1,NA,NA,NA,2,1,2,1,2,1,1,1,1,2.384008408,34,NA,NA,NA,340,361,248,282,246,280,269,344,296,1,NA,NA,NA,5,6,7,8,9,10,11,12,13,10.97931004,155.1564789,0.210333794,47.42153931,1.700602412,13.95388412,28.98860168,1.293420315,1.863670349,72.17834473,-0.532749176,-1105.739558,-1024.989323,RufousTailedHawk,15
1411,NA,NA,0,0,NA,0,0,0,0,0,0,1,0,NA,NA,30,10,NA,20,20,5,12,38,1,7,12,NA,NA,9,8,NA,14,8,16,11,18,17,18,23,NA,NA,1,2,NA,1,1,1,2,1,1,2,1,2.775448799,NA,NA,268,306,NA,276,267,357,268,254,291,31,362,NA,NA,3,4,NA,6,7,8,9,10,11,12,13,11.05744171,154.3762054,0.041179609,58.74065781,0.365443081,12.65952015,17.3019352,9.704282761,0.298132658,83.46661377,-0.037453283,-1090.739558,-1024.989323,RufousTailedHawk,15
1412,NA,NA,NA,NA,0,0,0,NA,0,0,0,0,0,NA,NA,NA,NA,45,90,80,NA,66,33,7,95,21,NA,NA,NA,NA,13,15,16,NA,15,10,18,11,13,NA,NA,NA,NA,1,2,2,NA,1,2,1,3,2,2.369059563,NA,NA,NA,NA,340,291,56,NA,363,292,258,36,359,NA,NA,NA,NA,5,6,7,NA,9,10,11,12,13,11.22431755,178.4692993,0,52.05319214,0.620613933,14.08385754,21.55360794,11.49661827,0.100512818,116.4330521,-0.013283776,-1075.739558,-1024.989323,RufousTailedHawk,15
1413,NA,NA,0,NA,0,NA,NA,0,NA,0,0,0,0,NA,NA,20,NA,150,NA,NA,150,NA,114,27,200,43,NA,NA,13,NA,12,NA,NA,15,NA,12,16,18,10,NA,NA,2,NA,3,NA,NA,4,NA,2,1,1,2,3.921393633,NA,NA,10,NA,326,NA,NA,261,NA,38,7,282,317,NA,NA,3,NA,5,NA,NA,8,NA,10,11,12,13,11.13880444,225.4152832,0.260003239,46.15593719,0.396002442,16.45477295,25.42549896,10.16569614,0.420874447,200.1332245,0.00472207,-1060.739558,-1024.989323,RufousTailedHawk,15
1414,NA,0,NA,NA,NA,NA,NA,0,NA,NA,NA,0,0,NA,150,NA,NA,NA,NA,NA,102,NA,NA,NA,13,5,NA,10,NA,NA,NA,NA,NA,18,NA,NA,NA,17,13,NA,1,NA,NA,NA,NA,NA,1,NA,NA,NA,1,1,4.946932793,NA,351,NA,NA,NA,NA,NA,45,NA,NA,NA,331,54,NA,2,NA,NA,NA,NA,NA,8,NA,NA,NA,12,13,10.76476288,273.8001709,0,25.42276764,2.610850096,22.54129982,28.27464676,4.25817585,1.185121298,335.8565063,-0.894055068,-1045.739558,-1024.989323,RufousTailedHawk,15
1415,NA,NA,NA,NA,NA,0,0,0,NA,0,0,0,0,NA,NA,NA,NA,NA,10,120,20,NA,71,20,17,9,NA,NA,NA,NA,NA,18,16,11,NA,14,12,15,12,NA,NA,NA,NA,NA,2,4,2,NA,1,1,2,1,7.226109982,NA,NA,NA,NA,NA,9,261,295,NA,275,43,261,295,NA,NA,NA,NA,NA,6,7,8,NA,10,11,12,13,8.864801407,273.4180298,0.336882472,2.6274786,1.992870450,44.70477295,37.7979126,0.835142016,4.738512039,720.2073364,-4.595101357,-1030.739558,-1024.989323,RufousTailedHawk,15
1416,NA,NA,NA,0,NA,0,0,0,0,0,0,0,0,NA,NA,NA,60,NA,30,3,192,45,196,150,6,30,NA,NA,NA,17,NA,17,16,14,13,9,13,13,12,NA,NA,NA,2,NA,2,4,1,1,1,1,1,1,6.400213718,NA,NA,NA,329,NA,321,2,47,296,19,42,290,33,NA,NA,NA,4,NA,6,7,8,9,10,11,12,13,7.166386604,240.2327728,9.560199738,2.655497789,1.509991169,37.74149704,26.36064339,8.655108452,11.6435585,1072.89624,-2.816063166,-1015.739558,-1024.989323,RufousTailedHawk,15
1417,NA,NA,NA,NA,NA,NA,NA,0,NA,0,NA,NA,0,NA,NA,NA,NA,NA,NA,NA,55,NA,4,NA,NA,40,NA,NA,NA,NA,NA,NA,NA,14,NA,12,NA,NA,13,NA,NA,NA,NA,NA,NA,NA,1,NA,1,NA,NA,1,8.156574249,NA,NA,NA,NA,NA,NA,NA,18,NA,39,NA,NA,264,NA,NA,NA,NA,NA,NA,NA,8,NA,10,NA,NA,13,6.628956318,197.0364838,1.661217451,2.547288656,3.249677420,42.88216782,27.96137047,4.788051605,12.34053898,1155.263062,-3.524300814,-1000.739558,-1024.989323,RufousTailedHawk,15
1418,NA,NA,NA,NA,NA,NA,0,0,0,0,1,0,0,NA,NA,NA,NA,NA,NA,120,240,140,45,60,30,8,NA,NA,NA,NA,NA,NA,11,0,14,21,13,18,12,NA,NA,NA,NA,NA,NA,1,2,5,2,2,1,1,4.090674877,NA,NA,NA,NA,NA,NA,288,9,265,292,248,316,337,NA,NA,NA,NA,NA,NA,7,8,9,10,11,12,13,7.326296806,179.3374023,0.22337085,4.671512127,3.080205202,34.61250305,20.72890663,6.736727238,11.72307301,1043.303101,0.226239011,-985.7395576,-1024.989323,RufousTailedHawk,15
1419,NA,NA,NA,NA,NA,NA,0,0,0,0,0,0,0,NA,NA,NA,NA,NA,NA,120,5,59,5,75,10,60,NA,NA,NA,NA,NA,NA,11,10,18,16,17,19,19,NA,NA,NA,NA,NA,NA,10,3,1,1,1,2,1,3.199194431,NA,NA,NA,NA,NA,NA,290,281,44,344,39,22,325,NA,NA,NA,NA,NA,NA,7,8,9,10,11,12,13,6.246797562,135.6431427,1.258272767,4.66039753,4.975271225,33.36961746,20.93762398,10.37302971,13.36651516,1258.450684,-1.5556885,-970.7395576,-1024.989323,RufousTailedHawk,15
1420,NA,NA,NA,0,NA,NA,NA,0,0,0,0,0,0,NA,NA,NA,270,NA,NA,NA,60,300,4,40,45,111,NA,NA,NA,7,NA,NA,NA,13,14,17,9,18,8,NA,NA,NA,2,NA,NA,NA,3,1,1,2,1,1,3.846307039,NA,NA,NA,328,NA,NA,NA,281,32,344,31,24,28,NA,NA,NA,4,NA,NA,NA,8,9,10,11,12,13,6.587806702,108.9410629,2.064017534,4.419399738,5.887283802,27.15124321,19.33837891,10.5815258,11.33413982,1233.637573,-0.263350487,-955.7395576,-1024.989323,RufousTailedHawk,15
1421,NA,NA,NA,NA,NA,NA,NA,NA,0,0,NA,0,NA,NA,NA,NA,NA,NA,NA,NA,NA,82,5,NA,80,NA,NA,NA,NA,NA,NA,NA,NA,NA,18,18,NA,18,NA,NA,NA,NA,NA,NA,NA,NA,NA,2,1,NA,2,NA,3.107683182,NA,NA,NA,NA,NA,NA,NA,NA,13,344,NA,359,NA,NA,NA,NA,NA,NA,NA,NA,NA,9,10,NA,12,NA,7.187458515,89.56695557,5.450153828,5.54303503,5.576266766,20.46077156,16.30797958,14.39587975,27.14859009,1157.917725,-3.700496674,-940.7395576,-1024.989323,RufousTailedHawk,15
1424,0,0,0,NA,NA,0,NA,0,NA,0,0,0,0,180,30,240,NA,NA,60,NA,60,NA,16,7,69,27,9,16,8,NA,NA,18,NA,20,NA,14,18,11,17,8,1,4,NA,NA,1,NA,2,NA,1,1,1,1,7.959743023,334,32,300,NA,NA,361,NA,5,NA,304,56,261,30,1,2,3,NA,NA,6,NA,8,NA,10,11,12,13,9.62088871,205.2544861,0,0.444551498,0.197316587,37.6007843,29.70246315,0.12244001,3.440832138,235.9793091,-0.595602274,-1150.739558,-1039.989323,RufousTailedHawk,15
1425,NA,NA,NA,NA,NA,NA,NA,NA,NA,NA,NA,NA,0,NA,NA,NA,NA,NA,NA,NA,NA,NA,NA,NA,NA,4,NA,NA,NA,NA,NA,NA,NA,NA,NA,NA,NA,NA,22,NA,NA,NA,NA,NA,NA,NA,NA,NA,NA,NA,NA,1,3.315323353,NA,NA,NA,NA,NA,NA,NA,NA,NA,NA,NA,NA,13,NA,NA,NA,NA,NA,NA,NA,NA,NA,NA,NA,NA,13,9.295409203,195.0841827,0,7.845262527,2.808269501,36.9407959,50.36911011,0.132826626,1.903709292,347.7867737,2.311769485,-1135.739558,-1039.989323,RufousTailedHawk,15
1426,NA,NA,NA,NA,NA,NA,NA,NA,NA,NA,NA,NA,0,NA,NA,NA,NA,NA,NA,NA,NA,NA,NA,NA,NA,5,NA,NA,NA,NA,NA,NA,NA,NA,NA,NA,NA,NA,11,NA,NA,NA,NA,NA,NA,NA,NA,NA,NA,NA,NA,1,3.753094673,NA,NA,NA,NA,NA,NA,NA,NA,NA,NA,NA,NA,257,NA,NA,NA,NA,NA,NA,NA,NA,NA,NA,NA,NA,13,10.11588383,177.5226746,0.112942196,29.60668564,4.111130714,21.66179466,42.00049591,2.247595072,0.277181923,212.7124786,0.781873286,-1120.739558,-1039.989323,RufousTailedHawk,15
1427,0,0,0,0,0,1,0,0,1,0,1,0,1,150,149,75,240,15,300,210,60,210,42,91,26,6,16,14,20,16,18,8,13,19,17,14,10,20,13,2,1,1,1,1,1,2,1,1,2,1,1,1,2.119654417,304,321,333,341,349,244,332,309,314,306,250,329,271,1,2,3,4,5,6,7,8,9,10,11,12,13,10.83248329,162.7081451,0,47.76041412,0.996309519,18.10216331,30.69439316,2.420390606,0.045081686,93.59711456,0.177381113,-1105.739558,-1039.989323,RufousTailedHawk,15
1428,NA,NA,NA,NA,0,0,NA,NA,0,0,1,1,1,NA,NA,NA,NA,120,72,NA,NA,6,5,2,15,18,NA,NA,NA,NA,16,16,NA,NA,15,15,15,11,15,NA,NA,NA,NA,3,1,NA,NA,1,1,1,1,1,2.440602303,NA,NA,NA,NA,334,286,NA,NA,286,286,298,365,303,NA,NA,NA,NA,5,6,NA,NA,9,10,11,12,13,11.03952885,165.4329071,0,54.00776672,0.961871028,13.39095974,21.19958687,10.3953743,0.015753761,83.45722961,-0.100729637,-1090.739558,-1039.989323,RufousTailedHawk,15
1429,NA,NA,NA,NA,0,0,NA,NA,0,0,0,0,1,NA,NA,NA,NA,24,51,NA,NA,10,5,200,24,7,NA,NA,NA,NA,16,18,NA,NA,11,8,12,18,14,NA,NA,NA,NA,1,1,NA,NA,1,1,2,2,1,3.383032799,NA,NA,NA,NA,257,1,NA,NA,285,286,264,345,296,NA,NA,NA,NA,5,6,NA,NA,9,10,11,12,13,11.17289257,190.8105469,0,46.95394897,0.651762128,14.82419205,23.64653206,13.8700695,0.064401671,126.3143997,-0.028355766,-1075.739558,-1039.989323,RufousTailedHawk,15
1430,NA,0,NA,0,NA,0,0,0,0,0,0,0,1,NA,20,NA,14,NA,40,30,60,10,7,75,60,67,NA,9,NA,16,NA,20,16,18,17,9,22,9,17,NA,1,NA,1,NA,1,2,4,2,1,1,1,1,2.439624548,NA,351,NA,18,NA,364,338,261,18,286,281,357,270,NA,2,NA,4,NA,6,7,8,9,10,11,12,13,11.19657803,235.9872437,0.077908672,43.45183563,0.576426566,14.51782227,18.9639225,12.96921349,0.210474476,202.3167877,0.151086032,-1060.739558,-1039.989323,RufousTailedHawk,15
1431,NA,NA,NA,NA,NA,0,0,0,NA,0,0,0,0,NA,NA,NA,NA,NA,14,120,10,NA,41,180,46,12,NA,NA,NA,NA,NA,12,14,9,NA,12,23,11,18,NA,NA,NA,NA,NA,2,1,4,NA,1,2,2,1,2.946805,NA,NA,NA,NA,NA,319,39,303,NA,286,52,261,316,NA,NA,NA,NA,NA,6,7,8,NA,10,11,12,13,11.46899223,287.7327271,0.186021894,17.97636032,1.007138610,15.06412792,13.24473476,5.515817642,0.571279526,212.1515656,0.140042186,-1045.739558,-1039.989323,RufousTailedHawk,15
1432,0,NA,NA,0,0,0,0,0,0,0,0,0,0,240,NA,NA,60,15,70,270,30,60,29,120,120,185,9,NA,NA,8,18,10,13,10,11,10,3,16,7,10,NA,NA,5,2,2,1,1,1,1,1,1,1,2.431102037,335,NA,NA,338,24,319,7,39,329,295,42,316,351,1,NA,NA,4,5,6,7,8,9,10,11,12,13,9.176118851,298.1968994,0.009122302,4.307364941,1.411317468,42.74139404,35.47626877,0.37116003,5.699048519,641.4230957,2.629604816,-1030.739558,-1039.989323,RufousTailedHawk,15
1433,1,0,0,NA,NA,0,0,0,0,0,0,0,0,120,60,180,NA,NA,60,170,60,2,37,113,16,46,11,21,10,NA,NA,11,16,17,20,19,11,18,15,1,7,4,NA,NA,1,3,2,1,1,1,1,1,3.257287741,42,20,303,NA,NA,300,57,295,353,295,344,43,316,1,2,3,NA,NA,6,7,8,9,10,11,12,13,6.607199192,225.5788879,4.756988049,1.768522024,4.262132168,36.6415596,34.35217285,2.822320461,11.53899574,1142.156982,5.150895119,-1015.739558,-1039.989323,RufousTailedHawk,15
1434,NA,NA,NA,0,NA,NA,0,0,0,NA,NA,NA,0,NA,NA,NA,60,NA,NA,11,10,100,NA,NA,NA,15,NA,NA,NA,17,NA,NA,10,10,14,NA,NA,NA,10,NA,NA,NA,1,NA,NA,2,4,2,NA,NA,NA,1,4.6218853,NA,NA,NA,8,NA,NA,323,303,18,NA,NA,NA,282,NA,NA,NA,4,NA,NA,7,8,9,NA,NA,NA,13,5.783078194,182.3925629,6.975275517,2.200993776,6.071515083,36.43060684,25.53324127,8.55993557,13.17270279,1303.88269,0.147502691,-1000.739558,-1039.989323,RufousTailedHawk,15
1435,NA,NA,NA,0,NA,0,0,0,0,0,0,0,0,NA,NA,NA,80,NA,30,140,25,120,51,80,15,15,NA,NA,NA,7,NA,10,11,18,13,19,10,16,12,NA,NA,NA,1,NA,1,2,1,1,1,1,1,2,4.805194378,NA,NA,NA,58,NA,362,38,46,47,292,38,21,282,NA,NA,NA,4,NA,6,7,8,9,10,11,12,13,7.25504303,183.865387,1.472983956,2.475254536,3.693955660,33.3728447,21.38697815,6.433701515,10.36684132,1053.455078,1.306985259,-985.7395576,-1039.989323,RufousTailedHawk,15
1436,NA,NA,0,0,0,0,0,0,0,1,0,0,0,NA,NA,120,180,60,7,60,5,20,120,112,1,15,NA,NA,9,0,11,21,17,14,12,6,10,16,16,NA,NA,2,3,1,1,3,4,5,3,1,1,1,3.715668201,NA,NA,25,321,13,361,318,303,264,321,363,291,282,NA,NA,3,4,5,6,7,8,9,10,11,12,13,7.178947449,150.3192291,1.378732324,2.177063465,3.080005884,29.82021141,14.48229504,7.751744747,11.4832449,1096.600464,0.0240517,-970.7395576,-1039.989323,RufousTailedHawk,15
1438,NA,NA,NA,NA,NA,NA,0,NA,NA,NA,NA,NA,NA,NA,NA,NA,NA,NA,NA,20,NA,NA,NA,NA,NA,NA,NA,NA,NA,NA,NA,NA,14,NA,NA,NA,NA,NA,NA,NA,NA,NA,NA,NA,NA,2,NA,NA,NA,NA,NA,NA,7.872516155,NA,NA,NA,NA,NA,NA,290,NA,NA,NA,NA,NA,NA,NA,NA,NA,NA,NA,NA,7,NA,NA,NA,NA,NA,NA,6.025298119,81.62212372,8.526333809,5.930687904,3.986206770,18.95880127,7.940011024,13.90531921,38.87820816,1375.310669,-0.139171064,-940.7395576,-1039.989323,RufousTailedHawk,15
1441,NA,NA,NA,0,NA,NA,NA,0,NA,0,0,0,0,NA,NA,NA,120,NA,NA,NA,15,NA,180,36,44,28,NA,NA,NA,9,NA,NA,NA,13,NA,16,20,16,9,NA,NA,NA,1,NA,NA,NA,2,NA,2,1,2,1,19.44758415,NA,NA,NA,35,NA,NA,NA,28,NA,362,9,13,35,NA,NA,NA,4,NA,NA,NA,8,NA,10,11,12,13,8.98639679,212.8666687,0,1.535752654,0.165191561,47.57692719,39.80886459,0.168585256,5.891302109,378.0704041,1.992682219,-1150.739558,-1054.989323,RufousTailedHawk,15
1442,NA,NA,NA,NA,NA,NA,NA,NA,NA,NA,NA,0,NA,NA,NA,NA,NA,NA,NA,NA,NA,NA,NA,NA,24,NA,NA,NA,NA,NA,NA,NA,NA,NA,NA,NA,NA,16,NA,NA,NA,NA,NA,NA,NA,NA,NA,NA,NA,NA,2,NA,9.045438766,NA,NA,NA,NA,NA,NA,NA,NA,NA,NA,NA,330,NA,NA,NA,NA,NA,NA,NA,NA,NA,NA,NA,NA,12,NA,8.503266335,206.8104248,0,4.248708248,0.873519838,38.97295761,51.57077408,0.063437678,4.262953281,499.9634399,-2.273282766,-1135.739558,-1054.989323,RufousTailedHawk,15
1443,NA,NA,NA,NA,NA,NA,NA,0,NA,NA,0,NA,0,NA,NA,NA,NA,NA,NA,NA,90,NA,NA,15,NA,30,NA,NA,NA,NA,NA,NA,NA,15,NA,NA,13,NA,12,NA,NA,NA,NA,NA,NA,NA,2,NA,NA,4,NA,1,2.831132889,NA,NA,NA,NA,NA,NA,NA,260,NA,NA,256,NA,251,NA,NA,NA,NA,NA,NA,NA,8,NA,NA,11,NA,13,10.14912701,184.9771118,0,29.88636208,3.509802103,22.61752129,41.59345245,2.220054626,0.015922373,199.6359558,-0.093650125,-1120.739558,-1054.989323,RufousTailedHawk,15
1444,NA,NA,NA,NA,NA,0,NA,0,NA,NA,0,NA,0,NA,NA,NA,NA,NA,35,NA,5,NA,NA,48,NA,3,NA,NA,NA,NA,NA,11,NA,15,NA,NA,11,NA,11,NA,NA,NA,NA,NA,2,NA,1,NA,NA,4,NA,1,1.839925885,NA,NA,NA,NA,NA,10,NA,263,NA,NA,256,NA,244,NA,NA,NA,NA,NA,6,NA,8,NA,NA,11,NA,13,10.84529877,172.256897,0,48.78203201,0.591348767,16.92625809,25.13445091,8.005612373,0.04214409,90.25371552,-0.59167248,-1105.739558,-1054.989323,RufousTailedHawk,15
1445,NA,NA,NA,NA,NA,NA,NA,NA,NA,NA,NA,1,0,NA,NA,NA,NA,NA,NA,NA,NA,NA,NA,NA,31,26,NA,NA,NA,NA,NA,NA,NA,NA,NA,NA,NA,15,19,NA,NA,NA,NA,NA,NA,NA,NA,NA,NA,NA,2,2,5.148761272,NA,NA,NA,NA,NA,NA,NA,NA,NA,NA,NA,7,280,NA,NA,NA,NA,NA,NA,NA,NA,NA,NA,NA,12,13,10.95474339,177.4298553,0,52.25141907,0.078975976,13.91430569,23.13703346,10.60791683,0.018419379,106.29673,0.100456819,-1090.739558,-1054.989323,RufousTailedHawk,15
1446,NA,NA,NA,NA,NA,NA,0,0,NA,NA,0,0,0,NA,NA,NA,NA,NA,NA,13,5,NA,NA,18,48,1,NA,NA,NA,NA,NA,NA,12,19,NA,NA,14,16,18,NA,NA,NA,NA,NA,NA,2,1,NA,NA,1,2,1,2.503109217,NA,NA,NA,NA,NA,NA,340,38,NA,NA,330,29,261,NA,NA,NA,NA,NA,NA,7,8,NA,NA,11,12,13,11.10382462,204.0583496,0.282319427,41.96591568,0.929646492,17.57839775,30.27671242,8.448831558,0.557916224,138.4751587,-0.158460826,-1075.739558,-1054.989323,RufousTailedHawk,15
1447,NA,NA,0,NA,NA,NA,0,NA,0,0,0,0,0,NA,NA,30,NA,NA,NA,5,NA,25,60,13,27,19,NA,NA,19,NA,NA,NA,12,NA,11,15,10,19,11,NA,NA,1,NA,NA,NA,1,NA,1,2,1,1,1,2.87185359,NA,NA,323,NA,NA,NA,7,NA,285,39,330,328,246,NA,NA,3,NA,NA,NA,7,NA,9,10,11,12,13,11.11453342,248.9433899,0.05688272,25.6976223,2.075651169,25.79081345,28.78551102,4.517044067,0.057963964,196.9801483,-0.175679296,-1060.739558,-1054.989323,RufousTailedHawk,15
1448,NA,NA,NA,NA,NA,0,NA,NA,0,0,NA,0,NA,NA,NA,NA,NA,NA,16,NA,NA,22,112,NA,37,NA,NA,NA,NA,NA,NA,20,NA,NA,16,8,NA,18,NA,NA,NA,NA,NA,NA,1,NA,NA,1,1,NA,1,NA,3.697862148,NA,NA,NA,NA,NA,3,NA,NA,42,37,NA,32,NA,NA,NA,NA,NA,NA,6,NA,NA,9,10,NA,12,NA,11.23448181,301.63974,0.026068538,8.817064285,0.850401402,18.12546921,14.58229065,3.05208993,2.399552107,237.7204437,-0.361659467,-1045.739558,-1054.989323,RufousTailedHawk,15
1449,NA,NA,NA,0,0,0,NA,0,0,0,0,0,0,NA,NA,NA,300,120,72,NA,260,120,8,46,150,18,NA,NA,NA,9,12,10,NA,11,15,10,11,7,16,NA,NA,NA,1,2,2,NA,2,2,1,1,1,2,1.992324233,NA,NA,NA,49,362,319,NA,29,54,286,279,282,354,NA,NA,NA,4,5,6,NA,8,9,10,11,12,13,10.0781002,334.6407166,0.041056231,3.400051832,0.832415223,36.99010468,27.77233505,0.449239403,5.393798351,489.5406189,0.712497711,-1030.739558,-1054.989323,RufousTailedHawk,15
1450,NA,NA,NA,NA,NA,NA,NA,NA,NA,NA,0,NA,NA,NA,NA,NA,NA,NA,NA,NA,NA,NA,NA,9,NA,NA,NA,NA,NA,NA,NA,NA,NA,NA,NA,NA,11,NA,NA,NA,NA,NA,NA,NA,NA,NA,NA,NA,NA,1,NA,NA,3.651914597,NA,NA,NA,NA,NA,NA,NA,NA,NA,NA,58,NA,NA,NA,NA,NA,NA,NA,NA,NA,NA,NA,NA,11,NA,NA,8.317446709,296.8439636,0.818264723,3.760248899,2.040700197,41.69913101,30.85872459,1.840096235,10.74867439,825.6759033,0.437544972,-1015.739558,-1054.989323,RufousTailedHawk,15
1452,NA,NA,NA,NA,NA,NA,NA,NA,NA,NA,NA,NA,0,NA,NA,NA,NA,NA,NA,NA,NA,NA,NA,NA,NA,180,NA,NA,NA,NA,NA,NA,NA,NA,NA,NA,NA,NA,17,NA,NA,NA,NA,NA,NA,NA,NA,NA,NA,NA,NA,1,13.65981865,NA,NA,NA,NA,NA,NA,NA,NA,NA,NA,NA,NA,326,NA,NA,NA,NA,NA,NA,NA,NA,NA,NA,NA,NA,13,5.623346329,159.2806549,5.607453823,2.886064053,4.788455963,33.99941254,16.74324608,13.8992157,18.15458679,1338.866821,-2.30203104,-985.7395576,-1054.989323,RufousTailedHawk,15
1453,NA,NA,NA,0,NA,NA,NA,NA,NA,NA,0,0,0,NA,NA,NA,5,NA,NA,NA,NA,NA,NA,46,41,50,NA,NA,NA,13,NA,NA,NA,NA,NA,NA,14,12,16,NA,NA,NA,2,NA,NA,NA,NA,NA,NA,1,1,1,9.160571098,NA,NA,NA,325,NA,NA,NA,NA,NA,NA,289,272,346,NA,NA,NA,4,NA,NA,NA,NA,NA,NA,11,12,13,7.45912075,148.2100525,2.351322412,3.100758791,2.628271103,22.82618141,13.36477757,6.710457802,6.738897324,1033.247314,-4.298913002,-970.7395576,-1054.989323,RufousTailedHawk,15
1454,NA,NA,NA,NA,NA,0,0,NA,0,0,0,0,0,NA,NA,NA,NA,NA,46,120,NA,10,300,20,84,15,NA,NA,NA,NA,NA,8,10,NA,17,18,10,13,9,NA,NA,NA,NA,NA,2,1,NA,1,2,1,1,1,3.441405535,NA,NA,NA,NA,NA,46,39,NA,7,328,354,355,349,NA,NA,NA,NA,NA,6,7,NA,9,10,11,12,13,6.953575134,112.6064453,4.493012428,2.723537207,3.489554167,25.63331413,13.98208237,10.27762699,12.31566811,1148.367554,1.563830733,-955.7395576,-1054.989323,RufousTailedHawk,15
1455,NA,NA,NA,NA,NA,0,NA,NA,NA,NA,NA,NA,NA,NA,NA,NA,NA,NA,15,NA,NA,NA,NA,NA,NA,NA,NA,NA,NA,NA,NA,14,NA,NA,NA,NA,NA,NA,NA,NA,NA,NA,NA,NA,1,NA,NA,NA,NA,NA,NA,NA,6.417007923,NA,NA,NA,NA,NA,365,NA,NA,NA,NA,NA,NA,NA,NA,NA,NA,NA,NA,6,NA,NA,NA,NA,NA,NA,NA,5.696028709,79.23130798,10.82983971,6.521107674,5.334040642,22.27900887,10.66029167,18.11531067,24.91777992,1424.488281,3.23845911,-940.7395576,-1054.989323,RufousTailedHawk,15
1456,NA,0,NA,NA,NA,NA,NA,0,0,0,NA,NA,0,NA,60,NA,NA,NA,NA,NA,20,80,8,NA,NA,58,NA,11,NA,NA,NA,NA,NA,14,13,14,NA,NA,10,NA,1,NA,NA,NA,NA,NA,1,1,2,NA,NA,2,6.417007923,NA,27,NA,NA,NA,NA,NA,279,11,327,NA,NA,330,NA,2,NA,NA,NA,NA,NA,8,9,10,NA,NA,13,5.696028709,79.23130798,10.82983971,6.521107674,5.334040642,22.27900887,10.66029167,18.11531067,24.91777992,1424.488281,3.23845911,-925.7395576,-1054.989323,RufousTailedHawk,15
1458,NA,NA,NA,NA,NA,NA,NA,NA,NA,0,0,0,NA,NA,NA,NA,NA,NA,NA,NA,NA,NA,45,5,10,NA,NA,NA,NA,NA,NA,NA,NA,NA,NA,10,20,13,NA,NA,NA,NA,NA,NA,NA,NA,NA,NA,1,1,1,NA,17.54645157,NA,NA,NA,NA,NA,NA,NA,NA,NA,310,22,45,NA,NA,NA,NA,NA,NA,NA,NA,NA,NA,10,11,12,NA,8.258390427,224.0988464,0,3.34236598,0.771373332,45.05144882,42.44176483,0.066229746,4.945847034,525.2141724,-0.049771123,-1150.739558,-1069.989323,RufousTailedHawk,15
1459,NA,NA,NA,NA,NA,NA,NA,NA,NA,NA,NA,NA,0,NA,NA,NA,NA,NA,NA,NA,NA,NA,NA,NA,NA,46,NA,NA,NA,NA,NA,NA,NA,NA,NA,NA,NA,NA,16,NA,NA,NA,NA,NA,NA,NA,NA,NA,NA,NA,NA,1,5.123782158,NA,NA,NA,NA,NA,NA,NA,NA,NA,NA,NA,NA,23,NA,NA,NA,NA,NA,NA,NA,NA,NA,NA,NA,NA,13,8.825405121,214.3701324,0.026220838,11.64113331,1.420917153,36.29421616,45.40030289,1.262288332,3.979904175,428.0784302,0.616291285,-1135.739558,-1069.989323,RufousTailedHawk,15
1460,NA,NA,NA,NA,NA,NA,NA,NA,NA,NA,0,NA,0,NA,NA,NA,NA,NA,NA,NA,NA,NA,NA,5,NA,6,NA,NA,NA,NA,NA,NA,NA,NA,NA,NA,14,NA,17,NA,NA,NA,NA,NA,NA,NA,NA,NA,NA,4,NA,1,2.395944595,NA,NA,NA,NA,NA,NA,NA,NA,NA,NA,256,NA,23,NA,NA,NA,NA,NA,NA,NA,NA,NA,NA,11,NA,13,10.08229733,197.2362061,0.066976346,36.69522476,1.694315314,21.46532631,35.16982651,4.59054184,0.21801877,203.3937378,0.179476917,-1120.739558,-1069.989323,RufousTailedHawk,15
1461,NA,NA,NA,NA,NA,NA,NA,0,0,NA,0,0,0,NA,NA,NA,NA,NA,NA,NA,30,4,NA,11,10,13,NA,NA,NA,NA,NA,NA,NA,10,19,NA,11,16,12,NA,NA,NA,NA,NA,NA,NA,1,1,NA,1,1,1,3.276153564,NA,NA,NA,NA,NA,NA,NA,20,305,NA,282,59,244,NA,NA,NA,NA,NA,NA,NA,8,9,NA,11,12,13,10.6444912,186.4129486,0,45.89464188,0.571322501,16.79788017,29.1450882,6.800444603,0.125783131,121.9986343,-0.122687131,-1105.739558,-1069.989323,RufousTailedHawk,15
1462,NA,NA,NA,NA,NA,NA,NA,0,NA,0,NA,NA,0,NA,NA,NA,NA,NA,NA,NA,15,NA,15,NA,NA,3,NA,NA,NA,NA,NA,NA,NA,16,NA,12,NA,NA,9,NA,NA,NA,NA,NA,NA,NA,4,NA,1,NA,NA,1,2.513981342,NA,NA,NA,NA,NA,NA,NA,302,NA,282,NA,NA,249,NA,NA,NA,NA,NA,NA,NA,8,NA,10,NA,NA,13,10.81448078,192.141922,0,46.67004013,0.796447992,14.27712917,27.4126873,10.53016663,0.060762085,129.3142395,0.010093981,-1090.739558,-1069.989323,RufousTailedHawk,15
1463,NA,0,0,NA,0,0,0,0,0,0,0,0,0,NA,102,180,NA,20,30,120,60,60,5,110,253,33,NA,16,9,NA,17,17,11,9,19,18,13,19,16,NA,1,2,NA,1,2,2,1,2,1,1,1,1,2.647124052,NA,317,333,NA,41,60,347,277,336,305,50,352,351,NA,2,3,NA,5,6,7,8,9,10,11,12,13,11.17563057,217.2031403,0.089438312,26.10215759,0.931444466,16.65664864,20.57105827,7.219682693,0.423313797,127.6900101,0.068475857,-1075.739558,-1069.989323,RufousTailedHawk,15
1464,0,NA,0,NA,NA,NA,1,0,0,0,0,0,0,5,NA,90,NA,NA,NA,70,100,52,63,24,65,11,12,NA,17,NA,NA,NA,19,11,16,18,15,18,18,2,NA,1,NA,NA,NA,1,1,1,1,1,1,1,3.298492908,324,NA,316,NA,NA,NA,35,265,262,261,47,284,261,1,NA,3,NA,NA,NA,7,8,9,10,11,12,13,11.18081474,260.1730347,0.066235751,24.64761353,2.318693399,24.14406395,25.49627113,5.756186962,0.300172359,176.1336365,0.082427688,-1060.739558,-1069.989323,RufousTailedHawk,15
1465,NA,NA,NA,NA,NA,NA,0,NA,NA,0,0,NA,0,NA,NA,NA,NA,NA,NA,60,NA,NA,34,46,NA,5,NA,NA,NA,NA,NA,NA,14,NA,NA,18,9,NA,15,NA,NA,NA,NA,NA,NA,2,NA,NA,1,1,NA,1,7.911048889,NA,NA,NA,NA,NA,NA,22,NA,NA,60,311,NA,363,NA,NA,NA,NA,NA,NA,7,NA,NA,10,11,NA,13,9.409622192,313.0152588,0.049133591,10.33795357,1.833338618,43.97994232,33.81097412,0.933067203,8.863545418,539.8530273,-0.166420132,-1045.739558,-1069.989323,RufousTailedHawk,15
1466,NA,NA,NA,NA,NA,NA,NA,NA,NA,NA,NA,NA,0,NA,NA,NA,NA,NA,NA,NA,NA,NA,NA,NA,NA,7,NA,NA,NA,NA,NA,NA,NA,NA,NA,NA,NA,NA,17,NA,NA,NA,NA,NA,NA,NA,NA,NA,NA,NA,NA,2,9.701987267,NA,NA,NA,NA,NA,NA,NA,NA,NA,NA,NA,NA,309,NA,NA,NA,NA,NA,NA,NA,NA,NA,NA,NA,NA,13,7.805890083,297.8201599,2.247023582,2.936626434,1.258953691,44.04577255,31.27835464,1.19995892,11.10873604,885.2078857,4.339710712,-1030.739558,-1069.989323,RufousTailedHawk,15
1468,NA,NA,0,NA,NA,NA,0,0,0,NA,NA,NA,0,NA,NA,180,NA,NA,NA,240,240,15,NA,NA,NA,34,NA,NA,12,NA,NA,NA,12,10,15,NA,NA,NA,15,NA,NA,1,NA,NA,NA,1,2,2,NA,NA,NA,2,4.905503273,NA,NA,276,NA,NA,NA,27,23,57,NA,NA,NA,311,NA,NA,3,NA,NA,NA,7,8,9,NA,NA,NA,13,8.026193619,288.1026306,1.636475682,4.408011913,1.272045374,45.26654434,25.00588417,5.109565735,15.18547153,890.8309326,-2.117424011,-1000.739558,-1069.989323,RufousTailedHawk,15
1469,0,NA,0,NA,NA,0,0,0,0,0,0,0,0,90,NA,120,NA,NA,26,300,38,99,30,31,67,10,10,NA,10,NA,NA,11,11,13,14,11,14,16,0,1,NA,5,NA,NA,2,2,1,1,1,1,1,1,5.718580246,269,NA,288,NA,NA,18,327,25,4,312,304,346,331,1,NA,3,NA,NA,6,7,8,9,10,11,12,13,6.493220806,187.0115051,2.901831388,4.628968239,2.869680405,38.58608627,18.00299072,10.44019508,14.57467079,1163.37793,0.382608801,-985.7395576,-1069.989323,RufousTailedHawk,15
1470,NA,0,NA,0,0,0,0,0,0,0,0,0,0,NA,75,NA,180,120,58,60,142,180,212,16,78,245,NA,15,NA,13,10,8,12,10,18,8,18,15,14,NA,1,NA,3,1,2,1,1,2,2,1,1,2,7.098615646,NA,16,NA,293,13,18,266,306,347,284,297,321,287,NA,2,NA,4,5,6,7,8,9,10,11,12,13,6.906712055,147.3488922,2.167274952,2.379001617,3.079334259,23.98795509,11.51669979,11.63061333,12.07693863,1121.09436,2.18349719,-970.7395576,-1069.989323,RufousTailedHawk,15
1471,0,0,0,0,0,0,0,0,0,0,0,0,0,15,60,180,70,210,60,60,14,120,10,36,28,120,11,9,11,15,7,15,8,12,8,19,18,15,12,1,4,2,1,1,3,1,1,2,1,1,1,3,2.397199631,48,356,332,29,317,277,290,306,307,293,355,253,295,1,2,3,4,5,6,7,8,9,10,11,12,13,8.426062584,126.693512,0.211457565,2.346669912,3.297885895,19.4576931,13.7988348,4.365719318,5.750331879,848.6485596,-1.567615747,-955.7395576,-1069.989323,RufousTailedHawk,15
1472,NA,NA,NA,0,NA,0,0,0,0,0,0,0,0,NA,NA,NA,60,NA,15,90,60,15,120,17,7,95,NA,NA,NA,9,NA,13,7,12,9,17,15,10,14,NA,NA,NA,2,NA,1,1,1,5,4,1,1,1,2.501845837,NA,NA,NA,329,NA,2,27,30,266,278,319,301,350,NA,NA,NA,4,NA,6,7,8,9,10,11,12,13,8.499361992,93.6622467,2.838945627,7.105035782,3.419261694,6.877596855,10.52980518,10.7229147,16.59729576,844.9314575,-0.753244281,-940.7395576,-1069.989323,RufousTailedHawk,15
1473,NA,NA,NA,NA,NA,NA,0,0,0,0,0,0,0,NA,NA,NA,NA,NA,NA,240,3,30,10,15,2,11,NA,NA,NA,NA,NA,NA,8,11,9,9,13,8,10,NA,NA,NA,NA,NA,NA,3,1,1,2,1,1,1,2.501845837,NA,NA,NA,NA,NA,NA,52,46,43,318,248,352,281,NA,NA,NA,NA,NA,NA,7,8,9,10,11,12,13,8.499361992,93.6622467,2.838945627,7.105035782,3.419261694,6.877596855,10.52980518,10.7229147,16.59729576,844.9314575,-0.753244281,-925.7395576,-1069.989323,RufousTailedHawk,15
1477,NA,NA,NA,NA,NA,NA,NA,NA,NA,NA,0,NA,NA,NA,NA,NA,NA,NA,NA,NA,NA,NA,NA,12,NA,NA,NA,NA,NA,NA,NA,NA,NA,NA,NA,NA,15,NA,NA,NA,NA,NA,NA,NA,NA,NA,NA,NA,NA,4,NA,NA,2.381029606,NA,NA,NA,NA,NA,NA,NA,NA,NA,NA,256,NA,NA,NA,NA,NA,NA,NA,NA,NA,NA,NA,NA,11,NA,NA,10.10624218,214.1147156,0,34.45980453,1.755773664,20.15515709,41.55544281,1.813115358,0.048188075,185.5745697,0.436106354,-1120.739558,-1084.989323,RufousTailedHawk,15
1478,NA,NA,NA,NA,NA,NA,NA,0,NA,0,0,0,0,NA,NA,NA,NA,NA,NA,NA,130,NA,43,124,174,35,NA,NA,NA,NA,NA,NA,NA,7,NA,18,7,10,11,NA,NA,NA,NA,NA,NA,NA,1,NA,1,3,1,1,3.295619249,NA,NA,NA,NA,NA,NA,NA,300,NA,39,342,260,347,NA,NA,NA,NA,NA,NA,NA,8,NA,10,11,12,13,10.4781599,208.7366638,0,48.20295715,0.421981871,14.24811459,28.4013958,8.705327034,0,136.6582794,-0.037268002,-1105.739558,-1084.989323,RufousTailedHawk,15
1479,0,0,0,0,0,0,0,0,0,0,0,0,1,30,60,240,120,240,10,20,120,29,2,5,41,2,15,10,13,17,9,17,12,11,19,8,15,19,15,1,2,1,3,3,1,1,2,1,1,1,1,1,2.017038345,324,346,275,5,30,360,313,332,358,304,307,284,349,1,2,3,4,5,6,7,8,9,10,11,12,13,10.69494152,217.7090759,0,46.89463425,0.644600809,12.73475933,21.02464867,13.18676376,0.208335981,132.3368225,0.014230961,-1090.739558,-1084.989323,RufousTailedHawk,15
1480,NA,NA,NA,NA,0,NA,NA,NA,NA,NA,NA,0,0,NA,NA,NA,NA,10,NA,NA,NA,NA,NA,NA,3,16,NA,NA,NA,NA,17,NA,NA,NA,NA,NA,NA,12,17,NA,NA,NA,NA,2,NA,NA,NA,NA,NA,NA,1,1,8.90691185,NA,NA,NA,NA,348,NA,NA,NA,NA,NA,NA,365,359,NA,NA,NA,NA,5,NA,NA,NA,NA,NA,NA,12,13,11.49557018,232.3819733,0,6.706725121,0.498303443,5.257428169,4.365805626,2.402900457,0.019100053,69.19326019,-0.330027878,-1075.739558,-1084.989323,RufousTailedHawk,15
1481,NA,NA,NA,NA,0,NA,0,0,NA,0,0,0,0,NA,NA,NA,NA,12,NA,120,60,NA,60,98,97,50,NA,NA,NA,NA,15,NA,20,11,NA,17,18,19,17,NA,NA,NA,NA,1,NA,3,1,NA,1,1,1,3,6.868161678,NA,NA,NA,NA,341,NA,363,27,NA,259,48,34,338,NA,NA,NA,NA,5,NA,7,8,NA,10,11,12,13,11.84050751,258.7387695,0,1.111072302,0.226870671,3.060364485,2.357423067,0.060469862,0.221882269,58.70809555,-0.493496448,-1060.739558,-1084.989323,RufousTailedHawk,15
1482,0,NA,0,0,NA,0,0,0,0,0,0,0,0,60,NA,30,120,NA,30,180,15,19,34,46,15,3,13,NA,18,16,NA,8,21,9,17,19,14,11,18,1,NA,4,1,NA,2,2,3,1,1,1,1,1,3.795123816,301,NA,274,265,NA,311,352,262,357,306,263,255,304,1,NA,3,4,NA,6,7,8,9,10,11,12,13,8.808580399,291.9324341,3.925740004,1.673291564,1.252786040,35.16605759,22.50448036,1.630213737,10.90454578,653.0604248,4.085111618,-1045.739558,-1084.989323,RufousTailedHawk,15
1483,0,0,0,0,0,0,0,0,0,0,0,0,1,70,180,45,40,60,180,5,20,180,5,80,10,75,10,12,12,8,11,9,17,14,11,15,11,15,15,2,1,2,1,2,3,1,1,2,1,3,1,1,6.89571619,324,54,338,291,334,322,294,300,319,292,296,255,37,1,2,3,4,5,6,7,8,9,10,11,12,13,9.585885048,358.7868042,0.268171191,3.431097031,0.973742127,28.66609001,21.99312973,0.498590916,5.831557751,544.0437622,-3.718772888,-1030.739558,-1084.989323,RufousTailedHawk,15
1484,NA,NA,NA,0,1,NA,NA,NA,NA,NA,NA,0,0,NA,NA,NA,300,120,NA,NA,NA,NA,NA,NA,35,20,NA,NA,NA,9,17,NA,NA,NA,NA,NA,NA,18,9,NA,NA,NA,2,10,NA,NA,NA,NA,NA,NA,1,3,15.52749634,NA,NA,NA,20,314,NA,NA,NA,NA,NA,NA,305,294,NA,NA,NA,4,5,NA,NA,NA,NA,NA,NA,12,13,8.549399376,336.2856445,1.683897376,4.184785843,1.168827057,34.56361771,18.37163544,4.762967587,11.63747215,757.3353271,-1.432091713,-1015.739558,-1084.989323,RufousTailedHawk,15
1485,NA,NA,NA,NA,0,NA,NA,0,NA,NA,NA,NA,NA,NA,NA,NA,NA,135,NA,NA,57,NA,NA,NA,NA,NA,NA,NA,NA,NA,11,NA,NA,18,NA,NA,NA,NA,NA,NA,NA,NA,NA,1,NA,NA,1,NA,NA,NA,NA,NA,11.07940674,NA,NA,NA,NA,48,NA,NA,24,NA,NA,NA,NA,NA,NA,NA,NA,NA,5,NA,NA,8,NA,NA,NA,NA,NA,6.738673687,250.0622253,4.076879025,2.810693264,1.588881373,36.57475281,18.54998779,7.306764603,13.38607693,1108.078003,0.806095123,-1000.739558,-1084.989323,RufousTailedHawk,15
1486,NA,NA,0,0,0,NA,0,NA,0,0,0,0,0,NA,NA,200,90,120,NA,55,NA,30,300,45,2,20,NA,NA,11,18,12,NA,12,NA,19,22,14,19,17,NA,NA,1,2,4,NA,1,NA,1,1,1,1,1,3.995507717,NA,NA,13,41,350,NA,49,NA,356,354,23,321,282,NA,NA,3,4,5,NA,7,NA,9,10,11,12,13,4.484808922,156.7272644,6.105764866,4.942424297,2.831981659,28.87853241,16.05576134,9.258437157,11.82435036,1531.474487,6.237417221,-985.7395576,-1084.989323,RufousTailedHawk,15
1487,NA,NA,NA,0,0,NA,NA,0,0,0,0,0,0,NA,NA,NA,240,120,NA,NA,95,20,300,4,38,48,NA,NA,NA,15,15,NA,NA,12,20,10,13,13,15,NA,NA,NA,2,1,NA,NA,3,2,2,1,1,2,7.338185787,NA,NA,NA,53,23,NA,NA,49,51,39,267,341,347,NA,NA,NA,4,5,NA,NA,8,9,10,11,12,13,5.074064255,129.3911285,9.279280663,4.70500803,4.742569923,28.78886795,14.60507774,14.75348949,18.84840393,1445.618164,0.380054682,-970.7395576,-1084.989323,RufousTailedHawk,15
1488,0,0,0,0,0,0,1,0,0,1,0,0,1,180,90,120,5,120,180,210,300,180,120,40,10,17,16,10,10,21,8,15,12,9,10,2,11,8,16,2,2,1,1,6,1,1,1,5,1,1,1,1,3.310859919,324,44,264,365,328,267,53,247,360,348,287,282,325,1,2,3,4,5,6,7,8,9,10,11,12,13,5.74510479,105.0142517,7.423041344,5.92309618,6.165460110,22.99349022,14.63084888,15.39345837,15.83401299,1342.650879,2.658284903,-955.7395576,-1084.989323,RufousTailedHawk,15
1489,0,0,NA,0,0,0,0,0,0,0,0,0,0,90,60,NA,62,60,60,60,4,30,14,4,23,5,16,13,NA,8,16,15,10,10,10,16,9,16,9,2,3,NA,1,1,1,2,1,2,1,1,1,1,2.537181616,327,328,NA,300,328,258,325,251,293,290,321,275,279,1,2,NA,4,5,6,7,8,9,10,11,12,13,6.830331326,84.28395844,10.90769196,5.246898174,6.920013905,18.45380211,10.33890438,17.07086945,23.34760475,1142.257324,2.271786451,-940.7395576,-1084.989323,RufousTailedHawk,15
1490,NA,0,NA,NA,NA,NA,NA,NA,NA,0,0,NA,NA,NA,14,NA,NA,NA,NA,NA,NA,NA,240,135,NA,NA,NA,13,NA,NA,NA,NA,NA,NA,NA,15,13,NA,NA,NA,1,NA,NA,NA,NA,NA,NA,NA,1,2,NA,NA,2.537181616,NA,17,NA,NA,NA,NA,NA,NA,NA,349,22,NA,NA,NA,2,NA,NA,NA,NA,NA,NA,NA,10,11,NA,NA,6.830331326,84.28395844,10.90769196,5.246898174,6.920013905,18.45380211,10.33890438,17.07086945,23.34760475,1142.257324,2.271786451,-925.7395576,-1084.989323,RufousTailedHawk,15
1492,NA,NA,NA,NA,NA,NA,NA,NA,0,0,0,0,0,NA,NA,NA,NA,NA,NA,NA,NA,31,57,53,15,69,NA,NA,NA,NA,NA,NA,NA,NA,20,9,13,10,19,NA,NA,NA,NA,NA,NA,NA,NA,1,1,1,1,1,20.62901115,NA,NA,NA,NA,NA,NA,NA,NA,308,27,51,24,6,NA,NA,NA,NA,NA,NA,NA,NA,9,10,11,12,13,8.875637054,246.5487518,0.169430673,0.847468138,1.776698470,33.76550293,44.52254486,0.138425693,11.23958397,382.9691467,1.653208613,-1150.739558,-1099.989323,RufousTailedHawk,15
1493,NA,NA,NA,NA,NA,NA,NA,NA,NA,NA,0,0,NA,NA,NA,NA,NA,NA,NA,NA,NA,NA,NA,120,15,NA,NA,NA,NA,NA,NA,NA,NA,NA,NA,NA,15,11,NA,NA,NA,NA,NA,NA,NA,NA,NA,NA,NA,1,1,NA,10.62395477,NA,NA,NA,NA,NA,NA,NA,NA,NA,NA,48,248,NA,NA,NA,NA,NA,NA,NA,NA,NA,NA,NA,11,12,NA,10.1041975,238.467514,0,22.81241417,2.500125885,21.89518929,50.61618042,1.423149943,0.670117378,148.2797089,-1.208018422,-1135.739558,-1099.989323,RufousTailedHawk,15
1494,NA,NA,NA,NA,NA,NA,NA,0,NA,NA,0,0,0,NA,NA,NA,NA,NA,NA,NA,133,NA,NA,7,16,15,NA,NA,NA,NA,NA,NA,NA,18,NA,NA,9,13,14,NA,NA,NA,NA,NA,NA,NA,2,NA,NA,3,1,1,2.541925669,NA,NA,NA,NA,NA,NA,NA,344,NA,NA,250,255,348,NA,NA,NA,NA,NA,NA,NA,8,NA,NA,11,12,13,10.21335602,233.7143097,0,39.34996033,1.234576702,17.34156799,35.57883072,5.902851105,0.093780704,149.4048157,0.099266134,-1120.739558,-1099.989323,RufousTailedHawk,15
1495,NA,NA,NA,NA,NA,NA,NA,NA,NA,NA,0,0,0,NA,NA,NA,NA,NA,NA,NA,NA,NA,NA,38,6,4,NA,NA,NA,NA,NA,NA,NA,NA,NA,NA,12,12,9,NA,NA,NA,NA,NA,NA,NA,NA,NA,NA,1,1,1,2.880772114,NA,NA,NA,NA,NA,NA,NA,NA,NA,NA,55,255,327,NA,NA,NA,NA,NA,NA,NA,NA,NA,NA,11,12,13,10.21963024,233.2934875,0,42.81004715,0.516454697,14.633214,28.51768112,13.46727753,0.074477747,165.8271942,0.342772067,-1105.739558,-1099.989323,RufousTailedHawk,15
1496,NA,0,NA,NA,0,0,0,0,0,0,0,0,0,NA,240,NA,NA,20,20,60,32,40,10,5,3,8,NA,8,NA,NA,13,11,8,8,14,14,19,11,17,NA,6,NA,NA,1,1,5,4,1,2,7,1,1,2.618372917,NA,303,NA,NA,271,284,322,270,298,304,293,278,318,NA,2,NA,NA,5,6,7,8,9,10,11,12,13,10.59332466,242.5893707,0.18862775,39.66447449,0.863106430,16.96623611,22.3185482,15.00231171,0.125393897,127.0547104,0.174933478,-1090.739558,-1099.989323,RufousTailedHawk,15
1497,NA,NA,NA,0,0,0,0,0,0,0,0,0,0,NA,NA,NA,60,60,15,120,15,15,30,12,6,6,NA,NA,NA,9,18,13,16,8,13,13,11,19,17,NA,NA,NA,1,2,1,4,4,1,2,1,1,1,5.463810444,NA,NA,NA,310,365,39,261,301,349,264,247,286,314,NA,NA,NA,4,5,6,7,8,9,10,11,12,13,11.34949875,254.0056,0.043883339,3.411851406,0.491212934,5.261287689,4.236462116,1.629613042,0.455316097,60.95203781,-0.318033248,-1075.739558,-1099.989323,RufousTailedHawk,15
1498,0,NA,NA,NA,NA,0,0,0,0,0,0,0,0,10,NA,NA,NA,NA,96,15,50,30,1,77,60,9,9,NA,NA,NA,NA,18,12,17,9,11,18,18,20,2,NA,NA,NA,NA,2,1,4,1,1,1,1,1,3.59351325,324,NA,NA,NA,NA,39,312,298,331,291,268,317,281,1,NA,NA,NA,NA,6,7,8,9,10,11,12,13,10.79185772,278.8434143,0.002886311,6.119022846,1.089940667,26.12656593,24.12088585,2.464061975,0.441127568,191.3852081,-0.561067462,-1060.739558,-1099.989323,RufousTailedHawk,15
1499,0,0,NA,0,0,NA,0,0,0,0,0,0,0,15,240,NA,240,120,NA,90,120,94,7,17,20,19,11,2,NA,8,17,NA,14,14,12,9,10,18,18,2,6,NA,2,2,NA,1,6,3,5,1,1,1,4.062909603,324,303,NA,19,313,NA,333,300,342,292,258,310,268,1,2,NA,4,5,NA,7,8,9,10,11,12,13,10.32420158,317.1051941,0.253151804,5.129934788,2.070451498,34.32201767,41.79232025,0.640756547,3.684095144,315.1214294,-2.794947624,-1045.739558,-1099.989323,RufousTailedHawk,15
1500,NA,NA,NA,NA,NA,0,NA,NA,NA,NA,NA,0,0,NA,NA,NA,NA,NA,2,NA,NA,NA,NA,NA,106,27,NA,NA,NA,NA,NA,17,NA,NA,NA,NA,NA,17,10,NA,NA,NA,NA,NA,1,NA,NA,NA,NA,NA,1,1,5.358095646,NA,NA,NA,NA,NA,40,NA,NA,NA,NA,NA,282,350,NA,NA,NA,NA,NA,6,NA,NA,NA,NA,NA,12,13,8.904257774,330.4740295,0.015463608,3.705754757,0.737112820,49.03342438,34.44421387,0.187561408,10.82715988,643.8540649,2.488590479,-1030.739558,-1099.989323,RufousTailedHawk,15
1501,NA,NA,NA,0,NA,NA,NA,NA,0,0,0,0,0,NA,NA,NA,130,NA,NA,NA,NA,10,83,11,32,6,NA,NA,NA,11,NA,NA,NA,NA,9,14,11,19,13,NA,NA,NA,3,NA,NA,NA,NA,2,1,2,1,1,12.60705185,NA,NA,NA,305,NA,NA,NA,NA,47,327,270,288,323,NA,NA,NA,4,NA,NA,NA,NA,9,10,11,12,13,8.133680344,330.403595,1.177354455,2.784290791,1.599962592,47.22207642,26.35571098,3.755384445,13.94762516,798.6404419,-3.886262894,-1015.739558,-1099.989323,RufousTailedHawk,15
1502,NA,NA,NA,NA,NA,NA,NA,NA,0,NA,NA,NA,NA,NA,NA,NA,NA,NA,NA,NA,NA,5,NA,NA,NA,NA,NA,NA,NA,NA,NA,NA,NA,NA,5,NA,NA,NA,NA,NA,NA,NA,NA,NA,NA,NA,NA,2,NA,NA,NA,NA,13.36702347,NA,NA,NA,NA,NA,NA,NA,NA,49,NA,NA,NA,NA,NA,NA,NA,NA,NA,NA,NA,NA,9,NA,NA,NA,NA,7.134775162,250.3127747,1.36400044,4.694756031,1.511795640,46.67477798,28.62902832,4.366052151,12.22060871,1009.462158,-0.97226119,-1000.739558,-1099.989323,RufousTailedHawk,15
1503,NA,NA,NA,NA,NA,NA,NA,NA,NA,0,NA,NA,0,NA,NA,NA,NA,NA,NA,NA,NA,NA,90,NA,NA,42,NA,NA,NA,NA,NA,NA,NA,NA,NA,12,NA,NA,8,NA,NA,NA,NA,NA,NA,NA,NA,NA,1,NA,NA,1,6.539926529,NA,NA,NA,NA,NA,NA,NA,NA,NA,42,NA,NA,54,NA,NA,NA,NA,NA,NA,NA,NA,NA,10,NA,NA,13,5.991716385,170.2878265,0.741253614,5.7932024,3.044096947,43.26108551,31.51165771,3.797332764,9.641989708,1234.380493,1.798799872,-985.7395576,-1099.989323,RufousTailedHawk,15
1504,NA,NA,NA,0,NA,NA,NA,0,NA,0,0,0,0,NA,NA,NA,240,NA,NA,NA,20,NA,50,61,11,29,NA,NA,NA,9,NA,NA,NA,12,NA,11,12,18,20,NA,NA,NA,1,NA,NA,NA,3,NA,1,1,1,1,2.316991806,NA,NA,NA,51,NA,NA,NA,49,NA,362,363,252,351,NA,NA,NA,4,NA,NA,NA,8,NA,10,11,12,13,6.433960915,146.268219,1.35333693,5.384637833,5.919614315,36.81071091,24.89908791,8.520442963,9.355387688,1159.632935,-5.788075447,-970.7395576,-1099.989323,RufousTailedHawk,15
1505,NA,NA,NA,0,NA,NA,0,NA,0,0,0,0,0,NA,NA,NA,100,NA,NA,15,NA,35,240,40,110,47,NA,NA,NA,15,NA,NA,14,NA,10,0,17,14,15,NA,NA,NA,2,NA,NA,3,NA,1,1,1,2,1,2.935866833,NA,NA,NA,52,NA,NA,51,NA,27,283,291,262,278,NA,NA,NA,4,NA,NA,7,NA,9,10,11,12,13,5.502958775,110.3221054,6.177064419,3.817985058,5.953297138,28.31027985,14.98495388,13.17707157,15.76598358,1357.452759,-0.445727259,-955.7395576,-1099.989323,RufousTailedHawk,15
1507,NA,NA,NA,NA,NA,NA,NA,NA,NA,NA,0,NA,0,NA,NA,NA,NA,NA,NA,NA,NA,NA,NA,177,NA,288,NA,NA,NA,NA,NA,NA,NA,NA,NA,NA,10,NA,10,NA,NA,NA,NA,NA,NA,NA,NA,NA,NA,3,NA,1,6.850773335,NA,NA,NA,NA,NA,NA,NA,NA,NA,NA,340,NA,325,NA,NA,NA,NA,NA,NA,NA,NA,NA,NA,11,NA,13,4.929513454,65.91770935,16.60565948,5.805830479,3.191656113,18.81069946,1.466457367,20.45171547,33.46631241,1535.152222,-2.126533508,-925.7395576,-1099.989323,RufousTailedHawk,15
1508,NA,NA,NA,NA,NA,NA,NA,NA,0,0,0,0,0,NA,NA,NA,NA,NA,NA,NA,NA,36,23,13,15,23,NA,NA,NA,NA,NA,NA,NA,NA,13,12,18,15,10,NA,NA,NA,NA,NA,NA,NA,NA,1,1,2,1,1,7.508618832,NA,NA,NA,NA,NA,NA,NA,NA,306,25,249,248,275,NA,NA,NA,NA,NA,NA,NA,NA,9,10,11,12,13,9.922954559,260.8121948,0.16059424,0.962734461,0.734124124,23.53757095,29.67819023,0.34596169,4.507500648,139.1234436,-0.221789628,-1150.739558,-1114.989323,RufousTailedHawk,15
1509,NA,NA,NA,NA,NA,NA,NA,NA,NA,NA,0,NA,0,NA,NA,NA,NA,NA,NA,NA,NA,NA,NA,10,NA,65,NA,NA,NA,NA,NA,NA,NA,NA,NA,NA,18,NA,13,NA,NA,NA,NA,NA,NA,NA,NA,NA,NA,2,NA,1,4.510949135,NA,NA,NA,NA,NA,NA,NA,NA,NA,NA,249,NA,247,NA,NA,NA,NA,NA,NA,NA,NA,NA,NA,11,NA,13,9.397727013,258.4866638,0.113448068,18.40917969,3.563920259,19.00060463,55.61872864,2.780883551,0.467083246,294.9783936,2.344684362,-1135.739558,-1114.989323,RufousTailedHawk,15
1510,NA,NA,NA,NA,NA,NA,NA,NA,NA,NA,0,0,1,NA,NA,NA,NA,NA,NA,NA,NA,NA,NA,5,20,17,NA,NA,NA,NA,NA,NA,NA,NA,NA,NA,8,9,13,NA,NA,NA,NA,NA,NA,NA,NA,NA,NA,3,1,2,2.223655701,NA,NA,NA,NA,NA,NA,NA,NA,NA,NA,250,360,284,NA,NA,NA,NA,NA,NA,NA,NA,NA,NA,11,12,13,10.26400185,254.7426605,0,39.3911972,0.603976905,17.70153618,31.03056145,10.56315899,0,129.3583527,-0.394608378,-1120.739558,-1114.989323,RufousTailedHawk,15
1511,NA,NA,NA,NA,NA,0,NA,NA,NA,NA,0,0,1,NA,NA,NA,NA,NA,10,NA,NA,NA,NA,63,35,181,NA,NA,NA,NA,NA,20,NA,NA,NA,NA,13,23,8,NA,NA,NA,NA,NA,1,NA,NA,NA,NA,1,1,1,1.817912102,NA,NA,NA,NA,NA,5,NA,NA,NA,NA,269,281,1,NA,NA,NA,NA,NA,6,NA,NA,NA,NA,11,12,13,10.51936626,255.3920441,0,37.18352127,0.332592130,17.37708473,34.8110733,10.31330585,0,90.70925903,-0.407502025,-1105.739558,-1114.989323,RufousTailedHawk,15
1512,0,NA,NA,0,0,0,1,0,0,0,1,1,0,60,NA,NA,105,90,50,53,240,35,8,17,111,5,10,NA,NA,19,19,10,14,0,14,11,13,14,17,2,NA,NA,2,2,1,2,3,2,1,2,1,1,1.925784588,24,NA,NA,44,271,285,20,316,284,332,47,305,282,1,NA,NA,4,5,6,7,8,9,10,11,12,13,10.64691544,264.071991,0.02908121,32.8061676,1.363426685,18.84022903,38.09401321,8.103478432,0.172794923,78.9201889,-0.187502787,-1090.739558,-1114.989323,RufousTailedHawk,15
1513,0,0,0,0,0,1,0,0,0,1,0,0,0,100,240,40,65,75,65,20,40,28,126,16,5,3,16,9,17,18,16,18,18,11,19,10,17,10,19,2,1,1,2,1,1,2,1,3,1,1,1,1,2.889592171,325,307,268,290,326,13,300,299,341,290,293,325,338,1,2,3,4,5,6,7,8,9,10,11,12,13,10.74077797,280.3426819,0.772805631,11.59014416,5.409320354,19.55133247,46.02919769,4.693989277,4.268299103,113.6633835,0.089466028,-1075.739558,-1114.989323,RufousTailedHawk,15
1514,NA,NA,NA,NA,NA,NA,NA,0,0,0,0,0,1,NA,NA,NA,NA,NA,NA,NA,34,60,9,80,77,3,NA,NA,NA,NA,NA,NA,NA,17,18,16,15,17,19,NA,NA,NA,NA,NA,NA,NA,3,1,1,1,1,1,5.123292446,NA,NA,NA,NA,NA,NA,NA,315,22,13,312,335,307,NA,NA,NA,NA,NA,NA,NA,8,9,10,11,12,13,10.2049799,302.1428528,0,2.913156033,2.568740129,39.29365158,52.55722046,0.143593431,2.490819931,269.927948,-0.987064779,-1060.739558,-1114.989323,RufousTailedHawk,15
1515,NA,NA,NA,NA,0,NA,0,0,0,0,0,0,0,NA,NA,NA,NA,240,NA,249,137,4,5,15,115,123,NA,NA,NA,NA,10,NA,14,12,12,16,14,17,17,NA,NA,NA,NA,3,NA,1,4,2,1,1,1,1,5.649567127,NA,NA,NA,NA,10,NA,247,281,279,339,289,340,261,NA,NA,NA,NA,5,NA,7,8,9,10,11,12,13,8.724328995,316.3829651,0.615502656,1.974537015,0.549173295,43.31924057,31.46683884,0.782445729,8.163188934,613.2758179,0.040147092,-1045.739558,-1114.989323,RufousTailedHawk,15
1516,NA,NA,NA,NA,NA,0,0,0,0,1,0,0,0,NA,NA,NA,NA,NA,5,20,10,1,60,83,15,5,NA,NA,NA,NA,NA,14,18,16,17,13,9,10,12,NA,NA,NA,NA,NA,1,4,4,2,2,1,1,1,4.542179108,NA,NA,NA,NA,NA,40,349,298,13,332,37,265,285,NA,NA,NA,NA,NA,6,7,8,9,10,11,12,13,8.819880486,331.9953308,1.606249809,3.939277887,1.216551304,41.98203659,26.02699089,3.438423157,11.20233345,624.4108887,2.989567757,-1030.739558,-1114.989323,RufousTailedHawk,15
1517,NA,0,NA,NA,NA,NA,NA,0,0,0,0,0,0,NA,210,NA,NA,NA,NA,NA,28,10,69,15,4,5,NA,13,NA,NA,NA,NA,NA,14,10,16,6,14,12,NA,1,NA,NA,NA,NA,NA,1,1,2,2,1,1,2.689331293,NA,328,NA,NA,NA,NA,NA,343,362,337,7,304,285,NA,2,NA,NA,NA,NA,NA,8,9,10,11,12,13,7.775098324,293.8911743,2.937892675,1.900352478,1.936190724,41.70700455,22.46099091,7.46321249,16.86075211,843.5393677,0.420813948,-1015.739558,-1114.989323,RufousTailedHawk,15
1518,NA,NA,NA,NA,0,NA,NA,NA,NA,0,NA,0,0,NA,NA,NA,NA,240,NA,NA,NA,NA,44,NA,19,174,NA,NA,NA,NA,9,NA,NA,NA,NA,15,NA,8,10,NA,NA,NA,NA,2,NA,NA,NA,NA,1,NA,1,1,3.732649803,NA,NA,NA,NA,38,NA,NA,NA,NA,336,NA,304,21,NA,NA,NA,NA,5,NA,NA,NA,NA,10,NA,12,13,6.486907005,222.9313812,3.224378347,4.488020897,2.015140295,41.78361893,22.54596329,7.008036613,15.80685234,1119.204834,2.691193104,-1000.739558,-1114.989323,RufousTailedHawk,15
1520,NA,NA,NA,NA,NA,NA,NA,NA,NA,NA,0,0,0,NA,NA,NA,NA,NA,NA,NA,NA,NA,NA,120,69,50,NA,NA,NA,NA,NA,NA,NA,NA,NA,NA,14,16,12,NA,NA,NA,NA,NA,NA,NA,NA,NA,NA,2,1,1,3.813985825,NA,NA,NA,NA,NA,NA,NA,NA,NA,NA,271,31,351,NA,NA,NA,NA,NA,NA,NA,NA,NA,NA,11,12,13,6.340911865,150.1543121,2.321423769,5.266636848,4.147994041,40.62471008,22.39951324,8.74642086,12.91616726,1166.079468,-2.412859201,-970.7395576,-1114.989323,RufousTailedHawk,15
1521,NA,NA,NA,0,0,NA,0,NA,0,0,0,0,0,NA,NA,NA,60,30,NA,15,NA,180,40,31,26,46,NA,NA,NA,15,11,NA,17,NA,10,12,10,9,12,NA,NA,NA,2,1,NA,2,NA,3,1,1,1,2,2.544790745,NA,NA,NA,365,12,NA,363,NA,325,299,324,301,318,NA,NA,NA,4,5,NA,7,NA,9,10,11,12,13,5.856945992,111.5243835,3.890660524,4.89328146,6.897886753,35.34231186,19.23405075,10.78013897,16.27407837,1272.886963,-0.451868117,-955.7395576,-1114.989323,RufousTailedHawk,15
1525,0,NA,NA,NA,NA,NA,NA,NA,0,0,NA,0,0,120,NA,NA,NA,NA,NA,NA,NA,30,113,NA,30,68,7,NA,NA,NA,NA,NA,NA,NA,17,18,NA,8,15,2,NA,NA,NA,NA,NA,NA,NA,1,6,NA,1,2,3.559021711,340,NA,NA,NA,NA,NA,NA,NA,335,317,NA,247,255,1,NA,NA,NA,NA,NA,NA,NA,9,10,NA,12,13,10.31673622,278.0664673,0,25.56560898,3.806539536,22.36371613,43.76319885,2.62726593,0.275838315,107.9350052,-0.700846791,-1150.739558,-1129.989323,RufousTailedHawk,15
1526,NA,NA,NA,NA,NA,NA,NA,0,0,NA,NA,0,0,NA,NA,NA,NA,NA,NA,NA,30,29,NA,NA,3,6,NA,NA,NA,NA,NA,NA,NA,16,14,NA,NA,11,19,NA,NA,NA,NA,NA,NA,NA,2,2,NA,NA,1,1,3.559021711,NA,NA,NA,NA,NA,NA,NA,305,315,NA,NA,262,277,NA,NA,NA,NA,NA,NA,NA,8,9,NA,NA,12,13,10.31673622,278.0664673,0,25.56560898,3.806539536,22.36371613,43.76319885,2.62726593,0.275838315,107.9350052,-0.700846791,-1135.739558,-1129.989323,RufousTailedHawk,15
1527,NA,NA,NA,NA,NA,NA,NA,0,NA,0,0,1,0,NA,NA,NA,NA,NA,NA,NA,14,NA,5,25,10,25,NA,NA,NA,NA,NA,NA,NA,20,NA,10,16,18,21,NA,NA,NA,NA,NA,NA,NA,1,NA,1,2,1,1,2.966727257,NA,NA,NA,NA,NA,NA,NA,13,NA,319,354,309,260,NA,NA,NA,NA,NA,NA,NA,8,NA,10,11,12,13,10.46360683,274.8533325,0.025427721,31.74091721,1.097898006,17.71562576,40.53236771,5.420777798,0.820136189,91.6578598,0.28636843,-1120.739558,-1129.989323,RufousTailedHawk,15
1528,NA,NA,NA,NA,NA,0,NA,NA,0,0,0,NA,NA,NA,NA,NA,NA,NA,180,NA,NA,60,25,14,NA,NA,NA,NA,NA,NA,NA,19,NA,NA,12,16,19,NA,NA,NA,NA,NA,NA,NA,3,NA,NA,1,1,2,NA,NA,2.742727518,NA,NA,NA,NA,NA,338,NA,NA,53,316,278,NA,NA,NA,NA,NA,NA,NA,6,NA,NA,9,10,11,NA,NA,10.68273544,274.0154419,0.074596636,27.70686913,2.599631071,18.8655529,44.9279213,4.503452778,1.211964965,50.82855988,-0.181352675,-1105.739558,-1129.989323,RufousTailedHawk,15
1529,NA,NA,0,0,0,0,0,0,0,0,0,0,0,NA,NA,60,15,180,1,10,150,30,7,28,32,3,NA,NA,12,8,9,9,20,11,10,10,18,17,13,NA,NA,1,6,1,1,1,1,1,1,2,1,1,2.358284235,NA,NA,3,336,276,317,311,351,292,285,342,356,281,NA,NA,3,4,5,6,7,8,9,10,11,12,13,10.57320309,282.3309021,0.146128356,9.258062363,10.220729830,20.81950188,53.93973923,0.819516003,3.9041574,82.84103394,0.262587458,-1090.739558,-1129.989323,RufousTailedHawk,15
1530,0,0,0,0,0,0,0,0,0,0,0,0,0,5,60,90,20,60,27,240,10,35,2,15,15,5,15,10,10,9,9,9,14,9,13,9,17,14,11,2,1,2,1,1,1,2,1,1,1,1,1,1,2.588485003,325,325,334,320,272,320,326,272,353,280,324,360,306,1,2,3,4,5,6,7,8,9,10,11,12,13,10.67844963,317.6764832,0,3.066421509,2.282392979,34.65340424,25.6115284,0.316378385,4.69754982,135.1472778,-0.805607438,-1075.739558,-1129.989323,RufousTailedHawk,15
1531,0,0,0,NA,0,0,NA,0,0,0,0,0,0,5,117,120,NA,60,14,NA,60,79,25,6,28,27,15,10,7,NA,17,10,NA,10,19,16,12,16,19,2,4,3,NA,2,1,NA,10,2,1,1,1,1,2.588485003,325,7,47,NA,319,320,NA,279,350,291,293,255,364,1,2,3,NA,5,6,NA,8,9,10,11,12,13,10.67844963,317.6764832,0,3.066421509,2.282392979,34.65340424,25.6115284,0.316378385,4.69754982,135.1472778,-0.805607438,-1060.739558,-1129.989323,RufousTailedHawk,15
1532,0,0,1,NA,0,0,0,0,0,0,0,0,0,220,120,210,NA,180,4,240,180,120,130,42,75,5,10,15,9,NA,13,19,11,9,11,9,15,10,10,2,2,8,NA,1,2,2,3,3,2,2,1,1,9.633350372,325,40,315,NA,278,283,353,312,8,360,355,282,351,1,2,3,NA,5,6,7,8,9,10,11,12,13,8.324071884,311.530426,0.008593571,0.794052899,0.874271333,52.04129028,28.84841728,0.659826279,13.81905556,666.0759277,2.247634172,-1045.739558,-1129.989323,RufousTailedHawk,15
1533,NA,NA,NA,NA,NA,NA,NA,NA,0,NA,0,0,0,NA,NA,NA,NA,NA,NA,NA,NA,40,NA,4,8,91,NA,NA,NA,NA,NA,NA,NA,NA,7,NA,10,12,18,NA,NA,NA,NA,NA,NA,NA,NA,1,NA,1,1,1,10.68619919,NA,NA,NA,NA,NA,NA,NA,NA,330,NA,267,32,46,NA,NA,NA,NA,NA,NA,NA,NA,9,NA,11,12,13,8.564781189,318.5512695,0.089410439,0.740645409,0.959455550,39.78144836,21.07506752,0.869387031,11.30888557,597.7593994,-4.332999706,-1030.739558,-1129.989323,RufousTailedHawk,15
1534,NA,NA,NA,NA,NA,0,NA,0,0,0,0,0,0,NA,NA,NA,NA,NA,52,NA,15,10,15,30,6,2,NA,NA,NA,NA,NA,15,NA,12,10,16,14,18,17,NA,NA,NA,NA,NA,2,NA,2,5,1,1,1,1,8.197918892,NA,NA,NA,NA,NA,40,NA,21,12,349,320,289,350,NA,NA,NA,NA,NA,6,NA,8,9,10,11,12,13,7.963258266,287.8703918,2.372014999,2.346598387,1.104866505,45.0063858,22.79313278,4.926723003,16.33179092,789.5103149,5.522611618,-1015.739558,-1129.989323,RufousTailedHawk,15
1535,NA,NA,NA,NA,0,NA,NA,NA,NA,NA,NA,NA,NA,NA,NA,NA,NA,90,NA,NA,NA,NA,NA,NA,NA,NA,NA,NA,NA,NA,11,NA,NA,NA,NA,NA,NA,NA,NA,NA,NA,NA,NA,2,NA,NA,NA,NA,NA,NA,NA,NA,8.194511414,NA,NA,NA,NA,37,NA,NA,NA,NA,NA,NA,NA,NA,NA,NA,NA,NA,5,NA,NA,NA,NA,NA,NA,NA,NA,6.414912224,216.5624847,2.247843981,4.879620552,1.871292591,44.58397675,22.68332672,5.793655872,16.45560074,1111.822388,0.05697681,-1000.739558,-1129.989323,RufousTailedHawk,15
1536,NA,NA,NA,NA,NA,NA,NA,NA,NA,0,0,0,NA,NA,NA,NA,NA,NA,NA,NA,NA,NA,33,120,160,NA,NA,NA,NA,NA,NA,NA,NA,NA,NA,13,17,15,NA,NA,NA,NA,NA,NA,NA,NA,NA,NA,1,2,2,NA,3.951569557,NA,NA,NA,NA,NA,NA,NA,NA,NA,41,49,32,NA,NA,NA,NA,NA,NA,NA,NA,NA,NA,10,11,12,NA,7.235438824,203.0825348,0.226936519,9.099535942,1.045061350,45.58626938,33.78842163,1.508867979,8.084619522,965.7387695,-6.954956055,-985.7395576,-1129.989323,RufousTailedHawk,15
1537,NA,NA,NA,NA,NA,NA,NA,NA,NA,0,0,NA,0,NA,NA,NA,NA,NA,NA,NA,NA,NA,120,150,NA,13,NA,NA,NA,NA,NA,NA,NA,NA,NA,17,8,NA,17,NA,NA,NA,NA,NA,NA,NA,NA,NA,1,1,NA,2,2.481189489,NA,NA,NA,NA,NA,NA,NA,NA,NA,30,51,NA,345,NA,NA,NA,NA,NA,NA,NA,NA,NA,10,11,NA,13,6.833722115,155.3728333,3.407578468,8.740441322,5.340048790,33.57229614,23.46618843,10.61674023,11.82551289,1063.406372,4.218328476,-970.7395576,-1129.989323,RufousTailedHawk,15
1538,NA,NA,NA,NA,NA,NA,NA,NA,0,0,0,0,0,NA,NA,NA,NA,NA,NA,NA,NA,10,2,15,73,20,NA,NA,NA,NA,NA,NA,NA,NA,9,17,9,12,12,NA,NA,NA,NA,NA,NA,NA,NA,2,2,1,1,1,2.060419321,NA,NA,NA,NA,NA,NA,NA,NA,309,283,342,24,318,NA,NA,NA,NA,NA,NA,NA,NA,9,10,11,12,13,7.702428341,127.9521179,1.000527382,5.017828465,8.461061478,43.34527969,28.92483711,2.78306222,9.593928337,898.3955078,-0.854970038,-955.7395576,-1129.989323,RufousTailedHawk,15
1539,NA,NA,NA,NA,NA,NA,NA,NA,NA,NA,NA,0,0,NA,NA,NA,NA,NA,NA,NA,NA,NA,NA,NA,180,60,NA,NA,NA,NA,NA,NA,NA,NA,NA,NA,NA,14,11,NA,NA,NA,NA,NA,NA,NA,NA,NA,NA,NA,1,1,5.295146942,NA,NA,NA,NA,NA,NA,NA,NA,NA,NA,NA,348,315,NA,NA,NA,NA,NA,NA,NA,NA,NA,NA,NA,12,13,5.241005898,86.30522919,4.710597515,3.782377958,9.259864807,33.75579071,22.08452606,10.12163448,15.66007042,1401.059937,1.991156697,-940.7395576,-1129.989323,RufousTailedHawk,15
1541,NA,NA,NA,NA,NA,NA,NA,NA,NA,NA,NA,0,NA,NA,NA,NA,NA,NA,NA,NA,NA,NA,NA,NA,144,NA,NA,NA,NA,NA,NA,NA,NA,NA,NA,NA,NA,13,NA,NA,NA,NA,NA,NA,NA,NA,NA,NA,NA,NA,4,NA,8.187494278,NA,NA,NA,NA,NA,NA,NA,NA,NA,NA,NA,30,NA,NA,NA,NA,NA,NA,NA,NA,NA,NA,NA,NA,12,NA,4.726828575,67.47242737,6.716056347,4.255007744,6.015282154,19.70085907,8.143350601,21.70180893,32.76039886,1541.706177,0.525013566,-910.7395576,-1129.989323,RufousTailedHawk,15
1542,NA,NA,NA,NA,NA,NA,NA,NA,0,0,NA,0,0,NA,NA,NA,NA,NA,NA,NA,NA,1,10,NA,33,40,NA,NA,NA,NA,NA,NA,NA,NA,17,15,NA,11,7,NA,NA,NA,NA,NA,NA,NA,NA,2,2,NA,2,2,4.07986784,NA,NA,NA,NA,NA,NA,NA,NA,315,244,NA,282,267,NA,NA,NA,NA,NA,NA,NA,NA,9,10,NA,12,13,10.79685783,291.7929688,0.619512856,10.18988609,3.711899757,23.38742447,24.82277489,1.480505347,3.078824282,14.07032299,-0.19311668,-1150.739558,-1144.989323,RufousTailedHawk,15
1543,NA,0,0,0,0,0,0,0,0,0,0,0,0,NA,150,90,15,30,300,242,60,30,15,19,21,10,NA,13,18,11,10,14,13,12,18,8,16,17,11,NA,5,2,1,1,6,1,2,1,1,1,1,1,4.07986784,NA,42,334,334,348,290,338,274,334,293,250,358,364,NA,2,3,4,5,6,7,8,9,10,11,12,13,10.79685783,291.7929688,0.619512856,10.18988609,3.711899757,23.38742447,24.82277489,1.480505347,3.078824282,14.07032299,-0.19311668,-1135.739558,-1144.989323,RufousTailedHawk,15
1544,NA,NA,NA,NA,0,0,0,0,0,0,0,0,0,NA,NA,NA,NA,300,60,60,34,30,3,1,8,21,NA,NA,NA,NA,8,6,9,10,10,12,19,14,15,NA,NA,NA,NA,4,4,2,2,1,1,1,1,2,2.538129091,NA,NA,NA,NA,14,11,282,30,329,315,313,282,344,NA,NA,NA,NA,5,6,7,8,9,10,11,12,13,10.86423779,290.1689758,0.812049091,18.7411499,3.775871038,18.07592583,44.69685745,2.16598773,2.574881315,19.27215385,-0.418261945,-1120.739558,-1144.989323,RufousTailedHawk,15
1545,NA,NA,NA,NA,NA,NA,NA,NA,NA,NA,NA,0,0,NA,NA,NA,NA,NA,NA,NA,NA,NA,NA,NA,2,3,NA,NA,NA,NA,NA,NA,NA,NA,NA,NA,NA,8,18,NA,NA,NA,NA,NA,NA,NA,NA,NA,NA,NA,4,1,2.44694972,NA,NA,NA,NA,NA,NA,NA,NA,NA,NA,NA,282,272,NA,NA,NA,NA,NA,NA,NA,NA,NA,NA,NA,12,13,10.64515591,289.5448608,0.146193609,11.26022339,8.606534004,20.16212654,57.24893188,1.390700459,1.089672446,60.5459137,0.201144487,-1105.739558,-1144.989323,RufousTailedHawk,15
1546,NA,0,NA,NA,0,NA,NA,0,0,0,0,0,0,NA,120,NA,NA,30,NA,NA,20,38,14,50,28,4,NA,10,NA,NA,20,NA,NA,12,17,11,16,18,17,NA,2,NA,NA,2,NA,NA,2,1,1,1,1,1,1.629303932,NA,355,NA,NA,18,NA,NA,330,278,260,272,256,270,NA,2,NA,NA,5,NA,NA,8,9,10,11,12,13,10.61647892,297.8537598,0.018582366,6.036770344,10.977186200,23.21877098,55.97948837,1.480170727,1.080029368,86.44096375,0.474665582,-1090.739558,-1144.989323,RufousTailedHawk,15
1547,NA,NA,NA,NA,NA,NA,NA,0,0,0,NA,0,0,NA,NA,NA,NA,NA,NA,NA,4,20,75,NA,40,16,NA,NA,NA,NA,NA,NA,NA,10,17,10,NA,19,15,NA,NA,NA,NA,NA,NA,NA,2,1,2,NA,1,1,1.629303932,NA,NA,NA,NA,NA,NA,NA,42,306,335,NA,44,15,NA,NA,NA,NA,NA,NA,NA,8,9,10,NA,12,13,10.61647892,297.8537598,0.018582366,6.036770344,10.977186200,23.21877098,55.97948837,1.480170727,1.080029368,86.44096375,0.474665582,-1075.739558,-1144.989323,RufousTailedHawk,15
1548,0,NA,NA,NA,NA,NA,NA,0,0,0,0,0,0,180,NA,NA,NA,NA,NA,NA,10,15,5,20,39,36,17,NA,NA,NA,NA,NA,NA,9,11,17,14,13,19,4,NA,NA,NA,NA,NA,NA,2,3,4,1,1,1,2.588485003,44,NA,NA,NA,NA,NA,NA,322,8,244,360,310,347,1,NA,NA,NA,NA,NA,NA,8,9,10,11,12,13,10.67844963,317.6764832,0,3.066421509,2.282392979,34.65340424,25.6115284,0.316378385,4.69754982,135.1472778,-0.805607438,-1060.739558,-1144.989323,RufousTailedHawk,15
1549,0,0,NA,NA,0,0,0,0,0,0,0,1,0,5,60,NA,NA,30,40,80,84,90,10,14,45,15,14,13,NA,NA,12,9,11,8,11,12,14,16,16,2,2,NA,NA,1,1,4,3,5,1,1,8,1,19.45108032,325,25,NA,NA,278,359,25,299,9,289,257,44,303,1,2,NA,NA,5,6,7,8,9,10,11,12,13,9.074149132,317.3709717,0.016070895,0.311947972,0.461883694,42.4610405,22.18403816,0.423468292,12.70301628,460.9087524,0.336618215,-1045.739558,-1144.989323,RufousTailedHawk,15
1550,NA,NA,NA,NA,NA,NA,NA,NA,NA,NA,NA,0,0,NA,NA,NA,NA,NA,NA,NA,NA,NA,NA,NA,45,30,NA,NA,NA,NA,NA,NA,NA,NA,NA,NA,NA,16,19,NA,NA,NA,NA,NA,NA,NA,NA,NA,NA,NA,1,1,22.62232971,NA,NA,NA,NA,NA,NA,NA,NA,NA,NA,NA,43,38,NA,NA,NA,NA,NA,NA,NA,NA,NA,NA,NA,12,13,9.591850281,319.6554871,0.233127952,1.595332146,1.381161928,39.22363281,26.220047,0.371120006,8.846366882,410.0542297,-3.984194756,-1030.739558,-1144.989323,RufousTailedHawk,15
1551,NA,NA,NA,NA,NA,NA,0,NA,NA,0,0,0,1,NA,NA,NA,NA,NA,NA,120,NA,NA,75,10,106,33,NA,NA,NA,NA,NA,NA,7,NA,NA,17,12,17,9,NA,NA,NA,NA,NA,NA,1,NA,NA,2,1,1,2,21.35337639,NA,NA,NA,NA,NA,NA,283,NA,NA,57,260,4,55,NA,NA,NA,NA,NA,NA,7,NA,NA,10,11,12,13,9.13209343,298.8173523,2.526819468,3.698383093,2.144158840,41.84249115,27.60004425,5.164309025,12.83336926,557.9100342,-2.480461121,-1015.739558,-1144.989323,RufousTailedHawk,15
1552,NA,NA,NA,NA,NA,NA,NA,NA,NA,NA,0,0,0,NA,NA,NA,NA,NA,NA,NA,NA,NA,NA,15,36,14,NA,NA,NA,NA,NA,NA,NA,NA,NA,NA,10,17,12,NA,NA,NA,NA,NA,NA,NA,NA,NA,NA,1,1,1,19.21783066,NA,NA,NA,NA,NA,NA,NA,NA,NA,NA,328,44,271,NA,NA,NA,NA,NA,NA,NA,NA,NA,NA,11,12,13,8.712462425,256.3451843,0.433874011,5.379854679,0.942133486,46.03056335,30.73760605,1.697432995,11.93756962,653.869873,-3.156413794,-1000.739558,-1144.989323,RufousTailedHawk,15
1554,NA,NA,NA,NA,NA,NA,NA,NA,NA,NA,NA,NA,0,NA,NA,NA,NA,NA,NA,NA,NA,NA,NA,NA,NA,60,NA,NA,NA,NA,NA,NA,NA,NA,NA,NA,NA,NA,14,NA,NA,NA,NA,NA,NA,NA,NA,NA,NA,NA,NA,1,12.38804436,NA,NA,NA,NA,NA,NA,NA,NA,NA,NA,NA,NA,56,NA,NA,NA,NA,NA,NA,NA,NA,NA,NA,NA,NA,13,5.171658039,132.3856506,5.663582325,5.239723206,4.940007687,33.58475113,16.95729065,10.84252548,17.73328018,1371.756592,9.00406456,-970.7395576,-1144.989323,RufousTailedHawk,15
1555,NA,NA,NA,NA,NA,0,NA,NA,0,0,0,0,0,NA,NA,NA,NA,NA,40,NA,NA,70,300,180,110,16,NA,NA,NA,NA,NA,15,NA,NA,9,11,13,12,9,NA,NA,NA,NA,NA,2,NA,NA,2,2,2,2,1,5.173997879,NA,NA,NA,NA,NA,30,NA,NA,287,313,319,289,300,NA,NA,NA,NA,NA,6,NA,NA,9,10,11,12,13,7.519734859,120.1418915,1.199668765,5.776241302,11.286798480,40.91770172,30.96601105,2.845640182,5.660614491,923.6407471,-0.73144114,-955.7395576,-1144.989323,RufousTailedHawk,15
1556,NA,NA,NA,NA,NA,NA,NA,NA,NA,NA,NA,0,0,NA,NA,NA,NA,NA,NA,NA,NA,NA,NA,NA,188,82,NA,NA,NA,NA,NA,NA,NA,NA,NA,NA,NA,10,11,NA,NA,NA,NA,NA,NA,NA,NA,NA,NA,NA,1,1,4.707551956,NA,NA,NA,NA,NA,NA,NA,NA,NA,NA,NA,350,265,NA,NA,NA,NA,NA,NA,NA,NA,NA,NA,NA,12,13,4.700710297,86.97615051,9.722687721,5.689534187,7.620418072,26.81650162,11.90098,12.19268417,25.06983376,1491.973755,4.000594139,-940.7395576,-1144.989323,RufousTailedHawk,15
1560,NA,NA,NA,NA,NA,NA,0,0,0,0,NA,0,0,NA,NA,NA,NA,NA,NA,120,5,120,30,NA,114,21,NA,NA,NA,NA,NA,NA,12,16,10,12,NA,13,16,NA,NA,NA,NA,NA,NA,2,1,1,2,NA,1,1,2.329883575,NA,NA,NA,NA,NA,NA,263,295,335,353,NA,275,354,NA,NA,NA,NA,NA,NA,7,8,9,10,NA,12,13,10.87164211,312.2882385,0.519539893,4.982294083,2.884649515,17.52908325,22.88776016,1.027567863,3.085971832,7.917298317,-0.125548348,-1135.739558,-1159.989323,RufousTailedHawk,15
1561,NA,NA,NA,NA,0,NA,NA,0,0,0,NA,0,0,NA,NA,NA,NA,5,NA,NA,30,6,180,NA,17,22,NA,NA,NA,NA,19,NA,NA,19,6,14,NA,15,17,NA,NA,NA,NA,1,NA,NA,2,1,1,NA,2,2,2.791829348,NA,NA,NA,NA,17,NA,NA,53,335,29,NA,268,357,NA,NA,NA,NA,5,NA,NA,8,9,10,NA,12,13,10.74268723,302.3943787,0.121680431,7.748631001,3.995045185,27.66972733,45.02456284,0.389178723,0.511885107,37.56192398,-0.022059241,-1120.739558,-1159.989323,RufousTailedHawk,15
1562,NA,NA,NA,0,NA,0,0,0,0,0,0,0,0,NA,NA,NA,9,NA,1,60,40,10,35,12,60,3,NA,NA,NA,13,NA,17,20,14,11,17,15,18,18,NA,NA,NA,2,NA,3,1,2,1,2,1,1,1,3.78575635,NA,NA,NA,287,NA,319,355,45,253,324,3,19,272,NA,NA,NA,4,NA,6,7,8,9,10,11,12,13,10.71687126,299.2032166,0.004717909,7.35254097,5.492505550,25.28593826,43.62104797,1.151394725,0.930509329,56.69848251,-0.14853777,-1105.739558,-1159.989323,RufousTailedHawk,15
1563,NA,NA,NA,NA,0,NA,0,0,0,0,0,0,0,NA,NA,NA,NA,30,NA,120,5,60,45,80,63,30,NA,NA,NA,NA,18,NA,20,18,11,16,12,17,14,NA,NA,NA,NA,2,NA,1,1,1,4,1,1,1,2.3045156,NA,NA,NA,NA,18,NA,18,332,276,314,286,292,319,NA,NA,NA,NA,5,NA,7,8,9,10,11,12,13,10.84251404,307.224884,0.184847057,5.635891438,6.389979839,31.72631073,43.3611145,0.184754953,2.187430382,56.72835922,-0.13096486,-1090.739558,-1159.989323,RufousTailedHawk,15
1564,NA,NA,NA,NA,NA,NA,0,NA,0,NA,NA,0,0,NA,NA,NA,NA,NA,NA,180,NA,9,NA,NA,14,6,NA,NA,NA,NA,NA,NA,10,NA,11,NA,NA,15,16,NA,NA,NA,NA,NA,NA,9,NA,1,NA,NA,1,1,2.3045156,NA,NA,NA,NA,NA,NA,341,NA,359,NA,NA,360,35,NA,NA,NA,NA,NA,NA,7,NA,9,NA,NA,12,13,10.84251404,307.224884,0.184847057,5.635891438,6.389979839,31.72631073,43.3611145,0.184754953,2.187430382,56.72835922,-0.13096486,-1075.739558,-1159.989323,RufousTailedHawk,15
1565,NA,NA,NA,NA,NA,NA,NA,NA,0,0,NA,0,0,NA,NA,NA,NA,NA,NA,NA,NA,60,26,NA,126,24,NA,NA,NA,NA,NA,NA,NA,NA,16,13,NA,10,18,NA,NA,NA,NA,NA,NA,NA,NA,1,1,NA,1,1,33.88128662,NA,NA,NA,NA,NA,NA,NA,NA,4,262,NA,338,349,NA,NA,NA,NA,NA,NA,NA,NA,9,10,NA,12,13,11.06204128,334.6014404,0.269949466,0.95666635,0.609948397,34.4434166,24.33265305,0.28905341,2.530783176,50.7497673,-0.171462759,-1060.739558,-1159.989323,RufousTailedHawk,15
1566,NA,NA,NA,NA,NA,NA,NA,NA,NA,0,0,0,0,NA,NA,NA,NA,NA,NA,NA,NA,NA,10,19,17,3,NA,NA,NA,NA,NA,NA,NA,NA,NA,15,17,12,13,NA,NA,NA,NA,NA,NA,NA,NA,NA,1,1,1,1,31.96973038,NA,NA,NA,NA,NA,NA,NA,NA,NA,47,249,344,255,NA,NA,NA,NA,NA,NA,NA,NA,NA,10,11,12,13,8.879735947,312.5435791,0.006639719,0.594985545,0.036131419,46.52740097,25.16893578,0.133359775,15.02032471,502.954834,1.089354277,-1045.739558,-1159.989323,RufousTailedHawk,15
1567,NA,NA,NA,NA,NA,NA,NA,NA,NA,0,NA,0,0,NA,NA,NA,NA,NA,NA,NA,NA,NA,90,NA,53,81,NA,NA,NA,NA,NA,NA,NA,NA,NA,16,NA,18,15,NA,NA,NA,NA,NA,NA,NA,NA,NA,2,NA,2,1,36.25905609,NA,NA,NA,NA,NA,NA,NA,NA,NA,305,NA,51,351,NA,NA,NA,NA,NA,NA,NA,NA,NA,10,NA,12,13,6.83520031,268.576355,4.910950661,1.88688457,1.237759590,40.91382599,22.19509697,2.604189634,17.43601036,964.3723145,6.358640671,-1030.739558,-1159.989323,RufousTailedHawk,15
1568,NA,NA,NA,NA,NA,NA,NA,NA,NA,0,NA,0,0,NA,NA,NA,NA,NA,NA,NA,NA,NA,102,NA,10,18,NA,NA,NA,NA,NA,NA,NA,NA,NA,11,NA,18,16,NA,NA,NA,NA,NA,NA,NA,NA,NA,2,NA,2,1,35.7545433,NA,NA,NA,NA,NA,NA,NA,NA,NA,306,NA,26,351,NA,NA,NA,NA,NA,NA,NA,NA,NA,10,NA,12,13,6.634512901,244.2247772,3.409545898,1.653847218,2.837369680,40.81356812,22.51191139,6.738576412,15.10232353,1006.204224,-0.698280752,-1015.739558,-1159.989323,RufousTailedHawk,15
1570,NA,NA,NA,NA,NA,NA,NA,0,NA,NA,0,0,0,NA,NA,NA,NA,NA,NA,NA,90,NA,NA,53,14,55,NA,NA,NA,NA,NA,NA,NA,11,NA,NA,16,12,8,NA,NA,NA,NA,NA,NA,NA,1,NA,NA,2,2,1,27.61187172,NA,NA,NA,NA,NA,NA,NA,318,NA,NA,15,3,272,NA,NA,NA,NA,NA,NA,NA,8,NA,NA,11,12,13,7.264838219,185.7684784,2.208028078,6.523868561,3.105264187,42.92110825,21.05355263,8.32525444,14.38176441,939.18396,-6.482671261,-985.7395576,-1159.989323,RufousTailedHawk,15
1571,NA,NA,NA,NA,NA,NA,NA,NA,NA,NA,NA,0,0,NA,NA,NA,NA,NA,NA,NA,NA,NA,NA,NA,120,60,NA,NA,NA,NA,NA,NA,NA,NA,NA,NA,NA,14,16,NA,NA,NA,NA,NA,NA,NA,NA,NA,NA,NA,1,1,15.07651043,NA,NA,NA,NA,NA,NA,NA,NA,NA,NA,NA,29,47,NA,NA,NA,NA,NA,NA,NA,NA,NA,NA,NA,12,13,5.042216301,130.4785767,7.115816116,4.114644051,5.327015877,33.36150742,16.61508179,12.52105808,19.45544815,1374.845093,1.15818572,-970.7395576,-1159.989323,RufousTailedHawk,15
1572,NA,NA,NA,NA,0,NA,0,0,0,0,0,0,0,NA,NA,NA,NA,15,NA,1,60,60,30,30,68,10,NA,NA,NA,NA,12,NA,9,23,10,10,13,14,14,NA,NA,NA,NA,1,NA,1,1,1,1,1,1,1,2.858901739,NA,NA,NA,NA,15,NA,348,344,258,327,267,299,267,NA,NA,NA,NA,5,NA,7,8,9,10,11,12,13,8.220057487,116.0187073,0.892310083,6.556433201,10.360195160,38.718647,27.56293488,4.975996971,9.8647995,782.305603,-3.372808933,-955.7395576,-1159.989323,RufousTailedHawk,15
1573,NA,NA,NA,NA,NA,NA,NA,NA,0,NA,NA,0,NA,NA,NA,NA,NA,NA,NA,NA,NA,6,NA,NA,2,NA,NA,NA,NA,NA,NA,NA,NA,NA,10,NA,NA,10,NA,NA,NA,NA,NA,NA,NA,NA,NA,3,NA,NA,5,NA,5.076677799,NA,NA,NA,NA,NA,NA,NA,NA,16,NA,NA,356,NA,NA,NA,NA,NA,NA,NA,NA,NA,9,NA,NA,12,NA,6.03360796,86.84087372,6.126470566,7.185860634,7.546249866,26.13231087,14.63226986,12.61686993,24.25758553,1255.027344,1.778143167,-940.7395576,-1159.989323,RufousTailedHawk,15
1575,NA,0,NA,0,0,0,0,0,0,0,0,1,0,NA,120,NA,46,180,120,7,20,120,60,48,80,64,NA,11,NA,18,9,11,19,17,16,15,12,12,18,NA,2,NA,2,3,4,2,4,1,3,4,2,1,3.580768108,NA,353,NA,334,315,287,1,299,294,259,262,356,259,NA,2,NA,4,5,6,7,8,9,10,11,12,13,10.46558475,338.2130737,0.806214273,11.52936745,2.505471706,30.15297127,27.01126289,1.833860278,1.9559232,52.15714264,-0.664528131,-1165.739558,-1174.989323,RufousTailedHawk,15
1576,0,0,NA,1,0,0,0,1,0,0,0,0,0,10,120,NA,22,25,15,20,85,60,2,120,97,32,7,13,NA,15,8,15,18,13,11,11,12,10,16,1,2,NA,1,2,1,2,1,1,1,1,1,1,3.580768108,327,351,NA,289,46,365,301,316,260,291,270,291,259,1,2,NA,4,5,6,7,8,9,10,11,12,13,10.46558475,338.2130737,0.806214273,11.52936745,2.505471706,30.15297127,27.01126289,1.833860278,1.9559232,52.15714264,-0.664528131,-1150.739558,-1174.989323,RufousTailedHawk,15
1577,0,0,0,0,0,1,0,1,0,0,0,0,0,30,125,30,65,60,71,60,180,40,30,7,15,5,12,17,12,11,9,10,8,10,22,14,11,14,11,3,1,2,2,10,2,2,1,4,1,1,1,1,2.621982813,327,321,57,288,315,4,283,15,253,285,263,337,265,1,2,3,4,5,6,7,8,9,10,11,12,13,10.7292738,341.3181763,0.210821643,11.2743988,3.695615053,16.05314064,31.58879852,2.519003153,1.232660294,22.36544609,-0.020093966,-1135.739558,-1174.989323,RufousTailedHawk,15
1578,NA,0,NA,0,0,0,0,0,0,0,0,0,0,NA,35,NA,180,120,60,120,37,30,32,50,7,3,NA,19,NA,9,10,9,8,10,13,9,13,9,10,NA,1,NA,3,1,1,1,2,1,1,1,4,1,2.621982813,NA,340,NA,334,341,365,347,333,305,308,261,282,278,NA,2,NA,4,5,6,7,8,9,10,11,12,13,10.7292738,341.3181763,0.210821643,11.2743988,3.695615053,16.05314064,31.58879852,2.519003153,1.232660294,22.36544609,-0.020093966,-1120.739558,-1174.989323,RufousTailedHawk,15
1579,NA,NA,NA,NA,NA,NA,NA,NA,NA,0,NA,0,NA,NA,NA,NA,NA,NA,NA,NA,NA,NA,18,NA,300,NA,NA,NA,NA,NA,NA,NA,NA,NA,NA,17,NA,13,NA,NA,NA,NA,NA,NA,NA,NA,NA,NA,1,NA,2,NA,2.3045156,NA,NA,NA,NA,NA,NA,NA,NA,NA,60,NA,363,NA,NA,NA,NA,NA,NA,NA,NA,NA,NA,10,NA,12,NA,10.84251404,307.224884,0.184847057,5.635891438,6.389979839,31.72631073,43.3611145,0.184754953,2.187430382,56.72835922,-0.13096486,-1090.739558,-1174.989323,RufousTailedHawk,15
1580,NA,NA,NA,NA,NA,0,NA,NA,0,0,NA,0,NA,NA,NA,NA,NA,NA,5,NA,NA,19,3,NA,20,NA,NA,NA,NA,NA,NA,20,NA,NA,11,12,NA,19,NA,NA,NA,NA,NA,NA,2,NA,NA,1,1,NA,1,NA,33.88128662,NA,NA,NA,NA,NA,44,NA,NA,359,48,NA,48,NA,NA,NA,NA,NA,NA,6,NA,NA,9,10,NA,12,NA,11.06204128,334.6014404,0.269949466,0.95666635,0.609948397,34.4434166,24.33265305,0.28905341,2.530783176,50.7497673,-0.171462759,-1075.739558,-1174.989323,RufousTailedHawk,15
1581,NA,NA,NA,NA,NA,NA,NA,NA,NA,0,NA,0,0,NA,NA,NA,NA,NA,NA,NA,NA,NA,20,NA,14,20,NA,NA,NA,NA,NA,NA,NA,NA,NA,17,NA,20,19,NA,NA,NA,NA,NA,NA,NA,NA,NA,1,NA,1,1,33.88128662,NA,NA,NA,NA,NA,NA,NA,NA,NA,348,NA,311,357,NA,NA,NA,NA,NA,NA,NA,NA,NA,10,NA,12,13,11.06204128,334.6014404,0.269949466,0.95666635,0.609948397,34.4434166,24.33265305,0.28905341,2.530783176,50.7497673,-0.171462759,-1060.739558,-1174.989323,RufousTailedHawk,15
1582,NA,NA,NA,NA,NA,NA,NA,NA,0,0,NA,0,0,NA,NA,NA,NA,NA,NA,NA,NA,1,5,NA,12,3,NA,NA,NA,NA,NA,NA,NA,NA,15,16,NA,15,10,NA,NA,NA,NA,NA,NA,NA,NA,2,2,NA,1,1,44.50106049,NA,NA,NA,NA,NA,NA,NA,NA,48,265,NA,254,255,NA,NA,NA,NA,NA,NA,NA,NA,9,10,NA,12,13,9.173185349,318.658905,0.114495598,0.554338753,1.202561140,53.54332733,30.98724556,0.190613762,11.53923798,465.850769,2.423197985,-1045.739558,-1174.989323,RufousTailedHawk,15
1583,NA,0,NA,NA,0,NA,NA,0,NA,0,NA,0,0,NA,120,NA,NA,165,NA,NA,30,NA,120,NA,80,56,NA,15,NA,NA,9,NA,NA,9,NA,17,NA,19,11,NA,4,NA,NA,2,NA,NA,1,NA,1,NA,1,1,50.01346207,NA,8,NA,NA,345,NA,NA,5,NA,345,NA,282,351,NA,2,NA,NA,5,NA,NA,8,NA,10,NA,12,13,9.209231377,303.1433105,0.57945323,2.128251076,0.924741805,47.26327515,26.19132996,2.146465778,11.28048706,469.8506775,-0.437908649,-1030.739558,-1174.989323,RufousTailedHawk,15
1584,NA,NA,NA,NA,NA,NA,NA,NA,NA,NA,NA,0,0,NA,NA,NA,NA,NA,NA,NA,NA,NA,NA,NA,44,44,NA,NA,NA,NA,NA,NA,NA,NA,NA,NA,NA,12,16,NA,NA,NA,NA,NA,NA,NA,NA,NA,NA,NA,2,1,49.81152344,NA,NA,NA,NA,NA,NA,NA,NA,NA,NA,NA,11,350,NA,NA,NA,NA,NA,NA,NA,NA,NA,NA,NA,12,13,5.272911072,222.7281189,13.33647823,2.266020775,0.965534747,19.26965332,6.136920452,15.16287804,11.67093658,1255.447998,2.081461906,-1015.739558,-1174.989323,RufousTailedHawk,15
1585,NA,NA,NA,NA,NA,NA,NA,NA,NA,NA,NA,NA,0,NA,NA,NA,NA,NA,NA,NA,NA,NA,NA,NA,NA,68,NA,NA,NA,NA,NA,NA,NA,NA,NA,NA,NA,NA,21,NA,NA,NA,NA,NA,NA,NA,NA,NA,NA,NA,NA,1,41.25539398,NA,NA,NA,NA,NA,NA,NA,NA,NA,NA,NA,NA,2,NA,NA,NA,NA,NA,NA,NA,NA,NA,NA,NA,NA,13,5.959515095,201.0182343,7.267791748,3.101881266,2.893556833,28.02262115,13.82748795,16.83111191,10.37143326,1151.151489,0.517083466,-1000.739558,-1174.989323,RufousTailedHawk,15
1586,NA,NA,NA,NA,NA,NA,NA,NA,0,0,0,0,0,NA,NA,NA,NA,NA,NA,NA,NA,120,240,10,3,19,NA,NA,NA,NA,NA,NA,NA,NA,10,7,13,15,12,NA,NA,NA,NA,NA,NA,NA,NA,3,1,1,2,1,27.022192,NA,NA,NA,NA,NA,NA,NA,NA,306,60,328,2,298,NA,NA,NA,NA,NA,NA,NA,NA,9,10,11,12,13,9.168640137,197.9853363,0.836432993,6.609310627,3.121956587,41.27893829,27.13746262,4.402558804,8.214868546,549.0164185,-5.714464664,-985.7395576,-1174.989323,RufousTailedHawk,15
1587,NA,NA,NA,NA,NA,NA,NA,NA,NA,NA,NA,0,0,NA,NA,NA,NA,NA,NA,NA,NA,NA,NA,NA,207,113,NA,NA,NA,NA,NA,NA,NA,NA,NA,NA,NA,10,16,NA,NA,NA,NA,NA,NA,NA,NA,NA,NA,NA,1,1,12.58810616,NA,NA,NA,NA,NA,NA,NA,NA,NA,NA,NA,324,28,NA,NA,NA,NA,NA,NA,NA,NA,NA,NA,NA,12,13,5.179441452,129.4432526,7.28606081,3.598923922,4.365085602,33.63155746,15.79491997,12.91919327,19.81869507,1354.917358,5.99363327,-970.7395576,-1174.989323,RufousTailedHawk,15
1588,NA,NA,NA,0,0,NA,1,0,0,0,0,0,0,NA,NA,NA,270,120,NA,180,120,84,180,100,14,30,NA,NA,NA,8,12,NA,15,20,16,12,9,9,9,NA,NA,NA,1,1,NA,2,1,2,1,1,1,1,2.847367287,NA,NA,NA,34,43,NA,323,329,283,300,291,291,262,NA,NA,NA,4,5,NA,7,8,9,10,11,12,13,8.72256279,112.3314133,2.498755217,7.918612957,6.149065495,35.4330101,25.13707542,7.334237576,12.27928829,671.4071045,-5.452859402,-955.7395576,-1174.989323,RufousTailedHawk,15
1589,NA,NA,NA,NA,NA,NA,NA,NA,NA,NA,0,NA,NA,NA,NA,NA,NA,NA,NA,NA,NA,NA,NA,60,NA,NA,NA,NA,NA,NA,NA,NA,NA,NA,NA,NA,12,NA,NA,NA,NA,NA,NA,NA,NA,NA,NA,NA,NA,1,NA,NA,4.422710419,NA,NA,NA,NA,NA,NA,NA,NA,NA,NA,307,NA,NA,NA,NA,NA,NA,NA,NA,NA,NA,NA,NA,11,NA,NA,6.106436253,86.09189606,5.849637032,6.548381805,8.132386208,27.39523506,15.99432373,13.87950134,21.16009903,1207.582275,4.34264183,-940.7395576,-1174.989323,RufousTailedHawk,15
1590,NA,NA,NA,NA,NA,NA,NA,NA,NA,NA,NA,NA,0,NA,NA,NA,NA,NA,NA,NA,NA,NA,NA,NA,NA,65,NA,NA,NA,NA,NA,NA,NA,NA,NA,NA,NA,NA,13,NA,NA,NA,NA,NA,NA,NA,NA,NA,NA,NA,NA,2,4.422710419,NA,NA,NA,NA,NA,NA,NA,NA,NA,NA,NA,NA,364,NA,NA,NA,NA,NA,NA,NA,NA,NA,NA,NA,NA,13,6.106436253,86.09189606,5.849637032,6.548381805,8.132386208,27.39523506,15.99432373,13.87950134,21.16009903,1207.582275,4.34264183,-925.7395576,-1174.989323,RufousTailedHawk,15
1591,0,0,0,1,0,0,0,0,0,0,NA,0,0,70,120,60,60,30,60,79,5,240,66,NA,90,20,13,10,10,7,12,15,14,16,12,12,NA,11,12,3,5,2,2,1,3,1,4,2,1,NA,1,1,3.247751474,327,313,58,334,361,317,318,299,321,323,NA,311,266,1,2,3,4,5,6,7,8,9,10,NA,12,13,10.20167351,342.8067322,0.405448556,11.53244781,6.130534649,30.72680664,48.10976791,0.389990181,2.338290691,92.97319794,1.143169761,-1165.739558,-1189.989323,RufousTailedHawk,15
1592,0,NA,NA,0,0,0,0,0,0,0,0,0,0,15,NA,NA,43,5,120,120,5,120,120,30,30,3,13,NA,NA,14,11,7,11,8,15,11,14,12,17,3,NA,NA,2,2,3,2,1,4,2,1,2,1,3.247751474,327,NA,NA,288,347,341,303,323,250,352,337,296,272,1,NA,NA,4,5,6,7,8,9,10,11,12,13,10.20167351,342.8067322,0.405448556,11.53244781,6.130534649,30.72680664,48.10976791,0.389990181,2.338290691,92.97319794,1.143169761,-1150.739558,-1189.989323,RufousTailedHawk,15
1593,NA,NA,NA,NA,NA,NA,NA,NA,0,0,NA,0,0,NA,NA,NA,NA,NA,NA,NA,NA,21,180,NA,20,126,NA,NA,NA,NA,NA,NA,NA,NA,17,17,NA,13,19,NA,NA,NA,NA,NA,NA,NA,NA,2,1,NA,2,1,3.58479929,NA,NA,NA,NA,NA,NA,NA,NA,55,3,NA,282,343,NA,NA,NA,NA,NA,NA,NA,NA,9,10,NA,12,13,10.56350708,352.6096191,0.267548889,16.68319321,5.884184361,18.27157021,52.88886642,1.308022976,1.206000686,53.76368332,-0.139785796,-1135.739558,-1189.989323,RufousTailedHawk,15
1594,NA,NA,NA,0,NA,0,NA,0,0,0,0,0,0,NA,NA,NA,16,NA,20,NA,20,6,13,88,10,22,NA,NA,NA,15,NA,12,NA,17,19,18,8,9,8,NA,NA,NA,2,NA,2,NA,2,1,2,1,1,1,2.995154858,NA,NA,NA,332,NA,12,NA,49,336,285,23,353,321,NA,NA,NA,4,NA,6,NA,8,9,10,11,12,13,10.63419056,347.074707,0.323139757,7.129781246,4.327538490,30.06077194,44.41216278,1.097915411,1.29475081,66.54000854,0.041283429,-1120.739558,-1189.989323,RufousTailedHawk,15
1595,NA,NA,NA,NA,NA,0,NA,NA,NA,NA,NA,0,0,NA,NA,NA,NA,NA,25,NA,NA,NA,NA,NA,50,60,NA,NA,NA,NA,NA,14,NA,NA,NA,NA,NA,17,18,NA,NA,NA,NA,NA,2,NA,NA,NA,NA,NA,1,1,1.034168005,NA,NA,NA,NA,NA,12,NA,NA,NA,NA,NA,357,267,NA,NA,NA,NA,NA,6,NA,NA,NA,NA,NA,12,13,10.71004391,359.0866394,0,6.073239803,2.192502260,29.33100128,27.4586792,0.036453981,1.405022144,72.3191452,-0.303115875,-1105.739558,-1189.989323,RufousTailedHawk,15
1597,NA,0,0,NA,NA,0,NA,NA,NA,0,NA,0,0,NA,90,150,NA,NA,120,NA,NA,NA,3,NA,42,5,NA,20,9,NA,NA,17,NA,NA,NA,11,NA,19,10,NA,7,2,NA,NA,3,NA,NA,NA,1,NA,2,1,63.40402985,NA,39,348,NA,NA,343,NA,NA,NA,340,NA,271,255,NA,2,3,NA,NA,6,NA,NA,NA,10,NA,12,13,9.667860031,302.8816528,0.423520029,1.497680306,0.523669958,32.91888809,15.94134903,2.156513691,10.18694592,332.6671753,-4.377919197,-1045.739558,-1189.989323,RufousTailedHawk,15
1598,NA,NA,NA,NA,NA,NA,NA,NA,NA,NA,NA,0,0,NA,NA,NA,NA,NA,NA,NA,NA,NA,NA,NA,167,118,NA,NA,NA,NA,NA,NA,NA,NA,NA,NA,NA,15,16,NA,NA,NA,NA,NA,NA,NA,NA,NA,NA,NA,1,1,63.40402985,NA,NA,NA,NA,NA,NA,NA,NA,NA,NA,NA,311,345,NA,NA,NA,NA,NA,NA,NA,NA,NA,NA,NA,12,13,9.667860031,302.8816528,0.423520029,1.497680306,0.523669958,32.91888809,15.94134903,2.156513691,10.18694592,332.6671753,-4.377919197,-1030.739558,-1189.989323,RufousTailedHawk,15
1601,NA,NA,NA,NA,NA,NA,NA,NA,NA,NA,NA,0,0,NA,NA,NA,NA,NA,NA,NA,NA,NA,NA,NA,28,25,NA,NA,NA,NA,NA,NA,NA,NA,NA,NA,NA,9,0,NA,NA,NA,NA,NA,NA,NA,NA,NA,NA,NA,1,1,28.24292755,NA,NA,NA,NA,NA,NA,NA,NA,NA,NA,NA,57,16,NA,NA,NA,NA,NA,NA,NA,NA,NA,NA,NA,12,13,6.27987051,168.3046417,4.863021851,5.515112877,4.203172684,32.89840698,23.63815689,11.20557976,10.32012653,1078.698608,5.032177925,-985.7395576,-1189.989323,RufousTailedHawk,15
1602,NA,NA,NA,NA,NA,NA,NA,NA,NA,NA,NA,0,0,NA,NA,NA,NA,NA,NA,NA,NA,NA,NA,NA,35,22,NA,NA,NA,NA,NA,NA,NA,NA,NA,NA,NA,16,8,NA,NA,NA,NA,NA,NA,NA,NA,NA,NA,NA,1,4,15.39574242,NA,NA,NA,NA,NA,NA,NA,NA,NA,NA,NA,317,15,NA,NA,NA,NA,NA,NA,NA,NA,NA,NA,NA,12,13,7.394137383,143.0639343,2.810155153,4.684216976,4.301470280,35.13535309,21.81534386,7.960134506,11.79493904,895.4662476,0.354147643,-970.7395576,-1189.989323,RufousTailedHawk,15
1603,NA,NA,NA,0,0,0,0,0,0,0,0,0,0,NA,NA,NA,180,20,30,180,38,210,26,221,60,300,NA,NA,NA,8,16,16,17,9,13,15,8,17,12,NA,NA,NA,8,1,2,1,1,1,2,1,1,2,7.392758846,NA,NA,NA,285,16,323,250,355,304,320,11,264,331,NA,NA,NA,4,5,6,7,8,9,10,11,12,13,9.101034164,117.2793579,2.60340786,7.276916981,6.139775753,32.03903961,20.19587326,7.523741722,11.02868748,586.5959473,-0.608727157,-955.7395576,-1189.989323,RufousTailedHawk,15
1604,NA,NA,NA,NA,NA,NA,0,NA,NA,0,0,1,NA,NA,NA,NA,NA,NA,NA,240,NA,NA,60,2,18,NA,NA,NA,NA,NA,NA,NA,5,NA,NA,11,13,17,NA,NA,NA,NA,NA,NA,NA,1,NA,NA,3,1,2,NA,4.266723633,NA,NA,NA,NA,NA,NA,364,NA,NA,28,23,39,NA,NA,NA,NA,NA,NA,NA,7,NA,NA,10,11,12,NA,7.486802101,88.90600586,3.701906204,8.759835243,8.351764679,31.15162849,18.04621124,9.910354614,17.47720909,940.4382935,0.656280637,-940.7395576,-1189.989323,RufousTailedHawk,15
1606,NA,NA,NA,NA,NA,NA,0,0,0,0,NA,0,0,NA,NA,NA,NA,NA,NA,60,47,229,122,NA,8,38,NA,NA,NA,NA,NA,NA,15,9,11,11,NA,16,18,NA,NA,NA,NA,NA,NA,2,3,2,1,NA,2,2,19.5099411,NA,NA,NA,NA,NA,NA,303,34,282,54,NA,345,316,NA,NA,NA,NA,NA,NA,7,8,9,10,NA,12,13,8.884012222,320.0240173,0,0.366535813,0.000000000,36.89923477,23.58181572,0.298913687,10.23908138,222.0555725,0.882169902,-1165.739558,-1204.989323,RufousTailedHawk,15
1607,NA,NA,0,0,0,0,0,0,0,0,NA,0,1,NA,NA,180,90,150,240,60,20,50,14,NA,12,60,NA,NA,15,13,9,5,18,19,11,14,NA,19,11,NA,NA,3,3,2,5,5,1,2,2,NA,2,3,3.34833312,NA,NA,20,314,348,338,334,301,31,324,NA,343,340,NA,NA,3,4,5,6,7,8,9,10,NA,12,13,10.02396297,337.485199,0.39383769,3.522764683,2.305620432,28.141325,60.37281418,0.137500778,4.93982172,108.3160172,-0.67105943,-1150.739558,-1204.989323,RufousTailedHawk,15
1608,NA,NA,NA,0,NA,0,NA,NA,0,0,0,0,0,NA,NA,NA,300,NA,1,NA,NA,10,66,94,29,4,NA,NA,NA,11,NA,14,NA,NA,17,18,17,17,11,NA,NA,NA,2,NA,1,NA,NA,1,1,1,1,1,2.84883976,NA,NA,NA,328,NA,317,NA,NA,263,18,58,262,269,NA,NA,NA,4,NA,6,NA,NA,9,10,11,12,13,10.36481476,348.6035461,0.111142904,9.824799538,6.641843319,20.76953125,61.72019958,0.393531442,0.472157419,92.60162354,-0.030593483,-1135.739558,-1204.989323,RufousTailedHawk,15
1609,NA,0,NA,0,0,0,0,0,0,0,0,0,0,NA,60,NA,23,15,30,60,30,15,43,85,4,52,NA,12,NA,16,19,16,11,20,17,16,16,8,10,NA,2,NA,2,1,2,2,1,1,1,1,1,1,3.05914259,NA,30,NA,332,305,327,42,344,252,349,335,353,253,NA,2,NA,4,5,6,7,8,9,10,11,12,13,10.31541252,352.9535217,0.017295964,4.505983353,4.379074097,27.4370594,61.30054474,0.121617042,0.92472744,132.8572235,0.263668358,-1120.739558,-1204.989323,RufousTailedHawk,15
1610,NA,NA,NA,NA,NA,NA,0,NA,0,NA,NA,NA,0,NA,NA,NA,NA,NA,NA,30,NA,5,NA,NA,NA,45,NA,NA,NA,NA,NA,NA,8,NA,19,NA,NA,NA,20,NA,NA,NA,NA,NA,NA,1,NA,1,NA,NA,NA,1,1.034168005,NA,NA,NA,NA,NA,NA,45,NA,252,NA,NA,NA,24,NA,NA,NA,NA,NA,NA,7,NA,9,NA,NA,NA,13,10.71004391,359.0866394,0,6.073239803,2.192502260,29.33100128,27.4586792,0.036453981,1.405022144,72.3191452,-0.303115875,-1105.739558,-1204.989323,RufousTailedHawk,15
1612,NA,NA,NA,NA,NA,NA,NA,NA,0,NA,NA,NA,NA,NA,NA,NA,NA,NA,NA,NA,NA,30,NA,NA,NA,NA,NA,NA,NA,NA,NA,NA,NA,NA,10,NA,NA,NA,NA,NA,NA,NA,NA,NA,NA,NA,NA,1,NA,NA,NA,NA,56.50611496,NA,NA,NA,NA,NA,NA,NA,NA,351,NA,NA,NA,NA,NA,NA,NA,NA,NA,NA,NA,NA,9,NA,NA,NA,NA,8.90328598,314.4266968,0,0.937895715,0.708725274,53.37297058,28.33340836,0.773747504,13.19901276,492.7498169,5.073762894,-1045.739558,-1204.989323,RufousTailedHawk,15
1614,NA,0,NA,NA,0,NA,NA,NA,NA,NA,NA,NA,NA,NA,120,NA,NA,60,NA,NA,NA,NA,NA,NA,NA,NA,NA,14,NA,NA,16,NA,NA,NA,NA,NA,NA,NA,NA,NA,7,NA,NA,1,NA,NA,NA,NA,NA,NA,NA,NA,61.29717636,NA,41,NA,NA,276,NA,NA,NA,NA,NA,NA,NA,NA,NA,2,NA,NA,5,NA,NA,NA,NA,NA,NA,NA,NA,7.555204868,252.8540649,5.383061886,1.472269654,0.936854005,35.52038574,13.6611557,13.13884354,15.89537239,804.5537109,-1.511574626,-1015.739558,-1204.989323,RufousTailedHawk,15
1616,NA,NA,NA,NA,NA,NA,NA,NA,NA,0,NA,NA,NA,NA,NA,NA,NA,NA,NA,NA,NA,NA,52,NA,NA,NA,NA,NA,NA,NA,NA,NA,NA,NA,NA,12,NA,NA,NA,NA,NA,NA,NA,NA,NA,NA,NA,NA,1,NA,NA,NA,35.9223938,NA,NA,NA,NA,NA,NA,NA,NA,NA,315,NA,NA,NA,NA,NA,NA,NA,NA,NA,NA,NA,NA,10,NA,NA,NA,6.992993832,171.3123322,3.812336683,3.582576752,4.463665485,37.484478,18.29022026,10.28372288,18.68750763,940.9888916,-9.739803314,-985.7395576,-1204.989323,RufousTailedHawk,15
1617,NA,NA,NA,NA,NA,NA,NA,NA,0,0,NA,0,NA,NA,NA,NA,NA,NA,NA,NA,NA,120,8,NA,27,NA,NA,NA,NA,NA,NA,NA,NA,NA,15,12,NA,11,NA,NA,NA,NA,NA,NA,NA,NA,NA,1,1,NA,1,NA,26.58799171,NA,NA,NA,NA,NA,NA,NA,NA,311,315,NA,347,NA,NA,NA,NA,NA,NA,NA,NA,NA,9,10,NA,12,NA,7.661187649,144.4824982,2.946172953,4.539432526,7.044582844,35.66694641,20.80940056,10.19498444,14.17988205,829.2467041,-9.63158226,-970.7395576,-1204.989323,RufousTailedHawk,15
1618,NA,NA,NA,NA,NA,NA,NA,NA,NA,NA,NA,NA,0,NA,NA,NA,NA,NA,NA,NA,NA,NA,NA,NA,NA,48,NA,NA,NA,NA,NA,NA,NA,NA,NA,NA,NA,NA,16,NA,NA,NA,NA,NA,NA,NA,NA,NA,NA,NA,NA,1,16.18789482,NA,NA,NA,NA,NA,NA,NA,NA,NA,NA,NA,NA,273,NA,NA,NA,NA,NA,NA,NA,NA,NA,NA,NA,NA,13,5.881677628,108.6210022,5.135104179,8.121494293,6.618800640,30.10408401,15.38054657,15.2216301,15.81306839,1212.347168,4.055655003,-955.7395576,-1204.989323,RufousTailedHawk,15
1619,NA,NA,0,NA,NA,NA,NA,NA,NA,0,0,0,0,NA,NA,60,NA,NA,NA,NA,NA,NA,45,20,51,1,NA,NA,17,NA,NA,NA,NA,NA,NA,11,20,11,11,NA,NA,1,NA,NA,NA,NA,NA,NA,2,2,3,1,3.946066618,NA,NA,51,NA,NA,NA,NA,NA,NA,335,47,282,283,NA,NA,3,NA,NA,NA,NA,NA,NA,10,11,12,13,7.74258852,90.63588715,7.847659111,9.34216404,9.230424881,21.24417496,10.16264343,12.34449768,27.71220779,887.2227173,-1.575977921,-940.7395576,-1204.989323,RufousTailedHawk,15
1622,NA,NA,NA,NA,NA,NA,NA,NA,NA,0,NA,NA,NA,NA,NA,NA,NA,NA,NA,NA,NA,NA,120,NA,NA,NA,NA,NA,NA,NA,NA,NA,NA,NA,NA,12,NA,NA,NA,NA,NA,NA,NA,NA,NA,NA,NA,NA,5,NA,NA,NA,7.859033108,NA,NA,NA,NA,NA,NA,NA,NA,NA,269,NA,NA,NA,NA,NA,NA,NA,NA,NA,NA,NA,NA,10,NA,NA,NA,7.971417427,318.9249268,0,0.479022473,0.532240093,35.0892601,56.11807251,0.677934766,7.064083576,487.3422852,3.078552008,-1150.739558,-1219.989323,RufousTailedHawk,15
1623,NA,NA,NA,NA,NA,NA,NA,0,0,0,NA,0,0,NA,NA,NA,NA,NA,NA,NA,300,52,60,NA,248,3,NA,NA,NA,NA,NA,NA,NA,12,19,11,NA,13,16,NA,NA,NA,NA,NA,NA,NA,1,1,2,NA,1,1,2.263582468,NA,NA,NA,NA,NA,NA,NA,17,362,29,NA,350,272,NA,NA,NA,NA,NA,NA,NA,8,9,10,NA,12,13,10.01171494,339.4541321,0,2.200700521,4.436585903,25.22441292,66.3090744,0.035776135,1.134144068,152.7772675,-0.889276862,-1135.739558,-1219.989323,RufousTailedHawk,15
1624,NA,NA,NA,NA,NA,0,NA,NA,NA,0,NA,0,0,NA,NA,NA,NA,NA,74,NA,NA,NA,11,NA,85,10,NA,NA,NA,NA,NA,14,NA,NA,NA,14,NA,19,10,NA,NA,NA,NA,NA,2,NA,NA,NA,1,NA,1,1,4.73281002,NA,NA,NA,NA,NA,18,NA,NA,NA,279,NA,352,253,NA,NA,NA,NA,NA,6,NA,NA,NA,10,NA,12,13,10.27101421,349.8416138,0,9.399715424,6.179097176,22.38949203,60.95808411,0.155911088,0.921735883,146.5196838,0.558358967,-1120.739558,-1219.989323,RufousTailedHawk,15
1625,NA,NA,NA,NA,0,0,NA,0,0,0,0,0,0,NA,NA,NA,NA,210,20,NA,23,18,13,9,2,7,NA,NA,NA,NA,17,11,NA,18,16,14,15,16,18,NA,NA,NA,NA,4,1,NA,2,1,1,1,1,1,2.242084503,NA,NA,NA,NA,12,265,NA,7,273,349,264,318,283,NA,NA,NA,NA,5,6,NA,8,9,10,11,12,13,10.67884159,357.1348267,0,17.12439728,6.064636707,35.30241013,34.32507324,0.65249157,2.696138144,97.85134888,-0.027321657,-1105.739558,-1219.989323,RufousTailedHawk,15
1626,NA,NA,NA,NA,0,0,NA,0,0,NA,NA,NA,0,NA,NA,NA,NA,30,90,NA,12,70,NA,NA,NA,81,NA,NA,NA,NA,8,14,NA,11,19,NA,NA,NA,10,NA,NA,NA,NA,1,1,NA,2,3,NA,NA,NA,1,2.242084503,NA,NA,NA,NA,357,293,NA,6,312,NA,NA,NA,268,NA,NA,NA,NA,5,6,NA,8,9,NA,NA,NA,13,10.67884159,357.1348267,0,17.12439728,6.064636707,35.30241013,34.32507324,0.65249157,2.696138144,97.85134888,-0.027321657,-1090.739558,-1219.989323,RufousTailedHawk,15
1628,NA,NA,NA,NA,NA,NA,NA,NA,NA,0,0,0,0,NA,NA,NA,NA,NA,NA,NA,NA,NA,90,73,76,44,NA,NA,NA,NA,NA,NA,NA,NA,NA,17,13,18,13,NA,NA,NA,NA,NA,NA,NA,NA,NA,1,1,1,1,56.50611496,NA,NA,NA,NA,NA,NA,NA,NA,NA,336,12,293,291,NA,NA,NA,NA,NA,NA,NA,NA,NA,10,11,12,13,8.90328598,314.4266968,0,0.937895715,0.708725274,53.37297058,28.33340836,0.773747504,13.19901276,492.7498169,5.073762894,-1060.739558,-1219.989323,RufousTailedHawk,15
1629,NA,0,NA,NA,NA,NA,NA,NA,NA,NA,NA,0,NA,NA,30,NA,NA,NA,NA,NA,NA,NA,NA,NA,136,NA,NA,8,NA,NA,NA,NA,NA,NA,NA,NA,NA,15,NA,NA,1,NA,NA,NA,NA,NA,NA,NA,NA,NA,1,NA,56.50611496,NA,35,NA,NA,NA,NA,NA,NA,NA,NA,NA,292,NA,NA,2,NA,NA,NA,NA,NA,NA,NA,NA,NA,12,NA,8.90328598,314.4266968,0,0.937895715,0.708725274,53.37297058,28.33340836,0.773747504,13.19901276,492.7498169,5.073762894,-1045.739558,-1219.989323,RufousTailedHawk,15
1636,NA,NA,NA,NA,NA,NA,0,NA,NA,NA,NA,0,NA,NA,NA,NA,NA,NA,NA,50,NA,NA,NA,NA,15,NA,NA,NA,NA,NA,NA,NA,16,NA,NA,NA,NA,11,NA,NA,NA,NA,NA,NA,NA,3,NA,NA,NA,NA,1,NA,3.895301819,NA,NA,NA,NA,NA,NA,24,NA,NA,NA,NA,42,NA,NA,NA,NA,NA,NA,NA,7,NA,NA,NA,NA,12,NA,6.702219009,73.10171509,15.05543709,5.014343739,2.103680611,18.10946083,1.336874366,15.01339245,43.10319519,1129.97644,3.278611422,-940.7395576,-1219.989323,RufousTailedHawk,15
1639,NA,NA,NA,NA,NA,NA,NA,NA,NA,0,NA,NA,NA,NA,NA,NA,NA,NA,NA,NA,NA,NA,40,NA,NA,NA,NA,NA,NA,NA,NA,NA,NA,NA,NA,16,NA,NA,NA,NA,NA,NA,NA,NA,NA,NA,NA,NA,2,NA,NA,NA,13.09486961,NA,NA,NA,NA,NA,NA,NA,NA,NA,44,NA,NA,NA,NA,NA,NA,NA,NA,NA,NA,NA,NA,10,NA,NA,NA,7.694123268,317.3964539,0,0.299863279,0.691806018,34.5337944,57.44133377,0,7.001819611,520.34198,1.28216517,-1150.739558,-1234.989323,RufousTailedHawk,15
1640,NA,0,NA,0,0,0,0,0,0,0,0,0,0,NA,180,NA,150,8,120,240,25,17,6,20,2,60,NA,9,NA,15,14,11,14,9,11,14,15,18,8,NA,2,NA,2,2,1,2,1,1,1,1,1,1,2.237664938,NA,350,NA,336,9,32,245,359,298,307,291,313,259,NA,2,NA,4,5,6,7,8,9,10,11,12,13,10.00436401,332.7889709,0.467928141,12.89110661,3.991598845,23.74793816,51.99677277,0.695844114,1.746562123,157.6274261,-0.416231543,-1135.739558,-1234.989323,RufousTailedHawk,15
1641,0,0,0,0,0,0,0,0,0,0,1,0,0,30,125,180,60,2,20,20,20,60,10,30,17,120,19,8,15,11,12,14,10,16,12,8,14,17,8,1,3,8,6,1,1,6,1,1,1,2,1,2,2.722642422,59,6,53,309,20,290,11,9,261,292,312,324,281,1,2,3,4,5,6,7,8,9,10,11,12,13,10.55222511,345.9639587,0.179054692,11.68310261,3.735569715,24.10672188,30.16961861,1.080723643,1.366338968,85.47693634,0.135919049,-1120.739558,-1234.989323,RufousTailedHawk,15
1642,NA,NA,NA,NA,NA,NA,NA,0,NA,0,NA,NA,0,NA,NA,NA,NA,NA,NA,NA,57,NA,94,NA,NA,55,NA,NA,NA,NA,NA,NA,NA,14,NA,18,NA,NA,22,NA,NA,NA,NA,NA,NA,NA,7,NA,2,NA,NA,1,0.486678541,NA,NA,NA,NA,NA,NA,NA,8,NA,47,NA,NA,271,NA,NA,NA,NA,NA,NA,NA,8,NA,10,NA,NA,13,10.87096405,356.0818787,0,7.088799,4.373837948,36.01883698,22.33159065,0,2.779301167,55.87479782,0.071161553,-1105.739558,-1234.989323,RufousTailedHawk,15
1646,NA,NA,NA,NA,NA,NA,NA,NA,NA,NA,0,0,0,NA,NA,NA,NA,NA,NA,NA,NA,NA,NA,180,96,16,NA,NA,NA,NA,NA,NA,NA,NA,NA,NA,17,13,14,NA,NA,NA,NA,NA,NA,NA,NA,NA,NA,1,1,1,35.96707153,NA,NA,NA,NA,NA,NA,NA,NA,NA,NA,310,294,353,NA,NA,NA,NA,NA,NA,NA,NA,NA,NA,11,12,13,8.478837967,321.3570557,0,0.834154963,0.285837412,53.20914078,29.14190865,0.587035,14.83353329,545.4694214,5.530522346,-1045.739558,-1234.989323,RufousTailedHawk,15
1647,NA,0,NA,NA,NA,NA,NA,0,NA,0,0,0,0,NA,80,NA,NA,NA,NA,NA,20,NA,5,200,20,10,NA,9,NA,NA,NA,NA,NA,13,NA,15,11,11,15,NA,7,NA,NA,NA,NA,NA,1,NA,2,1,1,1,52.23818207,NA,42,NA,NA,NA,NA,NA,289,NA,57,52,16,315,NA,2,NA,NA,NA,NA,NA,8,NA,10,11,12,13,8.075288773,287.0388489,0.0521232,1.742376447,0.301433742,46.85118866,27.75217438,1.875100851,12.34755707,629.5910645,-3.385317802,-1030.739558,-1234.989323,RufousTailedHawk,15
1652,NA,NA,NA,0,NA,NA,0,0,NA,0,NA,0,0,NA,NA,NA,150,NA,NA,120,300,NA,30,NA,77,50,NA,NA,NA,12,NA,NA,9,15,NA,13,NA,10,7,NA,NA,NA,2,NA,NA,2,1,NA,2,NA,1,2,4.319839001,NA,NA,NA,46,NA,NA,246,48,NA,335,NA,6,327,NA,NA,NA,4,NA,NA,7,8,NA,10,NA,12,13,7.272701263,117.2962494,3.729070187,6.147998333,11.051884650,30.50981903,20.56420898,11.44952011,10.30757236,918.0271606,-1.210071683,-955.7395576,-1234.989323,RufousTailedHawk,15
1653,NA,NA,NA,NA,NA,NA,0,NA,NA,0,0,0,0,NA,NA,NA,NA,NA,NA,180,NA,NA,10,15,40,3,NA,NA,NA,NA,NA,NA,12,NA,NA,16,12,16,17,NA,NA,NA,NA,NA,NA,2,NA,NA,2,1,2,1,4.957568169,NA,NA,NA,NA,NA,NA,342,NA,NA,32,51,7,19,NA,NA,NA,NA,NA,NA,7,NA,NA,10,11,12,13,7.417696953,93.49655914,7.533310413,5.583189487,13.474588390,23.79048157,10.53164196,19.20618439,17.09202766,921.7640381,0.220269933,-940.7395576,-1234.989323,RufousTailedHawk,15
1655,0,NA,NA,NA,NA,NA,NA,0,NA,0,0,0,0,120,NA,NA,NA,NA,NA,NA,180,NA,60,13,143,8,7,NA,NA,NA,NA,NA,NA,11,NA,11,15,8,16,1,NA,NA,NA,NA,NA,NA,1,NA,1,1,1,1,27.15853691,18,NA,NA,NA,NA,NA,NA,310,NA,26,263,361,282,1,NA,NA,NA,NA,NA,NA,8,NA,10,11,12,13,8.851354599,320.7462158,0.342521757,0.946618795,0.208785146,42.17597198,25.63178444,0.595317364,11.75302124,216.2516174,-1.65061605,-1165.739558,-1249.989323,RufousTailedHawk,15
1657,0,0,NA,0,0,0,0,0,0,0,1,0,1,30,35,NA,30,45,6,30,1,30,2,40,12,55,17,10,NA,14,10,11,11,16,9,7,10,7,6,2,2,NA,2,2,1,1,2,1,1,2,1,1,2.291790724,47,4,NA,334,46,319,318,250,263,288,246,329,302,1,2,NA,4,5,6,7,8,9,10,11,12,13,10.17268372,342.5669556,0.133547634,21.21636391,3.681447029,26.69688988,42.96790314,2.353131056,0.679696977,88.00069427,-0.292979628,-1135.739558,-1249.989323,RufousTailedHawk,15
1658,0,0,NA,NA,0,0,NA,0,0,0,0,0,0,20,200,NA,NA,105,300,NA,90,3,40,15,6,45,4,15,NA,NA,10,9,NA,14,12,11,13,15,19,2,3,NA,NA,2,2,NA,2,1,1,2,1,1,2.722642422,48,5,NA,NA,12,50,NA,34,342,290,292,290,267,1,2,NA,NA,5,6,NA,8,9,10,11,12,13,10.55222511,345.9639587,0.179054692,11.68310261,3.735569715,24.10672188,30.16961861,1.080723643,1.366338968,85.47693634,0.135919049,-1120.739558,-1249.989323,RufousTailedHawk,15
1659,NA,NA,NA,0,0,0,0,0,0,0,0,0,0,NA,NA,NA,60,105,30,15,60,120,10,30,89,63,NA,NA,NA,13,16,11,15,15,11,17,13,14,11,NA,NA,NA,2,1,1,1,1,1,2,2,1,1,0.486678541,NA,NA,NA,336,306,281,12,9,268,292,292,247,357,NA,NA,NA,4,5,6,7,8,9,10,11,12,13,10.87096405,356.0818787,0,7.088799,4.373837948,36.01883698,22.33159065,0,2.779301167,55.87479782,0.071161553,-1105.739558,-1249.989323,RufousTailedHawk,15
1660,NA,NA,NA,NA,NA,NA,NA,NA,NA,0,NA,NA,0,NA,NA,NA,NA,NA,NA,NA,NA,NA,20,NA,NA,16,NA,NA,NA,NA,NA,NA,NA,NA,NA,10,NA,NA,12,NA,NA,NA,NA,NA,NA,NA,NA,NA,1,NA,NA,1,0.486678541,NA,NA,NA,NA,NA,NA,NA,NA,NA,18,NA,NA,306,NA,NA,NA,NA,NA,NA,NA,NA,NA,10,NA,NA,13,10.87096405,356.0818787,0,7.088799,4.373837948,36.01883698,22.33159065,0,2.779301167,55.87479782,0.071161553,-1090.739558,-1249.989323,RufousTailedHawk,15
1661,NA,NA,NA,NA,NA,NA,NA,NA,NA,NA,0,NA,NA,NA,NA,NA,NA,NA,NA,NA,NA,NA,NA,71,NA,NA,NA,NA,NA,NA,NA,NA,NA,NA,NA,NA,10,NA,NA,NA,NA,NA,NA,NA,NA,NA,NA,NA,NA,1,NA,NA,0.486678541,NA,NA,NA,NA,NA,NA,NA,NA,NA,NA,12,NA,NA,NA,NA,NA,NA,NA,NA,NA,NA,NA,NA,11,NA,NA,10.87096405,356.0818787,0,7.088799,4.373837948,36.01883698,22.33159065,0,2.779301167,55.87479782,0.071161553,-1075.739558,-1249.989323,RufousTailedHawk,15
1662,NA,NA,NA,NA,NA,NA,NA,NA,NA,0,NA,NA,NA,NA,NA,NA,NA,NA,NA,NA,NA,NA,3,NA,NA,NA,NA,NA,NA,NA,NA,NA,NA,NA,NA,13,NA,NA,NA,NA,NA,NA,NA,NA,NA,NA,NA,NA,1,NA,NA,NA,35.96707153,NA,NA,NA,NA,NA,NA,NA,NA,NA,42,NA,NA,NA,NA,NA,NA,NA,NA,NA,NA,NA,NA,10,NA,NA,NA,8.478837967,321.3570557,0,0.834154963,0.285837412,53.20914078,29.14190865,0.587035,14.83353329,545.4694214,5.530522346,-1060.739558,-1249.989323,RufousTailedHawk,15
1663,NA,0,NA,NA,NA,NA,NA,NA,NA,NA,NA,NA,NA,NA,300,NA,NA,NA,NA,NA,NA,NA,NA,NA,NA,NA,NA,7,NA,NA,NA,NA,NA,NA,NA,NA,NA,NA,NA,NA,3,NA,NA,NA,NA,NA,NA,NA,NA,NA,NA,NA,35.96707153,NA,27,NA,NA,NA,NA,NA,NA,NA,NA,NA,NA,NA,NA,2,NA,NA,NA,NA,NA,NA,NA,NA,NA,NA,NA,8.478837967,321.3570557,0,0.834154963,0.285837412,53.20914078,29.14190865,0.587035,14.83353329,545.4694214,5.530522346,-1045.739558,-1249.989323,RufousTailedHawk,15
1664,NA,NA,NA,NA,NA,0,NA,0,0,1,1,0,0,NA,NA,NA,NA,NA,120,NA,30,120,120,30,10,10,NA,NA,NA,NA,NA,18,NA,13,22,16,18,21,17,NA,NA,NA,NA,NA,3,NA,1,1,1,2,1,1,37.63804626,NA,NA,NA,NA,NA,344,NA,289,331,262,278,348,294,NA,NA,NA,NA,NA,6,NA,8,9,10,11,12,13,9.110097885,309.1573792,0,2.207701445,0.506511271,47.30362701,28.9855175,1.432987809,11.43677044,422.2879333,-0.81437701,-1030.739558,-1249.989323,RufousTailedHawk,15
1667,0,NA,NA,NA,NA,NA,NA,NA,NA,NA,0,NA,NA,60,NA,NA,NA,NA,NA,NA,NA,NA,NA,94,NA,NA,14,NA,NA,NA,NA,NA,NA,NA,NA,NA,12,NA,NA,1,NA,NA,NA,NA,NA,NA,NA,NA,NA,1,NA,NA,22.46632385,269,NA,NA,NA,NA,NA,NA,NA,NA,NA,47,NA,NA,1,NA,NA,NA,NA,NA,NA,NA,NA,NA,11,NA,NA,5.714603424,179.7315063,5.721736908,3.618616104,2.490630865,30.9677887,14.37832546,13.57570553,10.03070545,1128.114502,-2.196267605,-985.7395576,-1249.989323,RufousTailedHawk,15
1668,NA,NA,0,NA,0,0,0,0,0,0,0,0,0,NA,NA,60,NA,120,30,135,120,63,120,40,10,179,NA,NA,15,NA,10,10,10,10,17,17,16,17,14,NA,NA,1,NA,1,3,2,1,1,2,1,2,1,8.830004692,NA,NA,313,NA,32,296,342,341,48,333,47,283,308,NA,NA,3,NA,5,6,7,8,9,10,11,12,13,6.846358299,154.6890106,1.694588184,3.99399519,3.912436962,34.15002441,20.05655289,8.769070625,10.78894329,956.7512207,-2.465986967,-970.7395576,-1249.989323,RufousTailedHawk,15
1669,NA,NA,0,NA,NA,NA,0,0,NA,NA,0,0,0,NA,NA,180,NA,NA,NA,120,240,NA,NA,42,150,170,NA,NA,8,NA,NA,NA,9,10,NA,NA,19,16,12,NA,NA,1,NA,NA,NA,3,1,NA,NA,1,1,1,5.280835152,NA,NA,42,NA,NA,NA,304,39,NA,NA,44,304,289,NA,NA,3,NA,NA,NA,7,8,NA,NA,11,12,13,6.241479874,118.0906219,3.417946815,2.744875669,8.199285507,33.25415039,31.33893013,7.823479652,7.984873295,1098.491333,0.500093281,-955.7395576,-1249.989323,RufousTailedHawk,15
1673,0,0,0,0,0,0,0,0,0,0,0,0,0,175,240,120,105,120,138,13,65,58,24,11,47,2,14,10,11,14,8,9,22,11,16,16,17,12,13,2,2,8,2,2,1,2,1,1,1,1,1,2,27.15853691,326,349,55,337,8,297,366,359,361,258,257,345,247,1,2,3,4,5,6,7,8,9,10,11,12,13,8.851354599,320.7462158,0.342521757,0.946618795,0.208785146,42.17597198,25.63178444,0.595317364,11.75302124,216.2516174,-1.65061605,-1165.739558,-1264.989323,RufousTailedHawk,15
1674,NA,NA,0,NA,0,0,0,0,0,0,NA,0,0,NA,NA,120,NA,30,75,120,225,60,145,NA,4,62,NA,NA,9,NA,20,11,10,9,16,10,NA,15,12,NA,NA,8,NA,10,1,3,1,1,3,NA,1,3,13.01307011,NA,NA,55,NA,287,280,284,315,299,312,NA,16,362,NA,NA,3,NA,5,6,7,8,9,10,NA,12,13,9.39051342,332.4274597,0.072616927,3.375812292,1.615214109,43.25826645,35.66675949,0.048940439,6.895731926,153.9267426,-3.609736681,-1150.739558,-1264.989323,RufousTailedHawk,15
1675,0,0,NA,NA,0,0,0,0,0,0,0,0,0,90,40,NA,NA,60,10,60,30,10,24,78,10,8,16,13,NA,NA,11,10,10,19,12,10,17,20,10,1,3,NA,NA,3,2,2,2,1,1,1,1,2,2.291790724,51,8,NA,NA,44,54,257,358,294,327,328,288,304,1,2,NA,NA,5,6,7,8,9,10,11,12,13,10.17268372,342.5669556,0.133547634,21.21636391,3.681447029,26.69688988,42.96790314,2.353131056,0.679696977,88.00069427,-0.292979628,-1135.739558,-1264.989323,RufousTailedHawk,15
1676,NA,NA,NA,NA,NA,0,NA,0,0,0,0,0,0,NA,NA,NA,NA,NA,5,NA,94,13,105,13,29,52,NA,NA,NA,NA,NA,12,NA,17,15,11,20,11,15,NA,NA,NA,NA,NA,2,NA,7,1,4,1,1,1,2.291790724,NA,NA,NA,NA,NA,54,NA,2,342,22,277,34,267,NA,NA,NA,NA,NA,6,NA,8,9,10,11,12,13,10.17268372,342.5669556,0.133547634,21.21636391,3.681447029,26.69688988,42.96790314,2.353131056,0.679696977,88.00069427,-0.292979628,-1120.739558,-1264.989323,RufousTailedHawk,15
1679,NA,NA,NA,NA,0,NA,NA,NA,NA,NA,NA,NA,NA,NA,NA,NA,NA,90,NA,NA,NA,NA,NA,NA,NA,NA,NA,NA,NA,NA,8,NA,NA,NA,NA,NA,NA,NA,NA,NA,NA,NA,NA,1,NA,NA,NA,NA,NA,NA,NA,NA,21.23021698,NA,NA,NA,NA,279,NA,NA,NA,NA,NA,NA,NA,NA,NA,NA,NA,NA,5,NA,NA,NA,NA,NA,NA,NA,NA,9.301392555,340.8005676,0,1.412006617,0.174292147,51.93045807,30.57420158,1.402463555,12.00646782,380.2062073,-1.139401555,-1075.739558,-1264.989323,RufousTailedHawk,15
1680,NA,NA,NA,NA,NA,NA,NA,0,0,0,0,0,1,NA,NA,NA,NA,NA,NA,NA,15,120,13,33,32,104,NA,NA,NA,NA,NA,NA,NA,9,12,17,13,15,13,NA,NA,NA,NA,NA,NA,NA,1,1,1,1,1,2,21.23021698,NA,NA,NA,NA,NA,NA,NA,337,327,27,55,359,260,NA,NA,NA,NA,NA,NA,NA,8,9,10,11,12,13,9.301392555,340.8005676,0,1.412006617,0.174292147,51.93045807,30.57420158,1.402463555,12.00646782,380.2062073,-1.139401555,-1060.739558,-1264.989323,RufousTailedHawk,15
1681,NA,NA,NA,NA,NA,NA,NA,0,0,0,NA,NA,0,NA,NA,NA,NA,NA,NA,NA,45,233,35,NA,NA,37,NA,NA,NA,NA,NA,NA,NA,14,8,19,NA,NA,14,NA,NA,NA,NA,NA,NA,NA,2,1,2,NA,NA,2,21.23021698,NA,NA,NA,NA,NA,NA,NA,8,283,57,NA,NA,294,NA,NA,NA,NA,NA,NA,NA,8,9,10,NA,NA,13,9.301392555,340.8005676,0,1.412006617,0.174292147,51.93045807,30.57420158,1.402463555,12.00646782,380.2062073,-1.139401555,-1045.739558,-1264.989323,RufousTailedHawk,15
1682,NA,0,NA,NA,NA,0,NA,NA,0,0,0,0,0,NA,60,NA,NA,NA,30,NA,NA,5,58,5,23,10,NA,14,NA,NA,NA,12,NA,NA,16,16,13,16,17,NA,2,NA,NA,NA,3,NA,NA,2,3,2,2,1,23.8705864,NA,32,NA,NA,NA,346,NA,NA,43,24,327,273,318,NA,2,NA,NA,NA,6,NA,NA,9,10,11,12,13,7.22909832,290.8427429,1.664491177,1.878968954,0.311364293,45.71133041,27.22684097,3.29702282,10.72229958,785.8618774,1.398176789,-1030.739558,-1264.989323,RufousTailedHawk,15
1686,NA,0,0,0,NA,0,0,NA,0,0,0,NA,0,NA,180,180,180,NA,20,120,NA,120,5,90,NA,11,NA,16,8,14,NA,9,13,NA,17,17,14,NA,7,NA,2,4,2,NA,4,1,NA,1,1,2,NA,1,7.304903984,NA,41,262,7,NA,283,10,NA,51,60,16,NA,20,NA,2,3,4,NA,6,7,NA,9,10,11,NA,13,6.388206482,158.8296051,3.132339001,4.539341927,3.795735598,39.54529953,21.04912949,7.699770927,12.86107063,1021.044495,-0.012965819,-970.7395576,-1264.989323,RufousTailedHawk,15
1687,NA,NA,1,0,0,NA,0,0,0,0,0,0,0,NA,NA,120,60,240,NA,90,240,240,180,180,4,60,NA,NA,9,9,11,NA,9,9,9,9,8,23,16,NA,NA,1,1,2,NA,2,2,2,1,2,1,3,3.739067316,NA,NA,267,283,18,NA,268,26,306,307,365,286,309,NA,NA,3,4,5,NA,7,8,9,10,11,12,13,6.38589859,127.3847351,3.662904978,4.014947891,6.389993191,33.01898193,24.79266739,7.3265872,8.08825016,1059.072266,-0.705872953,-955.7395576,-1264.989323,RufousTailedHawk,15
1688,NA,NA,NA,NA,NA,NA,0,0,NA,0,0,NA,0,NA,NA,NA,NA,NA,NA,60,90,NA,180,80,NA,14,NA,NA,NA,NA,NA,NA,15,15,NA,15,15,NA,8,NA,NA,NA,NA,NA,NA,2,2,NA,1,1,NA,2,8.273989677,NA,NA,NA,NA,NA,NA,345,344,NA,365,342,NA,319,NA,NA,NA,NA,NA,NA,7,8,NA,10,11,NA,13,6.256398678,93.82785034,9.17663002,4.433398247,10.767510410,27.41480446,12.90593624,17.54665756,17.08810997,1140.167358,1.284062862,-940.7395576,-1264.989323,RufousTailedHawk,15
1689,NA,NA,NA,0,NA,0,0,NA,NA,0,0,NA,0,NA,NA,NA,90,NA,90,140,NA,NA,60,150,NA,135,NA,NA,NA,10,NA,8,8,NA,NA,14,13,NA,10,NA,NA,NA,2,NA,1,3,NA,NA,2,1,NA,2,8.430332184,NA,NA,NA,7,NA,307,54,NA,NA,292,354,NA,295,NA,NA,NA,4,NA,6,7,NA,NA,10,11,NA,13,5.606965065,74.08716583,19.38770676,4.309720039,1.345137119,16.93017578,1.208822489,19.05233765,36.37817764,1318.473877,1.217934489,-925.7395576,-1264.989323,RufousTailedHawk,15
1690,NA,NA,NA,0,NA,0,0,0,0,NA,0,NA,1,NA,NA,NA,240,NA,90,120,76,60,NA,90,NA,240,NA,NA,NA,11,NA,19,11,17,10,NA,17,NA,11,NA,NA,NA,3,NA,2,1,1,3,NA,1,NA,2,34.16761398,NA,NA,NA,10,NA,328,6,32,351,NA,44,NA,22,NA,NA,NA,4,NA,6,7,8,9,NA,11,NA,13,9.009939194,333.5001831,0.056974716,0.074505307,0.000000000,40.71475983,32.76330566,0.131348029,2.706463814,55.07067871,0.133392662,-1165.739558,-1279.989323,RufousTailedHawk,15
1691,NA,NA,NA,NA,0,1,0,0,0,0,0,NA,0,NA,NA,NA,NA,41,30,248,180,180,8,20,NA,53,NA,NA,NA,NA,7,15,9,10,6,13,16,NA,11,NA,NA,NA,NA,10,1,1,2,1,1,1,NA,2,17.63780975,NA,NA,NA,NA,287,317,317,303,311,286,257,NA,360,NA,NA,NA,NA,5,6,7,8,9,10,11,NA,13,9.253797531,338.7027588,0.126704484,0.076740995,0.847051203,40.24715424,48.43528366,0.028949285,3.610794067,137.3077087,-0.124288119,-1150.739558,-1279.989323,RufousTailedHawk,15
1692,NA,NA,NA,NA,0,0,NA,NA,0,0,0,0,0,NA,NA,NA,NA,3,3,NA,NA,5,10,2,31,8,NA,NA,NA,NA,11,10,NA,NA,13,16,21,15,10,NA,NA,NA,NA,2,2,NA,NA,1,1,1,1,2,4.95919466,NA,NA,NA,NA,13,16,NA,NA,294,286,35,7,287,NA,NA,NA,NA,5,6,NA,NA,9,10,11,12,13,9.749250412,352.1582336,0.057691213,1.845858097,1.648955226,40.41809082,48.47406387,0.033325329,0.976958871,126.4104843,-0.154587746,-1135.739558,-1279.989323,RufousTailedHawk,15
1693,NA,NA,NA,NA,0,0,0,0,0,0,0,0,0,NA,NA,NA,NA,75,15,9,60,35,15,25,8,6,NA,NA,NA,NA,9,16,17,19,14,15,19,18,15,NA,NA,NA,NA,1,2,5,1,1,1,1,1,1,3.97514081,NA,NA,NA,NA,306,14,18,47,294,328,305,304,262,NA,NA,NA,NA,5,6,7,8,9,10,11,12,13,10.196661,365.0809631,0,3.357318401,3.275180340,42.15481567,40.35708237,0.008876874,2.218530655,111.0232315,0.816945136,-1120.739558,-1279.989323,RufousTailedHawk,15
1694,0,NA,0,NA,NA,0,NA,0,0,0,0,0,0,10,NA,180,NA,NA,4,NA,9,24,20,22,86,4,14,NA,15,NA,NA,14,NA,19,15,11,15,19,16,2,NA,1,NA,NA,2,NA,1,1,1,1,1,1,2.823417664,48,NA,263,NA,NA,57,NA,359,315,313,262,5,269,1,NA,3,NA,NA,6,NA,8,9,10,11,12,13,10.41534042,383.318512,0.109379783,5.755976677,0.762566090,45.52223206,43.31265259,0.027528539,0.182414383,95.66444397,-0.21099481,-1105.739558,-1279.989323,RufousTailedHawk,15
1695,NA,NA,NA,NA,NA,NA,NA,NA,0,0,NA,0,0,NA,NA,NA,NA,NA,NA,NA,NA,180,60,NA,20,38,NA,NA,NA,NA,NA,NA,NA,NA,11,10,NA,17,14,NA,NA,NA,NA,NA,NA,NA,NA,1,1,NA,1,2,7.748048782,NA,NA,NA,NA,NA,NA,NA,NA,251,47,NA,342,262,NA,NA,NA,NA,NA,NA,NA,NA,9,10,NA,12,13,9.645435333,352.6795654,0,1.127791286,0.437473148,39.66116714,23.45766258,1.39062345,9.973212242,262.4533691,0.426617652,-1060.739558,-1279.989323,RufousTailedHawk,15
1696,NA,NA,0,0,0,0,0,0,0,0,0,0,0,NA,NA,240,150,60,240,10,15,60,28,120,36,17,NA,NA,10,17,11,9,18,8,12,13,15,11,13,NA,NA,2,2,2,4,1,2,1,1,1,1,1,7.748048782,NA,NA,362,35,35,43,32,335,257,354,271,338,362,NA,NA,3,4,5,6,7,8,9,10,11,12,13,9.645435333,352.6795654,0,1.127791286,0.437473148,39.66116714,23.45766258,1.39062345,9.973212242,262.4533691,0.426617652,-1045.739558,-1279.989323,RufousTailedHawk,15
1697,NA,NA,NA,NA,NA,NA,NA,NA,NA,0,NA,NA,0,NA,NA,NA,NA,NA,NA,NA,NA,NA,14,NA,NA,120,NA,NA,NA,NA,NA,NA,NA,NA,NA,15,NA,NA,7,NA,NA,NA,NA,NA,NA,NA,NA,NA,1,NA,NA,2,11.8431797,NA,NA,NA,NA,NA,NA,NA,NA,NA,3,NA,NA,307,NA,NA,NA,NA,NA,NA,NA,NA,NA,10,NA,NA,13,6.698089123,288.7555847,3.411897659,2.26891613,1.156548023,40.93180084,20.12096596,7.056162357,11.67898655,890.6553955,3.305756569,-1030.739558,-1279.989323,RufousTailedHawk,15
1698,NA,NA,NA,NA,NA,NA,NA,NA,NA,NA,0,NA,0,NA,NA,NA,NA,NA,NA,NA,NA,NA,NA,149,NA,89,NA,NA,NA,NA,NA,NA,NA,NA,NA,NA,12,NA,12,NA,NA,NA,NA,NA,NA,NA,NA,NA,NA,4,NA,2,21.74172974,NA,NA,NA,NA,NA,NA,NA,NA,NA,NA,53,NA,306,NA,NA,NA,NA,NA,NA,NA,NA,NA,NA,11,NA,13,6.650005817,263.9737244,2.379673958,1.243427753,0.974195004,44.19579697,22.72241592,6.046262741,14.58361244,885.9016724,-4.229089737,-1015.739558,-1279.989323,RufousTailedHawk,15
1702,NA,NA,0,0,NA,0,0,0,0,0,0,0,0,NA,NA,30,10,NA,180,20,180,180,180,120,90,56,NA,NA,11,13,NA,17,19,11,12,9,12,17,10,NA,NA,3,2,NA,2,2,1,2,4,1,1,2,2.228948355,NA,NA,18,7,NA,30,341,259,43,351,313,312,268,NA,NA,3,4,NA,6,7,8,9,10,11,12,13,6.358337402,131.5743103,5.339087486,7.405295849,6.940381050,34.38812637,21.07061195,9.540085793,12.32013607,1062.372681,2.311930895,-955.7395576,-1279.989323,RufousTailedHawk,15
1703,NA,NA,0,0,0,0,0,0,0,0,0,0,0,NA,NA,20,60,60,90,60,30,25,100,95,70,70,NA,NA,10,8,19,8,8,9,7,10,9,16,15,NA,NA,3,9,10,1,2,1,2,3,2,2,1,3.107838631,NA,NA,18,272,50,312,268,259,311,334,291,282,270,NA,NA,3,4,5,6,7,8,9,10,11,12,13,8.29400444,113.7740021,6.394441605,6.989289761,9.884902000,24.22407722,9.704461098,18.07420731,23.11169815,755.4772339,-0.764796853,-940.7395576,-1279.989323,RufousTailedHawk,15
1707,NA,NA,NA,NA,NA,0,NA,NA,0,NA,NA,NA,0,NA,NA,NA,NA,NA,30,NA,NA,60,NA,NA,NA,15,NA,NA,NA,NA,NA,12,NA,NA,10,NA,NA,NA,10,NA,NA,NA,NA,NA,2,NA,NA,2,NA,NA,NA,2,11.93881226,NA,NA,NA,NA,NA,14,NA,NA,333,NA,NA,NA,16,NA,NA,NA,NA,NA,6,NA,NA,9,NA,NA,NA,13,9.177789688,360.6083069,0.145255774,0.234312832,0.366824269,37.303936,45.70462036,0.006829524,10.5707407,198.6296082,0.573226273,-1135.739558,-1294.989323,RufousTailedHawk,15
1708,NA,NA,NA,NA,NA,0,NA,NA,0,NA,0,0,0,NA,NA,NA,NA,NA,10,NA,NA,30,NA,35,8,3,NA,NA,NA,NA,NA,12,NA,NA,15,NA,18,7,18,NA,NA,NA,NA,NA,2,NA,NA,2,NA,1,1,1,3.649342299,NA,NA,NA,NA,NA,14,NA,NA,333,NA,311,303,270,NA,NA,NA,NA,NA,6,NA,NA,9,NA,11,12,13,10.0586834,377.7891846,0,3.376584291,2.231833935,45.18003464,42.38690186,0.058281966,1.653557777,118.6818924,0.531096935,-1120.739558,-1294.989323,RufousTailedHawk,15
1709,NA,NA,NA,NA,NA,0,NA,0,0,0,NA,0,0,NA,NA,NA,NA,NA,7,NA,60,17,42,NA,245,38,NA,NA,NA,NA,NA,14,NA,11,18,16,NA,13,8,NA,NA,NA,NA,NA,2,NA,2,1,1,NA,1,1,2.823417664,NA,NA,NA,NA,NA,57,NA,59,315,52,NA,315,270,NA,NA,NA,NA,NA,6,NA,8,9,10,NA,12,13,10.41534042,383.318512,0.109379783,5.755976677,0.762566090,45.52223206,43.31265259,0.027528539,0.182414383,95.66444397,-0.21099481,-1105.739558,-1294.989323,RufousTailedHawk,15
1712,NA,NA,NA,NA,NA,NA,NA,0,NA,NA,0,NA,0,NA,NA,NA,NA,NA,NA,NA,120,NA,NA,65,NA,13,NA,NA,NA,NA,NA,NA,NA,11,NA,NA,20,NA,7,NA,NA,NA,NA,NA,NA,NA,1,NA,NA,4,NA,2,8.941205025,NA,NA,NA,NA,NA,NA,NA,51,NA,NA,55,NA,259,NA,NA,NA,NA,NA,NA,NA,8,NA,NA,11,NA,13,9.750918388,364.2979126,0,1.538606763,0.454549283,39.1637764,25.95902061,1.522187352,9.718643188,223.8526001,-0.759976208,-1045.739558,-1294.989323,RufousTailedHawk,15
1713,NA,NA,NA,NA,NA,NA,0,NA,NA,0,0,0,0,NA,NA,NA,NA,NA,NA,25,NA,NA,90,35,5,40,NA,NA,NA,NA,NA,NA,14,NA,NA,18,15,13,12,NA,NA,NA,NA,NA,NA,1,NA,NA,2,2,1,2,3.722500563,NA,NA,NA,NA,NA,NA,47,NA,NA,306,2,273,295,NA,NA,NA,NA,NA,NA,7,NA,NA,10,11,12,13,9.464030266,339.8020325,0.104380593,4.144546509,0.289831936,49.68260193,32.69152832,2.256970167,9.41701889,333.3838806,-0.544291377,-1030.739558,-1294.989323,RufousTailedHawk,15
1714,NA,NA,NA,NA,NA,0,NA,0,NA,NA,NA,0,0,NA,NA,NA,NA,NA,20,NA,60,NA,NA,NA,27,2,NA,NA,NA,NA,NA,10,NA,16,NA,NA,NA,16,17,NA,NA,NA,NA,NA,3,NA,2,NA,NA,NA,1,1,10.09478092,NA,NA,NA,NA,NA,346,NA,346,NA,NA,NA,280,349,NA,NA,NA,NA,NA,6,NA,8,NA,NA,NA,12,13,7.766497612,288.7684326,0.917609751,1.637725353,1.024707198,48.58859634,21.77909088,5.969670773,15.01669312,679.7913818,-1.186168551,-1015.739558,-1294.989323,RufousTailedHawk,15
1716,NA,NA,NA,NA,NA,NA,NA,NA,NA,NA,NA,NA,0,NA,NA,NA,NA,NA,NA,NA,NA,NA,NA,NA,NA,32,NA,NA,NA,NA,NA,NA,NA,NA,NA,NA,NA,NA,12,NA,NA,NA,NA,NA,NA,NA,NA,NA,NA,NA,NA,2,12.27521133,NA,NA,NA,NA,NA,NA,NA,NA,NA,NA,NA,NA,255,NA,NA,NA,NA,NA,NA,NA,NA,NA,NA,NA,NA,13,6.195086002,203.5912323,3.370509624,6.64993906,3.958587646,35.12574768,17.36206627,12.02540207,15.4378624,1020.714966,-0.6159814,-985.7395576,-1294.989323,RufousTailedHawk,15
1718,NA,NA,NA,NA,NA,NA,0,0,0,NA,NA,0,0,NA,NA,NA,NA,NA,NA,180,60,180,NA,NA,120,10,NA,NA,NA,NA,NA,NA,9,19,10,NA,NA,11,10,NA,NA,NA,NA,NA,NA,2,1,1,NA,NA,2,1,2.990563869,NA,NA,NA,NA,NA,NA,343,50,57,NA,NA,365,295,NA,NA,NA,NA,NA,NA,7,8,9,NA,NA,12,13,7.056512833,148.2852173,2.833033562,4.758645535,4.810134888,31.71894264,18.43727493,9.515399933,11.33659744,931.7641602,1.039606929,-955.7395576,-1294.989323,RufousTailedHawk,15
1719,0,0,NA,0,0,NA,0,0,0,0,0,0,0,300,240,NA,60,20,NA,225,60,30,80,25,1,57,8,8,NA,9,15,NA,12,12,16,7,11,20,9,2,2,NA,1,2,NA,1,2,3,2,1,1,1,2.37122798,328,275,NA,280,8,NA,329,304,348,337,284,281,288,1,2,NA,4,5,NA,7,8,9,10,11,12,13,9.453251839,140.8770294,2.149316788,24.1506691,9.609476089,21.22039413,11.49562073,14.97199345,14.43768978,508.4177551,-1.314278364,-940.7395576,-1294.989323,RufousTailedHawk,15
1720,NA,NA,NA,NA,NA,NA,NA,NA,0,0,0,0,0,NA,NA,NA,NA,NA,NA,NA,NA,75,90,140,15,45,NA,NA,NA,NA,NA,NA,NA,NA,15,10,9,13,10,NA,NA,NA,NA,NA,NA,NA,NA,1,2,2,1,1,8.092890739,NA,NA,NA,NA,NA,NA,NA,NA,313,292,308,311,302,NA,NA,NA,NA,NA,NA,NA,NA,9,10,11,12,13,6.807253838,86.87709045,4.748003006,4.243582249,11.150825500,26.05633354,13.85800838,18.28499222,17.89572716,1025.826538,0.347786039,-925.7395576,-1294.989323,RufousTailedHawk,15
1725,NA,NA,NA,NA,NA,0,NA,NA,NA,0,NA,0,0,NA,NA,NA,NA,NA,20,NA,NA,NA,240,NA,157,120,NA,NA,NA,NA,NA,13,NA,NA,NA,11,NA,15,18,NA,NA,NA,NA,NA,2,NA,NA,NA,1,NA,2,2,17.62576675,NA,NA,NA,NA,NA,14,NA,NA,NA,315,NA,360,359,NA,NA,NA,NA,NA,6,NA,NA,NA,10,NA,12,13,8.92680645,371.7666321,0.2205109,0.020111371,0.309926242,40.92264175,50.25955582,0.071376152,4.259557247,213.335022,0.57028836,-1135.739558,-1309.989323,RufousTailedHawk,15
1726,NA,NA,NA,0,0,0,0,0,0,0,0,0,0,NA,NA,NA,120,55,45,60,45,60,8,57,60,10,NA,NA,NA,11,14,9,17,14,14,8,17,17,17,NA,NA,NA,1,2,2,4,1,1,1,1,1,1,4.265752792,NA,NA,NA,258,13,14,3,343,276,294,312,271,270,NA,NA,NA,4,5,6,7,8,9,10,11,12,13,10.02141857,391.8936768,0,5.550138474,1.857512951,41.06858444,36.29896545,0.847864866,2.203882217,108.3811264,-0.491672933,-1120.739558,-1309.989323,RufousTailedHawk,15
1727,NA,NA,NA,0,NA,NA,NA,0,0,0,0,0,0,NA,NA,NA,40,NA,NA,NA,56,30,30,16,42,19,NA,NA,NA,10,NA,NA,NA,13,18,11,18,13,9,NA,NA,NA,2,NA,NA,NA,1,1,1,1,1,1,4.986833572,NA,NA,NA,49,NA,NA,NA,294,267,277,326,342,310,NA,NA,NA,4,NA,NA,NA,8,9,10,11,12,13,10.65455341,401.5402222,0.040055849,4.847220421,2.018323660,33.60227585,28.45295715,0.245827168,2.850281239,36.61592865,-0.0670802,-1105.739558,-1309.989323,RufousTailedHawk,15
1731,NA,NA,NA,NA,NA,NA,NA,NA,0,NA,0,0,0,NA,NA,NA,NA,NA,NA,NA,NA,5,NA,120,16,37,NA,NA,NA,NA,NA,NA,NA,NA,15,NA,11,22,8,NA,NA,NA,NA,NA,NA,NA,NA,2,NA,4,1,1,5.143323421,NA,NA,NA,NA,NA,NA,NA,NA,41,NA,52,316,32,NA,NA,NA,NA,NA,NA,NA,NA,9,NA,11,12,13,8.51712513,305.4203796,1.115309119,2.246088743,1.678807735,41.48973846,21.51276779,6.63258028,13.19274235,521.7733154,-1.506938934,-1015.739558,-1309.989323,RufousTailedHawk,15
1733,NA,NA,NA,NA,NA,NA,0,NA,0,NA,NA,NA,0,NA,NA,NA,NA,NA,NA,1,NA,60,NA,NA,NA,23,NA,NA,NA,NA,NA,NA,14,NA,9,NA,NA,NA,14,NA,NA,NA,NA,NA,NA,6,NA,2,NA,NA,NA,1,8.602322578,NA,NA,NA,NA,NA,NA,332,NA,46,NA,NA,NA,348,NA,NA,NA,NA,NA,NA,7,NA,9,NA,NA,NA,13,6.011177063,206.9950409,4.06958437,6.386459827,4.580863953,31.62858772,16.40932655,11.5792284,11.38717175,1033.684814,1.538287282,-985.7395576,-1309.989323,RufousTailedHawk,15
1734,NA,NA,NA,0,NA,NA,0,0,0,0,0,0,0,NA,NA,NA,30,NA,NA,60,50,120,60,4,157,12,NA,NA,NA,11,NA,NA,9,12,7,17,19,12,15,NA,NA,NA,2,NA,NA,1,1,3,1,1,3,1,3.152290821,NA,NA,NA,35,NA,NA,332,365,50,336,334,331,347,NA,NA,NA,4,NA,NA,7,8,9,10,11,12,13,7.398874283,201.2112122,2.805253744,10.38745689,5.232616425,36.33166885,25.67604256,7.721669674,9.999299049,820.2039795,-3.980159044,-970.7395576,-1309.989323,RufousTailedHawk,15
1735,NA,NA,NA,NA,NA,NA,0,NA,0,NA,0,0,0,NA,NA,NA,NA,NA,NA,120,NA,45,NA,40,80,10,NA,NA,NA,NA,NA,NA,15,NA,13,NA,14,19,19,NA,NA,NA,NA,NA,NA,2,NA,1,NA,1,1,1,4.351215839,NA,NA,NA,NA,NA,NA,343,NA,49,NA,50,53,337,NA,NA,NA,NA,NA,NA,7,NA,9,NA,11,12,13,6.842630386,149.8570557,5.107532978,5.333689213,9.916702271,31.24036026,21.0108757,10.58638668,14.8691864,962.6077881,2.735024691,-955.7395576,-1309.989323,RufousTailedHawk,15
1736,NA,NA,NA,NA,NA,NA,NA,0,0,NA,0,0,0,NA,NA,NA,NA,NA,NA,NA,60,58,NA,60,11,46,NA,NA,NA,NA,NA,NA,NA,10,16,NA,10,18,17,NA,NA,NA,NA,NA,NA,NA,2,1,NA,1,1,1,2.669958353,NA,NA,NA,NA,NA,NA,NA,304,15,NA,58,353,307,NA,NA,NA,NA,NA,NA,NA,8,9,NA,11,12,13,8.689744949,133.9452209,2.727526188,11.89645863,16.923561100,24.55168724,15.82879925,19.19401741,8.807323456,627.6517944,-0.55296874,-940.7395576,-1309.989323,RufousTailedHawk,15
1737,NA,NA,NA,NA,NA,NA,NA,NA,NA,NA,NA,0,0,NA,NA,NA,NA,NA,NA,NA,NA,NA,NA,NA,6,12,NA,NA,NA,NA,NA,NA,NA,NA,NA,NA,NA,15,17,NA,NA,NA,NA,NA,NA,NA,NA,NA,NA,NA,1,1,8.092890739,NA,NA,NA,NA,NA,NA,NA,NA,NA,NA,NA,339,331,NA,NA,NA,NA,NA,NA,NA,NA,NA,NA,NA,12,13,6.807253838,86.87709045,4.748003006,4.243582249,11.150825500,26.05633354,13.85800838,18.28499222,17.89572716,1025.826538,0.347786039,-925.7395576,-1309.989323,RufousTailedHawk,15
1741,NA,NA,NA,NA,NA,NA,NA,NA,0,0,NA,NA,NA,NA,NA,NA,NA,NA,NA,NA,NA,120,120,NA,NA,NA,NA,NA,NA,NA,NA,NA,NA,NA,10,18,NA,NA,NA,NA,NA,NA,NA,NA,NA,NA,NA,1,1,NA,NA,NA,33.84509277,NA,NA,NA,NA,NA,NA,NA,NA,2,363,NA,NA,NA,NA,NA,NA,NA,NA,NA,NA,NA,9,10,NA,NA,NA,8.241660118,365.0166626,0.726310611,0,0.532352388,24.16355896,55.58472061,0.013952757,15.57843018,202.3388519,0.07977324,-1150.739558,-1324.989323,RufousTailedHawk,15
1743,NA,NA,NA,NA,NA,NA,NA,NA,NA,NA,0,NA,NA,NA,NA,NA,NA,NA,NA,NA,NA,NA,NA,60,NA,NA,NA,NA,NA,NA,NA,NA,NA,NA,NA,NA,7,NA,NA,NA,NA,NA,NA,NA,NA,NA,NA,NA,NA,1,NA,NA,15.0818491,NA,NA,NA,NA,NA,NA,NA,NA,NA,NA,354,NA,NA,NA,NA,NA,NA,NA,NA,NA,NA,NA,NA,11,NA,NA,9.299189568,402.4812012,0,1.54458797,1.334843040,47.22669601,42.36166,0.000576398,3.202382088,165.9959717,0.715877652,-1120.739558,-1324.989323,RufousTailedHawk,15
1749,NA,NA,NA,NA,NA,NA,NA,NA,NA,0,0,0,0,NA,NA,NA,NA,NA,NA,NA,NA,NA,2,70,89,83,NA,NA,NA,NA,NA,NA,NA,NA,NA,19,17,15,15,NA,NA,NA,NA,NA,NA,NA,NA,NA,1,4,1,1,15.46981812,NA,NA,NA,NA,NA,NA,NA,NA,NA,284,51,277,59,NA,NA,NA,NA,NA,NA,NA,NA,NA,10,11,12,13,6.770749569,287.802124,3.384910345,3.976459742,1.818202972,34.47533417,18.60392952,8.828699112,8.086759567,822.5765381,4.459139824,-1015.739558,-1324.989323,RufousTailedHawk,15
1751,NA,NA,NA,NA,NA,NA,NA,NA,NA,NA,NA,NA,0,NA,NA,NA,NA,NA,NA,NA,NA,NA,NA,NA,NA,60,NA,NA,NA,NA,NA,NA,NA,NA,NA,NA,NA,NA,10,NA,NA,NA,NA,NA,NA,NA,NA,NA,NA,NA,NA,1,15.17402077,NA,NA,NA,NA,NA,NA,NA,NA,NA,NA,NA,NA,24,NA,NA,NA,NA,NA,NA,NA,NA,NA,NA,NA,NA,13,6.901627064,227.5684357,2.891182661,7.324041367,3.640818596,36.09814835,26.58284187,9.442871094,7.994591236,860.0479736,-2.409674644,-985.7395576,-1324.989323,RufousTailedHawk,15
1752,NA,NA,NA,NA,NA,NA,0,0,0,NA,NA,NA,NA,NA,NA,NA,NA,NA,NA,90,240,35,NA,NA,NA,NA,NA,NA,NA,NA,NA,NA,17,17,17,NA,NA,NA,NA,NA,NA,NA,NA,NA,NA,1,1,1,NA,NA,NA,NA,14.54050827,NA,NA,NA,NA,NA,NA,43,42,44,NA,NA,NA,NA,NA,NA,NA,NA,NA,NA,7,8,9,NA,NA,NA,NA,5.472708225,169.6904144,4.829343319,6.012898922,5.070464611,34.82882309,19.62722588,12.9000864,13.91058254,1165.587158,4.523665428,-970.7395576,-1324.989323,RufousTailedHawk,15
1754,NA,NA,NA,NA,0,NA,NA,NA,NA,NA,NA,NA,NA,NA,NA,NA,NA,240,NA,NA,NA,NA,NA,NA,NA,NA,NA,NA,NA,NA,11,NA,NA,NA,NA,NA,NA,NA,NA,NA,NA,NA,NA,1,NA,NA,NA,NA,NA,NA,NA,NA,3.718159437,NA,NA,NA,NA,26,NA,NA,NA,NA,NA,NA,NA,NA,NA,NA,NA,NA,5,NA,NA,NA,NA,NA,NA,NA,NA,7.406435013,121.4951401,5.762182236,3.048028469,12.109777450,32.58430481,24.39363861,15.680439,6.06383276,855.9716797,0.143016964,-940.7395576,-1324.989323,RufousTailedHawk,15
1758,NA,NA,0,NA,NA,NA,0,NA,NA,NA,NA,NA,0,NA,NA,150,NA,NA,NA,240,NA,NA,NA,NA,NA,11,NA,NA,8,NA,NA,NA,11,NA,NA,NA,NA,NA,15,NA,NA,2,NA,NA,NA,3,NA,NA,NA,NA,NA,1,51.30769348,NA,NA,263,NA,NA,NA,246,NA,NA,NA,NA,NA,322,NA,NA,3,NA,NA,NA,7,NA,NA,NA,NA,NA,13,8.043226242,347.3553162,0,0.301776379,0.416773230,51.73003769,44.90958023,0,1.54282558,92.06993103,-0.151709169,-1165.739558,-1339.989323,RufousTailedHawk,15
1759,NA,0,NA,NA,NA,NA,NA,NA,NA,NA,NA,0,0,NA,120,NA,NA,NA,NA,NA,NA,NA,NA,NA,180,90,NA,17,NA,NA,NA,NA,NA,NA,NA,NA,NA,18,19,NA,4,NA,NA,NA,NA,NA,NA,NA,NA,NA,2,1,39.82303238,NA,46,NA,NA,NA,NA,NA,NA,NA,NA,NA,16,48,NA,2,NA,NA,NA,NA,NA,NA,NA,NA,NA,12,13,8.726688385,378.9459229,0.135754272,0.137821317,0.710833430,43.67172241,41.91902542,0.4317545,8.609283447,64.08776093,0.213414058,-1150.739558,-1339.989323,RufousTailedHawk,15
1766,NA,NA,NA,0,NA,NA,NA,NA,0,0,NA,0,0,NA,NA,NA,60,NA,NA,NA,NA,224,98,NA,32,4,NA,NA,NA,12,NA,NA,NA,NA,7,18,NA,16,19,NA,NA,NA,2,NA,NA,NA,NA,1,2,NA,1,1,30.17616272,NA,NA,NA,36,NA,NA,NA,NA,39,16,NA,316,305,NA,NA,NA,4,NA,NA,NA,NA,9,10,NA,12,13,6.260313988,284.5133057,5.207591057,2.202496052,1.688419342,30.52246094,16.49082375,7.986093998,9.276147842,895.4898682,0.585465252,-1015.739558,-1339.989323,RufousTailedHawk,15
1767,NA,NA,NA,NA,NA,NA,NA,NA,NA,NA,NA,0,0,NA,NA,NA,NA,NA,NA,NA,NA,NA,NA,NA,44,10,NA,NA,NA,NA,NA,NA,NA,NA,NA,NA,NA,8,13,NA,NA,NA,NA,NA,NA,NA,NA,NA,NA,NA,2,1,32.66305923,NA,NA,NA,NA,NA,NA,NA,NA,NA,NA,NA,9,310,NA,NA,NA,NA,NA,NA,NA,NA,NA,NA,NA,12,13,6.885735989,261.4284668,6.033354759,1.351101875,3.001622915,32.39365387,11.07344246,11.0842638,7.643703461,827.7133789,-0.832144976,-1000.739558,-1339.989323,RufousTailedHawk,15
1768,NA,NA,NA,0,NA,NA,0,NA,0,NA,NA,NA,0,NA,NA,NA,30,NA,NA,10,NA,11,NA,NA,NA,165,NA,NA,NA,13,NA,NA,13,NA,14,NA,NA,NA,16,NA,NA,NA,2,NA,NA,2,NA,2,NA,NA,NA,3,25.49400139,NA,NA,NA,36,NA,NA,327,NA,41,NA,NA,NA,57,NA,NA,NA,4,NA,NA,7,NA,9,NA,NA,NA,13,6.897658348,228.9029236,1.895149827,4.43919611,3.398337126,42.09799576,23.91439056,7.189187527,12.8410387,844.2747192,2.281900167,-985.7395576,-1339.989323,RufousTailedHawk,15
1771,NA,NA,NA,NA,NA,0,NA,NA,NA,NA,NA,NA,NA,NA,NA,NA,NA,NA,33,NA,NA,NA,NA,NA,NA,NA,NA,NA,NA,NA,NA,18,NA,NA,NA,NA,NA,NA,NA,NA,NA,NA,NA,NA,2,NA,NA,NA,NA,NA,NA,NA,2.297604561,NA,NA,NA,NA,NA,10,NA,NA,NA,NA,NA,NA,NA,NA,NA,NA,NA,NA,6,NA,NA,NA,NA,NA,NA,NA,8.451470375,136.1747284,4.82752037,8.266942978,11.978544240,36.07175446,22.03916931,9.863245964,6.061672688,654.9195557,-3.884896278,-940.7395576,-1339.989323,RufousTailedHawk,15
1782,NA,NA,NA,NA,NA,NA,NA,NA,NA,NA,NA,0,0,NA,NA,NA,NA,NA,NA,NA,NA,NA,NA,NA,29,5,NA,NA,NA,NA,NA,NA,NA,NA,NA,NA,NA,13,11,NA,NA,NA,NA,NA,NA,NA,NA,NA,NA,NA,1,2,37.75084305,NA,NA,NA,NA,NA,NA,NA,NA,NA,NA,NA,309,310,NA,NA,NA,NA,NA,NA,NA,NA,NA,NA,NA,12,13,5.793870926,246.2416687,6.166984081,1.408765554,1.425797939,36.08628082,13.60767937,9.794681549,9.193423271,1018.907593,2.035181761,-1000.739558,-1354.989323,RufousTailedHawk,15
1783,NA,NA,NA,NA,NA,NA,NA,NA,0,NA,0,NA,NA,NA,NA,NA,NA,NA,NA,NA,NA,36,NA,14,NA,NA,NA,NA,NA,NA,NA,NA,NA,NA,12,NA,16,NA,NA,NA,NA,NA,NA,NA,NA,NA,NA,2,NA,1,NA,NA,23.43356705,NA,NA,NA,NA,NA,NA,NA,NA,41,NA,333,NA,NA,NA,NA,NA,NA,NA,NA,NA,NA,9,NA,11,NA,NA,7.947785378,246.7667847,0.547904968,7.321287632,3.353694201,44.94915009,33.31428146,2.934096098,6.610099316,640.4222412,-3.942165613,-985.7395576,-1354.989323,RufousTailedHawk,15
1784,NA,NA,NA,0,NA,NA,NA,NA,0,NA,0,0,NA,NA,NA,NA,60,NA,NA,NA,NA,6,NA,120,120,NA,NA,NA,NA,19,NA,NA,NA,NA,19,NA,11,22,NA,NA,NA,NA,2,NA,NA,NA,NA,2,NA,3,1,NA,9.671943665,NA,NA,NA,36,NA,NA,NA,NA,40,NA,284,5,NA,NA,NA,NA,4,NA,NA,NA,NA,9,NA,11,12,NA,7.495715141,201.7415161,1.894735575,11.27821159,5.101950169,39.10264969,27.7095356,6.384542465,7.743754387,767.4868774,2.281210661,-970.7395576,-1354.989323,RufousTailedHawk,15
1785,NA,NA,NA,NA,NA,NA,NA,0,0,NA,0,0,NA,NA,NA,NA,NA,NA,NA,NA,90,5,NA,60,30,NA,NA,NA,NA,NA,NA,NA,NA,10,14,NA,12,8,NA,NA,NA,NA,NA,NA,NA,NA,3,2,NA,2,1,NA,4.07374239,NA,NA,NA,NA,NA,NA,NA,5,40,NA,296,6,NA,NA,NA,NA,NA,NA,NA,NA,8,9,NA,11,12,NA,7.779392719,168.3508148,0.485416383,9.342422485,9.981840134,34.21546936,30.86946487,9.339727402,5.535264492,725.5593872,-3.152770042,-955.7395576,-1354.989323,RufousTailedHawk,15
1789,NA,NA,NA,NA,0,NA,NA,NA,NA,NA,NA,NA,NA,NA,NA,NA,NA,20,NA,NA,NA,NA,NA,NA,NA,NA,NA,NA,NA,NA,13,NA,NA,NA,NA,NA,NA,NA,NA,NA,NA,NA,NA,1,NA,NA,NA,NA,NA,NA,NA,NA,97.80879974,NA,NA,NA,NA,354,NA,NA,NA,NA,NA,NA,NA,NA,NA,NA,NA,NA,5,NA,NA,NA,NA,NA,NA,NA,NA,6.944288731,275.6967163,0,8.930203438,0.000000000,45.32945251,40.49120712,1.644537687,0.932059228,163.2270355,0.126942202,-1210.739558,-1369.989323,RufousTailedHawk,15
1793,NA,NA,NA,NA,0,NA,NA,NA,NA,NA,NA,0,NA,NA,NA,NA,NA,60,NA,NA,NA,NA,NA,NA,10,NA,NA,NA,NA,NA,13,NA,NA,NA,NA,NA,NA,10,NA,NA,NA,NA,NA,1,NA,NA,NA,NA,NA,NA,1,NA,63.46455383,NA,NA,NA,NA,280,NA,NA,NA,NA,NA,NA,344,NA,NA,NA,NA,NA,5,NA,NA,NA,NA,NA,NA,12,NA,8.874518394,399.9576416,0,4.74101305,0.210212365,47.88772964,27.50297546,1.8756423,8.891341209,321.0344543,-0.282355368,-1045.739558,-1369.989323,RufousTailedHawk,15
1795,NA,NA,NA,NA,NA,NA,NA,NA,NA,NA,NA,NA,0,NA,NA,NA,NA,NA,NA,NA,NA,NA,NA,NA,NA,25,NA,NA,NA,NA,NA,NA,NA,NA,NA,NA,NA,NA,17,NA,NA,NA,NA,NA,NA,NA,NA,NA,NA,NA,NA,2,51.17653656,NA,NA,NA,NA,NA,NA,NA,NA,NA,NA,NA,NA,332,NA,NA,NA,NA,NA,NA,NA,NA,NA,NA,NA,NA,13,6.023069859,285.7445679,3.883281231,3.383219481,1.972563386,36.9223671,23.29240608,7.666692734,12.63193893,916.4576416,-2.89890933,-1015.739558,-1369.989323,RufousTailedHawk,15
1796,NA,NA,NA,NA,NA,NA,NA,0,NA,NA,NA,NA,0,NA,NA,NA,NA,NA,NA,NA,30,NA,NA,NA,NA,69,NA,NA,NA,NA,NA,NA,NA,10,NA,NA,NA,NA,14,NA,NA,NA,NA,NA,NA,NA,1,NA,NA,NA,NA,2,40.36433792,NA,NA,NA,NA,NA,NA,NA,289,NA,NA,NA,NA,289,NA,NA,NA,NA,NA,NA,NA,8,NA,NA,NA,NA,13,7.64073801,282.5291748,3.225012779,3.152607918,2.109403133,43.85138702,24.60993004,6.08751297,11.47397232,644.5657959,-3.231877565,-1000.739558,-1369.989323,RufousTailedHawk,15
1798,NA,NA,NA,NA,NA,NA,NA,0,NA,NA,NA,NA,NA,NA,NA,NA,NA,NA,NA,NA,60,NA,NA,NA,NA,NA,NA,NA,NA,NA,NA,NA,NA,14,NA,NA,NA,NA,NA,NA,NA,NA,NA,NA,NA,NA,4,NA,NA,NA,NA,NA,17.02148247,NA,NA,NA,NA,NA,NA,NA,7,NA,NA,NA,NA,NA,NA,NA,NA,NA,NA,NA,NA,8,NA,NA,NA,NA,NA,5.637490273,177.3845673,3.750091553,4.722576618,5.281391144,32.01196671,16.99844551,12.96294308,13.26513672,1081.923462,2.485395193,-970.7395576,-1369.989323,RufousTailedHawk,15
1809,NA,NA,NA,NA,NA,0,NA,0,0,NA,0,0,0,NA,NA,NA,NA,NA,182,NA,1,120,NA,45,31,6,NA,NA,NA,NA,NA,18,NA,7,15,NA,19,21,14,NA,NA,NA,NA,NA,2,NA,5,1,NA,2,1,2,55.86311722,NA,NA,NA,NA,NA,42,NA,9,285,NA,363,339,361,NA,NA,NA,NA,NA,6,NA,8,9,NA,11,12,13,9.149648666,450.9167786,0,3.450787306,0.387621164,37.064785,22.683424,1.723775744,7.741078854,178.1496735,-0.926348686,-1060.739558,-1384.989323,RufousTailedHawk,15
1810,NA,NA,NA,NA,NA,NA,NA,0,NA,NA,NA,NA,NA,NA,NA,NA,NA,NA,NA,NA,1,NA,NA,NA,NA,NA,NA,NA,NA,NA,NA,NA,NA,19,NA,NA,NA,NA,NA,NA,NA,NA,NA,NA,NA,NA,9,NA,NA,NA,NA,NA,56.35056305,NA,NA,NA,NA,NA,NA,NA,9,NA,NA,NA,NA,NA,NA,NA,NA,NA,NA,NA,NA,8,NA,NA,NA,NA,NA,8.823894501,406.8380432,0,4.743492126,0.096857548,41.6857338,24.75979424,1.554246426,9.029315948,283.5652161,-2.075693369,-1045.739558,-1384.989323,RufousTailedHawk,15
1813,NA,NA,NA,NA,NA,NA,NA,NA,NA,NA,NA,0,NA,NA,NA,NA,NA,NA,NA,NA,NA,NA,NA,NA,21,NA,NA,NA,NA,NA,NA,NA,NA,NA,NA,NA,NA,21,NA,NA,NA,NA,NA,NA,NA,NA,NA,NA,NA,NA,1,NA,37.02244568,NA,NA,NA,NA,NA,NA,NA,NA,NA,NA,NA,279,NA,NA,NA,NA,NA,NA,NA,NA,NA,NA,NA,NA,12,NA,7.262206554,280.1184387,3.013010979,2.680033207,2.055333853,44.12292099,22.47559738,6.306517124,9.765882492,702.8258057,0.264461994,-1000.739558,-1384.989323,RufousTailedHawk,15
1814,NA,NA,NA,NA,NA,NA,NA,0,NA,NA,NA,NA,NA,NA,NA,NA,NA,NA,NA,NA,300,NA,NA,NA,NA,NA,NA,NA,NA,NA,NA,NA,NA,17,NA,NA,NA,NA,NA,NA,NA,NA,NA,NA,NA,NA,1,NA,NA,NA,NA,NA,35.15865326,NA,NA,NA,NA,NA,NA,NA,10,NA,NA,NA,NA,NA,NA,NA,NA,NA,NA,NA,NA,8,NA,NA,NA,NA,NA,5.514492512,214.1656799,6.706161022,1.933971286,2.097305536,34.9712677,17.68530464,11.31834507,11.35449028,1047.187378,2.060683012,-985.7395576,-1384.989323,RufousTailedHawk,15
1815,NA,NA,NA,NA,NA,NA,NA,0,NA,NA,NA,NA,NA,NA,NA,NA,NA,NA,NA,NA,180,NA,NA,NA,NA,NA,NA,NA,NA,NA,NA,NA,NA,10,NA,NA,NA,NA,NA,NA,NA,NA,NA,NA,NA,NA,1,NA,NA,NA,NA,NA,28.92614555,NA,NA,NA,NA,NA,NA,NA,8,NA,NA,NA,NA,NA,NA,NA,NA,NA,NA,NA,NA,8,NA,NA,NA,NA,NA,4.481877327,164.9126282,8.949304581,2.689743042,6.687405586,24.0949173,13.36520195,16.22001266,12.51632881,1266.817871,-1.530624032,-970.7395576,-1384.989323,RufousTailedHawk,15
1817,NA,NA,NA,NA,NA,NA,NA,NA,NA,NA,NA,0,NA,NA,NA,NA,NA,NA,NA,NA,NA,NA,NA,NA,114,NA,NA,NA,NA,NA,NA,NA,NA,NA,NA,NA,NA,13,NA,NA,NA,NA,NA,NA,NA,NA,NA,NA,NA,NA,1,NA,8.54811573,NA,NA,NA,NA,NA,NA,NA,NA,NA,NA,NA,56,NA,NA,NA,NA,NA,NA,NA,NA,NA,NA,NA,NA,12,NA,5.883430958,104.7379074,3.59995985,2.158847809,8.349727631,21.50590134,12.24388695,10.93867397,8.887783051,1092.013916,-1.583663225,-940.7395576,-1384.989323,RufousTailedHawk,15
1821,NA,NA,NA,NA,NA,NA,NA,0,NA,NA,NA,NA,NA,NA,NA,NA,NA,NA,NA,NA,80,NA,NA,NA,NA,NA,NA,NA,NA,NA,NA,NA,NA,10,NA,NA,NA,NA,NA,NA,NA,NA,NA,NA,NA,NA,1,NA,NA,NA,NA,NA,87.25795746,NA,NA,NA,NA,NA,NA,NA,325,NA,NA,NA,NA,NA,NA,NA,NA,NA,NA,NA,NA,8,NA,NA,NA,NA,NA,8.582148552,473.0608826,0.407243341,0.273302168,3.342715979,36.8432579,22.6240139,4.315910339,6.657646179,98.91960144,0.447449565,-1135.739558,-1399.989323,RufousTailedHawk,15
1822,NA,NA,NA,NA,NA,NA,NA,0,NA,0,NA,0,0,NA,NA,NA,NA,NA,NA,NA,60,NA,16,NA,10,25,NA,NA,NA,NA,NA,NA,NA,11,NA,19,NA,14,13,NA,NA,NA,NA,NA,NA,NA,2,NA,1,NA,1,1,87.25795746,NA,NA,NA,NA,NA,NA,NA,5,NA,9,NA,342,290,NA,NA,NA,NA,NA,NA,NA,8,NA,10,NA,12,13,8.582148552,473.0608826,0.407243341,0.273302168,3.342715979,36.8432579,22.6240139,4.315910339,6.657646179,98.91960144,0.447449565,-1120.739558,-1399.989323,RufousTailedHawk,15
1825,NA,NA,NA,NA,NA,NA,NA,NA,0,NA,NA,0,NA,NA,NA,NA,NA,NA,NA,NA,NA,145,NA,NA,65,NA,NA,NA,NA,NA,NA,NA,NA,NA,10,NA,NA,6,NA,NA,NA,NA,NA,NA,NA,NA,NA,2,NA,NA,1,NA,55.86311722,NA,NA,NA,NA,NA,NA,NA,NA,45,NA,NA,343,NA,NA,NA,NA,NA,NA,NA,NA,NA,9,NA,NA,12,NA,9.149648666,450.9167786,0,3.450787306,0.387621164,37.064785,22.683424,1.723775744,7.741078854,178.1496735,-0.926348686,-1060.739558,-1399.989323,RufousTailedHawk,15
1827,NA,NA,NA,NA,NA,NA,NA,NA,NA,NA,NA,NA,0,NA,NA,NA,NA,NA,NA,NA,NA,NA,NA,NA,NA,5,NA,NA,NA,NA,NA,NA,NA,NA,NA,NA,NA,NA,11,NA,NA,NA,NA,NA,NA,NA,NA,NA,NA,NA,NA,1,35.4186058,NA,NA,NA,NA,NA,NA,NA,NA,NA,NA,NA,NA,311,NA,NA,NA,NA,NA,NA,NA,NA,NA,NA,NA,NA,13,7.937085629,366.4876404,0.564772129,4.321838379,1.118911624,47.66372299,28.78521729,2.807100058,12.27078819,498.0191345,-1.000048995,-1030.739558,-1399.989323,RufousTailedHawk,15
1828,NA,0,NA,0,NA,0,NA,0,NA,0,0,0,0,NA,180,NA,120,NA,120,NA,10,NA,12,20,35,5,NA,14,NA,17,NA,7,NA,9,NA,11,17,9,11,NA,1,NA,2,NA,2,NA,3,NA,1,2,2,1,25.73773956,NA,53,NA,341,NA,297,NA,262,NA,365,363,42,311,NA,2,NA,4,NA,6,NA,8,NA,10,11,12,13,8.992500305,352.7637939,0.032466624,7.780333519,2.260616541,46.81164169,36.08242035,1.333480716,5.064404488,310.8349609,-2.558169603,-1015.739558,-1399.989323,RufousTailedHawk,15
1829,NA,NA,NA,0,NA,NA,NA,0,NA,NA,0,0,NA,NA,NA,NA,45,NA,NA,NA,3,NA,NA,30,90,NA,NA,NA,NA,16,NA,NA,NA,17,NA,NA,11,15,NA,NA,NA,NA,1,NA,NA,NA,2,NA,NA,2,1,NA,22.32554054,NA,NA,NA,24,NA,NA,NA,56,NA,NA,52,14,NA,NA,NA,NA,4,NA,NA,NA,8,NA,NA,11,12,NA,8.6206007,307.15802,0.036580753,7.871057987,2.667371511,44.35097885,29.37954903,2.720102072,6.531682968,409.0256348,-1.077010632,-1000.739558,-1399.989323,RufousTailedHawk,15
1842,NA,NA,NA,NA,NA,NA,NA,0,NA,NA,NA,0,NA,NA,NA,NA,NA,NA,NA,NA,6,NA,NA,NA,5,NA,NA,NA,NA,NA,NA,NA,NA,7,NA,NA,NA,9,NA,NA,NA,NA,NA,NA,NA,NA,1,NA,NA,NA,1,NA,66.00427246,NA,NA,NA,NA,NA,NA,NA,12,NA,NA,NA,280,NA,NA,NA,NA,NA,NA,NA,NA,8,NA,NA,NA,12,NA,8.807728767,464.4460754,0,0.233374923,0.163603753,32.42238235,15.79804897,1.164322615,10.56489086,216.1897736,1.620833039,-1075.739558,-1414.989323,RufousTailedHawk,15
1843,NA,NA,NA,NA,0,0,NA,NA,NA,0,NA,0,NA,NA,NA,NA,NA,20,100,NA,NA,NA,30,NA,68,NA,NA,NA,NA,NA,7,19,NA,NA,NA,11,NA,6,NA,NA,NA,NA,NA,1,1,NA,NA,NA,1,NA,2,NA,47.25979233,NA,NA,NA,NA,276,42,NA,NA,NA,269,NA,342,NA,NA,NA,NA,NA,5,6,NA,NA,NA,10,NA,12,NA,8.541009903,448.4728088,0,2.944040775,0.241608337,43.35787964,30.9737072,1.765792251,6.207636356,288.8193359,-2.638970613,-1060.739558,-1414.989323,RufousTailedHawk,15
1846,NA,NA,NA,NA,NA,NA,NA,0,NA,NA,NA,NA,0,NA,NA,NA,NA,NA,NA,NA,4,NA,NA,NA,NA,5,NA,NA,NA,NA,NA,NA,NA,14,NA,NA,NA,NA,19,NA,NA,NA,NA,NA,NA,NA,2,NA,NA,NA,NA,1,14.47817039,NA,NA,NA,NA,NA,NA,NA,54,NA,NA,NA,NA,59,NA,NA,NA,NA,NA,NA,NA,8,NA,NA,NA,NA,13,6.825148582,316.8048401,0.421043128,6.930772781,1.971258879,44.73252869,33.05066299,3.666878223,7.862894058,707.0223389,-3.476760864,-1015.739558,-1414.989323,RufousTailedHawk,15
1848,NA,NA,NA,NA,NA,NA,NA,0,NA,NA,NA,NA,NA,NA,NA,NA,NA,NA,NA,NA,2,NA,NA,NA,NA,NA,NA,NA,NA,NA,NA,NA,NA,12,NA,NA,NA,NA,NA,NA,NA,NA,NA,NA,NA,NA,2,NA,NA,NA,NA,NA,17.3996067,NA,NA,NA,NA,NA,NA,NA,56,NA,NA,NA,NA,NA,NA,NA,NA,NA,NA,NA,NA,8,NA,NA,NA,NA,NA,6.988521576,246.5415955,3.042785406,3.160418034,1.290392041,44.74458313,23.38737297,7.756677628,13.3412056,721.5471802,-1.294357538,-985.7395576,-1414.989323,RufousTailedHawk,15
1851,NA,NA,NA,NA,NA,NA,NA,0,NA,NA,NA,NA,0,NA,NA,NA,NA,NA,NA,NA,120,NA,NA,NA,NA,10,NA,NA,NA,NA,NA,NA,NA,17,NA,NA,NA,NA,18,NA,NA,NA,NA,NA,NA,NA,1,NA,NA,NA,NA,1,5.531023979,NA,NA,NA,NA,NA,NA,NA,29,NA,NA,NA,NA,32,NA,NA,NA,NA,NA,NA,NA,8,NA,NA,NA,NA,13,7.659879208,117.7067947,4.015708447,4.626304626,13.822471620,31.84687996,21.96106529,12.16978455,9.152763367,719.3833618,-1.248773456,-940.7395576,-1414.989323,RufousTailedHawk,15
1852,NA,NA,NA,NA,NA,NA,NA,NA,NA,NA,NA,0,NA,NA,NA,NA,NA,NA,NA,NA,NA,NA,NA,NA,110,NA,NA,NA,NA,NA,NA,NA,NA,NA,NA,NA,NA,18,NA,NA,NA,NA,NA,NA,NA,NA,NA,NA,NA,NA,1,NA,3.461528063,NA,NA,NA,NA,NA,NA,NA,NA,NA,NA,NA,315,NA,NA,NA,NA,NA,NA,NA,NA,NA,NA,NA,NA,12,NA,7.972487926,87.41571045,17.44455147,6.797691345,4.929972172,22.00330162,3.902360439,19.56550789,24.53416824,716.52771,-1.854498744,-925.7395576,-1414.989323,RufousTailedHawk,15
1857,NA,NA,NA,NA,NA,NA,NA,NA,NA,0,NA,NA,NA,NA,NA,NA,NA,NA,NA,NA,NA,NA,16,NA,NA,NA,NA,NA,NA,NA,NA,NA,NA,NA,NA,13,NA,NA,NA,NA,NA,NA,NA,NA,NA,NA,NA,NA,1,NA,NA,NA,101.9431,NA,NA,NA,NA,NA,NA,NA,NA,NA,12,NA,NA,NA,NA,NA,NA,NA,NA,NA,NA,NA,NA,10,NA,NA,NA,8.455011368,501.2310181,0,0.034451943,0.547048390,38.99354172,19.6676693,3.523866415,11.98899746,118.8694534,-0.281342953,-1120.739558,-1429.989323,RufousTailedHawk,15
1864,NA,0,0,NA,NA,NA,NA,0,NA,0,NA,0,0,NA,60,120,NA,NA,NA,NA,15,NA,3,NA,15,23,NA,11,13,NA,NA,NA,NA,13,NA,13,NA,23,19,NA,2,2,NA,NA,NA,NA,2,NA,2,NA,1,2,5.009578228,NA,31,360,NA,NA,NA,NA,53,NA,362,NA,313,59,NA,2,3,NA,NA,NA,NA,8,NA,10,NA,12,13,6.288548946,313.2910767,2.369286776,6.106569767,1.528611898,41.42755127,24.54216385,5.956968307,7.661779881,796.7507324,2.491648912,-1015.739558,-1429.989323,RufousTailedHawk,15
1865,NA,NA,NA,NA,NA,0,NA,NA,NA,NA,NA,NA,NA,NA,NA,NA,NA,NA,60,NA,NA,NA,NA,NA,NA,NA,NA,NA,NA,NA,NA,11,NA,NA,NA,NA,NA,NA,NA,NA,NA,NA,NA,NA,1,NA,NA,NA,NA,NA,NA,NA,6.804762363,NA,NA,NA,NA,NA,303,NA,NA,NA,NA,NA,NA,NA,NA,NA,NA,NA,NA,6,NA,NA,NA,NA,NA,NA,NA,5.679823875,267.3021545,6.031171322,1.569972157,2.856706142,32.88237381,13.92983437,12.52066517,8.186611176,922.0289917,-0.23129192,-1000.739558,-1429.989323,RufousTailedHawk,15
1867,NA,NA,NA,NA,NA,NA,NA,NA,NA,NA,0,NA,NA,NA,NA,NA,NA,NA,NA,NA,NA,NA,NA,2,NA,NA,NA,NA,NA,NA,NA,NA,NA,NA,NA,NA,19,NA,NA,NA,NA,NA,NA,NA,NA,NA,NA,NA,NA,1,NA,NA,4.575395584,NA,NA,NA,NA,NA,NA,NA,NA,NA,NA,12,NA,NA,NA,NA,NA,NA,NA,NA,NA,NA,NA,NA,11,NA,NA,7.16840601,202.2182465,0.501090586,6.789339542,4.664189339,35.95280457,29.84539986,7.545798302,7.7993536,700.951416,0.427853227,-970.7395576,-1429.989323,RufousTailedHawk,15
1868,NA,NA,NA,NA,NA,NA,NA,0,NA,NA,NA,NA,NA,NA,NA,NA,NA,NA,NA,NA,4,NA,NA,NA,NA,NA,NA,NA,NA,NA,NA,NA,NA,8,NA,NA,NA,NA,NA,NA,NA,NA,NA,NA,NA,NA,2,NA,NA,NA,NA,NA,5.467206478,NA,NA,NA,NA,NA,NA,NA,56,NA,NA,NA,NA,NA,NA,NA,NA,NA,NA,NA,NA,8,NA,NA,NA,NA,NA,6.159814358,151.5280914,1.87914145,5.185503483,9.299310684,33.18876266,28.48061562,10.65477371,10.30248833,937.2545776,2.167600632,-955.7395576,-1429.989323,RufousTailedHawk,15
1879,NA,NA,NA,NA,NA,NA,NA,NA,NA,NA,NA,NA,0,NA,NA,NA,NA,NA,NA,NA,NA,NA,NA,NA,NA,30,NA,NA,NA,NA,NA,NA,NA,NA,NA,NA,NA,NA,10,NA,NA,NA,NA,NA,NA,NA,NA,NA,NA,NA,NA,1,27.73143005,NA,NA,NA,NA,NA,NA,NA,NA,NA,NA,NA,NA,278,NA,NA,NA,NA,NA,NA,NA,NA,NA,NA,NA,NA,13,8.697138786,438.8256836,0,1.667309999,0.125941664,38.7569809,25.28855896,1.332764506,6.57254982,256.8751831,-4.164228439,-1045.739558,-1444.989323,RufousTailedHawk,15
1881,NA,NA,NA,0,0,0,NA,0,0,0,NA,0,0,NA,NA,NA,120,120,60,NA,70,68,4,NA,30,5,NA,NA,NA,9,15,13,NA,8,8,20,NA,8,15,NA,NA,NA,2,1,1,NA,1,1,1,NA,1,1,9.019929886,NA,NA,NA,343,285,302,NA,289,40,9,NA,318,309,NA,NA,NA,4,5,6,NA,8,9,10,NA,12,13,6.757213593,333.855835,3.621674538,3.220048428,0.978575051,31.82284737,16.38219452,10.14147854,7.16998148,672.8321533,1.086982131,-1015.739558,-1444.989323,RufousTailedHawk,15
1882,NA,NA,NA,NA,0,NA,NA,NA,0,NA,0,0,NA,NA,NA,NA,NA,15,NA,NA,NA,180,NA,130,180,NA,NA,NA,NA,NA,15,NA,NA,NA,9,NA,14,15,NA,NA,NA,NA,NA,1,NA,NA,NA,2,NA,2,2,NA,16.32993317,NA,NA,NA,NA,47,NA,NA,NA,55,NA,340,58,NA,NA,NA,NA,NA,5,NA,NA,NA,9,NA,11,12,NA,3.778535843,241.3968506,11.94293594,3.623347521,1.969548583,11.66881084,3.803025484,18.12611389,3.42462635,1249.903564,2.29437995,-1000.739558,-1444.989323,RufousTailedHawk,15
1893,NA,NA,NA,NA,NA,NA,NA,NA,NA,NA,0,NA,NA,NA,NA,NA,NA,NA,NA,NA,NA,NA,NA,2,NA,NA,NA,NA,NA,NA,NA,NA,NA,NA,NA,NA,21,NA,NA,NA,NA,NA,NA,NA,NA,NA,NA,NA,NA,1,NA,NA,104.04953,NA,NA,NA,NA,NA,NA,NA,NA,NA,NA,48,NA,NA,NA,NA,NA,NA,NA,NA,NA,NA,NA,NA,11,NA,NA,8.302024841,489.3196716,0,0.159161314,1.620982647,42.59076691,25.08288765,5.676432133,7.211431503,141.9152832,-0.284803331,-1120.739558,-1459.989323,RufousTailedHawk,15
1900,NA,NA,NA,NA,NA,NA,0,0,NA,0,0,NA,0,NA,NA,NA,NA,NA,NA,183,10,NA,152,10,NA,50,NA,NA,NA,NA,NA,NA,11,12,NA,16,11,NA,18,NA,NA,NA,NA,NA,NA,1,1,NA,1,1,NA,1,14.7171936,NA,NA,NA,NA,NA,NA,51,26,NA,289,14,NA,310,NA,NA,NA,NA,NA,NA,7,8,NA,10,11,NA,13,7.08990097,342.2347412,2.291277885,3.350296736,1.710030913,35.5008316,22.9907074,7.945025444,9.510796547,585.5278931,1.595209599,-1015.739558,-1459.989323,RufousTailedHawk,15
1901,NA,NA,NA,NA,NA,NA,NA,NA,NA,NA,0,NA,NA,NA,NA,NA,NA,NA,NA,NA,NA,NA,NA,60,NA,NA,NA,NA,NA,NA,NA,NA,NA,NA,NA,NA,18,NA,NA,NA,NA,NA,NA,NA,NA,NA,NA,NA,NA,1,NA,NA,10.88179016,NA,NA,NA,NA,NA,NA,NA,NA,NA,NA,335,NA,NA,NA,NA,NA,NA,NA,NA,NA,NA,NA,NA,11,NA,NA,4.927065372,263.5331116,8.508742332,2.241564512,2.604107618,22.54717636,9.315181732,17.5196743,8.711859703,1026.651245,-3.556052208,-1000.739558,-1459.989323,RufousTailedHawk,15
1905,0,0,0,0,0,0,NA,NA,0,NA,0,NA,NA,150,85,35,45,90,50,NA,NA,15,NA,210,NA,NA,10,12,10,12,15,18,NA,NA,16,NA,18,NA,NA,1,1,1,1,1,1,NA,NA,3,NA,2,NA,NA,2.289833784,283,304,261,360,262,262,NA,NA,22,NA,298,NA,NA,1,2,3,4,5,6,NA,NA,9,NA,11,NA,NA,6.60172081,119.8039932,1.553983212,2.891516447,15.497495650,33.35264206,20.32094002,12.62282848,13.01041126,859.5172729,0.056359623,-940.7395576,-1459.989323,RufousTailedHawk,15
1919,NA,NA,NA,NA,NA,NA,NA,NA,NA,0,NA,NA,NA,NA,NA,NA,NA,NA,NA,NA,NA,NA,27,NA,NA,NA,NA,NA,NA,NA,NA,NA,NA,NA,NA,8,NA,NA,NA,NA,NA,NA,NA,NA,NA,NA,NA,NA,1,NA,NA,NA,22.42968941,NA,NA,NA,NA,NA,NA,NA,NA,NA,36,NA,NA,NA,NA,NA,NA,NA,NA,NA,NA,NA,NA,10,NA,NA,NA,7.574222088,429.6980286,0.075749047,3.283505917,1.075190902,42.98641586,30.41999817,0.815664053,8.681549072,432.5863037,-3.645160675,-1045.739558,-1474.989323,RufousTailedHawk,15
1920,NA,NA,NA,NA,NA,0,0,0,0,0,0,0,0,NA,NA,NA,NA,NA,98,20,50,120,102,59,25,24,NA,NA,NA,NA,NA,14,10,17,18,11,18,17,7,NA,NA,NA,NA,NA,2,1,1,1,1,1,2,1,4.664566517,NA,NA,NA,NA,NA,296,299,260,3,292,308,350,285,NA,NA,NA,NA,NA,6,7,8,9,10,11,12,13,6.224089622,329.1065369,2.189556599,3.262161255,1.147313714,41.47930908,27.06259918,7.207494259,11.21457481,753.8977051,4.59773922,-1030.739558,-1474.989323,RufousTailedHawk,15
1921,NA,NA,NA,NA,0,NA,0,NA,NA,NA,NA,NA,0,NA,NA,NA,NA,100,NA,120,NA,NA,NA,NA,NA,3,NA,NA,NA,NA,17,NA,14,NA,NA,NA,NA,NA,7,NA,NA,NA,NA,1,NA,2,NA,NA,NA,NA,NA,1,4.664566517,NA,NA,NA,NA,343,NA,365,NA,NA,NA,NA,NA,18,NA,NA,NA,NA,5,NA,7,NA,NA,NA,NA,NA,13,6.224089622,329.1065369,2.189556599,3.262161255,1.147313714,41.47930908,27.06259918,7.207494259,11.21457481,753.8977051,4.59773922,-1015.739558,-1474.989323,RufousTailedHawk,15
1922,NA,NA,NA,NA,NA,NA,NA,0,NA,NA,0,NA,NA,NA,NA,NA,NA,NA,NA,NA,4,NA,NA,60,NA,NA,NA,NA,NA,NA,NA,NA,NA,10,NA,NA,18,NA,NA,NA,NA,NA,NA,NA,NA,NA,2,NA,NA,2,NA,NA,3.948539734,NA,NA,NA,NA,NA,NA,NA,51,NA,NA,335,NA,NA,NA,NA,NA,NA,NA,NA,NA,8,NA,NA,11,NA,NA,6.319058418,291.7090454,3.528746367,2.817495584,1.399335146,39.37979889,23.48227119,10.31014824,11.28219891,735.8897095,-0.362542003,-1000.739558,-1474.989323,RufousTailedHawk,15
1923,NA,NA,NA,NA,NA,NA,NA,0,0,NA,NA,NA,0,NA,NA,NA,NA,NA,NA,NA,112,5,NA,NA,NA,2,NA,NA,NA,NA,NA,NA,NA,11,15,NA,NA,NA,14,NA,NA,NA,NA,NA,NA,NA,2,3,NA,NA,NA,1,3.270838976,NA,NA,NA,NA,NA,NA,NA,31,22,NA,NA,NA,37,NA,NA,NA,NA,NA,NA,NA,8,9,NA,NA,NA,13,6.487970829,246.9122467,2.597021818,3.925719738,1.755478621,42.51803589,27.70582199,8.017608643,11.67517853,745.7637329,-2.688226938,-985.7395576,-1474.989323,RufousTailedHawk,15
1924,NA,NA,NA,NA,NA,NA,NA,NA,0,NA,0,NA,NA,NA,NA,NA,NA,NA,NA,NA,NA,10,NA,20,NA,NA,NA,NA,NA,NA,NA,NA,NA,NA,15,NA,13,NA,NA,NA,NA,NA,NA,NA,NA,NA,NA,3,NA,2,NA,NA,3.743198872,NA,NA,NA,NA,NA,NA,NA,NA,22,NA,29,NA,NA,NA,NA,NA,NA,NA,NA,NA,NA,9,NA,11,NA,NA,6.050120354,194.3753662,1.645022273,3.381144524,5.827887535,40.67950821,31.41942406,6.626440525,9.937492371,862.2213135,0.230894193,-970.7395576,-1474.989323,RufousTailedHawk,15
1925,NA,NA,NA,NA,NA,NA,NA,NA,NA,NA,0,NA,1,NA,NA,NA,NA,NA,NA,NA,NA,NA,NA,20,NA,99,NA,NA,NA,NA,NA,NA,NA,NA,NA,NA,14,NA,11,NA,NA,NA,NA,NA,NA,NA,NA,NA,NA,2,NA,1,4.110889912,NA,NA,NA,NA,NA,NA,NA,NA,NA,NA,29,NA,311,NA,NA,NA,NA,NA,NA,NA,NA,NA,NA,11,NA,13,5.403810978,146.1159363,3.856659412,3.219326973,10.538867950,33.75603104,24.71271133,12.93281937,10.04083157,1016.652161,-1.515663147,-955.7395576,-1474.989323,RufousTailedHawk,15
1941,NA,NA,NA,NA,NA,NA,0,NA,NA,0,0,0,0,NA,NA,NA,NA,NA,NA,195,NA,NA,3,2,10,21,NA,NA,NA,NA,NA,NA,9,NA,NA,19,16,8,17,NA,NA,NA,NA,NA,NA,3,NA,NA,1,2,1,1,8.692763329,NA,NA,NA,NA,NA,NA,296,NA,NA,291,285,248,349,NA,NA,NA,NA,NA,NA,7,NA,NA,10,11,12,13,7.778308868,409.033783,0.401492387,2.962694168,1.609465837,36.27082062,27.12107849,4.44440937,6.168255806,379.3771973,-0.443933398,-1030.739558,-1489.989323,RufousTailedHawk,15
1942,NA,NA,NA,NA,NA,NA,0,NA,0,0,NA,0,0,NA,NA,NA,NA,NA,NA,15,NA,64,3,NA,41,10,NA,NA,NA,NA,NA,NA,19,NA,13,20,NA,14,4,NA,NA,NA,NA,NA,NA,3,NA,2,3,NA,1,1,7.594035149,NA,NA,NA,NA,NA,NA,296,NA,53,324,NA,252,365,NA,NA,NA,NA,NA,NA,7,NA,9,10,NA,12,13,6.901272774,352.5968933,2.775314331,2.575171947,2.197516441,40.93244934,20.6692028,11.31868267,13.79172134,581.3469238,-4.507322311,-1015.739558,-1489.989323,RufousTailedHawk,15
1944,NA,NA,NA,NA,NA,NA,NA,0,NA,NA,0,NA,0,NA,NA,NA,NA,NA,NA,NA,20,NA,NA,45,NA,15,NA,NA,NA,NA,NA,NA,NA,9,NA,NA,18,NA,11,NA,NA,NA,NA,NA,NA,NA,2,NA,NA,2,NA,1,3.646535635,NA,NA,NA,NA,NA,NA,NA,48,NA,NA,250,NA,11,NA,NA,NA,NA,NA,NA,NA,8,NA,NA,11,NA,13,5.531466484,234.2781525,4.542419434,2.842644453,2.925646067,38.81350327,19.1299572,13.02087021,15.65608788,914.9238281,2.09143877,-985.7395576,-1489.989323,RufousTailedHawk,15
1947,NA,NA,NA,NA,NA,0,NA,NA,NA,NA,NA,0,NA,NA,NA,NA,NA,NA,61,NA,NA,NA,NA,NA,120,NA,NA,NA,NA,NA,NA,17,NA,NA,NA,NA,NA,12,NA,NA,NA,NA,NA,NA,2,NA,NA,NA,NA,NA,1,NA,3.715437651,NA,NA,NA,NA,NA,8,NA,NA,NA,NA,NA,283,NA,NA,NA,NA,NA,NA,6,NA,NA,NA,NA,NA,12,NA,5.208667278,108.4917908,1.324132442,0.175037906,14.564731600,28.28094482,23.51126099,9.772301674,7.947041512,1087.957153,-1.632189393,-940.7395576,-1489.989323,RufousTailedHawk,15
1957,NA,NA,NA,NA,0,NA,NA,NA,NA,NA,NA,NA,NA,NA,NA,NA,NA,75,NA,NA,NA,NA,NA,NA,NA,NA,NA,NA,NA,NA,10,NA,NA,NA,NA,NA,NA,NA,NA,NA,NA,NA,NA,1,NA,NA,NA,NA,NA,NA,NA,NA,78.47148132,NA,NA,NA,NA,299,NA,NA,NA,NA,NA,NA,NA,NA,NA,NA,NA,NA,5,NA,NA,NA,NA,NA,NA,NA,NA,8.054680824,496.7120667,0.11263755,0.667902112,1.693424344,38.08315277,21.05507469,1.723604918,12.49945068,213.9467316,0.684124291,-1105.739558,-1504.989323,RufousTailedHawk,15
1960,NA,NA,NA,NA,NA,NA,NA,NA,NA,NA,NA,NA,0,NA,NA,NA,NA,NA,NA,NA,NA,NA,NA,NA,NA,1,NA,NA,NA,NA,NA,NA,NA,NA,NA,NA,NA,NA,16,NA,NA,NA,NA,NA,NA,NA,NA,NA,NA,NA,NA,1,40.46694565,NA,NA,NA,NA,NA,NA,NA,NA,NA,NA,NA,NA,268,NA,NA,NA,NA,NA,NA,NA,NA,NA,NA,NA,NA,13,7.30818367,459.4847717,0.085283019,3.349662542,0.312143952,43.54767227,29.2852993,1.569980741,9.527506828,407.1694946,-2.32036829,-1060.739558,-1504.989323,RufousTailedHawk,15
1965,NA,NA,NA,NA,NA,NA,NA,0,0,NA,0,NA,0,NA,NA,NA,NA,NA,NA,NA,30,10,NA,60,NA,53,NA,NA,NA,NA,NA,NA,NA,16,10,NA,14,NA,12,NA,NA,NA,NA,NA,NA,NA,2,3,NA,1,NA,1,4.630897999,NA,NA,NA,NA,NA,NA,NA,46,23,NA,299,NA,352,NA,NA,NA,NA,NA,NA,NA,8,9,NA,11,NA,13,6.838472366,259.9789734,1.825127244,5.05989027,4.490008354,43.67327118,27.33368874,6.439182758,10.59681797,637.4178467,-3.750215769,-985.7395576,-1504.989323,RufousTailedHawk,15
1966,NA,0,NA,NA,NA,NA,NA,NA,NA,NA,NA,NA,NA,NA,20,NA,NA,NA,NA,NA,NA,NA,NA,NA,NA,NA,NA,8,NA,NA,NA,NA,NA,NA,NA,NA,NA,NA,NA,NA,1,NA,NA,NA,NA,NA,NA,NA,NA,NA,NA,NA,9.825025558,NA,23,NA,NA,NA,NA,NA,NA,NA,NA,NA,NA,NA,NA,2,NA,NA,NA,NA,NA,NA,NA,NA,NA,NA,NA,5.518502712,194.899765,2.444591761,3.023528576,5.742172241,37.22480011,23.76527977,10.60491943,15.46777821,935.8850098,2.00180459,-970.7395576,-1504.989323,RufousTailedHawk,15
1967,NA,NA,NA,NA,0,NA,NA,NA,NA,NA,NA,NA,0,NA,NA,NA,NA,15,NA,NA,NA,NA,NA,NA,NA,55,NA,NA,NA,NA,19,NA,NA,NA,NA,NA,NA,NA,19,NA,NA,NA,NA,1,NA,NA,NA,NA,NA,NA,NA,2,15.37491131,NA,NA,NA,NA,252,NA,NA,NA,NA,NA,NA,NA,363,NA,NA,NA,NA,5,NA,NA,NA,NA,NA,NA,NA,13,4.901343346,143.0131531,1.640969396,2.33323884,12.912037850,32.09132767,32.13813782,8.299315453,9.614878654,1093.306274,0.293472946,-955.7395576,-1504.989323,RufousTailedHawk,15
1986,NA,NA,NA,NA,NA,0,0,0,0,NA,0,0,0,NA,NA,NA,NA,NA,14,60,5,10,NA,10,4,9,NA,NA,NA,NA,NA,9,8,17,13,NA,12,17,12,NA,NA,NA,NA,NA,2,5,1,3,NA,2,1,2,3.708075762,NA,NA,NA,NA,NA,284,51,288,22,NA,357,356,304,NA,NA,NA,NA,NA,6,7,8,9,NA,11,12,13,6.099840641,204.909668,1.89468956,4.316375256,4.569650650,37.60277557,29.67542839,9.928375244,11.49002457,799.4252319,-2.096272469,-970.7395576,-1519.989323,RufousTailedHawk,15
1987,NA,NA,0,NA,NA,NA,NA,NA,NA,NA,NA,NA,0,NA,NA,60,NA,NA,NA,NA,NA,NA,NA,NA,NA,20,NA,NA,16,NA,NA,NA,NA,NA,NA,NA,NA,NA,13,NA,NA,2,NA,NA,NA,NA,NA,NA,NA,NA,NA,4,4.34182024,NA,NA,48,NA,NA,NA,NA,NA,NA,NA,NA,NA,281,NA,NA,3,NA,NA,NA,NA,NA,NA,NA,NA,NA,13,5.554705143,149.8882446,3.678723574,4.413032532,9.522123337,31.1534977,21.08885574,15.20525265,14.04346752,949.581604,1.158099532,-955.7395576,-1519.989323,RufousTailedHawk,15
1988,NA,NA,NA,NA,NA,NA,NA,NA,NA,NA,NA,NA,0,NA,NA,NA,NA,NA,NA,NA,NA,NA,NA,NA,NA,56,NA,NA,NA,NA,NA,NA,NA,NA,NA,NA,NA,NA,19,NA,NA,NA,NA,NA,NA,NA,NA,NA,NA,NA,NA,2,9.667282104,NA,NA,NA,NA,NA,NA,NA,NA,NA,NA,NA,NA,362,NA,NA,NA,NA,NA,NA,NA,NA,NA,NA,NA,NA,13,6.1219244,117.5664063,1.86879158,2.897123814,13.243017200,31.89570427,23.82757759,13.50864315,11.63942719,875.098938,-0.396399736,-940.7395576,-1519.989323,RufousTailedHawk,15
1990,NA,NA,NA,NA,0,NA,NA,NA,NA,NA,NA,NA,NA,NA,NA,NA,NA,90,NA,NA,NA,NA,NA,NA,NA,NA,NA,NA,NA,NA,10,NA,NA,NA,NA,NA,NA,NA,NA,NA,NA,NA,NA,2,NA,NA,NA,NA,NA,NA,NA,NA,121.6204071,NA,NA,NA,NA,297,NA,NA,NA,NA,NA,NA,NA,NA,NA,NA,NA,NA,5,NA,NA,NA,NA,NA,NA,NA,NA,7.875743866,471.2330017,0.081177264,0.144826517,2.012515545,26.81807709,13.95867443,1.220634222,10.81877804,111.1118927,-2.205955029,-1150.739558,-1534.989323,RufousTailedHawk,15
2001,NA,0,NA,NA,NA,NA,NA,NA,NA,NA,NA,NA,0,NA,20,NA,NA,NA,NA,NA,NA,NA,NA,NA,NA,13,NA,9,NA,NA,NA,NA,NA,NA,NA,NA,NA,NA,17,NA,1,NA,NA,NA,NA,NA,NA,NA,NA,NA,NA,1,3.07007575,NA,45,NA,NA,NA,NA,NA,NA,NA,NA,NA,NA,352,NA,2,NA,NA,NA,NA,NA,NA,NA,NA,NA,NA,13,5.93588686,242.863739,2.152956963,4.629225254,6.719820499,36.00702286,22.79986572,12.5434618,13.97443104,782.1723022,-2.839445591,-985.7395576,-1534.989323,RufousTailedHawk,15
2002,NA,NA,NA,NA,NA,NA,NA,NA,NA,NA,NA,NA,0,NA,NA,NA,NA,NA,NA,NA,NA,NA,NA,NA,NA,60,NA,NA,NA,NA,NA,NA,NA,NA,NA,NA,NA,NA,10,NA,NA,NA,NA,NA,NA,NA,NA,NA,NA,NA,NA,2,3.567326546,NA,NA,NA,NA,NA,NA,NA,NA,NA,NA,NA,NA,3,NA,NA,NA,NA,NA,NA,NA,NA,NA,NA,NA,NA,13,5.45708847,188.9992371,2.424649715,5.168052673,7.481028557,33.11956406,21.93053818,12.83825874,15.02777672,923.6018066,3.049902439,-970.7395576,-1534.989323,RufousTailedHawk,15
2004,NA,NA,NA,NA,NA,NA,NA,NA,0,NA,0,0,0,NA,NA,NA,NA,NA,NA,NA,NA,5,NA,10,65,72,NA,NA,NA,NA,NA,NA,NA,NA,12,NA,14,15,14,NA,NA,NA,NA,NA,NA,NA,NA,3,NA,2,1,4,2.784390688,NA,NA,NA,NA,NA,NA,NA,NA,22,NA,357,312,281,NA,NA,NA,NA,NA,NA,NA,NA,9,NA,11,12,13,6.830737591,124.8105011,2.762484789,9.079835892,12.414985660,26.15627861,12.46762085,17.18175697,19.73877716,707.1608276,-2.776873827,-940.7395576,-1534.989323,RufousTailedHawk,15
2012,NA,NA,NA,NA,NA,NA,NA,NA,NA,0,NA,NA,NA,NA,NA,NA,NA,NA,NA,NA,NA,NA,10,NA,NA,NA,NA,NA,NA,NA,NA,NA,NA,NA,NA,7,NA,NA,NA,NA,NA,NA,NA,NA,NA,NA,NA,NA,1,NA,NA,NA,48.01054001,NA,NA,NA,NA,NA,NA,NA,NA,NA,346,NA,NA,NA,NA,NA,NA,NA,NA,NA,NA,NA,NA,10,NA,NA,NA,7.951146603,487.7875061,0,0.772936642,0.127589539,26.21442795,15.06487465,1.971022487,6.018683434,173.8449249,-1.884756804,-1075.739558,-1549.989323,RufousTailedHawk,15
2013,NA,NA,NA,NA,NA,NA,NA,NA,NA,NA,0,NA,NA,NA,NA,NA,NA,NA,NA,NA,NA,NA,NA,17,NA,NA,NA,NA,NA,NA,NA,NA,NA,NA,NA,NA,11,NA,NA,NA,NA,NA,NA,NA,NA,NA,NA,NA,NA,1,NA,NA,35.20615387,NA,NA,NA,NA,NA,NA,NA,NA,NA,NA,331,NA,NA,NA,NA,NA,NA,NA,NA,NA,NA,NA,NA,11,NA,NA,7.065629482,457.7130127,0.098513931,2.991504431,1.972136855,34.02394104,22.12651253,2.453010082,5.911386013,342.5732117,-2.069799423,-1060.739558,-1549.989323,RufousTailedHawk,15
2015,NA,NA,NA,NA,NA,NA,NA,NA,NA,NA,0,0,0,NA,NA,NA,NA,NA,NA,NA,NA,NA,NA,90,55,12,NA,NA,NA,NA,NA,NA,NA,NA,NA,NA,10,18,15,NA,NA,NA,NA,NA,NA,NA,NA,NA,NA,2,1,1,11.43555832,NA,NA,NA,NA,NA,NA,NA,NA,NA,NA,339,31,11,NA,NA,NA,NA,NA,NA,NA,NA,NA,NA,11,12,13,5.810204983,372.4804382,4.025582314,2.372714281,3.095351934,32.27860641,16.03509521,11.78754997,10.91322899,713.6306152,1.247117758,-1030.739558,-1549.989323,RufousTailedHawk,15
2016,0,NA,0,NA,NA,0,0,0,0,0,0,0,0,120,NA,150,NA,NA,30,180,15,1,4,55,27,60,14,NA,18,NA,NA,12,9,13,15,18,16,18,15,2,NA,3,NA,NA,2,2,1,1,1,2,1,3,4.566159725,286,NA,10,NA,NA,284,46,353,16,333,256,284,281,1,NA,3,NA,NA,6,7,8,9,10,11,12,13,7.954332352,405.9891357,0.199389383,7.154078007,4.954615116,42.56997681,27.91646576,5.479317665,8.120957375,313.6504822,-6.708400249,-1015.739558,-1549.989323,RufousTailedHawk,15
2017,0,NA,NA,NA,0,NA,NA,0,NA,NA,NA,0,0,187,NA,NA,NA,60,NA,NA,15,NA,NA,NA,74,40,11,NA,NA,NA,11,NA,NA,11,NA,NA,NA,13,15,1,NA,NA,NA,2,NA,NA,1,NA,NA,NA,1,2,2.225089788,38,NA,NA,NA,33,NA,NA,353,NA,NA,NA,363,337,1,NA,NA,NA,5,NA,NA,8,NA,NA,NA,12,13,7.194164753,324.0383301,0.263787329,6.003574848,2.834445715,46.15820694,28.81357384,4.822651386,9.887638092,499.6708679,-2.136034489,-1000.739558,-1549.989323,RufousTailedHawk,15
2019,NA,NA,NA,0,NA,NA,0,NA,NA,NA,0,NA,NA,NA,NA,NA,60,NA,NA,10,NA,NA,NA,60,NA,NA,NA,NA,NA,16,NA,NA,17,NA,NA,NA,7,NA,NA,NA,NA,NA,1,NA,NA,2,NA,NA,NA,1,NA,NA,5.253685474,NA,NA,NA,262,NA,NA,28,NA,NA,NA,37,NA,NA,NA,NA,NA,4,NA,NA,7,NA,NA,NA,11,NA,NA,5.359548569,178.6235199,1.939760327,7.813202381,13.394291880,29.53618813,23.43374634,10.18715286,12.65870857,914.1732788,1.420755744,-970.7395576,-1549.989323,RufousTailedHawk,15
2020,NA,0,NA,NA,NA,NA,NA,NA,NA,NA,NA,NA,0,NA,20,NA,NA,NA,NA,NA,NA,NA,NA,NA,NA,38,NA,9,NA,NA,NA,NA,NA,NA,NA,NA,NA,NA,11,NA,1,NA,NA,NA,NA,NA,NA,NA,NA,NA,NA,2,4.511401176,NA,35,NA,NA,NA,NA,NA,NA,NA,NA,NA,NA,316,NA,2,NA,NA,NA,NA,NA,NA,NA,NA,NA,NA,13,4.932198048,141.287384,3.573054314,3.217926979,13.504686360,29.0153923,22.24644089,13.02259731,14.76307487,1039.528564,1.584552765,-955.7395576,-1549.989323,RufousTailedHawk,15
2022,NA,NA,NA,NA,NA,NA,NA,NA,0,NA,NA,NA,NA,NA,NA,NA,NA,NA,NA,NA,NA,180,NA,NA,NA,NA,NA,NA,NA,NA,NA,NA,NA,NA,8,NA,NA,NA,NA,NA,NA,NA,NA,NA,NA,NA,NA,3,NA,NA,NA,NA,6.678936005,NA,NA,NA,NA,NA,NA,NA,NA,298,NA,NA,NA,NA,NA,NA,NA,NA,NA,NA,NA,NA,9,NA,NA,NA,NA,4.719986439,104.0061264,5.609813213,0.734224439,14.140060420,28.21627998,12.84100628,14.25891876,23.80560875,1128.864502,3.457692623,-925.7395576,-1549.989323,RufousTailedHawk,15
2027,NA,NA,NA,NA,NA,NA,NA,NA,0,NA,NA,NA,NA,NA,NA,NA,NA,NA,NA,NA,NA,52,NA,NA,NA,NA,NA,NA,NA,NA,NA,NA,NA,NA,11,NA,NA,NA,NA,NA,NA,NA,NA,NA,NA,NA,NA,1,NA,NA,NA,NA,89.97309875,NA,NA,NA,NA,NA,NA,NA,NA,248,NA,NA,NA,NA,NA,NA,NA,NA,NA,NA,NA,NA,9,NA,NA,NA,NA,8.037899017,488.9014282,0,0.3586891,4.214333057,34.60985565,19.17644501,4.313616276,17.18114853,177.1044464,-1.483494997,-1120.739558,-1564.989323,RufousTailedHawk,15
2028,NA,NA,NA,NA,NA,NA,NA,NA,0,NA,NA,NA,NA,NA,NA,NA,NA,NA,NA,NA,NA,1,NA,NA,NA,NA,NA,NA,NA,NA,NA,NA,NA,NA,19,NA,NA,NA,NA,NA,NA,NA,NA,NA,NA,NA,NA,1,NA,NA,NA,NA,79.62824249,NA,NA,NA,NA,NA,NA,NA,NA,334,NA,NA,NA,NA,NA,NA,NA,NA,NA,NA,NA,NA,9,NA,NA,NA,NA,8.214101791,498.7943726,0.051503085,1.192051172,4.094511032,39.22833252,32.884552,2.356995583,9.388812065,175.7977905,2.260715485,-1105.739558,-1564.989323,RufousTailedHawk,15
2029,NA,NA,NA,NA,NA,NA,NA,NA,0,NA,NA,NA,NA,NA,NA,NA,NA,NA,NA,NA,NA,1,NA,NA,NA,NA,NA,NA,NA,NA,NA,NA,NA,NA,11,NA,NA,NA,NA,NA,NA,NA,NA,NA,NA,NA,NA,1,NA,NA,NA,NA,61.60712051,NA,NA,NA,NA,NA,NA,NA,NA,333,NA,NA,NA,NA,NA,NA,NA,NA,NA,NA,NA,NA,9,NA,NA,NA,NA,7.663338661,482.4256897,0.077274643,0.092338249,1.391111851,33.44251633,17.96913528,0.982485652,10.92857933,169.9790039,-0.044490892,-1090.739558,-1564.989323,RufousTailedHawk,15
2030,NA,NA,NA,NA,NA,NA,0,NA,NA,NA,NA,NA,NA,NA,NA,NA,NA,NA,NA,60,NA,NA,NA,NA,NA,NA,NA,NA,NA,NA,NA,NA,10,NA,NA,NA,NA,NA,NA,NA,NA,NA,NA,NA,NA,2,NA,NA,NA,NA,NA,NA,46.00077438,NA,NA,NA,NA,NA,NA,283,NA,NA,NA,NA,NA,NA,NA,NA,NA,NA,NA,NA,7,NA,NA,NA,NA,NA,NA,7.156182289,468.6176453,0.082687199,3.6991539,0.916878998,35.31559372,23.23735237,2.536329985,7.835664272,349.9795532,2.906265497,-1075.739558,-1564.989323,RufousTailedHawk,15
2033,0,NA,0,NA,NA,0,0,0,0,0,0,0,0,30,NA,46,NA,NA,45,60,53,163,30,70,12,6,9,NA,13,NA,NA,9,14,11,9,9,16,13,19,2,NA,2,NA,NA,1,1,2,2,1,1,1,1,5.335422516,23,NA,48,NA,NA,299,270,353,16,286,358,249,358,1,NA,3,NA,NA,6,7,8,9,10,11,12,13,7.149425983,408.7130737,0.574523509,4.345066547,1.202470422,43.5346489,31.94170189,2.3660748,6.943041801,426.6504211,-0.895129502,-1030.739558,-1564.989323,RufousTailedHawk,15
2034,0,NA,0,NA,NA,0,NA,0,NA,0,0,0,0,300,NA,120,NA,NA,90,NA,170,NA,30,30,14,120,10,NA,17,NA,NA,9,NA,11,NA,10,9,18,10,2,NA,2,NA,NA,2,NA,2,NA,2,2,1,2,7.734242916,23,NA,29,NA,NA,12,NA,23,NA,15,287,249,45,1,NA,3,NA,NA,6,NA,8,NA,10,11,12,13,7.5659132,381.6533508,0.088027582,5.593933582,2.968316793,44.24687576,32.04438782,2.096974373,6.49073267,363.1343689,0.56093514,-1015.739558,-1564.989323,RufousTailedHawk,15
2035,NA,NA,NA,NA,NA,NA,NA,NA,0,NA,NA,NA,NA,NA,NA,NA,NA,NA,NA,NA,NA,118,NA,NA,NA,NA,NA,NA,NA,NA,NA,NA,NA,NA,13,NA,NA,NA,NA,NA,NA,NA,NA,NA,NA,NA,NA,1,NA,NA,NA,NA,10.11015034,NA,NA,NA,NA,NA,NA,NA,NA,284,NA,NA,NA,NA,NA,NA,NA,NA,NA,NA,NA,NA,9,NA,NA,NA,NA,6.303683758,294.6150513,0.557292223,4.109447002,2.848085642,46.02681351,28.48794937,4.725218773,11.86915493,640.6549072,0.742652655,-1000.739558,-1564.989323,RufousTailedHawk,15
2036,NA,NA,NA,NA,NA,NA,0,0,0,0,0,0,0,NA,NA,NA,NA,NA,NA,60,180,100,250,56,15,31,NA,NA,NA,NA,NA,NA,12,12,11,16,9,10,19,NA,NA,NA,NA,NA,NA,2,3,3,3,1,1,2,6.176739693,NA,NA,NA,NA,NA,NA,266,305,22,351,352,10,337,NA,NA,NA,NA,NA,NA,7,8,9,10,11,12,13,5.425800323,228.6602783,3.365175962,4.503819466,3.081164837,39.53715134,22.91841125,10.19011021,15.26440239,848.2131348,-1.837117791,-985.7395576,-1564.989323,RufousTailedHawk,15
2037,NA,0,NA,0,0,0,0,0,0,0,1,1,0,NA,10,NA,60,240,150,60,30,90,5,53,15,59,NA,16,NA,19,9,11,18,11,13,12,18,19,9,NA,2,NA,2,1,1,2,4,3,1,1,1,1,2.68420577,NA,341,NA,314,257,288,327,259,23,288,19,264,269,NA,2,NA,4,5,6,7,8,9,10,11,12,13,6.952616692,197.6547699,1.401403427,12.43828297,8.247854233,30.76662064,25.24936867,9.75381279,9.843055725,587.2498169,-4.146257877,-970.7395576,-1564.989323,RufousTailedHawk,15
2038,NA,0,0,0,0,0,0,0,0,0,0,0,0,NA,60,120,30,65,10,60,120,60,130,120,50,149,NA,15,11,9,15,23,14,13,12,10,12,14,13,NA,2,3,2,4,1,4,3,3,1,1,1,1,2.708322048,NA,296,10,302,277,266,276,262,329,285,347,257,275,NA,2,3,4,5,6,7,8,9,10,11,12,13,6.356759071,149.1615448,1.967562914,7.65423727,12.444929120,31.00626183,23.42045021,10.24664307,12.36841583,734.0732422,-3.39224577,-955.7395576,-1564.989323,RufousTailedHawk,15
2039,NA,NA,NA,0,NA,0,NA,NA,0,NA,NA,0,0,NA,NA,NA,25,NA,12,NA,NA,5,NA,NA,1,5,NA,NA,NA,10,NA,10,NA,NA,11,NA,NA,10,11,NA,NA,NA,3,NA,2,NA,NA,3,NA,NA,2,5,2.009181976,NA,NA,NA,299,NA,339,NA,NA,24,NA,NA,263,35,NA,NA,NA,4,NA,6,NA,NA,9,NA,NA,12,13,6.373644352,112.0216141,5.225784302,4.783522606,14.553535460,27.19781685,9.589980125,16.06287766,21.14006615,767.5403442,-1.543983221,-940.7395576,-1564.989323,RufousTailedHawk,15
2046,0,NA,NA,NA,NA,NA,NA,NA,NA,NA,NA,NA,NA,90,NA,NA,NA,NA,NA,NA,NA,NA,NA,NA,NA,NA,10,NA,NA,NA,NA,NA,NA,NA,NA,NA,NA,NA,NA,2,NA,NA,NA,NA,NA,NA,NA,NA,NA,NA,NA,NA,61.60712051,287,NA,NA,NA,NA,NA,NA,NA,NA,NA,NA,NA,NA,1,NA,NA,NA,NA,NA,NA,NA,NA,NA,NA,NA,NA,7.663338661,482.4256897,0.077274643,0.092338249,1.391111851,33.44251633,17.96913528,0.982485652,10.92857933,169.9790039,-0.044490892,-1090.739558,-1579.989323,RufousTailedHawk,15
2048,NA,NA,0,NA,NA,NA,NA,NA,NA,NA,NA,NA,NA,NA,NA,30,NA,NA,NA,NA,NA,NA,NA,NA,NA,NA,NA,NA,10,NA,NA,NA,NA,NA,NA,NA,NA,NA,NA,NA,NA,6,NA,NA,NA,NA,NA,NA,NA,NA,NA,NA,35.11343002,NA,NA,18,NA,NA,NA,NA,NA,NA,NA,NA,NA,NA,NA,NA,3,NA,NA,NA,NA,NA,NA,NA,NA,NA,NA,7.177930355,444.5808411,0,2.207470417,0.702312410,40.47378922,30.1594162,1.022574663,6.629529476,380.2703857,-1.004583359,-1060.739558,-1579.989323,RufousTailedHawk,15
2049,0,NA,0,NA,NA,NA,NA,NA,NA,NA,NA,NA,NA,120,NA,180,NA,NA,NA,NA,NA,NA,NA,NA,NA,NA,18,NA,8,NA,NA,NA,NA,NA,NA,NA,NA,NA,NA,2,NA,2,NA,NA,NA,NA,NA,NA,NA,NA,NA,NA,23.39159966,287,NA,19,NA,NA,NA,NA,NA,NA,NA,NA,NA,NA,1,NA,3,NA,NA,NA,NA,NA,NA,NA,NA,NA,NA,6.194679737,400.0740967,0.363774896,2.582726002,1.600995541,46.54231644,31.82228851,2.966805458,10.8625412,594.6719971,-3.103551388,-1045.739558,-1579.989323,RufousTailedHawk,15
2052,NA,NA,NA,NA,NA,NA,NA,NA,NA,NA,NA,0,NA,NA,NA,NA,NA,NA,NA,NA,NA,NA,NA,NA,55,NA,NA,NA,NA,NA,NA,NA,NA,NA,NA,NA,NA,17,NA,NA,NA,NA,NA,NA,NA,NA,NA,NA,NA,NA,1,NA,24.13180161,NA,NA,NA,NA,NA,NA,NA,NA,NA,NA,NA,345,NA,NA,NA,NA,NA,NA,NA,NA,NA,NA,NA,NA,12,NA,6.655928612,292.8111877,0.564990103,4.913885117,2.608763695,46.52100754,30.73862076,2.314086199,9.030925751,556.6880493,-2.531527281,-1000.739558,-1579.989323,RufousTailedHawk,15
2053,NA,NA,NA,NA,NA,NA,NA,0,NA,0,NA,0,0,NA,NA,NA,NA,NA,NA,NA,60,NA,15,NA,20,26,NA,NA,NA,NA,NA,NA,NA,19,NA,13,NA,11,10,NA,NA,NA,NA,NA,NA,NA,4,NA,4,NA,1,3,16.90043449,NA,NA,NA,NA,NA,NA,NA,55,NA,44,NA,13,364,NA,NA,NA,NA,NA,NA,NA,8,NA,10,NA,12,13,5.623702526,217.7433929,2.489827394,6.947477818,5.578272343,34.76663589,24.12111092,12.04886246,11.30121613,798.00177,-0.348888516,-985.7395576,-1579.989323,RufousTailedHawk,15
2054,NA,NA,NA,0,NA,0,0,0,0,0,0,0,0,NA,NA,NA,83,NA,100,90,1,10,38,10,32,4,NA,NA,NA,11,NA,19,17,20,19,15,13,14,8,NA,NA,NA,2,NA,1,2,1,3,5,2,1,1,4.960664749,NA,NA,NA,296,NA,54,48,39,23,14,252,350,298,NA,NA,NA,4,NA,6,7,8,9,10,11,12,13,7.482792854,197.3960571,1.505050659,27.85822296,4.440488338,20.94608688,13.17134285,14.99869442,16.53486633,466.1218262,1.623348475,-970.7395576,-1579.989323,RufousTailedHawk,15
2055,NA,0,NA,NA,NA,NA,0,NA,NA,NA,0,0,0,NA,20,NA,NA,NA,NA,60,NA,NA,NA,100,65,60,NA,12,NA,NA,NA,NA,16,NA,NA,NA,16,12,14,NA,2,NA,NA,NA,NA,2,NA,NA,NA,1,1,1,2.957544327,NA,51,NA,NA,NA,NA,290,NA,NA,NA,352,274,315,NA,2,NA,NA,NA,NA,7,NA,NA,NA,11,12,13,6.241170883,140.1761932,1.580002427,10.97429371,12.296872140,26.84509659,20.74735641,11.25628471,13.42189407,728.9216309,2.22091651,-955.7395576,-1579.989323,RufousTailedHawk,15
2056,NA,NA,NA,0,NA,NA,NA,NA,NA,NA,NA,NA,NA,NA,NA,NA,120,NA,NA,NA,NA,NA,NA,NA,NA,NA,NA,NA,NA,19,NA,NA,NA,NA,NA,NA,NA,NA,NA,NA,NA,NA,2,NA,NA,NA,NA,NA,NA,NA,NA,NA,9.478845596,NA,NA,NA,335,NA,NA,NA,NA,NA,NA,NA,NA,NA,NA,NA,NA,4,NA,NA,NA,NA,NA,NA,NA,NA,NA,5.389440536,105.3671341,1.073939919,3.160100937,17.728912350,32.49003983,25.00160789,9.956670761,9.588911057,936.4469604,1.370561838,-940.7395576,-1579.989323,RufousTailedHawk,15
2064,NA,NA,NA,NA,0,NA,NA,NA,NA,NA,NA,NA,NA,NA,NA,NA,NA,60,NA,NA,NA,NA,NA,NA,NA,NA,NA,NA,NA,NA,15,NA,NA,NA,NA,NA,NA,NA,NA,NA,NA,NA,NA,2,NA,NA,NA,NA,NA,NA,NA,NA,94.37503815,NA,NA,NA,NA,295,NA,NA,NA,NA,NA,NA,NA,NA,NA,NA,NA,NA,5,NA,NA,NA,NA,NA,NA,NA,NA,7.517272472,482.3814392,0,0.059240956,1.422783971,40.35768127,24.81534576,1.715922236,11.58402824,285.8088989,0.798039794,-1120.739558,-1594.989323,RufousTailedHawk,15
2066,0,NA,NA,NA,NA,NA,NA,NA,NA,NA,NA,NA,NA,60,NA,NA,NA,NA,NA,NA,NA,NA,NA,NA,NA,NA,15,NA,NA,NA,NA,NA,NA,NA,NA,NA,NA,NA,NA,2,NA,NA,NA,NA,NA,NA,NA,NA,NA,NA,NA,NA,66.55647278,287,NA,NA,NA,NA,NA,NA,NA,NA,NA,NA,NA,NA,1,NA,NA,NA,NA,NA,NA,NA,NA,NA,NA,NA,NA,7.314727783,470.2678833,0,0.396602988,0.098033905,27.40228081,16.79299164,0.696100116,7.148621559,213.2234192,1.990588427,-1090.739558,-1594.989323,RufousTailedHawk,15
2067,NA,NA,NA,NA,NA,NA,NA,0,NA,NA,NA,NA,NA,NA,NA,NA,NA,NA,NA,NA,90,NA,NA,NA,NA,NA,NA,NA,NA,NA,NA,NA,NA,9,NA,NA,NA,NA,NA,NA,NA,NA,NA,NA,NA,NA,2,NA,NA,NA,NA,NA,66.55647278,NA,NA,NA,NA,NA,NA,NA,30,NA,NA,NA,NA,NA,NA,NA,NA,NA,NA,NA,NA,8,NA,NA,NA,NA,NA,7.314727783,470.2678833,0,0.396602988,0.098033905,27.40228081,16.79299164,0.696100116,7.148621559,213.2234192,1.990588427,-1075.739558,-1594.989323,RufousTailedHawk,15
2072,NA,NA,NA,NA,NA,NA,NA,NA,NA,NA,NA,0,NA,NA,NA,NA,NA,NA,NA,NA,NA,NA,NA,NA,30,NA,NA,NA,NA,NA,NA,NA,NA,NA,NA,NA,NA,16,NA,NA,NA,NA,NA,NA,NA,NA,NA,NA,NA,NA,2,NA,35.51462173,NA,NA,NA,NA,NA,NA,NA,NA,NA,NA,NA,319,NA,NA,NA,NA,NA,NA,NA,NA,NA,NA,NA,NA,12,NA,5.420057297,255.3426361,2.933768749,2.779390097,4.713969231,36.54190826,23.03480148,7.625884056,10.30992126,783.4997559,-0.431456774,-1000.739558,-1594.989323,RufousTailedHawk,15
2073,NA,0,NA,NA,NA,NA,NA,NA,NA,NA,NA,NA,NA,NA,30,NA,NA,NA,NA,NA,NA,NA,NA,NA,NA,NA,NA,20,NA,NA,NA,NA,NA,NA,NA,NA,NA,NA,NA,NA,1,NA,NA,NA,NA,NA,NA,NA,NA,NA,NA,NA,23.94744682,NA,40,NA,NA,NA,NA,NA,NA,NA,NA,NA,NA,NA,NA,2,NA,NA,NA,NA,NA,NA,NA,NA,NA,NA,NA,5.530893803,209.41008,5.746535778,4.754322529,5.281241417,29.65416718,17.85932159,13.16123867,12.24891758,798.661499,-3.036882162,-985.7395576,-1594.989323,RufousTailedHawk,15
2074,NA,0,NA,NA,NA,NA,NA,0,NA,0,0,0,0,NA,50,NA,NA,NA,NA,NA,15,NA,120,120,50,69,NA,7,NA,NA,NA,NA,NA,21,NA,16,7,14,13,NA,1,NA,NA,NA,NA,NA,2,NA,1,1,1,2,12.86874199,NA,39,NA,NA,NA,NA,NA,24,NA,357,291,251,336,NA,2,NA,NA,NA,NA,NA,8,NA,10,11,12,13,6.067773819,168.9429932,5.03796196,16.42617416,5.624608040,20.65078354,14.65516567,19.11364937,15.43359375,718.6259766,2.015027046,-970.7395576,-1594.989323,RufousTailedHawk,15
2075,NA,NA,NA,0,NA,NA,0,0,NA,0,0,0,0,NA,NA,NA,180,NA,NA,5,190,NA,72,100,60,1,NA,NA,NA,16,NA,NA,11,9,NA,11,14,16,13,NA,NA,NA,2,NA,NA,1,1,NA,1,1,1,1,4.370584965,NA,NA,NA,344,NA,NA,56,50,NA,354,342,248,284,NA,NA,NA,4,NA,NA,7,8,NA,10,11,12,13,6.688436508,130.4509583,1.686208487,19.00284195,4.954623699,20.89195633,20.77119255,12.15449333,20.12922478,613.1031494,0.080782793,-955.7395576,-1594.989323,RufousTailedHawk,15
2076,NA,NA,NA,NA,NA,0,NA,NA,NA,0,0,0,0,NA,NA,NA,NA,NA,65,NA,NA,NA,34,15,55,135,NA,NA,NA,NA,NA,17,NA,NA,NA,17,17,16,14,NA,NA,NA,NA,NA,4,NA,NA,NA,1,2,1,1,4.3004179,NA,NA,NA,NA,NA,283,NA,NA,NA,60,354,326,39,NA,NA,NA,NA,NA,6,NA,NA,NA,10,11,12,13,6.868557453,97.38748932,3.018821478,15.92252827,5.897985458,21.26636696,14.24714184,17.95904732,20.44037247,613.4628906,-3.00449872,-940.7395576,-1594.989323,RufousTailedHawk,15
2079,NA,NA,NA,NA,0,NA,NA,NA,NA,NA,NA,NA,NA,NA,NA,NA,NA,30,NA,NA,NA,NA,NA,NA,NA,NA,NA,NA,NA,NA,16,NA,NA,NA,NA,NA,NA,NA,NA,NA,NA,NA,NA,1,NA,NA,NA,NA,NA,NA,NA,NA,146.4337463,NA,NA,NA,NA,2,NA,NA,NA,NA,NA,NA,NA,NA,NA,NA,NA,NA,5,NA,NA,NA,NA,NA,NA,NA,NA,6.566301346,486.0341797,2.790918589,2.512381077,2.715940237,30.52838707,13.03688431,16.94428825,19.97472954,450.0155334,2.579295158,-1165.739558,-1609.989323,RufousTailedHawk,15
2091,NA,NA,NA,NA,NA,NA,NA,NA,NA,NA,NA,0,NA,NA,NA,NA,NA,NA,NA,NA,NA,NA,NA,NA,60,NA,NA,NA,NA,NA,NA,NA,NA,NA,NA,NA,NA,18,NA,NA,NA,NA,NA,NA,NA,NA,NA,NA,NA,NA,2,NA,25.40036774,NA,NA,NA,NA,NA,NA,NA,NA,NA,NA,NA,319,NA,NA,NA,NA,NA,NA,NA,NA,NA,NA,NA,NA,12,NA,4.425380707,186.0433197,7.858737946,5.307033062,5.881955624,28.1021843,15.56778812,16.96681404,15.73072052,1006.869751,0.386483282,-985.7395576,-1609.989323,RufousTailedHawk,15
2092,NA,NA,NA,NA,NA,NA,NA,NA,NA,NA,0,NA,NA,NA,NA,NA,NA,NA,NA,NA,NA,NA,NA,147,NA,NA,NA,NA,NA,NA,NA,NA,NA,NA,NA,NA,15,NA,NA,NA,NA,NA,NA,NA,NA,NA,NA,NA,NA,1,NA,NA,15.46204281,NA,NA,NA,NA,NA,NA,NA,NA,NA,NA,362,NA,NA,NA,NA,NA,NA,NA,NA,NA,NA,NA,NA,11,NA,NA,4.244891644,147.8223877,9.665372849,2.827875137,6.398716450,22.21547699,11.58267307,19.07452965,18.23138428,1072.211792,-4.262202263,-970.7395576,-1609.989323,RufousTailedHawk,15
2093,NA,NA,0,0,0,0,0,0,0,0,0,0,0,NA,NA,15,10,15,60,155,15,4,60,20,14,5,NA,NA,0,9,13,9,8,12,10,10,14,19,13,NA,NA,2,2,2,2,2,2,2,1,2,3,1,4.802345753,NA,NA,51,345,53,313,329,315,55,313,282,307,313,NA,NA,3,4,5,6,7,8,9,10,11,12,13,4.341832161,109.9200897,7.91677475,4.652043819,8.475825310,26.62737083,16.84145355,17.06258202,18.08347893,1094.751465,0.305647194,-955.7395576,-1609.989323,RufousTailedHawk,15
2094,NA,NA,NA,NA,NA,NA,NA,NA,NA,NA,NA,NA,0,NA,NA,NA,NA,NA,NA,NA,NA,NA,NA,NA,NA,5,NA,NA,NA,NA,NA,NA,NA,NA,NA,NA,NA,NA,12,NA,NA,NA,NA,NA,NA,NA,NA,NA,NA,NA,NA,5,2.786693096,NA,NA,NA,NA,NA,NA,NA,NA,NA,NA,NA,NA,35,NA,NA,NA,NA,NA,NA,NA,NA,NA,NA,NA,NA,13,5.881832123,85.65579987,8.21042347,13.199687,5.830131054,19.49921227,8.310808182,15.15571976,29.33591843,813.6470337,-0.684348822,-940.7395576,-1609.989323,RufousTailedHawk,15
2101,NA,NA,NA,NA,0,NA,NA,NA,NA,NA,NA,NA,NA,NA,NA,NA,NA,60,NA,NA,NA,NA,NA,NA,NA,NA,NA,NA,NA,NA,12,NA,NA,NA,NA,NA,NA,NA,NA,NA,NA,NA,NA,1,NA,NA,NA,NA,NA,NA,NA,NA,108.4188461,NA,NA,NA,NA,292,NA,NA,NA,NA,NA,NA,NA,NA,NA,NA,NA,NA,5,NA,NA,NA,NA,NA,NA,NA,NA,7.557426453,492.0045776,0.209063068,0,1.212019324,26.04478645,9.772994041,5.032851219,14.78416061,196.8404541,0.531132579,-1120.739558,-1624.989323,RufousTailedHawk,15
2109,NA,NA,NA,NA,NA,NA,NA,0,NA,NA,NA,NA,NA,NA,NA,NA,NA,NA,NA,NA,60,NA,NA,NA,NA,NA,NA,NA,NA,NA,NA,NA,NA,13,NA,NA,NA,NA,NA,NA,NA,NA,NA,NA,NA,NA,2,NA,NA,NA,NA,NA,22.70275497,NA,NA,NA,NA,NA,NA,NA,308,NA,NA,NA,NA,NA,NA,NA,NA,NA,NA,NA,NA,8,NA,NA,NA,NA,NA,4.518025398,215.4767151,7.176824093,3.342710495,3.669706583,32.09123993,14.33859062,15.19645977,18.02267838,967.6257324,-2.947165012,-1000.739558,-1624.989323,RufousTailedHawk,15
2111,NA,NA,0,NA,0,0,0,0,0,0,0,0,0,NA,NA,30,NA,120,60,85,15,95,60,180,23,17,NA,NA,11,NA,13,16,10,14,9,14,16,11,18,NA,NA,2,NA,2,2,1,1,1,2,1,1,1,5.846611977,NA,NA,284,NA,24,7,36,317,45,326,250,310,316,NA,NA,3,NA,5,6,7,8,9,10,11,12,13,4.487318993,132.8311157,11.64871788,2.937331676,6.859220028,25.09632874,11.9225235,15.33275604,19.39686966,1046.512939,-1.196211934,-970.7395576,-1624.989323,RufousTailedHawk,15
2112,NA,NA,NA,NA,NA,NA,0,NA,NA,0,NA,0,0,NA,NA,NA,NA,NA,NA,120,NA,NA,30,NA,95,30,NA,NA,NA,NA,NA,NA,11,NA,NA,16,NA,17,10,NA,NA,NA,NA,NA,NA,4,NA,NA,1,NA,5,1,4.324413776,NA,NA,NA,NA,NA,NA,44,NA,NA,359,NA,307,263,NA,NA,NA,NA,NA,NA,7,NA,NA,10,NA,12,13,2.956851244,107.7089462,24.33688927,1.50138247,3.870198965,11.63023376,6.057961464,24.91367722,25.75569916,1389.680664,3.728584766,-955.7395576,-1624.989323,RufousTailedHawk,15
2121,NA,NA,0,NA,NA,NA,NA,NA,NA,NA,NA,NA,NA,NA,NA,15,NA,NA,NA,NA,NA,NA,NA,NA,NA,NA,NA,NA,8,NA,NA,NA,NA,NA,NA,NA,NA,NA,NA,NA,NA,10,NA,NA,NA,NA,NA,NA,NA,NA,NA,NA,96.38137054,NA,NA,21,NA,NA,NA,NA,NA,NA,NA,NA,NA,NA,NA,NA,3,NA,NA,NA,NA,NA,NA,NA,NA,NA,NA,7.340993404,495.065155,0,0.265671581,0.068526737,47.62996674,21.20421791,2.236859798,15.29606819,301.0690918,0.174948454,-1090.739558,-1639.989323,RufousTailedHawk,15
2126,NA,NA,NA,NA,NA,NA,NA,NA,NA,NA,NA,1,NA,NA,NA,NA,NA,NA,NA,NA,NA,NA,NA,NA,3,NA,NA,NA,NA,NA,NA,NA,NA,NA,NA,NA,NA,11,NA,NA,NA,NA,NA,NA,NA,NA,NA,NA,NA,NA,1,NA,24.59634018,NA,NA,NA,NA,NA,NA,NA,NA,NA,NA,NA,338,NA,NA,NA,NA,NA,NA,NA,NA,NA,NA,NA,NA,12,NA,4.400013924,245.4638214,12.60564995,1.238921642,2.456611872,28.2450428,14.43260098,12.75660419,19.09873581,955.8303833,-1.491114259,-1015.739558,-1639.989323,RufousTailedHawk,15
2128,NA,NA,NA,0,NA,NA,NA,NA,NA,NA,0,0,NA,NA,NA,NA,30,NA,NA,NA,NA,NA,NA,15,20,NA,NA,NA,NA,10,NA,NA,NA,NA,NA,NA,13,18,NA,NA,NA,NA,2,NA,NA,NA,NA,NA,NA,2,1,NA,4.063440323,NA,NA,NA,348,NA,NA,NA,NA,NA,NA,288,21,NA,NA,NA,NA,4,NA,NA,NA,NA,NA,NA,11,12,NA,5.296407223,163.6022186,5.898351669,3.158941507,5.757465363,29.14282417,15.51982403,14.95752716,17.01688194,826.5750122,-3.420691729,-985.7395576,-1639.989323,RufousTailedHawk,15
2129,NA,NA,NA,NA,NA,NA,NA,NA,NA,NA,NA,0,NA,NA,NA,NA,NA,NA,NA,NA,NA,NA,NA,NA,240,NA,NA,NA,NA,NA,NA,NA,NA,NA,NA,NA,NA,15,NA,NA,NA,NA,NA,NA,NA,NA,NA,NA,NA,NA,1,NA,3.434489727,NA,NA,NA,NA,NA,NA,NA,NA,NA,NA,NA,260,NA,NA,NA,NA,NA,NA,NA,NA,NA,NA,NA,NA,12,NA,5.456275463,123.5880814,8.056325912,3.320513248,7.726319790,22.68030167,14.23189449,19.48943901,14.75455952,841.6755371,2.274413824,-970.7395576,-1639.989323,RufousTailedHawk,15
2140,NA,NA,NA,NA,NA,NA,NA,0,NA,0,NA,0,NA,NA,NA,NA,NA,NA,NA,NA,5,NA,10,NA,60,NA,NA,NA,NA,NA,NA,NA,NA,11,NA,12,NA,12,NA,NA,NA,NA,NA,NA,NA,NA,1,NA,1,NA,1,NA,53.85424423,NA,NA,NA,NA,NA,NA,NA,30,NA,15,NA,18,NA,NA,NA,NA,NA,NA,NA,NA,8,NA,10,NA,12,NA,6.342122078,389.1153259,1.093173862,1.970005989,2.222772360,42.69013596,21.22580147,9.399981499,15.35512733,527.9938354,-0.482773572,-1060.739558,-1654.989323,RufousTailedHawk,15
2143,NA,NA,NA,NA,NA,NA,NA,0,NA,NA,NA,NA,NA,NA,NA,NA,NA,NA,NA,NA,15,NA,NA,NA,NA,NA,NA,NA,NA,NA,NA,NA,NA,14,NA,NA,NA,NA,NA,NA,NA,NA,NA,NA,NA,NA,1,NA,NA,NA,NA,NA,15.06492805,NA,NA,NA,NA,NA,NA,NA,29,NA,NA,NA,NA,NA,NA,NA,NA,NA,NA,NA,NA,8,NA,NA,NA,NA,NA,5.290534019,241.9172974,5.214268208,3.384730339,5.760844231,33.64860153,17.94177246,13.83359718,16.94185066,773.2639771,0.18423453,-1015.739558,-1654.989323,RufousTailedHawk,15
2157,NA,NA,NA,NA,NA,NA,0,NA,NA,NA,NA,NA,NA,NA,NA,NA,NA,NA,NA,240,NA,NA,NA,NA,NA,NA,NA,NA,NA,NA,NA,NA,9,NA,NA,NA,NA,NA,NA,NA,NA,NA,NA,NA,NA,2,NA,NA,NA,NA,NA,NA,80.54963684,NA,NA,NA,NA,NA,NA,294,NA,NA,NA,NA,NA,NA,NA,NA,NA,NA,NA,NA,7,NA,NA,NA,NA,NA,NA,7.310528755,478.9945984,1.076999187,0.299816579,0.441546023,34.57499695,15.61856651,6.775383949,7.953073025,270.704834,0.991245031,-1090.739558,-1669.989323,RufousTailedHawk,15
2159,NA,NA,NA,NA,NA,NA,NA,NA,NA,NA,NA,NA,0,NA,NA,NA,NA,NA,NA,NA,NA,NA,NA,NA,NA,15,NA,NA,NA,NA,NA,NA,NA,NA,NA,NA,NA,NA,19,NA,NA,NA,NA,NA,NA,NA,NA,NA,NA,NA,NA,1,52.0006752,NA,NA,NA,NA,NA,NA,NA,NA,NA,NA,NA,NA,308,NA,NA,NA,NA,NA,NA,NA,NA,NA,NA,NA,NA,13,5.866867065,382.5356445,4.617862225,3.448872328,3.192271233,27.72612381,12.8748312,16.32940483,10.21504116,604.623291,-2.376307011,-1060.739558,-1669.989323,RufousTailedHawk,15
2160,NA,NA,0,NA,NA,NA,0,0,NA,NA,NA,0,0,NA,NA,74,NA,NA,NA,60,60,NA,NA,NA,10,150,NA,NA,10,NA,NA,NA,14,13,NA,NA,NA,12,8,NA,NA,2,NA,NA,NA,2,1,NA,NA,NA,1,4,37.64029694,NA,NA,285,NA,NA,NA,358,14,NA,NA,NA,340,35,NA,NA,3,NA,NA,NA,7,8,NA,NA,NA,12,13,6.502399445,342.0783081,2.208897114,0.724238336,2.464892387,35.60104752,16.35542488,15.6722374,13.97066689,501.5357056,-6.334632874,-1045.739558,-1669.989323,RufousTailedHawk,15
2161,NA,NA,NA,NA,NA,NA,NA,NA,NA,NA,NA,0,NA,NA,NA,NA,NA,NA,NA,NA,NA,NA,NA,NA,3,NA,NA,NA,NA,NA,NA,NA,NA,NA,NA,NA,NA,10,NA,NA,NA,NA,NA,NA,NA,NA,NA,NA,NA,NA,5,NA,23.38667107,NA,NA,NA,NA,NA,NA,NA,NA,NA,NA,NA,59,NA,NA,NA,NA,NA,NA,NA,NA,NA,NA,NA,NA,12,NA,4.084913254,279.8991394,5.93385458,3.293291569,2.317440748,19.38223267,6.791689873,18.48441696,8.619355202,1012.521179,7.452092648,-1030.739558,-1669.989323,RufousTailedHawk,15
2162,NA,NA,NA,NA,NA,NA,NA,NA,NA,NA,0,0,0,NA,NA,NA,NA,NA,NA,NA,NA,NA,NA,15,2,5,NA,NA,NA,NA,NA,NA,NA,NA,NA,NA,16,11,15,NA,NA,NA,NA,NA,NA,NA,NA,NA,NA,2,1,1,9.788584709,NA,NA,NA,NA,NA,NA,NA,NA,NA,NA,258,58,13,NA,NA,NA,NA,NA,NA,NA,NA,NA,NA,11,12,13,5.667804241,229.6380157,1.96743536,3.301959038,5.836328030,28.87640762,16.03108406,16.57929802,13.11518002,719.2103882,-4.309012413,-1015.739558,-1669.989323,RufousTailedHawk,15
2163,NA,NA,NA,NA,NA,NA,NA,NA,NA,NA,NA,0,0,NA,NA,NA,NA,NA,NA,NA,NA,NA,NA,NA,160,3,NA,NA,NA,NA,NA,NA,NA,NA,NA,NA,NA,20,6,NA,NA,NA,NA,NA,NA,NA,NA,NA,NA,NA,3,1,5.219822884,NA,NA,NA,NA,NA,NA,NA,NA,NA,NA,NA,363,21,NA,NA,NA,NA,NA,NA,NA,NA,NA,NA,NA,12,13,3.827484131,183.337204,9.727509499,0.918363333,5.810020924,23.32058144,10.7839756,18.02265167,20.18218422,1111.455078,4.598936081,-1000.739558,-1669.989323,RufousTailedHawk,15
2165,NA,NA,NA,NA,NA,NA,NA,NA,0,0,NA,NA,NA,NA,NA,NA,NA,NA,NA,NA,NA,10,10,NA,NA,NA,NA,NA,NA,NA,NA,NA,NA,NA,13,18,NA,NA,NA,NA,NA,NA,NA,NA,NA,NA,NA,2,3,NA,NA,NA,3.109830379,NA,NA,NA,NA,NA,NA,NA,NA,38,33,NA,NA,NA,NA,NA,NA,NA,NA,NA,NA,NA,9,10,NA,NA,NA,6.447386742,105.6921768,8.980311394,1.143909574,2.090645552,16.89842606,6.481379509,12.31132221,16.79847145,691.315918,-4.447500706,-970.7395576,-1669.989323,RufousTailedHawk,15
2166,NA,NA,NA,NA,NA,NA,NA,NA,NA,NA,0,0,0,NA,NA,NA,NA,NA,NA,NA,NA,NA,NA,10,5,10,NA,NA,NA,NA,NA,NA,NA,NA,NA,NA,11,11,11,NA,NA,NA,NA,NA,NA,NA,NA,NA,NA,2,2,2,2.587591171,NA,NA,NA,NA,NA,NA,NA,NA,NA,NA,308,260,259,NA,NA,NA,NA,NA,NA,NA,NA,NA,NA,11,12,13,7.881580353,72.87937927,8.812724113,0.332446128,0.132078648,8.873330116,1.641729951,10.93026257,12.25520229,407.0237732,-6.977686405,-955.7395576,-1669.989323,RufousTailedHawk,15
2167,NA,NA,NA,NA,NA,NA,NA,NA,0,0,NA,0,0,NA,NA,NA,NA,NA,NA,NA,NA,120,60,NA,45,45,NA,NA,NA,NA,NA,NA,NA,NA,15,18,NA,10,12,NA,NA,NA,NA,NA,NA,NA,NA,3,2,NA,2,2,3.578177691,NA,NA,NA,NA,NA,NA,NA,NA,299,260,NA,47,259,NA,NA,NA,NA,NA,NA,NA,NA,9,10,NA,12,13,7.960975647,49.13163757,13.23437309,1.380170941,2.416565895,14.12287045,0.618552387,14.78217411,23.71497536,430.1022339,-2.464108944,-940.7395576,-1669.989323,RufousTailedHawk,15
2176,NA,NA,NA,NA,NA,NA,NA,NA,NA,NA,NA,0,NA,NA,NA,NA,NA,NA,NA,NA,NA,NA,NA,NA,40,NA,NA,NA,NA,NA,NA,NA,NA,NA,NA,NA,NA,11,NA,NA,NA,NA,NA,NA,NA,NA,NA,NA,NA,NA,1,NA,93.16829681,NA,NA,NA,NA,NA,NA,NA,NA,NA,NA,NA,245,NA,NA,NA,NA,NA,NA,NA,NA,NA,NA,NA,NA,12,NA,8.108399391,535.4804077,0.208321497,0.359159768,3.332031488,19.78528595,6.611266613,5.520435333,4.920600414,81.74427032,-0.237421229,-1105.739558,-1684.989323,RufousTailedHawk,15
2180,NA,NA,NA,NA,NA,NA,NA,NA,NA,NA,NA,NA,0,NA,NA,NA,NA,NA,NA,NA,NA,NA,NA,NA,NA,120,NA,NA,NA,NA,NA,NA,NA,NA,NA,NA,NA,NA,8,NA,NA,NA,NA,NA,NA,NA,NA,NA,NA,NA,NA,1,38.45344543,NA,NA,NA,NA,NA,NA,NA,NA,NA,NA,NA,NA,259,NA,NA,NA,NA,NA,NA,NA,NA,NA,NA,NA,NA,13,4.060688496,323.3056641,6.110635281,8.046751022,1.884461522,10.61823082,3.125089884,19.32000351,4.603340626,960.8216553,-1.694554567,-1045.739558,-1684.989323,RufousTailedHawk,15
2181,NA,NA,NA,NA,NA,0,NA,NA,NA,NA,NA,0,NA,NA,NA,NA,NA,NA,145,NA,NA,NA,NA,NA,150,NA,NA,NA,NA,NA,NA,6,NA,NA,NA,NA,NA,15,NA,NA,NA,NA,NA,NA,2,NA,NA,NA,NA,NA,1,NA,24.31369019,NA,NA,NA,NA,NA,40,NA,NA,NA,NA,NA,47,NA,NA,NA,NA,NA,NA,6,NA,NA,NA,NA,NA,12,NA,3.575441599,264.9760132,4.864090919,6.252566338,1.986807585,20.43231964,8.28010273,14.54719257,8.979236603,1089.783203,-2.382608652,-1030.739558,-1684.989323,RufousTailedHawk,15
2182,NA,NA,NA,NA,NA,0,NA,NA,NA,NA,NA,0,0,NA,NA,NA,NA,NA,45,NA,NA,NA,NA,NA,17,2,NA,NA,NA,NA,NA,9,NA,NA,NA,NA,NA,19,20,NA,NA,NA,NA,NA,1,NA,NA,NA,NA,NA,1,1,10.6962986,NA,NA,NA,NA,NA,36,NA,NA,NA,NA,NA,44,267,NA,NA,NA,NA,NA,6,NA,NA,NA,NA,NA,12,13,4.672829151,211.5825195,7.373095512,4.099433422,6.360964775,24.52736664,10.69699574,16.15004349,15.91995144,936.5259399,4.975311756,-1015.739558,-1684.989323,RufousTailedHawk,15
2183,0,NA,0,NA,NA,0,0,0,0,NA,NA,0,0,4,NA,90,NA,NA,40,30,3,110,NA,NA,20,50,13,NA,19,NA,NA,20,16,20,10,NA,NA,6,17,2,NA,2,NA,NA,2,1,2,6,NA,NA,1,1,2.626574993,43,NA,51,NA,NA,56,4,304,13,NA,NA,311,307,1,NA,3,NA,NA,6,7,8,9,NA,NA,12,13,7.556139469,167.9468079,1.572723866,3.00604701,3.709583044,20.42666245,9.653730392,6.350460052,7.869269371,406.4432983,-1.20247376,-1000.739558,-1684.989323,RufousTailedHawk,15
2184,NA,NA,NA,NA,NA,NA,NA,NA,NA,NA,NA,0,NA,NA,NA,NA,NA,NA,NA,NA,NA,NA,NA,NA,11,NA,NA,NA,NA,NA,NA,NA,NA,NA,NA,NA,NA,9,NA,NA,NA,NA,NA,NA,NA,NA,NA,NA,NA,NA,2,NA,2.377461195,NA,NA,NA,NA,NA,NA,NA,NA,NA,NA,NA,260,NA,NA,NA,NA,NA,NA,NA,NA,NA,NA,NA,NA,12,NA,6.810456276,136.1829987,6.825943947,0.598396897,1.931417465,11.87847614,6.92373991,14.16674328,11.01171589,568.7049561,-1.413802147,-985.7395576,-1684.989323,RufousTailedHawk,15
2185,NA,NA,NA,NA,NA,NA,NA,NA,NA,NA,0,0,0,NA,NA,NA,NA,NA,NA,NA,NA,NA,NA,70,20,10,NA,NA,NA,NA,NA,NA,NA,NA,NA,NA,11,11,10,NA,NA,NA,NA,NA,NA,NA,NA,NA,NA,2,2,2,5.360605717,NA,NA,NA,NA,NA,NA,NA,NA,NA,NA,297,264,259,NA,NA,NA,NA,NA,NA,NA,NA,NA,NA,11,12,13,4.288703442,112.1339569,16.04861259,2.314360619,2.670610905,19.88768578,6.448230743,21.37470436,23.65334129,1068.901855,0.941554964,-970.7395576,-1684.989323,RufousTailedHawk,15
2197,0,0,0,NA,0,NA,NA,0,NA,NA,0,1,0,142,150,180,NA,180,NA,NA,20,NA,NA,120,40,3,9,10,10,NA,11,NA,NA,13,NA,NA,16,12,10,2,2,2,NA,2,NA,NA,1,NA,NA,3,3,1,93.16829681,44,256,356,NA,290,NA,NA,267,NA,NA,288,326,334,1,2,3,NA,5,NA,NA,8,NA,NA,11,12,13,8.108399391,535.4804077,0.208321497,0.359159768,3.332031488,19.78528595,6.611266613,5.520435333,4.920600414,81.74427032,-0.237421229,-1105.739558,-1699.989323,RufousTailedHawk,15
2202,NA,NA,NA,0,NA,1,NA,NA,NA,NA,NA,NA,NA,NA,NA,NA,180,NA,20,NA,NA,NA,NA,NA,NA,NA,NA,NA,NA,11,NA,20,NA,NA,NA,NA,NA,NA,NA,NA,NA,NA,2,NA,1,NA,NA,NA,NA,NA,NA,NA,22.94731331,NA,NA,NA,47,NA,31,NA,NA,NA,NA,NA,NA,NA,NA,NA,NA,4,NA,6,NA,NA,NA,NA,NA,NA,NA,4.860174656,246.3509979,5.033020973,4.119634628,4.553038120,24.32861137,11.01055431,17.35684586,14.94723511,875.881958,-0.385589182,-1030.739558,-1699.989323,RufousTailedHawk,15
2203,NA,NA,NA,0,NA,0,NA,0,NA,0,0,0,NA,NA,NA,NA,270,NA,10,NA,4,NA,4,30,30,NA,NA,NA,NA,17,NA,7,NA,9,NA,15,16,7,NA,NA,NA,NA,2,NA,1,NA,2,NA,1,2,1,NA,9.304725647,NA,NA,NA,345,NA,25,NA,31,NA,356,273,11,NA,NA,NA,NA,4,NA,6,NA,8,NA,10,11,12,NA,6.76560545,196.5304108,4.044993877,3.14338398,6.260636330,25.46083832,9.468906403,11.71024132,14.75419521,553.4501343,-2.806312799,-1015.739558,-1699.989323,RufousTailedHawk,15
2204,NA,NA,NA,NA,NA,NA,NA,0,0,NA,0,0,0,NA,NA,NA,NA,NA,NA,NA,5,1,NA,30,30,120,NA,NA,NA,NA,NA,NA,NA,18,17,NA,17,17,10,NA,NA,NA,NA,NA,NA,NA,1,2,NA,2,2,2,2.65478301,NA,NA,NA,NA,NA,NA,NA,287,33,NA,272,244,276,NA,NA,NA,NA,NA,NA,NA,8,9,NA,11,12,13,8.020251274,160.7088013,2.586054802,2.489937305,4.672898293,11.83727455,6.993322372,8.836945534,5.831055164,317.9678345,-3.13852787,-1000.739558,-1699.989323,RufousTailedHawk,15
2205,NA,NA,NA,NA,NA,NA,NA,NA,NA,NA,NA,1,0,NA,NA,NA,NA,NA,NA,NA,NA,NA,NA,NA,180,5,NA,NA,NA,NA,NA,NA,NA,NA,NA,NA,NA,8,9,NA,NA,NA,NA,NA,NA,NA,NA,NA,NA,NA,1,1,6.394155025,NA,NA,NA,NA,NA,NA,NA,NA,NA,NA,NA,259,322,NA,NA,NA,NA,NA,NA,NA,NA,NA,NA,NA,12,13,5.338889122,135.8829498,5.341560841,3.624151707,11.298362730,26.11956406,17.78565979,15.69595242,14.40434456,848.3156128,1.020850539,-985.7395576,-1699.989323,RufousTailedHawk,15
2222,NA,NA,NA,0,NA,NA,NA,0,0,0,0,0,0,NA,NA,NA,60,NA,NA,NA,15,120,10,10,15,1,NA,NA,NA,7,NA,NA,NA,5,13,15,11,10,16,NA,NA,NA,2,NA,NA,NA,1,2,2,2,2,1,6.415176392,NA,NA,NA,345,NA,NA,NA,33,365,342,267,280,39,NA,NA,NA,4,NA,NA,NA,8,9,10,11,12,13,6.828224182,195.8210297,5.10347271,3.233106852,6.218839169,23.56652832,12.29659081,13.16933727,10.96209335,518.8202515,-0.902308762,-1015.739558,-1714.989323,RufousTailedHawk,15
2223,0,NA,NA,NA,0,0,NA,NA,0,0,0,0,0,31,NA,NA,NA,30,20,NA,NA,60,30,60,60,10,10,NA,NA,NA,16,15,NA,NA,6,18,16,0,15,2,NA,NA,NA,5,1,NA,NA,1,1,2,2,1,6.030106068,43,NA,NA,NA,361,57,NA,NA,13,356,269,282,245,1,NA,NA,NA,5,6,NA,NA,9,10,11,12,13,5.020869732,154.1628571,3.116855621,3.3402493,14.748571400,32.1546402,22.45188713,14.3166132,8.090673447,895.2818604,-0.098644644,-1000.739558,-1714.989323,RufousTailedHawk,15
2226,NA,NA,NA,NA,NA,NA,NA,NA,NA,NA,NA,0,NA,NA,NA,NA,NA,NA,NA,NA,NA,NA,NA,NA,33,NA,NA,NA,NA,NA,NA,NA,NA,NA,NA,NA,NA,18,NA,NA,NA,NA,NA,NA,NA,NA,NA,NA,NA,NA,2,NA,5.224811077,NA,NA,NA,NA,NA,NA,NA,NA,NA,NA,NA,365,NA,NA,NA,NA,NA,NA,NA,NA,NA,NA,NA,NA,12,NA,4.396764755,78.67302704,18.36638069,2.581201077,2.096913815,17.60394669,3.217800379,17.48303223,35.44576645,1108.688599,-2.075399876,-955.7395576,-1714.989323,RufousTailedHawk,15
2227,NA,NA,NA,NA,NA,NA,NA,NA,0,0,NA,NA,NA,NA,NA,NA,NA,NA,NA,NA,NA,87,80,NA,NA,NA,NA,NA,NA,NA,NA,NA,NA,NA,12,14,NA,NA,NA,NA,NA,NA,NA,NA,NA,NA,NA,1,5,NA,NA,NA,197.5336609,NA,NA,NA,NA,NA,NA,NA,NA,285,286,NA,NA,NA,NA,NA,NA,NA,NA,NA,NA,NA,9,10,NA,NA,NA,7.016428471,571.6997681,0.028698275,2.894374847,2.769789696,44.10187912,32.61710358,2.847037792,7.440037727,351.1631775,3.114553213,-1240.739558,-1729.989323,RufousTailedHawk,15
2240,NA,NA,0,NA,NA,NA,NA,0,0,NA,0,0,0,NA,NA,60,NA,NA,NA,NA,20,180,NA,10,120,60,NA,NA,17,NA,NA,NA,NA,17,16,NA,11,17,10,NA,NA,2,NA,NA,NA,NA,1,2,NA,1,1,3,4.401832104,NA,NA,37,NA,NA,NA,NA,287,289,NA,26,19,260,NA,NA,3,NA,NA,NA,NA,8,9,NA,11,12,13,5.828087807,191.2705688,3.808984756,3.054964542,7.656035423,27.62940788,16.14532089,16.81372643,12.28554821,709.5269775,-0.186109319,-1015.739558,-1729.989323,RufousTailedHawk,15
2241,NA,NA,NA,NA,NA,NA,NA,0,NA,NA,0,NA,NA,NA,NA,NA,NA,NA,NA,NA,29,NA,NA,30,NA,NA,NA,NA,NA,NA,NA,NA,NA,19,NA,NA,12,NA,NA,NA,NA,NA,NA,NA,NA,NA,2,NA,NA,2,NA,NA,6.613639355,NA,NA,NA,NA,NA,NA,NA,31,NA,NA,294,NA,NA,NA,NA,NA,NA,NA,NA,NA,8,NA,NA,11,NA,NA,4.11082983,156.3742065,12.03079414,2.11479044,6.780759335,27.38319588,12.48708153,18.8800621,18.68665504,1093.22583,4.620671272,-1000.739558,-1729.989323,RufousTailedHawk,15
2242,NA,NA,0,NA,0,NA,NA,0,0,0,0,0,0,NA,NA,180,NA,30,NA,NA,40,72,60,20,120,30,NA,NA,9,NA,7,NA,NA,20,11,14,15,13,12,NA,NA,4,NA,4,NA,NA,1,1,1,2,2,2,5.462749958,NA,NA,320,NA,327,NA,NA,279,308,251,267,280,281,NA,NA,3,NA,5,NA,NA,8,9,10,11,12,13,6.005359173,117.1652069,7.36126852,3.245099068,10.347713470,29.0313797,15.01092148,18.2226162,15.97457886,741.7525024,-1.910471082,-985.7395576,-1729.989323,RufousTailedHawk,15
2243,NA,NA,0,0,0,NA,NA,0,0,0,0,0,0,NA,NA,120,300,180,NA,NA,25,14,56,45,20,15,NA,NA,7,6,10,NA,NA,9,9,11,13,13,14,NA,NA,2,5,2,NA,NA,1,1,1,2,2,2,3.521794319,NA,NA,325,303,10,NA,NA,30,308,358,277,43,281,NA,NA,3,4,5,NA,NA,8,9,10,11,12,13,5.880554199,92.84874725,11.37183857,3.082693577,5.049193859,23.22063828,6.921754837,18.96476555,29.14067841,790.9185791,-3.318584204,-970.7395576,-1729.989323,RufousTailedHawk,15
2244,NA,NA,NA,NA,NA,NA,NA,0,NA,NA,NA,NA,NA,NA,NA,NA,NA,NA,NA,NA,75,NA,NA,NA,NA,NA,NA,NA,NA,NA,NA,NA,NA,17,NA,NA,NA,NA,NA,NA,NA,NA,NA,NA,NA,NA,1,NA,NA,NA,NA,NA,5.224811077,NA,NA,NA,NA,NA,NA,NA,29,NA,NA,NA,NA,NA,NA,NA,NA,NA,NA,NA,NA,8,NA,NA,NA,NA,NA,4.396764755,78.67302704,18.36638069,2.581201077,2.096913815,17.60394669,3.217800379,17.48303223,35.44576645,1108.688599,-2.075399876,-955.7395576,-1729.989323,RufousTailedHawk,15
2245,NA,NA,NA,NA,NA,NA,NA,NA,0,NA,NA,NA,0,NA,NA,NA,NA,NA,NA,NA,NA,5,NA,NA,NA,10,NA,NA,NA,NA,NA,NA,NA,NA,15,NA,NA,NA,18,NA,NA,NA,NA,NA,NA,NA,NA,3,NA,NA,NA,1,4.641278267,NA,NA,NA,NA,NA,NA,NA,NA,20,NA,NA,NA,337,NA,NA,NA,NA,NA,NA,NA,NA,9,NA,NA,NA,13,3.006486416,66.53475952,34.55491638,2.137823582,0.244977564,11.28663731,1.491402388,11.76843357,34.23335648,1420.755005,1.515643597,-940.7395576,-1729.989323,RufousTailedHawk,15
2257,NA,NA,0,NA,NA,NA,NA,0,0,NA,0,0,0,NA,NA,240,NA,NA,NA,NA,60,60,NA,15,50,10,NA,NA,10,NA,NA,NA,NA,15,18,NA,11,16,10,NA,NA,3,NA,NA,NA,NA,4,1,NA,2,3,2,9.075466156,NA,NA,342,NA,NA,NA,NA,325,305,NA,267,306,281,NA,NA,3,NA,NA,NA,NA,8,9,NA,11,12,13,6.081142902,183.3097382,4.0422225,7.347619534,10.666699410,31.08997154,17.77865791,16.92351151,11.48093891,671.0844727,-2.882172823,-1015.739558,-1744.989323,RufousTailedHawk,15
2258,NA,NA,0,NA,NA,NA,NA,0,0,0,0,0,0,NA,NA,120,NA,NA,NA,NA,10,1,15,30,6,45,NA,NA,8,NA,NA,NA,NA,17,19,17,12,19,10,NA,NA,2,NA,NA,NA,NA,2,2,1,2,1,2,3.061000824,NA,NA,318,NA,NA,NA,NA,280,33,358,267,351,281,NA,NA,3,NA,NA,NA,NA,8,9,10,11,12,13,6.919296265,145.7507782,4.800107956,4.771243572,11.039571760,31.88403511,14.75464344,17.26457596,14.26433182,540.0421143,-1.290387034,-1000.739558,-1744.989323,RufousTailedHawk,15
2259,0,0,0,0,0,NA,0,0,0,0,1,0,0,60,180,240,150,30,NA,120,45,75,120,245,4,49,14,16,10,8,10,NA,10,18,11,13,12,16,18,2,1,2,8,1,NA,9,2,3,2,1,1,3,4.503183842,314,53,366,292,55,NA,27,341,306,47,43,338,274,1,2,3,4,5,NA,7,8,9,10,11,12,13,6.691322327,113.3935547,6.43494463,3.260672331,7.241609573,27.29648399,13.55763817,13.55151844,14.80182171,610.8023682,0.981028557,-985.7395576,-1744.989323,RufousTailedHawk,15
2260,NA,NA,0,NA,NA,NA,NA,NA,NA,NA,NA,0,NA,NA,NA,90,NA,NA,NA,NA,NA,NA,NA,NA,17,NA,NA,NA,17,NA,NA,NA,NA,NA,NA,NA,NA,12,NA,NA,NA,3,NA,NA,NA,NA,NA,NA,NA,NA,2,NA,4.514538288,NA,NA,1,NA,NA,NA,NA,NA,NA,NA,NA,3,NA,NA,NA,3,NA,NA,NA,NA,NA,NA,NA,NA,12,NA,7.643082619,87.98931885,7.357735634,0.936161637,4.597740650,16.99206161,4.879555702,14.4048214,19.00676727,441.3277893,-7.491244316,-970.7395576,-1744.989323,RufousTailedHawk,15
2261,NA,NA,NA,NA,NA,NA,NA,0,NA,NA,NA,NA,NA,NA,NA,NA,NA,NA,NA,NA,30,NA,NA,NA,NA,NA,NA,NA,NA,NA,NA,NA,NA,16,NA,NA,NA,NA,NA,NA,NA,NA,NA,NA,NA,NA,4,NA,NA,NA,NA,NA,2.596967936,NA,NA,NA,NA,NA,NA,NA,11,NA,NA,NA,NA,NA,NA,NA,NA,NA,NA,NA,NA,8,NA,NA,NA,NA,NA,7.594959259,66.24939728,6.680512905,1.486455917,1.765027046,15.64321613,2.652206182,15.5907011,20.21928215,481.3955383,-2.765147686,-955.7395576,-1744.989323,RufousTailedHawk,15
2262,NA,NA,0,0,NA,0,0,0,0,0,0,0,0,NA,NA,120,12,NA,140,45,30,30,16,30,14,5,NA,NA,18,10,NA,9,9,16,15,10,15,11,19,NA,NA,2,4,NA,1,2,2,3,3,2,2,1,2.373471975,NA,NA,326,12,NA,42,329,361,20,343,277,349,337,NA,NA,3,4,NA,6,7,8,9,10,11,12,13,7.184528351,47.11400223,22.5772953,2.804305553,0.467342019,15.07224083,1.744048834,20.94158936,28.61445618,614.5165405,-0.162004024,-940.7395576,-1744.989323,RufousTailedHawk,15
2271,NA,NA,NA,NA,NA,NA,NA,0,NA,NA,NA,NA,NA,NA,NA,NA,NA,NA,NA,NA,200,NA,NA,NA,NA,NA,NA,NA,NA,NA,NA,NA,NA,7,NA,NA,NA,NA,NA,NA,NA,NA,NA,NA,NA,NA,2,NA,NA,NA,NA,NA,5.642033577,NA,NA,NA,NA,NA,NA,NA,283,NA,NA,NA,NA,NA,NA,NA,NA,NA,NA,NA,NA,8,NA,NA,NA,NA,NA,7.450520515,189.3220215,2.889031172,4.716352463,12.217833520,33.50856018,21.44740105,14.09529686,9.091166496,402.2331543,0.255968302,-1015.739558,-1759.989323,RufousTailedHawk,15
2272,NA,NA,NA,NA,NA,NA,NA,0,NA,NA,NA,NA,0,NA,NA,NA,NA,NA,NA,NA,15,NA,NA,NA,NA,45,NA,NA,NA,NA,NA,NA,NA,16,NA,NA,NA,NA,18,NA,NA,NA,NA,NA,NA,NA,2,NA,NA,NA,NA,1,2.850556135,NA,NA,NA,NA,NA,NA,NA,282,NA,NA,NA,NA,353,NA,NA,NA,NA,NA,NA,NA,8,NA,NA,NA,NA,13,7.927450657,146.4900055,2.185587406,6.733840942,13.510928150,29.02112961,15.94014168,17.7466774,11.78962708,338.5102844,-2.276858568,-1000.739558,-1759.989323,RufousTailedHawk,15
2273,NA,NA,NA,NA,NA,NA,NA,NA,NA,NA,NA,NA,0,NA,NA,NA,NA,NA,NA,NA,NA,NA,NA,NA,NA,15,NA,NA,NA,NA,NA,NA,NA,NA,NA,NA,NA,NA,17,NA,NA,NA,NA,NA,NA,NA,NA,NA,NA,NA,NA,2,3.595218182,NA,NA,NA,NA,NA,NA,NA,NA,NA,NA,NA,NA,332,NA,NA,NA,NA,NA,NA,NA,NA,NA,NA,NA,NA,13,4.912246704,128.5724792,15.78864574,2.49646163,7.840709209,20.92253685,7.70239687,20.31956863,19.26735878,955.762085,4.141328335,-985.7395576,-1759.989323,RufousTailedHawk,15
2274,NA,NA,NA,NA,NA,NA,NA,NA,0,NA,NA,NA,NA,NA,NA,NA,NA,NA,NA,NA,NA,132,NA,NA,NA,NA,NA,NA,NA,NA,NA,NA,NA,NA,16,NA,NA,NA,NA,NA,NA,NA,NA,NA,NA,NA,NA,2,NA,NA,NA,NA,4.132977962,NA,NA,NA,NA,NA,NA,NA,NA,52,NA,NA,NA,NA,NA,NA,NA,NA,NA,NA,NA,NA,9,NA,NA,NA,NA,4.639513016,98.14593506,10.76091099,2.604767799,5.970072746,26.11058426,9.325296402,16.00270081,20.68855667,1025.415771,0.852745175,-970.7395576,-1759.989323,RufousTailedHawk,15
2276,NA,NA,NA,NA,NA,NA,NA,NA,NA,NA,NA,0,NA,NA,NA,NA,NA,NA,NA,NA,NA,NA,NA,NA,180,NA,NA,NA,NA,NA,NA,NA,NA,NA,NA,NA,NA,8,NA,NA,NA,NA,NA,NA,NA,NA,NA,NA,NA,NA,1,NA,2.373471975,NA,NA,NA,NA,NA,NA,NA,NA,NA,NA,NA,41,NA,NA,NA,NA,NA,NA,NA,NA,NA,NA,NA,NA,12,NA,7.184528351,47.11400223,22.5772953,2.804305553,0.467342019,15.07224083,1.744048834,20.94158936,28.61445618,614.5165405,-0.162004024,-940.7395576,-1759.989323,RufousTailedHawk,15
2286,NA,NA,NA,NA,NA,NA,NA,0,NA,NA,NA,NA,0,NA,NA,NA,NA,NA,NA,NA,145,NA,NA,NA,NA,108,NA,NA,NA,NA,NA,NA,NA,8,NA,NA,NA,NA,16,NA,NA,NA,NA,NA,NA,NA,2,NA,NA,NA,NA,2,3.17224288,NA,NA,NA,NA,NA,NA,NA,284,NA,NA,NA,NA,316,NA,NA,NA,NA,NA,NA,NA,8,NA,NA,NA,NA,13,7.162675858,198.6053772,1.289428592,2.065281153,10.980267520,38.7277832,21.21684837,9.679445267,11.39369297,449.3429565,-7.876581192,-1015.739558,-1774.989323,RufousTailedHawk,15
2289,NA,NA,NA,NA,NA,NA,NA,NA,NA,NA,NA,0,NA,NA,NA,NA,NA,NA,NA,NA,NA,NA,NA,NA,220,NA,NA,NA,NA,NA,NA,NA,NA,NA,NA,NA,NA,9,NA,NA,NA,NA,NA,NA,NA,NA,NA,NA,NA,NA,1,NA,2.500144482,NA,NA,NA,NA,NA,NA,NA,NA,NA,NA,NA,353,NA,NA,NA,NA,NA,NA,NA,NA,NA,NA,NA,NA,12,NA,4.383789063,101.9087524,15.84327221,3.20953083,6.318830490,15.99028873,5.615169525,24.54314804,19.28792572,1038.960205,-6.686745167,-970.7395576,-1774.989323,RufousTailedHawk,15
2290,NA,NA,NA,NA,NA,NA,NA,NA,NA,NA,NA,0,NA,NA,NA,NA,NA,NA,NA,NA,NA,NA,NA,NA,125,NA,NA,NA,NA,NA,NA,NA,NA,NA,NA,NA,NA,15,NA,NA,NA,NA,NA,NA,NA,NA,NA,NA,NA,NA,1,NA,3.474036455,NA,NA,NA,NA,NA,NA,NA,NA,NA,NA,NA,353,NA,NA,NA,NA,NA,NA,NA,NA,NA,NA,NA,NA,12,NA,3.573629856,85.11522675,23.48704147,3.193338633,3.141767025,13.72519112,2.603377104,21.72292137,26.92946625,1249.846191,2.05513978,-955.7395576,-1774.989323,RufousTailedHawk,15
2300,NA,NA,NA,NA,NA,NA,NA,0,NA,NA,NA,NA,NA,NA,NA,NA,NA,NA,NA,NA,75,NA,NA,NA,NA,NA,NA,NA,NA,NA,NA,NA,NA,11,NA,NA,NA,NA,NA,NA,NA,NA,NA,NA,NA,NA,2,NA,NA,NA,NA,NA,5.919392109,NA,NA,NA,NA,NA,NA,NA,284,NA,NA,NA,NA,NA,NA,NA,NA,NA,NA,NA,NA,8,NA,NA,NA,NA,NA,6.121917725,274.9405212,4.046380997,2.236215591,6.727076530,30.66729546,12.49990082,17.90974617,13.60696888,620.7521973,-0.316290319,-1030.739558,-1789.989323,RufousTailedHawk,15
2303,NA,NA,NA,NA,NA,NA,NA,NA,0,NA,NA,0,0,NA,NA,NA,NA,NA,NA,NA,NA,15,NA,NA,16,120,NA,NA,NA,NA,NA,NA,NA,NA,12,NA,NA,14,9,NA,NA,NA,NA,NA,NA,NA,NA,2,NA,NA,1,1,10.67621899,NA,NA,NA,NA,NA,NA,NA,NA,35,NA,NA,291,262,NA,NA,NA,NA,NA,NA,NA,NA,9,NA,NA,12,13,3.479265213,151.8761749,11.81604767,2.015791655,5.557007313,14.10054684,5.780827999,16.7570343,14.15663052,1180.274536,-0.559201956,-985.7395576,-1789.989323,RufousTailedHawk,15
2305,NA,NA,NA,NA,NA,NA,NA,NA,NA,NA,NA,0,NA,NA,NA,NA,NA,NA,NA,NA,NA,NA,NA,NA,80,NA,NA,NA,NA,NA,NA,NA,NA,NA,NA,NA,NA,9,NA,NA,NA,NA,NA,NA,NA,NA,NA,NA,NA,NA,2,NA,12.19606781,NA,NA,NA,NA,NA,NA,NA,NA,NA,NA,NA,39,NA,NA,NA,NA,NA,NA,NA,NA,NA,NA,NA,NA,12,NA,2.122990131,88.72653961,35.57345581,2.170198679,0.667735398,5.223969936,2.597477436,19.88562584,30.26618004,1522.251221,-3.455689907,-955.7395576,-1789.989323,RufousTailedHawk,15
2313,NA,NA,NA,NA,NA,NA,NA,0,NA,NA,NA,NA,NA,NA,NA,NA,NA,NA,NA,NA,60,NA,NA,NA,NA,NA,NA,NA,NA,NA,NA,NA,NA,9,NA,NA,NA,NA,NA,NA,NA,NA,NA,NA,NA,NA,2,NA,NA,NA,NA,NA,24.13698006,NA,NA,NA,NA,NA,NA,NA,310,NA,NA,NA,NA,NA,NA,NA,NA,NA,NA,NA,NA,8,NA,NA,NA,NA,NA,5.685089588,353.1137695,2.959707022,1.665865183,6.056014538,31.18066025,14.25654316,14.68253422,6.476877689,675.111145,-4.198115826,-1045.739558,-1804.989323,RufousTailedHawk,15
2314,NA,NA,NA,NA,NA,NA,NA,0,NA,NA,NA,NA,0,NA,NA,NA,NA,NA,NA,NA,60,NA,NA,NA,NA,58,NA,NA,NA,NA,NA,NA,NA,10,NA,NA,NA,NA,6,NA,NA,NA,NA,NA,NA,NA,2,NA,NA,NA,NA,1,17.9468689,NA,NA,NA,NA,NA,NA,NA,311,NA,NA,NA,NA,316,NA,NA,NA,NA,NA,NA,NA,8,NA,NA,NA,NA,13,6.861991405,289.7001038,3.923559666,1.500304937,6.737911701,31.17806053,21.74793434,13.12252522,12.67645741,463.2090149,-3.823312521,-1030.739558,-1804.989323,RufousTailedHawk,15
2317,NA,NA,NA,NA,NA,NA,NA,NA,NA,NA,NA,0,NA,NA,NA,NA,NA,NA,NA,NA,NA,NA,NA,NA,13,NA,NA,NA,NA,NA,NA,NA,NA,NA,NA,NA,NA,18,NA,NA,NA,NA,NA,NA,NA,NA,NA,NA,NA,NA,1,NA,4.292663097,NA,NA,NA,NA,NA,NA,NA,NA,NA,NA,NA,39,NA,NA,NA,NA,NA,NA,NA,NA,NA,NA,NA,NA,12,NA,2.477806091,164.9339142,14.99595737,2.253906488,4.118631840,10.30620575,4.632287979,13.84999657,12.25084496,1347.62146,4.658942223,-985.7395576,-1804.989323,RufousTailedHawk,15
2319,NA,NA,NA,NA,NA,NA,NA,NA,NA,NA,NA,0,NA,NA,NA,NA,NA,NA,NA,NA,NA,NA,NA,NA,91,NA,NA,NA,NA,NA,NA,NA,NA,NA,NA,NA,NA,10,NA,NA,NA,NA,NA,NA,NA,NA,NA,NA,NA,NA,1,NA,12.19606781,NA,NA,NA,NA,NA,NA,NA,NA,NA,NA,NA,359,NA,NA,NA,NA,NA,NA,NA,NA,NA,NA,NA,NA,12,NA,2.122990131,88.72653961,35.57345581,2.170198679,0.667735398,5.223969936,2.597477436,19.88562584,30.26618004,1522.251221,-3.455689907,-955.7395576,-1804.989323,RufousTailedHawk,15
2330,NA,NA,0,NA,NA,0,0,0,0,0,0,0,0,NA,NA,45,NA,NA,204,300,120,221,180,90,90,25,NA,NA,10,NA,NA,7,11,8,8,9,17,17,17,NA,NA,2,NA,NA,1,2,1,1,10,4,1,1,44.95320129,NA,NA,8,NA,NA,301,56,273,286,287,327,292,300,NA,NA,3,NA,NA,6,7,8,9,10,11,12,13,7.688998699,446.8073425,1.570937157,2.159573793,3.241129875,28.82289124,9.462010384,10.35897255,12.78015137,224.5283661,-7.596113682,-1060.739558,-1819.989323,RufousTailedHawk,15
2336,NA,NA,NA,NA,NA,NA,NA,NA,NA,NA,NA,0,NA,NA,NA,NA,NA,NA,NA,NA,NA,NA,NA,NA,32,NA,NA,NA,NA,NA,NA,NA,NA,NA,NA,NA,NA,11,NA,NA,NA,NA,NA,NA,NA,NA,NA,NA,NA,NA,1,NA,9.143258095,NA,NA,NA,NA,NA,NA,NA,NA,NA,NA,NA,358,NA,NA,NA,NA,NA,NA,NA,NA,NA,NA,NA,NA,12,NA,3.239814758,126.3037872,15.87758636,0.819351614,3.018733978,11.87584496,3.709750175,20.12576294,18.32748795,1247.871704,1.370944023,-970.7395576,-1819.989323,RufousTailedHawk,15
2337,NA,NA,NA,NA,NA,NA,NA,NA,NA,NA,NA,0,NA,NA,NA,NA,NA,NA,NA,NA,NA,NA,NA,NA,81,NA,NA,NA,NA,NA,NA,NA,NA,NA,NA,NA,NA,10,NA,NA,NA,NA,NA,NA,NA,NA,NA,NA,NA,NA,1,NA,9.143258095,NA,NA,NA,NA,NA,NA,NA,NA,NA,NA,NA,360,NA,NA,NA,NA,NA,NA,NA,NA,NA,NA,NA,NA,12,NA,3.239814758,126.3037872,15.87758636,0.819351614,3.018733978,11.87584496,3.709750175,20.12576294,18.32748795,1247.871704,1.370944023,-955.7395576,-1819.989323,RufousTailedHawk,15
2349,NA,NA,NA,NA,NA,0,NA,NA,NA,NA,0,NA,NA,NA,NA,NA,NA,NA,28,NA,NA,NA,NA,15,NA,NA,NA,NA,NA,NA,NA,11,NA,NA,NA,NA,13,NA,NA,NA,NA,NA,NA,NA,2,NA,NA,NA,NA,1,NA,NA,48.07542419,NA,NA,NA,NA,NA,58,NA,NA,NA,NA,23,NA,NA,NA,NA,NA,NA,NA,6,NA,NA,NA,NA,11,NA,NA,6.343158722,379.5323181,4.846335888,2.103866339,5.613436222,28.18703651,13.02590752,13.90046883,11.43944263,489.3078918,-5.364814758,-1045.739558,-1834.989323,RufousTailedHawk,15
2350,NA,NA,NA,NA,NA,NA,NA,NA,NA,NA,NA,NA,0,NA,NA,NA,NA,NA,NA,NA,NA,NA,NA,NA,NA,20,NA,NA,NA,NA,NA,NA,NA,NA,NA,NA,NA,NA,23,NA,NA,NA,NA,NA,NA,NA,NA,NA,NA,NA,NA,1,38.32161713,NA,NA,NA,NA,NA,NA,NA,NA,NA,NA,NA,NA,364,NA,NA,NA,NA,NA,NA,NA,NA,NA,NA,NA,NA,13,6.245913029,317.2959595,3.740990162,2.899026632,3.067888021,31.89842606,14.33229733,16.49027824,15.36474419,558.3309326,-0.60770607,-1030.739558,-1834.989323,RufousTailedHawk,15
2360,NA,NA,NA,NA,NA,0,NA,NA,NA,NA,NA,NA,NA,NA,NA,NA,NA,NA,10,NA,NA,NA,NA,NA,NA,NA,NA,NA,NA,NA,NA,15,NA,NA,NA,NA,NA,NA,NA,NA,NA,NA,NA,NA,1,NA,NA,NA,NA,NA,NA,NA,140.9981537,NA,NA,NA,NA,NA,301,NA,NA,NA,NA,NA,NA,NA,NA,NA,NA,NA,NA,6,NA,NA,NA,NA,NA,NA,NA,7.551706314,1036.137207,1.364618063,0.010526788,2.267839909,17.67893219,5.238483429,3.737199068,7.735746384,64.48623657,0.229699805,-1150.739558,-1849.989323,RufousTailedHawk,15
2373,NA,NA,NA,NA,NA,NA,NA,NA,NA,NA,NA,0,NA,NA,NA,NA,NA,NA,NA,NA,NA,NA,NA,NA,14,NA,NA,NA,NA,NA,NA,NA,NA,NA,NA,NA,NA,11,NA,NA,NA,NA,NA,NA,NA,NA,NA,NA,NA,NA,1,NA,11.51717472,NA,NA,NA,NA,NA,NA,NA,NA,NA,NA,NA,28,NA,NA,NA,NA,NA,NA,NA,NA,NA,NA,NA,NA,12,NA,6.132162094,100.4199753,8.111685753,6.925405979,6.953265667,22.08860588,17.01185989,16.50844002,18.76408958,702.3096924,-1.987597466,-955.7395576,-1849.989323,RufousTailedHawk,15
2385,NA,NA,NA,NA,NA,NA,NA,NA,NA,NA,0,0,NA,NA,NA,NA,NA,NA,NA,NA,NA,NA,NA,240,18,NA,NA,NA,NA,NA,NA,NA,NA,NA,NA,NA,9,17,NA,NA,NA,NA,NA,NA,NA,NA,NA,NA,NA,8,1,NA,75.4369278,NA,NA,NA,NA,NA,NA,NA,NA,NA,NA,328,341,NA,NA,NA,NA,NA,NA,NA,NA,NA,NA,NA,11,12,NA,7.031495094,482.6747437,5.497610092,1.50444603,4.828230858,22.18011475,13.7686491,14.03339672,11.22827053,296.8282166,-4.954913139,-1060.739558,-1864.989323,RufousTailedHawk,15
2392,NA,NA,NA,NA,NA,NA,NA,NA,NA,NA,NA,0,NA,NA,NA,NA,NA,NA,NA,NA,NA,NA,NA,NA,96,NA,NA,NA,NA,NA,NA,NA,NA,NA,NA,NA,NA,9,NA,NA,NA,NA,NA,NA,NA,NA,NA,NA,NA,NA,1,NA,11.51717472,NA,NA,NA,NA,NA,NA,NA,NA,NA,NA,NA,29,NA,NA,NA,NA,NA,NA,NA,NA,NA,NA,NA,NA,12,NA,6.132162094,100.4199753,8.111685753,6.925405979,6.953265667,22.08860588,17.01185989,16.50844002,18.76408958,702.3096924,-1.987597466,-955.7395576,-1864.989323,RufousTailedHawk,15
2396,NA,NA,NA,NA,NA,NA,NA,NA,NA,NA,NA,NA,0,NA,NA,NA,NA,NA,NA,NA,NA,NA,NA,NA,NA,1,NA,NA,NA,NA,NA,NA,NA,NA,NA,NA,NA,NA,11,NA,NA,NA,NA,NA,NA,NA,NA,NA,NA,NA,NA,1,171.2990417,NA,NA,NA,NA,NA,NA,NA,NA,NA,NA,NA,NA,15,NA,NA,NA,NA,NA,NA,NA,NA,NA,NA,NA,NA,13,7.333627224,1141.088501,1.049633265,1.137215137,1.134853840,20.39842796,3.407085896,8.388500214,12.90375614,123.6217575,-0.39927271,-1180.739558,-1879.989323,RufousTailedHawk,15
2399,NA,NA,NA,NA,NA,NA,NA,NA,NA,NA,NA,NA,0,NA,NA,NA,NA,NA,NA,NA,NA,NA,NA,NA,NA,56,NA,NA,NA,NA,NA,NA,NA,NA,NA,NA,NA,NA,19,NA,NA,NA,NA,NA,NA,NA,NA,NA,NA,NA,NA,2,137.8937073,NA,NA,NA,NA,NA,NA,NA,NA,NA,NA,NA,NA,338,NA,NA,NA,NA,NA,NA,NA,NA,NA,NA,NA,NA,13,7.643892765,942.4536133,1.649328828,0.49843657,0.631748617,17.92710114,4.647413254,3.960671186,8.063883781,94.64770508,-2.681190491,-1135.739558,-1879.989323,RufousTailedHawk,15
2409,NA,NA,0,NA,NA,0,0,NA,0,0,0,0,0,NA,NA,60,NA,NA,20,120,NA,93,3,66,100,243,NA,NA,18,NA,NA,9,15,NA,10,14,11,19,12,NA,NA,2,NA,NA,1,2,NA,2,2,1,1,1,4.701110363,NA,NA,8,NA,NA,58,38,NA,56,345,24,45,361,NA,NA,3,NA,NA,6,7,NA,9,10,11,12,13,6.438925266,169.4798279,3.542012215,1.109549761,6.520227432,25.31250954,12.86156368,15.97109985,14.53414917,585.7227783,-2.208797693,-985.7395576,-1879.989323,RufousTailedHawk,15
2410,NA,NA,NA,NA,NA,NA,NA,NA,NA,NA,NA,NA,0,NA,NA,NA,NA,NA,NA,NA,NA,NA,NA,NA,NA,180,NA,NA,NA,NA,NA,NA,NA,NA,NA,NA,NA,NA,11,NA,NA,NA,NA,NA,NA,NA,NA,NA,NA,NA,NA,2,8.750439644,NA,NA,NA,NA,NA,NA,NA,NA,NA,NA,NA,NA,364,NA,NA,NA,NA,NA,NA,NA,NA,NA,NA,NA,NA,13,2.57400918,167.787674,16.52390671,4.202888966,2.893223286,5.444771767,2.386570454,20.8574028,5.541146755,1327.111328,6.052153111,-970.7395576,-1879.989323,RufousTailedHawk,15
2440,NA,NA,NA,NA,0,NA,NA,NA,NA,NA,NA,NA,0,NA,NA,NA,NA,30,NA,NA,NA,NA,NA,NA,NA,180,NA,NA,NA,NA,10,NA,NA,NA,NA,NA,NA,NA,8,NA,NA,NA,NA,1,NA,NA,NA,NA,NA,NA,NA,1,104.9144287,NA,NA,NA,NA,6,NA,NA,NA,NA,NA,NA,NA,329,NA,NA,NA,NA,5,NA,NA,NA,NA,NA,NA,NA,13,6.344582081,693.0323486,5.100875378,1.401540875,4.041028023,20.3692112,7.567200661,22.04368973,13.4058609,390.342865,-0.405917525,-1090.739558,-1909.989323,RufousTailedHawk,15
2441,NA,NA,NA,NA,NA,NA,NA,NA,NA,0,NA,NA,NA,NA,NA,NA,NA,NA,NA,NA,NA,NA,73,NA,NA,NA,NA,NA,NA,NA,NA,NA,NA,NA,NA,10,NA,NA,NA,NA,NA,NA,NA,NA,NA,NA,NA,NA,4,NA,NA,NA,91.87667084,NA,NA,NA,NA,NA,NA,NA,NA,NA,288,NA,NA,NA,NA,NA,NA,NA,NA,NA,NA,NA,NA,10,NA,NA,NA,4.417378902,582.2458496,1.996269584,0.171653584,0.823554635,3.148962498,1.402967572,8.818058014,2.056656361,720.229248,-0.035209913,-1075.739558,-1909.989323,RufousTailedHawk,15
2473,NA,NA,NA,NA,NA,NA,NA,NA,NA,0,NA,NA,NA,NA,NA,NA,NA,NA,NA,NA,NA,NA,10,NA,NA,NA,NA,NA,NA,NA,NA,NA,NA,NA,NA,16,NA,NA,NA,NA,NA,NA,NA,NA,NA,NA,NA,NA,1,NA,NA,NA,114.4811707,NA,NA,NA,NA,NA,NA,NA,NA,NA,288,NA,NA,NA,NA,NA,NA,NA,NA,NA,NA,NA,NA,10,NA,NA,NA,6.912197113,944.8684082,3.37598753,1.216319442,2.144006968,24.37539673,5.392895699,15.50907421,14.72650337,285.4147034,-2.258379459,-1120.739558,-1939.989323,RufousTailedHawk,15
2481,NA,NA,NA,0,NA,0,0,0,0,0,0,0,0,NA,NA,NA,40,NA,89,240,20,180,180,10,33,26,NA,NA,NA,12,NA,13,14,17,11,11,14,12,11,NA,NA,NA,2,NA,2,5,3,1,8,2,1,1,30.78460121,NA,NA,NA,15,NA,22,26,313,302,360,298,270,321,NA,NA,NA,4,NA,6,7,8,9,10,11,12,13,3.83878231,214.9658966,11.13590622,1.345683694,6.264355659,15.89647484,10.32477856,20.50038528,17.73169136,1063.403198,-0.283067048,-1000.739558,-1939.989323,RufousTailedHawk,15
2498,NA,NA,NA,NA,NA,NA,NA,NA,NA,0,NA,0,NA,NA,NA,NA,NA,NA,NA,NA,NA,NA,120,NA,60,NA,NA,NA,NA,NA,NA,NA,NA,NA,NA,9,NA,12,NA,NA,NA,NA,NA,NA,NA,NA,NA,NA,1,NA,2,NA,22.55203629,NA,NA,NA,NA,NA,NA,NA,NA,NA,37,NA,337,NA,NA,NA,NA,NA,NA,NA,NA,NA,NA,10,NA,12,NA,1.078422189,315.1659851,2.681380272,26.33525467,0.647069335,3.533925772,1.535107613,6.783914566,2.091319084,1468.818848,4.945213318,-1015.739558,-1954.989323,RufousTailedHawk,15
2499,NA,NA,0,0,NA,NA,NA,0,0,0,0,0,1,NA,NA,60,30,NA,NA,NA,50,30,15,23,22,10,NA,NA,17,11,NA,NA,NA,16,17,15,14,16,8,NA,NA,2,2,NA,NA,NA,2,1,2,1,1,4,17.01620674,NA,NA,32,15,NA,NA,NA,301,302,293,247,311,348,NA,NA,3,4,NA,NA,NA,8,9,10,11,12,13,3.735609055,205.8941956,17.28551292,2.012184143,4.600563049,16.65685844,7.907815933,18.34661102,20.31192207,1086.253906,0.833644331,-1000.739558,-1954.989323,RufousTailedHawk,15
2516,0,NA,NA,NA,NA,0,NA,NA,NA,NA,NA,0,NA,60,NA,NA,NA,NA,60,NA,NA,NA,NA,NA,60,NA,12,NA,NA,NA,NA,12,NA,NA,NA,NA,NA,10,NA,10,NA,NA,NA,NA,10,NA,NA,NA,NA,NA,2,NA,14.84975243,309,NA,NA,NA,NA,294,NA,NA,NA,NA,NA,335,NA,1,NA,NA,NA,NA,6,NA,NA,NA,NA,NA,12,NA,0.82624495,323.6205139,2.41228652,28.5357151,0.235133499,2.153560877,1.179750919,7.780556202,2.438046217,1435.753418,-0.457225919,-1015.739558,-1969.989323,RufousTailedHawk,15
2517,0,0,0,0,0,0,0,0,0,0,0,0,0,180,240,120,30,120,240,180,90,17,45,10,120,120,9,9,23,14,17,17,9,11,19,16,23,11,16,1,1,5,1,1,2,1,1,1,3,1,1,8,4.675444126,295,27,318,283,338,365,306,302,325,277,263,307,340,1,2,3,4,5,6,7,8,9,10,11,12,13,5.448358059,183.490097,11.61159134,5.205858231,3.139097452,20.300354,11.85622883,23.43835068,20.0466938,767.0496826,-1.999199271,-1000.739558,-1969.989323,RufousTailedHawk,15
2532,NA,NA,NA,NA,NA,NA,NA,NA,NA,NA,NA,0,NA,NA,NA,NA,NA,NA,NA,NA,NA,NA,NA,NA,120,NA,NA,NA,NA,NA,NA,NA,NA,NA,NA,NA,NA,18,NA,NA,NA,NA,NA,NA,NA,NA,NA,NA,NA,NA,2,NA,18.26810265,NA,NA,NA,NA,NA,NA,NA,NA,NA,NA,NA,352,NA,NA,NA,NA,NA,NA,NA,NA,NA,NA,NA,NA,12,NA,3.27825141,300.5718384,3.870706558,16.46985435,0.072305776,1.479928255,0.258896917,10.31513977,6.087084293,1044.00354,-0.285808504,-1015.739558,-1984.989323,RufousTailedHawk,15
2533,NA,NA,NA,NA,NA,NA,NA,0,0,0,NA,0,0,NA,NA,NA,NA,NA,NA,NA,12,60,45,NA,150,7,NA,NA,NA,NA,NA,NA,NA,16,19,9,NA,6,13,NA,NA,NA,NA,NA,NA,NA,1,1,1,NA,2,1,8.561408043,NA,NA,NA,NA,NA,NA,NA,299,33,277,NA,354,268,NA,NA,NA,NA,NA,NA,NA,8,9,10,NA,12,13,6.598807812,179.9838715,8.540484428,2.794473886,1.637554049,8.176151276,5.690962315,16.80738068,11.78081989,533.9434204,-2.696256638,-1000.739558,-1984.989323,RufousTailedHawk,15
2534,NA,NA,NA,NA,NA,NA,NA,NA,NA,0,0,NA,0,NA,NA,NA,NA,NA,NA,NA,NA,NA,60,15,NA,6,NA,NA,NA,NA,NA,NA,NA,NA,NA,11,13,NA,9,NA,NA,NA,NA,NA,NA,NA,NA,NA,2,1,NA,1,11.72698307,NA,NA,NA,NA,NA,NA,NA,NA,NA,246,326,NA,304,NA,NA,NA,NA,NA,NA,NA,NA,NA,10,11,NA,13,3.306178808,147.444809,29.42361641,3.008767605,0.330611229,6.293420315,1.20897305,31.15905762,27.39907265,1220.452026,4.002425671,-985.7395576,-1984.989323,RufousTailedHawk,15
2549,NA,NA,NA,NA,NA,NA,NA,NA,NA,NA,NA,0,NA,NA,NA,NA,NA,NA,NA,NA,NA,NA,NA,NA,87,NA,NA,NA,NA,NA,NA,NA,NA,NA,NA,NA,NA,8,NA,NA,NA,NA,NA,NA,NA,NA,NA,NA,NA,NA,2,NA,12.85441589,NA,NA,NA,NA,NA,NA,NA,NA,NA,NA,NA,46,NA,NA,NA,NA,NA,NA,NA,NA,NA,NA,NA,NA,12,NA,6.214333057,190.0673218,7.12133646,1.592844605,1.376266360,3.797376156,1.584514856,15.12526417,7.064072132,562.9539185,0.746009052,-1000.739558,-1999.989323,RufousTailedHawk,15
2572,NA,NA,NA,NA,NA,NA,NA,NA,NA,NA,NA,0,NA,NA,NA,NA,NA,NA,NA,NA,NA,NA,NA,NA,30,NA,NA,NA,NA,NA,NA,NA,NA,NA,NA,NA,NA,10,NA,NA,NA,NA,NA,NA,NA,NA,NA,NA,NA,NA,3,NA,115.2954178,NA,NA,NA,NA,NA,NA,NA,NA,NA,NA,NA,32,NA,NA,NA,NA,NA,NA,NA,NA,NA,NA,NA,NA,12,NA,5.851715565,1077.258301,8.875385284,3.045103312,2.841016769,12.23862076,5.850719929,39.40552521,10.12039757,433.809906,1.249351144,-1120.739558,-2029.989323,RufousTailedHawk,15
2587,NA,NA,NA,NA,0,NA,NA,NA,NA,NA,NA,NA,NA,NA,NA,NA,NA,10,NA,NA,NA,NA,NA,NA,NA,NA,NA,NA,NA,NA,17,NA,NA,NA,NA,NA,NA,NA,NA,NA,NA,NA,NA,1,NA,NA,NA,NA,NA,NA,NA,NA,110.3107452,NA,NA,NA,NA,11,NA,NA,NA,NA,NA,NA,NA,NA,NA,NA,NA,NA,5,NA,NA,NA,NA,NA,NA,NA,NA,6.782173634,991.2822266,1.569667101,0.549737632,2.056358337,21.37770081,4.890559196,18.94824982,18.00831223,182.3899384,0.05327259,-1105.739558,-2044.989323,RufousTailedHawk,15
2593,NA,NA,NA,NA,NA,NA,0,NA,0,NA,NA,0,0,NA,NA,NA,NA,NA,NA,90,NA,30,NA,NA,90,71,NA,NA,NA,NA,NA,NA,14,NA,15,NA,NA,12,14,NA,NA,NA,NA,NA,NA,4,NA,1,NA,NA,2,3,38.55759811,NA,NA,NA,NA,NA,NA,25,NA,275,NA,NA,21,310,NA,NA,NA,NA,NA,NA,7,NA,9,NA,NA,12,13,6.73978281,270.5609741,9.133609772,0.378053695,0.808080196,6.490608215,0.621269882,16.7563591,14.47250748,317.6127014,-1.159533381,-1015.739558,-2044.989323,RufousTailedHawk,15
2607,NA,NA,NA,NA,NA,NA,NA,NA,NA,NA,0,NA,NA,NA,NA,NA,NA,NA,NA,NA,NA,NA,NA,35,NA,NA,NA,NA,NA,NA,NA,NA,NA,NA,NA,NA,12,NA,NA,NA,NA,NA,NA,NA,NA,NA,NA,NA,NA,1,NA,NA,49.76156616,NA,NA,NA,NA,NA,NA,NA,NA,NA,NA,44,NA,NA,NA,NA,NA,NA,NA,NA,NA,NA,NA,NA,11,NA,NA,5.928564548,266.532959,5.280058861,0.718416214,6.771940708,11.88221169,6.811811924,11.04643917,8.661143303,444.1155396,-2.396518469,-1015.739558,-2059.989323,RufousTailedHawk,15
2614,NA,NA,NA,NA,0,NA,NA,NA,NA,NA,NA,NA,NA,NA,NA,NA,NA,60,NA,NA,NA,NA,NA,NA,NA,NA,NA,NA,NA,NA,15,NA,NA,NA,NA,NA,NA,NA,NA,NA,NA,NA,NA,1,NA,NA,NA,NA,NA,NA,NA,NA,127.5781708,NA,NA,NA,NA,13,NA,NA,NA,NA,NA,NA,NA,NA,NA,NA,NA,NA,5,NA,NA,NA,NA,NA,NA,NA,NA,6.374088287,1149.632202,2.844260216,0.49464801,3.339848995,17.37274742,4.823935986,25.9978714,15.05585861,253.806778,0.360855013,-1120.739558,-2074.989323,RufousTailedHawk,15
2621,NA,NA,NA,NA,NA,NA,NA,NA,0,NA,NA,NA,0,NA,NA,NA,NA,NA,NA,NA,NA,20,NA,NA,NA,25,NA,NA,NA,NA,NA,NA,NA,NA,14,NA,NA,NA,10,NA,NA,NA,NA,NA,NA,NA,NA,1,NA,NA,NA,1,40.81586075,NA,NA,NA,NA,NA,NA,NA,NA,9,NA,NA,NA,356,NA,NA,NA,NA,NA,NA,NA,NA,9,NA,NA,NA,13,4.214394569,290.0947266,6.308334827,1.34739089,4.337104797,13.00018215,6.642977238,14.59579277,8.819660187,742.7017822,-0.539906204,-1015.739558,-2074.989323,RufousTailedHawk,15
2622,NA,NA,NA,NA,NA,NA,NA,NA,NA,NA,NA,NA,0,NA,NA,NA,NA,NA,NA,NA,NA,NA,NA,NA,NA,82,NA,NA,NA,NA,NA,NA,NA,NA,NA,NA,NA,NA,14,NA,NA,NA,NA,NA,NA,NA,NA,NA,NA,NA,NA,2,31.38535881,NA,NA,NA,NA,NA,NA,NA,NA,NA,NA,NA,NA,338,NA,NA,NA,NA,NA,NA,NA,NA,NA,NA,NA,NA,13,4.885792732,205.9760284,6.443693161,1.108478546,3.743061543,15.4871645,5.229442596,18.23998642,15.01667213,648.7867432,0.296384454,-1000.739558,-2074.989323,RufousTailedHawk,15
2623,NA,NA,NA,NA,NA,NA,NA,NA,0,NA,0,0,0,NA,NA,NA,NA,NA,NA,NA,NA,17,NA,165,98,195,NA,NA,NA,NA,NA,NA,NA,NA,14,NA,14,13,11,NA,NA,NA,NA,NA,NA,NA,NA,2,NA,1,1,2,22.78485107,NA,NA,NA,NA,NA,NA,NA,NA,279,NA,249,341,289,NA,NA,NA,NA,NA,NA,NA,NA,9,NA,11,12,13,5.992763519,135.6295471,6.412805557,3.747105837,4.037595749,13.88021755,8.413653374,18.51695824,16.32932472,494.5410461,1.038037777,-985.7395576,-2074.989323,RufousTailedHawk,15
2636,0,0,0,0,0,0,0,0,0,0,0,0,0,40,180,90,80,270,140,83,90,20,4,34,62,20,11,15,9,14,14,12,10,14,9,15,15,9,11,6,1,8,1,1,4,1,4,2,1,1,1,6,19.51846695,327,60,46,352,336,265,300,356,314,292,315,313,260,1,2,3,4,5,6,7,8,9,10,11,12,13,4.734325886,216.4655609,5.868649483,1.022361994,5.111921310,12.01600361,6.113306999,16.95181656,9.938557625,594.8688965,-5.129707336,-1000.739558,-2089.989323,RufousTailedHawk,15
2637,0,NA,NA,0,NA,0,0,0,0,0,0,0,0,120,NA,NA,40,NA,3,30,60,60,16,56,23,180,8,NA,NA,13,NA,12,9,10,11,15,11,13,13,6,NA,NA,2,NA,1,1,8,2,2,2,1,2,9.890034676,325,NA,NA,353,NA,297,297,344,260,317,46,342,271,1,NA,NA,4,NA,6,7,8,9,10,11,12,13,5.720630646,145.2492371,6.877738953,6.536731243,4.900747776,12.2244978,8.171995163,19.31726456,15.2527914,498.2442932,-3.861359835,-985.7395576,-2089.989323,RufousTailedHawk,15
2638,NA,NA,NA,NA,NA,NA,NA,NA,NA,0,NA,NA,0,NA,NA,NA,NA,NA,NA,NA,NA,NA,66,NA,NA,32,NA,NA,NA,NA,NA,NA,NA,NA,NA,13,NA,NA,10,NA,NA,NA,NA,NA,NA,NA,NA,NA,1,NA,NA,2,5.066324234,NA,NA,NA,NA,NA,NA,NA,NA,NA,364,NA,NA,343,NA,NA,NA,NA,NA,NA,NA,NA,NA,10,NA,NA,13,2.862631559,140.8120728,17.66261864,6.070166588,4.309664726,11.70388889,8.413820267,26.05239677,25.60309029,1023.257019,1.660373807,-970.7395576,-2089.989323,RufousTailedHawk,15
2652,NA,NA,NA,NA,NA,NA,0,NA,0,0,NA,NA,0,NA,NA,NA,NA,NA,NA,62,NA,45,50,NA,NA,232,NA,NA,NA,NA,NA,NA,18,NA,14,10,NA,NA,14,NA,NA,NA,NA,NA,NA,1,NA,3,3,NA,NA,1,6.250833988,NA,NA,NA,NA,NA,NA,283,NA,332,339,NA,NA,328,NA,NA,NA,NA,NA,NA,7,NA,9,10,NA,NA,13,4.699476242,164.227478,5.863268852,6.678846359,7.275154114,11.0973959,8.91762352,27.39819717,19.59843636,638.2601929,-2.453275442,-985.7395576,-2104.989323,RufousTailedHawk,15
2667,NA,NA,NA,NA,NA,NA,NA,NA,NA,NA,NA,NA,0,NA,NA,NA,NA,NA,NA,NA,NA,NA,NA,NA,NA,240,NA,NA,NA,NA,NA,NA,NA,NA,NA,NA,NA,NA,14,NA,NA,NA,NA,NA,NA,NA,NA,NA,NA,NA,NA,2,24.29929352,NA,NA,NA,NA,NA,NA,NA,NA,NA,NA,NA,NA,339,NA,NA,NA,NA,NA,NA,NA,NA,NA,NA,NA,NA,13,3.329859257,255.5626526,7.298165798,0.922807574,4.661664963,8.989774704,4.141885757,20.52925491,10.5904398,804.4856567,-3.139555216,-1000.739558,-2119.989323,RufousTailedHawk,15
2669,NA,0,NA,NA,NA,NA,NA,NA,NA,0,NA,NA,0,NA,30,NA,NA,NA,NA,NA,NA,NA,60,NA,NA,50,NA,6,NA,NA,NA,NA,NA,NA,NA,11,NA,NA,12,NA,6,NA,NA,NA,NA,NA,NA,NA,1,NA,NA,1,9.516991615,NA,317,NA,NA,NA,NA,NA,NA,NA,319,NA,NA,348,NA,2,NA,NA,NA,NA,NA,NA,NA,10,NA,NA,13,3.855162859,133.8881226,13.03435326,6.854269981,3.110142231,13.02511215,9.013875961,29.40262413,24.85975456,813.1226807,-2.748265028,-970.7395576,-2119.989323,RufousTailedHawk,15
2670,NA,NA,NA,NA,NA,0,0,NA,0,NA,NA,0,0,NA,NA,NA,NA,NA,180,10,NA,150,NA,NA,145,72,NA,NA,NA,NA,NA,13,14,NA,16,NA,NA,11,14,NA,NA,NA,NA,NA,1,2,NA,1,NA,NA,2,1,1.852327108,NA,NA,NA,NA,NA,289,336,NA,258,NA,NA,46,269,NA,NA,NA,NA,NA,6,7,NA,9,NA,NA,12,13,3.669485331,106.4696198,12.22868156,7.580209732,0.134678379,18.2378521,9.740407944,28.53351021,22.79629326,865.5013428,-3.618026018,-955.7395576,-2119.989323,RufousTailedHawk,15
2679,NA,NA,NA,NA,0,NA,NA,NA,NA,NA,NA,NA,NA,NA,NA,NA,NA,60,NA,NA,NA,NA,NA,NA,NA,NA,NA,NA,NA,NA,16,NA,NA,NA,NA,NA,NA,NA,NA,NA,NA,NA,NA,1,NA,NA,NA,NA,NA,NA,NA,NA,84.81758118,NA,NA,NA,NA,16,NA,NA,NA,NA,NA,NA,NA,NA,NA,NA,NA,NA,5,NA,NA,NA,NA,NA,NA,NA,NA,5.547098637,732.9597778,8.601387978,1.387747407,3.018594742,12.0523138,4.826368809,33.8417778,13.1856699,371.834198,2.024988174,-1075.739558,-2134.989323,RufousTailedHawk,15
2681,NA,NA,NA,NA,NA,NA,NA,0,NA,0,NA,0,0,NA,NA,NA,NA,NA,NA,NA,30,NA,200,NA,60,10,NA,NA,NA,NA,NA,NA,NA,18,NA,16,NA,9,10,NA,NA,NA,NA,NA,NA,NA,1,NA,1,NA,5,1,65.26219177,NA,NA,NA,NA,NA,NA,NA,57,NA,315,NA,42,302,NA,NA,NA,NA,NA,NA,NA,8,NA,10,NA,12,13,3.681639194,523.6343994,1.498519301,0.582566321,3.206052542,4.714403629,2.665564299,14.29045773,2.787254572,636.2027588,-4.751140118,-1045.739558,-2134.989323,RufousTailedHawk,15
2682,NA,NA,NA,NA,NA,NA,0,NA,NA,NA,NA,0,NA,NA,NA,NA,NA,NA,NA,3,NA,NA,NA,NA,10,NA,NA,NA,NA,NA,NA,NA,20,NA,NA,NA,NA,12,NA,NA,NA,NA,NA,NA,NA,8,NA,NA,NA,NA,1,NA,54.38524246,NA,NA,NA,NA,NA,NA,9,NA,NA,NA,NA,245,NA,NA,NA,NA,NA,NA,NA,7,NA,NA,NA,NA,12,NA,-0.892460048,454.9434204,0.185487658,0.095506102,0.000000000,0,0,8.544057846,0,1541.860718,1.315069675,-1030.739558,-2134.989323,RufousTailedHawk,15
2683,NA,NA,NA,NA,NA,NA,NA,NA,NA,0,NA,NA,0,NA,NA,NA,NA,NA,NA,NA,NA,NA,15,NA,NA,120,NA,NA,NA,NA,NA,NA,NA,NA,NA,19,NA,NA,13,NA,NA,NA,NA,NA,NA,NA,NA,NA,2,NA,NA,1,45.02633667,NA,NA,NA,NA,NA,NA,NA,NA,NA,3,NA,NA,57,NA,NA,NA,NA,NA,NA,NA,NA,NA,10,NA,NA,13,1.90958643,381.9509277,1.290018678,0.616024137,1.017481804,1.453331828,0.156001285,41.65530777,1.019600272,1028.241333,1.818241715,-1015.739558,-2134.989323,RufousTailedHawk,15
2684,NA,NA,NA,NA,NA,NA,NA,NA,0,0,NA,NA,0,NA,NA,NA,NA,NA,NA,NA,NA,15,30,NA,NA,48,NA,NA,NA,NA,NA,NA,NA,NA,9,21,NA,NA,15,NA,NA,NA,NA,NA,NA,NA,NA,1,2,NA,NA,2,36.93706894,NA,NA,NA,NA,NA,NA,NA,NA,332,2,NA,NA,318,NA,NA,NA,NA,NA,NA,NA,NA,9,10,NA,NA,13,3.457946301,269.0249634,5.092078686,2.099200249,6.916499615,11.81861305,10.34555531,24.25234604,10.02804565,799.854187,-2.259844303,-1000.739558,-2134.989323,RufousTailedHawk,15
2685,0,0,NA,0,0,0,0,0,0,0,0,0,0,30,90,NA,30,90,195,300,150,15,30,25,10,53,23,11,NA,16,11,10,13,16,7,10,11,16,8,2,5,NA,3,3,1,1,4,2,1,2,1,3,26.20240974,25,280,NA,338,323,280,312,260,295,296,3,274,317,1,2,NA,4,5,6,7,8,9,10,11,12,13,4.580935478,180.0899811,7.386567116,4.51829052,4.335710049,13.77952576,8.221575737,30.44900894,23.08043289,605.5903931,1.229196548,-985.7395576,-2134.989323,RufousTailedHawk,15
2686,0,0,NA,0,0,0,0,0,0,0,0,0,0,20,40,NA,15,120,35,75,5,65,105,30,26,5,13,19,NA,17,16,8,9,9,16,16,9,9,8,1,1,NA,2,4,1,1,1,1,1,2,1,1,13.23448944,26,305,NA,358,320,312,274,363,282,284,348,282,281,1,2,NA,4,5,6,7,8,9,10,11,12,13,5.966646194,116.7010117,13.56222248,4.685760021,1.359421492,20.14002037,6.282454967,26.56302643,22.4954319,387.3790894,5.045926571,-970.7395576,-2134.989323,RufousTailedHawk,15
2687,0,0,0,0,0,0,0,0,0,0,0,0,0,180,15,240,16,180,1,82,45,60,16,140,65,38,9,11,8,12,12,8,16,14,9,13,9,15,15,2,6,2,1,2,1,2,2,1,1,3,1,2,3.343836784,330,317,41,282,4,19,336,263,346,320,354,254,286,1,2,3,4,5,6,7,8,9,10,11,12,13,5.747594833,91.03334045,14.62411118,6.91126585,0.525731623,20.41088867,6.309899807,27.44441414,22.00494385,431.4543762,5.448068619,-955.7395576,-2134.989323,RufousTailedHawk,15
2688,NA,NA,NA,NA,NA,NA,NA,NA,0,NA,NA,NA,0,NA,NA,NA,NA,NA,NA,NA,NA,1,NA,NA,NA,21,NA,NA,NA,NA,NA,NA,NA,NA,8,NA,NA,NA,10,NA,NA,NA,NA,NA,NA,NA,NA,1,NA,NA,NA,10,10.41788006,NA,NA,NA,NA,NA,NA,NA,NA,352,NA,NA,NA,321,NA,NA,NA,NA,NA,NA,NA,NA,9,NA,NA,NA,13,6.078135967,74.44496918,13.0451622,5.885293484,0.980377674,11.59034443,7.595789909,32.03772736,27.61590576,322.0736389,0.311398476,-940.7395576,-2134.989323,RufousTailedHawk,15
2693,NA,NA,NA,NA,0,NA,NA,NA,NA,NA,NA,NA,NA,NA,NA,NA,NA,30,NA,NA,NA,NA,NA,NA,NA,NA,NA,NA,NA,NA,12,NA,NA,NA,NA,NA,NA,NA,NA,NA,NA,NA,NA,2,NA,NA,NA,NA,NA,NA,NA,NA,111.8921585,NA,NA,NA,NA,17,NA,NA,NA,NA,NA,NA,NA,NA,NA,NA,NA,NA,5,NA,NA,NA,NA,NA,NA,NA,NA,6.482976913,816.6366577,0.393996477,0.138008282,2.643119335,21.91156578,5.7727108,19.29081726,12.25687408,176.6394501,1.041104794,-1090.739558,-2149.989323,RufousTailedHawk,15
2696,NA,NA,0,NA,NA,NA,NA,0,0,NA,NA,NA,0,NA,NA,60,NA,NA,NA,NA,45,30,NA,NA,NA,75,NA,NA,13,NA,NA,NA,NA,17,8,NA,NA,NA,16,NA,NA,1,NA,NA,NA,NA,1,3,NA,NA,NA,1,73.69459534,NA,NA,13,NA,NA,NA,NA,57,358,NA,NA,NA,302,NA,NA,3,NA,NA,NA,NA,8,9,NA,NA,NA,13,4.652722836,531.489502,3.452805758,0.396651238,2.650170326,6.030518532,3.74704051,24.12345886,3.838267803,443.5384216,-1.924854398,-1045.739558,-2149.989323,RufousTailedHawk,15
2698,NA,NA,NA,0,NA,NA,NA,NA,0,NA,NA,NA,NA,NA,NA,NA,120,NA,NA,NA,NA,245,NA,NA,NA,NA,NA,NA,NA,8,NA,NA,NA,NA,8,NA,NA,NA,NA,NA,NA,NA,2,NA,NA,NA,NA,2,NA,NA,NA,NA,51.07645798,NA,NA,NA,318,NA,NA,NA,NA,43,NA,NA,NA,NA,NA,NA,NA,4,NA,NA,NA,NA,9,NA,NA,NA,NA,4.485745907,331.309082,1.452643514,1.46784687,5.068881512,10.54613781,8.218803406,16.70773125,3.657789946,561.4404297,-5.111240387,-1015.739558,-2149.989323,RufousTailedHawk,15
2699,0,0,0,0,0,0,0,0,0,0,0,0,0,60,120,240,147,150,59,105,128,45,300,15,100,10,19,10,8,9,11,9,11,9,14,8,18,12,15,2,6,3,1,3,1,5,1,5,1,1,1,1,38.07524872,23,316,340,304,321,325,318,322,316,337,45,52,342,1,2,3,4,5,6,7,8,9,10,11,12,13,4.914378643,253.6253662,2.337825775,1.885420799,4.908200741,14.06836033,6.491866589,14.36631966,9.292269707,513.2166138,-0.184264287,-1000.739558,-2149.989323,RufousTailedHawk,15
2700,0,0,NA,0,0,0,0,0,0,0,0,0,0,20,300,NA,10,30,75,1,45,55,15,120,120,14,14,10,NA,15,15,19,19,12,16,18,13,13,11,2,4,NA,3,3,3,1,1,1,6,1,1,1,24.68151474,321,306,NA,343,321,308,323,286,271,287,306,304,342,1,2,NA,4,5,6,7,8,9,10,11,12,13,6.282832146,163.5963287,6.493102551,2.622182131,3.361336708,16.16876793,3.686496019,22.53567696,20.77422714,281.869751,-2.206966162,-985.7395576,-2149.989323,RufousTailedHawk,15
2701,NA,0,NA,0,0,0,0,0,0,0,0,0,0,NA,225,NA,120,180,135,45,75,55,5,35,270,70,NA,11,NA,13,15,15,15,8,16,10,10,9,7,NA,1,NA,2,4,4,3,1,2,1,5,1,1,11.28425217,NA,305,NA,333,42,321,274,275,294,299,1,283,327,NA,2,NA,4,5,6,7,8,9,10,11,12,13,5.906108856,124.307045,10.02306271,4.400737286,1.733304262,12.46224308,2.772062302,24.24301529,16.09404373,357.5226746,-0.049997527,-970.7395576,-2149.989323,RufousTailedHawk,15
2702,NA,NA,NA,NA,NA,0,0,0,0,0,NA,0,0,NA,NA,NA,NA,NA,1,15,30,30,13,NA,20,78,NA,NA,NA,NA,NA,17,9,11,16,11,NA,14,17,NA,NA,NA,NA,NA,1,4,1,1,1,NA,2,1,3.484806299,NA,NA,NA,NA,NA,254,8,312,248,267,NA,266,274,NA,NA,NA,NA,NA,6,7,8,9,10,NA,12,13,6.848180294,88.70315552,10.26949406,5.809560776,1.175484538,19.00369835,4.610057831,24.3962822,23.4497261,178.6365662,-0.678424895,-955.7395576,-2149.989323,RufousTailedHawk,15
2714,0,0,NA,0,NA,0,0,0,0,0,0,0,0,45,25,NA,31,NA,17,30,5,120,60,71,5,75,10,12,NA,7,NA,7,11,9,13,16,6,15,12,2,6,NA,10,NA,1,3,1,1,1,1,1,1,32.58219528,321,316,NA,283,NA,325,274,296,356,349,39,263,288,1,2,NA,4,NA,6,7,8,9,10,11,12,13,5.518510818,236.2555847,2.184428692,4.408615589,11.373904230,18.91125488,15.36899471,25.60529518,13.95335102,395.3198547,2.8617239,-1000.739558,-2164.989323,RufousTailedHawk,15
2715,0,0,0,0,0,0,0,0,0,0,0,0,0,15,60,60,60,37,35,45,81,90,6,54,23,45,9,11,6,6,19,18,17,8,17,14,17,16,15,2,2,2,4,2,3,1,1,1,1,1,1,1,20.85037231,321,362,43,347,38,321,306,323,269,283,18,292,338,1,2,3,4,5,6,7,8,9,10,11,12,13,6.456572056,171.6977539,1.923112392,2.604156017,9.095129013,14.20599842,9.250918388,23.58130646,15.65830612,217.4762268,-0.491915107,-985.7395576,-2164.989323,RufousTailedHawk,15
2716,NA,NA,NA,NA,NA,0,NA,NA,0,0,0,0,0,NA,NA,NA,NA,NA,120,NA,NA,270,90,180,170,140,NA,NA,NA,NA,NA,12,NA,NA,11,8,8,9,9,NA,NA,NA,NA,NA,1,NA,NA,8,3,5,3,3,10.4626112,NA,NA,NA,NA,NA,295,NA,NA,257,281,359,254,54,NA,NA,NA,NA,NA,6,NA,NA,9,10,11,12,13,6.670681477,116.7890015,2.756056547,3.009194374,3.081887722,10.90974808,3.904905558,15.90837479,9.774205208,178.7060242,-1.906091809,-970.7395576,-2164.989323,RufousTailedHawk,15
2717,0,NA,NA,NA,NA,0,0,0,0,0,NA,0,0,1,NA,NA,NA,NA,1,10,135,55,10,NA,14,8,13,NA,NA,NA,NA,17,11,16,12,15,NA,8,13,1,NA,NA,NA,NA,1,1,2,2,1,NA,1,1,2.944169998,360,NA,NA,NA,NA,254,323,340,301,16,NA,311,306,1,NA,NA,NA,NA,6,7,8,9,10,NA,12,13,6.739226341,87.44410706,8.180791855,12.02447414,1.473105788,14.38799572,1.957119942,29.62150383,19.5620575,161.8168488,-0.739956141,-955.7395576,-2164.989323,RufousTailedHawk,15
2718,0,NA,0,NA,0,0,0,0,0,0,0,0,0,1,NA,15,NA,35,1,60,20,23,3,22,30,30,13,NA,10,NA,11,15,16,9,6,10,17,10,9,1,NA,1,NA,1,1,1,1,1,2,1,1,2,3.299365044,360,NA,362,NA,40,257,21,321,289,295,41,266,319,1,NA,3,NA,5,6,7,8,9,10,11,12,13,5.822802067,77.5483551,1.65574944,18.23083115,2.240001917,5.684596062,7.003561974,39.49567795,21.80609322,334.6298218,-0.992954969,-940.7395576,-2164.989323,RufousTailedHawk,15
2719,NA,NA,NA,0,NA,NA,NA,0,0,NA,NA,NA,0,NA,NA,NA,30,NA,NA,NA,35,20,NA,NA,NA,3,NA,NA,NA,9,NA,NA,NA,15,10,NA,NA,NA,16,NA,NA,NA,1,NA,NA,NA,1,1,NA,NA,NA,1,3.823165894,NA,NA,NA,17,NA,NA,NA,4,37,NA,NA,NA,300,NA,NA,NA,4,NA,NA,NA,8,9,NA,NA,NA,13,5.468709469,68.35399628,7.892104626,10.55414581,0.105613127,14.27568245,10.02588844,31.64217186,21.945261,388.4338074,-0.834298015,-925.7395576,-2164.989323,RufousTailedHawk,15
2726,NA,NA,NA,NA,0,NA,NA,NA,NA,NA,NA,NA,NA,NA,NA,NA,NA,30,NA,NA,NA,NA,NA,NA,NA,NA,NA,NA,NA,NA,9,NA,NA,NA,NA,NA,NA,NA,NA,NA,NA,NA,NA,1,NA,NA,NA,NA,NA,NA,NA,NA,98.15156555,NA,NA,NA,NA,18,NA,NA,NA,NA,NA,NA,NA,NA,NA,NA,NA,NA,5,NA,NA,NA,NA,NA,NA,NA,NA,6.321646214,712.4316406,1.429623961,0.970682144,1.246868730,15.63487816,3.105647326,26.73228264,16.5259285,208.2481232,1.220440507,-1075.739558,-2179.989323,RufousTailedHawk,15
2732,NA,NA,NA,NA,NA,NA,NA,NA,NA,0,NA,NA,0,NA,NA,NA,NA,NA,NA,NA,NA,NA,9,NA,NA,2,NA,NA,NA,NA,NA,NA,NA,NA,NA,15,NA,NA,14,NA,NA,NA,NA,NA,NA,NA,NA,NA,2,NA,NA,1,14.09330082,NA,NA,NA,NA,NA,NA,NA,NA,NA,329,NA,NA,281,NA,NA,NA,NA,NA,NA,NA,NA,NA,10,NA,NA,13,3.799103975,231.665863,6.9751544,1.614002347,10.359544750,17.35130882,15.05735302,25.69931602,11.52113819,702.8927612,2.727925777,-985.7395576,-2179.989323,RufousTailedHawk,15
2733,NA,NA,0,0,NA,0,0,0,0,0,0,0,0,NA,NA,60,2,NA,20,3,179,50,4,263,92,56,NA,NA,13,7,NA,15,15,14,17,7,7,10,16,NA,NA,2,1,NA,1,1,1,1,1,1,4,2,3.56401062,NA,NA,9,304,NA,20,292,265,298,267,245,282,315,NA,NA,3,4,NA,6,7,8,9,10,11,12,13,5.637924194,135.3182678,1.996169806,5.795805454,8.584126472,10.99578285,16.11689377,29.91895676,13.51456928,337.9808044,0.084905416,-970.7395576,-2179.989323,RufousTailedHawk,15
2734,NA,NA,NA,NA,NA,0,NA,0,0,NA,NA,NA,NA,NA,NA,NA,NA,NA,5,NA,23,7,NA,NA,NA,NA,NA,NA,NA,NA,NA,8,NA,11,8,NA,NA,NA,NA,NA,NA,NA,NA,NA,1,NA,1,9,NA,NA,NA,NA,4.526401997,NA,NA,NA,NA,NA,324,NA,336,13,NA,NA,NA,NA,NA,NA,NA,NA,NA,6,NA,8,9,NA,NA,NA,NA,5.452973366,103.6343765,1.941211224,14.49032879,3.362388849,5.463154793,16.53351974,39.07904434,18.2232399,375.6220093,1.938682556,-955.7395576,-2179.989323,RufousTailedHawk,15
2735,NA,NA,NA,NA,NA,0,0,0,0,0,0,0,0,NA,NA,NA,NA,NA,12,10,156,15,10,139,10,2,NA,NA,NA,NA,NA,9,19,8,8,9,5,10,7,NA,NA,NA,NA,NA,1,4,1,1,1,1,2,1,4.474060535,NA,NA,NA,NA,NA,18,358,336,331,310,341,51,281,NA,NA,NA,NA,NA,6,7,8,9,10,11,12,13,4.958424568,90.78582764,0.689928412,12.95932198,5.511859894,1.308778882,10.32628345,45.35433578,22.75455475,461.8963928,-0.016589828,-940.7395576,-2179.989323,RufousTailedHawk,15
2736,NA,NA,NA,NA,NA,NA,0,NA,NA,NA,NA,NA,NA,NA,NA,NA,NA,NA,NA,45,NA,NA,NA,NA,NA,NA,NA,NA,NA,NA,NA,NA,16,NA,NA,NA,NA,NA,NA,NA,NA,NA,NA,NA,NA,1,NA,NA,NA,NA,NA,NA,4.102715492,NA,NA,NA,NA,NA,NA,340,NA,NA,NA,NA,NA,NA,NA,NA,NA,NA,NA,NA,7,NA,NA,NA,NA,NA,NA,4.298996925,88.46587372,1.638740897,21.76569939,0.287004977,1.745568037,2.978509426,46.6444931,24.76394463,585.7671509,0.623236239,-925.7395576,-2179.989323,RufousTailedHawk,15
2748,NA,NA,NA,NA,NA,NA,NA,NA,NA,NA,NA,NA,0,NA,NA,NA,NA,NA,NA,NA,NA,NA,NA,NA,NA,29,NA,NA,NA,NA,NA,NA,NA,NA,NA,NA,NA,NA,6,NA,NA,NA,NA,NA,NA,NA,NA,NA,NA,NA,NA,1,40.88783646,NA,NA,NA,NA,NA,NA,NA,NA,NA,NA,NA,NA,327,NA,NA,NA,NA,NA,NA,NA,NA,NA,NA,NA,NA,13,3.719736338,395.4258423,3.864183903,3.192220688,3.053980112,7.696232319,3.252030134,32.29363632,5.26813221,629.7921143,2.617068052,-1015.739558,-2194.989323,RufousTailedHawk,15
2749,0,NA,NA,NA,NA,NA,NA,0,NA,0,NA,NA,0,60,NA,NA,NA,NA,NA,NA,60,NA,30,NA,NA,2,11,NA,NA,NA,NA,NA,NA,11,NA,10,NA,NA,9,2,NA,NA,NA,NA,NA,NA,1,NA,1,NA,NA,7,15.35202789,320,NA,NA,NA,NA,NA,NA,353,NA,341,NA,NA,300,1,NA,NA,NA,NA,NA,NA,8,NA,10,NA,NA,13,4.740138531,227.0551758,3.264377832,1.009756446,5.773258209,20.40516281,9.967909813,13.98148251,11.00779915,424.0291138,-4.163961411,-1000.739558,-2194.989323,RufousTailedHawk,15
2750,0,NA,NA,NA,NA,NA,NA,NA,NA,NA,NA,NA,NA,90,NA,NA,NA,NA,NA,NA,NA,NA,NA,NA,NA,NA,14,NA,NA,NA,NA,NA,NA,NA,NA,NA,NA,NA,NA,2,NA,NA,NA,NA,NA,NA,NA,NA,NA,NA,NA,NA,15.35202789,320,NA,NA,NA,NA,NA,NA,NA,NA,NA,NA,NA,NA,1,NA,NA,NA,NA,NA,NA,NA,NA,NA,NA,NA,NA,4.740138531,227.0551758,3.264377832,1.009756446,5.773258209,20.40516281,9.967909813,13.98148251,11.00779915,424.0291138,-4.163961411,-985.7395576,-2194.989323,RufousTailedHawk,15
2751,0,NA,NA,0,0,NA,0,NA,0,0,NA,NA,0,2,NA,NA,3,60,NA,45,NA,30,60,NA,NA,16,18,NA,NA,7,19,NA,14,NA,11,10,NA,NA,9,2,NA,NA,1,1,NA,1,NA,1,1,NA,NA,1,4.28079319,321,NA,NA,304,268,NA,18,NA,249,341,NA,NA,308,1,NA,NA,4,5,NA,7,NA,9,10,NA,NA,13,5.405475616,147.8131714,2.022540569,3.638497829,10.079465870,16.19937134,16.93097878,23.51126862,12.14106655,345.7296143,0.146312162,-970.7395576,-2194.989323,RufousTailedHawk,15
2752,NA,NA,0,0,0,0,0,0,0,0,0,0,0,NA,NA,60,180,60,160,120,22,90,7,34,60,110,NA,NA,11,14,11,10,11,10,11,12,11,13,11,NA,NA,1,3,1,4,4,4,2,2,1,1,2,3.158780336,NA,NA,359,293,279,313,262,264,352,332,55,311,280,NA,NA,3,4,5,6,7,8,9,10,11,12,13,5.468111038,108.1231308,2.242375374,12.58362484,8.630792618,6.869292736,13.01846409,36.61344528,17.04847908,334.7518311,-0.134594783,-955.7395576,-2194.989323,RufousTailedHawk,15
2753,NA,NA,0,0,0,0,0,0,0,0,NA,0,0,NA,NA,150,60,50,60,60,32,7,120,NA,23,5,NA,NA,17,16,17,17,9,13,8,16,NA,18,9,NA,NA,1,3,2,2,1,3,1,3,NA,4,1,6.352575779,NA,NA,6,244,299,311,349,264,362,3,NA,58,361,NA,NA,3,4,5,6,7,8,9,10,NA,12,13,4.811769485,102.8057632,1.139061809,15.00244522,5.431009769,2.972525358,9.352723122,43.79571152,21.23303795,460.36203,1.578605175,-940.7395576,-2194.989323,RufousTailedHawk,15
2754,NA,NA,NA,NA,0,0,NA,0,NA,NA,NA,0,NA,NA,NA,NA,NA,50,48,NA,74,NA,NA,NA,40,NA,NA,NA,NA,NA,16,8,NA,12,NA,NA,NA,10,NA,NA,NA,NA,NA,2,2,NA,3,NA,NA,NA,1,NA,3.937731028,NA,NA,NA,NA,299,15,NA,265,NA,NA,NA,57,NA,NA,NA,NA,NA,5,6,NA,8,NA,NA,NA,12,NA,4.817163467,95.56388092,1.640076399,21.40938759,3.266198874,1.711441159,7.010890961,44.30040359,19.47926331,451.0721436,-0.97262913,-925.7395576,-2194.989323,RufousTailedHawk,15
2764,NA,NA,NA,NA,0,NA,NA,NA,NA,NA,NA,NA,NA,NA,NA,NA,NA,60,NA,NA,NA,NA,NA,NA,NA,NA,NA,NA,NA,NA,12,NA,NA,NA,NA,NA,NA,NA,NA,NA,NA,NA,NA,1,NA,NA,NA,NA,NA,NA,NA,NA,100.6198578,NA,NA,NA,NA,18,NA,NA,NA,NA,NA,NA,NA,NA,NA,NA,NA,NA,5,NA,NA,NA,NA,NA,NA,NA,NA,6.214948654,688.4328003,0.644139409,0.615960836,2.402887106,19.57716942,2.739188194,21.71821785,20.78702927,108.3840637,-1.505827308,-1075.739558,-2209.989323,RufousTailedHawk,15
2772,0,0,0,0,0,0,0,0,0,0,0,0,0,90,30,60,120,10,73,60,11,90,5,20,20,3,6,7,9,12,15,5,16,7,16,13,10,6,12,1,1,4,1,3,1,1,1,2,2,1,1,2,2.702596664,322,316,259,354,348,304,263,337,325,281,261,311,340,1,2,3,4,5,6,7,8,9,10,11,12,13,6.572382927,96.25165558,1.567664146,21.95965576,8.804279327,6.332560062,9.754392624,32.90193558,10.98457336,78.65050507,-0.642744064,-955.7395576,-2209.989323,RufousTailedHawk,15
2773,0,NA,0,0,0,0,0,0,0,0,0,0,0,2,NA,30,150,30,20,30,120,43,20,10,180,120,18,NA,9,13,16,22,17,16,9,15,14,18,13,2,NA,2,1,1,1,1,1,1,6,1,2,2,3.565999269,319,NA,261,277,364,12,255,265,280,286,337,334,341,1,NA,3,4,5,6,7,8,9,10,11,12,13,5.617392063,99.38156128,2.007892609,20.85489464,3.605252028,1.841976643,14.70562172,37.33159256,18.48466301,269.0806885,-0.255927622,-940.7395576,-2209.989323,RufousTailedHawk,15
2774,NA,0,NA,NA,NA,NA,NA,NA,NA,0,NA,NA,NA,NA,30,NA,NA,NA,NA,NA,NA,NA,15,NA,NA,NA,NA,9,NA,NA,NA,NA,NA,NA,NA,10,NA,NA,NA,NA,4,NA,NA,NA,NA,NA,NA,NA,1,NA,NA,NA,2.581899643,NA,56,NA,NA,NA,NA,NA,NA,NA,251,NA,NA,NA,NA,2,NA,NA,NA,NA,NA,NA,NA,10,NA,NA,NA,5.695082188,98.07537842,1.280729771,12.86319351,5.387795448,0.085678227,3.306819201,49.65105057,25.64858246,233.2650299,0.057878308,-925.7395576,-2209.989323,RufousTailedHawk,15
2793,NA,0,NA,NA,NA,NA,NA,NA,NA,NA,NA,NA,NA,NA,180,NA,NA,NA,NA,NA,NA,NA,NA,NA,NA,NA,NA,10,NA,NA,NA,NA,NA,NA,NA,NA,NA,NA,NA,NA,5,NA,NA,NA,NA,NA,NA,NA,NA,NA,NA,NA,19.37921333,NA,258,NA,NA,NA,NA,NA,NA,NA,NA,NA,NA,NA,NA,2,NA,NA,NA,NA,NA,NA,NA,NA,NA,NA,NA,5.727070332,221.7210999,0.882811487,2.359799623,5.209719658,18.54584122,19.25200081,14.06522751,7.221959591,183.9355164,0.544106305,-970.7395576,-2224.989323,RufousTailedHawk,15
2795,NA,NA,0,0,0,NA,NA,0,0,0,NA,0,0,NA,NA,30,20,60,NA,NA,60,60,45,NA,60,5,NA,NA,10,12,12,NA,NA,7,16,15,NA,10,19,NA,NA,2,1,1,NA,NA,1,1,2,NA,1,1,7.102609158,NA,NA,269,274,50,NA,NA,334,257,294,NA,264,285,NA,NA,3,4,5,NA,NA,8,9,10,NA,12,13,6.497143269,96.80167389,1.419660568,12.22931576,2.913901091,1.148530841,22.98189735,37.19431686,3.754593134,63.83599091,-0.224113479,-940.7395576,-2224.989323,RufousTailedHawk,15
2796,0,NA,NA,NA,0,0,0,0,0,0,NA,0,0,2,NA,NA,NA,5,65,75,30,49,20,NA,45,35,10,NA,NA,NA,10,16,14,13,15,14,NA,8,15,2,NA,NA,NA,3,5,4,1,1,6,NA,8,6,4.211078167,322,NA,NA,NA,12,356,19,244,19,286,NA,36,341,1,NA,NA,NA,5,6,7,8,9,10,NA,12,13,6.448662281,97.05399323,0.146121725,13.33177471,2.998265743,1.958921909,21.57461357,39.63792801,7.764361858,58.21068573,-0.445414245,-925.7395576,-2224.989323,RufousTailedHawk,15
2799,NA,NA,NA,NA,NA,NA,NA,NA,NA,NA,NA,NA,0,NA,NA,NA,NA,NA,NA,NA,NA,NA,NA,NA,NA,96,NA,NA,NA,NA,NA,NA,NA,NA,NA,NA,NA,NA,8,NA,NA,NA,NA,NA,NA,NA,NA,NA,NA,NA,NA,2,3.260816097,NA,NA,NA,NA,NA,NA,NA,NA,NA,NA,NA,NA,275,NA,NA,NA,NA,NA,NA,NA,NA,NA,NA,NA,NA,13,5.948747635,78.70397949,1.564936042,9.052266121,2.629972458,0.471065402,0.294041365,51.31074142,30.86216354,226.3392487,-0.04756213,-880.7395576,-2224.989323,RufousTailedHawk,15
2812,NA,NA,NA,NA,NA,NA,NA,NA,NA,NA,NA,NA,0,NA,NA,NA,NA,NA,NA,NA,NA,NA,NA,NA,NA,120,NA,NA,NA,NA,NA,NA,NA,NA,NA,NA,NA,NA,12,NA,NA,NA,NA,NA,NA,NA,NA,NA,NA,NA,NA,6,45.28495407,NA,NA,NA,NA,NA,NA,NA,NA,NA,NA,NA,NA,334,NA,NA,NA,NA,NA,NA,NA,NA,NA,NA,NA,NA,13,4.981710911,375.7653198,4.501400471,0.454152524,2.337340117,15.4067173,2.637500763,35.83768845,8.309297562,345.784729,-3.443726301,-1000.739558,-2239.989323,RufousTailedHawk,15
2813,NA,NA,NA,NA,0,NA,NA,NA,NA,0,NA,0,0,NA,NA,NA,NA,20,NA,NA,NA,NA,19,NA,20,15,NA,NA,NA,NA,14,NA,NA,NA,NA,13,NA,18,8,NA,NA,NA,NA,1,NA,NA,NA,NA,1,NA,1,1,31.80001068,NA,NA,NA,NA,21,NA,NA,NA,NA,289,NA,310,270,NA,NA,NA,NA,5,NA,NA,NA,NA,10,NA,12,13,5.272581577,288.9466553,3.66856575,0.709502757,4.519309044,22.17831802,8.340711594,17.27605629,11.11206341,306.6529846,1.997796059,-985.7395576,-2239.989323,RufousTailedHawk,15
2815,NA,NA,NA,NA,NA,NA,NA,NA,NA,0,NA,NA,NA,NA,NA,NA,NA,NA,NA,NA,NA,NA,181,NA,NA,NA,NA,NA,NA,NA,NA,NA,NA,NA,NA,9,NA,NA,NA,NA,NA,NA,NA,NA,NA,NA,NA,NA,2,NA,NA,NA,5.404566765,NA,NA,NA,NA,NA,NA,NA,NA,NA,31,NA,NA,NA,NA,NA,NA,NA,NA,NA,NA,NA,NA,10,NA,NA,NA,5.736765385,171.9242706,0.05453679,1.704447269,8.133695602,24.63372421,20.99855423,12.90941429,8.791679382,180.7672882,-0.685236812,-955.7395576,-2239.989323,RufousTailedHawk,15
2816,NA,NA,0,0,0,0,NA,0,NA,0,0,0,0,NA,NA,30,180,90,165,NA,120,NA,208,20,120,89,NA,NA,16,9,10,14,NA,13,NA,14,11,11,8,NA,NA,1,3,1,5,NA,2,NA,2,3,2,1,2.720635653,NA,NA,259,278,50,341,NA,28,NA,294,41,365,15,NA,NA,3,4,5,6,NA,8,NA,10,11,12,13,6.271968365,129.5437164,0.827745378,3.863884687,8.178670883,12.6418848,23.33456039,24.32698441,3.055822134,87.3877182,-0.862030149,-940.7395576,-2239.989323,RufousTailedHawk,15
2818,0,NA,NA,0,0,0,0,0,0,0,0,0,0,5,NA,NA,12,10,1,45,1,180,10,3,30,5,16,NA,NA,15,10,15,14,8,10,16,11,16,19,2,NA,NA,6,3,1,5,1,2,1,2,3,1,3.027630329,319,NA,NA,303,12,254,13,337,308,315,44,38,326,1,NA,NA,4,5,6,7,8,9,10,11,12,13,5.663525105,116.6210938,0.164247721,7.969407558,11.144230840,6.166526794,32.70298386,36.91302109,3.331571817,198.5521698,-0.514126778,-910.7395576,-2239.989323,RufousTailedHawk,15
2819,0,NA,NA,NA,NA,NA,0,NA,NA,0,NA,0,0,15,NA,NA,NA,NA,NA,11,NA,NA,5,NA,15,70,16,NA,NA,NA,NA,NA,9,NA,NA,18,NA,9,10,2,NA,NA,NA,NA,NA,2,NA,NA,1,NA,5,2,2.664058208,319,NA,NA,NA,NA,NA,337,NA,NA,249,NA,248,274,1,NA,NA,NA,NA,NA,7,NA,NA,10,NA,12,13,5.626690865,106.6080627,0.568784237,14.41429043,5.455061436,2.14432168,28.40727806,37.04194641,9.453022003,211.9045563,-0.81515038,-895.7395576,-2239.989323,RufousTailedHawk,15
2820,0,NA,NA,NA,NA,NA,0,NA,NA,0,NA,NA,0,10,NA,NA,NA,NA,NA,27,NA,NA,10,NA,NA,56,16,NA,NA,NA,NA,NA,9,NA,NA,11,NA,NA,16,2,NA,NA,NA,NA,NA,2,NA,NA,2,NA,NA,2,14.39088058,319,NA,NA,NA,NA,NA,337,NA,NA,304,NA,NA,274,1,NA,NA,NA,NA,NA,7,NA,NA,10,NA,NA,13,4.555736542,112.6032562,0.940480769,1.954627514,22.885789870,7.04044342,32.64710617,27.66098595,5.854137897,416.9406738,0.428520501,-880.7395576,-2239.989323,RufousTailedHawk,15
2828,NA,NA,NA,NA,NA,NA,NA,0,NA,NA,NA,NA,NA,NA,NA,NA,NA,NA,NA,NA,20,NA,NA,NA,NA,NA,NA,NA,NA,NA,NA,NA,NA,16,NA,NA,NA,NA,NA,NA,NA,NA,NA,NA,NA,NA,6,NA,NA,NA,NA,NA,99.09577179,NA,NA,NA,NA,NA,NA,NA,355,NA,NA,NA,NA,NA,NA,NA,NA,NA,NA,NA,NA,8,NA,NA,NA,NA,NA,5.30489254,657.1112671,1.603972316,1.40476954,4.050334454,16.28504944,8.776238441,35.1266861,11.26752377,266.1519775,0.741367817,-1045.739558,-2254.989323,RufousTailedHawk,15
2829,NA,NA,NA,NA,NA,NA,NA,NA,NA,0,NA,NA,0,NA,NA,NA,NA,NA,NA,NA,NA,NA,20,NA,NA,76,NA,NA,NA,NA,NA,NA,NA,NA,NA,15,NA,NA,17,NA,NA,NA,NA,NA,NA,NA,NA,NA,1,NA,NA,2,60.21866226,NA,NA,NA,NA,NA,NA,NA,NA,NA,13,NA,NA,337,NA,NA,NA,NA,NA,NA,NA,NA,NA,10,NA,NA,13,5.454658985,471.6596985,2.245183706,1.879737258,4.937363625,14.55132675,4.339656353,26.54429436,9.062478065,254.1180573,-1.351940632,-1030.739558,-2254.989323,RufousTailedHawk,15
2832,NA,NA,NA,NA,NA,NA,NA,0,NA,0,NA,NA,NA,NA,NA,NA,NA,NA,NA,NA,60,NA,85,NA,NA,NA,NA,NA,NA,NA,NA,NA,NA,9,NA,7,NA,NA,NA,NA,NA,NA,NA,NA,NA,NA,2,NA,1,NA,NA,NA,35.20836258,NA,NA,NA,NA,NA,NA,NA,306,NA,291,NA,NA,NA,NA,NA,NA,NA,NA,NA,NA,8,NA,10,NA,NA,NA,5.366847992,327.9273682,0.079226017,0.124535516,6.273203373,22.64634132,7.757281303,14.8168602,14.70232296,221.7755127,-1.315683603,-985.7395576,-2254.989323,RufousTailedHawk,15
2835,NA,NA,NA,0,NA,0,0,0,NA,NA,NA,NA,0,NA,NA,NA,240,NA,20,191,10,NA,NA,NA,NA,30,NA,NA,NA,14,NA,13,15,19,NA,NA,NA,NA,16,NA,NA,NA,2,NA,3,1,4,NA,NA,NA,NA,1,13.13545132,NA,NA,NA,291,NA,291,349,263,NA,NA,NA,NA,42,NA,NA,NA,4,NA,6,7,8,NA,NA,NA,NA,13,5.594215393,181.044342,0.824188709,1.275764585,10.134943960,17.97101593,24.59722519,23.49513626,7.278867245,207.2550354,1.257085681,-940.7395576,-2254.989323,RufousTailedHawk,15
2837,NA,NA,NA,NA,NA,NA,0,NA,NA,NA,0,NA,NA,NA,NA,NA,NA,NA,NA,12,NA,NA,NA,236,NA,NA,NA,NA,NA,NA,NA,NA,7,NA,NA,NA,16,NA,NA,NA,NA,NA,NA,NA,NA,2,NA,NA,NA,2,NA,NA,14.45700741,NA,NA,NA,NA,NA,NA,337,NA,NA,NA,37,NA,NA,NA,NA,NA,NA,NA,NA,7,NA,NA,NA,11,NA,NA,4.247308731,159.8366394,0.822306097,1.086201549,17.321853640,12.37217903,32.74410248,31.77892685,3.235704184,457.5130005,1.054902792,-910.7395576,-2254.989323,RufousTailedHawk,15
2846,NA,NA,NA,NA,NA,NA,NA,NA,NA,0,NA,NA,NA,NA,NA,NA,NA,NA,NA,NA,NA,NA,98,NA,NA,NA,NA,NA,NA,NA,NA,NA,NA,NA,NA,8,NA,NA,NA,NA,NA,NA,NA,NA,NA,NA,NA,NA,6,NA,NA,NA,116.4163208,NA,NA,NA,NA,NA,NA,NA,NA,NA,289,NA,NA,NA,NA,NA,NA,NA,NA,NA,NA,NA,NA,10,NA,NA,NA,5.80870676,719.2739868,1.26917088,1.359624743,5.474584579,16.8250351,8.493244171,31.30963135,17.82364845,221.3028412,0.541081369,-1075.739558,-2269.989323,RufousTailedHawk,15
2849,NA,NA,NA,NA,0,NA,NA,NA,NA,NA,NA,NA,NA,NA,NA,NA,NA,90,NA,NA,NA,NA,NA,NA,NA,NA,NA,NA,NA,NA,17,NA,NA,NA,NA,NA,NA,NA,NA,NA,NA,NA,NA,3,NA,NA,NA,NA,NA,NA,NA,NA,78.56755066,NA,NA,NA,NA,34,NA,NA,NA,NA,NA,NA,NA,NA,NA,NA,NA,NA,5,NA,NA,NA,NA,NA,NA,NA,NA,6.463504314,566.7972412,0.080799364,0.275752068,1.320050120,9.478257179,6.122119427,16.45499992,9.598683357,79.34365845,0.030143026,-1030.739558,-2269.989323,RufousTailedHawk,15
2858,NA,NA,NA,NA,NA,NA,NA,NA,NA,NA,NA,NA,0,NA,NA,NA,NA,NA,NA,NA,NA,NA,NA,NA,NA,5,NA,NA,NA,NA,NA,NA,NA,NA,NA,NA,NA,NA,15,NA,NA,NA,NA,NA,NA,NA,NA,NA,NA,NA,NA,1,22.58597946,NA,NA,NA,NA,NA,NA,NA,NA,NA,NA,NA,NA,33,NA,NA,NA,NA,NA,NA,NA,NA,NA,NA,NA,NA,13,3.615890265,156.9297028,1.336049914,2.711709499,20.516883850,5.459731579,33.2374649,31.7209301,4.308154583,575.4219971,0.067375988,-895.7395576,-2269.989323,RufousTailedHawk,15
2859,NA,NA,NA,NA,NA,NA,NA,NA,NA,NA,NA,NA,0,NA,NA,NA,NA,NA,NA,NA,NA,NA,NA,NA,NA,4,NA,NA,NA,NA,NA,NA,NA,NA,NA,NA,NA,NA,17,NA,NA,NA,NA,NA,NA,NA,NA,NA,NA,NA,NA,1,16.60241699,NA,NA,NA,NA,NA,NA,NA,NA,NA,NA,NA,NA,33,NA,NA,NA,NA,NA,NA,NA,NA,NA,NA,NA,NA,13,4.118144989,128.1575775,0.671193898,5.878087997,22.099231720,3.979168177,30.2863121,29.60728264,6.771858215,486.4251099,0.333701432,-880.7395576,-2269.989323,RufousTailedHawk,15
2860,0,NA,NA,NA,NA,NA,NA,0,NA,NA,NA,NA,0,2,NA,NA,NA,NA,NA,NA,15,NA,NA,NA,NA,20,15,NA,NA,NA,NA,NA,NA,12,NA,NA,NA,NA,10,2,NA,NA,NA,NA,NA,NA,2,NA,NA,NA,NA,1,4.595498085,319,NA,NA,NA,NA,NA,NA,30,NA,NA,NA,NA,1,1,NA,NA,NA,NA,NA,NA,8,NA,NA,NA,NA,13,4.8597188,111.5275803,0.723049223,14.62788105,2.438086987,0.756204307,5.622511387,49.73858261,25.98761177,359.5828857,0.79273212,-865.7395576,-2269.989323,RufousTailedHawk,15
2861,NA,NA,NA,NA,NA,NA,NA,0,NA,NA,NA,NA,NA,NA,NA,NA,NA,NA,NA,NA,1,NA,NA,NA,NA,NA,NA,NA,NA,NA,NA,NA,NA,9,NA,NA,NA,NA,NA,NA,NA,NA,NA,NA,NA,NA,1,NA,NA,NA,NA,NA,5.779598236,NA,NA,NA,NA,NA,NA,NA,337,NA,NA,NA,NA,NA,NA,NA,NA,NA,NA,NA,NA,8,NA,NA,NA,NA,NA,5.854905605,119.2382507,5.315694809,17.03063965,0.047344454,0.12287873,2.090421438,52.42766571,14.89415741,167.0365143,-0.161157534,-850.7395576,-2269.989323,RufousTailedHawk,15
2862,NA,NA,NA,NA,NA,NA,NA,NA,NA,NA,0,NA,0,NA,NA,NA,NA,NA,NA,NA,NA,NA,NA,13,NA,44,NA,NA,NA,NA,NA,NA,NA,NA,NA,NA,11,NA,16,NA,NA,NA,NA,NA,NA,NA,NA,NA,NA,1,NA,1,2.43569994,NA,NA,NA,NA,NA,NA,NA,NA,NA,NA,39,NA,20,NA,NA,NA,NA,NA,NA,NA,NA,NA,NA,11,NA,13,5.37217617,113.0878601,1.44141829,8.58711338,3.309535742,0.099050276,9.797388077,51.06931686,21.49840927,249.5738983,0.496135354,-835.7395576,-2269.989323,RufousTailedHawk,15
2864,0,0,0,NA,0,NA,0,0,0,0,NA,0,0,10,10,90,NA,120,NA,58,11,180,22,NA,20,120,13,19,16,NA,15,NA,8,8,17,15,NA,17,15,1,6,2,NA,5,NA,1,1,6,1,NA,1,3,6.547495842,332,318,252,NA,342,NA,322,333,22,359,NA,293,364,1,2,3,NA,5,NA,7,8,9,10,NA,12,13,7.045951843,78.21912384,0.718751371,6.036281586,0.724081695,0.272424042,0,51.8415947,34.78423691,23.49410248,0.142160937,-715.7395576,-2269.989323,RufousTailedHawk,15
2866,0,NA,NA,NA,NA,NA,NA,NA,NA,0,NA,0,NA,20,NA,NA,NA,NA,NA,NA,NA,NA,108,NA,5,NA,9,NA,NA,NA,NA,NA,NA,NA,NA,10,NA,10,NA,1,NA,NA,NA,NA,NA,NA,NA,NA,1,NA,1,NA,3.865566969,22,NA,NA,NA,NA,NA,NA,NA,NA,39,NA,295,NA,1,NA,NA,NA,NA,NA,NA,NA,NA,10,NA,12,NA,6.822853565,86.06232452,4.452727318,5.666147232,0.571947217,1.783525229,0,45.725914,30.78459358,24.81442451,-0.151324898,-655.7395576,-2269.989323,RufousTailedHawk,15
2883,NA,NA,NA,NA,NA,NA,NA,NA,NA,NA,0,0,0,NA,NA,NA,NA,NA,NA,NA,NA,NA,NA,95,12,30,NA,NA,NA,NA,NA,NA,NA,NA,NA,NA,9,16,14,NA,NA,NA,NA,NA,NA,NA,NA,NA,NA,1,1,1,7.651598454,NA,NA,NA,NA,NA,NA,NA,NA,NA,NA,30,15,301,NA,NA,NA,NA,NA,NA,NA,NA,NA,NA,11,12,13,4.592566967,168.3152771,0.248013347,4.614140511,14.838121410,16.66308784,33.94784927,25.80883217,3.167275906,380.1616821,0.448061705,-895.7395576,-2284.989323,RufousTailedHawk,15
2885,0,NA,0,0,NA,NA,0,0,0,0,0,0,0,35,NA,60,10,NA,NA,35,15,15,60,60,15,5,12,NA,14,12,NA,NA,13,10,16,16,18,16,14,1,NA,2,1,NA,NA,3,1,5,1,1,2,1,3.054969072,44,NA,280,346,NA,NA,21,337,317,362,354,24,318,1,NA,3,4,NA,NA,7,8,9,10,11,12,13,5.651136398,120.2311096,0.503954768,27.80598259,2.040735960,0.548954308,15.62080383,46.7543602,5.972279072,188.5699158,-0.228896722,-865.7395576,-2284.989323,RufousTailedHawk,15
2886,0,NA,0,NA,NA,0,0,0,0,0,0,0,0,5,NA,5,NA,NA,20,20,15,17,25,6,45,15,15,NA,11,NA,NA,10,12,14,9,16,10,18,20,2,NA,2,NA,NA,1,1,1,3,6,1,4,1,3.095384598,319,NA,39,NA,NA,347,263,244,308,324,333,313,313,1,NA,3,NA,NA,6,7,8,9,10,11,12,13,5.901371002,124.355835,4.884375095,24.5349884,0.283384472,0.463629723,2.597544909,45.57905197,13.03835392,131.1207886,-0.352698088,-850.7395576,-2284.989323,RufousTailedHawk,15
2887,NA,NA,NA,NA,NA,NA,NA,NA,0,0,0,0,0,NA,NA,NA,NA,NA,NA,NA,NA,55,100,25,36,15,NA,NA,NA,NA,NA,NA,NA,NA,14,14,18,10,12,NA,NA,NA,NA,NA,NA,NA,NA,2,1,2,1,1,2.43569994,NA,NA,NA,NA,NA,NA,NA,NA,42,260,348,282,294,NA,NA,NA,NA,NA,NA,NA,NA,9,10,11,12,13,5.37217617,113.0878601,1.44141829,8.58711338,3.309535742,0.099050276,9.797388077,51.06931686,21.49840927,249.5738983,0.496135354,-835.7395576,-2284.989323,RufousTailedHawk,15
2888,NA,NA,NA,NA,NA,NA,NA,NA,NA,NA,0,NA,0,NA,NA,NA,NA,NA,NA,NA,NA,NA,NA,16,NA,36,NA,NA,NA,NA,NA,NA,NA,NA,NA,NA,14,NA,16,NA,NA,NA,NA,NA,NA,NA,NA,NA,NA,1,NA,1,4.299567699,NA,NA,NA,NA,NA,NA,NA,NA,NA,NA,324,NA,40,NA,NA,NA,NA,NA,NA,NA,NA,NA,NA,11,NA,13,5.593513489,96.63150787,0.256785244,7.021491528,6.910845757,0,4.36580801,55.08161926,26.27363396,232.0465393,0.270333678,-820.7395576,-2284.989323,RufousTailedHawk,15
2889,NA,NA,NA,NA,NA,NA,NA,0,NA,NA,NA,NA,NA,NA,NA,NA,NA,NA,NA,NA,20,NA,NA,NA,NA,NA,NA,NA,NA,NA,NA,NA,NA,14,NA,NA,NA,NA,NA,NA,NA,NA,NA,NA,NA,NA,2,NA,NA,NA,NA,NA,1.825201154,NA,NA,NA,NA,NA,NA,NA,46,NA,NA,NA,NA,NA,NA,NA,NA,NA,NA,NA,NA,8,NA,NA,NA,NA,NA,6.617684364,101.0562134,3.145869255,18.17859077,1.235714078,1.164767504,2.733313322,44.93539047,18.85165024,26.60222626,-0.03138965,-805.7395576,-2284.989323,RufousTailedHawk,15
2891,NA,0,NA,NA,NA,NA,0,0,0,NA,NA,0,0,NA,20,NA,NA,NA,NA,15,11,5,NA,NA,3,7,NA,11,NA,NA,NA,NA,17,8,8,NA,NA,11,10,NA,1,NA,NA,NA,NA,4,1,3,NA,NA,1,7,6.547495842,NA,269,NA,NA,NA,NA,5,320,331,NA,NA,54,303,NA,2,NA,NA,NA,NA,7,8,9,NA,NA,12,13,7.045951843,78.21912384,0.718751371,6.036281586,0.724081695,0.272424042,0,51.8415947,34.78423691,23.49410248,0.142160937,-715.7395576,-2284.989323,RufousTailedHawk,15
2892,NA,NA,NA,NA,NA,0,0,0,0,0,0,0,0,NA,NA,NA,NA,NA,1,27,10,30,17,40,29,20,NA,NA,NA,NA,NA,8,13,12,8,16,16,18,8,NA,NA,NA,NA,NA,1,1,1,6,2,2,1,1,2.779606819,NA,NA,NA,NA,NA,323,334,339,318,352,353,293,315,NA,NA,NA,NA,NA,6,7,8,9,10,11,12,13,7.042801857,81.42414093,1.100990057,14.491786,2.846353769,0.747275829,0.072827041,47.46948624,27.90124702,13.7158823,-0.011428429,-700.7395576,-2284.989323,RufousTailedHawk,15
2895,0,NA,NA,0,NA,NA,NA,0,0,0,0,NA,0,60,NA,NA,140,NA,NA,NA,45,5,120,13,NA,5,11,NA,NA,8,NA,NA,NA,20,19,10,12,NA,10,1,NA,NA,2,NA,NA,NA,1,2,1,2,NA,1,3.865566969,22,NA,NA,1,NA,NA,NA,17,40,357,353,NA,347,1,NA,NA,4,NA,NA,NA,8,9,10,11,NA,13,6.822853565,86.06232452,4.452727318,5.666147232,0.571947217,1.783525229,0,45.725914,30.78459358,24.81442451,-0.151324898,-655.7395576,-2284.989323,RufousTailedHawk,15
2910,NA,NA,NA,NA,NA,NA,NA,NA,0,NA,NA,NA,NA,NA,NA,NA,NA,NA,NA,NA,NA,8,NA,NA,NA,NA,NA,NA,NA,NA,NA,NA,NA,NA,9,NA,NA,NA,NA,NA,NA,NA,NA,NA,NA,NA,NA,1,NA,NA,NA,NA,8.109758377,NA,NA,NA,NA,NA,NA,NA,NA,255,NA,NA,NA,NA,NA,NA,NA,NA,NA,NA,NA,NA,9,NA,NA,NA,NA,5.24783802,181.7663879,0.344503641,0.200891152,9.823833466,27.74298286,31.41675568,22.18214798,7.649280071,250.4137726,-0.739538074,-910.7395576,-2299.989323,RufousTailedHawk,15
2911,NA,NA,NA,NA,NA,NA,NA,NA,NA,NA,NA,0,0,NA,NA,NA,NA,NA,NA,NA,NA,NA,NA,NA,25,131,NA,NA,NA,NA,NA,NA,NA,NA,NA,NA,NA,16,5,NA,NA,NA,NA,NA,NA,NA,NA,NA,NA,NA,3,1,7.767920494,NA,NA,NA,NA,NA,NA,NA,NA,NA,NA,NA,35,21,NA,NA,NA,NA,NA,NA,NA,NA,NA,NA,NA,12,13,5.051646709,192.5718384,1.507134795,1.688539028,17.711271290,15.24610329,31.2189045,24.80649376,2.327620983,257.0812073,0.49552691,-895.7395576,-2299.989323,RufousTailedHawk,15
2912,NA,NA,NA,NA,NA,NA,NA,NA,NA,NA,NA,0,NA,NA,NA,NA,NA,NA,NA,NA,NA,NA,NA,NA,2,NA,NA,NA,NA,NA,NA,NA,NA,NA,NA,NA,NA,13,NA,NA,NA,NA,NA,NA,NA,NA,NA,NA,NA,NA,1,NA,7.499849319,NA,NA,NA,NA,NA,NA,NA,NA,NA,NA,NA,46,NA,NA,NA,NA,NA,NA,NA,NA,NA,NA,NA,NA,12,NA,4.530537605,138.8728943,0.036355123,12.7833128,18.089424130,5.772931099,28.58453369,30.59161758,2.228018284,404.061676,1.59809339,-880.7395576,-2299.989323,RufousTailedHawk,15
2913,NA,NA,NA,NA,NA,0,0,0,0,0,0,0,0,NA,NA,NA,NA,NA,30,15,6,1,40,14,30,17,NA,NA,NA,NA,NA,16,10,10,15,15,7,16,14,NA,NA,NA,NA,NA,3,2,1,1,1,2,1,1,3.59732008,NA,NA,NA,NA,NA,53,339,337,252,350,323,345,316,NA,NA,NA,NA,NA,6,7,8,9,10,11,12,13,5.64840889,118.3429642,1.175483465,12.04145241,4.960194588,0.762395561,24.79465866,49.15358734,6.162362099,178.1334839,0.81893903,-865.7395576,-2299.989323,RufousTailedHawk,15
2914,NA,NA,NA,NA,NA,0,NA,0,0,0,0,0,0,NA,NA,NA,NA,NA,225,NA,180,80,145,3,7,68,NA,NA,NA,NA,NA,16,NA,16,16,14,11,16,16,NA,NA,NA,NA,NA,4,NA,3,1,4,1,5,1,3.59732008,NA,NA,NA,NA,NA,330,NA,308,361,292,4,337,301,NA,NA,NA,NA,NA,6,NA,8,9,10,11,12,13,5.64840889,118.3429642,1.175483465,12.04145241,4.960194588,0.762395561,24.79465866,49.15358734,6.162362099,178.1334839,0.81893903,-850.7395576,-2299.989323,RufousTailedHawk,15
2915,NA,NA,0,NA,0,0,0,0,0,1,0,0,0,NA,NA,30,NA,30,4,90,67,143,3,6,60,20,NA,NA,8,NA,9,8,12,7,12,11,13,10,10,NA,NA,1,NA,5,1,1,1,4,2,1,2,2,2.36439538,NA,NA,10,NA,253,260,255,356,260,354,300,246,364,NA,NA,3,NA,5,6,7,8,9,10,11,12,13,6.061136246,111.418541,0.566921651,15.55049229,2.903240919,0.111978479,8.272080421,51.59123993,19.92998695,102.1321945,-0.161569148,-835.7395576,-2299.989323,RufousTailedHawk,15
2916,NA,0,0,0,0,0,0,0,0,0,0,0,0,NA,132,160,155,165,130,40,110,15,33,2,2,2,NA,8,16,7,16,10,15,15,15,11,16,18,10,NA,3,1,6,2,2,1,2,1,3,2,2,1,3.35218668,NA,333,274,285,274,294,338,26,253,337,11,285,328,NA,2,3,4,5,6,7,8,9,10,11,12,13,6.417872906,105.3036499,0.566476107,20.77189255,0.393373698,0.309130639,2.561402082,48.92392349,22.06441307,49.33927917,-0.292665064,-820.7395576,-2299.989323,RufousTailedHawk,15
2917,NA,0,NA,NA,NA,NA,NA,NA,0,0,NA,0,0,NA,155,NA,NA,NA,NA,NA,NA,1,1,NA,13,22,NA,11,NA,NA,NA,NA,NA,NA,16,11,NA,9,11,NA,2,NA,NA,NA,NA,NA,NA,2,1,NA,2,1,1.825201154,NA,42,NA,NA,NA,NA,NA,NA,35,51,NA,345,21,NA,2,NA,NA,NA,NA,NA,NA,9,10,NA,12,13,6.617684364,101.0562134,3.145869255,18.17859077,1.235714078,1.164767504,2.733313322,44.93539047,18.85165024,26.60222626,-0.03138965,-805.7395576,-2299.989323,RufousTailedHawk,15
2922,NA,NA,NA,NA,NA,NA,0,NA,0,NA,NA,NA,0,NA,NA,NA,NA,NA,NA,20,NA,20,NA,NA,NA,8,NA,NA,NA,NA,NA,NA,16,NA,18,NA,NA,NA,15,NA,NA,NA,NA,NA,NA,1,NA,9,NA,NA,NA,2,3.347807884,NA,NA,NA,NA,NA,NA,320,NA,360,NA,NA,NA,332,NA,NA,NA,NA,NA,NA,7,NA,9,NA,NA,NA,13,6.881490707,86.86582947,0.221757472,20.05359077,0.027917508,0.040356364,0.354242742,53.23395157,25.67560005,34.99862671,-0.223993614,-730.7395576,-2299.989323,RufousTailedHawk,15
2923,NA,NA,NA,NA,NA,NA,NA,0,0,NA,0,NA,NA,NA,NA,NA,NA,NA,NA,NA,24,1,NA,1,NA,NA,NA,NA,NA,NA,NA,NA,NA,12,11,NA,19,NA,NA,NA,NA,NA,NA,NA,NA,NA,1,2,NA,2,NA,NA,3.347807884,NA,NA,NA,NA,NA,NA,NA,362,341,NA,352,NA,NA,NA,NA,NA,NA,NA,NA,NA,8,9,NA,11,NA,NA,6.881490707,86.86582947,0.221757472,20.05359077,0.027917508,0.040356364,0.354242742,53.23395157,25.67560005,34.99862671,-0.223993614,-715.7395576,-2299.989323,RufousTailedHawk,15
2924,NA,NA,NA,0,NA,0,0,0,0,0,NA,0,0,NA,NA,NA,10,NA,82,14,76,45,110,NA,11,1,NA,NA,NA,15,NA,16,18,17,18,9,NA,21,7,NA,NA,NA,1,NA,1,1,2,1,1,NA,1,7,2.499176741,NA,NA,NA,30,NA,322,321,319,304,245,NA,48,303,NA,NA,NA,4,NA,6,7,8,9,10,NA,12,13,6.786099911,89.70021057,0.64851892,10.03636551,0.181934297,0.04160605,0.041814242,54.65420914,33.48412323,43.72956467,-0.484087795,-700.7395576,-2299.989323,RufousTailedHawk,15
2925,0,NA,NA,0,NA,NA,NA,0,0,0,0,0,0,30,NA,NA,10,NA,NA,NA,240,2,69,5,13,21,13,NA,NA,16,NA,NA,NA,11,14,15,9,17,18,3,NA,NA,1,NA,NA,NA,2,1,1,1,1,1,3.456105709,12,NA,NA,30,NA,NA,NA,6,320,38,353,292,28,1,NA,NA,4,NA,NA,NA,8,9,10,11,12,13,6.472176552,92.26874542,1.662519693,5.81270647,2.286158323,0.209638774,0.093001664,52.39422607,33.90009308,89.41205597,-0.04397051,-685.7395576,-2299.989323,RufousTailedHawk,15
2926,NA,NA,NA,NA,0,NA,NA,NA,0,0,NA,NA,NA,NA,NA,NA,NA,6,NA,NA,NA,1,5,NA,NA,NA,NA,NA,NA,NA,14,NA,NA,NA,14,10,NA,NA,NA,NA,NA,NA,NA,2,NA,NA,NA,1,2,NA,NA,NA,2.316426277,NA,NA,NA,NA,332,NA,NA,NA,320,352,NA,NA,NA,NA,NA,NA,NA,5,NA,NA,NA,9,10,NA,NA,NA,6.224001408,91.91508484,0.174143389,1.923196673,4.046183109,0,0,57.48153687,36.40475082,132.8061981,0.139661178,-670.7395576,-2299.989323,RufousTailedHawk,15
2927,NA,NA,NA,NA,NA,NA,NA,0,0,0,0,0,0,NA,NA,NA,NA,NA,NA,NA,8,39,12,14,6,6,NA,NA,NA,NA,NA,NA,NA,12,13,11,9,14,12,NA,NA,NA,NA,NA,NA,NA,1,2,2,2,4,1,3.915276766,NA,NA,NA,NA,NA,NA,NA,361,341,352,353,295,347,NA,NA,NA,NA,NA,NA,NA,8,9,10,11,12,13,6.305244923,90.39909363,0.037395131,3.144645452,4.367331982,0.007567929,0,57.24930191,35.11957169,117.1336441,0.157629579,-655.7395576,-2299.989323,RufousTailedHawk,15
2928,NA,NA,NA,NA,NA,0,NA,NA,NA,NA,NA,NA,0,NA,NA,NA,NA,NA,120,NA,NA,NA,NA,NA,NA,59,NA,NA,NA,NA,NA,17,NA,NA,NA,NA,NA,NA,17,NA,NA,NA,NA,NA,2,NA,NA,NA,NA,NA,NA,1,1.641887665,NA,NA,NA,NA,NA,48,NA,NA,NA,NA,NA,NA,282,NA,NA,NA,NA,NA,6,NA,NA,NA,NA,NA,NA,13,6.513835907,90.60203552,2.366133451,1.850897789,2.699991703,1.161857963,0,49.36314392,31.56957054,70.06072998,0.106571779,-640.7395576,-2299.989323,RufousTailedHawk,15
2934,NA,NA,NA,NA,NA,NA,NA,NA,NA,0,NA,NA,NA,NA,NA,NA,NA,NA,NA,NA,NA,NA,25,NA,NA,NA,NA,NA,NA,NA,NA,NA,NA,NA,NA,21,NA,NA,NA,NA,NA,NA,NA,NA,NA,NA,NA,NA,1,NA,NA,NA,94.94864655,NA,NA,NA,NA,NA,NA,NA,NA,NA,13,NA,NA,NA,NA,NA,NA,NA,NA,NA,NA,NA,NA,10,NA,NA,NA,5.746398449,648.9013672,2.845794916,0.70226258,5.394881725,22.91833305,3.230997086,33.25897598,21.9812603,220.4521637,-0.922486305,-1030.739558,-2314.989323,RufousTailedHawk,15
2943,NA,NA,NA,NA,NA,NA,NA,NA,0,NA,NA,NA,NA,NA,NA,NA,NA,NA,NA,NA,NA,10,NA,NA,NA,NA,NA,NA,NA,NA,NA,NA,NA,NA,15,NA,NA,NA,NA,NA,NA,NA,NA,NA,NA,NA,NA,1,NA,NA,NA,NA,7.767920494,NA,NA,NA,NA,NA,NA,NA,NA,350,NA,NA,NA,NA,NA,NA,NA,NA,NA,NA,NA,NA,9,NA,NA,NA,NA,5.051646709,192.5718384,1.507134795,1.688539028,17.711271290,15.24610329,31.2189045,24.80649376,2.327620983,257.0812073,0.49552691,-895.7395576,-2314.989323,RufousTailedHawk,15
2946,NA,NA,NA,NA,NA,0,NA,0,NA,0,NA,0,0,NA,NA,NA,NA,NA,25,NA,109,NA,20,NA,15,198,NA,NA,NA,NA,NA,15,NA,14,NA,14,NA,15,10,NA,NA,NA,NA,NA,3,NA,1,NA,3,NA,3,1,1.371935487,NA,NA,NA,NA,NA,53,NA,337,NA,292,NA,35,319,NA,NA,NA,NA,NA,6,NA,8,NA,10,NA,12,13,6.361758232,123.8247986,3.226626396,15.2212534,0.967607319,0.807843924,1.773353934,45.05897522,23.69457245,23.37278366,-0.130341768,-850.7395576,-2314.989323,RufousTailedHawk,15
2947,0,0,0,0,0,0,0,0,0,0,0,0,0,20,155,200,120,20,45,60,10,43,10,26,112,89,14,11,9,15,13,18,16,12,10,20,12,9,6,2,1,1,2,5,1,2,1,3,1,1,1,1,1.371935487,319,312,306,308,312,327,310,323,329,321,333,287,335,1,2,3,4,5,6,7,8,9,10,11,12,13,6.361758232,123.8247986,3.226626396,15.2212534,0.967607319,0.807843924,1.773353934,45.05897522,23.69457245,23.37278366,-0.130341768,-835.7395576,-2314.989323,RufousTailedHawk,15
2948,0,NA,0,0,0,0,0,0,0,0,0,0,0,5,NA,15,10,10,1,1,2,1,1,34,2,5,13,NA,13,8,7,10,17,10,9,16,13,11,13,2,NA,3,1,3,1,1,1,1,1,1,1,1,1.779038191,319,NA,263,320,12,365,283,282,252,346,330,287,293,1,NA,3,4,5,6,7,8,9,10,11,12,13,6.390492916,112.6288605,2.047450781,24.87638474,0.794069111,0.5920223,7.583471298,42.57492065,8.982236862,24.76771545,0.192831859,-820.7395576,-2314.989323,RufousTailedHawk,15
2952,NA,NA,NA,NA,NA,NA,NA,NA,NA,NA,NA,NA,0,NA,NA,NA,NA,NA,NA,NA,NA,NA,NA,NA,NA,30,NA,NA,NA,NA,NA,NA,NA,NA,NA,NA,NA,NA,10,NA,NA,NA,NA,NA,NA,NA,NA,NA,NA,NA,NA,1,3.237722635,NA,NA,NA,NA,NA,NA,NA,NA,NA,NA,NA,NA,301,NA,NA,NA,NA,NA,NA,NA,NA,NA,NA,NA,NA,13,6.929224014,95.92021942,1.096051455,5.648654461,2.786690950,0.765290856,0.066318959,51.68972397,31.11630821,22.18312263,0.051004134,-760.7395576,-2314.989323,RufousTailedHawk,15
2953,NA,NA,NA,NA,NA,NA,0,NA,NA,0,0,NA,0,NA,NA,NA,NA,NA,NA,60,NA,NA,45,5,NA,19,NA,NA,NA,NA,NA,NA,11,NA,NA,18,19,NA,15,NA,NA,NA,NA,NA,NA,1,NA,NA,1,1,NA,1,2.728565454,NA,NA,NA,NA,NA,NA,14,NA,NA,361,365,NA,301,NA,NA,NA,NA,NA,NA,7,NA,NA,10,11,NA,13,6.905445099,97.63694,0.648766398,16.91616249,0.811230123,0.662935317,0.124305613,41.51217651,19.67657852,23.18621826,-0.126506895,-745.7395576,-2314.989323,RufousTailedHawk,15
2954,NA,NA,NA,NA,NA,NA,NA,NA,0,0,0,0,0,NA,NA,NA,NA,NA,NA,NA,NA,16,11,3,2,1,NA,NA,NA,NA,NA,NA,NA,NA,19,11,17,17,11,NA,NA,NA,NA,NA,NA,NA,NA,2,2,1,1,7,4.804997921,NA,NA,NA,NA,NA,NA,NA,NA,341,353,352,46,303,NA,NA,NA,NA,NA,NA,NA,NA,9,10,11,12,13,6.635454655,98.99028778,0.093603499,11.61536217,1.557524323,0.037657227,0.052378304,54.84578323,31.72655678,70.72366333,-0.452462018,-730.7395576,-2314.989323,RufousTailedHawk,15
2955,NA,NA,NA,NA,NA,NA,NA,NA,NA,0,NA,NA,0,NA,NA,NA,NA,NA,NA,NA,NA,NA,1,NA,NA,8,NA,NA,NA,NA,NA,NA,NA,NA,NA,11,NA,NA,18,NA,NA,NA,NA,NA,NA,NA,NA,NA,2,NA,NA,2,3.375860214,NA,NA,NA,NA,NA,NA,NA,NA,NA,353,NA,NA,331,NA,NA,NA,NA,NA,NA,NA,NA,NA,10,NA,NA,13,6.209157467,100.5328369,0,5.485086441,5.862665653,0,0.13590534,56.46382523,32.03701019,146.9937744,-0.082036711,-715.7395576,-2314.989323,RufousTailedHawk,15
2956,NA,0,NA,0,NA,0,NA,0,0,0,0,0,0,NA,60,NA,60,NA,40,NA,32,1,51,1,7,20,NA,9,NA,18,NA,16,NA,16,20,9,17,9,12,NA,2,NA,6,NA,1,NA,1,9,2,1,1,1,1.984125614,NA,331,NA,343,NA,10,NA,361,11,353,352,297,303,NA,2,NA,4,NA,6,NA,8,9,10,11,12,13,5.995140076,100.8514709,0,7.949635029,6.356510639,0,0.551714718,56.04812622,29.04876328,185.086441,1.105991006,-700.7395576,-2314.989323,RufousTailedHawk,15
2958,NA,NA,NA,NA,NA,NA,0,0,0,NA,NA,NA,0,NA,NA,NA,NA,NA,NA,5,2,86,NA,NA,NA,29,NA,NA,NA,NA,NA,NA,18,14,11,NA,NA,NA,15,NA,NA,NA,NA,NA,NA,2,1,1,NA,NA,NA,1,6.322784424,NA,NA,NA,NA,NA,NA,333,361,320,NA,NA,NA,303,NA,NA,NA,NA,NA,NA,7,8,9,NA,NA,NA,13,5.967751503,93.60580444,0.644547582,12.95602703,2.135821819,0.136506394,0,54.03094101,29.79909134,174.0979767,0.17698729,-670.7395576,-2314.989323,RufousTailedHawk,15
2960,NA,NA,NA,NA,NA,NA,NA,NA,NA,NA,NA,NA,0,NA,NA,NA,NA,NA,NA,NA,NA,NA,NA,NA,NA,191,NA,NA,NA,NA,NA,NA,NA,NA,NA,NA,NA,NA,9,NA,NA,NA,NA,NA,NA,NA,NA,NA,NA,NA,NA,6,2.358514547,NA,NA,NA,NA,NA,NA,NA,NA,NA,NA,NA,NA,343,NA,NA,NA,NA,NA,NA,NA,NA,NA,NA,NA,NA,13,6.401871204,89.77287292,0.978635609,10.14856052,0.604068935,0.261560053,0,54.1452446,33.70683289,83.05426025,-0.017928027,-640.7395576,-2314.989323,RufousTailedHawk,15
2961,NA,NA,NA,NA,NA,0,NA,NA,NA,NA,0,0,0,NA,NA,NA,NA,NA,41,NA,NA,NA,NA,58,30,5,NA,NA,NA,NA,NA,16,NA,NA,NA,NA,14,14,9,NA,NA,NA,NA,NA,4,NA,NA,NA,NA,1,2,3,1.833723903,NA,NA,NA,NA,NA,57,NA,NA,NA,NA,13,346,281,NA,NA,NA,NA,NA,6,NA,NA,NA,NA,11,12,13,6.670062065,90.96200562,3.191332102,5.387273788,2.473814487,1.443074703,0.34969151,36.76623917,20.76900673,19.71225739,0.032586291,-625.7395576,-2314.989323,RufousTailedHawk,15
2971,NA,NA,NA,NA,NA,NA,NA,NA,NA,NA,NA,0,NA,NA,NA,NA,NA,NA,NA,NA,NA,NA,NA,NA,8,NA,NA,NA,NA,NA,NA,NA,NA,NA,NA,NA,NA,20,NA,NA,NA,NA,NA,NA,NA,NA,NA,NA,NA,NA,1,NA,43.77203751,NA,NA,NA,NA,NA,NA,NA,NA,NA,NA,NA,12,NA,NA,NA,NA,NA,NA,NA,NA,NA,NA,NA,NA,12,NA,4.603453636,347.1724854,0.833745539,1.034029961,5.734055042,18.0550251,8.136250496,26.41370392,10.91668987,307.4414063,-4.311510086,-955.7395576,-2329.989323,RufousTailedHawk,15
2978,0,0,0,0,0,0,NA,NA,NA,NA,NA,NA,NA,120,85,150,120,120,10,NA,NA,NA,NA,NA,NA,NA,14,9,13,10,17,12,NA,NA,NA,NA,NA,NA,NA,2,6,2,1,2,1,NA,NA,NA,NA,NA,NA,NA,1.808979273,329,318,335,359,340,347,NA,NA,NA,NA,NA,NA,NA,1,2,3,4,5,6,NA,NA,NA,NA,NA,NA,NA,6.200817585,132.1761017,3.30669713,13.05033493,2.688384056,0.986559808,13.49813652,43.68179321,10.80639362,40.82028198,-0.255271554,-850.7395576,-2329.989323,RufousTailedHawk,15
2979,NA,NA,0,NA,0,NA,0,NA,NA,0,NA,0,NA,NA,NA,120,NA,120,NA,6,NA,NA,7,NA,20,NA,NA,NA,11,NA,14,NA,11,NA,NA,17,NA,18,NA,NA,NA,3,NA,8,NA,2,NA,NA,2,NA,1,NA,1.808979273,NA,NA,348,NA,312,NA,332,NA,NA,328,NA,297,NA,NA,NA,3,NA,5,NA,7,NA,NA,10,NA,12,NA,6.200817585,132.1761017,3.30669713,13.05033493,2.688384056,0.986559808,13.49813652,43.68179321,10.80639362,40.82028198,-0.255271554,-835.7395576,-2329.989323,RufousTailedHawk,15
2980,NA,0,0,0,NA,0,0,0,0,0,0,0,0,NA,120,85,4,NA,1,1,3,2,11,1,9,8,NA,15,16,13,NA,11,8,11,9,10,15,10,11,NA,3,2,1,NA,1,1,1,1,1,1,1,1,1.980363846,NA,281,330,306,NA,281,266,294,252,333,306,282,314,NA,2,3,4,NA,6,7,8,9,10,11,12,13,6.128968239,119.6891479,1.966932535,10.00935173,5.012013435,0.957413971,14.11518383,46.01340103,15.08914757,52.6364975,-0.350286841,-820.7395576,-2329.989323,RufousTailedHawk,15
2981,NA,NA,0,0,NA,0,0,0,0,0,0,0,0,NA,NA,20,30,NA,45,65,45,10,60,15,12,43,NA,NA,11,9,NA,8,17,9,14,11,11,10,13,NA,NA,1,2,NA,4,4,3,1,1,1,1,1,1.980363846,NA,NA,256,309,NA,319,41,29,275,349,356,282,337,NA,NA,3,4,NA,6,7,8,9,10,11,12,13,6.128968239,119.6891479,1.966932535,10.00935173,5.012013435,0.957413971,14.11518383,46.01340103,15.08914757,52.6364975,-0.350286841,-805.7395576,-2329.989323,RufousTailedHawk,15
2983,NA,NA,NA,NA,NA,NA,NA,NA,NA,NA,NA,NA,0,NA,NA,NA,NA,NA,NA,NA,NA,NA,NA,NA,NA,5,NA,NA,NA,NA,NA,NA,NA,NA,NA,NA,NA,NA,12,NA,NA,NA,NA,NA,NA,NA,NA,NA,NA,NA,NA,2,2.539562225,NA,NA,NA,NA,NA,NA,NA,NA,NA,NA,NA,NA,332,NA,NA,NA,NA,NA,NA,NA,NA,NA,NA,NA,NA,13,6.772422314,110.4649658,1.325693369,3.588000298,2.834110260,0.386147261,0.041553788,40.68756485,25.06739998,44.57460403,-0.151990771,-775.7395576,-2329.989323,RufousTailedHawk,15
2984,NA,NA,NA,NA,NA,NA,0,NA,0,0,NA,0,0,NA,NA,NA,NA,NA,NA,25,NA,2,1,NA,6,55,NA,NA,NA,NA,NA,NA,14,NA,14,17,NA,16,9,NA,NA,NA,NA,NA,NA,4,NA,2,1,NA,2,1,2.539562225,NA,NA,NA,NA,NA,NA,49,NA,343,365,NA,287,276,NA,NA,NA,NA,NA,NA,7,NA,9,10,NA,12,13,6.772422314,110.4649658,1.325693369,3.588000298,2.834110260,0.386147261,0.041553788,40.68756485,25.06739998,44.57460403,-0.151990771,-760.7395576,-2329.989323,RufousTailedHawk,15
2985,NA,NA,NA,NA,NA,NA,NA,NA,NA,NA,NA,NA,0,NA,NA,NA,NA,NA,NA,NA,NA,NA,NA,NA,NA,50,NA,NA,NA,NA,NA,NA,NA,NA,NA,NA,NA,NA,11,NA,NA,NA,NA,NA,NA,NA,NA,NA,NA,NA,NA,1,11.67620754,NA,NA,NA,NA,NA,NA,NA,NA,NA,NA,NA,NA,278,NA,NA,NA,NA,NA,NA,NA,NA,NA,NA,NA,NA,13,6.352711201,112.916748,0.486450344,5.630478859,2.245857477,0,0.071199603,56.68338394,34.78367996,128.1622772,-0.394506991,-745.7395576,-2329.989323,RufousTailedHawk,15
2987,NA,NA,NA,NA,NA,NA,NA,0,NA,NA,NA,NA,NA,NA,NA,NA,NA,NA,NA,NA,103,NA,NA,NA,NA,NA,NA,NA,NA,NA,NA,NA,NA,14,NA,NA,NA,NA,NA,NA,NA,NA,NA,NA,NA,NA,1,NA,NA,NA,NA,NA,8.248839378,NA,NA,NA,NA,NA,NA,NA,21,NA,NA,NA,NA,NA,NA,NA,NA,NA,NA,NA,NA,8,NA,NA,NA,NA,NA,5.443741322,106.8806076,0.115429208,2.573909521,12.095676420,0.10142675,0.150418162,58.00295639,26.93601036,284.7087708,0.380023628,-715.7395576,-2329.989323,RufousTailedHawk,15
2988,NA,NA,NA,NA,NA,0,NA,0,0,NA,NA,NA,NA,NA,NA,NA,NA,NA,2,NA,54,5,NA,NA,NA,NA,NA,NA,NA,NA,NA,14,NA,12,11,NA,NA,NA,NA,NA,NA,NA,NA,NA,1,NA,1,2,NA,NA,NA,NA,2.357766628,NA,NA,NA,NA,NA,10,NA,21,43,NA,NA,NA,NA,NA,NA,NA,NA,NA,6,NA,8,9,NA,NA,NA,NA,5.771817684,103.4073715,0,6.725326538,1.973038435,0,0.171430036,56.35634232,34.73427582,219.8551178,0.280504763,-700.7395576,-2329.989323,RufousTailedHawk,15
2989,NA,NA,NA,NA,NA,0,NA,NA,NA,NA,NA,NA,NA,NA,NA,NA,NA,NA,1,NA,NA,NA,NA,NA,NA,NA,NA,NA,NA,NA,NA,10,NA,NA,NA,NA,NA,NA,NA,NA,NA,NA,NA,NA,1,NA,NA,NA,NA,NA,NA,NA,5.306058884,NA,NA,NA,NA,NA,12,NA,NA,NA,NA,NA,NA,NA,NA,NA,NA,NA,NA,6,NA,NA,NA,NA,NA,NA,NA,6.068745613,101.2759552,0,18.29799271,0.299059600,0.073558658,0.060732648,52.65955734,28.55873299,163.0884399,0.296992987,-685.7395576,-2329.989323,RufousTailedHawk,15
2991,NA,NA,NA,NA,0,NA,NA,NA,NA,NA,NA,NA,NA,NA,NA,NA,NA,1,NA,NA,NA,NA,NA,NA,NA,NA,NA,NA,NA,NA,15,NA,NA,NA,NA,NA,NA,NA,NA,NA,NA,NA,NA,1,NA,NA,NA,NA,NA,NA,NA,NA,3.672075748,NA,NA,NA,NA,332,NA,NA,NA,NA,NA,NA,NA,NA,NA,NA,NA,NA,5,NA,NA,NA,NA,NA,NA,NA,NA,6.531402588,96.47351074,5.065544128,11.81982899,0.418215096,1.77910018,0.059848826,52.85630035,27.99054146,56.83548355,-0.038780782,-655.7395576,-2329.989323,RufousTailedHawk,15
2992,NA,NA,NA,0,NA,NA,NA,NA,NA,0,0,NA,0,NA,NA,NA,30,NA,NA,NA,NA,NA,10,10,NA,20,NA,NA,NA,14,NA,NA,NA,NA,NA,12,21,NA,8,NA,NA,NA,2,NA,NA,NA,NA,NA,4,1,NA,1,2.417613983,NA,NA,NA,365,NA,NA,NA,NA,NA,35,3,NA,304,NA,NA,NA,4,NA,NA,NA,NA,NA,10,11,NA,13,6.6559062,95.44473267,10.26001263,7.738428116,0.633529663,3.692537785,0.008014418,53.43535614,23.91127396,27.91664886,0.041790087,-640.7395576,-2329.989323,RufousTailedHawk,15
2993,NA,NA,NA,NA,NA,NA,NA,NA,NA,NA,0,NA,NA,NA,NA,NA,NA,NA,NA,NA,NA,NA,NA,29,NA,NA,NA,NA,NA,NA,NA,NA,NA,NA,NA,NA,21,NA,NA,NA,NA,NA,NA,NA,NA,NA,NA,NA,NA,1,NA,NA,1.833723903,NA,NA,NA,NA,NA,NA,NA,NA,NA,NA,3,NA,NA,NA,NA,NA,NA,NA,NA,NA,NA,NA,NA,11,NA,NA,6.670062065,90.96200562,3.191332102,5.387273788,2.473814487,1.443074703,0.34969151,36.76623917,20.76900673,19.71225739,0.032586291,-625.7395576,-2329.989323,RufousTailedHawk,15
3001,NA,NA,NA,NA,NA,NA,NA,NA,0,NA,NA,NA,NA,NA,NA,NA,NA,NA,NA,NA,NA,120,NA,NA,NA,NA,NA,NA,NA,NA,NA,NA,NA,NA,8,NA,NA,NA,NA,NA,NA,NA,NA,NA,NA,NA,NA,1,NA,NA,NA,NA,96.17098236,NA,NA,NA,NA,NA,NA,NA,NA,354,NA,NA,NA,NA,NA,NA,NA,NA,NA,NA,NA,NA,9,NA,NA,NA,NA,5.254763126,654.0546875,6.246458054,0.716507792,3.490173340,11.54188061,4.311542988,32.94668961,7.608036518,209.447998,0.82517761,-1015.739558,-2344.989323,RufousTailedHawk,15
3011,0,0,0,0,0,NA,0,0,0,NA,0,NA,0,60,60,60,60,120,NA,27,25,8,NA,24,NA,30,16,14,17,11,8,NA,10,11,9,NA,11,NA,13,1,1,2,1,1,NA,1,2,1,NA,1,NA,1,3.092914104,57,327,46,326,22,NA,17,26,259,NA,4,NA,250,1,2,3,4,5,NA,7,8,9,NA,11,NA,13,4.74258709,155.0099182,0.456513554,11.74700356,13.348652840,6.022454262,29.93103409,36.2015419,2.009064198,308.6399536,0.489530623,-850.7395576,-2344.989323,RufousTailedHawk,15
3012,NA,NA,NA,NA,NA,NA,0,NA,0,NA,NA,0,0,NA,NA,NA,NA,NA,NA,5,NA,40,NA,NA,180,168,NA,NA,NA,NA,NA,NA,11,NA,16,NA,NA,12,16,NA,NA,NA,NA,NA,NA,2,NA,3,NA,NA,1,1,3.092914104,NA,NA,NA,NA,NA,NA,332,NA,11,NA,NA,44,43,NA,NA,NA,NA,NA,NA,7,NA,9,NA,NA,12,13,4.74258709,155.0099182,0.456513554,11.74700356,13.348652840,6.022454262,29.93103409,36.2015419,2.009064198,308.6399536,0.489530623,-835.7395576,-2344.989323,RufousTailedHawk,15
3013,0,0,0,0,0,0,0,0,1,0,0,1,0,120,58,40,20,70,40,3,60,10,10,15,60,60,13,11,12,14,8,16,16,16,13,13,18,14,10,2,1,1,2,1,2,1,1,2,1,1,1,3,1.647304296,330,261,246,309,294,277,267,304,303,258,249,278,301,1,2,3,4,5,6,7,8,9,10,11,12,13,5.49470377,131.069519,1.712509274,12.08804131,5.879954338,3.459714174,24.01037407,33.14992523,5.205016136,166.2419891,0.338869601,-820.7395576,-2344.989323,RufousTailedHawk,15
3015,0,0,0,0,0,0,0,0,0,0,0,0,0,30,15,75,90,60,77,191,156,45,20,4,19,45,15,10,8,14,8,15,11,15,14,10,14,11,17,3,6,5,5,7,1,1,1,5,6,2,1,1,2.069007874,28,320,317,342,324,321,297,318,320,291,351,1,277,1,2,3,4,5,6,7,8,9,10,11,12,13,6.842536449,123.5533905,3.5683918,10.38687038,2.889497042,1.605651736,2.676604509,39.64469528,21.73032379,22.04906845,-0.111620024,-775.7395576,-2344.989323,RufousTailedHawk,15
3016,NA,NA,NA,NA,NA,NA,NA,NA,0,NA,NA,NA,0,NA,NA,NA,NA,NA,NA,NA,NA,90,NA,NA,NA,43,NA,NA,NA,NA,NA,NA,NA,NA,11,NA,NA,NA,17,NA,NA,NA,NA,NA,NA,NA,NA,2,NA,NA,NA,1,6.510837555,NA,NA,NA,NA,NA,NA,NA,NA,342,NA,NA,NA,276,NA,NA,NA,NA,NA,NA,NA,NA,9,NA,NA,NA,13,6.237240314,130.1950989,0.174940497,3.482475996,3.051683664,0.191724911,1.043432713,56.66914368,35.35906982,151.6688385,-0.199460119,-760.7395576,-2344.989323,RufousTailedHawk,15
3017,NA,NA,NA,NA,NA,NA,NA,NA,NA,NA,NA,NA,0,NA,NA,NA,NA,NA,NA,NA,NA,NA,NA,NA,NA,36,NA,NA,NA,NA,NA,NA,NA,NA,NA,NA,NA,NA,15,NA,NA,NA,NA,NA,NA,NA,NA,NA,NA,NA,NA,1,10.55661297,NA,NA,NA,NA,NA,NA,NA,NA,NA,NA,NA,NA,277,NA,NA,NA,NA,NA,NA,NA,NA,NA,NA,NA,NA,13,5.348408222,129.5172882,0.047775887,4.895626545,9.169226646,0.075153328,8.131408691,55.53121567,22.13549042,303.7026367,0.209597766,-745.7395576,-2344.989323,RufousTailedHawk,15
3022,NA,NA,NA,NA,NA,0,NA,NA,NA,NA,0,0,0,NA,NA,NA,NA,NA,1,NA,NA,NA,NA,34,77,119,NA,NA,NA,NA,NA,11,NA,NA,NA,NA,17,9,13,NA,NA,NA,NA,NA,1,NA,NA,NA,NA,1,1,1,3.33431673,NA,NA,NA,NA,NA,12,NA,NA,NA,NA,1,254,324,NA,NA,NA,NA,NA,6,NA,NA,NA,NA,11,12,13,6.593823433,97.85559845,0.047397405,27.9233532,0.007213726,0.24672243,1.733085394,51.43645477,18.59806252,36.96949005,-0.017488832,-670.7395576,-2344.989323,RufousTailedHawk,15
3023,NA,NA,NA,NA,NA,NA,NA,NA,NA,NA,NA,NA,0,NA,NA,NA,NA,NA,NA,NA,NA,NA,NA,NA,NA,53,NA,NA,NA,NA,NA,NA,NA,NA,NA,NA,NA,NA,9,NA,NA,NA,NA,NA,NA,NA,NA,NA,NA,NA,NA,1,2.541078329,NA,NA,NA,NA,NA,NA,NA,NA,NA,NA,NA,NA,254,NA,NA,NA,NA,NA,NA,NA,NA,NA,NA,NA,NA,13,6.617589474,99.80080414,5.73849535,25.23238564,0.270458907,1.279371381,2.251658201,49.26831818,14.67230988,17.93994141,0.023315886,-655.7395576,-2344.989323,RufousTailedHawk,15
3024,NA,NA,NA,NA,NA,NA,0,NA,NA,NA,0,0,0,NA,NA,NA,NA,NA,NA,60,NA,NA,NA,137,41,28,NA,NA,NA,NA,NA,NA,10,NA,NA,NA,12,12,10,NA,NA,NA,NA,NA,NA,2,NA,NA,NA,1,2,3,1.901528835,NA,NA,NA,NA,NA,NA,346,NA,NA,NA,298,346,309,NA,NA,NA,NA,NA,NA,7,NA,NA,NA,11,12,13,6.570750237,95.76376343,5.96350956,19.36727905,0.652972579,2.891971111,0.863744318,44.32938385,9.941707611,10.06223106,-0.652507901,-640.7395576,-2344.989323,RufousTailedHawk,15
3025,NA,NA,NA,NA,NA,0,NA,0,NA,NA,NA,NA,0,NA,NA,NA,NA,NA,60,NA,1,NA,NA,NA,NA,5,NA,NA,NA,NA,NA,11,NA,19,NA,NA,NA,NA,16,NA,NA,NA,NA,NA,3,NA,3,NA,NA,NA,NA,3,5.571472168,NA,NA,NA,NA,NA,269,NA,7,NA,NA,NA,NA,281,NA,NA,NA,NA,NA,6,NA,8,NA,NA,NA,NA,13,6.129358768,87.43166351,0.328933477,34.42245483,0.120210603,0.024799414,2.001334667,49.42354584,12.32542515,73.04582977,0.39912793,-625.7395576,-2344.989323,RufousTailedHawk,15
3032,NA,NA,NA,NA,NA,NA,NA,NA,NA,0,NA,NA,NA,NA,NA,NA,NA,NA,NA,NA,NA,NA,80,NA,NA,NA,NA,NA,NA,NA,NA,NA,NA,NA,NA,10,NA,NA,NA,NA,NA,NA,NA,NA,NA,NA,NA,NA,1,NA,NA,NA,123.1690598,NA,NA,NA,NA,NA,NA,NA,NA,NA,350,NA,NA,NA,NA,NA,NA,NA,NA,NA,NA,NA,NA,10,NA,NA,NA,5.744217873,772.8580933,2.75858736,4.555717468,1.847927094,17.58519936,3.281875849,29.86340714,18.41924095,177.5968933,0.270576447,-1015.739558,-2359.989323,RufousTailedHawk,15
3042,NA,NA,NA,NA,NA,NA,NA,NA,NA,NA,NA,NA,0,NA,NA,NA,NA,NA,NA,NA,NA,NA,NA,NA,NA,134,NA,NA,NA,NA,NA,NA,NA,NA,NA,NA,NA,NA,19,NA,NA,NA,NA,NA,NA,NA,NA,NA,NA,NA,NA,1,10.47842121,NA,NA,NA,NA,NA,NA,NA,NA,NA,NA,NA,NA,21,NA,NA,NA,NA,NA,NA,NA,NA,NA,NA,NA,NA,13,4.792683601,219.4027557,0.228490263,3.060620546,11.308485030,18.83514595,28.20179939,23.94244385,6.740950584,277.5603333,0.94475466,-865.7395576,-2359.989323,RufousTailedHawk,15
3043,NA,0,NA,NA,NA,NA,NA,NA,NA,NA,NA,NA,NA,NA,90,NA,NA,NA,NA,NA,NA,NA,NA,NA,NA,NA,NA,10,NA,NA,NA,NA,NA,NA,NA,NA,NA,NA,NA,NA,4,NA,NA,NA,NA,NA,NA,NA,NA,NA,NA,NA,5.694204807,NA,52,NA,NA,NA,NA,NA,NA,NA,NA,NA,NA,NA,NA,2,NA,NA,NA,NA,NA,NA,NA,NA,NA,NA,NA,4.250231743,195.8908386,0.863703787,1.197711468,14.789796830,8.418210983,30.97037697,36.65771484,6.884606838,386.7452393,0.715768099,-850.7395576,-2359.989323,RufousTailedHawk,15
3044,NA,NA,0,NA,NA,NA,NA,NA,NA,NA,NA,NA,0,NA,NA,90,NA,NA,NA,NA,NA,NA,NA,NA,NA,25,NA,NA,9,NA,NA,NA,NA,NA,NA,NA,NA,NA,10,NA,NA,8,NA,NA,NA,NA,NA,NA,NA,NA,NA,1,5.149185658,NA,NA,305,NA,NA,NA,NA,NA,NA,NA,NA,NA,321,NA,NA,3,NA,NA,NA,NA,NA,NA,NA,NA,NA,13,4.334567547,168.7938385,0.938112259,1.666504622,25.183469770,9.562952042,33.53917694,25.67889214,2.848407269,379.0689392,0.331592411,-835.7395576,-2359.989323,RufousTailedHawk,15
3045,0,NA,0,0,0,0,0,0,0,0,0,0,0,30,NA,70,20,20,10,2,3,5,45,30,60,63,9,NA,9,19,9,14,10,21,17,15,9,14,10,2,NA,1,1,1,1,1,1,3,8,2,1,1,2.723883629,323,NA,332,295,336,284,251,285,322,360,363,294,270,1,NA,3,4,5,6,7,8,9,10,11,12,13,5.67673111,146.0336761,0.119971424,20.61388779,4.531927109,3.004804373,26.08427429,44.56766129,0.954267979,125.4897614,-0.657744765,-820.7395576,-2359.989323,RufousTailedHawk,15
3046,NA,0,NA,NA,NA,NA,NA,NA,0,NA,NA,NA,NA,NA,30,NA,NA,NA,NA,NA,NA,15,NA,NA,NA,NA,NA,16,NA,NA,NA,NA,NA,NA,19,NA,NA,NA,NA,NA,6,NA,NA,NA,NA,NA,NA,1,NA,NA,NA,NA,1.894546032,NA,319,NA,NA,NA,NA,NA,NA,315,NA,NA,NA,NA,NA,2,NA,NA,NA,NA,NA,NA,9,NA,NA,NA,NA,6.675963402,138.8345337,2.677901268,12.76257324,4.775975227,2.303501844,8.472818375,42.83865356,14.72198105,50.06866074,-0.110402443,-790.7395576,-2359.989323,RufousTailedHawk,15
3047,0,0,0,0,0,0,0,0,0,0,NA,0,0,40,20,75,120,30,2,38,90,10,15,NA,9,5,15,7,6,11,12,17,18,13,15,14,NA,20,18,3,6,5,3,2,1,1,7,1,1,NA,1,1,1.894546032,28,319,317,312,341,321,320,346,283,301,NA,295,309,1,2,3,4,5,6,7,8,9,10,NA,12,13,6.675963402,138.8345337,2.677901268,12.76257324,4.775975227,2.303501844,8.472818375,42.83865356,14.72198105,50.06866074,-0.110402443,-775.7395576,-2359.989323,RufousTailedHawk,15
3048,NA,0,NA,NA,NA,NA,0,0,0,NA,NA,NA,0,NA,10,NA,NA,NA,NA,10,10,45,NA,NA,NA,24,NA,14,NA,NA,NA,NA,11,9,9,NA,NA,NA,18,NA,6,NA,NA,NA,NA,2,1,5,NA,NA,NA,2,3.525012732,NA,319,NA,NA,NA,NA,333,307,320,NA,NA,NA,289,NA,2,NA,NA,NA,NA,7,8,9,NA,NA,NA,13,5.017448902,147.4262848,0.416452229,6.60025692,8.466011047,0.793485701,18.93117714,52.14558411,12.62983608,353.7453918,0.912205219,-760.7395576,-2359.989323,RufousTailedHawk,15
3049,NA,NA,NA,NA,NA,NA,0,NA,0,NA,0,NA,NA,NA,NA,NA,NA,NA,NA,21,NA,45,NA,9,NA,NA,NA,NA,NA,NA,NA,NA,12,NA,9,NA,18,NA,NA,NA,NA,NA,NA,NA,NA,2,NA,5,NA,1,NA,NA,2.598006248,NA,NA,NA,NA,NA,NA,333,NA,320,NA,299,NA,NA,NA,NA,NA,NA,NA,NA,7,NA,9,NA,11,NA,NA,5.049866676,126.2659149,0.330193251,6.518792152,11.507045750,0.975191534,24.22179604,49.15300751,7.121077538,360.8944702,0.871534407,-745.7395576,-2359.989323,RufousTailedHawk,15
3050,NA,0,NA,NA,NA,0,0,0,0,0,0,0,0,NA,10,NA,NA,NA,17,2,56,15,2,15,6,12,NA,9,NA,NA,NA,11,11,14,10,14,17,10,14,NA,6,NA,NA,NA,4,1,6,1,2,2,2,2,3.004500389,NA,319,NA,NA,NA,28,321,326,334,46,351,259,343,NA,2,NA,NA,NA,6,7,8,9,10,11,12,13,5.727561474,118.2598343,0.226782918,12.76030827,7.965694904,0.247984543,18.2330761,52.17183685,8.378931999,243.5282135,0.063102797,-730.7395576,-2359.989323,RufousTailedHawk,15
3051,NA,0,NA,NA,NA,0,0,NA,0,NA,NA,NA,NA,NA,15,NA,NA,NA,45,25,NA,25,NA,NA,NA,NA,NA,9,NA,NA,NA,14,19,NA,15,NA,NA,NA,NA,NA,6,NA,NA,NA,3,2,NA,1,NA,NA,NA,NA,2.789778471,NA,319,NA,NA,NA,324,46,NA,334,NA,NA,NA,NA,NA,2,NA,NA,NA,6,7,NA,9,NA,NA,NA,NA,6.484078407,112.1439133,0.690986514,11.24345493,0.587881446,0,1.998676419,53.66584015,31.76155663,89.41991425,-0.335573375,-715.7395576,-2359.989323,RufousTailedHawk,15
3052,NA,NA,NA,0,NA,0,0,0,0,0,NA,0,0,NA,NA,NA,60,NA,15,45,2,7,5,NA,5,10,NA,NA,NA,7,NA,13,12,14,17,15,NA,15,15,NA,NA,NA,2,NA,1,1,3,5,3,NA,2,2,1.976740122,NA,NA,NA,362,NA,349,284,31,308,24,NA,343,244,NA,NA,NA,4,NA,6,7,8,9,10,NA,12,13,6.704435349,105.0775223,0.8075068,15.92214394,0.444141805,0.790721357,0.509301007,47.87421417,27.2802639,28.10437965,-0.036291156,-700.7395576,-2359.989323,RufousTailedHawk,15
3053,NA,NA,NA,NA,NA,0,0,NA,0,0,0,0,0,NA,NA,NA,NA,NA,20,20,NA,160,60,6,10,4,NA,NA,NA,NA,NA,18,16,NA,15,12,18,15,12,NA,NA,NA,NA,NA,1,2,NA,2,2,1,2,2,2.843343496,NA,NA,NA,NA,NA,339,297,NA,15,317,299,274,343,NA,NA,NA,NA,NA,6,7,NA,9,10,11,12,13,6.543776989,99.77572632,0.523142874,24.37624359,0.545629919,0.255727261,1.964294553,50.55133438,21.45092201,37.68878937,-0.226359397,-685.7395576,-2359.989323,RufousTailedHawk,15
3054,NA,NA,NA,NA,NA,NA,NA,0,NA,0,NA,NA,NA,NA,NA,NA,NA,NA,NA,NA,1,NA,4,NA,NA,NA,NA,NA,NA,NA,NA,NA,NA,11,NA,13,NA,NA,NA,NA,NA,NA,NA,NA,NA,NA,3,NA,2,NA,NA,NA,3.198098183,NA,NA,NA,NA,NA,NA,NA,13,NA,20,NA,NA,NA,NA,NA,NA,NA,NA,NA,NA,8,NA,10,NA,NA,NA,6.055596828,98.18582153,0.284684122,13.54377937,1.793794155,0.036024608,19.58527184,50.54654312,13.96589088,111.7037735,-0.146153703,-670.7395576,-2359.989323,RufousTailedHawk,15
3055,0,NA,NA,NA,NA,NA,NA,0,NA,0,NA,0,NA,15,NA,NA,NA,NA,NA,NA,10,NA,2,NA,26,NA,15,NA,NA,NA,NA,NA,NA,10,NA,13,NA,13,NA,3,NA,NA,NA,NA,NA,NA,1,NA,3,NA,1,NA,2.130399227,16,NA,NA,NA,NA,NA,NA,339,NA,20,NA,310,NA,1,NA,NA,NA,NA,NA,NA,8,NA,10,NA,12,NA,5.811902046,93.86035156,0.002281164,23.59616089,3.982110977,0.002086187,9.734209061,51.47134399,11.14658356,147.6571045,-0.071035065,-655.7395576,-2359.989323,RufousTailedHawk,15
3056,NA,NA,NA,NA,0,NA,NA,NA,NA,0,NA,NA,0,NA,NA,NA,NA,22,NA,NA,NA,NA,3,NA,NA,3,NA,NA,NA,NA,19,NA,NA,NA,NA,14,NA,NA,18,NA,NA,NA,NA,1,NA,NA,NA,NA,1,NA,NA,1,4.134224415,NA,NA,NA,NA,340,NA,NA,NA,NA,353,NA,NA,4,NA,NA,NA,NA,5,NA,NA,NA,NA,10,NA,NA,13,5.853124619,87.90829468,0.064823702,23.94190979,2.829883814,0.020702951,3.75773263,51.82012939,17.50829315,139.4532928,1.012127161,-640.7395576,-2359.989323,RufousTailedHawk,15
3057,NA,NA,NA,NA,0,NA,NA,NA,NA,NA,NA,0,NA,NA,NA,NA,NA,37,NA,NA,NA,NA,NA,NA,28,NA,NA,NA,NA,NA,16,NA,NA,NA,NA,NA,NA,19,NA,NA,NA,NA,NA,1,NA,NA,NA,NA,NA,NA,3,NA,5.571472168,NA,NA,NA,NA,340,NA,NA,NA,NA,NA,NA,340,NA,NA,NA,NA,NA,5,NA,NA,NA,NA,NA,NA,12,NA,6.129358768,87.43166351,0.328933477,34.42245483,0.120210603,0.024799414,2.001334667,49.42354584,12.32542515,73.04582977,0.39912793,-625.7395576,-2359.989323,RufousTailedHawk,15
3058,NA,NA,NA,NA,NA,NA,NA,NA,NA,NA,NA,NA,0,NA,NA,NA,NA,NA,NA,NA,NA,NA,NA,NA,NA,57,NA,NA,NA,NA,NA,NA,NA,NA,NA,NA,NA,NA,10,NA,NA,NA,NA,NA,NA,NA,NA,NA,NA,NA,NA,1,4.173103809,NA,NA,NA,NA,NA,NA,NA,NA,NA,NA,NA,NA,274,NA,NA,NA,NA,NA,NA,NA,NA,NA,NA,NA,NA,13,6.316919327,87.8039093,2.358855009,26.36135864,1.564693570,0.502551377,0.46097976,45.80173492,16.59493065,24.22786713,-0.003014603,-610.7395576,-2359.989323,RufousTailedHawk,15
3065,NA,NA,NA,NA,NA,NA,NA,NA,NA,0,NA,NA,NA,NA,NA,NA,NA,NA,NA,NA,NA,NA,26,NA,NA,NA,NA,NA,NA,NA,NA,NA,NA,NA,NA,12,NA,NA,NA,NA,NA,NA,NA,NA,NA,NA,NA,NA,1,NA,NA,NA,116.179184,NA,NA,NA,NA,NA,NA,NA,NA,NA,21,NA,NA,NA,NA,NA,NA,NA,NA,NA,NA,NA,NA,10,NA,NA,NA,5.525927544,700.7644043,4.875514507,1.630182981,1.488643527,11.85057163,2.054542303,35.06836319,12.89821148,191.9055176,0.368575871,-1000.739558,-2374.989323,RufousTailedHawk,15
3076,NA,NA,0,NA,0,0,0,0,0,0,0,0,0,NA,NA,180,NA,60,5,14,80,5,60,240,95,218,NA,NA,7,NA,10,12,0,10,15,17,13,17,10,NA,NA,1,NA,1,1,2,2,1,1,4,1,5,11.95517635,NA,NA,33,NA,42,4,332,304,261,348,47,300,352,NA,NA,3,NA,5,6,7,8,9,10,11,12,13,4.729882717,183.2850647,0.359442055,3.285627127,22.570146560,14.94835186,31.93311691,23.76639366,2.472598076,289.9740295,-0.052882425,-835.7395576,-2374.989323,RufousTailedHawk,15
3077,0,0,0,0,0,0,0,0,0,0,0,1,0,5,15,90,40,30,30,60,30,60,60,9,30,40,12,11,10,18,19,17,15,17,14,16,12,17,14,2,2,1,1,1,1,1,2,1,1,1,1,1,2.49059391,323,53,303,295,351,339,340,337,359,348,323,316,330,1,2,3,4,5,6,7,8,9,10,11,12,13,5.6582551,169.4846954,0.683445573,23.48235893,7.433391094,7.772443771,17.94493675,39.20891953,2.089029074,118.1923599,-0.556020975,-820.7395576,-2374.989323,RufousTailedHawk,15
3078,NA,NA,NA,0,0,0,0,0,0,0,0,0,0,NA,NA,NA,15,20,20,10,20,2,5,3,1,95,NA,NA,NA,17,10,13,12,9,16,10,16,11,14,NA,NA,NA,6,5,1,2,1,3,1,1,2,2,2.019010544,NA,NA,NA,342,6,304,341,319,339,349,351,22,328,NA,NA,NA,4,5,6,7,8,9,10,11,12,13,5.576180458,134.0282745,7.916064739,9.812088013,8.349312782,2.957437992,22.95055962,41.31099319,3.466258526,258.6074219,0.155053347,-775.7395576,-2374.989323,RufousTailedHawk,15
3079,NA,0,NA,NA,NA,NA,0,0,0,0,NA,0,0,NA,10,NA,NA,NA,NA,11,20,45,15,NA,6,1,NA,8,NA,NA,NA,NA,10,13,10,16,NA,18,17,NA,6,NA,NA,NA,NA,1,1,3,1,NA,2,1,2.019010544,NA,319,NA,NA,NA,NA,321,14,287,47,NA,304,317,NA,2,NA,NA,NA,NA,7,8,9,10,NA,12,13,5.576180458,134.0282745,7.916064739,9.812088013,8.349312782,2.957437992,22.95055962,41.31099319,3.466258526,258.6074219,0.155053347,-760.7395576,-2374.989323,RufousTailedHawk,15
3080,NA,NA,NA,NA,NA,NA,0,NA,NA,NA,NA,NA,NA,NA,NA,NA,NA,NA,NA,10,NA,NA,NA,NA,NA,NA,NA,NA,NA,NA,NA,NA,13,NA,NA,NA,NA,NA,NA,NA,NA,NA,NA,NA,NA,2,NA,NA,NA,NA,NA,NA,2.598006248,NA,NA,NA,NA,NA,NA,346,NA,NA,NA,NA,NA,NA,NA,NA,NA,NA,NA,NA,7,NA,NA,NA,NA,NA,NA,5.049866676,126.2659149,0.330193251,6.518792152,11.507045750,0.975191534,24.22179604,49.15300751,7.121077538,360.8944702,0.871534407,-745.7395576,-2374.989323,RufousTailedHawk,15
3082,0,0,0,0,0,0,0,0,0,0,0,0,0,120,10,120,240,120,90,90,60,45,60,60,151,24,9,10,15,14,14,15,11,9,15,14,10,14,14,3,6,3,1,1,1,8,1,3,8,1,1,1,2.720559597,28,319,365,330,337,358,327,306,287,361,324,365,351,1,2,3,4,5,6,7,8,9,10,11,12,13,5.634598732,106.9799423,0.586400986,7.536458969,8.688537598,0.1452263,27.25332642,49.51211548,5.565531731,189.8504791,0.062762268,-700.7395576,-2374.989323,RufousTailedHawk,15
3083,NA,NA,NA,NA,NA,NA,0,NA,0,NA,0,NA,NA,NA,NA,NA,NA,NA,NA,40,NA,30,NA,9,NA,NA,NA,NA,NA,NA,NA,NA,15,NA,13,NA,8,NA,NA,NA,NA,NA,NA,NA,NA,1,NA,1,NA,1,NA,NA,2.720559597,NA,NA,NA,NA,NA,NA,34,NA,285,NA,40,NA,NA,NA,NA,NA,NA,NA,NA,7,NA,9,NA,11,NA,NA,5.634598732,106.9799423,0.586400986,7.536458969,8.688537598,0.1452263,27.25332642,49.51211548,5.565531731,189.8504791,0.062762268,-685.7395576,-2374.989323,RufousTailedHawk,15
3085,NA,NA,NA,NA,NA,0,NA,0,NA,NA,0,0,NA,NA,NA,NA,NA,NA,90,NA,21,NA,NA,10,3,NA,NA,NA,NA,NA,NA,7,NA,10,NA,NA,9,9,NA,NA,NA,NA,NA,NA,3,NA,1,NA,NA,1,2,NA,4.684770584,NA,NA,NA,NA,NA,59,NA,22,NA,NA,48,259,NA,NA,NA,NA,NA,NA,6,NA,8,NA,NA,11,12,NA,5.277832508,92.51792908,0.003775741,13.92004681,5.691393852,0.037396956,11.37604332,52.37866974,16.5226593,246.3363495,0.253519595,-655.7395576,-2374.989323,RufousTailedHawk,15
3086,NA,NA,NA,NA,NA,NA,NA,NA,NA,NA,NA,0,NA,NA,NA,NA,NA,NA,NA,NA,NA,NA,NA,NA,43,NA,NA,NA,NA,NA,NA,NA,NA,NA,NA,NA,NA,16,NA,NA,NA,NA,NA,NA,NA,NA,NA,NA,NA,NA,3,NA,5.676926613,NA,NA,NA,NA,NA,NA,NA,NA,NA,NA,NA,339,NA,NA,NA,NA,NA,NA,NA,NA,NA,NA,NA,NA,12,NA,5.828465939,88.97395325,0.261274129,36.04320145,0.101400129,0.019991174,0.819060862,50.13224792,12.4575367,135.2272186,-0.574692845,-640.7395576,-2374.989323,RufousTailedHawk,15
3087,NA,NA,NA,NA,NA,0,NA,NA,NA,0,NA,0,NA,NA,NA,NA,NA,NA,120,NA,NA,NA,27,NA,40,NA,NA,NA,NA,NA,NA,12,NA,NA,NA,17,NA,16,NA,NA,NA,NA,NA,NA,2,NA,NA,NA,2,NA,2,NA,9.647518158,NA,NA,NA,NA,NA,42,NA,NA,NA,34,NA,9,NA,NA,NA,NA,NA,NA,6,NA,NA,NA,10,NA,12,NA,6.119837761,90.79022217,4.061390877,26.88354492,0.322158188,0.250550896,0.115819067,49.15382385,18.27830124,69.16859436,0.226948798,-625.7395576,-2374.989323,RufousTailedHawk,15
3088,NA,NA,NA,NA,NA,NA,NA,NA,NA,NA,NA,0,0,NA,NA,NA,NA,NA,NA,NA,NA,NA,NA,NA,28,3,NA,NA,NA,NA,NA,NA,NA,NA,NA,NA,NA,11,17,NA,NA,NA,NA,NA,NA,NA,NA,NA,NA,NA,4,2,6.757639408,NA,NA,NA,NA,NA,NA,NA,NA,NA,NA,NA,338,281,NA,NA,NA,NA,NA,NA,NA,NA,NA,NA,NA,12,13,6.267606735,90.18357849,4.494009495,24.78613281,0.348897755,0.324933767,0.370996475,48.91514969,20.65538025,26.07203674,0.074361749,-610.7395576,-2374.989323,RufousTailedHawk,15
3089,NA,NA,NA,0,NA,NA,NA,NA,0,NA,0,0,0,NA,NA,NA,90,NA,NA,NA,NA,50,NA,103,110,8,NA,NA,NA,12,NA,NA,NA,NA,19,NA,16,19,12,NA,NA,NA,3,NA,NA,NA,NA,1,NA,1,1,9,2.405707836,NA,NA,NA,28,NA,NA,NA,NA,42,NA,23,312,302,NA,NA,NA,4,NA,NA,NA,NA,9,NA,11,12,13,5.990419865,85.77690125,0.381467223,22.06590843,0.105651520,0.203256384,0.103652343,50.52770996,24.30553436,45.78726578,0.066897303,-595.7395576,-2374.989323,RufousTailedHawk,15
3099,NA,NA,NA,NA,NA,NA,NA,NA,NA,0,NA,NA,NA,NA,NA,NA,NA,NA,NA,NA,NA,NA,8,NA,NA,NA,NA,NA,NA,NA,NA,NA,NA,NA,NA,13,NA,NA,NA,NA,NA,NA,NA,NA,NA,NA,NA,NA,1,NA,NA,NA,82.02645111,NA,NA,NA,NA,NA,NA,NA,NA,NA,38,NA,NA,NA,NA,NA,NA,NA,NA,NA,NA,NA,NA,10,NA,NA,NA,4.964470387,466.071167,1.017502069,5.318459034,5.600944996,11.27333355,9.357120514,40.48073196,11.47105598,224.9243469,0.093350016,-940.7395576,-2389.989323,RufousTailedHawk,15
3106,NA,NA,NA,NA,NA,NA,NA,NA,NA,NA,NA,0,NA,NA,NA,NA,NA,NA,NA,NA,NA,NA,NA,NA,31,NA,NA,NA,NA,NA,NA,NA,NA,NA,NA,NA,NA,11,NA,NA,NA,NA,NA,NA,NA,NA,NA,NA,NA,NA,1,NA,15.34055614,NA,NA,NA,NA,NA,NA,NA,NA,NA,NA,NA,28,NA,NA,NA,NA,NA,NA,NA,NA,NA,NA,NA,NA,12,NA,4.503283024,212.7666473,0.370485812,1.148498058,18.965784070,26.47170258,34.09733963,15.74805164,2.778064013,319.3291321,0.508205533,-835.7395576,-2389.989323,RufousTailedHawk,15
3107,0,0,0,0,0,0,0,0,1,0,0,0,0,225,5,10,30,10,1,5,10,120,1,9,20,7,9,17,15,9,16,9,10,10,8,14,14,11,8,4,6,3,6,2,1,1,3,2,1,1,1,9,3.292019844,55,320,288,341,273,280,259,288,25,314,337,318,295,1,2,3,4,5,6,7,8,9,10,11,12,13,5.358585358,189.0930328,0.361959606,3.257628202,15.382518770,31.19159317,31.60872459,13.3490591,2.474601269,168.3223114,-0.101964094,-820.7395576,-2389.989323,RufousTailedHawk,15
3110,NA,NA,NA,NA,NA,NA,NA,NA,NA,NA,NA,NA,0,NA,NA,NA,NA,NA,NA,NA,NA,NA,NA,NA,NA,180,NA,NA,NA,NA,NA,NA,NA,NA,NA,NA,NA,NA,19,NA,NA,NA,NA,NA,NA,NA,NA,NA,NA,NA,NA,2,4.479468822,NA,NA,NA,NA,NA,NA,NA,NA,NA,NA,NA,NA,14,NA,NA,NA,NA,NA,NA,NA,NA,NA,NA,NA,NA,13,5.32032299,172.2706146,0.045665044,0.979753792,15.131081580,16.16129684,30.0502739,22.71060753,2.319598675,218.1038055,0.81978333,-745.7395576,-2389.989323,RufousTailedHawk,15
3111,NA,NA,NA,NA,NA,NA,NA,NA,0,NA,NA,NA,NA,NA,NA,NA,NA,NA,NA,NA,NA,21,NA,NA,NA,NA,NA,NA,NA,NA,NA,NA,NA,NA,14,NA,NA,NA,NA,NA,NA,NA,NA,NA,NA,NA,NA,7,NA,NA,NA,NA,2.157225847,NA,NA,NA,NA,NA,NA,NA,NA,54,NA,NA,NA,NA,NA,NA,NA,NA,NA,NA,NA,NA,9,NA,NA,NA,NA,5.989383698,127.3421783,0.554153681,10.08715725,4.595934868,0.703208029,22.07730293,36.98094177,2.598130465,103.7219772,-0.074973509,-730.7395576,-2389.989323,RufousTailedHawk,15
3112,NA,NA,NA,NA,NA,NA,NA,0,0,0,0,NA,0,NA,NA,NA,NA,NA,NA,NA,1,1,10,40,NA,120,NA,NA,NA,NA,NA,NA,NA,11,18,12,18,NA,19,NA,NA,NA,NA,NA,NA,NA,1,3,1,1,NA,1,2.157225847,NA,NA,NA,NA,NA,NA,NA,24,339,284,41,NA,355,NA,NA,NA,NA,NA,NA,NA,8,9,10,11,NA,13,5.989383698,127.3421783,0.554153681,10.08715725,4.595934868,0.703208029,22.07730293,36.98094177,2.598130465,103.7219772,-0.074973509,-715.7395576,-2389.989323,RufousTailedHawk,15
3113,NA,NA,NA,NA,NA,0,NA,0,NA,0,NA,0,NA,NA,NA,NA,NA,NA,5,NA,15,NA,3,NA,8,NA,NA,NA,NA,NA,NA,19,NA,9,NA,17,NA,9,NA,NA,NA,NA,NA,NA,2,NA,2,NA,1,NA,2,NA,4.523886681,NA,NA,NA,NA,NA,55,NA,26,NA,348,NA,284,NA,NA,NA,NA,NA,NA,6,NA,8,NA,10,NA,12,NA,5.298270702,125.8057175,0.216276526,9.248231888,7.619678497,0.063906282,22.70274162,50.26322937,9.379256248,246.061264,0.482042104,-700.7395576,-2389.989323,RufousTailedHawk,15
3116,NA,NA,NA,NA,NA,NA,NA,NA,NA,NA,0,NA,0,NA,NA,NA,NA,NA,NA,NA,NA,NA,NA,163,NA,81,NA,NA,NA,NA,NA,NA,NA,NA,NA,NA,14,NA,12,NA,NA,NA,NA,NA,NA,NA,NA,NA,NA,2,NA,1,5.324856281,NA,NA,NA,NA,NA,NA,NA,NA,NA,NA,20,NA,28,NA,NA,NA,NA,NA,NA,NA,NA,NA,NA,11,NA,13,5.303414822,94.29904175,0.273121715,7.067340374,7.368787766,1.29407239,13.83276367,50.99702835,18.981884,232.6115723,0.459303737,-655.7395576,-2389.989323,RufousTailedHawk,15
3117,NA,NA,NA,NA,NA,0,NA,0,NA,NA,NA,NA,NA,NA,NA,NA,NA,NA,5,NA,25,NA,NA,NA,NA,NA,NA,NA,NA,NA,NA,18,NA,12,NA,NA,NA,NA,NA,NA,NA,NA,NA,NA,4,NA,2,NA,NA,NA,NA,NA,5.161610603,NA,NA,NA,NA,NA,360,NA,35,NA,NA,NA,NA,NA,NA,NA,NA,NA,NA,6,NA,8,NA,NA,NA,NA,NA,5.71600008,93.04480743,0.242365107,20.64621544,0.601913273,0.044633798,1.709119439,51.86445999,24.80560684,149.9520721,0.294391632,-640.7395576,-2389.989323,RufousTailedHawk,15
3118,NA,NA,NA,NA,NA,NA,NA,NA,NA,NA,NA,0,NA,NA,NA,NA,NA,NA,NA,NA,NA,NA,NA,NA,27,NA,NA,NA,NA,NA,NA,NA,NA,NA,NA,NA,NA,11,NA,NA,NA,NA,NA,NA,NA,NA,NA,NA,NA,NA,3,NA,5.225563049,NA,NA,NA,NA,NA,NA,NA,NA,NA,NA,NA,341,NA,NA,NA,NA,NA,NA,NA,NA,NA,NA,NA,NA,12,NA,5.965999126,92.16280365,3.545283556,22.97604942,0.117953047,0.413396865,0.08375828,49.90753555,22.94586945,90.57846069,-0.181453198,-625.7395576,-2389.989323,RufousTailedHawk,15
3119,NA,NA,NA,0,NA,NA,NA,NA,0,0,0,0,0,NA,NA,NA,30,NA,NA,NA,NA,90,130,40,5,27,NA,NA,NA,10,NA,NA,NA,NA,12,14,10,8,12,NA,NA,NA,3,NA,NA,NA,NA,2,1,1,3,1,4.351900578,NA,NA,NA,28,NA,NA,NA,NA,11,314,297,338,322,NA,NA,NA,4,NA,NA,NA,NA,9,10,11,12,13,6.038626194,91.74430084,4.612031937,24.14587593,0.172243893,0.312120467,0.206613839,49.11576462,21.0657692,54.43599319,0.009465872,-610.7395576,-2389.989323,RufousTailedHawk,15
3120,NA,NA,NA,NA,NA,NA,NA,NA,NA,0,NA,0,0,NA,NA,NA,NA,NA,NA,NA,NA,NA,10,NA,2,7,NA,NA,NA,NA,NA,NA,NA,NA,NA,15,NA,15,11,NA,NA,NA,NA,NA,NA,NA,NA,NA,4,NA,2,1,2.405707836,NA,NA,NA,NA,NA,NA,NA,NA,NA,288,NA,282,304,NA,NA,NA,NA,NA,NA,NA,NA,NA,10,NA,12,13,5.990419865,85.77690125,0.381467223,22.06590843,0.105651520,0.203256384,0.103652343,50.52770996,24.30553436,45.78726578,0.066897303,-595.7395576,-2389.989323,RufousTailedHawk,15
3121,0,NA,NA,0,0,0,0,0,0,0,0,0,0,15,NA,NA,30,30,30,60,96,103,64,3,12,5,11,NA,NA,8,13,17,10,10,9,11,7,12,20,3,NA,NA,1,1,2,1,10,1,1,1,2,1,2.326872826,16,NA,NA,325,348,320,354,343,362,298,291,358,297,1,NA,NA,4,5,6,7,8,9,10,11,12,13,5.881089687,89.01385498,0.971707463,19.94790459,1.145352006,0.285088509,1.52919054,49.9601059,23.74915314,39.04899979,-0.069060177,-580.7395576,-2389.989323,RufousTailedHawk,15
3122,NA,NA,NA,0,0,0,0,0,NA,0,0,0,0,NA,NA,NA,120,30,35,60,40,NA,63,15,11,5,NA,NA,NA,9,8,11,10,10,NA,17,17,8,9,NA,NA,NA,1,1,1,1,1,NA,1,1,2,2,1.6708709,NA,NA,NA,310,295,252,293,244,NA,292,271,282,281,NA,NA,NA,4,5,6,7,8,NA,10,11,12,13,5.955004215,91.15367126,6.078266621,15.43372536,2.750998974,2.772166967,3.529435396,41.91348648,17.3591671,18.1067276,-0.43212688,-565.7395576,-2389.989323,RufousTailedHawk,15
3131,NA,NA,NA,NA,0,NA,NA,NA,NA,NA,NA,NA,NA,NA,NA,NA,NA,60,NA,NA,NA,NA,NA,NA,NA,NA,NA,NA,NA,NA,15,NA,NA,NA,NA,NA,NA,NA,NA,NA,NA,NA,NA,1,NA,NA,NA,NA,NA,NA,NA,NA,85.05778503,NA,NA,NA,NA,37,NA,NA,NA,NA,NA,NA,NA,NA,NA,NA,NA,NA,5,NA,NA,NA,NA,NA,NA,NA,NA,5.481032848,441.5019836,3.361527443,2.442801952,3.949939013,13.2709322,3.727848053,25.2560215,8.553106308,101.5435791,-1.845820427,-925.7395576,-2404.989323,RufousTailedHawk,15
3132,NA,NA,NA,NA,NA,NA,0,NA,NA,0,0,0,0,NA,NA,NA,NA,NA,NA,45,NA,NA,5,15,160,55,NA,NA,NA,NA,NA,NA,19,NA,NA,19,13,6,19,NA,NA,NA,NA,NA,NA,1,NA,NA,1,1,1,1,64.82137299,NA,NA,NA,NA,NA,NA,13,NA,NA,6,37,304,333,NA,NA,NA,NA,NA,NA,7,NA,NA,10,11,12,13,4.519177914,361.3588562,2.92213583,0.804549694,7.053230762,16.10428429,6.119979382,27.73382568,6.578001022,289.5422668,2.066297531,-910.7395576,-2404.989323,RufousTailedHawk,15
3138,0,0,0,0,0,0,0,0,0,0,0,0,0,155,10,30,30,90,19,90,61,46,35,9,4,70,10,17,9,10,17,12,10,14,14,14,12,20,15,3,6,1,6,2,1,1,1,1,3,1,1,1,10.53312588,342,320,334,341,273,270,296,357,337,285,337,300,287,1,2,3,4,5,6,7,8,9,10,11,12,13,4.911929131,223.7906647,0.663459003,2.072566032,8.607384682,28.10673904,29.47676086,16.70404243,3.565519571,211.6850281,0.235823631,-820.7395576,-2404.989323,RufousTailedHawk,15
3142,NA,NA,NA,NA,NA,NA,NA,NA,0,0,NA,NA,0,NA,NA,NA,NA,NA,NA,NA,NA,14,10,NA,NA,18,NA,NA,NA,NA,NA,NA,NA,NA,15,11,NA,NA,18,NA,NA,NA,NA,NA,NA,NA,NA,1,3,NA,NA,3,4.479468822,NA,NA,NA,NA,NA,NA,NA,NA,49,48,NA,NA,4,NA,NA,NA,NA,NA,NA,NA,NA,9,10,NA,NA,13,5.32032299,172.2706146,0.045665044,0.979753792,15.131081580,16.16129684,30.0502739,22.71060753,2.319598675,218.1038055,0.81978333,-760.7395576,-2404.989323,RufousTailedHawk,15
3145,NA,NA,NA,NA,NA,NA,NA,NA,NA,0,NA,0,0,NA,NA,NA,NA,NA,NA,NA,NA,NA,21,NA,4,15,NA,NA,NA,NA,NA,NA,NA,NA,NA,10,NA,18,19,NA,NA,NA,NA,NA,NA,NA,NA,NA,2,NA,1,1,13.24489021,NA,NA,NA,NA,NA,NA,NA,NA,NA,327,NA,6,303,NA,NA,NA,NA,NA,NA,NA,NA,NA,10,NA,12,13,5.193433285,146.8448334,0.095255539,2.572877407,15.219727520,1.592021823,32.92138672,44.64790726,2.27948761,248.3124237,0.121221997,-715.7395576,-2404.989323,RufousTailedHawk,15
3146,NA,0,NA,NA,NA,NA,NA,NA,NA,NA,NA,NA,NA,NA,60,NA,NA,NA,NA,NA,NA,NA,NA,NA,NA,NA,NA,13,NA,NA,NA,NA,NA,NA,NA,NA,NA,NA,NA,NA,1,NA,NA,NA,NA,NA,NA,NA,NA,NA,NA,NA,9.676539421,NA,23,NA,NA,NA,NA,NA,NA,NA,NA,NA,NA,NA,NA,2,NA,NA,NA,NA,NA,NA,NA,NA,NA,NA,NA,5.348396301,133.2025299,0.310054451,7.483283043,8.058191299,1.433165073,19.74617958,49.15595245,13.18065262,215.1033173,-0.201473042,-700.7395576,-2404.989323,RufousTailedHawk,15
3147,NA,NA,NA,NA,NA,0,0,0,NA,0,0,0,0,NA,NA,NA,NA,NA,25,30,25,NA,4,10,8,5,NA,NA,NA,NA,NA,8,7,8,NA,17,18,16,11,NA,NA,NA,NA,NA,2,1,2,NA,1,1,1,2,6.012394905,NA,NA,NA,NA,NA,56,337,26,NA,348,361,337,337,NA,NA,NA,NA,NA,6,7,8,NA,10,11,12,13,5.434818745,121.3410492,0.507068276,6.952395916,4.926834106,0.530112088,8.122629166,53.08851624,25.50505447,197.8937225,-0.536602855,-685.7395576,-2404.989323,RufousTailedHawk,15
3148,NA,NA,NA,NA,NA,NA,0,NA,NA,NA,NA,NA,NA,NA,NA,NA,NA,NA,NA,1,NA,NA,NA,NA,NA,NA,NA,NA,NA,NA,NA,NA,10,NA,NA,NA,NA,NA,NA,NA,NA,NA,NA,NA,NA,1,NA,NA,NA,NA,NA,NA,3.314863682,NA,NA,NA,NA,NA,NA,337,NA,NA,NA,NA,NA,NA,NA,NA,NA,NA,NA,NA,7,NA,NA,NA,NA,NA,NA,5.538015366,110.2926636,0.370210677,4.602314472,6.375917912,0.767053425,10.67393017,53.78071976,23.47579575,178.6569824,-0.18462044,-670.7395576,-2404.989323,RufousTailedHawk,15
3149,NA,NA,NA,NA,NA,0,0,0,NA,NA,NA,0,NA,NA,NA,NA,NA,NA,4,38,30,NA,NA,NA,17,NA,NA,NA,NA,NA,NA,9,10,10,NA,NA,NA,7,NA,NA,NA,NA,NA,NA,2,1,2,NA,NA,NA,2,NA,8.989061356,NA,NA,NA,NA,NA,56,337,35,NA,NA,NA,259,NA,NA,NA,NA,NA,NA,6,7,8,NA,NA,NA,12,NA,5.739700794,102.9651947,0.272148877,7.948928833,3.917898178,0.217435434,3.606898069,55.15003967,28.85487747,138.8406525,-0.218603626,-655.7395576,-2404.989323,RufousTailedHawk,15
3151,NA,NA,NA,NA,NA,NA,NA,NA,0,NA,NA,NA,0,NA,NA,NA,NA,NA,NA,NA,NA,6,NA,NA,NA,44,NA,NA,NA,NA,NA,NA,NA,NA,0,NA,NA,NA,14,NA,NA,NA,NA,NA,NA,NA,NA,1,NA,NA,NA,2,7.620932102,NA,NA,NA,NA,NA,NA,NA,NA,58,NA,NA,NA,325,NA,NA,NA,NA,NA,NA,NA,NA,9,NA,NA,NA,13,5.955120564,92.02043152,1.11132443,14.44333649,0.086932227,0.034398016,0.276933551,52.42594147,31.57063484,72.21412659,-0.130549878,-625.7395576,-2404.989323,RufousTailedHawk,15
3153,NA,NA,NA,NA,0,NA,NA,NA,NA,NA,NA,NA,NA,NA,NA,NA,NA,240,NA,NA,NA,NA,NA,NA,NA,NA,NA,NA,NA,NA,9,NA,NA,NA,NA,NA,NA,NA,NA,NA,NA,NA,NA,2,NA,NA,NA,NA,NA,NA,NA,NA,3.53212595,NA,NA,NA,NA,18,NA,NA,NA,NA,NA,NA,NA,NA,NA,NA,NA,NA,5,NA,NA,NA,NA,NA,NA,NA,NA,5.882936954,89.45336151,0.125790998,20.18603325,0.018485142,0.010488445,0.166812867,51.88047028,27.40672874,53.0748291,-0.015662899,-595.7395576,-2404.989323,RufousTailedHawk,15
3154,NA,NA,NA,0,NA,NA,NA,0,NA,0,0,0,0,NA,NA,NA,30,NA,NA,NA,15,NA,10,64,12,26,NA,NA,NA,11,NA,NA,NA,9,NA,18,17,11,20,NA,NA,NA,2,NA,NA,NA,1,NA,1,5,1,2,2.326872826,NA,NA,NA,365,NA,NA,NA,334,NA,356,321,282,302,NA,NA,NA,4,NA,NA,NA,8,NA,10,11,12,13,5.881089687,89.01385498,0.971707463,19.94790459,1.145352006,0.285088509,1.52919054,49.9601059,23.74915314,39.04899979,-0.069060177,-580.7395576,-2404.989323,RufousTailedHawk,15
3155,NA,NA,NA,NA,NA,NA,NA,0,0,0,0,0,0,NA,NA,NA,NA,NA,NA,NA,2,45,9,20,78,53,NA,NA,NA,NA,NA,NA,NA,17,7,9,17,15,14,NA,NA,NA,NA,NA,NA,NA,3,4,2,1,1,1,1.6708709,NA,NA,NA,NA,NA,NA,NA,10,298,334,271,331,296,NA,NA,NA,NA,NA,NA,NA,8,9,10,11,12,13,5.955004215,91.15367126,6.078266621,15.43372536,2.750998974,2.772166967,3.529435396,41.91348648,17.3591671,18.1067276,-0.43212688,-565.7395576,-2404.989323,RufousTailedHawk,15
3156,NA,NA,NA,NA,NA,NA,NA,0,NA,NA,NA,NA,NA,NA,NA,NA,NA,NA,NA,NA,2,NA,NA,NA,NA,NA,NA,NA,NA,NA,NA,NA,NA,16,NA,NA,NA,NA,NA,NA,NA,NA,NA,NA,NA,NA,1,NA,NA,NA,NA,NA,2.733887911,NA,NA,NA,NA,NA,NA,NA,32,NA,NA,NA,NA,NA,NA,NA,NA,NA,NA,NA,NA,8,NA,NA,NA,NA,NA,5.6883564,100.9882584,2.611739397,6.347021103,10.308263780,2.691076517,27.12126923,45.19976044,3.683949471,55.99393463,0.708204389,-550.7395576,-2404.989323,RufousTailedHawk,15
3164,NA,NA,NA,NA,NA,NA,0,NA,NA,NA,NA,0,NA,NA,NA,NA,NA,NA,NA,35,NA,NA,NA,NA,10,NA,NA,NA,NA,NA,NA,NA,15,NA,NA,NA,NA,11,NA,NA,NA,NA,NA,NA,NA,1,NA,NA,NA,NA,1,NA,94.034935,NA,NA,NA,NA,NA,NA,14,NA,NA,NA,NA,45,NA,NA,NA,NA,NA,NA,NA,7,NA,NA,NA,NA,12,NA,4.024795055,475.0613403,4.056043148,1.212899923,2.674003601,8.270654678,2.625121832,46.61631012,3.533608437,361.9766235,-0.096060887,-925.7395576,-2419.989323,RufousTailedHawk,15
3167,NA,NA,NA,NA,NA,NA,NA,NA,NA,NA,NA,NA,0,NA,NA,NA,NA,NA,NA,NA,NA,NA,NA,NA,NA,30,NA,NA,NA,NA,NA,NA,NA,NA,NA,NA,NA,NA,11,NA,NA,NA,NA,NA,NA,NA,NA,NA,NA,NA,NA,1,55.67425537,NA,NA,NA,NA,NA,NA,NA,NA,NA,NA,NA,NA,56,NA,NA,NA,NA,NA,NA,NA,NA,NA,NA,NA,NA,13,4.246141434,338.7698669,1.388543963,1.167025208,10.745684620,20.05791664,16.18035698,30.6631813,9.814370155,346.9374695,1.914935231,-880.7395576,-2419.989323,RufousTailedHawk,15
3171,NA,NA,NA,NA,NA,NA,NA,0,NA,NA,0,0,0,NA,NA,NA,NA,NA,NA,NA,25,NA,NA,38,64,6,NA,NA,NA,NA,NA,NA,NA,12,NA,NA,18,21,16,NA,NA,NA,NA,NA,NA,NA,2,NA,NA,1,1,1,30.88616562,NA,NA,NA,NA,NA,NA,NA,350,NA,NA,354,311,271,NA,NA,NA,NA,NA,NA,NA,8,NA,NA,11,12,13,4.986033916,242.810257,0.077659428,3.245448112,8.629140854,26.30540466,22.83560753,16.5980835,7.125921249,191.4178772,1.636052728,-820.7395576,-2419.989323,RufousTailedHawk,15
3175,NA,NA,NA,NA,NA,NA,NA,NA,0,0,0,NA,0,NA,NA,NA,NA,NA,NA,NA,NA,20,10,126,NA,24,NA,NA,NA,NA,NA,NA,NA,NA,13,12,16,NA,7,NA,NA,NA,NA,NA,NA,NA,NA,1,3,1,NA,3,9.38660717,NA,NA,NA,NA,NA,NA,NA,NA,49,48,12,NA,5,NA,NA,NA,NA,NA,NA,NA,NA,9,10,11,NA,13,5.098993301,195.072937,0.055258773,1.195914507,10.560655590,26.9468689,36.82150269,16.10933304,5.450638771,237.7993927,0.395305097,-760.7395576,-2419.989323,RufousTailedHawk,15
3176,NA,NA,NA,NA,NA,NA,NA,NA,0,NA,NA,NA,0,NA,NA,NA,NA,NA,NA,NA,NA,295,NA,NA,NA,25,NA,NA,NA,NA,NA,NA,NA,NA,5,NA,NA,NA,10,NA,NA,NA,NA,NA,NA,NA,NA,7,NA,NA,NA,1,9.38660717,NA,NA,NA,NA,NA,NA,NA,NA,56,NA,NA,NA,300,NA,NA,NA,NA,NA,NA,NA,NA,9,NA,NA,NA,13,5.098993301,195.072937,0.055258773,1.195914507,10.560655590,26.9468689,36.82150269,16.10933304,5.450638771,237.7993927,0.395305097,-745.7395576,-2419.989323,RufousTailedHawk,15
3177,NA,NA,NA,NA,NA,NA,NA,NA,NA,NA,NA,NA,0,NA,NA,NA,NA,NA,NA,NA,NA,NA,NA,NA,NA,20,NA,NA,NA,NA,NA,NA,NA,NA,NA,NA,NA,NA,12,NA,NA,NA,NA,NA,NA,NA,NA,NA,NA,NA,NA,1,20.99886322,NA,NA,NA,NA,NA,NA,NA,NA,NA,NA,NA,NA,300,NA,NA,NA,NA,NA,NA,NA,NA,NA,NA,NA,NA,13,4.551499367,178.9737244,0.090632707,1.418337107,16.434425350,13.94209862,33.1135788,27.57017136,6.321989536,343.8345642,-1.810917139,-730.7395576,-2419.989323,RufousTailedHawk,15
3178,NA,NA,NA,NA,NA,NA,NA,NA,NA,NA,NA,NA,0,NA,NA,NA,NA,NA,NA,NA,NA,NA,NA,NA,NA,17,NA,NA,NA,NA,NA,NA,NA,NA,NA,NA,NA,NA,10,NA,NA,NA,NA,NA,NA,NA,NA,NA,NA,NA,NA,1,28.39266968,NA,NA,NA,NA,NA,NA,NA,NA,NA,NA,NA,NA,303,NA,NA,NA,NA,NA,NA,NA,NA,NA,NA,NA,NA,13,4.692523003,160.5013275,0.143316045,1.336781979,23.433973310,7.272724152,34.68471527,26.86475372,4.052566528,319.6667175,0.960159719,-715.7395576,-2419.989323,RufousTailedHawk,15
3181,NA,NA,NA,NA,NA,NA,NA,NA,NA,0,NA,0,NA,NA,NA,NA,NA,NA,NA,NA,NA,NA,30,NA,3,NA,NA,NA,NA,NA,NA,NA,NA,NA,NA,19,NA,18,NA,NA,NA,NA,NA,NA,NA,NA,NA,NA,1,NA,1,NA,8.459849358,NA,NA,NA,NA,NA,NA,NA,NA,NA,348,NA,297,NA,NA,NA,NA,NA,NA,NA,NA,NA,NA,10,NA,12,NA,5.702343464,117.5319366,1.632312298,1.893331409,8.889866829,4.343976021,12.49368095,29.4669075,7.074226379,138.0533752,-0.161222532,-670.7395576,-2419.989323,RufousTailedHawk,15
3182,NA,NA,NA,NA,NA,NA,0,0,NA,0,0,0,NA,NA,NA,NA,NA,NA,NA,45,1,NA,180,10,60,NA,NA,NA,NA,NA,NA,NA,11,18,NA,15,9,8,NA,NA,NA,NA,NA,NA,NA,1,1,NA,1,1,1,NA,2.36286211,NA,NA,NA,NA,NA,NA,337,24,NA,350,3,42,NA,NA,NA,NA,NA,NA,NA,7,8,NA,10,11,12,NA,5.62951088,107.3514862,0.795871973,2.643176317,10.538030620,1.372656345,15.18897915,51.36211777,17.82907104,137.2228851,0.077805929,-655.7395576,-2419.989323,RufousTailedHawk,15
3183,NA,NA,NA,NA,NA,NA,NA,NA,NA,0,NA,NA,NA,NA,NA,NA,NA,NA,NA,NA,NA,NA,150,NA,NA,NA,NA,NA,NA,NA,NA,NA,NA,NA,NA,8,NA,NA,NA,NA,NA,NA,NA,NA,NA,NA,NA,NA,1,NA,NA,NA,3.92602396,NA,NA,NA,NA,NA,NA,NA,NA,NA,355,NA,NA,NA,NA,NA,NA,NA,NA,NA,NA,NA,NA,10,NA,NA,NA,5.615790367,99.479599,0.056271538,4.222491741,7.429456234,1.208150744,11.50724792,52.17327118,22.81006241,130.1028137,-0.59576273,-640.7395576,-2419.989323,RufousTailedHawk,15
3188,NA,NA,NA,0,NA,0,NA,NA,NA,NA,NA,0,0,NA,NA,NA,240,NA,10,NA,NA,NA,NA,NA,164,94,NA,NA,NA,16,NA,16,NA,NA,NA,NA,NA,15,13,NA,NA,NA,1,NA,2,NA,NA,NA,NA,NA,2,2,3.904584408,NA,NA,NA,29,NA,283,NA,NA,NA,NA,NA,273,281,NA,NA,NA,4,NA,6,NA,NA,NA,NA,NA,12,13,5.721147537,96.53616333,1.373427272,4.532988548,4.746073723,1.110365272,21.02347565,49.6099968,16.17346573,57.16169739,-0.356317312,-565.7395576,-2419.989323,RufousTailedHawk,15
3189,NA,NA,NA,0,NA,NA,0,0,NA,NA,0,NA,0,NA,NA,NA,37,NA,NA,9,20,NA,NA,30,NA,2,NA,NA,NA,11,NA,NA,9,10,NA,NA,18,NA,12,NA,NA,NA,1,NA,NA,3,1,NA,NA,2,NA,3,2.733887911,NA,NA,NA,261,NA,NA,16,334,NA,NA,34,NA,364,NA,NA,NA,4,NA,NA,7,8,NA,NA,11,NA,13,5.6883564,100.9882584,2.611739397,6.347021103,10.308263780,2.691076517,27.12126923,45.19976044,3.683949471,55.99393463,0.708204389,-550.7395576,-2419.989323,RufousTailedHawk,15
3208,NA,NA,NA,NA,NA,NA,NA,NA,NA,0,NA,NA,0,NA,NA,NA,NA,NA,NA,NA,NA,NA,40,NA,NA,52,NA,NA,NA,NA,NA,NA,NA,NA,NA,19,NA,NA,11,NA,NA,NA,NA,NA,NA,NA,NA,NA,3,NA,NA,2,21.63607979,NA,NA,NA,NA,NA,NA,NA,NA,NA,48,NA,NA,6,NA,NA,NA,NA,NA,NA,NA,NA,NA,10,NA,NA,13,5.304610729,204.977356,0.613556325,0.770540714,4.497860909,14.89088821,15.7808094,11.36859894,7.158900738,130.7546539,-0.131678939,-745.7395576,-2434.989323,RufousTailedHawk,15
3211,NA,NA,NA,NA,NA,NA,NA,0,0,0,NA,NA,NA,NA,NA,NA,NA,NA,NA,NA,68,180,60,NA,NA,NA,NA,NA,NA,NA,NA,NA,NA,17,14,14,NA,NA,NA,NA,NA,NA,NA,NA,NA,NA,2,3,1,NA,NA,NA,37.08597946,NA,NA,NA,NA,NA,NA,NA,336,318,59,NA,NA,NA,NA,NA,NA,NA,NA,NA,NA,8,9,10,NA,NA,NA,4.387915134,159.6290588,0.368865788,3.211830854,23.119680400,4.76984024,32.60343552,31.58195496,3.87021184,355.5757751,-0.511414826,-700.7395576,-2434.989323,RufousTailedHawk,15
3213,NA,NA,NA,NA,NA,0,NA,0,NA,NA,NA,0,NA,NA,NA,NA,NA,NA,23,NA,130,NA,NA,NA,15,NA,NA,NA,NA,NA,NA,14,NA,17,NA,NA,NA,11,NA,NA,NA,NA,NA,NA,1,NA,2,NA,NA,NA,2,NA,15.68641186,NA,NA,NA,NA,NA,39,NA,24,NA,NA,NA,257,NA,NA,NA,NA,NA,NA,6,NA,8,NA,NA,NA,12,NA,4.834093571,136.3512268,0.679047763,0.676063299,18.360109330,8.515467644,20.94452858,17.56464767,8.384069443,275.2965698,-0.712193191,-670.7395576,-2434.989323,RufousTailedHawk,15
3214,NA,NA,NA,NA,0,NA,NA,0,0,0,NA,0,0,NA,NA,NA,NA,180,NA,NA,10,15,24,NA,14,120,NA,NA,NA,NA,9,NA,NA,13,8,18,NA,11,16,NA,NA,NA,NA,2,NA,NA,1,1,2,NA,1,1,5.823795319,NA,NA,NA,NA,314,NA,NA,318,292,353,NA,297,351,NA,NA,NA,NA,5,NA,NA,8,9,10,NA,12,13,4.575086594,118.3965302,0.243764773,1.177733541,22.540939330,5.285904408,30.65849495,30.64825058,8.88394928,316.6283569,0.192955613,-655.7395576,-2434.989323,RufousTailedHawk,15
3215,NA,NA,NA,NA,NA,0,0,0,0,0,0,0,0,NA,NA,NA,NA,NA,35,27,5,10,17,20,150,42,NA,NA,NA,NA,NA,5,10,21,12,17,19,9,17,NA,NA,NA,NA,NA,1,1,1,1,1,1,2,2,6.377188206,NA,NA,NA,NA,NA,282,315,334,285,251,340,298,282,NA,NA,NA,NA,NA,6,7,8,9,10,11,12,13,5.1028018,107.9095535,1.07092917,1.918983459,9.258654594,1.867129922,28.98451805,46.46175766,9.935857773,212.7527924,-0.226551563,-640.7395576,-2434.989323,RufousTailedHawk,15
3220,NA,NA,NA,NA,NA,NA,NA,NA,NA,NA,NA,NA,0,NA,NA,NA,NA,NA,NA,NA,NA,NA,NA,NA,NA,3,NA,NA,NA,NA,NA,NA,NA,NA,NA,NA,NA,NA,11,NA,NA,NA,NA,NA,NA,NA,NA,NA,NA,NA,NA,1,6.842804432,NA,NA,NA,NA,NA,NA,NA,NA,NA,NA,NA,NA,339,NA,NA,NA,NA,NA,NA,NA,NA,NA,NA,NA,NA,13,5.202432632,108.3446274,1.968217015,2.417523146,10.923371320,2.707123518,26.12440681,44.26750565,11.26118088,148.3969269,0.325626135,-565.7395576,-2434.989323,RufousTailedHawk,15
3221,NA,NA,NA,NA,NA,NA,0,NA,NA,NA,NA,0,0,NA,NA,NA,NA,NA,NA,60,NA,NA,NA,NA,123,5,NA,NA,NA,NA,NA,NA,11,NA,NA,NA,NA,14,10,NA,NA,NA,NA,NA,NA,4,NA,NA,NA,NA,2,1,7.502774239,NA,NA,NA,NA,NA,NA,34,NA,NA,NA,NA,332,249,NA,NA,NA,NA,NA,NA,7,NA,NA,NA,NA,12,13,5.272614002,109.1421127,1.339635134,2.958516598,15.055085180,5.05127573,31.73164749,39.73903656,3.166399002,130.702179,-0.265534043,-550.7395576,-2434.989323,RufousTailedHawk,15
3222,NA,NA,NA,0,NA,NA,NA,0,0,0,0,0,0,NA,NA,NA,120,NA,NA,NA,5,180,60,5,31,12,NA,NA,NA,12,NA,NA,NA,19,7,12,16,17,9,NA,NA,NA,10,NA,NA,NA,3,2,5,4,1,1,2.937867403,NA,NA,NA,341,NA,NA,NA,9,22,17,10,33,342,NA,NA,NA,4,NA,NA,NA,8,9,10,11,12,13,5.497844219,118.6460953,1.294678926,2.125526667,10.572011950,2.454038143,23.36113548,48.48113251,10.9447403,79.96762085,0.167783365,-535.7395576,-2434.989323,RufousTailedHawk,15
3224,NA,NA,NA,NA,NA,NA,NA,NA,NA,0,0,0,0,NA,NA,NA,NA,NA,NA,NA,NA,NA,180,75,119,50,NA,NA,NA,NA,NA,NA,NA,NA,NA,7,15,14,18,NA,NA,NA,NA,NA,NA,NA,NA,NA,2,2,2,1,8.568947792,NA,NA,NA,NA,NA,NA,NA,NA,NA,6,366,247,50,NA,NA,NA,NA,NA,NA,NA,NA,NA,10,11,12,13,5.247396469,136.0571594,1.559911609,2.609780073,12.228004460,3.497126341,30.5260067,42.84917068,5.956161022,108.8737488,-0.347918451,-505.7395576,-2434.989323,RufousTailedHawk,15
3225,NA,NA,NA,NA,NA,NA,NA,NA,NA,NA,NA,0,0,NA,NA,NA,NA,NA,NA,NA,NA,NA,NA,NA,30,69,NA,NA,NA,NA,NA,NA,NA,NA,NA,NA,NA,16,13,NA,NA,NA,NA,NA,NA,NA,NA,NA,NA,NA,3,1,2.380827427,NA,NA,NA,NA,NA,NA,NA,NA,NA,NA,NA,289,275,NA,NA,NA,NA,NA,NA,NA,NA,NA,NA,NA,12,13,5.496778488,141.264328,1.461917639,2.618711233,7.807238102,0.801081538,18.44781876,31.56218719,4.560848713,41.39955139,-0.081146561,-490.7395576,-2434.989323,RufousTailedHawk,15
3240,NA,NA,NA,NA,NA,NA,NA,NA,NA,0,NA,NA,0,NA,NA,NA,NA,NA,NA,NA,NA,NA,10,NA,NA,10,NA,NA,NA,NA,NA,NA,NA,NA,NA,15,NA,NA,15,NA,NA,NA,NA,NA,NA,NA,NA,NA,1,NA,NA,1,49.29312515,NA,NA,NA,NA,NA,NA,NA,NA,NA,320,NA,NA,305,NA,NA,NA,NA,NA,NA,NA,NA,NA,10,NA,NA,13,3.865448952,291.6835632,2.896100283,2.455250978,8.707653999,9.750127792,16.82196236,32.49620056,5.403056145,366.8129578,-0.641171694,-790.7395576,-2449.989323,RufousTailedHawk,15
3247,NA,NA,0,NA,NA,NA,NA,NA,NA,NA,NA,NA,NA,NA,NA,150,NA,NA,NA,NA,NA,NA,NA,NA,NA,NA,NA,NA,9,NA,NA,NA,NA,NA,NA,NA,NA,NA,NA,NA,NA,10,NA,NA,NA,NA,NA,NA,NA,NA,NA,NA,35.35391617,NA,NA,306,NA,NA,NA,NA,NA,NA,NA,NA,NA,NA,NA,NA,3,NA,NA,NA,NA,NA,NA,NA,NA,NA,NA,3.936612129,157.9825439,1.78431499,2.099467993,13.456974030,12.3993206,19.63069153,33.93585587,8.815040588,434.1633911,1.675441384,-685.7395576,-2449.989323,RufousTailedHawk,15
3249,NA,NA,NA,NA,NA,0,NA,0,0,0,0,0,NA,NA,NA,NA,NA,NA,60,NA,36,80,153,31,300,NA,NA,NA,NA,NA,NA,0,NA,15,16,17,10,9,NA,NA,NA,NA,NA,NA,2,NA,2,1,1,1,2,NA,16.02134705,NA,NA,NA,NA,NA,285,NA,20,309,55,44,309,NA,NA,NA,NA,NA,NA,6,NA,8,9,10,11,12,NA,3.865208387,131.94841,0.690721631,2.398111105,19.500478740,8.746491432,27.06212997,31.54441643,8.696367264,433.1185608,-2.247572422,-655.7395576,-2449.989323,RufousTailedHawk,15
3250,NA,NA,NA,NA,NA,NA,NA,0,0,NA,NA,NA,NA,NA,NA,NA,NA,NA,NA,NA,60,120,NA,NA,NA,NA,NA,NA,NA,NA,NA,NA,NA,11,17,NA,NA,NA,NA,NA,NA,NA,NA,NA,NA,NA,2,3,NA,NA,NA,NA,15.7129631,NA,NA,NA,NA,NA,NA,NA,32,311,NA,NA,NA,NA,NA,NA,NA,NA,NA,NA,NA,8,9,NA,NA,NA,NA,4.320666313,113.0804749,0.724999785,3.180245161,20.318305970,7.529516697,28.39714432,28.99784851,7.778014183,350.4361267,-2.116504908,-640.7395576,-2449.989323,RufousTailedHawk,15
3252,NA,NA,NA,NA,NA,NA,0,NA,NA,NA,NA,NA,NA,NA,NA,NA,NA,NA,NA,60,NA,NA,NA,NA,NA,NA,NA,NA,NA,NA,NA,NA,10,NA,NA,NA,NA,NA,NA,NA,NA,NA,NA,NA,NA,1,NA,NA,NA,NA,NA,NA,16.00226212,NA,NA,NA,NA,NA,NA,17,NA,NA,NA,NA,NA,NA,NA,NA,NA,NA,NA,NA,7,NA,NA,NA,NA,NA,NA,4.287451744,104.5397644,0.694887877,3.730265141,15.712884900,4.486032486,26.13560486,37.00562668,12.00452995,344.8122559,0.77199924,-610.7395576,-2449.989323,RufousTailedHawk,15
3254,NA,NA,NA,NA,NA,NA,0,NA,0,0,NA,NA,0,NA,NA,NA,NA,NA,NA,8,NA,15,108,NA,NA,24,NA,NA,NA,NA,NA,NA,7,NA,17,13,NA,NA,12,NA,NA,NA,NA,NA,NA,2,NA,4,2,NA,NA,2,3.249414682,NA,NA,NA,NA,NA,NA,31,NA,301,9,NA,NA,331,NA,NA,NA,NA,NA,NA,7,NA,9,10,NA,NA,13,5.363261223,107.4911118,0.999439776,1.053708792,12.789778710,3.338092089,24.61088562,37.73019409,9.195883751,118.0921631,-0.715154469,-580.7395576,-2449.989323,RufousTailedHawk,15
3256,NA,NA,NA,NA,NA,NA,NA,NA,NA,NA,NA,NA,0,NA,NA,NA,NA,NA,NA,NA,NA,NA,NA,NA,NA,300,NA,NA,NA,NA,NA,NA,NA,NA,NA,NA,NA,NA,13,NA,NA,NA,NA,NA,NA,NA,NA,NA,NA,NA,NA,1,4.642254829,NA,NA,NA,NA,NA,NA,NA,NA,NA,NA,NA,NA,30,NA,NA,NA,NA,NA,NA,NA,NA,NA,NA,NA,NA,13,5.284775257,117.6955261,1.408299565,1.055841804,9.555328369,2.844528198,27.46203232,45.37330627,10.71034622,118.4754639,-0.450343817,-550.7395576,-2449.989323,RufousTailedHawk,15
3257,NA,NA,NA,0,NA,NA,NA,0,NA,NA,NA,NA,0,NA,NA,NA,60,NA,NA,NA,10,NA,NA,NA,NA,26,NA,NA,NA,7,NA,NA,NA,11,NA,NA,NA,NA,10,NA,NA,NA,2,NA,NA,NA,1,NA,NA,NA,NA,2,3.735370636,NA,NA,NA,362,NA,NA,NA,334,NA,NA,NA,NA,4,NA,NA,NA,4,NA,NA,NA,8,NA,NA,NA,NA,13,5.140305996,128.7841339,0.744814873,0.563294291,12.445063590,3.0075984,28.55625534,44.05175781,8.649816513,138.2955017,-0.795822024,-535.7395576,-2449.989323,RufousTailedHawk,15
3260,NA,NA,NA,NA,NA,NA,NA,0,NA,NA,0,NA,0,NA,NA,NA,NA,NA,NA,NA,5,NA,NA,51,NA,45,NA,NA,NA,NA,NA,NA,NA,11,NA,NA,10,NA,15,NA,NA,NA,NA,NA,NA,NA,1,NA,NA,2,NA,2,2.380827427,NA,NA,NA,NA,NA,NA,NA,11,NA,NA,1,NA,329,NA,NA,NA,NA,NA,NA,NA,8,NA,NA,11,NA,13,5.496778488,141.264328,1.461917639,2.618711233,7.807238102,0.801081538,18.44781876,31.56218719,4.560848713,41.39955139,-0.081146561,-490.7395576,-2449.989323,RufousTailedHawk,15
3280,NA,NA,NA,NA,NA,0,0,0,0,0,NA,0,0,NA,NA,NA,NA,NA,203,165,120,144,120,NA,84,120,NA,NA,NA,NA,NA,15,9,9,15,9,NA,16,9,NA,NA,NA,NA,NA,1,3,1,1,2,NA,1,1,63.57054138,NA,NA,NA,NA,NA,307,43,365,291,36,NA,55,329,NA,NA,NA,NA,NA,6,7,8,9,10,NA,12,13,4.519824028,210.7330017,2.914298773,1.817062736,4.247251511,10.23042202,6.015810013,26.32691193,10.95284843,249.3465271,0.405461878,-715.7395576,-2464.989323,RufousTailedHawk,15
3283,NA,NA,0,0,0,0,0,0,0,0,NA,0,0,NA,NA,120,60,245,120,29,60,75,160,NA,60,218,NA,NA,16,10,8,11,16,15,10,12,NA,4,9,NA,NA,2,2,1,3,1,1,1,1,NA,1,2,31.81842422,NA,NA,341,25,311,364,329,23,306,346,NA,313,336,NA,NA,3,4,5,6,7,8,9,10,NA,12,13,3.239772558,160.6979675,4.269501209,4.339814186,8.269214630,11.69269657,10.79663277,32.82424927,14.02583313,544.3170776,2.880536556,-670.7395576,-2464.989323,RufousTailedHawk,15
3284,NA,NA,NA,NA,NA,NA,NA,NA,0,0,NA,NA,NA,NA,NA,NA,NA,NA,NA,NA,NA,11,120,NA,NA,NA,NA,NA,NA,NA,NA,NA,NA,NA,19,9,NA,NA,NA,NA,NA,NA,NA,NA,NA,NA,NA,1,1,NA,NA,NA,31.81842422,NA,NA,NA,NA,NA,NA,NA,NA,47,346,NA,NA,NA,NA,NA,NA,NA,NA,NA,NA,NA,9,10,NA,NA,NA,3.239772558,160.6979675,4.269501209,4.339814186,8.269214630,11.69269657,10.79663277,32.82424927,14.02583313,544.3170776,2.880536556,-655.7395576,-2464.989323,RufousTailedHawk,15
3285,NA,NA,NA,NA,NA,NA,NA,0,0,0,NA,0,NA,NA,NA,NA,NA,NA,NA,NA,1,10,17,NA,25,NA,NA,NA,NA,NA,NA,NA,NA,13,12,11,NA,17,NA,NA,NA,NA,NA,NA,NA,NA,1,2,1,NA,1,NA,31.31009293,NA,NA,NA,NA,NA,NA,NA,23,4,18,NA,41,NA,NA,NA,NA,NA,NA,NA,NA,8,9,10,NA,12,NA,3.587211847,137.1007385,4.511812687,3.549675941,8.527658463,12.64386082,11.63595581,26.44331169,17.85735703,493.6270752,2.347790003,-640.7395576,-2464.989323,RufousTailedHawk,15
3290,NA,NA,NA,NA,NA,NA,NA,NA,NA,0,NA,0,0,NA,NA,NA,NA,NA,NA,NA,NA,NA,120,NA,87,114,NA,NA,NA,NA,NA,NA,NA,NA,NA,13,NA,13,14,NA,NA,NA,NA,NA,NA,NA,NA,NA,2,NA,1,1,9.174139023,NA,NA,NA,NA,NA,NA,NA,NA,NA,360,NA,21,320,NA,NA,NA,NA,NA,NA,NA,NA,NA,10,NA,12,13,5.225509644,124.2352905,1.431515574,0.177763104,16.169569020,5.984566212,14.98613548,15.88303661,9.960343361,140.0915375,0.149275437,-565.7395576,-2464.989323,RufousTailedHawk,15
3291,NA,NA,NA,NA,NA,NA,NA,NA,0,NA,0,NA,0,NA,NA,NA,NA,NA,NA,NA,NA,236,NA,32,NA,14,NA,NA,NA,NA,NA,NA,NA,NA,12,NA,16,NA,17,NA,NA,NA,NA,NA,NA,NA,NA,7,NA,1,NA,2,7.780928612,NA,NA,NA,NA,NA,NA,NA,NA,301,NA,364,NA,51,NA,NA,NA,NA,NA,NA,NA,NA,9,NA,11,NA,13,4.839272022,128.5124359,1.744948268,0.136523485,19.829397200,4.021039963,19.49915695,19.9803772,6.58633852,208.2111511,0.572461247,-550.7395576,-2464.989323,RufousTailedHawk,15
3292,0,NA,NA,0,0,0,0,0,0,0,0,0,0,30,NA,NA,10,60,5,95,30,20,2,2,5,20,13,NA,NA,9,12,15,14,11,11,9,16,10,12,3,NA,NA,1,3,2,2,1,4,3,4,1,7,3.195674658,15,NA,NA,261,58,270,255,334,312,350,10,267,303,1,NA,NA,4,5,6,7,8,9,10,11,12,13,5.027067661,134.4403076,0.866905451,0.391505361,17.388206480,5.105772972,21.21759033,30.06640816,12.99835014,150.9426727,0.521144748,-535.7395576,-2464.989323,RufousTailedHawk,15
3296,NA,NA,NA,NA,NA,NA,NA,NA,NA,NA,0,NA,NA,NA,NA,NA,NA,NA,NA,NA,NA,NA,NA,129,NA,NA,NA,NA,NA,NA,NA,NA,NA,NA,NA,NA,14,NA,NA,NA,NA,NA,NA,NA,NA,NA,NA,NA,NA,2,NA,NA,6.463771343,NA,NA,NA,NA,NA,NA,NA,NA,NA,NA,366,NA,NA,NA,NA,NA,NA,NA,NA,NA,NA,NA,NA,11,NA,NA,5.163729668,152.3126678,1.36431241,1.236520171,16.686887740,6.660275936,23.43578148,31.94820976,10.58306408,93.21055603,0.065581411,-475.7395576,-2464.989323,RufousTailedHawk,15
3301,NA,NA,NA,NA,NA,NA,NA,0,0,NA,NA,NA,NA,NA,NA,NA,NA,NA,NA,NA,30,220,NA,NA,NA,NA,NA,NA,NA,NA,NA,NA,NA,16,7,NA,NA,NA,NA,NA,NA,NA,NA,NA,NA,NA,1,1,NA,NA,NA,NA,9.476611137,NA,NA,NA,NA,NA,NA,NA,42,49,NA,NA,NA,NA,NA,NA,NA,NA,NA,NA,NA,8,9,NA,NA,NA,NA,4.946506023,175.2073059,0,0.857431114,7.535439491,12.83057976,27.89467621,18.4918766,3.36310482,80.20803833,0.323990464,-385.7395576,-2464.989323,RufousTailedHawk,15
3314,NA,NA,NA,0,NA,NA,0,NA,NA,NA,NA,0,0,NA,NA,NA,60,NA,NA,120,NA,NA,NA,NA,101,120,NA,NA,NA,16,NA,NA,15,NA,NA,NA,NA,15,10,NA,NA,NA,1,NA,NA,1,NA,NA,NA,NA,1,1,74.50707245,NA,NA,NA,340,NA,NA,27,NA,NA,NA,NA,53,356,NA,NA,NA,4,NA,NA,7,NA,NA,NA,NA,12,13,2.013928413,327.8269348,2.042698145,1.948182583,0.574017465,4.324804306,3.61447835,39.13262177,1.472335458,647.9431763,3.120857477,-775.7395576,-2479.989323,RufousTailedHawk,15
3315,NA,NA,NA,NA,NA,NA,NA,NA,NA,NA,NA,NA,0,NA,NA,NA,NA,NA,NA,NA,NA,NA,NA,NA,NA,65,NA,NA,NA,NA,NA,NA,NA,NA,NA,NA,NA,NA,15,NA,NA,NA,NA,NA,NA,NA,NA,NA,NA,NA,NA,1,73.03653717,NA,NA,NA,NA,NA,NA,NA,NA,NA,NA,NA,NA,335,NA,NA,NA,NA,NA,NA,NA,NA,NA,NA,NA,NA,13,3.576611757,307.5279541,2.598578215,0.051609445,1.832583308,12.39879799,6.108759403,33.70349121,3.395680428,357.7221069,-2.09300971,-760.7395576,-2479.989323,RufousTailedHawk,15
3319,NA,NA,NA,NA,NA,NA,NA,NA,NA,NA,NA,0,NA,NA,NA,NA,NA,NA,NA,NA,NA,NA,NA,NA,69,NA,NA,NA,NA,NA,NA,NA,NA,NA,NA,NA,NA,12,NA,NA,NA,NA,NA,NA,NA,NA,NA,NA,NA,NA,1,NA,65.95080566,NA,NA,NA,NA,NA,NA,NA,NA,NA,NA,NA,315,NA,NA,NA,NA,NA,NA,NA,NA,NA,NA,NA,NA,12,NA,1.179058194,263.1986694,1.689975023,2.752972841,0.770320058,2.987990379,0.579990983,38.86152649,1.184749365,795.0407104,6.042486191,-700.7395576,-2479.989323,RufousTailedHawk,15
3321,NA,NA,NA,NA,NA,0,NA,NA,NA,NA,NA,NA,NA,NA,NA,NA,NA,NA,62,NA,NA,NA,NA,NA,NA,NA,NA,NA,NA,NA,NA,7,NA,NA,NA,NA,NA,NA,NA,NA,NA,NA,NA,NA,1,NA,NA,NA,NA,NA,NA,NA,49.94060516,NA,NA,NA,NA,NA,307,NA,NA,NA,NA,NA,NA,NA,NA,NA,NA,NA,NA,6,NA,NA,NA,NA,NA,NA,NA,2.656095266,218.1874237,3.505264044,0.816133916,4.408326149,10.7320509,4.951163769,40.1167717,4.802312374,605.4187012,-1.45695591,-670.7395576,-2479.989323,RufousTailedHawk,15
3322,NA,NA,NA,NA,NA,NA,NA,0,0,NA,NA,0,NA,NA,NA,NA,NA,NA,NA,NA,50,3,NA,NA,2,NA,NA,NA,NA,NA,NA,NA,NA,14,13,NA,NA,15,NA,NA,NA,NA,NA,NA,NA,NA,2,2,NA,NA,1,NA,41.32711029,NA,NA,NA,NA,NA,NA,NA,25,46,NA,NA,342,NA,NA,NA,NA,NA,NA,NA,NA,8,9,NA,NA,12,NA,2.644733191,199.3655396,2.958212852,1.655766726,7.518930912,10.93956184,13.86120987,36.20042038,5.149338245,620.2924194,0.231032029,-655.7395576,-2479.989323,RufousTailedHawk,15
3326,NA,NA,NA,0,NA,0,NA,NA,NA,0,0,1,0,NA,NA,NA,180,NA,180,NA,NA,NA,165,55,60,93,NA,NA,NA,11,NA,10,NA,NA,NA,11,15,13,12,NA,NA,NA,2,NA,3,NA,NA,NA,2,1,1,1,10.03332424,NA,NA,NA,17,NA,59,NA,NA,NA,43,365,350,316,NA,NA,NA,4,NA,6,NA,NA,NA,10,11,12,13,3.891382933,145.4902649,3.459697008,2.90316081,9.867120743,9.154175758,10.98454666,23.69711876,11.4426918,390.3430786,-2.0512712,-595.7395576,-2479.989323,RufousTailedHawk,15
3327,0,NA,NA,0,0,NA,0,0,0,0,0,0,0,15,NA,NA,180,225,NA,300,300,240,94,240,30,61,12,NA,NA,9,14,NA,12,9,10,14,8,12,15,3,NA,NA,2,2,NA,3,3,2,4,2,1,3,4.975828171,15,NA,NA,2,348,NA,350,319,357,310,362,246,310,1,NA,NA,4,5,NA,7,8,9,10,11,12,13,4.022727966,143.1033173,1.337270737,2.585153341,13.239145280,11.37802887,16.45013428,23.41535378,13.31180382,356.4823608,0.448996633,-580.7395576,-2479.989323,RufousTailedHawk,15
3328,NA,NA,NA,NA,NA,NA,0,NA,NA,0,NA,0,0,NA,NA,NA,NA,NA,NA,67,NA,NA,60,NA,16,38,NA,NA,NA,NA,NA,NA,17,NA,NA,11,NA,12,13,NA,NA,NA,NA,NA,NA,9,NA,NA,1,NA,1,1,4.806995869,NA,NA,NA,NA,NA,NA,16,NA,NA,341,NA,10,289,NA,NA,NA,NA,NA,NA,7,NA,NA,10,NA,12,13,4.449412823,147.7449951,1.0167377,0.729411483,16.415140150,7.707649708,21.93628883,28.79660034,8.262925148,259.0415649,0.578720391,-565.7395576,-2479.989323,RufousTailedHawk,15
3338,0,NA,NA,NA,NA,NA,NA,NA,NA,0,NA,NA,NA,180,NA,NA,NA,NA,NA,NA,NA,NA,60,NA,NA,NA,10,NA,NA,NA,NA,NA,NA,NA,NA,15,NA,NA,NA,1,NA,NA,NA,NA,NA,NA,NA,NA,1,NA,NA,NA,5.330532074,326,NA,NA,NA,NA,NA,NA,NA,NA,1,NA,NA,NA,1,NA,NA,NA,NA,NA,NA,NA,NA,10,NA,NA,NA,5.24119854,173.5737457,0,3.181736946,12.324420930,3.531927347,33.22164536,37.09487534,6.545497417,53.159832,-0.08383733,-415.7395576,-2479.989323,RufousTailedHawk,15
3339,NA,NA,NA,NA,NA,NA,NA,0,NA,NA,NA,NA,NA,NA,NA,NA,NA,NA,NA,NA,15,NA,NA,NA,NA,NA,NA,NA,NA,NA,NA,NA,NA,20,NA,NA,NA,NA,NA,NA,NA,NA,NA,NA,NA,NA,1,NA,NA,NA,NA,NA,6.795637131,NA,NA,NA,NA,NA,NA,NA,43,NA,NA,NA,NA,NA,NA,NA,NA,NA,NA,NA,NA,8,NA,NA,NA,NA,NA,4.985830784,176.1108093,0,1.216052294,12.671151160,3.981181145,43.78302765,29.8667202,7.358347893,96.4311142,-0.155557543,-400.7395576,-2479.989323,RufousTailedHawk,15
3344,NA,NA,NA,NA,NA,NA,NA,NA,0,0,NA,NA,NA,NA,NA,NA,NA,NA,NA,NA,NA,24,85,NA,NA,NA,NA,NA,NA,NA,NA,NA,NA,NA,13,16,NA,NA,NA,NA,NA,NA,NA,NA,NA,NA,NA,1,5,NA,NA,NA,70.45050049,NA,NA,NA,NA,NA,NA,NA,NA,296,299,NA,NA,NA,NA,NA,NA,NA,NA,NA,NA,NA,9,10,NA,NA,NA,4.307332516,209.7684174,0.399113506,3.238013506,7.937468529,15.0227766,7.207696438,24.55588341,14.18198776,161.9186401,0.501398563,-310.7395576,-2479.989323,RufousTailedHawk,15
3345,NA,NA,NA,NA,NA,NA,0,NA,0,0,NA,NA,NA,NA,NA,NA,NA,NA,NA,270,NA,163,85,NA,NA,NA,NA,NA,NA,NA,NA,NA,14,NA,8,9,NA,NA,NA,NA,NA,NA,NA,NA,NA,2,NA,1,5,NA,NA,NA,83.48900604,NA,NA,NA,NA,NA,NA,297,NA,295,296,NA,NA,NA,NA,NA,NA,NA,NA,NA,7,NA,9,10,NA,NA,NA,4.312306881,206.7210693,0.868763506,0.682479739,6.473506451,13.9995327,9.556539536,17.27080727,9.200559616,133.6880493,0.841437399,-295.7395576,-2479.989323,RufousTailedHawk,15
3347,NA,NA,NA,NA,NA,NA,NA,NA,NA,0,NA,NA,NA,NA,NA,NA,NA,NA,NA,NA,NA,NA,162,NA,NA,NA,NA,NA,NA,NA,NA,NA,NA,NA,NA,14,NA,NA,NA,NA,NA,NA,NA,NA,NA,NA,NA,NA,3,NA,NA,NA,128.500351,NA,NA,NA,NA,NA,NA,NA,NA,NA,332,NA,NA,NA,NA,NA,NA,NA,NA,NA,NA,NA,NA,10,NA,NA,NA,5.272573948,512.5811768,2.114629984,0.991749644,2.609503031,13.60589409,4.055783272,28.43255615,5.213131905,117.1052094,-0.053748216,-955.7395576,-2494.989323,RufousTailedHawk,15
3351,NA,NA,NA,NA,NA,NA,NA,NA,NA,0,NA,NA,NA,NA,NA,NA,NA,NA,NA,NA,NA,NA,20,NA,NA,NA,NA,NA,NA,NA,NA,NA,NA,NA,NA,8,NA,NA,NA,NA,NA,NA,NA,NA,NA,NA,NA,NA,2,NA,NA,NA,113.4069748,NA,NA,NA,NA,NA,NA,NA,NA,NA,361,NA,NA,NA,NA,NA,NA,NA,NA,NA,NA,NA,NA,10,NA,NA,NA,4.512286663,408.3843384,1.57615006,0.707810819,3.956284761,13.25864506,0.981117368,34.47809982,5.041316986,198.6824493,2.727645159,-850.7395576,-2494.989323,RufousTailedHawk,15
3359,NA,NA,NA,NA,0,NA,NA,0,NA,NA,NA,NA,NA,NA,NA,NA,NA,15,NA,NA,11,NA,NA,NA,NA,NA,NA,NA,NA,NA,9,NA,NA,13,NA,NA,NA,NA,NA,NA,NA,NA,NA,1,NA,NA,2,NA,NA,NA,NA,NA,92.1809845,NA,NA,NA,NA,43,NA,NA,309,NA,NA,NA,NA,NA,NA,NA,NA,NA,5,NA,NA,8,NA,NA,NA,NA,NA,0.305377662,309.15448,1.341142654,1.61730516,0.226348579,2.119384766,0.345327795,41.7486496,0.924270391,950.2226563,0.600300789,-730.7395576,-2494.989323,RufousTailedHawk,15
3360,NA,NA,NA,NA,0,NA,NA,NA,0,0,NA,0,0,NA,NA,NA,NA,60,NA,NA,NA,144,4,NA,103,11,NA,NA,NA,NA,16,NA,NA,NA,14,16,NA,14,10,NA,NA,NA,NA,1,NA,NA,NA,3,1,NA,1,1,86.09067535,NA,NA,NA,NA,46,NA,NA,NA,54,293,NA,56,334,NA,NA,NA,NA,5,NA,NA,NA,9,10,NA,12,13,1.252416849,286.6060791,1.585185766,2.913885355,0.705439091,5.371376991,0.415261388,27.69125366,1.058333635,775.6154785,-1.503854036,-715.7395576,-2494.989323,RufousTailedHawk,15
3361,NA,NA,NA,NA,NA,NA,NA,NA,NA,NA,NA,0,NA,NA,NA,NA,NA,NA,NA,NA,NA,NA,NA,NA,50,NA,NA,NA,NA,NA,NA,NA,NA,NA,NA,NA,NA,15,NA,NA,NA,NA,NA,NA,NA,NA,NA,NA,NA,NA,1,NA,75.56630707,NA,NA,NA,NA,NA,NA,NA,NA,NA,NA,NA,315,NA,NA,NA,NA,NA,NA,NA,NA,NA,NA,NA,NA,12,NA,0.594159782,284.8684082,1.354062676,2.038130283,0.076252423,0.690827012,0.3825939,42.82077789,0.339205801,882.2426147,2.942658186,-700.7395576,-2494.989323,RufousTailedHawk,15
3364,NA,NA,NA,NA,NA,NA,NA,NA,NA,NA,NA,NA,0,NA,NA,NA,NA,NA,NA,NA,NA,NA,NA,NA,NA,60,NA,NA,NA,NA,NA,NA,NA,NA,NA,NA,NA,NA,12,NA,NA,NA,NA,NA,NA,NA,NA,NA,NA,NA,NA,1,37.62786102,NA,NA,NA,NA,NA,NA,NA,NA,NA,NA,NA,NA,282,NA,NA,NA,NA,NA,NA,NA,NA,NA,NA,NA,NA,13,3.427881241,176.0467224,3.788098097,4.412117004,8.487197876,12.54153156,14.66312122,33.53913116,13.6277504,473.5721436,0.816648126,-655.7395576,-2494.989323,RufousTailedHawk,15
3365,NA,NA,0,NA,NA,0,0,0,0,0,0,0,0,NA,NA,64,NA,NA,1,45,7,155,46,20,120,125,NA,NA,16,NA,NA,15,11,13,10,14,12,9,11,NA,NA,1,NA,NA,2,1,1,1,1,1,2,8,24.79127502,NA,NA,363,NA,NA,249,350,13,363,358,330,323,326,NA,NA,3,NA,NA,6,7,8,9,10,11,12,13,3.484352589,166.8522186,2.90661025,3.654441118,10.584443090,14.13563251,11.78707123,29.41511345,14.19477463,471.4885864,-2.746658087,-640.7395576,-2494.989323,RufousTailedHawk,15
3366,0,0,0,0,0,0,0,0,0,0,0,0,0,15,30,60,60,60,60,64,55,177,4,85,100,125,11,12,16,14,16,17,18,18,9,15,17,17,10,6,2,2,2,1,2,2,2,10,10,2,1,1,12.36851025,330,20,361,34,340,321,348,329,315,291,340,249,312,1,2,3,4,5,6,7,8,9,10,11,12,13,2.751370192,173.2612762,4.927165508,2.199554205,7.820110798,15.93594837,10.5505352,31.93932343,12.28677559,610.6459961,2.754276514,-625.7395576,-2494.989323,RufousTailedHawk,15
3367,0,0,0,0,0,0,0,0,1,1,0,0,0,120,60,45,1,120,1,60,110,90,20,6,2,55,9,9,6,13,8,5,12,11,16,18,11,20,19,3,2,9,1,3,1,6,1,2,8,1,1,1,2.897557259,335,19,310,336,344,300,349,291,336,290,246,285,311,1,2,3,4,5,6,7,8,9,10,11,12,13,4.237552166,146.8167114,2.135867119,1.426093221,9.763191223,13.31310749,15.77821922,21.21664429,10.62399578,315.6865845,-0.95970577,-610.7395576,-2494.989323,RufousTailedHawk,15
3368,NA,NA,NA,NA,0,0,0,NA,0,0,0,0,0,NA,NA,NA,NA,45,130,194,NA,60,60,60,55,85,NA,NA,NA,NA,12,14,14,NA,10,12,11,14,8,NA,NA,NA,NA,2,2,2,NA,1,2,1,1,1,2.646211863,NA,NA,NA,NA,348,30,24,NA,291,261,284,248,321,NA,NA,NA,NA,5,6,7,NA,9,10,11,12,13,3.427311897,162.7792969,3.667797327,2.621741056,8.733817101,12.81122112,13.94713879,29.29395103,13.36669064,456.8354492,2.39806366,-595.7395576,-2494.989323,RufousTailedHawk,15
3369,0,NA,NA,NA,NA,NA,0,NA,NA,NA,0,0,0,25,NA,NA,NA,NA,NA,10,NA,NA,NA,3,20,15,16,NA,NA,NA,NA,NA,13,NA,NA,NA,11,10,9,6,NA,NA,NA,NA,NA,2,NA,NA,NA,2,1,1,2.975279331,330,NA,NA,NA,NA,NA,342,NA,NA,NA,8,32,289,1,NA,NA,NA,NA,NA,7,NA,NA,NA,11,12,13,3.457621098,164.8580475,2.501633644,5.540198803,7.924531460,12.11035824,11.4040184,34.27652359,14.35204601,453.0914001,0.784603179,-580.7395576,-2494.989323,RufousTailedHawk,15
3370,NA,NA,NA,NA,NA,NA,NA,0,0,0,0,0,0,NA,NA,NA,NA,NA,NA,NA,30,60,16,74,60,150,NA,NA,NA,NA,NA,NA,NA,13,18,13,12,15,10,NA,NA,NA,NA,NA,NA,NA,2,1,3,1,1,1,6.570304394,NA,NA,NA,NA,NA,NA,NA,320,5,351,343,355,298,NA,NA,NA,NA,NA,NA,NA,8,9,10,11,12,13,3.239715338,166.8812866,1.892642498,4.612802505,8.816057205,15.77944469,13.63973045,31.41944313,16.06867409,490.4085999,1.461219907,-565.7395576,-2494.989323,RufousTailedHawk,15
3371,NA,NA,NA,NA,NA,0,0,NA,0,0,0,0,0,NA,NA,NA,NA,NA,120,60,NA,95,75,55,10,6,NA,NA,NA,NA,NA,14,13,NA,10,12,11,16,14,NA,NA,NA,NA,NA,9,2,NA,2,1,3,1,1,2.963559866,NA,NA,NA,NA,NA,364,342,NA,311,32,366,42,319,NA,NA,NA,NA,NA,6,7,NA,9,10,11,12,13,4.225511074,160.5767365,1.681904674,2.35174799,10.355731010,14.4034996,17.68507004,31.87504005,14.18812561,292.3798828,0.144697458,-550.7395576,-2494.989323,RufousTailedHawk,15
3372,0,0,NA,0,0,0,0,0,0,0,0,0,0,20,35,NA,90,180,2,10,110,10,60,30,20,2,12,17,NA,13,13,16,16,9,17,15,10,14,17,6,2,NA,2,1,1,2,1,1,1,3,1,1,7.709843636,331,306,NA,307,348,290,342,301,311,335,303,31,320,1,2,NA,4,5,6,7,8,9,10,11,12,13,4.254556179,163.4454651,0.864091814,1.523254395,11.145141600,12.21681309,21.51254463,34.56921768,13.6506958,280.1055908,-1.537885308,-535.7395576,-2494.989323,RufousTailedHawk,15
3378,NA,NA,NA,NA,NA,NA,NA,NA,0,NA,NA,NA,NA,NA,NA,NA,NA,NA,NA,NA,NA,120,NA,NA,NA,NA,NA,NA,NA,NA,NA,NA,NA,NA,12,NA,NA,NA,NA,NA,NA,NA,NA,NA,NA,NA,NA,1,NA,NA,NA,NA,25.36764526,NA,NA,NA,NA,NA,NA,NA,NA,24,NA,NA,NA,NA,NA,NA,NA,NA,NA,NA,NA,NA,9,NA,NA,NA,NA,4.502184391,181.1303711,0.503245473,1.374992967,9.471402168,14.07752228,35.48342133,23.21988297,10.95381546,181.9075928,-0.636470258,-445.7395576,-2494.989323,RufousTailedHawk,15
3379,NA,NA,NA,NA,NA,NA,NA,NA,0,NA,NA,NA,NA,NA,NA,NA,NA,NA,NA,NA,NA,50,NA,NA,NA,NA,NA,NA,NA,NA,NA,NA,NA,NA,8,NA,NA,NA,NA,NA,NA,NA,NA,NA,NA,NA,NA,1,NA,NA,NA,NA,20.78116035,NA,NA,NA,NA,NA,NA,NA,NA,33,NA,NA,NA,NA,NA,NA,NA,NA,NA,NA,NA,NA,9,NA,NA,NA,NA,4.813690186,186.4460449,0,0.038040388,9.099299431,18.81539917,42.93332672,22.9389534,5.035173416,119.7539902,1.202850938,-430.7395576,-2494.989323,RufousTailedHawk,15
3384,NA,NA,NA,NA,NA,0,NA,NA,NA,NA,NA,NA,NA,NA,NA,NA,NA,NA,236,NA,NA,NA,NA,NA,NA,NA,NA,NA,NA,NA,NA,8,NA,NA,NA,NA,NA,NA,NA,NA,NA,NA,NA,NA,1,NA,NA,NA,NA,NA,NA,NA,57.89631271,NA,NA,NA,NA,NA,310,NA,NA,NA,NA,NA,NA,NA,NA,NA,NA,NA,NA,6,NA,NA,NA,NA,NA,NA,NA,4.159369469,216.6363831,0.382497609,1.135673165,3.219830513,12.17110157,2.627558231,29.80534363,10.69509315,131.1469879,-0.334981173,-340.7395576,-2494.989323,RufousTailedHawk,15
3385,NA,NA,NA,NA,NA,NA,NA,NA,NA,0,NA,NA,NA,NA,NA,NA,NA,NA,NA,NA,NA,NA,63,NA,NA,NA,NA,NA,NA,NA,NA,NA,NA,NA,NA,10,NA,NA,NA,NA,NA,NA,NA,NA,NA,NA,NA,NA,1,NA,NA,NA,57.89631271,NA,NA,NA,NA,NA,NA,NA,NA,NA,295,NA,NA,NA,NA,NA,NA,NA,NA,NA,NA,NA,NA,10,NA,NA,NA,4.159369469,216.6363831,0.382497609,1.135673165,3.219830513,12.17110157,2.627558231,29.80534363,10.69509315,131.1469879,-0.334981173,-325.7395576,-2494.989323,RufousTailedHawk,15
3390,NA,NA,NA,NA,NA,0,NA,NA,NA,NA,NA,NA,NA,NA,NA,NA,NA,NA,10,NA,NA,NA,NA,NA,NA,NA,NA,NA,NA,NA,NA,17,NA,NA,NA,NA,NA,NA,NA,NA,NA,NA,NA,NA,1,NA,NA,NA,NA,NA,NA,NA,113.4069748,NA,NA,NA,NA,NA,349,NA,NA,NA,NA,NA,NA,NA,NA,NA,NA,NA,NA,6,NA,NA,NA,NA,NA,NA,NA,4.512286663,408.3843384,1.57615006,0.707810819,3.956284761,13.25864506,0.981117368,34.47809982,5.041316986,198.6824493,2.727645159,-850.7395576,-2509.989323,RufousTailedHawk,15
3396,NA,NA,NA,NA,NA,NA,NA,NA,0,0,NA,NA,NA,NA,NA,NA,NA,NA,NA,NA,NA,10,10,NA,NA,NA,NA,NA,NA,NA,NA,NA,NA,NA,6,7,NA,NA,NA,NA,NA,NA,NA,NA,NA,NA,NA,1,1,NA,NA,NA,105.9488678,NA,NA,NA,NA,NA,NA,NA,NA,292,293,NA,NA,NA,NA,NA,NA,NA,NA,NA,NA,NA,9,10,NA,NA,NA,3.792862654,325.6440125,2.790945053,2.524748325,4.448531151,12.9184618,1.63596189,32.95287323,6.943027496,316.9733276,-1.408405423,-760.7395576,-2509.989323,RufousTailedHawk,15
3397,NA,NA,NA,NA,NA,NA,NA,NA,NA,NA,NA,NA,0,NA,NA,NA,NA,NA,NA,NA,NA,NA,NA,NA,NA,11,NA,NA,NA,NA,NA,NA,NA,NA,NA,NA,NA,NA,16,NA,NA,NA,NA,NA,NA,NA,NA,NA,NA,NA,NA,1,90.25925446,NA,NA,NA,NA,NA,NA,NA,NA,NA,NA,NA,NA,334,NA,NA,NA,NA,NA,NA,NA,NA,NA,NA,NA,NA,13,1.394692063,321.322052,2.212604761,0.57001704,1.227816463,2.491326571,0.311161548,43.79938126,1.111795425,734.5726318,-1.869368911,-745.7395576,-2509.989323,RufousTailedHawk,15
3399,NA,NA,NA,NA,NA,NA,NA,NA,NA,NA,NA,0,NA,NA,NA,NA,NA,NA,NA,NA,NA,NA,NA,NA,21,NA,NA,NA,NA,NA,NA,NA,NA,NA,NA,NA,NA,8,NA,NA,NA,NA,NA,NA,NA,NA,NA,NA,NA,NA,1,NA,90.28918457,NA,NA,NA,NA,NA,NA,NA,NA,NA,NA,NA,59,NA,NA,NA,NA,NA,NA,NA,NA,NA,NA,NA,NA,12,NA,4.016425133,274.7637329,1.832466841,1.268439531,5.118206024,15.25101089,2.883700609,21.50847626,2.8497684,259.2032776,-0.206811309,-715.7395576,-2509.989323,RufousTailedHawk,15
3401,NA,NA,NA,NA,NA,NA,NA,NA,NA,NA,NA,0,0,NA,NA,NA,NA,NA,NA,NA,NA,NA,NA,NA,18,13,NA,NA,NA,NA,NA,NA,NA,NA,NA,NA,NA,6,8,NA,NA,NA,NA,NA,NA,NA,NA,NA,NA,NA,1,1,64.89942932,NA,NA,NA,NA,NA,NA,NA,NA,NA,NA,NA,59,323,NA,NA,NA,NA,NA,NA,NA,NA,NA,NA,NA,12,13,2.104633808,266.7065735,2.059203625,2.750926495,0.754689276,6.84064579,1.805835128,25.4060936,1.685560822,576.3928833,-0.35737434,-685.7395576,-2509.989323,RufousTailedHawk,15
3403,NA,NA,NA,NA,0,0,NA,0,NA,NA,NA,NA,NA,NA,NA,NA,NA,30,210,NA,240,NA,NA,NA,NA,NA,NA,NA,NA,NA,17,13,NA,10,NA,NA,NA,NA,NA,NA,NA,NA,NA,1,1,NA,5,NA,NA,NA,NA,NA,40.53095627,NA,NA,NA,NA,48,308,NA,303,NA,NA,NA,NA,NA,NA,NA,NA,NA,5,6,NA,8,NA,NA,NA,NA,NA,2.759700298,210.9882813,2.365391731,3.534433842,8.172209740,17.05465317,6.874789715,32.85025024,5.511529446,583.2849121,0.385733306,-655.7395576,-2509.989323,RufousTailedHawk,15
3404,NA,0,0,0,1,0,0,0,0,0,0,0,1,NA,60,90,120,120,73,30,15,30,33,90,136,70,NA,14,14,9,9,14,13,13,14,9,12,8,11,NA,2,1,1,2,2,2,1,2,1,3,1,2,40.71627808,NA,20,346,313,25,249,314,302,331,291,324,295,36,NA,2,3,4,5,6,7,8,9,10,11,12,13,3.269697428,226.9616852,3.395221949,2.179288626,7.465724468,19.26268959,5.87933445,32.50440598,4.432173729,482.7182922,10.81637096,-640.7395576,-2509.989323,RufousTailedHawk,15
3405,NA,0,NA,NA,NA,0,0,0,0,0,0,0,0,NA,60,NA,NA,NA,240,120,240,60,18,60,160,50,NA,10,NA,NA,NA,17,12,14,15,11,9,16,17,NA,2,NA,NA,NA,6,2,2,1,10,2,1,7,14.32424831,NA,20,NA,NA,NA,363,57,12,279,291,291,275,303,NA,2,NA,NA,NA,6,7,8,9,10,11,12,13,5.052088261,148.2562103,1.033883214,0.61424166,13.965757370,16.49090195,15.80481052,17.78403854,10.28514671,163.6334686,-0.155400336,-625.7395576,-2509.989323,RufousTailedHawk,15
3406,NA,NA,NA,NA,0,NA,NA,NA,0,0,NA,0,0,NA,NA,NA,NA,30,NA,NA,NA,60,19,NA,10,72,NA,NA,NA,NA,12,NA,NA,NA,15,9,NA,9,14,NA,NA,NA,NA,1,NA,NA,NA,2,1,NA,2,1,14.32424831,NA,NA,NA,NA,56,NA,NA,NA,259,354,NA,354,334,NA,NA,NA,NA,5,NA,NA,NA,9,10,NA,12,13,5.052088261,148.2562103,1.033883214,0.61424166,13.965757370,16.49090195,15.80481052,17.78403854,10.28514671,163.6334686,-0.155400336,-610.7395576,-2509.989323,RufousTailedHawk,15
3407,NA,NA,NA,NA,NA,NA,NA,NA,0,NA,NA,0,NA,NA,NA,NA,NA,NA,NA,NA,NA,3,NA,NA,41,NA,NA,NA,NA,NA,NA,NA,NA,NA,16,NA,NA,9,NA,NA,NA,NA,NA,NA,NA,NA,NA,1,NA,NA,6,NA,11.16094494,NA,NA,NA,NA,NA,NA,NA,NA,245,NA,NA,355,NA,NA,NA,NA,NA,NA,NA,NA,NA,9,NA,NA,12,NA,4.354609966,159.6686554,1.116621494,0.196255445,13.127244950,4.727142334,22.26579094,36.88703537,12.6195612,275.1885986,0.463224381,-595.7395576,-2509.989323,RufousTailedHawk,15
3408,NA,NA,NA,NA,NA,NA,NA,0,NA,0,NA,NA,NA,NA,NA,NA,NA,NA,NA,NA,60,NA,3,NA,NA,NA,NA,NA,NA,NA,NA,NA,NA,9,NA,15,NA,NA,NA,NA,NA,NA,NA,NA,NA,NA,2,NA,2,NA,NA,NA,9.469941139,NA,NA,NA,NA,NA,NA,NA,351,NA,53,NA,NA,NA,NA,NA,NA,NA,NA,NA,NA,8,NA,10,NA,NA,NA,4.027579308,174.0845642,2.552947998,0.850989044,9.359780312,12.63304806,16.87668228,30.36592865,13.56839561,327.7747498,-0.639608324,-580.7395576,-2509.989323,RufousTailedHawk,15
3409,NA,0,NA,NA,0,0,0,0,0,1,0,0,0,NA,300,NA,NA,120,30,120,225,8,60,45,45,112,NA,7,NA,NA,11,12,8,10,14,15,18,19,20,NA,3,NA,NA,8,1,1,1,1,2,1,1,2,8.832174301,NA,26,NA,NA,249,290,259,352,359,292,269,282,347,NA,2,NA,NA,5,6,7,8,9,10,11,12,13,3.84519434,177.9454346,3.738133669,2.021464586,5.760580540,13.46946621,13.21786308,29.91224861,16.65651131,359.4689331,-0.435916871,-565.7395576,-2509.989323,RufousTailedHawk,15
3410,NA,NA,NA,NA,NA,NA,NA,0,0,0,0,0,0,NA,NA,NA,NA,NA,NA,NA,39,170,140,40,30,7,NA,NA,NA,NA,NA,NA,NA,9,13,14,12,15,8,NA,NA,NA,NA,NA,NA,NA,5,2,2,1,1,2,11.09162903,NA,NA,NA,NA,NA,NA,NA,354,311,38,304,282,7,NA,NA,NA,NA,NA,NA,NA,8,9,10,11,12,13,4.048501015,175.4885712,1.873179913,3.32365036,6.803470135,11.17010021,18.95685005,32.21820831,12.25188351,302.4672546,1.071481705,-550.7395576,-2509.989323,RufousTailedHawk,15
3411,NA,NA,NA,NA,NA,NA,NA,0,0,0,NA,NA,0,NA,NA,NA,NA,NA,NA,NA,21,26,112,NA,NA,51,NA,NA,NA,NA,NA,NA,NA,7,18,16,NA,NA,16,NA,NA,NA,NA,NA,NA,NA,5,2,1,NA,NA,2,13.1668148,NA,NA,NA,NA,NA,NA,NA,354,265,265,NA,NA,260,NA,NA,NA,NA,NA,NA,NA,8,9,10,NA,NA,13,4.45318079,176.9814301,0.993573248,4.277665138,7.187168598,16.62248993,20.58248711,27.44855881,10.7234745,211.7541199,-0.502614319,-535.7395576,-2509.989323,RufousTailedHawk,15
3414,NA,NA,NA,NA,NA,NA,NA,NA,NA,NA,NA,NA,0,NA,NA,NA,NA,NA,NA,NA,NA,NA,NA,NA,NA,23,NA,NA,NA,NA,NA,NA,NA,NA,NA,NA,NA,NA,20,NA,NA,NA,NA,NA,NA,NA,NA,NA,NA,NA,NA,3,46.69781876,NA,NA,NA,NA,NA,NA,NA,NA,NA,NA,NA,NA,13,NA,NA,NA,NA,NA,NA,NA,NA,NA,NA,NA,NA,13,4.560257435,182.9925079,0.119438469,1.137820482,8.864537239,25.13564873,27.44808388,21.02030182,13.51081848,183.0218506,-1.277847648,-490.7395576,-2509.989323,RufousTailedHawk,15
3423,NA,NA,NA,NA,0,NA,NA,NA,NA,NA,NA,NA,NA,NA,NA,NA,NA,30,NA,NA,NA,NA,NA,NA,NA,NA,NA,NA,NA,NA,13,NA,NA,NA,NA,NA,NA,NA,NA,NA,NA,NA,NA,1,NA,NA,NA,NA,NA,NA,NA,NA,127.4332428,NA,NA,NA,NA,44,NA,NA,NA,NA,NA,NA,NA,NA,NA,NA,NA,NA,5,NA,NA,NA,NA,NA,NA,NA,NA,4.663607597,360.0591431,0.847247839,4.066429615,4.937504292,11.58311844,4.264995575,25.34981728,13.68376923,135.6383209,-2.281580687,-790.7395576,-2524.989323,RufousTailedHawk,15
3436,NA,NA,NA,0,NA,0,NA,NA,0,0,NA,0,0,NA,NA,NA,90,NA,90,NA,NA,120,90,NA,185,125,NA,NA,NA,16,NA,15,NA,NA,8,14,NA,17,15,NA,NA,NA,2,NA,1,NA,NA,2,2,NA,6,1,27.646101,NA,NA,NA,339,NA,293,NA,NA,318,38,NA,353,266,NA,NA,NA,4,NA,6,NA,NA,9,10,NA,12,13,4.174794674,190.8913269,0.774749577,0.764990687,9.614449501,12.8950634,22.45038223,29.29445648,11.5256567,294.5209656,2.056093693,-595.7395576,-2524.989323,RufousTailedHawk,15
3438,NA,NA,NA,NA,NA,NA,NA,NA,NA,0,NA,NA,NA,NA,NA,NA,NA,NA,NA,NA,NA,NA,10,NA,NA,NA,NA,NA,NA,NA,NA,NA,NA,NA,NA,16,NA,NA,NA,NA,NA,NA,NA,NA,NA,NA,NA,NA,1,NA,NA,NA,25.583992,NA,NA,NA,NA,NA,NA,NA,NA,NA,365,NA,NA,NA,NA,NA,NA,NA,NA,NA,NA,NA,NA,10,NA,NA,NA,4.210603237,192.1720886,2.011325121,1.445306897,8.364063263,10.70585155,23.3890934,33.52095795,12.36687565,285.0185852,-1.531936169,-565.7395576,-2524.989323,RufousTailedHawk,15
3441,NA,NA,NA,NA,NA,NA,NA,NA,NA,NA,NA,NA,0,NA,NA,NA,NA,NA,NA,NA,NA,NA,NA,NA,NA,60,NA,NA,NA,NA,NA,NA,NA,NA,NA,NA,NA,NA,10,NA,NA,NA,NA,NA,NA,NA,NA,NA,NA,NA,NA,1,32.657444,NA,NA,NA,NA,NA,NA,NA,NA,NA,NA,NA,NA,331,NA,NA,NA,NA,NA,NA,NA,NA,NA,NA,NA,NA,13,4.87112999,186.9757538,0.455717385,0.07977026,5.411880493,16.72451973,25.64037323,28.05612183,8.627498627,101.9710999,0.097146966,-520.7395576,-2524.989323,RufousTailedHawk,15
3442,NA,NA,NA,NA,0,NA,NA,NA,NA,NA,NA,NA,NA,NA,NA,NA,NA,10,NA,NA,NA,NA,NA,NA,NA,NA,NA,NA,NA,NA,18,NA,NA,NA,NA,NA,NA,NA,NA,NA,NA,NA,NA,1,NA,NA,NA,NA,NA,NA,NA,NA,53.78238678,NA,NA,NA,NA,362,NA,NA,NA,NA,NA,NA,NA,NA,NA,NA,NA,NA,5,NA,NA,NA,NA,NA,NA,NA,NA,4.851385593,188.2408142,0,0.331288517,13.462137220,15.65952015,29.39694977,26.01991081,5.055024624,100.4267578,-0.235256001,-505.7395576,-2524.989323,RufousTailedHawk,15
3456,NA,NA,NA,NA,NA,NA,NA,NA,0,NA,NA,NA,NA,NA,NA,NA,NA,NA,NA,NA,NA,180,NA,NA,NA,NA,NA,NA,NA,NA,NA,NA,NA,NA,10,NA,NA,NA,NA,NA,NA,NA,NA,NA,NA,NA,NA,1,NA,NA,NA,NA,55.3233757,NA,NA,NA,NA,NA,NA,NA,NA,44,NA,NA,NA,NA,NA,NA,NA,NA,NA,NA,NA,NA,9,NA,NA,NA,NA,4.085041046,248.000351,2.568502903,1.77143693,10.562330250,15.27956009,6.057934284,30.53165245,6.493374825,281.1410217,-7.020797729,-640.7395576,-2539.989323,RufousTailedHawk,15
3499,NA,NA,NA,NA,NA,NA,NA,NA,0,NA,NA,0,NA,NA,NA,NA,NA,NA,NA,NA,NA,120,NA,NA,165,NA,NA,NA,NA,NA,NA,NA,NA,NA,9,NA,NA,18,NA,NA,NA,NA,NA,NA,NA,NA,NA,2,NA,NA,6,NA,99.14962006,NA,NA,NA,NA,NA,NA,NA,NA,48,NA,NA,351,NA,NA,NA,NA,NA,NA,NA,NA,NA,9,NA,NA,12,NA,4.432938576,258.3787231,0,1.692681789,3.484248400,8.379458427,16.45282173,18.18023109,3.361555815,98.26855469,-0.089971393,-535.7395576,-2584.989323,RufousTailedHawk,15
3504,0,0,NA,0,0,0,0,0,0,0,NA,0,0,60,80,NA,60,251,180,110,10,25,91,NA,19,30,9,7,NA,7,7,8,16,8,11,9,NA,7,6,1,2,NA,1,1,1,1,2,1,1,NA,1,2,99.14962006,310,29,NA,339,313,332,340,310,362,294,NA,57,327,1,2,NA,4,5,6,7,8,9,10,NA,12,13,4.432938576,258.3787231,0,1.692681789,3.484248400,8.379458427,16.45282173,18.18023109,3.361555815,98.26855469,-0.089971393,-535.7395576,-2599.989323,RufousTailedHawk,15
