"site","occ.1","occ.2","occ.3","occ.4","occ.5","occ.6","occ.7","occ.8","occ.9","occ.10","occ.11","occ.12","occ.13","dur.1","dur.2","dur.3","dur.4","dur.5","dur.6","dur.7","dur.8","dur.9","dur.10","dur.11","dur.12","dur.13","time.1","time.2","time.3","time.4","time.5","time.6","time.7","time.8","time.9","time.10","time.11","time.12","time.13","nobs.1","nobs.2","nobs.3","nobs.4","nobs.5","nobs.6","nobs.7","nobs.8","nobs.9","nobs.10","nobs.11","nobs.12","nobs.13","distRoad","distCoast","jday.1","jday.2","jday.3","jday.4","jday.5","jday.6","jday.7","jday.8","jday.9","jday.10","jday.11","jday.12","jday.13","year.1","year.2","year.3","year.4","year.5","year.6","year.7","year.8","year.9","year.10","year.11","year.12","year.13","temp","precp","crop","evBroad","herb","shrub","tpi","tri","X","Y","species","resolution"
16,NA,NA,NA,NA,NA,NA,NA,NA,0,0,NA,0,NA,NA,NA,NA,NA,NA,NA,NA,NA,120,60,NA,45,NA,NA,NA,NA,NA,NA,NA,NA,NA,15,18,NA,10,NA,NA,NA,NA,NA,NA,NA,NA,NA,3,2,NA,2,NA,4.47830867767334,124045.6484375,NA,NA,NA,NA,NA,NA,NA,NA,299,260,NA,47,NA,NA,NA,NA,NA,NA,NA,NA,NA,9,10,NA,12,NA,18.9110069274902,49.8357925415039,0.295548796653748,0.425648510456085,2.95894575119019,4.18561744689941,-7.69397354125977,18.620138168335,-938.23955761392,-1662.48932304778,"StriatedCaracara",10
17,NA,NA,NA,NA,NA,NA,NA,NA,NA,NA,NA,0,0,NA,NA,NA,NA,NA,NA,NA,NA,NA,NA,NA,160,3,NA,NA,NA,NA,NA,NA,NA,NA,NA,NA,NA,20,6,NA,NA,NA,NA,NA,NA,NA,NA,NA,NA,NA,3,1,5.2569432258606,75360.6484375,NA,NA,NA,NA,NA,NA,NA,NA,NA,NA,NA,363,21,NA,NA,NA,NA,NA,NA,NA,NA,NA,NA,NA,12,13,16.0365142822266,25.8173484802246,3.06110095977783,13.2158536911011,12.6892166137695,12.4965362548828,-2.12379741668701,108.000259399414,-1008.23955761392,-1672.48932304778,"StriatedCaracara",10
20,NA,NA,NA,NA,NA,NA,NA,NA,0,NA,NA,NA,NA,NA,NA,NA,NA,NA,NA,NA,NA,10,NA,NA,NA,NA,NA,NA,NA,NA,NA,NA,NA,NA,13,NA,NA,NA,NA,NA,NA,NA,NA,NA,NA,NA,NA,2,NA,NA,NA,NA,2.67669343948364,102715.546875,NA,NA,NA,NA,NA,NA,NA,NA,38,NA,NA,NA,NA,NA,NA,NA,NA,NA,NA,NA,NA,9,NA,NA,NA,NA,16.3913249969482,36.3060913085938,1.61707186698914,9.69230079650879,11.1272945404053,13.9511432647705,-7.49301481246948,157.585906982422,-978.23955761392,-1672.48932304778,"StriatedCaracara",10
21,NA,NA,NA,NA,NA,NA,NA,NA,0,0,NA,NA,NA,NA,NA,NA,NA,NA,NA,NA,NA,14,10,NA,NA,NA,NA,NA,NA,NA,NA,NA,NA,NA,13,18,NA,NA,NA,NA,NA,NA,NA,NA,NA,NA,NA,2,3,NA,NA,NA,2.07281136512756,111894.453125,NA,NA,NA,NA,NA,NA,NA,NA,38,33,NA,NA,NA,NA,NA,NA,NA,NA,NA,NA,NA,9,10,NA,NA,NA,18.5660419464111,42.1520729064941,1.01961255073547,3.95170497894287,10.9044561386108,10.5567846298218,-10.7706613540649,76.3890838623047,-968.23955761392,-1672.48932304778,"StriatedCaracara",10
22,NA,NA,NA,NA,NA,NA,NA,NA,NA,NA,0,NA,0,NA,NA,NA,NA,NA,NA,NA,NA,NA,NA,10,NA,10,NA,NA,NA,NA,NA,NA,NA,NA,NA,NA,11,NA,11,NA,NA,NA,NA,NA,NA,NA,NA,NA,NA,2,NA,2,2.31869602203369,120197.109375,NA,NA,NA,NA,NA,NA,NA,NA,NA,NA,308,NA,259,NA,NA,NA,NA,NA,NA,NA,NA,NA,NA,11,NA,13,18.538761138916,45.667610168457,0.364985316991806,2.40435647964478,10.4126310348511,9.92724895477295,-7.6298131942749,63.5698890686035,-958.23955761392,-1672.48932304778,"StriatedCaracara",10
23,NA,NA,NA,NA,NA,NA,NA,NA,NA,NA,NA,0,0,NA,NA,NA,NA,NA,NA,NA,NA,NA,NA,NA,5,30,NA,NA,NA,NA,NA,NA,NA,NA,NA,NA,NA,11,12,NA,NA,NA,NA,NA,NA,NA,NA,NA,NA,NA,2,2,2.63576817512512,128524.0234375,NA,NA,NA,NA,NA,NA,NA,NA,NA,NA,NA,260,259,NA,NA,NA,NA,NA,NA,NA,NA,NA,NA,NA,12,13,18.9830074310303,50.0003814697266,1.13795959949493,0.394976764917374,17.319803237915,27.5979137420654,-6.38161516189575,76.8556976318359,-948.23955761392,-1672.48932304778,"StriatedCaracara",10
24,NA,NA,NA,NA,NA,NA,NA,NA,NA,NA,NA,0,0,NA,NA,NA,NA,NA,NA,NA,NA,NA,NA,NA,90,45,NA,NA,NA,NA,NA,NA,NA,NA,NA,NA,NA,11,12,NA,NA,NA,NA,NA,NA,NA,NA,NA,NA,NA,2,2,2.63576817512512,128524.0234375,NA,NA,NA,NA,NA,NA,NA,NA,NA,NA,NA,47,259,NA,NA,NA,NA,NA,NA,NA,NA,NA,NA,NA,12,13,18.9830074310303,50.0003814697266,1.13795959949493,0.394976764917374,17.319803237915,27.5979137420654,-6.38161516189575,76.8556976318359,-938.23955761392,-1672.48932304778,"StriatedCaracara",10
27,NA,NA,NA,NA,NA,NA,NA,NA,NA,NA,NA,0,0,NA,NA,NA,NA,NA,NA,NA,NA,NA,NA,NA,17,2,NA,NA,NA,NA,NA,NA,NA,NA,NA,NA,NA,19,20,NA,NA,NA,NA,NA,NA,NA,NA,NA,NA,NA,1,1,13.1824026107788,69582.859375,NA,NA,NA,NA,NA,NA,NA,NA,NA,NA,NA,44,267,NA,NA,NA,NA,NA,NA,NA,NA,NA,NA,NA,12,13,13.9930286407471,23.2502117156982,2.4379551410675,10.3484172821045,15.2225818634033,17.3791370391846,3.66979718208313,185.674453735352,-1018.23955761392,-1682.48932304778,"StriatedCaracara",10
28,0,NA,NA,NA,NA,NA,0,0,NA,NA,NA,0,0,4,NA,NA,NA,NA,NA,30,3,NA,NA,NA,20,50,13,NA,NA,NA,NA,NA,16,20,NA,NA,NA,6,17,2,NA,NA,NA,NA,NA,1,2,NA,NA,NA,1,1,5.05056428909302,79014.6328125,43,NA,NA,NA,NA,NA,4,304,NA,NA,NA,311,307,1,NA,NA,NA,NA,NA,7,8,NA,NA,NA,12,13,17.0683727264404,27.0539016723633,5.98335742950439,14.6601963043213,9.26069164276123,7.73331260681152,-5.97361278533936,96.8803939819336,-1008.23955761392,-1682.48932304778,"StriatedCaracara",10
29,NA,NA,NA,NA,NA,NA,NA,NA,NA,NA,NA,0,NA,NA,NA,NA,NA,NA,NA,NA,NA,NA,NA,NA,24,NA,NA,NA,NA,NA,NA,NA,NA,NA,NA,NA,NA,14,NA,NA,NA,NA,NA,NA,NA,NA,NA,NA,NA,NA,3,NA,2.17074370384216,87857.0859375,NA,NA,NA,NA,NA,NA,NA,NA,NA,NA,NA,58,NA,NA,NA,NA,NA,NA,NA,NA,NA,NA,NA,NA,12,NA,16.9657211303711,31.858003616333,2.43692445755005,10.0838575363159,6.78365182876587,12.5565624237061,-2.71411752700806,93.3795318603516,-998.23955761392,-1682.48932304778,"StriatedCaracara",10
31,NA,NA,NA,NA,NA,NA,NA,NA,NA,NA,NA,0,0,NA,NA,NA,NA,NA,NA,NA,NA,NA,NA,NA,1,10,NA,NA,NA,NA,NA,NA,NA,NA,NA,NA,NA,17,10,NA,NA,NA,NA,NA,NA,NA,NA,NA,NA,NA,2,2,1.98262369632721,105489.203125,NA,NA,NA,NA,NA,NA,NA,NA,NA,NA,NA,261,259,NA,NA,NA,NA,NA,NA,NA,NA,NA,NA,NA,12,13,16.0976715087891,33.5331993103027,2.06443023681641,4.40493249893188,23.8901405334473,18.3081493377686,-1.89904546737671,153.025238037109,-978.23955761392,-1682.48932304778,"StriatedCaracara",10
32,NA,NA,NA,NA,NA,NA,NA,NA,NA,NA,0,0,NA,NA,NA,NA,NA,NA,NA,NA,NA,NA,NA,70,20,NA,NA,NA,NA,NA,NA,NA,NA,NA,NA,NA,11,11,NA,NA,NA,NA,NA,NA,NA,NA,NA,NA,NA,2,2,NA,4.56349992752075,114632.2265625,NA,NA,NA,NA,NA,NA,NA,NA,NA,NA,297,264,NA,NA,NA,NA,NA,NA,NA,NA,NA,NA,NA,11,12,NA,15.9468727111816,34.9819488525391,2.26225757598877,3.94894123077393,24.3092956542969,25.5187511444092,4.27788114547729,153.449813842773,-968.23955761392,-1682.48932304778,"StriatedCaracara",10
36,NA,NA,NA,NA,NA,0,NA,NA,NA,NA,NA,NA,NA,NA,NA,NA,NA,NA,20,NA,NA,NA,NA,NA,NA,NA,NA,NA,NA,NA,NA,20,NA,NA,NA,NA,NA,NA,NA,NA,NA,NA,NA,NA,1,NA,NA,NA,NA,NA,NA,NA,21.2465839385986,64627.42578125,NA,NA,NA,NA,NA,31,NA,NA,NA,NA,NA,NA,NA,NA,NA,NA,NA,NA,6,NA,NA,NA,NA,NA,NA,NA,13.8223638534546,22.6552619934082,3.03211164474487,8.10101890563965,15.0943222045898,15.505500793457,10.6981210708618,218.963043212891,-1028.23955761392,-1692.48932304778,"StriatedCaracara",10
37,NA,NA,NA,NA,NA,0,NA,NA,NA,NA,NA,NA,NA,NA,NA,NA,NA,NA,45,NA,NA,NA,NA,NA,NA,NA,NA,NA,NA,NA,NA,9,NA,NA,NA,NA,NA,NA,NA,NA,NA,NA,NA,NA,1,NA,NA,NA,NA,NA,NA,NA,11.8761854171753,73763.2421875,NA,NA,NA,NA,NA,36,NA,NA,NA,NA,NA,NA,NA,NA,NA,NA,NA,NA,6,NA,NA,NA,NA,NA,NA,NA,14.3478384017944,24.2714424133301,3.38063383102417,8.78288841247559,16.9330348968506,23.6285190582275,8.48151779174805,171.702682495117,-1018.23955761392,-1692.48932304778,"StriatedCaracara",10
38,NA,NA,NA,0,NA,NA,NA,0,NA,NA,NA,NA,NA,NA,NA,NA,270,NA,NA,NA,5,NA,NA,NA,NA,NA,NA,NA,NA,17,NA,NA,NA,18,NA,NA,NA,NA,NA,NA,NA,NA,2,NA,NA,NA,1,NA,NA,NA,NA,NA,3.34618997573853,82944.328125,NA,NA,NA,345,NA,NA,NA,287,NA,NA,NA,NA,NA,NA,NA,NA,4,NA,NA,NA,8,NA,NA,NA,NA,NA,15.8539752960205,26.361967086792,2.7294282913208,11.3175392150879,13.7385730743408,12.4930238723755,5.41322135925293,130.507476806641,-1008.23955761392,-1692.48932304778,"StriatedCaracara",10
39,NA,NA,0,NA,NA,0,0,NA,0,NA,0,0,0,NA,NA,90,NA,NA,40,10,NA,110,NA,60,77,26,NA,NA,19,NA,NA,20,13,NA,10,NA,12,9,14,NA,NA,2,NA,NA,2,2,NA,6,NA,2,1,8,3.49112439155579,91669.296875,NA,NA,51,NA,NA,56,59,NA,13,NA,305,19,34,NA,NA,3,NA,NA,6,7,NA,9,NA,11,12,13,18.0147590637207,29.8953590393066,0.357966005802155,0.9899542927742,3.58688402175903,2.14775800704956,-1.08666443824768,8.860032081604,-998.23955761392,-1692.48932304778,"StriatedCaracara",10
40,NA,NA,NA,NA,NA,NA,NA,NA,NA,NA,NA,0,0,NA,NA,NA,NA,NA,NA,NA,NA,NA,NA,NA,180,5,NA,NA,NA,NA,NA,NA,NA,NA,NA,NA,NA,8,9,NA,NA,NA,NA,NA,NA,NA,NA,NA,NA,NA,1,1,2.19973230361938,100207.1796875,NA,NA,NA,NA,NA,NA,NA,NA,NA,NA,NA,259,322,NA,NA,NA,NA,NA,NA,NA,NA,NA,NA,NA,12,13,17.6108341217041,31.2701110839844,2.91635465621948,14.5323543548584,15.0647802352905,7.99617099761963,-2.14839172363281,63.1418609619141,-988.23955761392,-1692.48932304778,"StriatedCaracara",10
41,NA,NA,NA,NA,NA,NA,NA,NA,NA,NA,NA,0,NA,NA,NA,NA,NA,NA,NA,NA,NA,NA,NA,NA,11,NA,NA,NA,NA,NA,NA,NA,NA,NA,NA,NA,NA,9,NA,NA,NA,NA,NA,NA,NA,NA,NA,NA,NA,NA,2,NA,5.26492977142334,109178.90625,NA,NA,NA,NA,NA,NA,NA,NA,NA,NA,NA,260,NA,NA,NA,NA,NA,NA,NA,NA,NA,NA,NA,NA,12,NA,13.2973985671997,23.1855621337891,1.63464021682739,6.60336542129517,16.9232406616211,18.5752372741699,7.53256750106812,198.951171875,-978.23955761392,-1692.48932304778,"StriatedCaracara",10
45,NA,NA,NA,0,NA,0,NA,NA,NA,NA,NA,NA,NA,NA,NA,NA,180,NA,10,NA,NA,NA,NA,NA,NA,NA,NA,NA,NA,11,NA,7,NA,NA,NA,NA,NA,NA,NA,NA,NA,NA,2,NA,1,NA,NA,NA,NA,NA,NA,NA,20.5009174346924,69510.734375,NA,NA,NA,47,NA,27,NA,NA,NA,NA,NA,NA,NA,NA,NA,NA,4,NA,6,NA,NA,NA,NA,NA,NA,NA,15.5603427886963,23.1681118011475,6.21365928649902,14.1834774017334,17.1978225708008,14.5909175872803,-9.21615791320801,150.801864624023,-1028.23955761392,-1702.48932304778,"StriatedCaracara",10
46,NA,NA,NA,NA,NA,0,NA,0,NA,0,0,0,NA,NA,NA,NA,NA,NA,10,NA,4,NA,4,30,30,NA,NA,NA,NA,NA,NA,7,NA,9,NA,15,16,7,NA,NA,NA,NA,NA,NA,1,NA,2,NA,1,2,1,NA,11.3986749649048,78342.1015625,NA,NA,NA,NA,NA,25,NA,31,NA,356,273,11,NA,NA,NA,NA,NA,NA,6,NA,8,NA,10,11,12,NA,17.6370162963867,25.4270000457764,6.09943580627441,11.9145202636719,13.706615447998,12.0352392196655,-6.67010545730591,91.947883605957,-1018.23955761392,-1702.48932304778,"StriatedCaracara",10
47,NA,NA,NA,NA,NA,NA,NA,NA,0,NA,0,0,0,NA,NA,NA,NA,NA,NA,NA,NA,1,NA,30,30,120,NA,NA,NA,NA,NA,NA,NA,NA,17,NA,17,17,10,NA,NA,NA,NA,NA,NA,NA,NA,2,NA,2,2,2,4.18092155456543,87075.75,NA,NA,NA,NA,NA,NA,NA,NA,33,NA,272,244,276,NA,NA,NA,NA,NA,NA,NA,NA,9,NA,11,12,13,18.0765838623047,26.7973880767822,0.579551696777344,2.69722318649292,4.32025957107544,3.30973982810974,-4.27652835845947,21.6075572967529,-1008.23955761392,-1702.48932304778,"StriatedCaracara",10
48,NA,NA,NA,NA,NA,NA,NA,NA,NA,NA,0,0,0,NA,NA,NA,NA,NA,NA,NA,NA,NA,NA,60,15,10,NA,NA,NA,NA,NA,NA,NA,NA,NA,NA,13,10,9,NA,NA,NA,NA,NA,NA,NA,NA,NA,NA,2,2,2,2.18855476379395,95653,NA,NA,NA,NA,NA,NA,NA,NA,NA,NA,264,264,259,NA,NA,NA,NA,NA,NA,NA,NA,NA,NA,11,12,13,17.5701084136963,28.7425727844238,4.65705013275146,12.0345516204834,13.3050098419189,8.5592679977417,-1.73051357269287,56.1202850341797,-998.23955761392,-1702.48932304778,"StriatedCaracara",10
53,NA,NA,NA,NA,NA,NA,NA,0,0,NA,0,0,NA,NA,NA,NA,NA,NA,NA,NA,15,120,NA,4,180,NA,NA,NA,NA,NA,NA,NA,NA,5,13,NA,20,7,NA,NA,NA,NA,NA,NA,NA,NA,1,2,NA,1,1,NA,8.95308208465576,82773.171875,NA,NA,NA,NA,NA,NA,NA,33,365,NA,28,257,NA,NA,NA,NA,NA,NA,NA,NA,8,9,NA,11,12,NA,16.9002647399902,23.7806739807129,4.45648002624512,13.3174266815186,11.3159437179565,9.72700214385986,-1.98134732246399,118.159515380859,-1018.23955761392,-1712.48932304778,"StriatedCaracara",10
54,0,NA,NA,0,NA,0,NA,NA,0,0,0,0,0,31,NA,NA,60,NA,20,NA,NA,60,30,60,60,10,10,NA,NA,7,NA,15,NA,NA,6,18,16,0,15,2,NA,NA,2,NA,1,NA,NA,1,1,2,2,1,2.63224411010742,91127.8671875,43,NA,NA,345,NA,57,NA,NA,13,356,269,282,245,1,NA,NA,4,NA,6,NA,NA,9,10,11,12,13,17.2149314880371,25.3726768493652,4.23264074325562,18.0717792510986,16.2702732086182,6.14955759048462,1.29751205444336,92.3920364379883,-1008.23955761392,-1712.48932304778,"StriatedCaracara",10
55,NA,NA,NA,NA,NA,NA,NA,NA,NA,NA,0,NA,NA,NA,NA,NA,NA,NA,NA,NA,NA,NA,NA,15,NA,NA,NA,NA,NA,NA,NA,NA,NA,NA,NA,NA,14,NA,NA,NA,NA,NA,NA,NA,NA,NA,NA,NA,NA,2,NA,NA,5.96946096420288,99560.8203125,NA,NA,NA,NA,NA,NA,NA,NA,NA,NA,281,NA,NA,NA,NA,NA,NA,NA,NA,NA,NA,NA,NA,11,NA,NA,15.2342100143433,24.7643184661865,2.32757163047791,25.2518863677979,11.4277267456055,8.05658531188965,-0.248253136873245,92.8139572143555,-998.23955761392,-1712.48932304778,"StriatedCaracara",10
63,NA,NA,NA,NA,NA,NA,NA,NA,NA,0,0,0,0,NA,NA,NA,NA,NA,NA,NA,NA,NA,10,10,15,1,NA,NA,NA,NA,NA,NA,NA,NA,NA,15,11,10,16,NA,NA,NA,NA,NA,NA,NA,NA,NA,2,2,2,1,3.04976654052734,94406.6875,NA,NA,NA,NA,NA,NA,NA,NA,NA,342,267,280,39,NA,NA,NA,NA,NA,NA,NA,NA,NA,10,11,12,13,15.081919670105,22.6948719024658,2.39355874061584,13.7923612594604,21.6607284545898,17.4258079528809,1.6156690120697,111.993545532227,-1008.23955761392,-1722.48932304778,"StriatedCaracara",10
64,NA,NA,NA,NA,0,NA,NA,NA,NA,NA,NA,NA,NA,NA,NA,NA,NA,30,NA,NA,NA,NA,NA,NA,NA,NA,NA,NA,NA,NA,16,NA,NA,NA,NA,NA,NA,NA,NA,NA,NA,NA,NA,5,NA,NA,NA,NA,NA,NA,NA,NA,10.5852785110474,103167.3828125,NA,NA,NA,NA,361,NA,NA,NA,NA,NA,NA,NA,NA,NA,NA,NA,NA,5,NA,NA,NA,NA,NA,NA,NA,NA,14.1862726211548,22.5875587463379,2.84891486167908,17.5015525817871,15.0821847915649,13.7081451416016,-2.69308376312256,94.0943069458008,-998.23955761392,-1722.48932304778,"StriatedCaracara",10
67,NA,NA,NA,NA,NA,NA,NA,NA,NA,NA,NA,0,NA,NA,NA,NA,NA,NA,NA,NA,NA,NA,NA,NA,18,NA,NA,NA,NA,NA,NA,NA,NA,NA,NA,NA,NA,13,NA,NA,NA,NA,NA,NA,NA,NA,NA,NA,NA,NA,2,NA,7.42660570144653,129402.28125,NA,NA,NA,NA,NA,NA,NA,NA,NA,NA,NA,1,NA,NA,NA,NA,NA,NA,NA,NA,NA,NA,NA,NA,12,NA,15.0537614822388,26.3837852478027,2.47826194763184,4.77371883392334,16.0976982116699,34.0943450927734,2.07280683517456,170.160491943359,-968.23955761392,-1722.48932304778,"StriatedCaracara",10
68,NA,NA,NA,NA,NA,NA,NA,NA,NA,NA,NA,0,NA,NA,NA,NA,NA,NA,NA,NA,NA,NA,NA,NA,33,NA,NA,NA,NA,NA,NA,NA,NA,NA,NA,NA,NA,18,NA,NA,NA,NA,NA,NA,NA,NA,NA,NA,NA,NA,2,NA,10.6779308319092,138295.8125,NA,NA,NA,NA,NA,NA,NA,NA,NA,NA,NA,365,NA,NA,NA,NA,NA,NA,NA,NA,NA,NA,NA,NA,12,NA,13.8883037567139,23.3978805541992,1.78597581386566,1.67830610275269,15.619987487793,35.0998916625977,3.24393963813782,183.96223449707,-958.23955761392,-1722.48932304778,"StriatedCaracara",10
77,NA,NA,0,NA,NA,NA,NA,0,0,NA,0,0,0,NA,NA,60,NA,NA,NA,NA,20,180,NA,10,120,60,NA,NA,17,NA,NA,NA,NA,17,16,NA,11,17,10,NA,NA,2,NA,NA,NA,NA,1,2,NA,1,1,3,5.38186359405518,87901.4453125,NA,NA,37,NA,NA,NA,NA,287,289,NA,26,19,260,NA,NA,3,NA,NA,NA,NA,8,9,NA,11,12,13,15.1323337554932,21.2956581115723,2.85492372512817,15.3043632507324,20.9468994140625,11.5281209945679,5.22599697113037,177.44905090332,-1018.23955761392,-1732.48932304778,"StriatedCaracara",10
79,NA,NA,NA,NA,NA,NA,NA,0,NA,NA,0,NA,NA,NA,NA,NA,NA,NA,NA,NA,29,NA,NA,30,NA,NA,NA,NA,NA,NA,NA,NA,NA,19,NA,NA,12,NA,NA,NA,NA,NA,NA,NA,NA,NA,2,NA,NA,2,NA,NA,6.2804594039917,106643.84375,NA,NA,NA,NA,NA,NA,NA,31,NA,NA,294,NA,NA,NA,NA,NA,NA,NA,NA,NA,8,NA,NA,11,NA,NA,15.2854776382446,24.2062911987305,1.07858490943909,11.0764856338501,20.4685382843018,18.522741317749,10.449330329895,126.593521118164,-998.23955761392,-1732.48932304778,"StriatedCaracara",10
80,NA,NA,0,NA,0,NA,NA,0,0,0,0,0,0,NA,NA,180,NA,30,NA,NA,40,72,60,20,120,30,NA,NA,9,NA,7,NA,NA,20,11,14,15,13,12,NA,NA,4,NA,4,NA,NA,1,1,1,2,2,2,4.37683153152466,115185.046875,NA,NA,320,NA,327,NA,NA,279,308,251,267,280,281,NA,NA,3,NA,5,NA,NA,8,9,10,11,12,13,17.6304798126221,29.3901023864746,3.6627881526947,12.9109001159668,20.171459197998,16.6459922790527,1.48378467559814,103.136909484863,-988.23955761392,-1732.48932304778,"StriatedCaracara",10
81,NA,NA,NA,NA,NA,NA,NA,0,0,0,0,0,0,NA,NA,NA,NA,NA,NA,NA,90,18,3,15,90,15,NA,NA,NA,NA,NA,NA,NA,12,10,15,16,15,14,NA,NA,NA,NA,NA,NA,NA,1,1,2,2,2,2,2.53740930557251,123776.53125,NA,NA,NA,NA,NA,NA,NA,30,308,352,267,280,281,NA,NA,NA,NA,NA,NA,NA,8,9,10,11,12,13,18.3026237487793,30.3538494110107,4.18591737747192,6.26958274841309,23.0978927612305,23.9408874511719,-7.28709983825684,90.4910583496094,-978.23955761392,-1732.48932304778,"StriatedCaracara",10
82,NA,NA,0,0,0,NA,NA,0,0,0,0,0,NA,NA,NA,120,300,180,NA,NA,25,14,56,45,20,NA,NA,NA,7,6,10,NA,NA,9,9,11,13,13,NA,NA,NA,2,5,2,NA,NA,1,1,1,2,2,NA,2.69377112388611,132406.09375,NA,NA,325,303,10,NA,NA,30,308,358,277,43,NA,NA,NA,3,4,5,NA,NA,8,9,10,11,12,NA,17.1714172363281,28.9255180358887,4.01288461685181,6.38531732559204,19.2131786346436,28.5996646881104,-3.19163942337036,143.349822998047,-968.23955761392,-1732.48932304778,"StriatedCaracara",10
83,NA,NA,NA,NA,NA,NA,NA,0,NA,NA,NA,NA,NA,NA,NA,NA,NA,NA,NA,NA,75,NA,NA,NA,NA,NA,NA,NA,NA,NA,NA,NA,NA,17,NA,NA,NA,NA,NA,NA,NA,NA,NA,NA,NA,NA,1,NA,NA,NA,NA,NA,2.77217507362366,140938.03125,NA,NA,NA,NA,NA,NA,NA,29,NA,NA,NA,NA,NA,NA,NA,NA,NA,NA,NA,NA,8,NA,NA,NA,NA,NA,17.0428600311279,30.7604160308838,3.69018650054932,4.73542308807373,18.9147491455078,33.2378082275391,-10.0135984420776,173.952606201172,-958.23955761392,-1732.48932304778,"StriatedCaracara",10
85,NA,NA,NA,NA,NA,NA,NA,NA,0,NA,NA,NA,0,NA,NA,NA,NA,NA,NA,NA,NA,5,NA,NA,NA,10,NA,NA,NA,NA,NA,NA,NA,NA,15,NA,NA,NA,18,NA,NA,NA,NA,NA,NA,NA,NA,3,NA,NA,NA,1,2.87288498878479,157037.34375,NA,NA,NA,NA,NA,NA,NA,NA,20,NA,NA,NA,337,NA,NA,NA,NA,NA,NA,NA,NA,9,NA,NA,NA,13,15.9923658370972,27.2338390350342,3.36788415908813,2.58060693740845,10.6504783630371,38.3398361206055,-2.38101387023926,94.2989959716797,-938.23955761392,-1732.48932304778,"StriatedCaracara",10
95,NA,NA,0,NA,NA,NA,NA,NA,NA,NA,NA,NA,NA,NA,NA,240,NA,NA,NA,NA,NA,NA,NA,NA,NA,NA,NA,NA,10,NA,NA,NA,NA,NA,NA,NA,NA,NA,NA,NA,NA,3,NA,NA,NA,NA,NA,NA,NA,NA,NA,NA,9.57128620147705,87464.1953125,NA,NA,342,NA,NA,NA,NA,NA,NA,NA,NA,NA,NA,NA,NA,3,NA,NA,NA,NA,NA,NA,NA,NA,NA,NA,16.4977321624756,22.7115821838379,7.03890991210938,15.6012945175171,18.9017200469971,14.081244468689,-3.28617525100708,143.530838012695,-1018.23955761392,-1742.48932304778,"StriatedCaracara",10
96,NA,NA,NA,NA,NA,NA,NA,0,0,NA,0,0,0,NA,NA,NA,NA,NA,NA,NA,60,60,NA,15,50,10,NA,NA,NA,NA,NA,NA,NA,15,18,NA,11,16,10,NA,NA,NA,NA,NA,NA,NA,4,1,NA,2,3,2,3.60932803153992,96714.6171875,NA,NA,NA,NA,NA,NA,NA,325,305,NA,267,306,281,NA,NA,NA,NA,NA,NA,NA,8,9,NA,11,12,13,17.6192054748535,24.5064926147461,11.0459671020508,11.8409175872803,19.4923610687256,13.1703863143921,-2.47833657264709,103.484222412109,-1008.23955761392,-1742.48932304778,"StriatedCaracara",10
97,NA,NA,0,NA,NA,NA,NA,0,0,0,0,0,0,NA,NA,120,NA,NA,NA,NA,10,1,150,30,6,45,NA,NA,8,NA,NA,NA,NA,17,19,9,12,19,10,NA,NA,2,NA,NA,NA,NA,2,2,3,2,1,2,2.06404328346252,105566.46875,NA,NA,318,NA,NA,NA,NA,280,33,47,267,351,281,NA,NA,3,NA,NA,NA,NA,8,9,10,11,12,13,18.1433296203613,27.536319732666,4.25400733947754,11.2563247680664,22.2421112060547,17.6989803314209,-4.02681350708008,112.647247314453,-998.23955761392,-1742.48932304778,"StriatedCaracara",10
98,0,NA,0,0,0,NA,0,0,0,NA,0,0,0,60,NA,240,150,30,NA,90,8,182,NA,245,60,120,14,NA,10,8,10,NA,8,15,17,NA,12,21,9,2,NA,2,8,1,NA,2,1,3,NA,1,3,2,3.93611669540405,113592.875,314,NA,366,292,55,NA,321,276,306,NA,43,25,315,1,NA,3,4,5,NA,7,8,9,NA,11,12,13,16.4603595733643,25.6903190612793,4.64950799942017,17.9714241027832,13.0568332672119,13.2246465682983,7.87306261062622,109.76220703125,-988.23955761392,-1742.48932304778,"StriatedCaracara",10
99,NA,NA,NA,NA,NA,NA,NA,NA,NA,0,NA,0,NA,NA,NA,NA,NA,NA,NA,NA,NA,NA,120,NA,8,NA,NA,NA,NA,NA,NA,NA,NA,NA,NA,13,NA,12,NA,NA,NA,NA,NA,NA,NA,NA,NA,NA,2,NA,2,NA,6.34183216094971,121437.9609375,NA,NA,NA,NA,NA,NA,NA,NA,NA,47,NA,4,NA,NA,NA,NA,NA,NA,NA,NA,NA,NA,10,NA,12,NA,17.9542217254639,29.4965209960938,2.52675938606262,11.7361068725586,13.7062482833862,15.4255857467651,0.58458536863327,100.962394714355,-978.23955761392,-1742.48932304778,"StriatedCaracara",10
100,NA,NA,NA,NA,NA,NA,NA,NA,NA,NA,NA,0,NA,NA,NA,NA,NA,NA,NA,NA,NA,NA,NA,NA,17,NA,NA,NA,NA,NA,NA,NA,NA,NA,NA,NA,NA,12,NA,NA,NA,NA,NA,NA,NA,NA,NA,NA,NA,NA,2,NA,5.58608818054199,128925.921875,NA,NA,NA,NA,NA,NA,NA,NA,NA,NA,NA,3,NA,NA,NA,NA,NA,NA,NA,NA,NA,NA,NA,NA,12,NA,18.9988975524902,34.8684616088867,0.567610800266266,4.25398445129395,7.30610513687134,13.9352474212646,-8.70810794830322,73.1903533935547,-968.23955761392,-1742.48932304778,"StriatedCaracara",10
101,NA,NA,NA,NA,NA,NA,NA,0,NA,NA,NA,NA,NA,NA,NA,NA,NA,NA,NA,NA,30,NA,NA,NA,NA,NA,NA,NA,NA,NA,NA,NA,NA,16,NA,NA,NA,NA,NA,NA,NA,NA,NA,NA,NA,NA,4,NA,NA,NA,NA,NA,2.47311496734619,136350.8125,NA,NA,NA,NA,NA,NA,NA,11,NA,NA,NA,NA,NA,NA,NA,NA,NA,NA,NA,NA,8,NA,NA,NA,NA,NA,18.7657890319824,33.810977935791,0.544261395931244,2.88853001594543,12.5926151275635,20.8286533355713,-2.47801971435547,105.04744720459,-958.23955761392,-1742.48932304778,"StriatedCaracara",10
102,NA,NA,NA,NA,NA,NA,NA,NA,NA,NA,0,NA,NA,NA,NA,NA,NA,NA,NA,NA,NA,NA,NA,30,NA,NA,NA,NA,NA,NA,NA,NA,NA,NA,NA,NA,15,NA,NA,NA,NA,NA,NA,NA,NA,NA,NA,NA,NA,2,NA,NA,3.21362137794495,143762.15625,NA,NA,NA,NA,NA,NA,NA,NA,NA,NA,277,NA,NA,NA,NA,NA,NA,NA,NA,NA,NA,NA,NA,11,NA,NA,17.6759605407715,32.2421226501465,5.70772075653076,3.33306765556335,22.09596824646,22.2916107177734,2.37328386306763,134.001815795898,-948.23955761392,-1742.48932304778,"StriatedCaracara",10
103,NA,NA,0,0,NA,0,0,0,0,0,0,0,0,NA,NA,120,12,NA,140,45,30,30,16,15,14,5,NA,NA,18,10,NA,9,9,16,15,10,15,11,19,NA,NA,2,4,NA,1,2,2,3,3,3,2,1,1.5766988992691,150838.96875,NA,NA,326,12,NA,42,329,361,20,343,312,349,337,NA,NA,3,4,NA,6,7,8,9,10,11,12,13,18.5635108947754,30.477466583252,1.72701525688171,1.70970356464386,19.2666893005371,33.5744743347168,0.117195844650269,48.3294525146484,-938.23955761392,-1742.48932304778,"StriatedCaracara",10
113,NA,NA,NA,NA,NA,NA,NA,0,NA,0,0,0,0,NA,NA,NA,NA,NA,NA,NA,15,NA,15,6,16,5,NA,NA,NA,NA,NA,NA,NA,16,NA,17,13,17,17,NA,NA,NA,NA,NA,NA,NA,2,NA,1,1,1,4,2.40990495681763,99957.0625,NA,NA,NA,NA,NA,NA,NA,282,NA,358,24,359,332,NA,NA,NA,NA,NA,NA,NA,8,NA,10,11,12,13,19.1034908294678,29.3088798522949,5.49791049957275,14.3635702133179,16.0678749084473,12.2718906402588,-2.15910744667053,89.4732818603516,-998.23955761392,-1752.48932304778,"StriatedCaracara",10
114,NA,0,NA,NA,NA,NA,0,0,0,NA,0,0,0,NA,180,NA,NA,NA,NA,120,45,75,NA,9,4,49,NA,16,NA,NA,NA,NA,10,18,11,NA,19,16,18,NA,1,NA,NA,NA,NA,9,2,3,NA,1,1,3,3.58171224594116,108071.40625,NA,53,NA,NA,NA,NA,27,341,306,NA,41,338,274,NA,2,NA,NA,NA,NA,7,8,9,NA,11,12,13,18.9960098266602,31.008394241333,3.08661103248596,9.44171524047852,16.5185852050781,14.7014627456665,-9.22933292388916,85.5369491577148,-988.23955761392,-1752.48932304778,"StriatedCaracara",10
115,NA,NA,0,NA,NA,NA,NA,NA,NA,NA,NA,NA,NA,NA,NA,90,NA,NA,NA,NA,NA,NA,NA,NA,NA,NA,NA,NA,17,NA,NA,NA,NA,NA,NA,NA,NA,NA,NA,NA,NA,3,NA,NA,NA,NA,NA,NA,NA,NA,NA,NA,2.51427364349365,115820.4296875,NA,NA,1,NA,NA,NA,NA,NA,NA,NA,NA,NA,NA,NA,NA,3,NA,NA,NA,NA,NA,NA,NA,NA,NA,NA,17.149715423584,27.5957641601562,2.05838632583618,5.17036914825439,23.7475738525391,22.873420715332,-2.76853513717651,125.984428405762,-978.23955761392,-1752.48932304778,"StriatedCaracara",10
118,NA,NA,NA,NA,NA,NA,NA,NA,NA,NA,NA,0,NA,NA,NA,NA,NA,NA,NA,NA,NA,NA,NA,NA,180,NA,NA,NA,NA,NA,NA,NA,NA,NA,NA,NA,NA,8,NA,NA,NA,NA,NA,NA,NA,NA,NA,NA,NA,NA,1,NA,2.99948930740356,136281.078125,NA,NA,NA,NA,NA,NA,NA,NA,NA,NA,NA,41,NA,NA,NA,NA,NA,NA,NA,NA,NA,NA,NA,NA,12,NA,19.2339668273926,34.353645324707,2.20916891098022,1.40355789661407,14.6321678161621,10.9150285720825,-7.13935565948486,65.1209259033203,-948.23955761392,-1752.48932304778,"StriatedCaracara",10
128,NA,NA,NA,NA,NA,NA,NA,0,NA,NA,NA,NA,NA,NA,NA,NA,NA,NA,NA,NA,200,NA,NA,NA,NA,NA,NA,NA,NA,NA,NA,NA,NA,7,NA,NA,NA,NA,NA,NA,NA,NA,NA,NA,NA,NA,2,NA,NA,NA,NA,NA,5.06591176986694,77580.3203125,NA,NA,NA,NA,NA,NA,NA,283,NA,NA,NA,NA,NA,NA,NA,NA,NA,NA,NA,NA,8,NA,NA,NA,NA,NA,18.4683704376221,22.544132232666,3.89392018318176,22.6478424072266,14.6767978668213,8.35960292816162,-5.90515089035034,87.5525741577148,-1018.23955761392,-1762.48932304778,"StriatedCaracara",10
130,NA,NA,NA,NA,NA,NA,NA,0,NA,NA,NA,NA,0,NA,NA,NA,NA,NA,NA,NA,6,NA,NA,NA,NA,30,NA,NA,NA,NA,NA,NA,NA,16,NA,NA,NA,NA,15,NA,NA,NA,NA,NA,NA,NA,4,NA,NA,NA,NA,2,2.72377157211304,94194.375,NA,NA,NA,NA,NA,NA,NA,286,NA,NA,NA,NA,308,NA,NA,NA,NA,NA,NA,NA,8,NA,NA,NA,NA,13,18.8470916748047,27.4633026123047,4.79097366333008,15.4981641769409,20.1990833282471,10.9897689819336,-3.95804619789124,63.7997550964355,-998.23955761392,-1762.48932304778,"StriatedCaracara",10
133,NA,NA,NA,NA,NA,NA,NA,NA,0,NA,NA,NA,NA,NA,NA,NA,NA,NA,NA,NA,NA,132,NA,NA,NA,NA,NA,NA,NA,NA,NA,NA,NA,NA,16,NA,NA,NA,NA,NA,NA,NA,NA,NA,NA,NA,NA,2,NA,NA,NA,NA,3.69694113731384,116204.8828125,NA,NA,NA,NA,NA,NA,NA,NA,52,NA,NA,NA,NA,NA,NA,NA,NA,NA,NA,NA,NA,9,NA,NA,NA,NA,16.0454998016357,24.4200325012207,1.31687319278717,7.87604141235352,14.7543201446533,21.4721298217773,-4.57960987091064,132.339401245117,-968.23955761392,-1762.48932304778,"StriatedCaracara",10
146,NA,NA,NA,NA,NA,NA,NA,0,NA,NA,NA,NA,NA,NA,NA,NA,NA,NA,NA,NA,25,NA,NA,NA,NA,NA,NA,NA,NA,NA,NA,NA,NA,15,NA,NA,NA,NA,NA,NA,NA,NA,NA,NA,NA,NA,2,NA,NA,NA,NA,NA,2.59071731567383,72781.3515625,NA,NA,NA,NA,NA,NA,NA,283,NA,NA,NA,NA,NA,NA,NA,NA,NA,NA,NA,NA,8,NA,NA,NA,NA,NA,17.3029499053955,19.6055812835693,1.98173236846924,18.3074779510498,10.2620067596436,12.3812808990479,1.19139659404755,141.156784057617,-1018.23955761392,-1772.48932304778,"StriatedCaracara",10
151,NA,NA,NA,NA,NA,NA,NA,NA,NA,NA,NA,0,NA,NA,NA,NA,NA,NA,NA,NA,NA,NA,NA,NA,220,NA,NA,NA,NA,NA,NA,NA,NA,NA,NA,NA,NA,9,NA,NA,NA,NA,NA,NA,NA,NA,NA,NA,NA,NA,1,NA,2.04727458953857,108861.4375,NA,NA,NA,NA,NA,NA,NA,NA,NA,NA,NA,353,NA,NA,NA,NA,NA,NA,NA,NA,NA,NA,NA,NA,12,NA,16.3278923034668,23.6777229309082,3.6406831741333,7.85677003860474,23.5556488037109,21.3311958312988,1.53300988674164,123.544281005859,-968.23955761392,-1772.48932304778,"StriatedCaracara",10
152,NA,NA,NA,NA,NA,NA,NA,NA,NA,NA,NA,0,NA,NA,NA,NA,NA,NA,NA,NA,NA,NA,NA,NA,125,NA,NA,NA,NA,NA,NA,NA,NA,NA,NA,NA,NA,15,NA,NA,NA,NA,NA,NA,NA,NA,NA,NA,NA,NA,1,NA,2.59474897384644,115484.03125,NA,NA,NA,NA,NA,NA,NA,NA,NA,NA,NA,353,NA,NA,NA,NA,NA,NA,NA,NA,NA,NA,NA,NA,12,NA,15.3347625732422,24.6052589416504,4.24994516372681,4.35817098617554,20.0672874450684,27.9655075073242,-1.89007306098938,173.498962402344,-958.23955761392,-1772.48932304778,"StriatedCaracara",10
165,NA,NA,NA,NA,NA,NA,NA,0,NA,NA,NA,NA,NA,NA,NA,NA,NA,NA,NA,NA,75,NA,NA,NA,NA,NA,NA,NA,NA,NA,NA,NA,NA,11,NA,NA,NA,NA,NA,NA,NA,NA,NA,NA,NA,NA,2,NA,NA,NA,NA,NA,3.97513461112976,60249.41015625,NA,NA,NA,NA,NA,NA,NA,284,NA,NA,NA,NA,NA,NA,NA,NA,NA,NA,NA,NA,8,NA,NA,NA,NA,NA,14.7163343429565,14.8721399307251,2.5044629573822,10.3284845352173,16.6781101226807,15.0064859390259,-3.13272833824158,227.313110351562,-1028.23955761392,-1782.48932304778,"StriatedCaracara",10
166,NA,NA,NA,NA,NA,NA,NA,0,NA,NA,NA,NA,0,NA,NA,NA,NA,NA,NA,NA,145,NA,NA,NA,NA,108,NA,NA,NA,NA,NA,NA,NA,8,NA,NA,NA,NA,16,NA,NA,NA,NA,NA,NA,NA,2,NA,NA,NA,NA,2,1.81630957126617,68093.7109375,NA,NA,NA,NA,NA,NA,NA,284,NA,NA,NA,NA,316,NA,NA,NA,NA,NA,NA,NA,8,NA,NA,NA,NA,13,16.3303337097168,17.4551830291748,3.09125328063965,16.9001560211182,16.197624206543,9.69174289703369,-4.6038236618042,171.610778808594,-1018.23955761392,-1782.48932304778,"StriatedCaracara",10
170,NA,NA,NA,NA,NA,NA,NA,NA,0,NA,NA,NA,NA,NA,NA,NA,NA,NA,NA,NA,NA,15,NA,NA,NA,NA,NA,NA,NA,NA,NA,NA,NA,NA,12,NA,NA,NA,NA,NA,NA,NA,NA,NA,NA,NA,NA,2,NA,NA,NA,NA,6.81290483474731,94480.9375,NA,NA,NA,NA,NA,NA,NA,NA,35,NA,NA,NA,NA,NA,NA,NA,NA,NA,NA,NA,NA,9,NA,NA,NA,NA,12.053394317627,19.2060012817383,2.02853989601135,0.807436287403107,15.0592737197876,7.11462688446045,9.74410152435303,205.987426757812,-978.23955761392,-1782.48932304778,"StriatedCaracara",10
171,NA,NA,NA,NA,NA,NA,NA,NA,NA,NA,NA,0,NA,NA,NA,NA,NA,NA,NA,NA,NA,NA,NA,NA,123,NA,NA,NA,NA,NA,NA,NA,NA,NA,NA,NA,NA,9,NA,NA,NA,NA,NA,NA,NA,NA,NA,NA,NA,NA,1,NA,5.41256809234619,101360.796875,NA,NA,NA,NA,NA,NA,NA,NA,NA,NA,NA,352,NA,NA,NA,NA,NA,NA,NA,NA,NA,NA,NA,NA,12,NA,10.9660654067993,20.9524402618408,4.87947273254395,0.989763498306274,25.1809043884277,10.4051189422607,1.53385472297668,217.826232910156,-968.23955761392,-1782.48932304778,"StriatedCaracara",10
189,NA,NA,NA,NA,NA,NA,NA,NA,0,NA,NA,0,0,NA,NA,NA,NA,NA,NA,NA,NA,25,NA,NA,74,120,NA,NA,NA,NA,NA,NA,NA,NA,6,NA,NA,14,9,NA,NA,NA,NA,NA,NA,NA,NA,2,NA,NA,1,1,11.1169900894165,80764.1328125,NA,NA,NA,NA,NA,NA,NA,NA,34,NA,NA,52,262,NA,NA,NA,NA,NA,NA,NA,NA,9,NA,NA,12,13,13.6642332077026,18.4600582122803,1.78651642799377,6.92520761489868,13.9142684936523,11.3774785995483,3.66109275817871,166.727310180664,-988.23955761392,-1792.48932304778,"StriatedCaracara",10
190,NA,NA,NA,NA,NA,NA,NA,NA,NA,NA,NA,0,NA,NA,NA,NA,NA,NA,NA,NA,NA,NA,NA,NA,16,NA,NA,NA,NA,NA,NA,NA,NA,NA,NA,NA,NA,14,NA,NA,NA,NA,NA,NA,NA,NA,NA,NA,NA,NA,1,NA,13.5411882400513,87292.4921875,NA,NA,NA,NA,NA,NA,NA,NA,NA,NA,NA,291,NA,NA,NA,NA,NA,NA,NA,NA,NA,NA,NA,NA,12,NA,13.0743494033813,21.1334781646729,1.50359201431274,3.64240980148315,14.8989486694336,10.4391450881958,-11.8263912200928,204.276870727539,-978.23955761392,-1792.48932304778,"StriatedCaracara",10
192,NA,NA,NA,NA,NA,NA,NA,NA,NA,NA,NA,0,NA,NA,NA,NA,NA,NA,NA,NA,NA,NA,NA,NA,80,NA,NA,NA,NA,NA,NA,NA,NA,NA,NA,NA,NA,9,NA,NA,NA,NA,NA,NA,NA,NA,NA,NA,NA,NA,2,NA,15.2544975280762,102241.625,NA,NA,NA,NA,NA,NA,NA,NA,NA,NA,NA,39,NA,NA,NA,NA,NA,NA,NA,NA,NA,NA,NA,NA,12,NA,13.6897277832031,24.0567874908447,2.86429357528687,4.04742574691772,21.6643562316895,30.4529457092285,-0.321283996105194,157.170715332031,-958.23955761392,-1792.48932304778,"StriatedCaracara",10
206,NA,NA,NA,NA,NA,NA,NA,0,NA,NA,NA,NA,NA,NA,NA,NA,NA,NA,NA,NA,60,NA,NA,NA,NA,NA,NA,NA,NA,NA,NA,NA,NA,10,NA,NA,NA,NA,NA,NA,NA,NA,NA,NA,NA,NA,2,NA,NA,NA,NA,NA,17.9840221405029,40787.9453125,NA,NA,NA,NA,NA,NA,NA,311,NA,NA,NA,NA,NA,NA,NA,NA,NA,NA,NA,NA,8,NA,NA,NA,NA,NA,15.8446998596191,12.2438926696777,1.66922760009766,16.8555183410645,13.1896486282349,9.73244667053223,0.151400804519653,161.931869506836,-1038.23955761392,-1802.48932304778,"StriatedCaracara",10
207,NA,NA,NA,NA,NA,NA,NA,NA,NA,NA,NA,NA,0,NA,NA,NA,NA,NA,NA,NA,NA,NA,NA,NA,NA,58,NA,NA,NA,NA,NA,NA,NA,NA,NA,NA,NA,NA,6,NA,NA,NA,NA,NA,NA,NA,NA,NA,NA,NA,NA,1,15.6244144439697,47595.35546875,NA,NA,NA,NA,NA,NA,NA,NA,NA,NA,NA,NA,316,NA,NA,NA,NA,NA,NA,NA,NA,NA,NA,NA,NA,13,17.8927803039551,14.2550687789917,1.34379136562347,27.4968605041504,9.69613552093506,13.2666492462158,-14.1806106567383,104.730484008789,-1028.23955761392,-1802.48932304778,"StriatedCaracara",10
211,NA,NA,NA,NA,NA,NA,NA,NA,NA,NA,NA,0,NA,NA,NA,NA,NA,NA,NA,NA,NA,NA,NA,NA,13,NA,NA,NA,NA,NA,NA,NA,NA,NA,NA,NA,NA,18,NA,NA,NA,NA,NA,NA,NA,NA,NA,NA,NA,NA,1,NA,3.63923597335815,73738.734375,NA,NA,NA,NA,NA,NA,NA,NA,NA,NA,NA,39,NA,NA,NA,NA,NA,NA,NA,NA,NA,NA,NA,NA,12,NA,13.2837915420532,17.8989772796631,1.61756813526154,6.55955934524536,14.5880842208862,13.8430471420288,-4.06654977798462,142.723358154297,-988.23955761392,-1802.48932304778,"StriatedCaracara",10
226,NA,NA,0,NA,NA,0,0,0,0,0,0,0,0,NA,NA,45,NA,NA,204,300,120,221,180,90,90,25,NA,NA,10,NA,NA,7,11,8,8,9,17,17,17,NA,NA,2,NA,NA,1,2,1,1,10,4,1,1,44.7733154296875,17523.95703125,NA,NA,8,NA,NA,301,56,273,286,287,327,292,300,NA,NA,3,NA,NA,6,7,8,9,10,11,12,13,14.7406301498413,9.24780654907227,1.08678531646729,3.07611131668091,13.6267337799072,9.34774398803711,-3.00766849517822,188.172164916992,-1068.23955761392,-1812.48932304778,"StriatedCaracara",10
227,NA,NA,NA,NA,NA,NA,NA,NA,NA,NA,NA,0,NA,NA,NA,NA,NA,NA,NA,NA,NA,NA,NA,NA,10,NA,NA,NA,NA,NA,NA,NA,NA,NA,NA,NA,NA,13,NA,NA,NA,NA,NA,NA,NA,NA,NA,NA,NA,NA,5,NA,37.5790328979492,24434.296875,NA,NA,NA,NA,NA,NA,NA,NA,NA,NA,NA,339,NA,NA,NA,NA,NA,NA,NA,NA,NA,NA,NA,NA,12,NA,15.4829235076904,10.0901126861572,1.67609143257141,10.8051500320435,17.657829284668,11.5233373641968,-3.5280385017395,192.122817993164,-1058.23955761392,-1812.48932304778,"StriatedCaracara",10
236,NA,NA,NA,NA,NA,NA,NA,NA,NA,NA,NA,0,NA,NA,NA,NA,NA,NA,NA,NA,NA,NA,NA,NA,32,NA,NA,NA,NA,NA,NA,NA,NA,NA,NA,NA,NA,11,NA,NA,NA,NA,NA,NA,NA,NA,NA,NA,NA,NA,1,NA,12.5889434814453,82837.921875,NA,NA,NA,NA,NA,NA,NA,NA,NA,NA,NA,358,NA,NA,NA,NA,NA,NA,NA,NA,NA,NA,NA,NA,12,NA,13.881293296814,23.5417709350586,0.611610591411591,2.50477576255798,26.672176361084,21.1942596435547,0.86640864610672,175.304336547852,-968.23955761392,-1812.48932304778,"StriatedCaracara",10
237,NA,NA,NA,NA,NA,NA,NA,NA,NA,NA,NA,0,NA,NA,NA,NA,NA,NA,NA,NA,NA,NA,NA,NA,91,NA,NA,NA,NA,NA,NA,NA,NA,NA,NA,NA,NA,10,NA,NA,NA,NA,NA,NA,NA,NA,NA,NA,NA,NA,1,NA,14.5129919052124,96704.9921875,NA,NA,NA,NA,NA,NA,NA,NA,NA,NA,NA,359,NA,NA,NA,NA,NA,NA,NA,NA,NA,NA,NA,NA,12,NA,15.4409103393555,27.6669864654541,1.2913304567337,1.1127108335495,26.2484378814697,29.534122467041,1.88447308540344,105.949264526367,-958.23955761392,-1812.48932304778,"StriatedCaracara",10
252,NA,NA,NA,NA,NA,NA,NA,0,NA,NA,NA,NA,NA,NA,NA,NA,NA,NA,NA,NA,1,NA,NA,NA,NA,NA,NA,NA,NA,NA,NA,NA,NA,14,NA,NA,NA,NA,NA,NA,NA,NA,NA,NA,NA,NA,6,NA,NA,NA,NA,NA,59.1697158813477,9475.7529296875,NA,NA,NA,NA,NA,NA,NA,273,NA,NA,NA,NA,NA,NA,NA,NA,NA,NA,NA,NA,8,NA,NA,NA,NA,NA,16.3791446685791,8.80093383789062,2.50299334526062,9.51257705688477,9.66118049621582,13.4998397827148,2.89479064941406,101.413238525391,-1068.23955761392,-1822.48932304778,"StriatedCaracara",10
253,NA,NA,0,NA,NA,NA,NA,NA,NA,NA,NA,NA,NA,NA,NA,180,NA,NA,NA,NA,NA,NA,NA,NA,NA,NA,NA,NA,11,NA,NA,NA,NA,NA,NA,NA,NA,NA,NA,NA,NA,2,NA,NA,NA,NA,NA,NA,NA,NA,NA,NA,45.4596481323242,20798.994140625,NA,NA,37,NA,NA,NA,NA,NA,NA,NA,NA,NA,NA,NA,NA,3,NA,NA,NA,NA,NA,NA,NA,NA,NA,NA,16.2754707336426,9.8487606048584,2.79212498664856,10.2535333633423,11.3143157958984,11.8539171218872,-4.37204074859619,136.690093994141,-1058.23955761392,-1822.48932304778,"StriatedCaracara",10
280,NA,NA,NA,NA,NA,0,NA,NA,NA,NA,0,NA,NA,NA,NA,NA,NA,NA,28,NA,NA,NA,NA,15,NA,NA,NA,NA,NA,NA,NA,11,NA,NA,NA,NA,13,NA,NA,NA,NA,NA,NA,NA,2,NA,NA,NA,NA,1,NA,NA,48.3289108276367,15698.11328125,NA,NA,NA,NA,NA,58,NA,NA,NA,NA,23,NA,NA,NA,NA,NA,NA,NA,6,NA,NA,NA,NA,11,NA,NA,15.919864654541,10.1404428482056,1.86885297298431,12.7285747528076,12.4102478027344,13.1674070358276,-23.5827178955078,116.089866638184,-1048.23955761392,-1832.48932304778,"StriatedCaracara",10
282,NA,NA,NA,NA,NA,NA,NA,NA,NA,NA,NA,NA,0,NA,NA,NA,NA,NA,NA,NA,NA,NA,NA,NA,NA,20,NA,NA,NA,NA,NA,NA,NA,NA,NA,NA,NA,NA,23,NA,NA,NA,NA,NA,NA,NA,NA,NA,NA,NA,NA,1,34.7088508605957,25916.90625,NA,NA,NA,NA,NA,NA,NA,NA,NA,NA,NA,NA,364,NA,NA,NA,NA,NA,NA,NA,NA,NA,NA,NA,NA,13,15.8171463012695,12.2743844985962,2.8362135887146,12.3253650665283,15.6765079498291,16.2145233154297,-3.92397403717041,182.700912475586,-1028.23955761392,-1832.48932304778,"StriatedCaracara",10
322,NA,NA,NA,NA,NA,0,NA,NA,NA,NA,NA,NA,NA,NA,NA,NA,NA,NA,10,NA,NA,NA,NA,NA,NA,NA,NA,NA,NA,NA,NA,15,NA,NA,NA,NA,NA,NA,NA,NA,NA,NA,NA,NA,1,NA,NA,NA,NA,NA,NA,NA,122.495216369629,953.43408203125,NA,NA,NA,NA,NA,301,NA,NA,NA,NA,NA,NA,NA,NA,NA,NA,NA,NA,6,NA,NA,NA,NA,NA,NA,NA,14.1521072387695,7.9205756187439,2.81461596488953,8.1042594909668,6.34918117523193,10.0003910064697,-4.23288726806641,115.929809570312,-1148.23955761392,-1852.48932304778,"StriatedCaracara",10
341,NA,NA,NA,NA,NA,NA,NA,NA,NA,NA,NA,0,NA,NA,NA,NA,NA,NA,NA,NA,NA,NA,NA,NA,14,NA,NA,NA,NA,NA,NA,NA,NA,NA,NA,NA,NA,11,NA,NA,NA,NA,NA,NA,NA,NA,NA,NA,NA,NA,1,NA,2.26656723022461,84300.578125,NA,NA,NA,NA,NA,NA,NA,NA,NA,NA,NA,28,NA,NA,NA,NA,NA,NA,NA,NA,NA,NA,NA,NA,12,NA,17.0103645324707,23.1053161621094,3.81052947044373,19.1003646850586,9.57871627807617,22.05588722229,-4.16973447799683,59.479606628418,-958.23955761392,-1852.48932304778,"StriatedCaracara",10
358,NA,NA,NA,NA,NA,NA,NA,NA,NA,NA,0,0,NA,NA,NA,NA,NA,NA,NA,NA,NA,NA,NA,240,18,NA,NA,NA,NA,NA,NA,NA,NA,NA,NA,NA,9,17,NA,NA,NA,NA,NA,NA,NA,NA,NA,NA,NA,8,1,NA,73.7976150512695,1968.1259765625,NA,NA,NA,NA,NA,NA,NA,NA,NA,NA,328,341,NA,NA,NA,NA,NA,NA,NA,NA,NA,NA,NA,11,12,NA,16.9638137817383,9.44677925109863,1.03505599498749,12.2563180923462,9.94417858123779,10.7864904403687,-2.26603865623474,66.9166870117188,-1058.23955761392,-1862.48932304778,"StriatedCaracara",10
368,NA,NA,NA,NA,NA,NA,NA,NA,NA,NA,NA,0,NA,NA,NA,NA,NA,NA,NA,NA,NA,NA,NA,NA,96,NA,NA,NA,NA,NA,NA,NA,NA,NA,NA,NA,NA,9,NA,NA,NA,NA,NA,NA,NA,NA,NA,NA,NA,NA,1,NA,7.88196754455566,84828.359375,NA,NA,NA,NA,NA,NA,NA,NA,NA,NA,NA,29,NA,NA,NA,NA,NA,NA,NA,NA,NA,NA,NA,NA,12,NA,17.1407051086426,21.6047306060791,7.47485780715942,14.6140842437744,16.9705219268799,21.4299144744873,0.332717776298523,71.1560668945312,-958.23955761392,-1862.48932304778,"StriatedCaracara",10
373,NA,NA,NA,NA,NA,NA,NA,NA,NA,NA,NA,NA,0,NA,NA,NA,NA,NA,NA,NA,NA,NA,NA,NA,NA,1,NA,NA,NA,NA,NA,NA,NA,NA,NA,NA,NA,NA,11,NA,NA,NA,NA,NA,NA,NA,NA,NA,NA,NA,NA,1,173.030426025391,4605.32080078125,NA,NA,NA,NA,NA,NA,NA,NA,NA,NA,NA,NA,15,NA,NA,NA,NA,NA,NA,NA,NA,NA,NA,NA,NA,13,13.6823711395264,8.24853515625,1.78581273555756,1.65450847148895,12.3632907867432,13.4158210754395,-4.71020364761353,43.9085464477539,-1188.23955761392,-1872.48932304778,"StriatedCaracara",10
378,NA,NA,NA,NA,NA,NA,NA,NA,NA,NA,NA,NA,0,NA,NA,NA,NA,NA,NA,NA,NA,NA,NA,NA,NA,56,NA,NA,NA,NA,NA,NA,NA,NA,NA,NA,NA,NA,19,NA,NA,NA,NA,NA,NA,NA,NA,NA,NA,NA,NA,2,134.626525878906,3042.91357421875,NA,NA,NA,NA,NA,NA,NA,NA,NA,NA,NA,NA,338,NA,NA,NA,NA,NA,NA,NA,NA,NA,NA,NA,NA,13,14.2198352813721,8.13407707214355,1.04104471206665,4.90598773956299,5.28799104690552,6.88601398468018,-0.203585624694824,66.0161209106445,-1138.23955761392,-1872.48932304778,"StriatedCaracara",10
393,NA,NA,NA,NA,NA,NA,NA,NA,NA,NA,NA,NA,0,NA,NA,NA,NA,NA,NA,NA,NA,NA,NA,NA,NA,183,NA,NA,NA,NA,NA,NA,NA,NA,NA,NA,NA,NA,0,NA,NA,NA,NA,NA,NA,NA,NA,NA,NA,NA,NA,6,7.34864521026611,58939.26953125,NA,NA,NA,NA,NA,NA,NA,NA,NA,NA,NA,NA,34,NA,NA,NA,NA,NA,NA,NA,NA,NA,NA,NA,NA,13,16.3535137176514,16.698112487793,1.78255891799927,11.0162372589111,13.94384765625,16.5019931793213,-7.07050085067749,117.701431274414,-988.23955761392,-1872.48932304778,"StriatedCaracara",10
394,NA,NA,NA,NA,NA,NA,NA,NA,NA,0,NA,NA,NA,NA,NA,NA,NA,NA,NA,NA,NA,NA,3,NA,NA,NA,NA,NA,NA,NA,NA,NA,NA,NA,NA,14,NA,NA,NA,NA,NA,NA,NA,NA,NA,NA,NA,NA,2,NA,NA,NA,2.27535605430603,68049.078125,NA,NA,NA,NA,NA,NA,NA,NA,NA,345,NA,NA,NA,NA,NA,NA,NA,NA,NA,NA,NA,NA,10,NA,NA,NA,16.6113719940186,17.6448421478271,2.16561102867126,20.1920738220215,12.8792819976807,12.7873773574829,-3.18917560577393,110.916580200195,-978.23955761392,-1872.48932304778,"StriatedCaracara",10
422,NA,NA,0,NA,NA,NA,NA,NA,0,NA,0,NA,NA,NA,NA,60,NA,NA,NA,NA,NA,93,NA,66,NA,NA,NA,NA,18,NA,NA,NA,NA,NA,10,NA,11,NA,NA,NA,NA,2,NA,NA,NA,NA,NA,2,NA,1,NA,NA,6.14350557327271,61884.94921875,NA,NA,8,NA,NA,NA,NA,NA,56,NA,24,NA,NA,NA,NA,3,NA,NA,NA,NA,NA,9,NA,11,NA,NA,16.2003631591797,16.8281669616699,1.44260668754578,9.64739036560059,21.1804885864258,16.3662395477295,-0.429235577583313,148.479919433594,-988.23955761392,-1882.48932304778,"StriatedCaracara",10
423,NA,NA,NA,NA,NA,0,0,NA,NA,0,0,0,0,NA,NA,NA,NA,NA,20,120,NA,NA,3,81,100,180,NA,NA,NA,NA,NA,9,15,NA,NA,9,16,19,11,NA,NA,NA,NA,NA,1,2,NA,NA,2,1,1,2,3.11689639091492,70648.578125,NA,NA,NA,NA,NA,58,38,NA,NA,346,46,45,364,NA,NA,NA,NA,NA,6,7,NA,NA,10,11,12,13,15.4076385498047,18.083740234375,0.242540791630745,9.57907962799072,17.268985748291,12.7315444946289,-2.30383372306824,153.956970214844,-978.23955761392,-1882.48932304778,"StriatedCaracara",10
468,NA,NA,NA,NA,NA,NA,NA,NA,NA,0,NA,NA,NA,NA,NA,NA,NA,NA,NA,NA,NA,NA,73,NA,NA,NA,NA,NA,NA,NA,NA,NA,NA,NA,NA,10,NA,NA,NA,NA,NA,NA,NA,NA,NA,NA,NA,NA,4,NA,NA,NA,92.7431030273438,20796.693359375,NA,NA,NA,NA,NA,NA,NA,NA,NA,288,NA,NA,NA,NA,NA,NA,NA,NA,NA,NA,NA,NA,10,NA,NA,NA,14.1404876708984,10.1093673706055,0.352329254150391,1.56563866138458,15.057391166687,2.95356559753418,-1.26117014884949,129.323715209961,-1078.23955761392,-1902.48932304778,"StriatedCaracara",10
492,NA,NA,NA,NA,0,NA,NA,NA,NA,NA,NA,NA,NA,NA,NA,NA,NA,30,NA,NA,NA,NA,NA,NA,NA,NA,NA,NA,NA,NA,10,NA,NA,NA,NA,NA,NA,NA,NA,NA,NA,NA,NA,1,NA,NA,NA,NA,NA,NA,NA,NA,111.257553100586,5839.38037109375,NA,NA,NA,NA,6,NA,NA,NA,NA,NA,NA,NA,NA,NA,NA,NA,NA,5,NA,NA,NA,NA,NA,NA,NA,NA,13.8990964889526,9.24056911468506,1.94733119010925,7.2558331489563,25.3717708587646,13.8002843856812,-8.72724056243896,163.056091308594,-1098.23955761392,-1912.48932304778,"StriatedCaracara",10
493,NA,NA,NA,NA,NA,NA,NA,NA,NA,NA,NA,NA,0,NA,NA,NA,NA,NA,NA,NA,NA,NA,NA,NA,NA,180,NA,NA,NA,NA,NA,NA,NA,NA,NA,NA,NA,NA,8,NA,NA,NA,NA,NA,NA,NA,NA,NA,NA,NA,NA,1,102.902763366699,15090.7275390625,NA,NA,NA,NA,NA,NA,NA,NA,NA,NA,NA,NA,329,NA,NA,NA,NA,NA,NA,NA,NA,NA,NA,NA,NA,13,14.8306636810303,9.183424949646,1.1566926240921,8.0093994140625,18.2485656738281,10.1601705551147,-4.18395328521729,112.903274536133,-1088.23955761392,-1912.48932304778,"StriatedCaracara",10
568,NA,NA,NA,NA,NA,NA,NA,NA,NA,0,NA,NA,NA,NA,NA,NA,NA,NA,NA,NA,NA,NA,10,NA,NA,NA,NA,NA,NA,NA,NA,NA,NA,NA,NA,16,NA,NA,NA,NA,NA,NA,NA,NA,NA,NA,NA,NA,1,NA,NA,NA,114.920585632324,5412.673828125,NA,NA,NA,NA,NA,NA,NA,NA,NA,288,NA,NA,NA,NA,NA,NA,NA,NA,NA,NA,NA,NA,10,NA,NA,NA,15.2771148681641,9.2396125793457,0.0217819400131702,2.69930124282837,9.24790191650391,13.9678440093994,-7.86149644851685,41.2759780883789,-1118.23955761392,-1942.48932304778,"StriatedCaracara",10
579,NA,NA,NA,NA,NA,NA,NA,NA,NA,NA,0,0,NA,NA,NA,NA,NA,NA,NA,NA,NA,NA,NA,8,33,NA,NA,NA,NA,NA,NA,NA,NA,NA,NA,NA,13,12,NA,NA,NA,NA,NA,NA,NA,NA,NA,NA,NA,2,1,NA,30.9691467285156,71160.515625,NA,NA,NA,NA,NA,NA,NA,NA,NA,NA,353,270,NA,NA,NA,NA,NA,NA,NA,NA,NA,NA,NA,11,12,NA,12.7157936096191,14.3426628112793,2.30033397674561,5.74461889266968,22.862850189209,9.55521774291992,0.00298100709915161,187.248977661133,-1008.23955761392,-1942.48932304778,"StriatedCaracara",10
580,NA,NA,NA,0,NA,0,0,0,0,0,0,0,0,NA,NA,NA,40,NA,89,240,20,180,180,10,240,26,NA,NA,NA,12,NA,13,14,17,11,11,14,7,11,NA,NA,NA,2,NA,2,5,3,1,8,2,2,1,29.3703842163086,80111.921875,NA,NA,NA,15,NA,22,26,313,302,360,298,343,321,NA,NA,NA,4,NA,6,7,8,9,10,11,12,13,13.6053104400635,15.2883043289185,1.15200221538544,7.94549131393433,23.163724899292,23.2215385437012,0.166631937026978,171.900695800781,-998.23955761392,-1942.48932304778,"StriatedCaracara",10
605,NA,NA,NA,0,NA,NA,NA,NA,NA,0,0,0,0,NA,NA,NA,30,NA,NA,NA,NA,NA,15,85,22,81,NA,NA,NA,11,NA,NA,NA,NA,NA,15,14,16,10,NA,NA,NA,2,NA,NA,NA,NA,NA,2,2,1,1,20.8720664978027,71197.078125,NA,NA,NA,15,NA,NA,NA,NA,NA,293,353,311,359,NA,NA,NA,4,NA,NA,NA,NA,NA,10,11,12,13,12.6194314956665,15.6623392105103,9.02087497711182,7.05499076843262,13.683648109436,9.38485240936279,-4.0273265838623,195.480773925781,-1008.23955761392,-1952.48932304778,"StriatedCaracara",10
606,NA,NA,0,NA,NA,NA,NA,NA,NA,0,0,0,0,NA,NA,5,NA,NA,NA,NA,NA,NA,5,23,5,14,NA,NA,11,NA,NA,NA,NA,NA,NA,10,14,18,14,NA,NA,3,NA,NA,NA,NA,NA,NA,1,1,1,1,19.3784294128418,80464.859375,NA,NA,32,NA,NA,NA,NA,NA,NA,293,247,269,323,NA,NA,3,NA,NA,NA,NA,NA,NA,10,11,12,13,11.9375085830688,14.2168312072754,0.612693786621094,3.17303276062012,16.069019317627,21.0711631774902,14.7018098831177,192.024063110352,-998.23955761392,-1952.48932304778,"StriatedCaracara",10
630,NA,NA,0,0,NA,NA,0,0,0,0,0,0,0,NA,NA,60,90,NA,NA,15,50,30,41,27,2,40,NA,NA,17,12,NA,NA,11,16,17,15,11,12,16,NA,NA,2,1,NA,NA,6,2,1,8,2,2,1,11.8142728805542,70777.265625,NA,NA,32,15,NA,NA,28,301,302,339,298,245,281,NA,NA,3,4,NA,NA,7,8,9,10,11,12,13,13.0946493148804,16.9956092834473,5.96721839904785,10.6394777297974,20.2726783752441,12.8018360137939,-7.98057270050049,189.000930786133,-1008.23955761392,-1962.48932304778,"StriatedCaracara",10
631,NA,NA,NA,NA,NA,NA,0,0,NA,0,0,0,0,NA,NA,NA,NA,NA,NA,120,5,NA,36,10,120,50,NA,NA,NA,NA,NA,NA,11,16,NA,14,23,13,9,NA,NA,NA,NA,NA,NA,2,1,NA,8,1,4,2,9.15108871459961,79952.2421875,NA,NA,NA,NA,NA,NA,348,365,NA,339,263,36,282,NA,NA,NA,NA,NA,NA,7,8,NA,10,11,12,13,14.7683582305908,19.1343727111816,4.61487817764282,10.2928905487061,25.2491149902344,24.8879776000977,-2.22228908538818,148.020874023438,-998.23955761392,-1962.48932304778,"StriatedCaracara",10
654,0,NA,NA,NA,NA,0,NA,NA,NA,NA,NA,NA,NA,60,NA,NA,NA,NA,60,NA,NA,NA,NA,NA,NA,NA,12,NA,NA,NA,NA,12,NA,NA,NA,NA,NA,NA,NA,10,NA,NA,NA,NA,10,NA,NA,NA,NA,NA,NA,NA,16.6427803039551,61265.0859375,309,NA,NA,NA,NA,294,NA,NA,NA,NA,NA,NA,NA,1,NA,NA,NA,NA,6,NA,NA,NA,NA,NA,NA,NA,8.91792106628418,14.9269647598267,35.4797325134277,0.368971467018127,1.45842897891998,0.0779316127300262,4.43242454528809,120.971908569336,-1018.23955761392,-1972.48932304778,"StriatedCaracara",10
655,0,NA,0,NA,NA,0,NA,0,0,0,0,0,0,180,NA,120,NA,NA,60,NA,2,25,60,27,176,90,17,NA,17,NA,NA,9,NA,10,16,13,10,7,7,1,NA,1,NA,NA,1,NA,1,2,2,5,2,1,7.44988536834717,70150.3359375,18,NA,48,NA,NA,19,NA,297,328,340,26,329,273,1,NA,3,NA,NA,6,NA,8,9,10,11,12,13,12.4329481124878,16.0043430328369,9.64135837554932,7.69169616699219,17.004711151123,12.6617212295532,1.30316209793091,184.104110717773,-1008.23955761392,-1972.48932304778,"StriatedCaracara",10
656,0,0,0,0,0,0,0,0,0,0,0,0,0,180,240,120,30,120,240,180,90,17,45,34,120,120,9,9,23,14,17,17,9,11,19,16,10,11,16,1,1,5,1,1,2,1,1,1,3,1,1,8,2.56751489639282,79125.5546875,295,27,318,283,338,365,306,302,325,277,271,307,340,1,2,3,4,5,6,7,8,9,10,11,12,13,16.6377067565918,22.12424659729,7.24213790893555,10.0989933013916,25.2189254760742,19.5082035064697,-3.04149150848389,83.2964935302734,-998.23955761392,-1972.48932304778,"StriatedCaracara",10
679,NA,NA,NA,NA,NA,NA,NA,NA,NA,NA,NA,0,NA,NA,NA,NA,NA,NA,NA,NA,NA,NA,NA,NA,120,NA,NA,NA,NA,NA,NA,NA,NA,NA,NA,NA,NA,6,NA,NA,NA,NA,NA,NA,NA,NA,NA,NA,NA,NA,2,NA,18.6782760620117,59979.4140625,NA,NA,NA,NA,NA,NA,NA,NA,NA,NA,NA,350,NA,NA,NA,NA,NA,NA,NA,NA,NA,NA,NA,NA,12,NA,11.6417903900146,13.8510885238647,22.8790187835693,0,6.7194037437439,3.60159492492676,-1.8191294670105,87.5669326782227,-1018.23955761392,-1982.48932304778,"StriatedCaracara",10
680,NA,NA,NA,NA,NA,NA,NA,NA,NA,NA,NA,0,NA,NA,NA,NA,NA,NA,NA,NA,NA,NA,NA,NA,100,NA,NA,NA,NA,NA,NA,NA,NA,NA,NA,NA,NA,8,NA,NA,NA,NA,NA,NA,NA,NA,NA,NA,NA,NA,2,NA,11.0753545761108,68601.7109375,NA,NA,NA,NA,NA,NA,NA,NA,NA,NA,NA,349,NA,NA,NA,NA,NA,NA,NA,NA,NA,NA,NA,NA,12,NA,12.9281024932861,15.9678936004639,3.36462044715881,4.22319793701172,25.8793716430664,18.4479694366455,3.11851668357849,201.580841064453,-1008.23955761392,-1982.48932304778,"StriatedCaracara",10
681,NA,NA,NA,NA,NA,NA,NA,0,0,0,NA,0,0,NA,NA,NA,NA,NA,NA,NA,12,60,45,NA,60,7,NA,NA,NA,NA,NA,NA,NA,16,19,9,NA,13,13,NA,NA,NA,NA,NA,NA,NA,1,1,1,NA,2,1,5.15312623977661,77297.4765625,NA,NA,NA,NA,NA,NA,NA,299,33,277,NA,354,268,NA,NA,NA,NA,NA,NA,NA,8,9,10,NA,12,13,17.3043937683105,21.216381072998,3.87698316574097,8.6956672668457,21.5356388092041,14.6315479278564,-0.744678378105164,56.6654930114746,-998.23955761392,-1982.48932304778,"StriatedCaracara",10
682,NA,NA,NA,NA,NA,NA,NA,NA,NA,0,0,NA,0,NA,NA,NA,NA,NA,NA,NA,NA,NA,60,15,NA,6,NA,NA,NA,NA,NA,NA,NA,NA,NA,11,13,NA,9,NA,NA,NA,NA,NA,NA,NA,NA,NA,2,1,NA,1,8.64742851257324,88341.9375,NA,NA,NA,NA,NA,NA,NA,NA,NA,246,326,NA,304,NA,NA,NA,NA,NA,NA,NA,NA,NA,10,11,NA,13,14.9305124282837,19.7015571594238,3.15217113494873,2.05854439735413,27.1791076660156,29.6642398834229,3.82806777954102,140.574188232422,-988.23955761392,-1982.48932304778,"StriatedCaracara",10
702,NA,NA,NA,NA,NA,NA,NA,NA,NA,NA,NA,0,NA,NA,NA,NA,NA,NA,NA,NA,NA,NA,NA,NA,120,NA,NA,NA,NA,NA,NA,NA,NA,NA,NA,NA,NA,18,NA,NA,NA,NA,NA,NA,NA,NA,NA,NA,NA,NA,2,NA,18.279052734375,66949.015625,NA,NA,NA,NA,NA,NA,NA,NA,NA,NA,NA,352,NA,NA,NA,NA,NA,NA,NA,NA,NA,NA,NA,NA,12,NA,15.0823163986206,16.3852157592773,0.771118104457855,0.522063553333282,14.3330059051514,5.93118000030518,-4.48753499984741,100.815811157227,-1008.23955761392,-1992.48932304778,"StriatedCaracara",10
726,NA,NA,NA,NA,NA,NA,NA,NA,NA,NA,NA,0,NA,NA,NA,NA,NA,NA,NA,NA,NA,NA,NA,NA,87,NA,NA,NA,NA,NA,NA,NA,NA,NA,NA,NA,NA,8,NA,NA,NA,NA,NA,NA,NA,NA,NA,NA,NA,NA,2,NA,10.5309114456177,72423.8046875,NA,NA,NA,NA,NA,NA,NA,NA,NA,NA,NA,46,NA,NA,NA,NA,NA,NA,NA,NA,NA,NA,NA,NA,12,NA,16.0442008972168,18.6000595092773,2.49689197540283,2.1696035861969,13.6278057098389,5.65406656265259,0.913134932518005,107.506622314453,-998.23955761392,-2002.48932304778,"StriatedCaracara",10
780,NA,NA,NA,NA,NA,NA,NA,NA,NA,NA,NA,0,NA,NA,NA,NA,NA,NA,NA,NA,NA,NA,NA,NA,30,NA,NA,NA,NA,NA,NA,NA,NA,NA,NA,NA,NA,10,NA,NA,NA,NA,NA,NA,NA,NA,NA,NA,NA,NA,3,NA,113.417709350586,3399.35620117188,NA,NA,NA,NA,NA,NA,NA,NA,NA,NA,NA,32,NA,NA,NA,NA,NA,NA,NA,NA,NA,NA,NA,NA,12,NA,12.9458856582642,12.5014696121216,3.75374174118042,7.0761661529541,36.8503189086914,10.4432802200317,0.133173853158951,208.517974853516,-1118.23955761392,-2032.48932304778,"StriatedCaracara",10
802,NA,NA,NA,NA,0,NA,NA,NA,NA,NA,NA,NA,NA,NA,NA,NA,NA,10,NA,NA,NA,NA,NA,NA,NA,NA,NA,NA,NA,NA,17,NA,NA,NA,NA,NA,NA,NA,NA,NA,NA,NA,NA,1,NA,NA,NA,NA,NA,NA,NA,NA,115.744888305664,2603.85034179688,NA,NA,NA,NA,11,NA,NA,NA,NA,NA,NA,NA,NA,NA,NA,NA,NA,5,NA,NA,NA,NA,NA,NA,NA,NA,13.2705383300781,12.8592224121094,2.80851435661316,5.7524585723877,27.7654094696045,18.531364440918,2.81361985206604,158.52587890625,-1108.23955761392,-2042.48932304778,"StriatedCaracara",10
812,NA,NA,NA,NA,NA,NA,0,NA,0,NA,NA,0,0,NA,NA,NA,NA,NA,NA,90,NA,30,NA,NA,90,71,NA,NA,NA,NA,NA,NA,14,NA,15,NA,NA,12,14,NA,NA,NA,NA,NA,NA,4,NA,1,NA,NA,2,3,33.620044708252,56190.3125,NA,NA,NA,NA,NA,NA,25,NA,275,NA,NA,21,310,NA,NA,NA,NA,NA,NA,7,NA,9,NA,NA,12,13,14.2075500488281,12.5747585296631,1.10001003742218,1.94175934791565,31.2839050292969,25.3060207366943,-1.11782658100128,125.662292480469,-1008.23955761392,-2042.48932304778,"StriatedCaracara",10
852,NA,NA,NA,NA,NA,NA,NA,NA,NA,NA,0,NA,NA,NA,NA,NA,NA,NA,NA,NA,NA,NA,NA,35,NA,NA,NA,NA,NA,NA,NA,NA,NA,NA,NA,NA,12,NA,NA,NA,NA,NA,NA,NA,NA,NA,NA,NA,NA,1,NA,NA,51.8102989196777,43795.94140625,NA,NA,NA,NA,NA,NA,NA,NA,NA,NA,44,NA,NA,NA,NA,NA,NA,NA,NA,NA,NA,NA,NA,11,NA,NA,14.9917049407959,11.3373355865479,0.516336798667908,5.66942358016968,11.9565343856812,10.5558910369873,-7.61605548858643,110.176834106445,-1018.23955761392,-2062.48932304778,"StriatedCaracara",10
862,NA,NA,NA,NA,0,NA,NA,NA,NA,NA,NA,NA,NA,NA,NA,NA,NA,60,NA,NA,NA,NA,NA,NA,NA,NA,NA,NA,NA,NA,15,NA,NA,NA,NA,NA,NA,NA,NA,NA,NA,NA,NA,1,NA,NA,NA,NA,NA,NA,NA,NA,134.497543334961,5277.232421875,NA,NA,NA,NA,13,NA,NA,NA,NA,NA,NA,NA,NA,NA,NA,NA,NA,5,NA,NA,NA,NA,NA,NA,NA,NA,13.5542678833008,14.7039394378662,0.259127616882324,8.82327270507812,17.8095645904541,27.3712024688721,1.50821781158447,74.2833557128906,-1128.23955761392,-2072.48932304778,"StriatedCaracara",10
873,NA,NA,NA,NA,NA,NA,NA,NA,0,NA,NA,NA,NA,NA,NA,NA,NA,NA,NA,NA,NA,20,NA,NA,NA,NA,NA,NA,NA,NA,NA,NA,NA,NA,14,NA,NA,NA,NA,NA,NA,NA,NA,NA,NA,NA,NA,1,NA,NA,NA,NA,44.3092956542969,41000.4140625,NA,NA,NA,NA,NA,NA,NA,NA,9,NA,NA,NA,NA,NA,NA,NA,NA,NA,NA,NA,NA,9,NA,NA,NA,NA,13.7727489471436,11.8871793746948,1.21714687347412,7.16170406341553,14.7298698425293,11.3603296279907,-1.83355259895325,147.658843994141,-1018.23955761392,-2072.48932304778,"StriatedCaracara",10
876,NA,NA,NA,NA,NA,NA,NA,NA,0,NA,0,0,0,NA,NA,NA,NA,NA,NA,NA,NA,17,NA,165,98,195,NA,NA,NA,NA,NA,NA,NA,NA,14,NA,14,16,11,NA,NA,NA,NA,NA,NA,NA,NA,2,NA,1,2,2,26.3572158813477,64154.234375,NA,NA,NA,NA,NA,NA,NA,NA,279,NA,249,339,289,NA,NA,NA,NA,NA,NA,NA,NA,9,NA,11,12,13,16.0816822052002,18.5732250213623,1.86817646026611,6.02807140350342,14.3482713699341,11.0278625488281,-8.32962417602539,104.416885375977,-988.23955761392,-2072.48932304778,"StriatedCaracara",10
895,NA,NA,NA,NA,NA,NA,NA,NA,NA,NA,NA,NA,0,NA,NA,NA,NA,NA,NA,NA,NA,NA,NA,NA,NA,25,NA,NA,NA,NA,NA,NA,NA,NA,NA,NA,NA,NA,10,NA,NA,NA,NA,NA,NA,NA,NA,NA,NA,NA,NA,1,37.1726379394531,37192.2109375,NA,NA,NA,NA,NA,NA,NA,NA,NA,NA,NA,NA,356,NA,NA,NA,NA,NA,NA,NA,NA,NA,NA,NA,NA,13,11.8340816497803,13.2548170089722,1.17216777801514,2.52990937232971,8.21201515197754,0.66064465045929,0.299885094165802,197.919067382812,-1018.23955761392,-2082.48932304778,"StriatedCaracara",10
897,NA,NA,NA,NA,NA,NA,NA,NA,NA,NA,NA,NA,0,NA,NA,NA,NA,NA,NA,NA,NA,NA,NA,NA,NA,82,NA,NA,NA,NA,NA,NA,NA,NA,NA,NA,NA,NA,14,NA,NA,NA,NA,NA,NA,NA,NA,NA,NA,NA,NA,2,23.652063369751,52804.3203125,NA,NA,NA,NA,NA,NA,NA,NA,NA,NA,NA,NA,338,NA,NA,NA,NA,NA,NA,NA,NA,NA,NA,NA,NA,13,13.66672706604,12.9731025695801,0.737765967845917,3.33633995056152,21.801700592041,19.5164108276367,5.03302383422852,136.153182983398,-998.23955761392,-2082.48932304778,"StriatedCaracara",10
899,0,NA,NA,NA,NA,0,0,0,0,0,0,0,0,120,NA,NA,NA,NA,3,30,60,60,6,180,98,60,8,NA,NA,NA,NA,12,9,10,11,9,12,13,11,6,NA,NA,NA,NA,1,1,8,2,9,4,1,6,3.69425797462463,67451.2734375,325,NA,NA,NA,NA,297,297,344,260,341,20,341,260,1,NA,NA,NA,NA,6,7,8,9,10,11,12,13,17.0530471801758,20.67116355896,17.8171920776367,10.984845161438,29.424186706543,12.567455291748,-5.64828443527222,62.9931182861328,-978.23955761392,-2082.48932304778,"StriatedCaracara",10
919,0,0,0,0,0,0,0,0,0,0,0,0,0,40,180,90,80,270,140,83,90,20,4,34,62,20,11,15,9,14,14,12,10,14,9,15,15,9,11,6,1,8,1,1,4,1,4,2,1,1,1,6,15.7843570709229,49626.27734375,327,60,46,352,336,265,300,356,314,292,315,313,260,1,2,3,4,5,6,7,8,9,10,11,12,13,14.6563014984131,12.4480791091919,1.10103833675385,9.38022232055664,17.4214973449707,10.2587099075317,-10.0637836456299,136.714538574219,-998.23955761392,-2092.48932304778,"StriatedCaracara",10
920,NA,NA,NA,0,NA,0,0,NA,0,0,NA,0,NA,NA,NA,NA,15,NA,53,15,NA,53,3,NA,23,NA,NA,NA,NA,9,NA,15,11,NA,20,18,NA,20,NA,NA,NA,NA,2,NA,1,10,NA,3,1,NA,1,NA,9.29958248138428,58381.01953125,NA,NA,NA,16,NA,289,312,NA,331,362,NA,364,NA,NA,NA,NA,4,NA,6,7,NA,9,10,NA,12,NA,16.0878715515137,15.8707122802734,3.41777968406677,5.77567577362061,15.245964050293,11.9901294708252,-3.12762308120728,73.6198120117188,-988.23955761392,-2092.48932304778,"StriatedCaracara",10
921,NA,NA,NA,0,NA,NA,0,0,0,0,0,0,0,NA,NA,NA,40,NA,NA,42,120,1,16,56,23,180,NA,NA,NA,13,NA,NA,19,11,12,15,11,13,13,NA,NA,NA,2,NA,NA,1,1,1,2,2,1,2,3.69425797462463,67451.2734375,NA,NA,NA,353,NA,NA,343,55,332,317,46,342,271,NA,NA,NA,4,NA,NA,7,8,9,10,11,12,13,17.0530471801758,20.67116355896,17.8171920776367,10.984845161438,29.424186706543,12.567455291748,-5.64828443527222,62.9931182861328,-978.23955761392,-2092.48932304778,"StriatedCaracara",10
922,NA,NA,NA,NA,NA,NA,NA,NA,NA,NA,NA,NA,0,NA,NA,NA,NA,NA,NA,NA,NA,NA,NA,NA,NA,7,NA,NA,NA,NA,NA,NA,NA,NA,NA,NA,NA,NA,8,NA,NA,NA,NA,NA,NA,NA,NA,NA,NA,NA,NA,2,3.94471096992493,73671.265625,NA,NA,NA,NA,NA,NA,NA,NA,NA,NA,NA,NA,5,NA,NA,NA,NA,NA,NA,NA,NA,NA,NA,NA,NA,13,13.4939975738525,15.2144937515259,7.46224212646484,8.39113616943359,25.309814453125,24.2808628082275,-2.46236348152161,85.0990524291992,-968.23955761392,-2092.48932304778,"StriatedCaracara",10
943,NA,NA,NA,NA,NA,NA,0,NA,0,0,NA,NA,0,NA,NA,NA,NA,NA,NA,62,NA,155,50,NA,NA,232,NA,NA,NA,NA,NA,NA,18,NA,7,10,NA,NA,14,NA,NA,NA,NA,NA,NA,1,NA,1,3,NA,NA,1,4.68484306335449,55512.82421875,NA,NA,NA,NA,NA,NA,283,NA,343,339,NA,NA,328,NA,NA,NA,NA,NA,NA,7,NA,9,10,NA,NA,13,15.7455558776855,13.3744325637817,7.20299100875854,6.16024398803711,25.5358333587646,15.4629898071289,-3.54672002792358,85.4324340820312,-988.23955761392,-2102.48932304778,"StriatedCaracara",10
944,NA,NA,NA,NA,NA,NA,NA,NA,0,NA,NA,NA,NA,NA,NA,NA,NA,NA,NA,NA,NA,45,NA,NA,NA,NA,NA,NA,NA,NA,NA,NA,NA,NA,14,NA,NA,NA,NA,NA,NA,NA,NA,NA,NA,NA,NA,3,NA,NA,NA,NA,4.99685049057007,64672.96484375,NA,NA,NA,NA,NA,NA,NA,NA,332,NA,NA,NA,NA,NA,NA,NA,NA,NA,NA,NA,NA,9,NA,NA,NA,NA,14.1854820251465,15.6563053131104,9.25028324127197,16.1399898529053,26.089822769165,21.5453758239746,4.92119836807251,98.6311874389648,-978.23955761392,-2102.48932304778,"StriatedCaracara",10
949,NA,NA,NA,NA,1,NA,NA,NA,1,1,NA,1,1,NA,NA,NA,NA,300,NA,NA,NA,137,79,NA,120,35,NA,NA,NA,NA,8,NA,NA,NA,16,7,NA,2,7,NA,NA,NA,NA,1,NA,NA,NA,2,1,NA,1,1,1.58790373802185,1001.47668457031,NA,NA,NA,NA,352,NA,NA,NA,305,8,NA,342,316,NA,NA,NA,NA,5,NA,NA,NA,9,10,NA,12,13,13.2826290130615,20.3993625640869,1.8409218788147,13.6308860778809,36.7063026428223,14.4278545379639,1.31560301780701,44.0061378479004,-88.23955761392,-2102.48932304778,"StriatedCaracara",10
969,NA,NA,NA,NA,NA,NA,NA,NA,NA,NA,NA,NA,0,NA,NA,NA,NA,NA,NA,NA,NA,NA,NA,NA,NA,240,NA,NA,NA,NA,NA,NA,NA,NA,NA,NA,NA,NA,14,NA,NA,NA,NA,NA,NA,NA,NA,NA,NA,NA,NA,2,16.5426406860352,43740.83984375,NA,NA,NA,NA,NA,NA,NA,NA,NA,NA,NA,NA,339,NA,NA,NA,NA,NA,NA,NA,NA,NA,NA,NA,NA,13,13.8532724380493,12.2323760986328,2.25430178642273,8.8546142578125,17.5098323822021,9.10169792175293,-4.93021059036255,130.085418701172,-998.23955761392,-2112.48932304778,"StriatedCaracara",10
975,NA,NA,NA,NA,NA,NA,NA,NA,NA,NA,NA,NA,1,NA,NA,NA,NA,NA,NA,NA,NA,NA,NA,NA,NA,180,NA,NA,NA,NA,NA,NA,NA,NA,NA,NA,NA,NA,15,NA,NA,NA,NA,NA,NA,NA,NA,NA,NA,NA,NA,1,1.58790373802185,1001.47668457031,NA,NA,NA,NA,NA,NA,NA,NA,NA,NA,NA,NA,301,NA,NA,NA,NA,NA,NA,NA,NA,NA,NA,NA,NA,13,13.2826290130615,20.3993625640869,1.8409218788147,13.6308860778809,36.7063026428223,14.4278545379639,1.31560301780701,44.0061378479004,-78.23955761392,-2112.48932304778,"StriatedCaracara",10
979,NA,NA,NA,NA,NA,NA,NA,NA,NA,NA,NA,1,NA,NA,NA,NA,NA,NA,NA,NA,NA,NA,NA,NA,10,NA,NA,NA,NA,NA,NA,NA,NA,NA,NA,NA,NA,16,NA,NA,NA,NA,NA,NA,NA,NA,NA,NA,NA,NA,1,NA,13.2170085906982,301.385955810547,NA,NA,NA,NA,NA,NA,NA,NA,NA,NA,NA,36,NA,NA,NA,NA,NA,NA,NA,NA,NA,NA,NA,NA,12,NA,13.2312326431274,19.8965091705322,1.89426624774933,9.74196624755859,26.4857978820801,13.1035070419312,-0.339480638504028,18.2346935272217,-28.23955761392,-2112.48932304778,"StriatedCaracara",10
1001,NA,0,NA,NA,NA,NA,NA,NA,NA,NA,NA,NA,NA,NA,30,NA,NA,NA,NA,NA,NA,NA,NA,NA,NA,NA,NA,6,NA,NA,NA,NA,NA,NA,NA,NA,NA,NA,NA,NA,6,NA,NA,NA,NA,NA,NA,NA,NA,NA,NA,NA,16.8054046630859,59695.515625,NA,317,NA,NA,NA,NA,NA,NA,NA,NA,NA,NA,NA,NA,2,NA,NA,NA,NA,NA,NA,NA,NA,NA,NA,NA,14.4447507858276,13.8798418045044,6.91407775878906,12.0913219451904,24.4405860900879,27.0437412261963,-2.05412173271179,99.4838943481445,-978.23955761392,-2122.48932304778,"StriatedCaracara",10
1002,NA,NA,NA,NA,NA,NA,NA,NA,NA,0,NA,NA,0,NA,NA,NA,NA,NA,NA,NA,NA,NA,60,NA,NA,50,NA,NA,NA,NA,NA,NA,NA,NA,NA,11,NA,NA,12,NA,NA,NA,NA,NA,NA,NA,NA,NA,1,NA,NA,1,8.196702003479,68804.953125,NA,NA,NA,NA,NA,NA,NA,NA,NA,319,NA,NA,348,NA,NA,NA,NA,NA,NA,NA,NA,NA,10,NA,NA,13,14.9891405105591,16.0219039916992,6.57015037536621,9.51545333862305,28.8319034576416,24.4303245544434,-3.28209590911865,97.1771087646484,-968.23955761392,-2122.48932304778,"StriatedCaracara",10
1003,NA,NA,NA,NA,NA,0,NA,NA,0,NA,NA,0,0,NA,NA,NA,NA,NA,180,NA,NA,150,NA,NA,145,72,NA,NA,NA,NA,NA,13,NA,NA,16,NA,NA,11,14,NA,NA,NA,NA,NA,1,NA,NA,1,NA,NA,2,1,2.18454623222351,77368.375,NA,NA,NA,NA,NA,289,NA,NA,258,NA,NA,46,269,NA,NA,NA,NA,NA,6,NA,NA,9,NA,NA,12,13,15.1180686950684,17.5992851257324,7.15558385848999,10.9061727523804,27.0940494537354,22.7958755493164,-5.15896081924438,78.8119201660156,-958.23955761392,-2122.48932304778,"StriatedCaracara",10
1004,NA,NA,NA,NA,NA,NA,0,NA,NA,NA,NA,NA,NA,NA,NA,NA,NA,NA,NA,10,NA,NA,NA,NA,NA,NA,NA,NA,NA,NA,NA,NA,14,NA,NA,NA,NA,NA,NA,NA,NA,NA,NA,NA,NA,2,NA,NA,NA,NA,NA,NA,2.7976610660553,82719.1640625,NA,NA,NA,NA,NA,NA,336,NA,NA,NA,NA,NA,NA,NA,NA,NA,NA,NA,NA,7,NA,NA,NA,NA,NA,NA,17.0872344970703,19.3336544036865,4.30785417556763,7.50776243209839,25.9948654174805,25.2999782562256,5.12652111053467,66.0061492919922,-948.23955761392,-2122.48932304778,"StriatedCaracara",10
1010,NA,NA,NA,NA,NA,NA,NA,NA,NA,NA,NA,0,NA,NA,NA,NA,NA,NA,NA,NA,NA,NA,NA,NA,30,NA,NA,NA,NA,NA,NA,NA,NA,NA,NA,NA,NA,11,NA,NA,NA,NA,NA,NA,NA,NA,NA,NA,NA,NA,3,NA,13.2170085906982,301.385955810547,NA,NA,NA,NA,NA,NA,NA,NA,NA,NA,NA,45,NA,NA,NA,NA,NA,NA,NA,NA,NA,NA,NA,NA,12,NA,13.2312326431274,19.8965091705322,1.89426624774933,9.74196624755859,26.4857978820801,13.1035070419312,-0.339480638504028,18.2346935272217,-18.23955761392,-2122.48932304778,"StriatedCaracara",10
1028,NA,NA,NA,NA,0,NA,NA,NA,NA,NA,NA,NA,NA,NA,NA,NA,NA,60,NA,NA,NA,NA,NA,NA,NA,NA,NA,NA,NA,NA,16,NA,NA,NA,NA,NA,NA,NA,NA,NA,NA,NA,NA,1,NA,NA,NA,NA,NA,NA,NA,NA,81.9348373413086,3751.228515625,NA,NA,NA,NA,16,NA,NA,NA,NA,NA,NA,NA,NA,NA,NA,NA,NA,5,NA,NA,NA,NA,NA,NA,NA,NA,13.8850994110107,11.8613767623901,1.14730036258698,2.68898677825928,25.7459678649902,21.8066463470459,-2.50375556945801,103.072280883789,-1068.23955761392,-2132.48932304778,"StriatedCaracara",10
1030,NA,NA,NA,NA,NA,NA,NA,0,NA,0,NA,0,0,NA,NA,NA,NA,NA,NA,NA,30,NA,200,NA,60,10,NA,NA,NA,NA,NA,NA,NA,18,NA,16,NA,9,10,NA,NA,NA,NA,NA,NA,NA,1,NA,1,NA,5,1,65.7362823486328,3455.21435546875,NA,NA,NA,NA,NA,NA,NA,57,NA,315,NA,42,302,NA,NA,NA,NA,NA,NA,NA,8,NA,10,NA,12,13,13.1841735839844,14.1267337799072,0.268574744462967,3.08617520332336,20.3674240112305,3.87871670722961,-10.3060331344604,108.465919494629,-1048.23955761392,-2132.48932304778,"StriatedCaracara",10
1035,NA,NA,NA,NA,NA,NA,NA,NA,0,0,NA,NA,0,NA,NA,NA,NA,NA,NA,NA,NA,15,30,NA,NA,76,NA,NA,NA,NA,NA,NA,NA,NA,9,20,NA,NA,16,NA,NA,NA,NA,NA,NA,NA,NA,1,2,NA,NA,2,34.600902557373,42778.171875,NA,NA,NA,NA,NA,NA,NA,NA,332,1,NA,NA,317,NA,NA,NA,NA,NA,NA,NA,NA,9,10,NA,NA,13,14.775785446167,11.7581605911255,2.17696452140808,17.8344039916992,22.3093948364258,13.5443506240845,-10.9348526000977,120.788246154785,-998.23955761392,-2132.48932304778,"StriatedCaracara",10
1036,NA,NA,NA,NA,0,0,0,NA,NA,0,NA,NA,0,NA,NA,NA,NA,90,60,10,NA,NA,30,NA,NA,53,NA,NA,NA,NA,11,10,10,NA,NA,10,NA,NA,8,NA,NA,NA,NA,3,3,1,NA,NA,2,NA,NA,3,28.2177925109863,51669.296875,NA,NA,NA,NA,323,5,344,NA,NA,1,NA,NA,317,NA,NA,NA,NA,5,6,7,NA,NA,10,NA,NA,13,14.6644554138184,13.2638349533081,4.69618940353394,11.3804512023926,30.7773818969727,22.0542869567871,-4.17599201202393,133.802780151367,-988.23955761392,-2132.48932304778,"StriatedCaracara",10
1037,NA,NA,NA,0,0,0,0,0,0,0,0,0,0,NA,NA,NA,120,60,240,42,30,20,105,47,17,2,NA,NA,NA,9,15,7,15,9,9,16,15,9,17,NA,NA,NA,2,2,1,1,1,1,1,1,1,1,19.6123161315918,60520.67578125,NA,NA,NA,334,55,361,290,351,303,284,29,246,306,NA,NA,NA,4,5,6,7,8,9,10,11,12,13,16.4157238006592,15.3063144683838,4.34191751480103,9.43955707550049,27.5562744140625,26.0542011260986,7.10644149780273,80.4854583740234,-978.23955761392,-2132.48932304778,"StriatedCaracara",10
1038,NA,NA,NA,0,0,0,0,0,0,0,0,0,0,NA,NA,NA,240,120,40,120,120,255,20,153,15,51,NA,NA,NA,17,16,23,16,8,7,10,8,15,13,NA,NA,NA,2,4,2,1,1,2,9,3,1,1,11.3025035858154,69026.921875,NA,NA,NA,358,320,12,269,267,41,338,264,38,327,NA,NA,NA,4,5,6,7,8,9,10,11,12,13,16.0084438323975,16.647798538208,6.32676124572754,6.94292259216309,27.8291244506836,22.7090435028076,8.49094867706299,88.2867889404297,-968.23955761392,-2132.48932304778,"StriatedCaracara",10
1039,NA,NA,NA,NA,NA,NA,NA,NA,0,0,NA,NA,0,NA,NA,NA,NA,NA,NA,NA,NA,43,15,NA,NA,30,NA,NA,NA,NA,NA,NA,NA,NA,12,15,NA,NA,9,NA,NA,NA,NA,NA,NA,NA,NA,1,2,NA,NA,4,4.30984210968018,76141.0859375,NA,NA,NA,NA,NA,NA,NA,NA,51,304,NA,NA,327,NA,NA,NA,NA,NA,NA,NA,NA,9,10,NA,NA,13,15.9990482330322,18.2289905548096,7.87768840789795,7.12765407562256,28.2238750457764,21.8349285125732,8.99950981140137,81.9707641601562,-958.23955761392,-2132.48932304778,"StriatedCaracara",10
1040,NA,NA,NA,0,NA,NA,NA,NA,0,0,0,0,0,NA,NA,NA,16,NA,NA,NA,NA,1,16,9,65,38,NA,NA,NA,12,NA,NA,NA,NA,8,13,22,15,15,NA,NA,NA,1,NA,NA,NA,NA,1,1,1,1,2,2.7976610660553,82719.1640625,NA,NA,NA,282,NA,NA,NA,NA,352,320,31,254,286,NA,NA,NA,4,NA,NA,NA,NA,9,10,11,12,13,17.0872344970703,19.3336544036865,4.30785417556763,7.50776243209839,25.9948654174805,25.2999782562256,5.12652111053467,66.0061492919922,-948.23955761392,-2132.48932304778,"StriatedCaracara",10
1042,NA,NA,NA,NA,NA,NA,NA,1,NA,0,NA,NA,0,NA,NA,NA,NA,NA,NA,NA,240,NA,150,NA,NA,120,NA,NA,NA,NA,NA,NA,NA,12,NA,9,NA,NA,9,NA,NA,NA,NA,NA,NA,NA,1,NA,1,NA,NA,1,1.58790373802185,1001.47668457031,NA,NA,NA,NA,NA,NA,NA,293,NA,298,NA,NA,299,NA,NA,NA,NA,NA,NA,NA,8,NA,10,NA,NA,13,13.2826290130615,20.3993625640869,1.8409218788147,13.6308860778809,36.7063026428223,14.4278545379639,1.31560301780701,44.0061378479004,-58.23955761392,-2132.48932304778,"StriatedCaracara",10
1043,NA,NA,NA,1,NA,NA,NA,0,NA,1,NA,1,NA,NA,NA,NA,150,NA,NA,NA,90,NA,90,NA,44,NA,NA,NA,NA,14,NA,NA,NA,16,NA,15,NA,14,NA,NA,NA,NA,2,NA,NA,NA,2,NA,1,NA,1,NA,1.58790373802185,1001.47668457031,NA,NA,NA,19,NA,NA,NA,16,NA,300,NA,319,NA,NA,NA,NA,4,NA,NA,NA,8,NA,10,NA,12,NA,13.2826290130615,20.3993625640869,1.8409218788147,13.6308860778809,36.7063026428223,14.4278545379639,1.31560301780701,44.0061378479004,-48.23955761392,-2132.48932304778,"StriatedCaracara",10
1044,NA,1,1,1,1,1,1,1,1,1,NA,1,1,NA,240,180,150,198,201,120,240,141,144,NA,34,150,NA,14,14,10,15,14,10,8,14,10,NA,17,8,NA,2,1,2,1,1,3,1,1,1,NA,1,2,1.58790373802185,1001.47668457031,NA,40,349,19,316,315,336,297,313,352,NA,326,315,NA,2,3,4,5,6,7,8,9,10,NA,12,13,13.2826290130615,20.3993625640869,1.8409218788147,13.6308860778809,36.7063026428223,14.4278545379639,1.31560301780701,44.0061378479004,-38.23955761392,-2132.48932304778,"StriatedCaracara",10
1046,NA,NA,1,NA,1,1,1,1,1,1,NA,1,1,NA,NA,240,NA,20,119,220,120,86,210,NA,221,100,NA,NA,15,NA,15,14,13,10,14,15,NA,8,9,NA,NA,1,NA,2,1,1,1,1,1,NA,1,1,13.2170085906982,301.385955810547,NA,NA,363,NA,337,12,353,27,306,365,NA,3,315,NA,NA,3,NA,5,6,7,8,9,10,NA,12,13,13.2312326431274,19.8965091705322,1.89426624774933,9.74196624755859,26.4857978820801,13.1035070419312,-0.339480638504028,18.2346935272217,-18.23955761392,-2132.48932304778,"StriatedCaracara",10
1047,NA,NA,NA,NA,NA,NA,0,1,1,NA,NA,NA,1,NA,NA,NA,NA,NA,NA,108,180,181,NA,NA,NA,140,NA,NA,NA,NA,NA,NA,15,12,13,NA,NA,NA,9,NA,NA,NA,NA,NA,NA,1,1,3,NA,NA,NA,2,13.2170085906982,301.385955810547,NA,NA,NA,NA,NA,NA,11,15,8,NA,NA,NA,315,NA,NA,NA,NA,NA,NA,7,8,9,NA,NA,NA,13,13.2312326431274,19.8965091705322,1.89426624774933,9.74196624755859,26.4857978820801,13.1035070419312,-0.339480638504028,18.2346935272217,-8.23955761392,-2132.48932304778,"StriatedCaracara",10
1050,NA,NA,NA,NA,NA,NA,NA,NA,NA,NA,NA,NA,0,NA,NA,NA,NA,NA,NA,NA,NA,NA,NA,NA,NA,64,NA,NA,NA,NA,NA,NA,NA,NA,NA,NA,NA,NA,7,NA,NA,NA,NA,NA,NA,NA,NA,NA,NA,NA,NA,1,0.903274536132812,134.765441894531,NA,NA,NA,NA,NA,NA,NA,NA,NA,NA,NA,NA,293,NA,NA,NA,NA,NA,NA,NA,NA,NA,NA,NA,NA,13,13.9646148681641,19.782600402832,4.78785562515259,6.30927467346191,25.6149940490723,8.24532699584961,0.32374969124794,10.0502576828003,21.76044238608,-2132.48932304778,"StriatedCaracara",10
1051,NA,NA,NA,NA,NA,NA,0,0,NA,1,NA,NA,1,NA,NA,NA,NA,NA,NA,120,60,NA,45,NA,NA,38,NA,NA,NA,NA,NA,NA,9,11,NA,17,NA,NA,13,NA,NA,NA,NA,NA,NA,2,1,NA,1,NA,NA,2,0.903274536132812,134.765441894531,NA,NA,NA,NA,NA,NA,363,28,NA,349,NA,NA,342,NA,NA,NA,NA,NA,NA,7,8,NA,10,NA,NA,13,13.9646148681641,19.782600402832,4.78785562515259,6.30927467346191,25.6149940490723,8.24532699584961,0.32374969124794,10.0502576828003,31.76044238608,-2132.48932304778,"StriatedCaracara",10
1052,NA,NA,NA,NA,NA,NA,NA,NA,1,0,NA,NA,1,NA,NA,NA,NA,NA,NA,NA,NA,145,134,NA,NA,240,NA,NA,NA,NA,NA,NA,NA,NA,16,14,NA,NA,11,NA,NA,NA,NA,NA,NA,NA,NA,2,3,NA,NA,5,12.3983592987061,1274.79248046875,NA,NA,NA,NA,NA,NA,NA,NA,8,357,NA,NA,340,NA,NA,NA,NA,NA,NA,NA,NA,9,10,NA,NA,13,13.8343305587769,20.0100936889648,3.34920310974121,1.91910374164581,36.4110336303711,16.264066696167,-0.386925220489502,9.9723072052002,41.76044238608,-2132.48932304778,"StriatedCaracara",10
1054,NA,NA,0,NA,NA,NA,NA,NA,NA,NA,NA,NA,NA,NA,NA,180,NA,NA,NA,NA,NA,NA,NA,NA,NA,NA,NA,NA,12,NA,NA,NA,NA,NA,NA,NA,NA,NA,NA,NA,NA,1,NA,NA,NA,NA,NA,NA,NA,NA,NA,NA,19.3621520996094,2368.533203125,NA,NA,9,NA,NA,NA,NA,NA,NA,NA,NA,NA,NA,NA,NA,3,NA,NA,NA,NA,NA,NA,NA,NA,NA,NA,14.4209985733032,20.1046600341797,9.28865623474121,11.2138071060181,43.0228042602539,10.8111410140991,0.58946019411087,13.8056116104126,81.76044238608,-2132.48932304778,"StriatedCaracara",10
1058,NA,NA,NA,NA,NA,0,NA,NA,NA,0,NA,NA,0,NA,NA,NA,NA,NA,90,NA,NA,NA,180,NA,NA,300,NA,NA,NA,NA,NA,10,NA,NA,NA,10,NA,NA,10,NA,NA,NA,NA,NA,2,NA,NA,NA,1,NA,NA,3,12.1862688064575,474.480285644531,NA,NA,NA,NA,NA,7,NA,NA,NA,31,NA,NA,343,NA,NA,NA,NA,NA,6,NA,NA,NA,10,NA,NA,13,14.7427158355713,19.8868083953857,15.7214202880859,2.54773449897766,50.306396484375,16.2645587921143,0.965389668941498,10.0961971282959,121.76044238608,-2132.48932304778,"StriatedCaracara",10
1071,NA,NA,0,NA,NA,NA,NA,0,0,NA,NA,NA,0,NA,NA,60,NA,NA,NA,NA,45,30,NA,NA,NA,75,NA,NA,13,NA,NA,NA,NA,17,8,NA,NA,NA,16,NA,NA,1,NA,NA,NA,NA,1,3,NA,NA,NA,1,71.5873947143555,9893.322265625,NA,NA,13,NA,NA,NA,NA,57,358,NA,NA,NA,302,NA,NA,3,NA,NA,NA,NA,8,9,NA,NA,NA,13,14.0615692138672,13.3026237487793,1.21742022037506,7.11379146575928,23.3062438964844,4.30182313919067,1.59433484077454,120.202774047852,-1048.23955761392,-2142.48932304778,"StriatedCaracara",10
1073,NA,NA,NA,NA,NA,NA,0,NA,NA,NA,NA,0,NA,NA,NA,NA,NA,NA,NA,3,NA,NA,NA,NA,10,NA,NA,NA,NA,NA,NA,NA,20,NA,NA,NA,NA,12,NA,NA,NA,NA,NA,NA,NA,8,NA,NA,NA,NA,1,NA,58.3113403320312,21986.8515625,NA,NA,NA,NA,NA,NA,9,NA,NA,NA,NA,245,NA,NA,NA,NA,NA,NA,NA,7,NA,NA,NA,NA,12,NA,7.78087663650513,16.8584938049316,0,0,1.84096312522888,0,-2.5609610080719,87.7610015869141,-1028.23955761392,-2142.48932304778,"StriatedCaracara",10
1075,NA,NA,0,0,NA,NA,0,0,0,0,0,NA,0,NA,NA,45,120,NA,NA,200,10,36,15,6,NA,48,NA,NA,15,8,NA,NA,12,18,13,19,18,NA,15,NA,NA,2,2,NA,NA,2,2,1,2,1,NA,2,45.2207260131836,36876.65234375,NA,NA,42,318,NA,NA,19,363,347,3,22,NA,318,NA,NA,3,4,NA,NA,7,8,9,10,11,NA,13,12.763747215271,12.8469572067261,1.31973159313202,0.349975228309631,21.2051601409912,2.13078832626343,-2.34446358680725,157.895233154297,-1008.23955761392,-2142.48932304778,"StriatedCaracara",10
1076,NA,NA,NA,NA,NA,NA,0,0,0,0,0,0,0,NA,NA,NA,NA,NA,NA,60,120,300,300,52,15,5,NA,NA,NA,NA,NA,NA,14,15,9,8,12,10,8,NA,NA,NA,NA,NA,NA,1,2,2,1,2,2,3,37.0123596191406,45138.703125,NA,NA,NA,NA,NA,NA,22,1,325,337,27,25,343,NA,NA,NA,NA,NA,NA,7,8,9,10,11,12,13,10.6144065856934,14.7047557830811,2.03673529624939,3.95230197906494,25.785213470459,8.79451942443848,8.87139701843262,191.802062988281,-998.23955761392,-2142.48932304778,"StriatedCaracara",10
1077,0,0,NA,0,0,0,0,0,0,0,0,0,0,30,90,NA,30,85,195,300,150,15,30,25,10,11,23,11,NA,16,8,10,13,16,7,10,11,16,10,2,5,NA,3,1,1,1,4,2,1,2,1,3,28.0722026824951,53605.046875,25,280,NA,338,25,280,312,260,295,296,3,274,315,1,2,NA,4,5,6,7,8,9,10,11,12,13,13.5789470672607,14.5214128494263,3.65171241760254,2.54923939704895,24.3573760986328,17.2516536712646,3.26675701141357,185.459350585938,-988.23955761392,-2142.48932304778,"StriatedCaracara",10
1078,0,0,NA,0,0,0,0,0,0,0,0,0,0,20,225,NA,120,180,135,45,75,55,15,30,270,70,13,11,NA,13,15,15,15,8,16,18,9,9,7,1,1,NA,2,4,4,3,1,2,6,2,1,1,19.110876083374,61836.71484375,26,305,NA,333,42,321,274,275,294,287,348,283,327,1,2,NA,4,5,6,7,8,9,10,11,12,13,17.241455078125,15.6149759292603,3.75432729721069,1.88229084014893,29.0570068359375,24.114688873291,0.423862487077713,53.0218849182129,-978.23955761392,-2142.48932304778,"StriatedCaracara",10
1079,NA,0,NA,0,0,NA,0,0,0,0,0,0,0,NA,15,NA,120,20,NA,60,44,120,5,35,26,5,NA,10,NA,14,10,NA,10,19,14,10,13,9,8,NA,6,NA,9,7,NA,1,4,1,2,6,1,1,10.1854934692383,69529.0390625,NA,317,NA,52,39,NA,288,5,337,332,1,282,281,NA,2,NA,4,5,NA,7,8,9,10,11,12,13,17.5266628265381,16.2498645782471,1.70805788040161,1.20084393024445,17.7339286804199,14.9937782287598,-2.48211050033569,24.8434581756592,-968.23955761392,-2142.48932304778,"StriatedCaracara",10
1080,0,0,0,NA,0,0,0,0,0,0,0,0,0,180,15,240,NA,180,1,82,30,60,90,140,120,78,9,11,8,NA,12,8,16,11,9,9,9,11,17,2,6,2,NA,2,1,2,1,1,2,3,1,1,2.47060513496399,74990.84375,330,317,41,NA,4,19,336,312,346,331,354,311,274,1,2,3,NA,5,6,7,8,9,10,11,12,13,18.3584594726562,18.0951137542725,7.09849452972412,5.25543260574341,27.2308006286621,20.080249786377,-1.66602993011475,12.9298133850098,-958.23955761392,-2142.48932304778,"StriatedCaracara",10
1081,NA,NA,NA,NA,NA,NA,NA,NA,NA,0,NA,0,NA,NA,NA,NA,NA,NA,NA,NA,NA,NA,120,NA,15,NA,NA,NA,NA,NA,NA,NA,NA,NA,NA,9,NA,15,NA,NA,NA,NA,NA,NA,NA,NA,NA,NA,3,NA,2,NA,7.2631664276123,79601.765625,NA,NA,NA,NA,NA,NA,NA,NA,NA,292,NA,46,NA,NA,NA,NA,NA,NA,NA,NA,NA,NA,10,NA,12,NA,18.8063621520996,18.3705883026123,6.32795572280884,3.39447474479675,24.6012306213379,26.6134796142578,-1.56605279445648,8.88020706176758,-948.23955761392,-2142.48932304778,"StriatedCaracara",10
1083,NA,NA,NA,NA,NA,NA,0,1,NA,NA,NA,1,NA,NA,NA,NA,NA,NA,NA,107,60,NA,NA,NA,125,NA,NA,NA,NA,NA,NA,NA,8,10,NA,NA,NA,14,NA,NA,NA,NA,NA,NA,NA,1,2,NA,NA,NA,1,NA,1.58790373802185,1001.47668457031,NA,NA,NA,NA,NA,NA,11,29,NA,NA,NA,37,NA,NA,NA,NA,NA,NA,NA,7,8,NA,NA,NA,12,NA,13.2826290130615,20.3993625640869,1.8409218788147,13.6308860778809,36.7063026428223,14.4278545379639,1.31560301780701,44.0061378479004,-58.23955761392,-2142.48932304778,"StriatedCaracara",10
1084,0,1,1,1,1,1,1,1,1,1,NA,1,1,180,240,240,240,196,120,233,120,270,120,NA,129,170,14,8,9,11,8,7,13,15,14,17,NA,13,14,1,2,1,2,1,5,1,3,1,1,NA,1,1,1.58790373802185,1001.47668457031,9,40,363,12,316,355,302,326,317,357,NA,37,328,1,2,3,4,5,6,7,8,9,10,NA,12,13,13.2826290130615,20.3993625640869,1.8409218788147,13.6308860778809,36.7063026428223,14.4278545379639,1.31560301780701,44.0061378479004,-48.23955761392,-2142.48932304778,"StriatedCaracara",10
1087,NA,NA,NA,NA,NA,NA,NA,NA,NA,0,NA,NA,NA,NA,NA,NA,NA,NA,NA,NA,NA,NA,240,NA,NA,NA,NA,NA,NA,NA,NA,NA,NA,NA,NA,7,NA,NA,NA,NA,NA,NA,NA,NA,NA,NA,NA,NA,7,NA,NA,NA,13.2170085906982,301.385955810547,NA,NA,NA,NA,NA,NA,NA,NA,NA,303,NA,NA,NA,NA,NA,NA,NA,NA,NA,NA,NA,NA,10,NA,NA,NA,13.2312326431274,19.8965091705322,1.89426624774933,9.74196624755859,26.4857978820801,13.1035070419312,-0.339480638504028,18.2346935272217,-18.23955761392,-2142.48932304778,"StriatedCaracara",10
1088,NA,NA,NA,0,NA,NA,0,1,1,1,NA,NA,1,NA,NA,NA,120,NA,NA,60,80,118,100,NA,NA,50,NA,NA,NA,16,NA,NA,11,13,16,6,NA,NA,9,NA,NA,NA,1,NA,NA,3,1,1,1,NA,NA,1,13.2170085906982,301.385955810547,NA,NA,NA,2,NA,NA,39,15,7,19,NA,NA,338,NA,NA,NA,4,NA,NA,7,8,9,10,NA,NA,13,13.2312326431274,19.8965091705322,1.89426624774933,9.74196624755859,26.4857978820801,13.1035070419312,-0.339480638504028,18.2346935272217,-8.23955761392,-2142.48932304778,"StriatedCaracara",10
1098,NA,NA,NA,NA,NA,NA,0,NA,NA,NA,NA,NA,NA,NA,NA,NA,NA,NA,NA,120,NA,NA,NA,NA,NA,NA,NA,NA,NA,NA,NA,NA,17,NA,NA,NA,NA,NA,NA,NA,NA,NA,NA,NA,NA,2,NA,NA,NA,NA,NA,NA,15.6387395858765,1950.11254882812,NA,NA,NA,NA,NA,NA,359,NA,NA,NA,NA,NA,NA,NA,NA,NA,NA,NA,NA,7,NA,NA,NA,NA,NA,NA,14.6629657745361,20.0438766479492,16.9365634918213,13.1551532745361,51.510009765625,9.726637840271,0.229361802339554,12.5980682373047,91.76044238608,-2142.48932304778,"StriatedCaracara",10
1100,NA,NA,NA,NA,NA,NA,NA,NA,NA,NA,NA,NA,0,NA,NA,NA,NA,NA,NA,NA,NA,NA,NA,NA,NA,10,NA,NA,NA,NA,NA,NA,NA,NA,NA,NA,NA,NA,9,NA,NA,NA,NA,NA,NA,NA,NA,NA,NA,NA,NA,3,10.1362648010254,651.843444824219,NA,NA,NA,NA,NA,NA,NA,NA,NA,NA,NA,NA,40,NA,NA,NA,NA,NA,NA,NA,NA,NA,NA,NA,NA,13,14.808874130249,19.9308376312256,8.18697738647461,4.55062246322632,44.1658592224121,14.7655305862427,-0.360985726118088,11.5854406356812,111.76044238608,-2142.48932304778,"StriatedCaracara",10
1104,NA,NA,NA,NA,NA,NA,NA,NA,0,NA,NA,NA,0,NA,NA,NA,NA,NA,NA,NA,NA,37,NA,NA,NA,60,NA,NA,NA,NA,NA,NA,NA,NA,12,NA,NA,NA,10,NA,NA,NA,NA,NA,NA,NA,NA,1,NA,NA,NA,2,17.5824718475342,511.26416015625,NA,NA,NA,NA,NA,NA,NA,NA,54,NA,NA,NA,52,NA,NA,NA,NA,NA,NA,NA,NA,9,NA,NA,NA,13,14.3971614837646,19.3445091247559,7.669273853302,3.02300882339478,49.622974395752,15.3438272476196,-0.3472580909729,6.11509895324707,151.76044238608,-2142.48932304778,"StriatedCaracara",10
1112,NA,NA,NA,NA,0,NA,NA,NA,NA,NA,NA,NA,NA,NA,NA,NA,NA,30,NA,NA,NA,NA,NA,NA,NA,NA,NA,NA,NA,NA,12,NA,NA,NA,NA,NA,NA,NA,NA,NA,NA,NA,NA,2,NA,NA,NA,NA,NA,NA,NA,NA,109.860984802246,3084.50854492188,NA,NA,NA,NA,17,NA,NA,NA,NA,NA,NA,NA,NA,NA,NA,NA,NA,5,NA,NA,NA,NA,NA,NA,NA,NA,13.4434175491333,12.2860145568848,0.220495700836182,2.26618766784668,25.4615325927734,15.3014755249023,0.354266673326492,92.8126831054688,-1088.23955761392,-2152.48932304778,"StriatedCaracara",10
1120,NA,NA,NA,NA,NA,NA,0,NA,NA,NA,NA,0,NA,NA,NA,NA,NA,NA,NA,100,NA,NA,NA,NA,20,NA,NA,NA,NA,NA,NA,NA,7,NA,NA,NA,NA,9,NA,NA,NA,NA,NA,NA,NA,4,NA,NA,NA,NA,2,NA,44.2788887023926,37796.82421875,NA,NA,NA,NA,NA,NA,329,NA,NA,NA,NA,27,NA,NA,NA,NA,NA,NA,NA,7,NA,NA,NA,NA,12,NA,15.1756553649902,11.4476432800293,1.76313185691833,16.1071529388428,13.1042995452881,7.89343643188477,-4.65209579467773,92.5222930908203,-1008.23955761392,-2152.48932304778,"StriatedCaracara",10
1121,0,0,0,0,0,0,0,0,0,0,0,0,0,60,120,240,147,150,59,105,128,45,60,15,100,10,19,10,8,9,11,9,11,9,14,19,18,12,15,2,6,3,1,3,1,5,1,5,2,1,1,1,35.5647277832031,44368.22265625,23,316,340,304,321,325,318,322,316,324,45,52,342,1,2,3,4,5,6,7,8,9,10,11,12,13,15.6758460998535,13.3236274719238,1.35376441478729,8.28057670593262,12.3454437255859,13.1738452911377,-3.05765914916992,98.4330825805664,-998.23955761392,-2152.48932304778,"StriatedCaracara",10
1122,0,0,NA,0,0,0,0,0,0,0,0,0,0,20,300,NA,10,30,75,1,45,55,120,120,120,14,14,10,NA,15,15,19,19,12,16,10,13,13,11,2,4,NA,3,3,3,1,1,1,1,1,1,1,26.6827964782715,51136.3828125,321,306,NA,343,321,308,323,286,271,298,306,304,342,1,2,NA,4,5,6,7,8,9,10,11,12,13,16.5936012268066,14.1284580230713,2.16729927062988,5.51813983917236,21.9255409240723,22.7859287261963,-3.29494094848633,51.7639312744141,-988.23955761392,-2152.48932304778,"StriatedCaracara",10
1123,NA,NA,NA,NA,0,0,0,0,0,0,NA,0,0,NA,NA,NA,NA,60,120,120,30,105,70,NA,60,42,NA,NA,NA,NA,19,6,14,12,10,8,NA,7,12,NA,NA,NA,NA,2,4,1,1,1,1,NA,1,1,17.6754131317139,57661.390625,NA,NA,NA,NA,354,53,285,291,302,352,NA,251,275,NA,NA,NA,NA,5,6,7,8,9,10,NA,12,13,16.2015419006348,15.273042678833,4.58125114440918,5.19973278045654,26.1295623779297,14.7820558547974,-5.01385116577148,59.3636589050293,-978.23955761392,-2152.48932304778,"StriatedCaracara",10
1124,NA,NA,NA,NA,NA,NA,NA,NA,0,0,NA,NA,0,NA,NA,NA,NA,NA,NA,NA,NA,114,60,NA,NA,60,NA,NA,NA,NA,NA,NA,NA,NA,11,7,NA,NA,8,NA,NA,NA,NA,NA,NA,NA,NA,5,1,NA,NA,1,8.79660224914551,63808.1015625,NA,NA,NA,NA,NA,NA,NA,NA,18,352,NA,NA,326,NA,NA,NA,NA,NA,NA,NA,NA,9,10,NA,NA,13,15.1145973205566,16.721565246582,5.28316593170166,3.05264759063721,28.1629390716553,20.7536678314209,4.7197437286377,121.62052154541,-968.23955761392,-2152.48932304778,"StriatedCaracara",10
1125,NA,NA,NA,NA,NA,0,NA,0,0,0,NA,0,0,NA,NA,NA,NA,NA,1,NA,1,30,13,NA,20,128,NA,NA,NA,NA,NA,17,NA,10,16,19,NA,14,15,NA,NA,NA,NA,NA,1,NA,1,1,1,NA,2,1,2.32265329360962,67966.3046875,NA,NA,NA,NA,NA,254,NA,321,248,286,NA,266,276,NA,NA,NA,NA,NA,6,NA,8,9,10,NA,12,13,17.633472442627,18.3696365356445,5.45107078552246,2.17694163322449,23.2252826690674,23.6412334442139,-1.79624497890472,44.0488510131836,-958.23955761392,-2152.48932304778,"StriatedCaracara",10
1133,NA,NA,NA,0,NA,NA,NA,NA,NA,NA,1,NA,NA,NA,NA,NA,120,NA,NA,NA,NA,NA,NA,150,NA,NA,NA,NA,NA,8,NA,NA,NA,NA,NA,NA,13,NA,NA,NA,NA,NA,2,NA,NA,NA,NA,NA,NA,2,NA,NA,11.1200037002563,570.8369140625,NA,NA,NA,6,NA,NA,NA,NA,NA,NA,323,NA,NA,NA,NA,NA,4,NA,NA,NA,NA,NA,NA,11,NA,NA,13.392406463623,20.1603984832764,5.39040899276733,2.83396172523499,51.567798614502,25.3875026702881,-0.942036807537079,42.4554061889648,-8.23955761392,-2152.48932304778,"StriatedCaracara",10
1144,NA,NA,NA,NA,NA,NA,NA,NA,NA,0,NA,NA,NA,NA,NA,NA,NA,NA,NA,NA,NA,NA,65,NA,NA,NA,NA,NA,NA,NA,NA,NA,NA,NA,NA,9,NA,NA,NA,NA,NA,NA,NA,NA,NA,NA,NA,NA,1,NA,NA,NA,5.32718086242676,2463.16455078125,NA,NA,NA,NA,NA,NA,NA,NA,NA,330,NA,NA,NA,NA,NA,NA,NA,NA,NA,NA,NA,NA,10,NA,NA,NA,14.8274602890015,20.2302188873291,23.4691696166992,10.7520389556885,50.642879486084,12.4400701522827,-1.10530304908752,12.9685974121094,101.76044238608,-2152.48932304778,"StriatedCaracara",10
1145,NA,NA,NA,NA,NA,NA,NA,NA,NA,NA,NA,0,0,NA,NA,NA,NA,NA,NA,NA,NA,NA,NA,NA,10,9,NA,NA,NA,NA,NA,NA,NA,NA,NA,NA,NA,12,10,NA,NA,NA,NA,NA,NA,NA,NA,NA,NA,NA,2,1,6.52353572845459,3243.39331054688,NA,NA,NA,NA,NA,NA,NA,NA,NA,NA,NA,293,337,NA,NA,NA,NA,NA,NA,NA,NA,NA,NA,NA,12,13,14.1904640197754,19.506778717041,12.2159376144409,0.49632328748703,54.9543342590332,25.5166358947754,2.16208577156067,35.6455497741699,111.76044238608,-2152.48932304778,"StriatedCaracara",10
1147,NA,NA,NA,NA,NA,NA,NA,NA,NA,NA,NA,NA,0,NA,NA,NA,NA,NA,NA,NA,NA,NA,NA,NA,NA,40,NA,NA,NA,NA,NA,NA,NA,NA,NA,NA,NA,NA,10,NA,NA,NA,NA,NA,NA,NA,NA,NA,NA,NA,NA,1,2.38349032402039,1741.91711425781,NA,NA,NA,NA,NA,NA,NA,NA,NA,NA,NA,NA,317,NA,NA,NA,NA,NA,NA,NA,NA,NA,NA,NA,NA,13,14.5500268936157,19.2747344970703,21.7926177978516,2.94664573669434,46.7257385253906,12.3969116210938,0.783823788166046,14.2265405654907,131.76044238608,-2152.48932304778,"StriatedCaracara",10
1148,NA,NA,NA,NA,NA,NA,NA,NA,0,NA,NA,NA,0,NA,NA,NA,NA,NA,NA,NA,NA,5,NA,NA,NA,71,NA,NA,NA,NA,NA,NA,NA,NA,9,NA,NA,NA,12,NA,NA,NA,NA,NA,NA,NA,NA,1,NA,NA,NA,1,5.70138597488403,1836.23913574219,NA,NA,NA,NA,NA,NA,NA,NA,54,NA,NA,NA,317,NA,NA,NA,NA,NA,NA,NA,NA,9,NA,NA,NA,13,14.3784151077271,18.8725452423096,18.53932762146,4.65417528152466,50.790412902832,12.7091598510742,0.627575993537903,17.6845741271973,141.76044238608,-2152.48932304778,"StriatedCaracara",10
1149,NA,NA,NA,NA,NA,NA,1,NA,NA,0,0,0,NA,NA,NA,NA,NA,NA,NA,10,NA,NA,10,120,155,NA,NA,NA,NA,NA,NA,NA,8,NA,NA,14,13,9,NA,NA,NA,NA,NA,NA,NA,2,NA,NA,2,1,2,NA,11.1863889694214,832.216857910156,NA,NA,NA,NA,NA,NA,26,NA,NA,305,285,329,NA,NA,NA,NA,NA,NA,NA,7,NA,NA,10,11,12,NA,14.2952079772949,19.381664276123,6.79198265075684,2.05368828773499,58.3698348999023,11.642970085144,0.507473826408386,14.493480682373,151.76044238608,-2152.48932304778,"StriatedCaracara",10
1150,NA,NA,0,NA,0,0,0,0,0,0,0,0,0,NA,NA,120,NA,90,100,140,120,171,240,180,240,113,NA,NA,15,NA,12,10,10,10,10,10,5,16,9,NA,NA,2,NA,1,1,2,3,3,7,2,4,2,18.532543182373,282.984375,NA,NA,365,NA,361,345,26,52,11,329,285,330,356,NA,NA,3,NA,5,6,7,8,9,10,11,12,13,14.1571998596191,19.9687252044678,1.10523545742035,5.94788312911987,43.463981628418,8.93108558654785,-0.0608740150928497,12.8713779449463,161.76044238608,-2152.48932304778,"StriatedCaracara",10
1166,0,NA,NA,NA,NA,NA,NA,NA,NA,0,NA,NA,0,45,NA,NA,NA,NA,NA,NA,NA,NA,60,NA,NA,75,10,NA,NA,NA,NA,NA,NA,NA,NA,16,NA,NA,12,2,NA,NA,NA,NA,NA,NA,NA,NA,1,NA,NA,1,39.848274230957,34849.96875,321,NA,NA,NA,NA,NA,NA,NA,NA,349,NA,NA,288,1,NA,NA,NA,NA,NA,NA,NA,NA,10,NA,NA,13,12.7171630859375,11.2181348800659,1.57579171657562,7.01250457763672,26.1825790405273,13.8584690093994,5.79682731628418,106.549331665039,-1008.23955761392,-2162.48932304778,"StriatedCaracara",10
1167,NA,0,NA,0,NA,0,0,0,0,0,0,0,0,NA,25,NA,31,NA,17,30,5,120,15,71,5,245,NA,12,NA,7,NA,7,11,9,13,6,6,15,10,NA,6,NA,10,NA,1,3,1,1,2,1,1,1,31.7456855773926,39243.54296875,NA,316,NA,283,NA,325,274,296,356,325,39,263,307,NA,2,NA,4,NA,6,7,8,9,10,11,12,13,15.6225776672363,12.6864824295044,8.1168212890625,18.6806373596191,29.1013355255127,9.73329257965088,0.400814473628998,72.4608154296875,-998.23955761392,-2162.48932304778,"StriatedCaracara",10
1168,0,0,NA,0,0,0,0,0,0,0,0,0,0,15,20,NA,55,130,35,48,10,30,5,35,23,90,9,9,NA,11,14,18,17,19,21,10,16,16,19,2,6,NA,1,1,3,1,1,1,2,5,1,5,24.193021774292,44210.421875,321,316,NA,304,40,321,324,321,357,19,2,292,309,1,2,NA,4,5,6,7,8,9,10,11,12,13,16.7555465698242,13.4016437530518,3.14748001098633,6.56278848648071,25.9505462646484,17.6609382629395,-1.20772874355316,45.4324264526367,-988.23955761392,-2162.48932304778,"StriatedCaracara",10
1172,0,NA,NA,NA,NA,0,0,0,0,0,NA,0,0,1,NA,NA,NA,NA,1,10,1,5,10,NA,14,8,13,NA,NA,NA,NA,15,11,9,18,14,NA,8,13,1,NA,NA,NA,NA,1,1,3,5,2,NA,1,1,2.51402425765991,61637.3671875,360,NA,NA,NA,NA,257,323,8,315,304,NA,311,306,1,NA,NA,NA,NA,6,7,8,9,10,NA,12,13,17.7162437438965,19.1693630218506,12.3135824203491,1.77933931350708,33.1588706970215,20.789270401001,-7.84415435791016,60.1403045654297,-948.23955761392,-2162.48932304778,"StriatedCaracara",10
1173,0,NA,0,NA,NA,0,0,0,0,0,0,0,0,1,NA,15,NA,NA,90,60,20,23,3,22,30,30,13,NA,10,NA,NA,6,16,9,6,10,17,10,9,1,NA,1,NA,NA,1,1,1,1,2,1,1,2,3.87406849861145,65876.921875,360,NA,362,NA,NA,17,21,321,289,295,41,266,319,1,NA,3,NA,NA,6,7,8,9,10,11,12,13,16.7887840270996,18.3652305603027,18.5823860168457,9.08081436157227,39.6335754394531,22.3203125,-1.9726984500885,49.8277778625488,-938.23955761392,-2162.48932304778,"StriatedCaracara",10
1174,NA,NA,NA,0,NA,NA,NA,0,NA,NA,NA,NA,0,NA,NA,NA,30,NA,NA,NA,35,NA,NA,NA,NA,3,NA,NA,NA,9,NA,NA,NA,15,NA,NA,NA,NA,16,NA,NA,NA,1,NA,NA,NA,1,NA,NA,NA,NA,1,2.26904702186584,61998.13671875,NA,NA,NA,17,NA,NA,NA,4,NA,NA,NA,NA,300,NA,NA,NA,4,NA,NA,NA,8,NA,NA,NA,NA,13,15.9881477355957,17.5649337768555,16.8020610809326,6.16717624664307,44.3001937866211,28.5585536956787,0.599210858345032,23.9079456329346,-928.23955761392,-2162.48932304778,"StriatedCaracara",10
1179,NA,NA,NA,NA,NA,NA,NA,NA,0,NA,NA,NA,NA,NA,NA,NA,NA,NA,NA,NA,NA,42,NA,NA,NA,NA,NA,NA,NA,NA,NA,NA,NA,NA,10,NA,NA,NA,NA,NA,NA,NA,NA,NA,NA,NA,NA,1,NA,NA,NA,NA,1.27022743225098,413.828826904297,NA,NA,NA,NA,NA,NA,NA,NA,353,NA,NA,NA,NA,NA,NA,NA,NA,NA,NA,NA,NA,9,NA,NA,NA,NA,13.3727264404297,20.0569305419922,6.55370330810547,9.31327629089355,42.8550758361816,16.1426162719727,0.0995897650718689,31.8090114593506,-38.23955761392,-2162.48932304778,"StriatedCaracara",10
1180,NA,NA,NA,NA,NA,NA,NA,NA,NA,NA,1,1,0,NA,NA,NA,NA,NA,NA,NA,NA,NA,NA,130,120,90,NA,NA,NA,NA,NA,NA,NA,NA,NA,NA,9,17,21,NA,NA,NA,NA,NA,NA,NA,NA,NA,NA,1,3,1,7.73037195205688,1985.65222167969,NA,NA,NA,NA,NA,NA,NA,NA,NA,NA,324,302,10,NA,NA,NA,NA,NA,NA,NA,NA,NA,NA,11,12,13,13.245361328125,19.6113548278809,4.58621072769165,4.50549459457397,41.9591636657715,18.6203384399414,-0.117591381072998,21.8389778137207,-28.23955761392,-2162.48932304778,"StriatedCaracara",10
1186,NA,NA,NA,0,NA,NA,NA,NA,NA,NA,NA,0,NA,NA,NA,NA,10,NA,NA,NA,NA,NA,NA,NA,60,NA,NA,NA,NA,14,NA,NA,NA,NA,NA,NA,NA,15,NA,NA,NA,NA,2,NA,NA,NA,NA,NA,NA,NA,1,NA,3.51791334152222,1204.83923339844,NA,NA,NA,5,NA,NA,NA,NA,NA,NA,NA,301,NA,NA,NA,NA,4,NA,NA,NA,NA,NA,NA,NA,12,NA,13.3222332000732,20.7514457702637,21.01584815979,0.0884818509221077,50.113410949707,23.8750019073486,1.99854016304016,52.6553573608398,31.76044238608,-2162.48932304778,"StriatedCaracara",10
1190,NA,NA,NA,NA,NA,NA,NA,NA,NA,0,NA,NA,0,NA,NA,NA,NA,NA,NA,NA,NA,NA,60,NA,NA,13,NA,NA,NA,NA,NA,NA,NA,NA,NA,9,NA,NA,18,NA,NA,NA,NA,NA,NA,NA,NA,NA,3,NA,NA,1,3.82726263999939,4008.466796875,NA,NA,NA,NA,NA,NA,NA,NA,NA,48,NA,NA,319,NA,NA,NA,NA,NA,NA,NA,NA,NA,10,NA,NA,13,13.7445087432861,20.6968669891357,11.3107805252075,3.02982401847839,46.1464538574219,15.779577255249,2.06352663040161,34.3462829589844,71.76044238608,-2162.48932304778,"StriatedCaracara",10
1195,NA,NA,NA,NA,NA,NA,NA,NA,NA,0,NA,0,0,NA,NA,NA,NA,NA,NA,NA,NA,NA,10,NA,12,23,NA,NA,NA,NA,NA,NA,NA,NA,NA,9,NA,11,9,NA,NA,NA,NA,NA,NA,NA,NA,NA,1,NA,1,1,5.22761011123657,2108.29028320312,NA,NA,NA,NA,NA,NA,NA,NA,NA,330,NA,276,337,NA,NA,NA,NA,NA,NA,NA,NA,NA,10,NA,12,13,14.6456260681152,19.0823459625244,12.4810314178467,0.869806289672852,49.7503433227539,18.4474468231201,1.93395090103149,25.2871990203857,121.76044238608,-2162.48932304778,"StriatedCaracara",10
1197,NA,NA,NA,NA,NA,NA,NA,NA,NA,0,0,0,0,NA,NA,NA,NA,NA,NA,NA,NA,NA,8,119,165,95,NA,NA,NA,NA,NA,NA,NA,NA,NA,7,11,9,13,NA,NA,NA,NA,NA,NA,NA,NA,NA,2,1,1,1,6.02712202072144,3119.9443359375,NA,NA,NA,NA,NA,NA,NA,NA,NA,305,366,362,246,NA,NA,NA,NA,NA,NA,NA,NA,NA,10,11,12,13,14.4579677581787,19.4611930847168,9.68933486938477,0.763899624347687,49.711669921875,21.967643737793,-0.969701647758484,22.2957897186279,141.76044238608,-2162.48932304778,"StriatedCaracara",10
1198,0,NA,NA,NA,NA,NA,NA,NA,0,NA,NA,NA,NA,60,NA,NA,NA,NA,NA,NA,NA,120,NA,NA,NA,NA,18,NA,NA,NA,NA,NA,NA,NA,10,NA,NA,NA,NA,5,NA,NA,NA,NA,NA,NA,NA,4,NA,NA,NA,NA,11.1863889694214,832.216857910156,1,NA,NA,NA,NA,NA,NA,NA,2,NA,NA,NA,NA,1,NA,NA,NA,NA,NA,NA,NA,9,NA,NA,NA,NA,14.2952079772949,19.381664276123,6.79198265075684,2.05368828773499,58.3698348999023,11.642970085144,0.507473826408386,14.493480682373,151.76044238608,-2162.48932304778,"StriatedCaracara",10
1199,NA,NA,NA,NA,NA,NA,NA,NA,NA,0,0,0,0,NA,NA,NA,NA,NA,NA,NA,NA,NA,95,70,51,99,NA,NA,NA,NA,NA,NA,NA,NA,NA,8,11,13,13,NA,NA,NA,NA,NA,NA,NA,NA,NA,2,3,3,5,18.532543182373,282.984375,NA,NA,NA,NA,NA,NA,NA,NA,NA,305,299,33,320,NA,NA,NA,NA,NA,NA,NA,NA,NA,10,11,12,13,14.1571998596191,19.9687252044678,1.10523545742035,5.94788312911987,43.463981628418,8.93108558654785,-0.0608740150928497,12.8713779449463,161.76044238608,-2162.48932304778,"StriatedCaracara",10
1200,NA,NA,NA,NA,NA,NA,NA,NA,NA,0,0,0,0,NA,NA,NA,NA,NA,NA,NA,NA,NA,100,60,105,125,NA,NA,NA,NA,NA,NA,NA,NA,NA,10,18,18,18,NA,NA,NA,NA,NA,NA,NA,NA,NA,2,10,2,1,6.96122407913208,763.744995117188,NA,NA,NA,NA,NA,NA,NA,NA,NA,305,43,295,313,NA,NA,NA,NA,NA,NA,NA,NA,NA,10,11,12,13,13.6207637786865,20.1718883514404,0.0271423235535622,4.01107549667358,16.6312084197998,5.42269945144653,0.163224816322327,3.5727858543396,171.76044238608,-2162.48932304778,"StriatedCaracara",10
1217,NA,0,0,0,0,0,0,0,0,0,0,0,0,NA,60,60,60,37,135,45,81,90,6,54,20,45,NA,11,6,6,19,17,17,8,17,14,17,9,15,NA,2,2,4,2,1,1,1,1,1,1,1,1,18.6248836517334,37190.15625,NA,362,43,347,38,59,306,323,269,283,18,58,338,NA,2,3,4,5,6,7,8,9,10,11,12,13,14.9931259155273,12.5999660491943,2.75533938407898,21.0716857910156,25.8725891113281,12.831428527832,2.2855658531189,70.5511016845703,-988.23955761392,-2172.48932304778,"StriatedCaracara",10
1218,NA,NA,NA,NA,0,NA,0,0,0,0,0,0,0,NA,NA,NA,NA,20,NA,25,179,30,9,28,240,2,NA,NA,NA,NA,9,NA,9,14,14,15,15,8,14,NA,NA,NA,NA,1,NA,1,1,1,2,2,1,1,10.5088548660278,41039.1796875,NA,NA,NA,NA,42,NA,36,265,334,329,38,362,281,NA,NA,NA,NA,5,NA,7,8,9,10,11,12,13,16.2431335449219,15.6722183227539,1.41179847717285,15.1284646987915,17.2387638092041,5.54630422592163,-3.23959398269653,40.5011825561523,-978.23955761392,-2172.48932304778,"StriatedCaracara",10
1219,NA,NA,0,NA,NA,0,NA,NA,0,0,0,0,0,NA,NA,60,NA,NA,120,NA,NA,270,90,263,92,56,NA,NA,13,NA,NA,12,NA,NA,11,8,7,10,16,NA,NA,2,NA,NA,1,NA,NA,8,3,1,4,2,4.15020132064819,45217.15625,NA,NA,9,NA,NA,295,NA,NA,257,281,245,282,315,NA,NA,3,NA,NA,6,NA,NA,9,10,11,12,13,16.7519340515137,17.8591728210449,9.99190902709961,7.9262638092041,30.6921920776367,12.005838394165,-0.882645785808563,57.4832916259766,-968.23955761392,-2172.48932304778,"StriatedCaracara",10
1220,NA,NA,NA,NA,NA,0,0,0,0,0,NA,NA,NA,NA,NA,NA,NA,NA,60,120,135,55,10,NA,NA,NA,NA,NA,NA,NA,NA,10,14,16,12,15,NA,NA,NA,NA,NA,NA,NA,NA,1,3,2,2,1,NA,NA,NA,2.75435495376587,48707.18359375,NA,NA,NA,NA,NA,295,40,340,301,16,NA,NA,NA,NA,NA,NA,NA,NA,6,7,8,9,10,NA,NA,NA,17.4253044128418,19.0219173431396,23.3140964508057,5.96415328979492,43.0997734069824,17.9227428436279,-3.46524119377136,46.6121673583984,-958.23955761392,-2172.48932304778,"StriatedCaracara",10
1221,NA,NA,NA,NA,0,0,NA,0,0,0,NA,0,0,NA,NA,NA,NA,35,1,NA,6,5,10,NA,125,2,NA,NA,NA,NA,11,17,NA,11,8,9,NA,10,8,NA,NA,NA,NA,1,1,NA,4,9,1,NA,2,1,2.09319972991943,52034.30078125,NA,NA,NA,NA,40,254,NA,260,13,310,NA,311,35,NA,NA,NA,NA,5,6,NA,8,9,10,NA,12,13,16.4387130737305,17.8270053863525,16.1511783599854,8.46960067749023,35.6938629150391,23.1383781433105,4.82095146179199,89.9840240478516,-948.23955761392,-2172.48932304778,"StriatedCaracara",10
1222,NA,NA,NA,NA,NA,NA,NA,NA,0,NA,NA,NA,NA,NA,NA,NA,NA,NA,NA,NA,NA,120,NA,NA,NA,NA,NA,NA,NA,NA,NA,NA,NA,NA,10,NA,NA,NA,NA,NA,NA,NA,NA,NA,NA,NA,NA,2,NA,NA,NA,NA,4.16887044906616,56694.12890625,NA,NA,NA,NA,NA,NA,NA,NA,8,NA,NA,NA,NA,NA,NA,NA,NA,NA,NA,NA,NA,9,NA,NA,NA,NA,15.7406854629517,17.7453746795654,14.3036556243896,11.9785013198853,42.397819519043,21.3130435943604,1.48626458644867,48.0446968078613,-938.23955761392,-2172.48932304778,"StriatedCaracara",10
1223,NA,NA,NA,NA,NA,NA,NA,NA,0,NA,NA,NA,NA,NA,NA,NA,NA,NA,NA,NA,NA,20,NA,NA,NA,NA,NA,NA,NA,NA,NA,NA,NA,NA,10,NA,NA,NA,NA,NA,NA,NA,NA,NA,NA,NA,NA,1,NA,NA,NA,NA,2.26904702186584,61998.13671875,NA,NA,NA,NA,NA,NA,NA,NA,37,NA,NA,NA,NA,NA,NA,NA,NA,NA,NA,NA,NA,9,NA,NA,NA,NA,15.9881477355957,17.5649337768555,16.8020610809326,6.16717624664307,44.3001937866211,28.5585536956787,0.599210858345032,23.9079456329346,-928.23955761392,-2172.48932304778,"StriatedCaracara",10
1225,NA,NA,1,NA,1,0,1,1,1,1,NA,1,1,NA,NA,180,NA,180,30,300,200,241,213,NA,110,56,NA,NA,9,NA,7,7,8,7,7,8,NA,7,14,NA,NA,1,NA,1,1,2,1,1,1,NA,1,1,29.0812816619873,592.69580078125,NA,NA,349,NA,24,12,309,326,299,321,NA,339,316,NA,NA,3,NA,5,6,7,8,9,10,NA,12,13,12.9365510940552,20.4295082092285,6.06512928009033,4.81747198104858,23.3923892974854,11.7155637741089,0.163243725895882,14.5230112075806,-98.23955761392,-2172.48932304778,"StriatedCaracara",10
1238,NA,NA,NA,0,NA,NA,NA,NA,NA,NA,NA,0,NA,NA,NA,NA,1,NA,NA,NA,NA,NA,NA,NA,25,NA,NA,NA,NA,10,NA,NA,NA,NA,NA,NA,NA,12,NA,NA,NA,NA,2,NA,NA,NA,NA,NA,NA,NA,1,NA,3.60010504722595,5950.61572265625,NA,NA,NA,5,NA,NA,NA,NA,NA,NA,NA,254,NA,NA,NA,NA,4,NA,NA,NA,NA,NA,NA,NA,12,NA,14.1783685684204,21.4269027709961,15.1566619873047,0.56208074092865,35.6950531005859,13.6129264831543,-1.05467939376831,7.94753456115723,61.76044238608,-2172.48932304778,"StriatedCaracara",10
1240,NA,NA,NA,NA,NA,NA,NA,NA,NA,0,NA,0,0,NA,NA,NA,NA,NA,NA,NA,NA,NA,45,NA,140,70,NA,NA,NA,NA,NA,NA,NA,NA,NA,11,NA,14,7,NA,NA,NA,NA,NA,NA,NA,NA,NA,1,NA,1,1,3.20849466323853,10914.654296875,NA,NA,NA,NA,NA,NA,NA,NA,NA,365,NA,276,320,NA,NA,NA,NA,NA,NA,NA,NA,NA,10,NA,12,13,14.1360626220703,20.8359451293945,11.3245096206665,1.49871039390564,54.1197853088379,27.8452606201172,-0.708273231983185,30.1208000183105,81.76044238608,-2172.48932304778,"StriatedCaracara",10
1245,NA,NA,NA,NA,NA,NA,NA,NA,NA,NA,NA,0,0,NA,NA,NA,NA,NA,NA,NA,NA,NA,NA,NA,10,4,NA,NA,NA,NA,NA,NA,NA,NA,NA,NA,NA,8,9,NA,NA,NA,NA,NA,NA,NA,NA,NA,NA,NA,1,1,8.29139423370361,4871.3232421875,NA,NA,NA,NA,NA,NA,NA,NA,NA,NA,NA,38,337,NA,NA,NA,NA,NA,NA,NA,NA,NA,NA,NA,12,13,14.272234916687,20.0982570648193,9.08609962463379,1.52375161647797,52.476879119873,29.7581596374512,1.41578710079193,38.9754333496094,131.76044238608,-2172.48932304778,"StriatedCaracara",10
1246,NA,NA,NA,NA,NA,NA,NA,NA,NA,NA,0,0,0,NA,NA,NA,NA,NA,NA,NA,NA,NA,NA,25,5,20,NA,NA,NA,NA,NA,NA,NA,NA,NA,NA,17,18,8,NA,NA,NA,NA,NA,NA,NA,NA,NA,NA,1,1,1,5.69791603088379,4841.5810546875,NA,NA,NA,NA,NA,NA,NA,NA,NA,NA,365,275,337,NA,NA,NA,NA,NA,NA,NA,NA,NA,NA,11,12,13,13.9136629104614,20.0082511901855,7.29380893707275,1.36673355102539,50.6030616760254,30.7728805541992,0.369257092475891,49.3345794677734,141.76044238608,-2172.48932304778,"StriatedCaracara",10
1247,NA,NA,NA,NA,NA,NA,NA,NA,NA,NA,NA,0,0,NA,NA,NA,NA,NA,NA,NA,NA,NA,NA,NA,80,10,NA,NA,NA,NA,NA,NA,NA,NA,NA,NA,NA,16,9,NA,NA,NA,NA,NA,NA,NA,NA,NA,NA,NA,1,2,4.60309886932373,3592.67016601562,NA,NA,NA,NA,NA,NA,NA,NA,NA,NA,NA,275,8,NA,NA,NA,NA,NA,NA,NA,NA,NA,NA,NA,12,13,14.0836353302002,19.8069953918457,6.83541822433472,3.29829597473145,53.9101066589355,24.6492767333984,-0.455308347940445,28.3694458007812,151.76044238608,-2172.48932304778,"StriatedCaracara",10
1248,0,0,0,1,0,0,0,0,0,0,0,0,1,60,120,240,180,120,25,40,140,30,120,20,40,73,13,13,11,8,10,15,9,12,13,12,16,8,9,2,4,1,2,10,1,1,2,1,2,2,1,2,3.86490392684937,2193.24365234375,12,13,350,323,365,345,354,362,340,320,285,365,316,1,2,3,4,5,6,7,8,9,10,11,12,13,13.9448471069336,19.9965305328369,2.67169690132141,2.52195644378662,42.5248870849609,17.9137477874756,0.00515085458755493,17.0677757263184,161.76044238608,-2172.48932304778,"StriatedCaracara",10
1249,0,NA,NA,0,0,NA,0,0,0,0,0,0,1,240,NA,NA,5,175,NA,180,150,30,70,110,60,105,10,NA,NA,8,13,NA,14,9,13,14,10,14,10,1,NA,NA,2,1,NA,7,10,1,1,2,7,1,6.96122407913208,763.744995117188,10,NA,NA,5,44,NA,337,307,302,323,343,334,24,1,NA,NA,4,5,NA,7,8,9,10,11,12,13,13.6207637786865,20.1718883514404,0.0271423235535622,4.01107549667358,16.6312084197998,5.42269945144653,0.163224816322327,3.5727858543396,171.76044238608,-2172.48932304778,"StriatedCaracara",10
1259,NA,NA,NA,NA,0,NA,NA,NA,NA,NA,NA,NA,NA,NA,NA,NA,NA,30,NA,NA,NA,NA,NA,NA,NA,NA,NA,NA,NA,NA,9,NA,NA,NA,NA,NA,NA,NA,NA,NA,NA,NA,NA,1,NA,NA,NA,NA,NA,NA,NA,NA,88.1049499511719,3514.15258789062,NA,NA,NA,NA,18,NA,NA,NA,NA,NA,NA,NA,NA,NA,NA,NA,NA,5,NA,NA,NA,NA,NA,NA,NA,NA,14.0195264816284,11.6644458770752,0.790841341018677,1.89515018463135,38.6351928710938,29.0532264709473,1.7854710817337,101.767059326172,-1068.23955761392,-2182.48932304778,"StriatedCaracara",10
1268,NA,NA,NA,NA,NA,NA,NA,NA,NA,NA,0,NA,NA,NA,NA,NA,NA,NA,NA,NA,NA,NA,NA,60,NA,NA,NA,NA,NA,NA,NA,NA,NA,NA,NA,NA,12,NA,NA,NA,NA,NA,NA,NA,NA,NA,NA,NA,NA,3,NA,NA,6.8358268737793,31792.6484375,NA,NA,NA,NA,NA,NA,NA,NA,NA,NA,44,NA,NA,NA,NA,NA,NA,NA,NA,NA,NA,NA,NA,11,NA,NA,13.5131139755249,14.0404090881348,3.2703914642334,14.8815765380859,27.5127143859863,14.0236206054688,1.47125196456909,145.434020996094,-978.23955761392,-2182.48932304778,"StriatedCaracara",10
1269,NA,NA,NA,0,NA,0,0,0,0,NA,NA,NA,0,NA,NA,NA,2,NA,20,3,5,50,NA,NA,NA,19,NA,NA,NA,7,NA,15,15,18,17,NA,NA,NA,9,NA,NA,NA,1,NA,1,1,1,1,NA,NA,NA,1,2.62639951705933,35091.8359375,NA,NA,NA,304,NA,20,292,264,298,NA,NA,NA,308,NA,NA,NA,4,NA,6,7,8,9,NA,NA,NA,13,15.136344909668,15.4641027450562,4.56437873840332,16.3016242980957,33.4659309387207,15.9385061264038,3.22765684127808,96.1555557250977,-968.23955761392,-2182.48932304778,"StriatedCaracara",10
1271,NA,NA,NA,NA,NA,0,0,0,0,0,0,0,0,NA,NA,NA,NA,NA,5,10,156,15,30,139,10,2,NA,NA,NA,NA,NA,8,19,8,8,18,5,10,7,NA,NA,NA,NA,NA,1,4,1,1,1,1,2,1,2.40958380699158,42797.8515625,NA,NA,NA,NA,NA,324,358,336,331,351,341,51,281,NA,NA,NA,NA,NA,6,7,8,9,10,11,12,13,15.7934808731079,17.100414276123,15.958399772644,9.97929286956787,42.2406768798828,22.4998416900635,1.89750587940216,91.2512664794922,-948.23955761392,-2182.48932304778,"StriatedCaracara",10
1273,NA,NA,NA,NA,NA,NA,0,NA,NA,NA,NA,NA,NA,NA,NA,NA,NA,NA,NA,45,NA,NA,NA,NA,NA,NA,NA,NA,NA,NA,NA,NA,16,NA,NA,NA,NA,NA,NA,NA,NA,NA,NA,NA,NA,1,NA,NA,NA,NA,NA,NA,2.42466068267822,53815.484375,NA,NA,NA,NA,NA,NA,340,NA,NA,NA,NA,NA,NA,NA,NA,NA,NA,NA,NA,7,NA,NA,NA,NA,NA,NA,15.4960689544678,15.925817489624,25.1452674865723,1.52687501907349,48.1993293762207,23.1125526428223,-0.425948619842529,31.0811386108398,-928.23955761392,-2182.48932304778,"StriatedCaracara",10
1276,NA,NA,NA,NA,1,0,NA,NA,0,NA,NA,NA,1,NA,NA,NA,NA,30,15,NA,NA,10,NA,NA,NA,21,NA,NA,NA,NA,6,5,NA,NA,18,NA,NA,NA,7,NA,NA,NA,NA,1,1,NA,NA,1,NA,NA,NA,1,29.0812816619873,592.69580078125,NA,NA,NA,NA,24,12,NA,NA,298,NA,NA,NA,326,NA,NA,NA,NA,5,6,NA,NA,9,NA,NA,NA,13,12.9365510940552,20.4295082092285,6.06512928009033,4.81747198104858,23.3923892974854,11.7155637741089,0.163243725895882,14.5230112075806,-98.23955761392,-2182.48932304778,"StriatedCaracara",10
1285,NA,NA,NA,NA,NA,NA,NA,NA,0,0,0,NA,NA,NA,NA,NA,NA,NA,NA,NA,NA,80,30,45,NA,NA,NA,NA,NA,NA,NA,NA,NA,NA,8,16,12,NA,NA,NA,NA,NA,NA,NA,NA,NA,NA,1,4,2,NA,NA,8.01613903045654,11551.728515625,NA,NA,NA,NA,NA,NA,NA,NA,358,354,321,NA,NA,NA,NA,NA,NA,NA,NA,NA,NA,9,10,11,NA,NA,13.4486446380615,20.0140571594238,16.3662395477295,0.432554394006729,49.9288711547852,29.4682121276855,0.031645879149437,19.0037460327148,1.76044238608,-2182.48932304778,"StriatedCaracara",10
1293,NA,0,NA,NA,0,NA,NA,0,0,0,0,0,0,NA,1,NA,NA,240,NA,NA,60,120,180,35,50,41,NA,12,NA,NA,10,NA,NA,14,11,17,13,11,13,NA,1,NA,NA,2,NA,NA,1,2,1,1,1,1,1.66650116443634,12247.1025390625,NA,28,NA,NA,2,NA,NA,308,356,315,355,254,320,NA,2,NA,NA,5,NA,NA,8,9,10,11,12,13,14.2419853210449,21.3741683959961,15.0610666275024,0.386262625455856,48.0823135375977,25.1221599578857,-0.220788523554802,7.60334253311157,81.76044238608,-2182.48932304778,"StriatedCaracara",10
1295,NA,NA,NA,NA,NA,NA,NA,NA,NA,NA,NA,NA,0,NA,NA,NA,NA,NA,NA,NA,NA,NA,NA,NA,NA,5,NA,NA,NA,NA,NA,NA,NA,NA,NA,NA,NA,NA,10,NA,NA,NA,NA,NA,NA,NA,NA,NA,NA,NA,NA,1,4.1446475982666,11581.986328125,NA,NA,NA,NA,NA,NA,NA,NA,NA,NA,NA,NA,306,NA,NA,NA,NA,NA,NA,NA,NA,NA,NA,NA,NA,13,14.2953004837036,20.4859275817871,17.1344757080078,0.125165164470673,52.1138114929199,26.2919425964355,-2.08353281021118,30.51686668396,101.76044238608,-2182.48932304778,"StriatedCaracara",10
1296,NA,NA,NA,0,NA,NA,NA,NA,0,NA,NA,NA,NA,NA,NA,NA,40,NA,NA,NA,NA,20,NA,NA,NA,NA,NA,NA,NA,12,NA,NA,NA,NA,9,NA,NA,NA,NA,NA,NA,NA,1,NA,NA,NA,NA,1,NA,NA,NA,NA,4.26257038116455,7378.41943359375,NA,NA,NA,348,NA,NA,NA,NA,306,NA,NA,NA,NA,NA,NA,NA,4,NA,NA,NA,NA,9,NA,NA,NA,NA,14.4526720046997,20.6528091430664,5.4569730758667,0.0828065350651741,56.5877532958984,33.0219078063965,-2.44346404075623,30.8636856079102,111.76044238608,-2182.48932304778,"StriatedCaracara",10
1297,NA,0,NA,NA,NA,NA,NA,NA,NA,0,NA,0,0,NA,15,NA,NA,NA,NA,NA,NA,NA,15,NA,10,40,NA,16,NA,NA,NA,NA,NA,NA,NA,15,NA,14,6,NA,4,NA,NA,NA,NA,NA,NA,NA,1,NA,1,1,4.39102745056152,5039.3388671875,NA,344,NA,NA,NA,NA,NA,NA,NA,359,NA,16,357,NA,2,NA,NA,NA,NA,NA,NA,NA,10,NA,12,13,14.7816486358643,19.9758014678955,8.88259887695312,0.176803141832352,54.7712020874023,28.4206275939941,-1.6382691860199,17.8045558929443,121.76044238608,-2182.48932304778,"StriatedCaracara",10
1298,NA,NA,NA,NA,NA,NA,NA,1,0,0,0,0,0,NA,NA,NA,NA,NA,NA,NA,50,15,40,240,10,15,NA,NA,NA,NA,NA,NA,NA,12,14,13,7,9,15,NA,NA,NA,NA,NA,NA,NA,2,1,1,3,2,1,1.86176121234894,6146.568359375,NA,NA,NA,NA,NA,NA,NA,1,325,326,9,298,274,NA,NA,NA,NA,NA,NA,NA,8,9,10,11,12,13,14.6353244781494,20.250358581543,8.48825645446777,1.13084006309509,51.8657608032227,24.2763843536377,-0.918252944946289,15.6468982696533,131.76044238608,-2182.48932304778,"StriatedCaracara",10
1299,NA,NA,NA,0,0,0,0,0,0,NA,NA,NA,0,NA,NA,NA,90,90,90,150,60,120,NA,NA,NA,270,NA,NA,NA,10,11,11,13,9,9,NA,NA,NA,10,NA,NA,NA,1,2,1,2,1,2,NA,NA,NA,2,5.69791603088379,4841.5810546875,NA,NA,NA,38,356,16,361,53,39,NA,NA,NA,342,NA,NA,NA,4,5,6,7,8,9,NA,NA,NA,13,13.9136629104614,20.0082511901855,7.29380893707275,1.36673355102539,50.6030616760254,30.7728805541992,0.369257092475891,49.3345794677734,141.76044238608,-2182.48932304778,"StriatedCaracara",10
1300,NA,NA,NA,NA,NA,NA,NA,NA,NA,NA,NA,0,0,NA,NA,NA,NA,NA,NA,NA,NA,NA,NA,NA,60,6,NA,NA,NA,NA,NA,NA,NA,NA,NA,NA,NA,18,10,NA,NA,NA,NA,NA,NA,NA,NA,NA,NA,NA,3,1,4.60309886932373,3592.67016601562,NA,NA,NA,NA,NA,NA,NA,NA,NA,NA,NA,342,39,NA,NA,NA,NA,NA,NA,NA,NA,NA,NA,NA,12,13,14.0836353302002,19.8069953918457,6.83541822433472,3.29829597473145,53.9101066589355,24.6492767333984,-0.455308347940445,28.3694458007812,151.76044238608,-2182.48932304778,"StriatedCaracara",10
1317,NA,NA,NA,NA,NA,NA,NA,NA,NA,NA,NA,NA,0,NA,NA,NA,NA,NA,NA,NA,NA,NA,NA,NA,NA,29,NA,NA,NA,NA,NA,NA,NA,NA,NA,NA,NA,NA,6,NA,NA,NA,NA,NA,NA,NA,NA,NA,NA,NA,NA,1,33.5700454711914,13613.97265625,NA,NA,NA,NA,NA,NA,NA,NA,NA,NA,NA,NA,327,NA,NA,NA,NA,NA,NA,NA,NA,NA,NA,NA,NA,13,14.1908168792725,12.3814449310303,0.735906600952148,5.78299951553345,16.491662979126,12.5182113647461,0.0774152278900146,123.726264953613,-1008.23955761392,-2192.48932304778,"StriatedCaracara",10
1318,0,NA,NA,NA,NA,NA,NA,0,NA,0,NA,NA,0,60,NA,NA,NA,NA,NA,NA,60,NA,30,NA,NA,2,11,NA,NA,NA,NA,NA,NA,11,NA,10,NA,NA,9,2,NA,NA,NA,NA,NA,NA,1,NA,1,NA,NA,7,16.0296401977539,18740.673828125,320,NA,NA,NA,NA,NA,NA,353,NA,341,NA,NA,300,1,NA,NA,NA,NA,NA,NA,8,NA,10,NA,NA,13,13.594578742981,13.2116651535034,0.897831082344055,6.64438486099243,14.9121379852295,13.8967685699463,3.23889255523682,133.994354248047,-998.23955761392,-2192.48932304778,"StriatedCaracara",10
1319,0,NA,NA,NA,NA,NA,NA,NA,NA,NA,NA,NA,NA,90,NA,NA,NA,NA,NA,NA,NA,NA,NA,NA,NA,NA,14,NA,NA,NA,NA,NA,NA,NA,NA,NA,NA,NA,NA,2,NA,NA,NA,NA,NA,NA,NA,NA,NA,NA,NA,NA,16.0296401977539,18740.673828125,320,NA,NA,NA,NA,NA,NA,NA,NA,NA,NA,NA,NA,1,NA,NA,NA,NA,NA,NA,NA,NA,NA,NA,NA,NA,13.594578742981,13.2116651535034,0.897831082344055,6.64438486099243,14.9121379852295,13.8967685699463,3.23889255523682,133.994354248047,-988.23955761392,-2192.48932304778,"StriatedCaracara",10
1321,0,NA,NA,0,0,NA,0,NA,0,NA,NA,NA,0,2,NA,NA,3,60,NA,3,NA,30,NA,NA,NA,45,18,NA,NA,7,19,NA,15,NA,11,NA,NA,NA,7,2,NA,NA,1,1,NA,2,NA,1,NA,NA,NA,2,2.59094405174255,25014.00390625,321,NA,NA,304,268,NA,335,NA,249,NA,NA,NA,365,1,NA,NA,4,5,NA,7,NA,9,NA,NA,NA,13,15.426342010498,16.1799430847168,7.01185035705566,20.8716163635254,28.19873046875,11.3943538665771,-4.35857534408569,113.23957824707,-968.23955761392,-2192.48932304778,"StriatedCaracara",10
1322,NA,NA,0,0,NA,NA,0,0,0,0,0,0,0,NA,NA,60,120,NA,NA,120,22,90,120,34,12,60,NA,NA,11,17,NA,NA,11,10,11,10,11,13,14,NA,NA,1,3,NA,NA,4,4,2,1,1,1,8,4.5915961265564,28618.703125,NA,NA,359,364,NA,NA,262,264,352,348,55,244,318,NA,NA,3,4,NA,NA,7,8,9,10,11,12,13,14.9453620910645,16.5546741485596,10.0981912612915,14.0949630737305,32.1647796630859,15.3741855621338,-2.68311738967896,108.883712768555,-958.23955761392,-2192.48932304778,"StriatedCaracara",10
1323,NA,NA,NA,NA,NA,0,0,0,0,0,0,NA,NA,NA,NA,NA,NA,NA,1,10,1,1,7,3,NA,NA,NA,NA,NA,NA,NA,17,10,7,9,12,6,NA,NA,NA,NA,NA,NA,NA,1,2,1,1,2,3,NA,NA,3.27559614181519,33561.25,NA,NA,NA,NA,NA,254,323,33,23,332,291,NA,NA,NA,NA,NA,NA,NA,6,7,8,9,10,11,NA,NA,16.0782012939453,17.7564353942871,15.2448205947876,8.88445472717285,41.6072731018066,24.1727085113525,-0.929574429988861,53.8496055603027,-948.23955761392,-2192.48932304778,"StriatedCaracara",10
1324,NA,NA,NA,NA,0,0,0,0,NA,0,NA,0,0,NA,NA,NA,NA,50,57,60,32,NA,120,NA,23,16,NA,NA,NA,NA,17,15,9,13,NA,16,NA,18,10,NA,NA,NA,NA,2,2,1,3,NA,3,NA,4,1,6.65632629394531,39376.1796875,NA,NA,NA,NA,299,14,349,264,NA,3,NA,58,258,NA,NA,NA,NA,5,6,7,8,NA,10,NA,12,13,15.6483879089355,16.3559036254883,16.0226287841797,5.41488647460938,46.523307800293,25.6747264862061,-1.52428126335144,50.2484855651855,-938.23955761392,-2192.48932304778,"StriatedCaracara",10
1325,NA,NA,NA,NA,NA,0,NA,NA,NA,NA,NA,0,NA,NA,NA,NA,NA,NA,66,NA,NA,NA,NA,NA,67,NA,NA,NA,NA,NA,NA,13,NA,NA,NA,NA,NA,17,NA,NA,NA,NA,NA,NA,2,NA,NA,NA,NA,NA,5,NA,2.36036109924316,45783.609375,NA,NA,NA,NA,NA,14,NA,NA,NA,NA,NA,59,NA,NA,NA,NA,NA,NA,6,NA,NA,NA,NA,NA,12,NA,15.5671100616455,16.4729251861572,22.6018142700195,5.12592172622681,45.407341003418,20.200267791748,-0.718768060207367,44.150691986084,-928.23955761392,-2192.48932304778,"StriatedCaracara",10
1331,NA,NA,NA,NA,NA,NA,NA,NA,NA,NA,NA,0,NA,NA,NA,NA,NA,NA,NA,NA,NA,NA,NA,NA,101,NA,NA,NA,NA,NA,NA,NA,NA,NA,NA,NA,NA,9,NA,NA,NA,NA,NA,NA,NA,NA,NA,NA,NA,NA,1,NA,20.0573196411133,1191.03051757812,NA,NA,NA,NA,NA,NA,NA,NA,NA,NA,NA,341,NA,NA,NA,NA,NA,NA,NA,NA,NA,NA,NA,NA,12,NA,12.7811012268066,19.630298614502,4.86010932922363,2.63371109962463,45.9158668518066,20.0476303100586,0.00517763756215572,34.3855361938477,-88.23955761392,-2192.48932304778,"StriatedCaracara",10
1338,NA,NA,NA,NA,NA,NA,NA,NA,NA,NA,0,NA,NA,NA,NA,NA,NA,NA,NA,NA,NA,NA,NA,15,NA,NA,NA,NA,NA,NA,NA,NA,NA,NA,NA,NA,11,NA,NA,NA,NA,NA,NA,NA,NA,NA,NA,NA,NA,2,NA,NA,2.14165091514587,6916.216796875,NA,NA,NA,NA,NA,NA,NA,NA,NA,NA,321,NA,NA,NA,NA,NA,NA,NA,NA,NA,NA,NA,NA,11,NA,NA,13.2722787857056,20.5224704742432,10.7285432815552,0.0289073195308447,45.9621849060059,30.308464050293,0.311223268508911,21.838249206543,-8.23955761392,-2192.48932304778,"StriatedCaracara",10
1345,NA,NA,NA,NA,NA,NA,NA,NA,0,NA,NA,NA,NA,NA,NA,NA,NA,NA,NA,NA,NA,1,NA,NA,NA,NA,NA,NA,NA,NA,NA,NA,NA,NA,2,NA,NA,NA,NA,NA,NA,NA,NA,NA,NA,NA,NA,1,NA,NA,NA,NA,3.1217315196991,4391.32080078125,NA,NA,NA,NA,NA,NA,NA,NA,4,NA,NA,NA,NA,NA,NA,NA,NA,NA,NA,NA,NA,9,NA,NA,NA,NA,13.9795875549316,20.1432189941406,19.9837741851807,0,52.025032043457,27.2907371520996,0.0337374173104763,5.94376802444458,61.76044238608,-2192.48932304778,"StriatedCaracara",10
1350,NA,NA,NA,NA,NA,NA,NA,NA,0,0,NA,NA,NA,NA,NA,NA,NA,NA,NA,NA,NA,30,10,NA,NA,NA,NA,NA,NA,NA,NA,NA,NA,NA,10,12,NA,NA,NA,NA,NA,NA,NA,NA,NA,NA,NA,1,1,NA,NA,NA,4.78882598876953,4365.1787109375,NA,NA,NA,NA,NA,NA,NA,NA,306,326,NA,NA,NA,NA,NA,NA,NA,NA,NA,NA,NA,9,10,NA,NA,NA,14.7868270874023,20.1899833679199,5.0005030632019,0.590587973594666,44.9614753723145,24.7247886657715,-0.227745741605759,4.50129270553589,111.76044238608,-2192.48932304778,"StriatedCaracara",10
1351,NA,NA,NA,NA,NA,NA,NA,0,0,0,0,0,0,NA,NA,NA,NA,NA,NA,NA,120,90,1,5,20,20,NA,NA,NA,NA,NA,NA,NA,9,17,9,16,17,10,NA,NA,NA,NA,NA,NA,NA,1,1,1,1,1,1,2.11667227745056,3601.00756835938,NA,NA,NA,NA,NA,NA,NA,348,319,312,353,292,289,NA,NA,NA,NA,NA,NA,NA,8,9,10,11,12,13,14.7345285415649,19.7155914306641,2.52363967895508,0.292742758989334,52.4312705993652,32.5518531799316,-0.180607110261917,3.94224953651428,121.76044238608,-2192.48932304778,"StriatedCaracara",10
1352,NA,NA,0,NA,NA,NA,NA,NA,0,NA,NA,NA,0,NA,NA,140,NA,NA,NA,NA,NA,90,NA,NA,NA,5,NA,NA,16,NA,NA,NA,NA,NA,12,NA,NA,NA,12,NA,NA,2,NA,NA,NA,NA,NA,6,NA,NA,NA,1,1.86176121234894,6146.568359375,NA,NA,343,NA,NA,NA,NA,NA,349,NA,NA,NA,295,NA,NA,3,NA,NA,NA,NA,NA,9,NA,NA,NA,13,14.6353244781494,20.250358581543,8.48825645446777,1.13084006309509,51.8657608032227,24.2763843536377,-0.918252944946289,15.6468982696533,131.76044238608,-2192.48932304778,"StriatedCaracara",10
1370,NA,NA,NA,NA,NA,NA,0,NA,NA,0,NA,NA,NA,NA,NA,NA,NA,NA,NA,45,NA,NA,60,NA,NA,NA,NA,NA,NA,NA,NA,NA,14,NA,NA,10,NA,NA,NA,NA,NA,NA,NA,NA,NA,1,NA,NA,1,NA,NA,NA,8.12681102752686,22516.021484375,NA,NA,NA,NA,NA,NA,18,NA,NA,341,NA,NA,NA,NA,NA,NA,NA,NA,NA,7,NA,NA,10,NA,NA,NA,13.7070407867432,13.6524848937988,1.5152622461319,15.0928573608398,19.3638229370117,16.8007221221924,3.23517513275146,141.457931518555,-978.23955761392,-2202.48932304778,"StriatedCaracara",10
1371,NA,NA,NA,0,NA,NA,NA,NA,NA,NA,NA,NA,0,NA,NA,NA,180,NA,NA,NA,NA,NA,NA,NA,NA,16,NA,NA,NA,9,NA,NA,NA,NA,NA,NA,NA,NA,9,NA,NA,NA,3,NA,NA,NA,NA,NA,NA,NA,NA,1,2.07350707054138,19968.564453125,NA,NA,NA,286,NA,NA,NA,NA,NA,NA,NA,NA,308,NA,NA,NA,4,NA,NA,NA,NA,NA,NA,NA,NA,13,17.0531749725342,21.7419719696045,20.920768737793,10.6092147827148,43.8772621154785,9.74023628234863,3.52442526817322,27.9596176147461,-968.23955761392,-2202.48932304778,"StriatedCaracara",10
1372,NA,NA,0,0,0,0,0,0,0,0,0,0,0,NA,NA,155,120,60,160,58,100,35,90,240,65,110,NA,NA,10,14,11,10,9,9,14,11,12,12,11,NA,NA,3,2,1,4,1,4,5,10,1,2,2,2.07350707054138,19968.564453125,NA,NA,260,289,279,313,289,266,317,319,8,335,280,NA,NA,3,4,5,6,7,8,9,10,11,12,13,17.0531749725342,21.7419719696045,20.920768737793,10.6092147827148,43.8772621154785,9.74023628234863,3.52442526817322,27.9596176147461,-958.23955761392,-2202.48932304778,"StriatedCaracara",10
1373,NA,NA,NA,0,NA,0,0,0,0,0,NA,0,0,NA,NA,NA,180,NA,26,2,15,18,180,NA,60,6,NA,NA,NA,14,NA,7,9,12,13,15,NA,13,15,NA,NA,NA,3,NA,1,1,2,1,2,NA,1,1,3.94581246376038,25511.9609375,NA,NA,NA,293,NA,324,323,288,308,364,NA,311,280,NA,NA,NA,4,NA,6,7,8,9,10,NA,12,13,15.9439506530762,18.2809047698975,17.7980308532715,8.16451454162598,39.4640502929688,22.5199375152588,1.07130300998688,46.7808799743652,-948.23955761392,-2202.48932304778,"StriatedCaracara",10
1374,NA,NA,0,0,NA,0,NA,0,0,NA,NA,0,0,NA,NA,180,60,NA,60,NA,110,7,NA,NA,180,5,NA,NA,15,16,NA,17,NA,9,8,NA,NA,18,9,NA,NA,2,3,NA,2,NA,1,1,NA,NA,2,1,6.7436900138855,31869.12890625,NA,NA,267,244,NA,311,NA,265,362,NA,NA,334,361,NA,NA,3,4,NA,6,NA,8,9,NA,NA,12,13,14.7749500274658,16.6542778015137,17.9032154083252,19.9781017303467,36.8590545654297,12.839038848877,4.00768613815308,47.4893264770508,-938.23955761392,-2202.48932304778,"StriatedCaracara",10
1375,NA,NA,NA,NA,0,0,NA,0,NA,NA,NA,0,NA,NA,NA,NA,NA,50,48,NA,74,NA,NA,NA,40,NA,NA,NA,NA,NA,16,8,NA,12,NA,NA,NA,10,NA,NA,NA,NA,NA,2,2,NA,3,NA,NA,NA,1,NA,2.14351320266724,38900.44140625,NA,NA,NA,NA,299,15,NA,265,NA,NA,NA,57,NA,NA,NA,NA,NA,5,6,NA,8,NA,NA,NA,12,NA,16.3059139251709,17.8411064147949,18.6518096923828,6.73147916793823,44.728141784668,22.4385223388672,-0.886531054973602,20.7889766693115,-928.23955761392,-2202.48932304778,"StriatedCaracara",10
1390,NA,NA,NA,NA,NA,NA,NA,NA,NA,NA,NA,0,NA,NA,NA,NA,NA,NA,NA,NA,NA,NA,NA,NA,72,NA,NA,NA,NA,NA,NA,NA,NA,NA,NA,NA,NA,10,NA,NA,NA,NA,NA,NA,NA,NA,NA,NA,NA,NA,1,NA,1.54448342323303,4628.63916015625,NA,NA,NA,NA,NA,NA,NA,NA,NA,NA,NA,316,NA,NA,NA,NA,NA,NA,NA,NA,NA,NA,NA,NA,12,NA,13.4410419464111,19.9820251464844,27.0796737670898,0,51.0826644897461,19.3219337463379,-0.41241854429245,1.9298152923584,-8.23955761392,-2202.48932304778,"StriatedCaracara",10
1391,NA,NA,NA,NA,NA,NA,NA,NA,NA,0,NA,NA,NA,NA,NA,NA,NA,NA,NA,NA,NA,NA,60,NA,NA,NA,NA,NA,NA,NA,NA,NA,NA,NA,NA,8,NA,NA,NA,NA,NA,NA,NA,NA,NA,NA,NA,NA,2,NA,NA,NA,8.25013160705566,2820.34228515625,NA,NA,NA,NA,NA,NA,NA,NA,NA,269,NA,NA,NA,NA,NA,NA,NA,NA,NA,NA,NA,NA,10,NA,NA,NA,13.4096088409424,20.088134765625,10.8432207107544,0.137470379471779,53.2650146484375,30.389965057373,-0.0773985683917999,5.33123588562012,1.76044238608,-2202.48932304778,"StriatedCaracara",10
1392,NA,NA,NA,NA,NA,NA,NA,NA,NA,NA,NA,0,NA,NA,NA,NA,NA,NA,NA,NA,NA,NA,NA,NA,55,NA,NA,NA,NA,NA,NA,NA,NA,NA,NA,NA,NA,13,NA,NA,NA,NA,NA,NA,NA,NA,NA,NA,NA,NA,1,NA,15.8018856048584,5667.7763671875,NA,NA,NA,NA,NA,NA,NA,NA,NA,NA,NA,22,NA,NA,NA,NA,NA,NA,NA,NA,NA,NA,NA,NA,12,NA,13.357931137085,20.8714561462402,8.41815090179443,0,47.1860275268555,28.307638168335,-0.213465005159378,15.0663356781006,11.76044238608,-2202.48932304778,"StriatedCaracara",10
1402,NA,NA,NA,NA,NA,NA,NA,NA,NA,NA,NA,NA,1,NA,NA,NA,NA,NA,NA,NA,NA,NA,NA,NA,NA,16,NA,NA,NA,NA,NA,NA,NA,NA,NA,NA,NA,NA,17,NA,NA,NA,NA,NA,NA,NA,NA,NA,NA,NA,NA,1,4.78882598876953,4365.1787109375,NA,NA,NA,NA,NA,NA,NA,NA,NA,NA,NA,NA,40,NA,NA,NA,NA,NA,NA,NA,NA,NA,NA,NA,NA,13,14.7868270874023,20.1899833679199,5.0005030632019,0.590587973594666,44.9614753723145,24.7247886657715,-0.227745741605759,4.50129270553589,111.76044238608,-2202.48932304778,"StriatedCaracara",10
1413,NA,NA,NA,NA,0,NA,NA,NA,NA,NA,NA,NA,NA,NA,NA,NA,NA,60,NA,NA,NA,NA,NA,NA,NA,NA,NA,NA,NA,NA,12,NA,NA,NA,NA,NA,NA,NA,NA,NA,NA,NA,NA,1,NA,NA,NA,NA,NA,NA,NA,NA,91.5209350585938,712.732666015625,NA,NA,NA,NA,18,NA,NA,NA,NA,NA,NA,NA,NA,NA,NA,NA,NA,5,NA,NA,NA,NA,NA,NA,NA,NA,14.6764087677002,11.767746925354,0.398628294467926,4.3400502204895,14.8930721282959,22.0763568878174,-0.844619274139404,29.4979419708252,-1068.23955761392,-2212.48932304778,"StriatedCaracara",10
1424,NA,NA,NA,NA,NA,NA,NA,NA,0,0,NA,0,0,NA,NA,NA,NA,NA,NA,NA,NA,8,120,NA,120,19,NA,NA,NA,NA,NA,NA,NA,NA,8,8,NA,14,8,NA,NA,NA,NA,NA,NA,NA,NA,1,1,NA,1,1,1.96855545043945,17846.875,NA,NA,NA,NA,NA,NA,NA,NA,338,351,NA,360,301,NA,NA,NA,NA,NA,NA,NA,NA,9,10,NA,12,13,16.9407272338867,21.7315139770508,20.904613494873,7.50452709197998,29.000560760498,20.40478515625,-1.20912277698517,21.261775970459,-958.23955761392,-2212.48932304778,"StriatedCaracara",10
1425,0,0,0,0,0,0,0,0,0,0,0,0,0,90,30,60,120,30,73,60,11,90,5,10,20,3,6,7,9,12,16,5,16,7,16,13,14,6,12,1,1,4,1,1,1,1,1,2,2,1,1,2,1.96855545043945,17846.875,322,316,259,354,364,304,263,337,325,281,337,311,340,1,2,3,4,5,6,7,8,9,10,11,12,13,16.9407272338867,21.7315139770508,20.904613494873,7.50452709197998,29.000560760498,20.40478515625,-1.20912277698517,21.261775970459,-948.23955761392,-2212.48932304778,"StriatedCaracara",10
1426,0,NA,NA,0,0,0,0,0,0,0,NA,NA,0,2,NA,NA,150,10,120,9,10,1,6,NA,NA,120,18,NA,NA,13,10,9,9,12,18,21,NA,NA,13,2,NA,NA,1,3,6,1,2,9,1,NA,NA,2,2.29825210571289,24598.236328125,319,NA,NA,277,12,53,331,10,12,343,NA,NA,341,1,NA,NA,4,5,6,7,8,9,10,NA,NA,13,16.460636138916,18.2124671936035,21.7477645874023,14.95241355896,41.2882995605469,15.7250661849976,-0.525517821311951,21.7276382446289,-938.23955761392,-2212.48932304778,"StriatedCaracara",10
1427,NA,0,NA,NA,NA,NA,NA,NA,NA,0,NA,NA,NA,NA,30,NA,NA,NA,NA,NA,NA,NA,15,NA,NA,NA,NA,9,NA,NA,NA,NA,NA,NA,NA,10,NA,NA,NA,NA,4,NA,NA,NA,NA,NA,NA,NA,1,NA,NA,NA,2.13754677772522,32177.75390625,NA,56,NA,NA,NA,NA,NA,NA,NA,251,NA,NA,NA,NA,2,NA,NA,NA,NA,NA,NA,NA,10,NA,NA,NA,16.2596950531006,17.2783126831055,12.2546091079712,3.33186268806458,49.5892906188965,24.0875549316406,-0.078361302614212,14.6064748764038,-928.23955761392,-2212.48932304778,"StriatedCaracara",10
1445,NA,NA,NA,0,NA,NA,NA,NA,NA,NA,NA,NA,0,NA,NA,NA,60,NA,NA,NA,NA,NA,NA,NA,NA,53,NA,NA,NA,11,NA,NA,NA,NA,NA,NA,NA,NA,7,NA,NA,NA,1,NA,NA,NA,NA,NA,NA,NA,NA,1,1.81497466564178,7026.04296875,NA,NA,NA,262,NA,NA,NA,NA,NA,NA,NA,NA,298,NA,NA,NA,4,NA,NA,NA,NA,NA,NA,NA,NA,13,13.5363292694092,19.0721340179443,27.5474090576172,0,50.5701446533203,20.1310348510742,0.366922706365585,7.06898307800293,51.76044238608,-2212.48932304778,"StriatedCaracara",10
1451,NA,NA,NA,NA,NA,NA,NA,NA,NA,NA,NA,NA,0,NA,NA,NA,NA,NA,NA,NA,NA,NA,NA,NA,NA,22,NA,NA,NA,NA,NA,NA,NA,NA,NA,NA,NA,NA,16,NA,NA,NA,NA,NA,NA,NA,NA,NA,NA,NA,NA,1,9.42421245574951,230.570388793945,NA,NA,NA,NA,NA,NA,NA,NA,NA,NA,NA,NA,40,NA,NA,NA,NA,NA,NA,NA,NA,NA,NA,NA,NA,13,14.1480894088745,20.2738151550293,1.9414267539978,0,36.0652313232422,24.441535949707,-0.0955841839313507,1.61243987083435,111.76044238608,-2212.48932304778,"StriatedCaracara",10
1452,NA,NA,NA,NA,NA,NA,NA,NA,NA,NA,NA,NA,0,NA,NA,NA,NA,NA,NA,NA,NA,NA,NA,NA,NA,19,NA,NA,NA,NA,NA,NA,NA,NA,NA,NA,NA,NA,14,NA,NA,NA,NA,NA,NA,NA,NA,NA,NA,NA,NA,1,2.11667227745056,3601.00756835938,NA,NA,NA,NA,NA,NA,NA,NA,NA,NA,NA,NA,40,NA,NA,NA,NA,NA,NA,NA,NA,NA,NA,NA,NA,13,14.7345285415649,19.7155914306641,2.52363967895508,0.292742758989334,52.4312705993652,32.5518531799316,-0.180607110261917,3.94224953651428,121.76044238608,-2212.48932304778,"StriatedCaracara",10
1471,NA,0,NA,NA,NA,NA,NA,NA,NA,NA,NA,NA,NA,NA,180,NA,NA,NA,NA,NA,NA,NA,NA,NA,NA,NA,NA,10,NA,NA,NA,NA,NA,NA,NA,NA,NA,NA,NA,NA,5,NA,NA,NA,NA,NA,NA,NA,NA,NA,NA,NA,16.7390823364258,2761.15576171875,NA,258,NA,NA,NA,NA,NA,NA,NA,NA,NA,NA,NA,NA,2,NA,NA,NA,NA,NA,NA,NA,NA,NA,NA,NA,15.7978706359863,17.2805309295654,0.468922585248947,27.0223522186279,16.7050800323486,5.86893367767334,-0.0515143498778343,39.1826477050781,-978.23955761392,-2222.48932304778,"StriatedCaracara",10
1474,NA,NA,0,0,NA,NA,NA,0,0,1,NA,0,0,NA,NA,60,20,NA,NA,NA,60,60,40,NA,20,5,NA,NA,14,12,NA,NA,NA,7,16,14,NA,11,19,NA,NA,2,1,NA,NA,NA,1,1,1,NA,1,1,7.76488876342773,19090.265625,NA,NA,262,274,NA,NA,NA,334,257,269,NA,263,285,NA,NA,3,4,NA,NA,NA,8,9,10,NA,12,13,16.743745803833,19.2726078033447,16.1062335968018,24.5445423126221,41.0394630432129,4.85842514038086,0.233250856399536,12.3272256851196,-948.23955761392,-2222.48932304778,"StriatedCaracara",10
1476,NA,NA,NA,NA,0,NA,NA,NA,NA,NA,NA,NA,NA,NA,NA,NA,NA,5,NA,NA,NA,NA,NA,NA,NA,NA,NA,NA,NA,NA,10,NA,NA,NA,NA,NA,NA,NA,NA,NA,NA,NA,NA,3,NA,NA,NA,NA,NA,NA,NA,NA,3.89250564575195,27409.625,NA,NA,NA,NA,12,NA,NA,NA,NA,NA,NA,NA,NA,NA,NA,NA,NA,5,NA,NA,NA,NA,NA,NA,NA,NA,16.6546115875244,18.1186904907227,12.9991645812988,20.2058868408203,39.9391975402832,11.6692323684692,0.087821900844574,12.3554172515869,-928.23955761392,-2222.48932304778,"StriatedCaracara",10
1477,0,NA,NA,NA,NA,0,0,0,0,0,NA,0,0,2,NA,NA,NA,NA,65,75,30,49,20,NA,45,35,10,NA,NA,NA,NA,16,14,13,15,14,NA,8,15,2,NA,NA,NA,NA,5,4,1,1,6,NA,8,6,3.61666178703308,35772.625,322,NA,NA,NA,NA,356,19,244,19,286,NA,36,341,1,NA,NA,NA,NA,6,7,8,9,10,NA,12,13,16.7140522003174,17.0164260864258,15.6227531433105,28.573974609375,45.9408950805664,5.24850082397461,-0.327803075313568,11.3250465393066,-918.23955761392,-2222.48932304778,"StriatedCaracara",10
1492,NA,NA,NA,NA,NA,NA,NA,NA,NA,NA,NA,NA,0,NA,NA,NA,NA,NA,NA,NA,NA,NA,NA,NA,NA,2,NA,NA,NA,NA,NA,NA,NA,NA,NA,NA,NA,NA,11,NA,NA,NA,NA,NA,NA,NA,NA,NA,NA,NA,NA,1,10.394003868103,3081.431640625,NA,NA,NA,NA,NA,NA,NA,NA,NA,NA,NA,NA,299,NA,NA,NA,NA,NA,NA,NA,NA,NA,NA,NA,NA,13,13.1931762695312,18.2731399536133,16.5044441223145,0.169111624360085,49.9521598815918,25.0252208709717,-0.0673414543271065,5.50281143188477,51.76044238608,-2222.48932304778,"StriatedCaracara",10
1493,NA,NA,NA,NA,NA,NA,NA,NA,NA,NA,NA,NA,0,NA,NA,NA,NA,NA,NA,NA,NA,NA,NA,NA,NA,14,NA,NA,NA,NA,NA,NA,NA,NA,NA,NA,NA,NA,11,NA,NA,NA,NA,NA,NA,NA,NA,NA,NA,NA,NA,1,10.394003868103,3081.431640625,NA,NA,NA,NA,NA,NA,NA,NA,NA,NA,NA,NA,299,NA,NA,NA,NA,NA,NA,NA,NA,NA,NA,NA,NA,13,13.1931762695312,18.2731399536133,16.5044441223145,0.169111624360085,49.9521598815918,25.0252208709717,-0.0673414543271065,5.50281143188477,61.76044238608,-2222.48932304778,"StriatedCaracara",10
1495,NA,NA,1,NA,1,0,1,NA,1,NA,NA,0,1,NA,NA,180,NA,20,180,165,NA,102,NA,NA,93,44,NA,NA,9,NA,7,9,15,NA,5,NA,NA,8,9,NA,NA,1,NA,1,10,1,NA,2,NA,NA,1,2,6.23342418670654,506.941162109375,NA,NA,349,NA,341,309,324,NA,7,NA,NA,340,294,NA,NA,3,NA,5,6,7,NA,9,NA,NA,12,13,13.8767166137695,20.2523612976074,3.98877549171448,0.192816227674484,42.9418067932129,25.9347476959229,-0.153386801481247,3.06046175956726,81.76044238608,-2222.48932304778,"StriatedCaracara",10
1496,NA,NA,NA,NA,NA,NA,NA,NA,NA,NA,NA,0,1,NA,NA,NA,NA,NA,NA,NA,NA,NA,NA,NA,45,183,NA,NA,NA,NA,NA,NA,NA,NA,NA,NA,NA,6,9,NA,NA,NA,NA,NA,NA,NA,NA,NA,NA,NA,1,2,9.42421245574951,230.570388793945,NA,NA,NA,NA,NA,NA,NA,NA,NA,NA,NA,8,349,NA,NA,NA,NA,NA,NA,NA,NA,NA,NA,NA,12,13,14.1480894088745,20.2738151550293,1.9414267539978,0,36.0652313232422,24.441535949707,-0.0955841839313507,1.61243987083435,91.76044238608,-2222.48932304778,"StriatedCaracara",10
1512,NA,NA,NA,NA,NA,NA,NA,NA,NA,NA,NA,NA,0,NA,NA,NA,NA,NA,NA,NA,NA,NA,NA,NA,NA,120,NA,NA,NA,NA,NA,NA,NA,NA,NA,NA,NA,NA,12,NA,NA,NA,NA,NA,NA,NA,NA,NA,NA,NA,NA,6,50.9541473388672,1984.99255371094,NA,NA,NA,NA,NA,NA,NA,NA,NA,NA,NA,NA,334,NA,NA,NA,NA,NA,NA,NA,NA,NA,NA,NA,NA,13,13.106689453125,12.5536918640137,1.82561659812927,0.740882754325867,38.4069786071777,5.71423816680908,-2.63622307777405,157.300933837891,-1008.23955761392,-2232.48932304778,"StriatedCaracara",10
1515,NA,NA,NA,NA,0,NA,NA,NA,NA,0,NA,0,0,NA,NA,NA,NA,20,NA,NA,NA,NA,19,NA,20,15,NA,NA,NA,NA,14,NA,NA,NA,NA,13,NA,18,8,NA,NA,NA,NA,1,NA,NA,NA,NA,1,NA,1,1,34.6375770568848,1796.38061523438,NA,NA,NA,NA,21,NA,NA,NA,NA,289,NA,310,270,NA,NA,NA,NA,5,NA,NA,NA,NA,10,NA,12,13,14.0979623794556,12.527156829834,2.1715841293335,7.45809555053711,21.0937957763672,13.0057373046875,1.84388792514801,127.396240234375,-978.23955761392,-2232.48932304778,"StriatedCaracara",10
1518,NA,NA,0,0,NA,0,NA,NA,NA,0,0,0,0,NA,NA,30,180,NA,165,NA,NA,NA,208,49,120,89,NA,NA,10,9,NA,14,NA,NA,NA,14,11,11,8,NA,NA,2,3,NA,5,NA,NA,NA,2,2,2,1,3.76045680046082,16111.62109375,NA,NA,269,278,NA,341,NA,NA,NA,294,42,365,15,NA,NA,3,4,NA,6,NA,NA,NA,10,11,12,13,16.4443588256836,19.0384483337402,3.33645558357239,20.450403213501,23.5886611938477,3.53559708595276,-0.257557570934296,10.8076009750366,-948.23955761392,-2232.48932304778,"StriatedCaracara",10
1519,NA,NA,0,0,0,NA,NA,NA,NA,0,0,0,0,NA,NA,30,240,90,NA,NA,NA,NA,45,20,18,106,NA,NA,16,14,10,NA,NA,NA,NA,15,11,16,11,NA,NA,1,3,1,NA,NA,NA,NA,2,3,1,2,3.76045680046082,16111.62109375,NA,NA,259,5,50,NA,NA,NA,NA,294,41,303,48,NA,NA,3,4,5,NA,NA,NA,NA,10,11,12,13,16.4443588256836,19.0384483337402,3.33645558357239,20.450403213501,23.5886611938477,3.53559708595276,-0.257557570934296,10.8076009750366,-938.23955761392,-2232.48932304778,"StriatedCaracara",10
1521,0,NA,NA,0,NA,0,NA,0,NA,NA,NA,0,0,5,NA,NA,12,NA,1,NA,10,NA,NA,NA,16,5,16,NA,NA,15,NA,15,NA,8,NA,NA,NA,15,19,2,NA,NA,6,NA,1,NA,1,NA,NA,NA,6,1,2.63570523262024,33340.3671875,319,NA,NA,303,NA,254,NA,32,NA,NA,NA,49,326,1,NA,NA,4,NA,6,NA,8,NA,NA,NA,12,13,16.5653266906738,16.8254241943359,11.8894996643066,31.1091938018799,43.7098808288574,3.28700661659241,-0.561408221721649,9.60283374786377,-918.23955761392,-2232.48932304778,"StriatedCaracara",10
1522,NA,NA,NA,NA,NA,0,0,0,0,0,0,0,0,NA,NA,NA,NA,NA,10,45,1,180,20,3,26,59,NA,NA,NA,NA,NA,18,14,8,10,12,11,9,18,NA,NA,NA,NA,NA,5,5,1,2,2,2,1,1,5.63041400909424,41898.64453125,NA,NA,NA,NA,NA,19,13,337,308,17,44,43,8,NA,NA,NA,NA,NA,6,7,8,9,10,11,12,13,16.0969085693359,15.925329208374,4.86088705062866,35.0993423461914,43.9793968200684,1.65161859989166,0.352216750383377,9.00933837890625,-908.23955761392,-2232.48932304778,"StriatedCaracara",10
1524,NA,NA,NA,NA,NA,NA,NA,NA,NA,NA,NA,NA,0,NA,NA,NA,NA,NA,NA,NA,NA,NA,NA,NA,NA,22,NA,NA,NA,NA,NA,NA,NA,NA,NA,NA,NA,NA,10,NA,NA,NA,NA,NA,NA,NA,NA,NA,NA,NA,NA,2,2.32063055038452,59649.078125,NA,NA,NA,NA,NA,NA,NA,NA,NA,NA,NA,NA,275,NA,NA,NA,NA,NA,NA,NA,NA,NA,NA,NA,NA,13,16.398983001709,15.1218109130859,15.3743944168091,22.8418865203857,42.6585922241211,14.3699340820312,-0.175855845212936,3.22731900215149,-888.23955761392,-2232.48932304778,"StriatedCaracara",10
1525,NA,NA,NA,NA,NA,NA,NA,NA,NA,NA,NA,NA,0,NA,NA,NA,NA,NA,NA,NA,NA,NA,NA,NA,NA,96,NA,NA,NA,NA,NA,NA,NA,NA,NA,NA,NA,NA,8,NA,NA,NA,NA,NA,NA,NA,NA,NA,NA,NA,NA,2,2.32063055038452,59649.078125,NA,NA,NA,NA,NA,NA,NA,NA,NA,NA,NA,NA,275,NA,NA,NA,NA,NA,NA,NA,NA,NA,NA,NA,NA,13,16.398983001709,15.1218109130859,15.3743944168091,22.8418865203857,42.6585922241211,14.3699340820312,-0.175855845212936,3.22731900215149,-878.23955761392,-2232.48932304778,"StriatedCaracara",10
1553,NA,NA,NA,NA,NA,NA,NA,NA,NA,0,NA,NA,NA,NA,NA,NA,NA,NA,NA,NA,NA,NA,181,NA,NA,NA,NA,NA,NA,NA,NA,NA,NA,NA,NA,9,NA,NA,NA,NA,NA,NA,NA,NA,NA,NA,NA,NA,2,NA,NA,NA,4.07589054107666,6812.34375,NA,NA,NA,NA,NA,NA,NA,NA,NA,31,NA,NA,NA,NA,NA,NA,NA,NA,NA,NA,NA,NA,10,NA,NA,NA,15.6604766845703,17.3012962341309,0.574647307395935,19.553653717041,16.013256072998,6.15074443817139,-2.29248285293579,35.2332038879395,-948.23955761392,-2242.48932304778,"StriatedCaracara",10
1554,NA,NA,NA,NA,NA,0,NA,0,NA,NA,NA,0,NA,NA,NA,NA,NA,NA,90,NA,120,NA,NA,NA,42,NA,NA,NA,NA,NA,NA,17,NA,13,NA,NA,NA,18,NA,NA,NA,NA,NA,NA,3,NA,2,NA,NA,NA,3,NA,2.61601710319519,13493.578125,NA,NA,NA,NA,NA,290,NA,28,NA,NA,NA,6,NA,NA,NA,NA,NA,NA,6,NA,8,NA,NA,NA,12,NA,15.7300634384155,17.4339904785156,6.13866090774536,22.8078422546387,27.1325206756592,1.21727097034454,-1.56441831588745,13.4895515441895,-938.23955761392,-2242.48932304778,"StriatedCaracara",10
1557,NA,NA,NA,NA,0,NA,0,0,0,0,NA,0,0,NA,NA,NA,NA,10,NA,9,5,1,10,NA,30,9,NA,NA,NA,NA,10,NA,7,13,15,16,NA,16,19,NA,NA,NA,NA,3,NA,2,1,1,1,NA,3,1,2.95681619644165,40016.59375,NA,NA,NA,NA,12,NA,337,294,332,315,NA,38,326,NA,NA,NA,NA,5,NA,7,8,9,10,NA,12,13,15.3646078109741,15.0725326538086,13.2816772460938,31.9756774902344,35.4151077270508,4.80041265487671,-1.39399838447571,26.4450283050537,-908.23955761392,-2242.48932304778,"StriatedCaracara",10
1558,0,NA,NA,NA,NA,NA,0,NA,NA,0,NA,NA,NA,15,NA,NA,NA,NA,NA,15,NA,NA,5,NA,NA,NA,16,NA,NA,NA,NA,NA,8,NA,NA,18,NA,NA,NA,2,NA,NA,NA,NA,NA,2,NA,NA,1,NA,NA,NA,2.77076315879822,48485.05078125,319,NA,NA,NA,NA,NA,337,NA,NA,249,NA,NA,NA,1,NA,NA,NA,NA,NA,7,NA,NA,10,NA,NA,NA,15.5263795852661,14.688117980957,16.9317092895508,27.4150276184082,34.2293319702148,9.26662445068359,-1.27797675132751,17.4900131225586,-898.23955761392,-2242.48932304778,"StriatedCaracara",10
1559,0,NA,NA,NA,NA,NA,0,NA,NA,0,NA,0,NA,10,NA,NA,NA,NA,NA,5,NA,NA,10,NA,15,NA,16,NA,NA,NA,NA,NA,9,NA,NA,11,NA,9,NA,2,NA,NA,NA,NA,NA,2,NA,NA,2,NA,5,NA,3.51216745376587,56428.5234375,319,NA,NA,NA,NA,NA,337,NA,NA,304,NA,248,NA,1,NA,NA,NA,NA,NA,7,NA,NA,10,NA,12,NA,15.548677444458,14.7281408309937,16.5571002960205,26.0203475952148,34.0375823974609,10.3622303009033,-0.697792828083038,22.8612403869629,-888.23955761392,-2242.48932304778,"StriatedCaracara",10
1560,NA,NA,NA,NA,NA,NA,0,NA,NA,NA,NA,NA,NA,NA,NA,NA,NA,NA,NA,27,NA,NA,NA,NA,NA,NA,NA,NA,NA,NA,NA,NA,9,NA,NA,NA,NA,NA,NA,NA,NA,NA,NA,NA,NA,2,NA,NA,NA,NA,NA,NA,12.1989755630493,55184.859375,NA,NA,NA,NA,NA,NA,337,NA,NA,NA,NA,NA,NA,NA,NA,NA,NA,NA,NA,7,NA,NA,NA,NA,NA,NA,14.2351198196411,14.5382556915283,1.32613229751587,33.7750854492188,32.9019813537598,4.24355125427246,0.687655806541443,29.0289363861084,-878.23955761392,-2242.48932304778,"StriatedCaracara",10
1562,NA,NA,NA,NA,NA,NA,NA,NA,NA,1,NA,NA,NA,NA,NA,NA,NA,NA,NA,NA,NA,NA,160,NA,NA,NA,NA,NA,NA,NA,NA,NA,NA,NA,NA,7,NA,NA,NA,NA,NA,NA,NA,NA,NA,NA,NA,NA,1,NA,NA,NA,12.334397315979,3958.48291015625,NA,NA,NA,NA,NA,NA,NA,NA,NA,58,NA,NA,NA,NA,NA,NA,NA,NA,NA,NA,NA,NA,10,NA,NA,NA,12.8112421035767,18.9646129608154,19.7769088745117,0,51.2934226989746,25.3177604675293,-0.0222378838807344,1.08189749717712,21.76044238608,-2242.48932304778,"StriatedCaracara",10
1566,NA,NA,NA,NA,NA,NA,NA,NA,1,NA,1,NA,NA,NA,NA,NA,NA,NA,NA,NA,NA,81,NA,15,NA,NA,NA,NA,NA,NA,NA,NA,NA,NA,12,NA,14,NA,NA,NA,NA,NA,NA,NA,NA,NA,NA,1,NA,1,NA,NA,10.394003868103,3081.431640625,NA,NA,NA,NA,NA,NA,NA,NA,323,NA,285,NA,NA,NA,NA,NA,NA,NA,NA,NA,NA,9,NA,11,NA,NA,13.1931762695312,18.2731399536133,16.5044441223145,0.169111624360085,49.9521598815918,25.0252208709717,-0.0673414543271065,5.50281143188477,61.76044238608,-2242.48932304778,"StriatedCaracara",10
1567,NA,NA,NA,NA,1,0,1,1,1,1,1,1,1,NA,NA,NA,NA,225,210,180,180,45,180,120,38,90,NA,NA,NA,NA,13,8,9,9,13,16,14,15,6,NA,NA,NA,NA,1,1,5,1,1,1,3,1,2,10.394003868103,3081.431640625,NA,NA,NA,NA,344,303,325,9,320,320,360,315,343,NA,NA,NA,NA,5,6,7,8,9,10,11,12,13,13.1931762695312,18.2731399536133,16.5044441223145,0.169111624360085,49.9521598815918,25.0252208709717,-0.0673414543271065,5.50281143188477,71.76044238608,-2242.48932304778,"StriatedCaracara",10
1584,NA,NA,NA,NA,NA,NA,NA,0,NA,0,NA,NA,NA,NA,NA,NA,NA,NA,NA,NA,60,NA,85,NA,NA,NA,NA,NA,NA,NA,NA,NA,NA,9,NA,7,NA,NA,NA,NA,NA,NA,NA,NA,NA,NA,2,NA,1,NA,NA,NA,36.1942291259766,748.047607421875,NA,NA,NA,NA,NA,NA,NA,306,NA,291,NA,NA,NA,NA,NA,NA,NA,NA,NA,NA,8,NA,10,NA,NA,NA,14.214168548584,12.2699346542358,0.244532853364944,6.77633142471313,18.0448322296143,19.5193672180176,-1.76770186424255,95.4343948364258,-988.23955761392,-2252.48932304778,"StriatedCaracara",10
1588,NA,NA,NA,NA,NA,0,NA,NA,NA,NA,NA,NA,NA,NA,NA,NA,NA,NA,60,NA,NA,NA,NA,NA,NA,NA,NA,NA,NA,NA,NA,22,NA,NA,NA,NA,NA,NA,NA,NA,NA,NA,NA,NA,2,NA,NA,NA,NA,NA,NA,NA,12.8973903656006,6305.0517578125,NA,NA,NA,NA,NA,11,NA,NA,NA,NA,NA,NA,NA,NA,NA,NA,NA,NA,6,NA,NA,NA,NA,NA,NA,NA,15.1834030151367,15.5683307647705,0.543696343898773,21.7833690643311,21.5266819000244,7.36626005172729,2.65505290031433,41.9155349731445,-948.23955761392,-2252.48932304778,"StriatedCaracara",10
1589,NA,NA,NA,0,NA,0,NA,NA,NA,NA,NA,NA,NA,NA,NA,NA,240,NA,20,NA,NA,NA,NA,NA,NA,NA,NA,NA,NA,14,NA,13,NA,NA,NA,NA,NA,NA,NA,NA,NA,NA,2,NA,3,NA,NA,NA,NA,NA,NA,NA,9.74821090698242,13142.0087890625,NA,NA,NA,291,NA,291,NA,NA,NA,NA,NA,NA,NA,NA,NA,NA,4,NA,6,NA,NA,NA,NA,NA,NA,NA,14.5544424057007,16.0080127716064,2.63879561424255,24.6462993621826,24.7324810028076,8.70136165618896,4.08554649353027,57.4262390136719,-938.23955761392,-2252.48932304778,"StriatedCaracara",10
1592,NA,NA,NA,NA,NA,NA,0,NA,NA,NA,0,NA,NA,NA,NA,NA,NA,NA,NA,12,NA,NA,NA,236,NA,NA,NA,NA,NA,NA,NA,NA,7,NA,NA,NA,16,NA,NA,NA,NA,NA,NA,NA,NA,2,NA,NA,NA,2,NA,NA,11.9888906478882,39224.296875,NA,NA,NA,NA,NA,NA,337,NA,NA,NA,37,NA,NA,NA,NA,NA,NA,NA,NA,7,NA,NA,NA,11,NA,NA,13.6787891387939,15.2077388763428,0.766786932945251,33.0680732727051,29.8461761474609,2.46747064590454,1.20642828941345,52.1203498840332,-908.23955761392,-2252.48932304778,"StriatedCaracara",10
1597,NA,NA,NA,NA,NA,NA,NA,NA,1,NA,NA,NA,1,NA,NA,NA,NA,NA,NA,NA,NA,30,NA,NA,NA,60,NA,NA,NA,NA,NA,NA,NA,NA,17,NA,NA,NA,13,NA,NA,NA,NA,NA,NA,NA,NA,1,NA,NA,NA,2,6.62535667419434,2066.42749023438,NA,NA,NA,NA,NA,NA,NA,NA,320,NA,NA,NA,293,NA,NA,NA,NA,NA,NA,NA,NA,9,NA,NA,NA,13,12.9871253967285,18.0532150268555,12.2216444015503,0,48.3520317077637,26.2563133239746,-0.00672375969588757,4.08876466751099,61.76044238608,-2252.48932304778,"StriatedCaracara",10
1598,NA,NA,NA,NA,NA,NA,NA,0,1,NA,1,1,1,NA,NA,NA,NA,NA,NA,NA,120,79,NA,30,15,15,NA,NA,NA,NA,NA,NA,NA,7,15,NA,15,10,17,NA,NA,NA,NA,NA,NA,NA,6,4,NA,1,7,1,10.394003868103,3081.431640625,NA,NA,NA,NA,NA,NA,NA,19,2,NA,285,278,358,NA,NA,NA,NA,NA,NA,NA,8,9,NA,11,12,13,13.1931762695312,18.2731399536133,16.5044441223145,0.169111624360085,49.9521598815918,25.0252208709717,-0.0673414543271065,5.50281143188477,71.76044238608,-2252.48932304778,"StriatedCaracara",10
1606,NA,NA,NA,NA,NA,NA,NA,NA,NA,0,NA,NA,NA,NA,NA,NA,NA,NA,NA,NA,NA,NA,98,NA,NA,NA,NA,NA,NA,NA,NA,NA,NA,NA,NA,8,NA,NA,NA,NA,NA,NA,NA,NA,NA,NA,NA,NA,6,NA,NA,NA,118.336822509766,1487.71923828125,NA,NA,NA,NA,NA,NA,NA,NA,NA,289,NA,NA,NA,NA,NA,NA,NA,NA,NA,NA,NA,NA,10,NA,NA,NA,13.2849283218384,10.2277526855469,2.03728580474854,10.5355472564697,24.9719657897949,18.841869354248,-1.12619304656982,51.2328414916992,-1078.23955761392,-2262.48932304778,"StriatedCaracara",10
1610,NA,NA,NA,NA,NA,NA,NA,0,NA,0,NA,NA,0,NA,NA,NA,NA,NA,NA,NA,20,NA,20,NA,NA,76,NA,NA,NA,NA,NA,NA,NA,16,NA,15,NA,NA,17,NA,NA,NA,NA,NA,NA,NA,6,NA,1,NA,NA,2,82.1120071411133,573.092407226562,NA,NA,NA,NA,NA,NA,NA,355,NA,13,NA,NA,337,NA,NA,NA,NA,NA,NA,NA,8,NA,10,NA,NA,13,13.5863361358643,10.3311862945557,1.81471157073975,4.261549949646,31.5362758636475,15.8536615371704,2.29512310028076,105.698356628418,-1038.23955761392,-2262.48932304778,"StriatedCaracara",10
1611,NA,NA,NA,NA,0,NA,NA,NA,NA,NA,NA,NA,NA,NA,NA,NA,NA,90,NA,NA,NA,NA,NA,NA,NA,NA,NA,NA,NA,NA,17,NA,NA,NA,NA,NA,NA,NA,NA,NA,NA,NA,NA,3,NA,NA,NA,NA,NA,NA,NA,NA,82.1120071411133,573.092407226562,NA,NA,NA,NA,34,NA,NA,NA,NA,NA,NA,NA,NA,NA,NA,NA,NA,5,NA,NA,NA,NA,NA,NA,NA,NA,13.5863361358643,10.3311862945557,1.81471157073975,4.261549949646,31.5362758636475,15.8536615371704,2.29512310028076,105.698356628418,-1028.23955761392,-2262.48932304778,"StriatedCaracara",10
1619,NA,NA,NA,NA,NA,NA,0,0,NA,NA,NA,NA,0,NA,NA,NA,NA,NA,NA,191,10,NA,NA,NA,NA,30,NA,NA,NA,NA,NA,NA,15,19,NA,NA,NA,NA,16,NA,NA,NA,NA,NA,NA,1,4,NA,NA,NA,NA,1,20.4074211120605,13384.5732421875,NA,NA,NA,NA,NA,NA,349,263,NA,NA,NA,NA,42,NA,NA,NA,NA,NA,NA,7,8,NA,NA,NA,NA,13,15.026683807373,15.5040111541748,0.229482010006905,28.6800651550293,23.1262149810791,8.42520999908447,-1.30683815479279,31.8391819000244,-948.23955761392,-2262.48932304778,"StriatedCaracara",10
1626,NA,NA,NA,NA,NA,NA,NA,NA,NA,NA,NA,NA,0,NA,NA,NA,NA,NA,NA,NA,NA,NA,NA,NA,NA,19,NA,NA,NA,NA,NA,NA,NA,NA,NA,NA,NA,NA,16,NA,NA,NA,NA,NA,NA,NA,NA,NA,NA,NA,NA,2,16.3376083374023,47280.47265625,NA,NA,NA,NA,NA,NA,NA,NA,NA,NA,NA,NA,33,NA,NA,NA,NA,NA,NA,NA,NA,NA,NA,NA,NA,13,14.1526203155518,13.5563306808472,5.5307559967041,26.8922309875488,32.7985725402832,11.325644493103,0.384616672992706,32.6218109130859,-878.23955761392,-2262.48932304778,"StriatedCaracara",10
1628,NA,NA,NA,NA,NA,NA,NA,0,NA,NA,NA,NA,0,NA,NA,NA,NA,NA,NA,NA,1,NA,NA,NA,NA,20,NA,NA,NA,NA,NA,NA,NA,9,NA,NA,NA,NA,10,NA,NA,NA,NA,NA,NA,NA,1,NA,NA,NA,NA,1,2.20344543457031,50779.7890625,NA,NA,NA,NA,NA,NA,NA,337,NA,NA,NA,NA,1,NA,NA,NA,NA,NA,NA,NA,8,NA,NA,NA,NA,13,15.638204574585,14.1193189620972,5.34381437301636,0.71176552772522,55.7553329467773,35.8297462463379,-0.164163902401924,12.4367866516113,-858.23955761392,-2262.48932304778,"StriatedCaracara",10
1654,NA,NA,NA,NA,NA,NA,NA,NA,NA,NA,NA,NA,0,NA,NA,NA,NA,NA,NA,NA,NA,NA,NA,NA,NA,5,NA,NA,NA,NA,NA,NA,NA,NA,NA,NA,NA,NA,15,NA,NA,NA,NA,NA,NA,NA,NA,NA,NA,NA,NA,1,21.2231502532959,35500.296875,NA,NA,NA,NA,NA,NA,NA,NA,NA,NA,NA,NA,33,NA,NA,NA,NA,NA,NA,NA,NA,NA,NA,NA,NA,13,12.6861057281494,13.4780521392822,2.32275652885437,31.202220916748,30.0066051483154,4.49611949920654,0.106463044881821,44.8518562316895,-898.23955761392,-2272.48932304778,"StriatedCaracara",10
1656,NA,NA,NA,NA,NA,NA,NA,NA,NA,NA,NA,NA,0,NA,NA,NA,NA,NA,NA,NA,NA,NA,NA,NA,NA,4,NA,NA,NA,NA,NA,NA,NA,NA,NA,NA,NA,NA,17,NA,NA,NA,NA,NA,NA,NA,NA,NA,NA,NA,NA,1,14.17271900177,36849.5390625,NA,NA,NA,NA,NA,NA,NA,NA,NA,NA,NA,NA,33,NA,NA,NA,NA,NA,NA,NA,NA,NA,NA,NA,NA,13,13.4768218994141,13.6618270874023,8.61787605285645,27.4747753143311,31.036262512207,6.13137197494507,-0.3579261302948,25.8703098297119,-878.23955761392,-2272.48932304778,"StriatedCaracara",10
1658,0,NA,NA,NA,NA,NA,NA,0,NA,NA,NA,NA,NA,2,NA,NA,NA,NA,NA,NA,15,NA,NA,NA,NA,NA,15,NA,NA,NA,NA,NA,NA,12,NA,NA,NA,NA,NA,2,NA,NA,NA,NA,NA,NA,2,NA,NA,NA,NA,NA,3.16652965545654,40864.2890625,319,NA,NA,NA,NA,NA,NA,30,NA,NA,NA,NA,NA,1,NA,NA,NA,NA,NA,NA,8,NA,NA,NA,NA,NA,15.6065425872803,14.2704763412476,24.766788482666,4.38451957702637,47.2066535949707,20.9506034851074,-0.243243724107742,10.5959243774414,-858.23955761392,-2272.48932304778,"StriatedCaracara",10
1660,NA,NA,NA,NA,NA,NA,NA,NA,NA,NA,0,NA,0,NA,NA,NA,NA,NA,NA,NA,NA,NA,NA,13,NA,44,NA,NA,NA,NA,NA,NA,NA,NA,NA,NA,11,NA,16,NA,NA,NA,NA,NA,NA,NA,NA,NA,NA,1,NA,1,2.52705860137939,48143.34375,NA,NA,NA,NA,NA,NA,NA,NA,NA,NA,39,NA,20,NA,NA,NA,NA,NA,NA,NA,NA,NA,NA,11,NA,13,16.0765228271484,18.0103874206543,22.9478950500488,0.36457484960556,49.7834587097168,8.89049816131592,-0.562392115592957,5.67607498168945,-838.23955761392,-2272.48932304778,"StriatedCaracara",10
1662,0,0,0,NA,0,NA,0,0,0,0,NA,0,0,10,10,90,NA,60,NA,58,11,180,22,NA,15,120,13,19,16,NA,18,NA,8,8,17,15,NA,15,15,1,6,2,NA,5,NA,1,1,6,1,NA,1,3,8.66007995605469,2359.99951171875,332,318,252,NA,342,NA,322,333,22,359,NA,340,364,1,2,3,NA,5,NA,7,8,9,10,NA,12,13,16.7023639678955,20.4535655975342,7.72938823699951,0,49.7909927368164,33.1365013122559,0.349579274654388,5.33084487915039,-718.23955761392,-2272.48932304778,"StriatedCaracara",10
1663,NA,NA,NA,NA,0,NA,NA,NA,0,0,NA,0,0,NA,NA,NA,NA,120,NA,NA,NA,149,12,NA,20,10,NA,NA,NA,NA,15,NA,NA,NA,13,15,NA,17,19,NA,NA,NA,NA,5,NA,NA,NA,3,1,NA,1,1,2.3517632484436,1255.62719726562,NA,NA,NA,NA,342,NA,NA,NA,24,36,NA,293,356,NA,NA,NA,NA,5,NA,NA,NA,9,10,NA,12,13,16.8554630279541,20.3839797973633,4.0823016166687,0,56.131477355957,38.3516693115234,-0.089041031897068,4.60701370239258,-708.23955761392,-2272.48932304778,"StriatedCaracara",10
1664,0,NA,NA,NA,NA,NA,NA,NA,NA,0,NA,0,NA,20,NA,NA,NA,NA,NA,NA,NA,NA,108,NA,5,NA,9,NA,NA,NA,NA,NA,NA,NA,NA,10,NA,10,NA,1,NA,NA,NA,NA,NA,NA,NA,NA,1,NA,1,NA,2.11407160758972,181.670135498047,22,NA,NA,NA,NA,NA,NA,NA,NA,39,NA,295,NA,1,NA,NA,NA,NA,NA,NA,NA,NA,10,NA,12,NA,16.3347949981689,23.6163215637207,6.46771144866943,0,46.8274688720703,29.3512535095215,-0.247580960392952,2.47855591773987,-658.23955761392,-2272.48932304778,"StriatedCaracara",10
1691,NA,NA,0,NA,NA,NA,NA,0,0,NA,NA,0,0,NA,NA,60,NA,NA,NA,NA,15,4,NA,NA,4,5,NA,NA,14,NA,NA,NA,NA,10,12,NA,NA,14,14,NA,NA,2,NA,NA,NA,NA,1,1,NA,NA,2,1,3.50505423545837,27434.6640625,NA,NA,280,NA,NA,NA,NA,337,280,NA,NA,282,318,NA,NA,3,NA,NA,NA,NA,8,9,NA,NA,12,13,14.876166343689,13.1184196472168,26.5677165985107,19.0985260009766,44.6323623657227,3.84597373008728,-0.484078586101532,17.0571441650391,-868.23955761392,-2282.48932304778,"StriatedCaracara",10
1692,0,NA,0,0,NA,NA,0,0,0,0,0,0,0,5,NA,110,10,NA,NA,20,15,15,60,6,45,42,15,NA,16,12,NA,NA,12,14,16,16,10,18,16,2,NA,1,1,NA,NA,1,1,5,1,1,4,1,2.6133975982666,30891.9140625,319,NA,357,346,NA,NA,263,244,317,362,333,313,307,1,NA,3,4,NA,NA,7,8,9,10,11,12,13,15.7255878448486,13.5180473327637,33.2271614074707,1.36744356155396,49.6535301208496,14.4279804229736,-0.49417632818222,10.0151376724243,-858.23955761392,-2282.48932304778,"StriatedCaracara",10
1693,NA,NA,0,NA,NA,0,0,0,0,NA,NA,0,0,NA,NA,5,NA,NA,20,15,5,7,NA,NA,20,2,NA,NA,11,NA,NA,10,20,10,11,NA,NA,11,13,NA,NA,2,NA,NA,1,9,4,1,NA,NA,1,2,3.05152797698975,36229.203125,NA,NA,39,NA,NA,347,17,259,300,NA,NA,57,362,NA,NA,3,NA,NA,6,7,8,9,NA,NA,12,13,15.9562101364136,17.1410465240479,15.2563791275024,0.655698657035828,40.0125541687012,13.3193140029907,-0.301523983478546,3.06316661834717,-848.23955761392,-2282.48932304778,"StriatedCaracara",10
1694,NA,NA,NA,NA,NA,NA,NA,NA,0,0,0,0,0,NA,NA,NA,NA,NA,NA,NA,NA,55,100,25,36,15,NA,NA,NA,NA,NA,NA,NA,NA,14,14,18,10,12,NA,NA,NA,NA,NA,NA,NA,NA,2,1,2,1,1,2.25404024124146,38822.39453125,NA,NA,NA,NA,NA,NA,NA,NA,42,260,348,282,294,NA,NA,NA,NA,NA,NA,NA,NA,9,10,11,12,13,15.3867244720459,16.7550315856934,11.3579225540161,3.87030601501465,48.6798286437988,21.8377704620361,-0.195080548524857,13.524338722229,-838.23955761392,-2282.48932304778,"StriatedCaracara",10
1695,NA,NA,NA,NA,NA,NA,NA,NA,NA,NA,0,NA,0,NA,NA,NA,NA,NA,NA,NA,NA,NA,NA,29,NA,36,NA,NA,NA,NA,NA,NA,NA,NA,NA,NA,13,NA,16,NA,NA,NA,NA,NA,NA,NA,NA,NA,NA,1,NA,1,2.67255902290344,39063.08984375,NA,NA,NA,NA,NA,NA,NA,NA,NA,NA,323,NA,40,NA,NA,NA,NA,NA,NA,NA,NA,NA,NA,11,NA,13,14.7807168960571,16.4828567504883,5.54429006576538,14.8177900314331,53.3428573608398,19.2394695281982,1.04857671260834,11.2061252593994,-828.23955761392,-2282.48932304778,"StriatedCaracara",10
1696,NA,NA,NA,NA,NA,NA,NA,NA,NA,NA,0,NA,NA,NA,NA,NA,NA,NA,NA,NA,NA,NA,NA,31,NA,NA,NA,NA,NA,NA,NA,NA,NA,NA,NA,NA,18,NA,NA,NA,NA,NA,NA,NA,NA,NA,NA,NA,NA,1,NA,NA,5.71704721450806,26497.2265625,NA,NA,NA,NA,NA,NA,NA,NA,NA,NA,41,NA,NA,NA,NA,NA,NA,NA,NA,NA,NA,NA,NA,11,NA,NA,16.0489654541016,16.4014320373535,15.0944633483887,0.468031078577042,52.818733215332,30.9698848724365,-0.384385704994202,13.4873085021973,-818.23955761392,-2282.48932304778,"StriatedCaracara",10
1699,NA,NA,NA,NA,NA,NA,NA,NA,NA,NA,NA,0,NA,NA,NA,NA,NA,NA,NA,NA,NA,NA,NA,NA,3,NA,NA,NA,NA,NA,NA,NA,NA,NA,NA,NA,NA,11,NA,NA,NA,NA,NA,NA,NA,NA,NA,NA,NA,NA,1,NA,8.66007995605469,2359.99951171875,NA,NA,NA,NA,NA,NA,NA,NA,NA,NA,NA,54,NA,NA,NA,NA,NA,NA,NA,NA,NA,NA,NA,NA,12,NA,16.7023639678955,20.4535655975342,7.72938823699951,0,49.7909927368164,33.1365013122559,0.349579274654388,5.33084487915039,-718.23955761392,-2282.48932304778,"StriatedCaracara",10
1700,NA,0,NA,NA,NA,0,0,0,0,0,0,NA,0,NA,20,NA,NA,NA,1,15,11,30,161,11,NA,3,NA,11,NA,NA,NA,8,17,8,8,9,18,NA,6,NA,1,NA,NA,NA,1,4,1,6,10,2,NA,1,2.3517632484436,1255.62719726562,NA,269,NA,NA,NA,323,5,320,318,17,353,NA,355,NA,2,NA,NA,NA,6,7,8,9,10,11,NA,13,16.8554630279541,20.3839797973633,4.0823016166687,0,56.131477355957,38.3516693115234,-0.089041031897068,4.60701370239258,-708.23955761392,-2282.48932304778,"StriatedCaracara",10
1703,0,NA,NA,0,NA,NA,NA,0,NA,NA,NA,NA,NA,60,NA,NA,140,NA,NA,NA,45,NA,NA,NA,NA,NA,11,NA,NA,8,NA,NA,NA,20,NA,NA,NA,NA,NA,1,NA,NA,2,NA,NA,NA,1,NA,NA,NA,NA,NA,2.11407160758972,181.670135498047,22,NA,NA,1,NA,NA,NA,17,NA,NA,NA,NA,NA,1,NA,NA,4,NA,NA,NA,8,NA,NA,NA,NA,NA,16.3347949981689,23.6163215637207,6.46771144866943,0,46.8274688720703,29.3512535095215,-0.247580960392952,2.47855591773987,-658.23955761392,-2282.48932304778,"StriatedCaracara",10
1704,NA,NA,NA,NA,NA,NA,NA,NA,0,NA,NA,NA,NA,NA,NA,NA,NA,NA,NA,NA,NA,7,NA,NA,NA,NA,NA,NA,NA,NA,NA,NA,NA,NA,18,NA,NA,NA,NA,NA,NA,NA,NA,NA,NA,NA,NA,2,NA,NA,NA,NA,4.84738540649414,322.331359863281,NA,NA,NA,NA,NA,NA,NA,NA,40,NA,NA,NA,NA,NA,NA,NA,NA,NA,NA,NA,NA,9,NA,NA,NA,NA,16.0132217407227,26.7032203674316,2.74003100395203,0,40.6960182189941,30.3546981811523,0.0953629538416862,8.30494117736816,-648.23955761392,-2282.48932304778,"StriatedCaracara",10
1727,NA,NA,NA,NA,NA,NA,NA,NA,0,NA,NA,NA,NA,NA,NA,NA,NA,NA,NA,NA,NA,8,NA,NA,NA,NA,NA,NA,NA,NA,NA,NA,NA,NA,9,NA,NA,NA,NA,NA,NA,NA,NA,NA,NA,NA,NA,1,NA,NA,NA,NA,2.56039619445801,14208.6123046875,NA,NA,NA,NA,NA,NA,NA,NA,255,NA,NA,NA,NA,NA,NA,NA,NA,NA,NA,NA,NA,9,NA,NA,NA,NA,15.0226802825928,15.0806903839111,1.41659784317017,34.4039916992188,22.2074794769287,4.17279863357544,-0.767932176589966,14.0522241592407,-908.23955761392,-2292.48932304778,"StriatedCaracara",10
1728,NA,NA,NA,NA,NA,NA,NA,NA,NA,NA,0,0,0,NA,NA,NA,NA,NA,NA,NA,NA,NA,NA,95,12,104,NA,NA,NA,NA,NA,NA,NA,NA,NA,NA,9,16,9,NA,NA,NA,NA,NA,NA,NA,NA,NA,NA,1,1,1,1.56533670425415,14822.1171875,NA,NA,NA,NA,NA,NA,NA,NA,NA,NA,30,15,22,NA,NA,NA,NA,NA,NA,NA,NA,NA,NA,11,12,13,15.1233444213867,13.3710708618164,16.0276947021484,29.2212181091309,38.1898307800293,1.71418142318726,-1.25420916080475,16.1973419189453,-898.23955761392,-2292.48932304778,"StriatedCaracara",10
1729,NA,NA,NA,NA,NA,NA,NA,NA,NA,NA,NA,NA,0,NA,NA,NA,NA,NA,NA,NA,NA,NA,NA,NA,NA,30,NA,NA,NA,NA,NA,NA,NA,NA,NA,NA,NA,NA,14,NA,NA,NA,NA,NA,NA,NA,NA,NA,NA,NA,NA,1,1.54504299163818,15208.421875,NA,NA,NA,NA,NA,NA,NA,NA,NA,NA,NA,NA,301,NA,NA,NA,NA,NA,NA,NA,NA,NA,NA,NA,NA,13,15.0268526077271,12.8384647369385,32.4704895019531,15.0705337524414,45.5185203552246,0.512123584747314,-2.25349569320679,25.877857208252,-888.23955761392,-2292.48932304778,"StriatedCaracara",10
1731,NA,NA,NA,NA,NA,NA,NA,0,NA,0,0,0,0,NA,NA,NA,NA,NA,NA,NA,6,NA,40,13,2,2,NA,NA,NA,NA,NA,NA,NA,10,NA,15,7,14,11,NA,NA,NA,NA,NA,NA,NA,1,NA,1,2,2,1,1.24738097190857,19087.8203125,NA,NA,NA,NA,NA,NA,NA,337,NA,350,323,282,319,NA,NA,NA,NA,NA,NA,NA,8,NA,10,11,12,13,15.5902643203735,12.8036870956421,33.0761299133301,15.6946029663086,48.972770690918,0.451677829027176,-0.441959738731384,11.7230339050293,-868.23955761392,-2292.48932304778,"StriatedCaracara",10
1733,0,NA,NA,NA,NA,NA,NA,0,NA,0,NA,0,0,5,NA,NA,NA,NA,NA,NA,3,NA,25,NA,60,15,15,NA,NA,NA,NA,NA,NA,10,NA,16,NA,14,20,2,NA,NA,NA,NA,NA,NA,4,NA,6,NA,3,1,2.39520382881165,28897.912109375,319,NA,NA,NA,NA,NA,NA,259,NA,324,NA,58,313,1,NA,NA,NA,NA,NA,NA,8,NA,10,NA,12,13,15.3819942474365,13.2677955627441,24.0575981140137,8.99039840698242,51.2802619934082,13.0391960144043,-0.292759865522385,9.60502243041992,-848.23955761392,-2292.48932304778,"StriatedCaracara",10
1734,NA,NA,0,NA,0,NA,0,0,0,0,0,NA,0,NA,NA,5,NA,5,NA,45,45,230,10,58,NA,43,NA,NA,11,NA,8,NA,19,11,11,11,16,NA,10,NA,NA,2,NA,3,NA,2,5,3,6,1,NA,1,1.79153764247894,30818.794921875,NA,NA,39,NA,12,NA,334,322,9,286,333,NA,314,NA,NA,3,NA,5,NA,7,8,9,10,11,NA,13,15.139030456543,13.941011428833,7.46628665924072,16.9654655456543,52.7856559753418,17.1556243896484,0.771708250045776,13.9583435058594,-838.23955761392,-2292.48932304778,"StriatedCaracara",10
1735,NA,NA,NA,NA,NA,NA,NA,NA,NA,NA,0,0,NA,NA,NA,NA,NA,NA,NA,NA,NA,NA,NA,16,60,NA,NA,NA,NA,NA,NA,NA,NA,NA,NA,NA,14,10,NA,NA,NA,NA,NA,NA,NA,NA,NA,NA,NA,1,2,NA,4.66470861434937,29032.052734375,NA,NA,NA,NA,NA,NA,NA,NA,NA,NA,324,246,NA,NA,NA,NA,NA,NA,NA,NA,NA,NA,NA,11,12,NA,15.479284286499,15.0022659301758,12.4904537200928,3.41251087188721,53.3267288208008,28.1519069671631,-0.120374880731106,15.1151609420776,-828.23955761392,-2292.48932304778,"StriatedCaracara",10
1736,NA,NA,NA,NA,0,NA,0,NA,NA,NA,NA,NA,NA,NA,NA,NA,NA,135,NA,120,NA,NA,NA,NA,NA,NA,NA,NA,NA,NA,12,NA,15,NA,NA,NA,NA,NA,NA,NA,NA,NA,NA,2,NA,1,NA,NA,NA,NA,NA,NA,5.71704721450806,26497.2265625,NA,NA,NA,NA,282,NA,282,NA,NA,NA,NA,NA,NA,NA,NA,NA,NA,5,NA,7,NA,NA,NA,NA,NA,NA,16.0489654541016,16.4014320373535,15.0944633483887,0.468031078577042,52.818733215332,30.9698848724365,-0.384385704994202,13.4873085021973,-818.23955761392,-2292.48932304778,"StriatedCaracara",10
1737,NA,0,NA,NA,NA,NA,NA,0,0,0,NA,NA,NA,NA,155,NA,NA,NA,NA,NA,20,1,1,NA,NA,NA,NA,11,NA,NA,NA,NA,NA,14,16,11,NA,NA,NA,NA,2,NA,NA,NA,NA,NA,2,2,1,NA,NA,NA,2.10438227653503,23553.951171875,NA,42,NA,NA,NA,NA,NA,46,35,51,NA,NA,NA,NA,2,NA,NA,NA,NA,NA,8,9,10,NA,NA,NA,16.4464435577393,18.7263221740723,12.9286308288574,0.87069308757782,52.0741271972656,31.8954639434814,-0.240383297204971,5.47959995269775,-808.23955761392,-2292.48932304778,"StriatedCaracara",10
1738,NA,NA,NA,NA,NA,NA,NA,NA,NA,NA,NA,0,0,NA,NA,NA,NA,NA,NA,NA,NA,NA,NA,NA,13,22,NA,NA,NA,NA,NA,NA,NA,NA,NA,NA,NA,9,11,NA,NA,NA,NA,NA,NA,NA,NA,NA,NA,NA,2,1,1.91001379489899,9721.314453125,NA,NA,NA,NA,NA,NA,NA,NA,NA,NA,NA,345,21,NA,NA,NA,NA,NA,NA,NA,NA,NA,NA,NA,12,13,16.101598739624,17.9915218353271,11.7259178161621,0.393753498792648,31.1745300292969,9.48467826843262,-0.219230115413666,3.21898865699768,-798.23955761392,-2292.48932304778,"StriatedCaracara",10
1739,NA,NA,NA,NA,NA,NA,0,NA,NA,NA,NA,NA,NA,NA,NA,NA,NA,NA,NA,20,NA,NA,NA,NA,NA,NA,NA,NA,NA,NA,NA,NA,16,NA,NA,NA,NA,NA,NA,NA,NA,NA,NA,NA,NA,1,NA,NA,NA,NA,NA,NA,5.02028369903564,3753.23974609375,NA,NA,NA,NA,NA,NA,320,NA,NA,NA,NA,NA,NA,NA,NA,NA,NA,NA,NA,7,NA,NA,NA,NA,NA,NA,16.4854469299316,19.8519630432129,6.37033271789551,0,52.0047149658203,34.122257232666,-0.0227658748626709,4.12070941925049,-728.23955761392,-2292.48932304778,"StriatedCaracara",10
1740,NA,NA,NA,NA,NA,NA,NA,NA,NA,NA,NA,NA,0,NA,NA,NA,NA,NA,NA,NA,NA,NA,NA,NA,NA,7,NA,NA,NA,NA,NA,NA,NA,NA,NA,NA,NA,NA,10,NA,NA,NA,NA,NA,NA,NA,NA,NA,NA,NA,NA,7,5.02028369903564,3753.23974609375,NA,NA,NA,NA,NA,NA,NA,NA,NA,NA,NA,NA,303,NA,NA,NA,NA,NA,NA,NA,NA,NA,NA,NA,NA,13,16.4854469299316,19.8519630432129,6.37033271789551,0,52.0047149658203,34.122257232666,-0.0227658748626709,4.12070941925049,-718.23955761392,-2292.48932304778,"StriatedCaracara",10
1741,NA,NA,NA,NA,NA,NA,NA,0,0,NA,0,0,0,NA,NA,NA,NA,NA,NA,NA,10,43,NA,40,29,20,NA,NA,NA,NA,NA,NA,NA,12,9,NA,16,18,8,NA,NA,NA,NA,NA,NA,NA,1,1,NA,2,1,1,2.16783475875854,3042.81298828125,NA,NA,NA,NA,NA,NA,NA,339,341,NA,353,293,315,NA,NA,NA,NA,NA,NA,NA,8,9,NA,11,12,13,16.6051597595215,20.2008762359619,14.3710517883301,0,54.8314361572266,30.2890853881836,0.138093709945679,5.13450622558594,-708.23955761392,-2292.48932304778,"StriatedCaracara",10
1742,NA,NA,NA,NA,NA,NA,0,0,NA,0,NA,0,NA,NA,NA,NA,NA,NA,NA,27,21,NA,17,NA,16,NA,NA,NA,NA,NA,NA,NA,13,18,NA,16,NA,9,NA,NA,NA,NA,NA,NA,NA,1,2,NA,2,NA,2,NA,2.5958034992218,884.085571289062,NA,NA,NA,NA,NA,NA,334,342,NA,352,NA,294,NA,NA,NA,NA,NA,NA,NA,7,8,NA,10,NA,12,NA,16.6005744934082,20.4736213684082,24.5295791625977,0.239736124873161,46.4083442687988,18.5717086791992,-0.0901668518781662,2.3668417930603,-698.23955761392,-2292.48932304778,"StriatedCaracara",10
1743,NA,NA,NA,NA,NA,NA,NA,0,0,NA,0,NA,NA,NA,NA,NA,NA,NA,NA,NA,240,3,NA,5,NA,NA,NA,NA,NA,NA,NA,NA,NA,11,17,NA,9,NA,NA,NA,NA,NA,NA,NA,NA,NA,2,2,NA,1,NA,NA,0.849792242050171,1580.05749511719,NA,NA,NA,NA,NA,NA,NA,6,40,NA,353,NA,NA,NA,NA,NA,NA,NA,NA,NA,8,9,NA,11,NA,NA,16.1756019592285,21.9534702301025,8.64937496185303,0,45.7953338623047,30.8734741210938,-0.00131601840257645,9.52480983734131,-688.23955761392,-2292.48932304778,"StriatedCaracara",10
1744,0,NA,NA,NA,0,NA,NA,NA,0,0,NA,NA,NA,30,NA,NA,NA,6,NA,NA,NA,8,69,NA,NA,NA,13,NA,NA,NA,14,NA,NA,NA,14,15,NA,NA,NA,3,NA,NA,NA,2,NA,NA,NA,1,1,NA,NA,NA,0.849792242050171,1580.05749511719,12,NA,NA,NA,332,NA,NA,NA,320,38,NA,NA,NA,1,NA,NA,NA,5,NA,NA,NA,9,10,NA,NA,NA,16.1756019592285,21.9534702301025,8.64937496185303,0,45.7953338623047,30.8734741210938,-0.00131601840257645,9.52480983734131,-678.23955761392,-2292.48932304778,"StriatedCaracara",10
1746,NA,NA,NA,NA,NA,NA,NA,0,NA,NA,NA,NA,NA,NA,NA,NA,NA,NA,NA,NA,1,NA,NA,NA,NA,NA,NA,NA,NA,NA,NA,NA,NA,14,NA,NA,NA,NA,NA,NA,NA,NA,NA,NA,NA,NA,1,NA,NA,NA,NA,NA,5.94480180740356,308.897369384766,NA,NA,NA,NA,NA,NA,NA,361,NA,NA,NA,NA,NA,NA,NA,NA,NA,NA,NA,NA,8,NA,NA,NA,NA,NA,16.0144577026367,25.5116329193115,2.18929886817932,0,57.9759788513184,36.7319183349609,0.299330919981003,9.47597694396973,-658.23955761392,-2292.48932304778,"StriatedCaracara",10
1747,NA,NA,NA,NA,NA,0,NA,NA,0,0,0,NA,0,NA,NA,NA,NA,NA,120,NA,NA,5,120,13,NA,5,NA,NA,NA,NA,NA,17,NA,NA,19,10,12,NA,10,NA,NA,NA,NA,NA,2,NA,NA,2,1,2,NA,1,4.84738540649414,322.331359863281,NA,NA,NA,NA,NA,48,NA,NA,40,357,353,NA,347,NA,NA,NA,NA,NA,6,NA,NA,9,10,11,NA,13,16.0132217407227,26.7032203674316,2.74003100395203,0,40.6960182189941,30.3546981811523,0.0953629538416862,8.30494117736816,-648.23955761392,-2292.48932304778,"StriatedCaracara",10
1771,NA,NA,NA,NA,NA,NA,NA,NA,NA,NA,NA,0,NA,NA,NA,NA,NA,NA,NA,NA,NA,NA,NA,NA,2,NA,NA,NA,NA,NA,NA,NA,NA,NA,NA,NA,NA,13,NA,NA,NA,NA,NA,NA,NA,NA,NA,NA,NA,NA,1,NA,0.854945838451385,12585.603515625,NA,NA,NA,NA,NA,NA,NA,NA,NA,NA,NA,46,NA,NA,NA,NA,NA,NA,NA,NA,NA,NA,NA,NA,12,NA,15.2788972854614,12.8109569549561,18.4870262145996,15.6916790008545,37.9378318786621,6.75728750228882,0.047364354133606,11.3210477828979,-878.23955761392,-2302.48932304778,"StriatedCaracara",10
1772,NA,NA,NA,NA,NA,0,0,NA,0,0,0,0,0,NA,NA,NA,NA,NA,30,15,NA,1,56,45,30,15,NA,NA,NA,NA,NA,16,10,NA,15,6,15,16,15,NA,NA,NA,NA,NA,3,2,NA,1,1,2,1,1,0.854945838451385,12585.603515625,NA,NA,NA,NA,NA,53,339,NA,252,24,349,345,301,NA,NA,NA,NA,NA,6,7,NA,9,10,11,12,13,15.2788972854614,12.8109569549561,18.4870262145996,15.6916790008545,37.9378318786621,6.75728750228882,0.047364354133606,11.3210477828979,-868.23955761392,-2302.48932304778,"StriatedCaracara",10
1773,NA,NA,NA,NA,NA,0,0,0,0,0,0,0,0,NA,NA,NA,NA,NA,225,20,180,80,145,14,7,17,NA,NA,NA,NA,NA,16,10,16,16,14,7,16,14,NA,NA,NA,NA,NA,4,2,3,1,4,2,5,1,2.85287666320801,17093.787109375,NA,NA,NA,NA,NA,330,339,308,361,292,323,337,316,NA,NA,NA,NA,NA,6,7,8,9,10,11,12,13,15.1458206176758,12.3449716567993,12.6352062225342,26.8097324371338,43.3658103942871,4.35830688476562,0.171719089150429,25.7980003356934,-858.23955761392,-2302.48932304778,"StriatedCaracara",10
1775,NA,NA,NA,NA,NA,0,NA,0,NA,0,0,0,0,NA,NA,NA,NA,NA,1,NA,9,NA,20,5,1,7,NA,NA,NA,NA,NA,17,NA,10,NA,13,17,14,16,NA,NA,NA,NA,NA,1,NA,4,NA,1,1,7,2,2.02675461769104,23560.2109375,NA,NA,NA,NA,NA,326,NA,259,NA,251,333,41,25,NA,NA,NA,NA,NA,6,NA,8,NA,10,11,12,13,15.6285705566406,13.5460996627808,16.1309089660645,7.02916288375854,51.1498680114746,19.4326019287109,-0.499266743659973,13.3028106689453,-838.23955761392,-2302.48932304778,"StriatedCaracara",10
1776,NA,0,0,0,0,0,0,0,0,0,0,0,0,NA,132,160,155,30,4,90,67,143,55,6,50,20,NA,8,16,7,9,8,12,7,12,8,13,11,10,NA,3,1,6,5,1,1,1,4,3,1,2,2,2.99074864387512,19395.48828125,NA,333,274,285,253,260,255,356,260,272,300,331,364,NA,2,3,4,5,6,7,8,9,10,11,12,13,15.8742418289185,14.6018466949463,23.5649738311768,2.95575499534607,49.9986839294434,19.9230060577393,-0.112366691231728,6.9799656867981,-828.23955761392,-2302.48932304778,"StriatedCaracara",10
1777,NA,0,0,0,0,0,NA,0,0,0,0,0,0,NA,165,10,130,165,130,NA,110,15,11,200,5,2,NA,14,12,9,16,10,NA,15,15,15,15,12,10,NA,3,2,7,2,2,NA,2,1,3,2,1,1,1.75875902175903,16186.083984375,NA,333,39,285,274,294,NA,26,253,351,47,282,328,NA,2,3,4,5,6,NA,8,9,10,11,12,13,15.9973297119141,16.1215019226074,22.4636344909668,3.92220997810364,46.3325729370117,17.8126888275146,-0.293658405542374,7.72252321243286,-818.23955761392,-2302.48932304778,"StriatedCaracara",10
1785,NA,NA,NA,NA,NA,NA,NA,NA,0,NA,NA,NA,0,NA,NA,NA,NA,NA,NA,NA,NA,20,NA,NA,NA,8,NA,NA,NA,NA,NA,NA,NA,NA,18,NA,NA,NA,15,NA,NA,NA,NA,NA,NA,NA,NA,9,NA,NA,NA,2,1.84396362304688,2819.05639648438,NA,NA,NA,NA,NA,NA,NA,NA,360,NA,NA,NA,332,NA,NA,NA,NA,NA,NA,NA,NA,9,NA,NA,NA,13,16.2990913391113,19.0642852783203,6.98682117462158,1.29261816255166e-05,43.4210052490234,28.1160182952881,0.0435276068747044,3.17586827278137,-728.23955761392,-2302.48932304778,"StriatedCaracara",10
1786,NA,NA,NA,NA,NA,NA,NA,0,0,NA,0,NA,NA,NA,NA,NA,NA,NA,NA,NA,24,1,NA,1,NA,NA,NA,NA,NA,NA,NA,NA,NA,12,11,NA,19,NA,NA,NA,NA,NA,NA,NA,NA,NA,1,2,NA,2,NA,NA,3.76858329772949,6125.97412109375,NA,NA,NA,NA,NA,NA,NA,362,341,NA,352,NA,NA,NA,NA,NA,NA,NA,NA,NA,8,9,NA,11,NA,NA,16.3224353790283,19.2926425933838,22.5316390991211,0.231114998459816,52.6177711486816,24.4990558624268,-0.186546340584755,2.68421697616577,-718.23955761392,-2302.48932304778,"StriatedCaracara",10
1787,NA,NA,NA,NA,NA,NA,NA,0,0,NA,NA,NA,NA,NA,NA,NA,NA,NA,NA,NA,15,10,NA,NA,NA,NA,NA,NA,NA,NA,NA,NA,NA,20,11,NA,NA,NA,NA,NA,NA,NA,NA,NA,NA,NA,2,1,NA,NA,NA,NA,2.43045377731323,6462.36474609375,NA,NA,NA,NA,NA,NA,NA,342,313,NA,NA,NA,NA,NA,NA,NA,NA,NA,NA,NA,8,9,NA,NA,NA,NA,16.3138732910156,19.7417793273926,12.5000877380371,0.565931141376495,55.5132904052734,30.9745578765869,-0.247646749019623,4.253586769104,-708.23955761392,-2302.48932304778,"StriatedCaracara",10
1788,NA,NA,NA,0,NA,0,0,0,0,0,NA,0,0,NA,NA,NA,10,NA,82,14,76,45,110,NA,11,1,NA,NA,NA,15,NA,16,18,17,18,9,NA,21,7,NA,NA,NA,1,NA,1,1,2,1,1,NA,1,7,3.43515348434448,3775.59838867188,NA,NA,NA,30,NA,322,321,319,304,245,NA,48,303,NA,NA,NA,4,NA,6,7,8,9,10,NA,12,13,16.2047348022461,20.8323974609375,8.3113317489624,0,55.0060958862305,34.9344139099121,-1.0428318977356,9.91629505157471,-698.23955761392,-2302.48932304778,"StriatedCaracara",10
1789,NA,NA,NA,0,NA,NA,NA,NA,0,0,0,0,NA,NA,NA,NA,10,NA,NA,NA,NA,2,1,43,2,NA,NA,NA,NA,16,NA,NA,NA,NA,14,8,15,8,NA,NA,NA,NA,1,NA,NA,NA,NA,1,1,2,4,NA,4.34855604171753,3800.14379882812,NA,NA,NA,30,NA,NA,NA,NA,320,38,352,295,NA,NA,NA,NA,4,NA,NA,NA,NA,9,10,11,12,NA,15.8170585632324,22.1089611053467,4.80402088165283,0.0350825823843479,56.9607925415039,36.7665672302246,-0.015841081738472,19.5009803771973,-688.23955761392,-2302.48932304778,"StriatedCaracara",10
1790,NA,NA,NA,NA,NA,NA,NA,NA,NA,NA,NA,0,0,NA,NA,NA,NA,NA,NA,NA,NA,NA,NA,NA,13,21,NA,NA,NA,NA,NA,NA,NA,NA,NA,NA,NA,17,18,NA,NA,NA,NA,NA,NA,NA,NA,NA,NA,NA,1,1,4.33848810195923,5491.35400390625,NA,NA,NA,NA,NA,NA,NA,NA,NA,NA,NA,292,28,NA,NA,NA,NA,NA,NA,NA,NA,NA,NA,NA,12,13,15.5593109130859,22.4128150939941,2.36869859695435,0,57.4193572998047,35.7693252563477,0.166308969259262,19.6289310455322,-678.23955761392,-2302.48932304778,"StriatedCaracara",10
1791,NA,NA,NA,NA,NA,NA,NA,NA,0,NA,NA,NA,NA,NA,NA,NA,NA,NA,NA,NA,NA,1,NA,NA,NA,NA,NA,NA,NA,NA,NA,NA,NA,NA,14,NA,NA,NA,NA,NA,NA,NA,NA,NA,NA,NA,NA,1,NA,NA,NA,NA,1.88902568817139,4793.45703125,NA,NA,NA,NA,NA,NA,NA,NA,320,NA,NA,NA,NA,NA,NA,NA,NA,NA,NA,NA,NA,9,NA,NA,NA,NA,15.5503482818604,23.3379383087158,0.0809050053358078,0,57.587287902832,36.3998794555664,0.203774675726891,10.2917194366455,-668.23955761392,-2302.48932304778,"StriatedCaracara",10
1792,NA,NA,NA,NA,NA,NA,NA,0,0,0,0,0,0,NA,NA,NA,NA,NA,NA,NA,8,39,12,14,6,6,NA,NA,NA,NA,NA,NA,NA,12,13,11,9,14,12,NA,NA,NA,NA,NA,NA,NA,1,2,2,2,4,1,2.65610599517822,3032.23510742188,NA,NA,NA,NA,NA,NA,NA,361,341,352,353,295,347,NA,NA,NA,NA,NA,NA,NA,8,9,10,11,12,13,15.7256622314453,24.6698265075684,3.70982098579407,0,57.0752830505371,35.2991256713867,0.0913877561688423,9.54556751251221,-658.23955761392,-2302.48932304778,"StriatedCaracara",10
1802,NA,NA,NA,NA,NA,NA,NA,NA,NA,0,NA,NA,NA,NA,NA,NA,NA,NA,NA,NA,NA,NA,25,NA,NA,NA,NA,NA,NA,NA,NA,NA,NA,NA,NA,21,NA,NA,NA,NA,NA,NA,NA,NA,NA,NA,NA,NA,1,NA,NA,NA,103.178657531738,3637.3662109375,NA,NA,NA,NA,NA,NA,NA,NA,NA,13,NA,NA,NA,NA,NA,NA,NA,NA,NA,NA,NA,NA,10,NA,NA,NA,14.0757484436035,9.84336948394775,0,6.80963087081909,11.0673561096191,11.6340055465698,-0.127865001559258,32.6725273132324,-1028.23955761392,-2312.48932304778,"StriatedCaracara",10
1815,NA,NA,NA,NA,NA,NA,NA,NA,0,NA,NA,NA,NA,NA,NA,NA,NA,NA,NA,NA,NA,10,NA,NA,NA,NA,NA,NA,NA,NA,NA,NA,NA,NA,15,NA,NA,NA,NA,NA,NA,NA,NA,NA,NA,NA,NA,1,NA,NA,NA,NA,5.35304355621338,1942.48937988281,NA,NA,NA,NA,NA,NA,NA,NA,350,NA,NA,NA,NA,NA,NA,NA,NA,NA,NA,NA,NA,9,NA,NA,NA,NA,14.1369047164917,12.5039472579956,0.694775700569153,32.3954315185547,19.4207134246826,1.88591980934143,0.244961008429527,28.6415824890137,-898.23955761392,-2312.48932304778,"StriatedCaracara",10
1819,NA,NA,NA,NA,NA,NA,NA,0,NA,0,NA,0,0,NA,NA,NA,NA,NA,NA,NA,109,NA,20,NA,15,198,NA,NA,NA,NA,NA,NA,NA,14,NA,14,NA,15,10,NA,NA,NA,NA,NA,NA,NA,1,NA,3,NA,3,1,1.48219645023346,15922.7705078125,NA,NA,NA,NA,NA,NA,NA,337,NA,292,NA,35,319,NA,NA,NA,NA,NA,NA,NA,8,NA,10,NA,12,13,15.3950023651123,12.8958120346069,16.2126197814941,8.778564453125,45.6012916564941,11.550669670105,-0.380972683429718,9.50469970703125,-858.23955761392,-2312.48932304778,"StriatedCaracara",10
1820,NA,NA,NA,NA,NA,0,NA,0,NA,NA,NA,0,0,NA,NA,NA,NA,NA,25,NA,20,NA,NA,NA,15,7,NA,NA,NA,NA,NA,15,NA,10,NA,NA,NA,8,18,NA,NA,NA,NA,NA,3,NA,3,NA,NA,NA,3,1,1.48219645023346,15922.7705078125,NA,NA,NA,NA,NA,53,NA,52,NA,NA,NA,338,21,NA,NA,NA,NA,NA,6,NA,8,NA,NA,NA,12,13,15.3950023651123,12.8958120346069,16.2126197814941,8.778564453125,45.6012916564941,11.550669670105,-0.380972683429718,9.50469970703125,-848.23955761392,-2312.48932304778,"StriatedCaracara",10
1821,NA,NA,NA,NA,NA,0,NA,0,NA,0,NA,0,0,NA,NA,NA,NA,NA,25,NA,180,NA,120,NA,15,101,NA,NA,NA,NA,NA,14,NA,7,NA,11,NA,15,11,NA,NA,NA,NA,NA,3,NA,2,NA,1,NA,3,1,1.84422552585602,16756.943359375,NA,NA,NA,NA,NA,53,NA,20,NA,350,NA,35,19,NA,NA,NA,NA,NA,6,NA,8,NA,10,NA,12,13,15.6533546447754,13.5893630981445,12.7831125259399,0.967375099658966,42.2770080566406,22.5764751434326,-0.297536969184875,5.27776336669922,-838.23955761392,-2312.48932304778,"StriatedCaracara",10
1822,0,0,0,0,0,0,0,0,0,0,0,0,0,20,155,200,120,20,45,60,10,43,10,26,112,89,14,11,9,15,13,18,16,12,10,20,12,9,6,2,1,1,2,5,1,2,1,3,1,1,1,1,1.79655790328979,11768.50390625,319,312,306,308,312,327,310,323,329,321,333,287,335,1,2,3,4,5,6,7,8,9,10,11,12,13,15.6737947463989,14.3411426544189,16.2861881256104,3.60949397087097,39.5173416137695,15.5591011047363,-0.202843144536018,5.46142911911011,-828.23955761392,-2312.48932304778,"StriatedCaracara",10
1828,NA,NA,NA,NA,NA,NA,NA,NA,NA,NA,NA,NA,0,NA,NA,NA,NA,NA,NA,NA,NA,NA,NA,NA,NA,50,NA,NA,NA,NA,NA,NA,NA,NA,NA,NA,NA,NA,15,NA,NA,NA,NA,NA,NA,NA,NA,NA,NA,NA,NA,1,4.78427171707153,1696.90502929688,NA,NA,NA,NA,NA,NA,NA,NA,NA,NA,NA,NA,269,NA,NA,NA,NA,NA,NA,NA,NA,NA,NA,NA,NA,13,16.2088394165039,18.3116989135742,10.3508729934692,0.146796315908432,46.3202819824219,27.2467193603516,0.00178261427208781,3.7130651473999,-758.23955761392,-2312.48932304778,"StriatedCaracara",10
1829,NA,NA,NA,NA,NA,NA,0,NA,NA,0,0,NA,0,NA,NA,NA,NA,NA,NA,60,NA,NA,45,5,NA,15,NA,NA,NA,NA,NA,NA,11,NA,NA,18,19,NA,12,NA,NA,NA,NA,NA,NA,1,NA,NA,1,1,NA,2,1.82275199890137,5217.796875,NA,NA,NA,NA,NA,NA,14,NA,NA,361,365,NA,327,NA,NA,NA,NA,NA,NA,7,NA,NA,10,11,NA,13,16.1183013916016,18.450590133667,15.6269865036011,0.0414010062813759,50.3711280822754,27.3945236206055,0.0463462024927139,3.85647392272949,-748.23955761392,-2312.48932304778,"StriatedCaracara",10
1830,NA,NA,NA,NA,NA,NA,NA,NA,NA,NA,NA,NA,0,NA,NA,NA,NA,NA,NA,NA,NA,NA,NA,NA,NA,1,NA,NA,NA,NA,NA,NA,NA,NA,NA,NA,NA,NA,11,NA,NA,NA,NA,NA,NA,NA,NA,NA,NA,NA,NA,7,1.82275199890137,5217.796875,NA,NA,NA,NA,NA,NA,NA,NA,NA,NA,NA,NA,303,NA,NA,NA,NA,NA,NA,NA,NA,NA,NA,NA,NA,13,16.1183013916016,18.450590133667,15.6269865036011,0.0414010062813759,50.3711280822754,27.3945236206055,0.0463462024927139,3.85647392272949,-738.23955761392,-2312.48932304778,"StriatedCaracara",10
1831,NA,NA,NA,NA,NA,NA,NA,NA,0,0,0,0,0,NA,NA,NA,NA,NA,NA,NA,NA,16,11,3,2,3,NA,NA,NA,NA,NA,NA,NA,NA,19,11,17,17,18,NA,NA,NA,NA,NA,NA,NA,NA,2,2,1,1,2,3.21715998649597,8228.939453125,NA,NA,NA,NA,NA,NA,NA,NA,341,353,352,46,331,NA,NA,NA,NA,NA,NA,NA,NA,9,10,11,12,13,16.0147228240967,18.842041015625,12.6198587417603,0.0764501839876175,54.6710548400879,32.1943969726562,-0.0938412398099899,5.44470548629761,-728.23955761392,-2312.48932304778,"StriatedCaracara",10
1832,NA,NA,NA,NA,NA,NA,NA,NA,NA,0,NA,NA,0,NA,NA,NA,NA,NA,NA,NA,NA,NA,1,NA,NA,8,NA,NA,NA,NA,NA,NA,NA,NA,NA,11,NA,NA,18,NA,NA,NA,NA,NA,NA,NA,NA,NA,2,NA,NA,2,2.81404805183411,12702.3486328125,NA,NA,NA,NA,NA,NA,NA,NA,NA,353,NA,NA,331,NA,NA,NA,NA,NA,NA,NA,NA,NA,10,NA,NA,13,15.7489929199219,19.502872467041,7.17992687225342,0.0092428270727396,55.9134292602539,33.5580062866211,-0.140776678919792,13.1148338317871,-718.23955761392,-2312.48932304778,"StriatedCaracara",10
1833,NA,NA,NA,NA,NA,NA,NA,NA,0,NA,NA,0,0,NA,NA,NA,NA,NA,NA,NA,NA,1,NA,NA,1,15,NA,NA,NA,NA,NA,NA,NA,NA,20,NA,NA,21,11,NA,NA,NA,NA,NA,NA,NA,NA,9,NA,NA,7,1,1.67364120483398,14144.609375,NA,NA,NA,NA,NA,NA,NA,NA,11,NA,NA,37,303,NA,NA,NA,NA,NA,NA,NA,NA,9,NA,NA,12,13,15.5287952423096,20.3266830444336,6.38799142837524,0.00357255549170077,56.2375640869141,33.2705307006836,0.362579226493835,20.9325141906738,-708.23955761392,-2312.48932304778,"StriatedCaracara",10
1834,NA,0,NA,0,NA,0,NA,0,NA,0,0,0,0,NA,60,NA,60,NA,40,NA,32,NA,51,1,7,20,NA,9,NA,18,NA,16,NA,16,NA,9,17,9,12,NA,2,NA,6,NA,1,NA,1,NA,2,1,1,1,2.11373615264893,11851.1396484375,NA,331,NA,343,NA,10,NA,361,NA,353,352,297,303,NA,2,NA,4,NA,6,NA,8,NA,10,11,12,13,15.2481822967529,21.7109146118164,7.82093858718872,0.64765328168869,56.1417961120605,28.8607749938965,1.85195124149323,26.7388744354248,-698.23955761392,-2312.48932304778,"StriatedCaracara",10
1836,NA,NA,NA,NA,NA,NA,NA,NA,NA,NA,NA,NA,0,NA,NA,NA,NA,NA,NA,NA,NA,NA,NA,NA,NA,29,NA,NA,NA,NA,NA,NA,NA,NA,NA,NA,NA,NA,15,NA,NA,NA,NA,NA,NA,NA,NA,NA,NA,NA,NA,1,3.48032879829407,14483.4111328125,NA,NA,NA,NA,NA,NA,NA,NA,NA,NA,NA,NA,303,NA,NA,NA,NA,NA,NA,NA,NA,NA,NA,NA,NA,13,15.255916595459,21.6070880889893,1.6098575592041,0,57.5236625671387,35.1775207519531,0.306522309780121,7.83141088485718,-678.23955761392,-2312.48932304778,"StriatedCaracara",10
1837,NA,NA,NA,NA,NA,NA,NA,0,0,NA,NA,NA,NA,NA,NA,NA,NA,NA,NA,NA,2,86,NA,NA,NA,NA,NA,NA,NA,NA,NA,NA,NA,14,11,NA,NA,NA,NA,NA,NA,NA,NA,NA,NA,NA,1,1,NA,NA,NA,NA,4.22027111053467,12635.486328125,NA,NA,NA,NA,NA,NA,NA,361,320,NA,NA,NA,NA,NA,NA,NA,NA,NA,NA,NA,8,9,NA,NA,NA,NA,15.4202499389648,21.8835868835449,6.28520679473877,0,54.9597625732422,34.441650390625,0.243519097566605,7.90532255172729,-668.23955761392,-2312.48932304778,"StriatedCaracara",10
1840,NA,NA,NA,NA,NA,NA,NA,NA,NA,NA,NA,NA,0,NA,NA,NA,NA,NA,NA,NA,NA,NA,NA,NA,NA,191,NA,NA,NA,NA,NA,NA,NA,NA,NA,NA,NA,NA,9,NA,NA,NA,NA,NA,NA,NA,NA,NA,NA,NA,NA,6,1.71828663349152,1020.45520019531,NA,NA,NA,NA,NA,NA,NA,NA,NA,NA,NA,NA,343,NA,NA,NA,NA,NA,NA,NA,NA,NA,NA,NA,NA,13,15.9724416732788,25.2666549682617,11.2207546234131,0,53.3825454711914,32.9053421020508,-0.105879902839661,11.7634601593018,-638.23955761392,-2312.48932304778,"StriatedCaracara",10
1841,NA,NA,NA,NA,NA,NA,NA,NA,NA,NA,NA,0,NA,NA,NA,NA,NA,NA,NA,NA,NA,NA,NA,NA,30,NA,NA,NA,NA,NA,NA,NA,NA,NA,NA,NA,NA,14,NA,NA,NA,NA,NA,NA,NA,NA,NA,NA,NA,NA,2,NA,1.34545016288757,402.108245849609,NA,NA,NA,NA,NA,NA,NA,NA,NA,NA,NA,346,NA,NA,NA,NA,NA,NA,NA,NA,NA,NA,NA,NA,12,NA,16.1533794403076,27.087869644165,0.748061060905457,0.263951987028122,38.0911026000977,25.2749767303467,0.214045748114586,5.80654191970825,-628.23955761392,-2312.48932304778,"StriatedCaracara",10
1855,NA,NA,NA,NA,NA,NA,NA,NA,NA,NA,NA,0,NA,NA,NA,NA,NA,NA,NA,NA,NA,NA,NA,NA,8,NA,NA,NA,NA,NA,NA,NA,NA,NA,NA,NA,NA,20,NA,NA,NA,NA,NA,NA,NA,NA,NA,NA,NA,NA,1,NA,50.5140113830566,4676.6240234375,NA,NA,NA,NA,NA,NA,NA,NA,NA,NA,NA,12,NA,NA,NA,NA,NA,NA,NA,NA,NA,NA,NA,NA,12,NA,12.2588806152344,11.9876728057861,1.86168122291565,3.95851540565491,40.5901718139648,7.54873657226562,0.187599897384644,144.672729492188,-948.23955761392,-2322.48932304778,"StriatedCaracara",10
1866,0,NA,NA,NA,NA,0,0,NA,NA,0,NA,0,0,5,NA,NA,NA,NA,1,1,NA,NA,1,NA,30,3,13,NA,NA,NA,NA,12,17,NA,NA,16,NA,8,11,2,NA,NA,NA,NA,1,1,NA,NA,1,NA,1,2,1.80218303203583,6644.84326171875,319,NA,NA,NA,NA,8,283,NA,NA,346,NA,246,325,1,NA,NA,NA,NA,6,7,NA,NA,10,NA,12,13,15.4726715087891,14.1057510375977,23.3586483001709,14.2540369033813,49.4307441711426,11.1715497970581,0.105473414063454,4.38459920883179,-828.23955761392,-2322.48932304778,"StriatedCaracara",10
1867,NA,NA,0,NA,0,0,0,0,0,0,0,0,0,NA,NA,15,NA,10,1,10,8,2,11,1,9,8,NA,NA,13,NA,7,11,9,9,9,10,15,10,11,NA,NA,3,NA,3,1,1,4,1,1,1,1,1,1.26353240013123,4419.88671875,NA,NA,263,NA,12,281,362,259,252,333,306,282,314,NA,NA,3,NA,5,6,7,8,9,10,11,12,13,15.5668239593506,14.2342262268066,21.6678085327148,8.88611125946045,43.3444480895996,10.5065946578979,-0.326138705015182,4.2901873588562,-818.23955761392,-2322.48932304778,"StriatedCaracara",10
1871,NA,NA,NA,NA,NA,NA,NA,NA,0,0,NA,0,0,NA,NA,NA,NA,NA,NA,NA,NA,2,5,NA,5,30,NA,NA,NA,NA,NA,NA,NA,NA,14,19,NA,15,10,NA,NA,NA,NA,NA,NA,NA,NA,2,1,NA,2,1,1.19400703907013,3219.36669921875,NA,NA,NA,NA,NA,NA,NA,NA,343,361,NA,287,301,NA,NA,NA,NA,NA,NA,NA,NA,9,10,NA,12,13,15.6552019119263,17.7497138977051,3.73530530929565,0.00242134695872664,44.9595489501953,28.1807479858398,0.0832607001066208,4.78079462051392,-758.23955761392,-2322.48932304778,"StriatedCaracara",10
1872,NA,NA,NA,NA,NA,NA,NA,NA,NA,NA,NA,NA,0,NA,NA,NA,NA,NA,NA,NA,NA,NA,NA,NA,NA,21,NA,NA,NA,NA,NA,NA,NA,NA,NA,NA,NA,NA,13,NA,NA,NA,NA,NA,NA,NA,NA,NA,NA,NA,NA,1,5.70226669311523,5841.794921875,NA,NA,NA,NA,NA,NA,NA,NA,NA,NA,NA,NA,326,NA,NA,NA,NA,NA,NA,NA,NA,NA,NA,NA,NA,13,15.917592048645,18.1021308898926,15.5345554351807,0.0638773813843727,53.4596710205078,28.7854328155518,-0.283009886741638,5.54170942306519,-748.23955761392,-2322.48932304778,"StriatedCaracara",10
1877,NA,NA,NA,NA,NA,0,NA,0,NA,NA,NA,NA,NA,NA,NA,NA,NA,NA,10,NA,15,NA,NA,NA,NA,NA,NA,NA,NA,NA,NA,9,NA,20,NA,NA,NA,NA,NA,NA,NA,NA,NA,NA,1,NA,2,NA,NA,NA,NA,NA,2.2218918800354,19900.45703125,NA,NA,NA,NA,NA,12,NA,343,NA,NA,NA,NA,NA,NA,NA,NA,NA,NA,6,NA,8,NA,NA,NA,NA,NA,15.0677509307861,20.5322647094727,10.2948169708252,0.677140593528748,55.4228248596191,31.3877391815186,-1.82905983924866,26.5546607971191,-698.23955761392,-2322.48932304778,"StriatedCaracara",10
1878,NA,NA,NA,NA,NA,0,NA,NA,NA,NA,NA,NA,NA,NA,NA,NA,NA,NA,1,NA,NA,NA,NA,NA,NA,NA,NA,NA,NA,NA,NA,10,NA,NA,NA,NA,NA,NA,NA,NA,NA,NA,NA,NA,1,NA,NA,NA,NA,NA,NA,NA,4.76657295227051,20330.81640625,NA,NA,NA,NA,NA,12,NA,NA,NA,NA,NA,NA,NA,NA,NA,NA,NA,NA,6,NA,NA,NA,NA,NA,NA,NA,15.0256357192993,21.2801685333252,7.26446628570557,0.118340492248535,56.1697540283203,33.4141845703125,0.103146709501743,14.302059173584,-688.23955761392,-2322.48932304778,"StriatedCaracara",10
1880,NA,NA,NA,NA,NA,NA,0,NA,NA,NA,NA,NA,NA,NA,NA,NA,NA,NA,NA,5,NA,NA,NA,NA,NA,NA,NA,NA,NA,NA,NA,NA,18,NA,NA,NA,NA,NA,NA,NA,NA,NA,NA,NA,NA,2,NA,NA,NA,NA,NA,NA,11.6966190338135,19601.46875,NA,NA,NA,NA,NA,NA,333,NA,NA,NA,NA,NA,NA,NA,NA,NA,NA,NA,NA,7,NA,NA,NA,NA,NA,NA,15.4985303878784,21.8298873901367,29.5948276519775,0,51.3174705505371,18.5691986083984,0.18752658367157,7.87570095062256,-668.23955761392,-2322.48932304778,"StriatedCaracara",10
1883,NA,NA,NA,NA,NA,NA,NA,NA,NA,0,0,NA,NA,NA,NA,NA,NA,NA,NA,NA,NA,NA,10,10,NA,NA,NA,NA,NA,NA,NA,NA,NA,NA,NA,12,21,NA,NA,NA,NA,NA,NA,NA,NA,NA,NA,NA,4,1,NA,NA,1.63499367237091,1419.19311523438,NA,NA,NA,NA,NA,NA,NA,NA,NA,35,3,NA,NA,NA,NA,NA,NA,NA,NA,NA,NA,NA,10,11,NA,NA,15.8426084518433,24.3118858337402,11.9109792709351,0,54.3549423217773,27.9040031433105,0.27844300866127,10.8612451553345,-638.23955761392,-2322.48932304778,"StriatedCaracara",10
1884,NA,NA,NA,NA,NA,NA,NA,NA,NA,NA,0,NA,0,NA,NA,NA,NA,NA,NA,NA,NA,NA,NA,29,NA,5,NA,NA,NA,NA,NA,NA,NA,NA,NA,NA,21,NA,9,NA,NA,NA,NA,NA,NA,NA,NA,NA,NA,1,NA,3,1.58910167217255,418.415161132812,NA,NA,NA,NA,NA,NA,NA,NA,NA,NA,3,NA,281,NA,NA,NA,NA,NA,NA,NA,NA,NA,NA,11,NA,13,16.0619125366211,24.7130260467529,24.9647083282471,0,53.3529586791992,17.1858787536621,-0.247474774718285,4.4870400428772,-628.23955761392,-2322.48932304778,"StriatedCaracara",10
1885,NA,NA,NA,NA,NA,0,NA,NA,NA,NA,0,NA,NA,NA,NA,NA,NA,NA,41,NA,NA,NA,NA,58,NA,NA,NA,NA,NA,NA,NA,16,NA,NA,NA,NA,14,NA,NA,NA,NA,NA,NA,NA,4,NA,NA,NA,NA,1,NA,NA,1.58910167217255,418.415161132812,NA,NA,NA,NA,NA,57,NA,NA,NA,NA,13,NA,NA,NA,NA,NA,NA,NA,6,NA,NA,NA,NA,11,NA,NA,16.0619125366211,24.7130260467529,24.9647083282471,0,53.3529586791992,17.1858787536621,-0.247474774718285,4.4870400428772,-618.23955761392,-2322.48932304778,"StriatedCaracara",10
1897,NA,NA,NA,NA,NA,NA,NA,NA,NA,NA,NA,0,NA,NA,NA,NA,NA,NA,NA,NA,NA,NA,NA,NA,59,NA,NA,NA,NA,NA,NA,NA,NA,NA,NA,NA,NA,10,NA,NA,NA,NA,NA,NA,NA,NA,NA,NA,NA,NA,1,NA,57.8735389709473,4704.55615234375,NA,NA,NA,NA,NA,NA,NA,NA,NA,NA,NA,9,NA,NA,NA,NA,NA,NA,NA,NA,NA,NA,NA,NA,12,NA,12.6765222549438,11.6134624481201,0,8.32944011688232,31.8671607971191,3.48108124732971,0.199732065200806,134.029281616211,-958.23955761392,-2332.48932304778,"StriatedCaracara",10
1898,NA,NA,NA,NA,NA,NA,NA,NA,NA,NA,NA,0,NA,NA,NA,NA,NA,NA,NA,NA,NA,NA,NA,NA,45,NA,NA,NA,NA,NA,NA,NA,NA,NA,NA,NA,NA,18,NA,NA,NA,NA,NA,NA,NA,NA,NA,NA,NA,NA,1,NA,50.5140113830566,4676.6240234375,NA,NA,NA,NA,NA,NA,NA,NA,NA,NA,NA,7,NA,NA,NA,NA,NA,NA,NA,NA,NA,NA,NA,NA,12,NA,12.2588806152344,11.9876728057861,1.86168122291565,3.95851540565491,40.5901718139648,7.54873657226562,0.187599897384644,144.672729492188,-948.23955761392,-2332.48932304778,"StriatedCaracara",10
1906,0,0,0,0,0,0,NA,NA,NA,NA,NA,NA,NA,120,85,150,120,120,10,NA,NA,NA,NA,NA,NA,NA,14,9,13,10,17,12,NA,NA,NA,NA,NA,NA,NA,2,6,2,1,2,1,NA,NA,NA,NA,NA,NA,NA,1.70111179351807,4169.3916015625,329,318,335,359,340,347,NA,NA,NA,NA,NA,NA,NA,1,2,3,4,5,6,NA,NA,NA,NA,NA,NA,NA,15.0106925964355,13.2492122650146,14.8980073928833,15.0736503601074,46.0214958190918,9.34510803222656,-0.226323902606964,6.23563385009766,-848.23955761392,-2332.48932304778,"StriatedCaracara",10
1907,NA,NA,0,NA,0,NA,0,NA,NA,0,NA,NA,NA,NA,NA,120,NA,120,NA,6,NA,NA,7,NA,NA,NA,NA,NA,11,NA,14,NA,11,NA,NA,17,NA,NA,NA,NA,NA,3,NA,8,NA,2,NA,NA,2,NA,NA,NA,1.70111179351807,4169.3916015625,NA,NA,348,NA,312,NA,332,NA,NA,328,NA,NA,NA,NA,NA,3,NA,5,NA,7,NA,NA,10,NA,NA,NA,15.0106925964355,13.2492122650146,14.8980073928833,15.0736503601074,46.0214958190918,9.34510803222656,-0.226323902606964,6.23563385009766,-838.23955761392,-2332.48932304778,"StriatedCaracara",10
1908,NA,NA,NA,NA,NA,NA,0,NA,0,0,NA,0,NA,NA,NA,NA,NA,NA,NA,25,NA,10,60,NA,20,NA,NA,NA,NA,NA,NA,NA,11,NA,15,9,NA,18,NA,NA,NA,NA,NA,NA,NA,2,NA,3,1,NA,1,NA,2.60798406600952,2094.69189453125,NA,NA,NA,NA,NA,NA,332,NA,11,348,NA,297,NA,NA,NA,NA,NA,NA,NA,7,NA,9,10,NA,12,NA,15.0337791442871,13.6621570587158,8.88410091400146,19.0492401123047,49.9172172546387,12.6505069732666,-0.292470902204514,6.49802255630493,-828.23955761392,-2332.48932304778,"StriatedCaracara",10
1909,NA,0,0,0,NA,0,0,0,0,0,0,0,0,NA,120,85,4,NA,1,1,3,213,6,51,6,10,NA,15,16,13,NA,22,8,11,16,11,14,15,15,NA,3,2,1,NA,1,1,1,1,2,1,1,1,1.88491654396057,760.065551757812,NA,281,330,306,NA,296,266,294,328,346,353,348,318,NA,2,3,4,NA,6,7,8,9,10,11,12,13,15.0820322036743,13.9674549102783,6.86039209365845,16.6778163909912,46.4042663574219,15.7031450271606,-0.0579869449138641,6.6097993850708,-818.23955761392,-2332.48932304778,"StriatedCaracara",10
1910,NA,NA,0,0,NA,0,0,0,0,0,0,0,0,NA,NA,20,30,NA,45,65,45,10,60,15,12,43,NA,NA,11,9,NA,8,17,9,14,11,11,10,13,NA,NA,1,2,NA,4,4,3,1,1,1,1,1,1.88491654396057,760.065551757812,NA,NA,256,309,NA,319,41,29,275,349,356,282,337,NA,NA,3,4,NA,6,7,8,9,10,11,12,13,15.0820322036743,13.9674549102783,6.86039209365845,16.6778163909912,46.4042663574219,15.7031450271606,-0.0579869449138641,6.6097993850708,-808.23955761392,-2332.48932304778,"StriatedCaracara",10
1913,NA,NA,NA,NA,NA,NA,NA,NA,NA,NA,NA,NA,0,NA,NA,NA,NA,NA,NA,NA,NA,NA,NA,NA,NA,5,NA,NA,NA,NA,NA,NA,NA,NA,NA,NA,NA,NA,12,NA,NA,NA,NA,NA,NA,NA,NA,NA,NA,NA,NA,2,3.88310122489929,6493.0859375,NA,NA,NA,NA,NA,NA,NA,NA,NA,NA,NA,NA,332,NA,NA,NA,NA,NA,NA,NA,NA,NA,NA,NA,NA,13,15.5261745452881,16.8158264160156,2.45741128921509,0,51.2321586608887,31.5916976928711,-0.281891971826553,10.0382099151611,-768.23955761392,-2332.48932304778,"StriatedCaracara",10
1914,NA,NA,NA,NA,NA,NA,0,NA,NA,0,NA,0,0,NA,NA,NA,NA,NA,NA,25,NA,NA,1,NA,6,55,NA,NA,NA,NA,NA,NA,14,NA,NA,17,NA,16,9,NA,NA,NA,NA,NA,NA,4,NA,NA,1,NA,2,1,3.88310122489929,6493.0859375,NA,NA,NA,NA,NA,NA,49,NA,NA,365,NA,287,276,NA,NA,NA,NA,NA,NA,7,NA,NA,10,NA,12,13,15.5261745452881,16.8158264160156,2.45741128921509,0,51.2321586608887,31.5916976928711,-0.281891971826553,10.0382099151611,-758.23955761392,-2332.48932304778,"StriatedCaracara",10
1915,NA,NA,NA,NA,NA,NA,NA,NA,NA,NA,NA,NA,0,NA,NA,NA,NA,NA,NA,NA,NA,NA,NA,NA,NA,50,NA,NA,NA,NA,NA,NA,NA,NA,NA,NA,NA,NA,11,NA,NA,NA,NA,NA,NA,NA,NA,NA,NA,NA,NA,1,11.1293296813965,10317.1923828125,NA,NA,NA,NA,NA,NA,NA,NA,NA,NA,NA,NA,278,NA,NA,NA,NA,NA,NA,NA,NA,NA,NA,NA,NA,13,15.3154439926147,17.6127510070801,2.24018216133118,0.068073183298111,57.9729843139648,37.360897064209,-0.276672840118408,12.3134145736694,-748.23955761392,-2332.48932304778,"StriatedCaracara",10
1916,NA,NA,NA,NA,NA,NA,NA,NA,NA,NA,NA,NA,0,NA,NA,NA,NA,NA,NA,NA,NA,NA,NA,NA,NA,56,NA,NA,NA,NA,NA,NA,NA,NA,NA,NA,NA,NA,10,NA,NA,NA,NA,NA,NA,NA,NA,NA,NA,NA,NA,1,18.0951366424561,14185.3759765625,NA,NA,NA,NA,NA,NA,NA,NA,NA,NA,NA,NA,278,NA,NA,NA,NA,NA,NA,NA,NA,NA,NA,NA,NA,13,14.9291505813599,18.4951190948486,4.72587823867798,0.695305347442627,57.3554077148438,31.4501552581787,-0.303554594516754,17.2992610931396,-738.23955761392,-2332.48932304778,"StriatedCaracara",10
1919,NA,NA,NA,NA,NA,NA,NA,0,NA,NA,NA,NA,NA,NA,NA,NA,NA,NA,NA,NA,54,NA,NA,NA,NA,NA,NA,NA,NA,NA,NA,NA,NA,12,NA,NA,NA,NA,NA,NA,NA,NA,NA,NA,NA,NA,1,NA,NA,NA,NA,NA,2.57564759254456,24322.41015625,NA,NA,NA,NA,NA,NA,NA,21,NA,NA,NA,NA,NA,NA,NA,NA,NA,NA,NA,NA,8,NA,NA,NA,NA,NA,14.6318445205688,19.324670791626,5.36460447311401,0.00148379930760711,56.6483917236328,32.7902412414551,0.685461759567261,17.386833190918,-708.23955761392,-2332.48932304778,"StriatedCaracara",10
1920,NA,NA,NA,NA,NA,0,NA,0,0,NA,NA,NA,NA,NA,NA,NA,NA,NA,2,NA,6,5,NA,NA,NA,NA,NA,NA,NA,NA,NA,14,NA,10,11,NA,NA,NA,NA,NA,NA,NA,NA,NA,1,NA,5,2,NA,NA,NA,NA,3.20741772651672,23856.1796875,NA,NA,NA,NA,NA,10,NA,20,43,NA,NA,NA,NA,NA,NA,NA,NA,NA,6,NA,8,9,NA,NA,NA,NA,14.8688201904297,19.5795440673828,7.36962985992432,0.293547809123993,56.0815200805664,35.1939086914062,0.740054726600647,18.9092445373535,-698.23955761392,-2332.48932304778,"StriatedCaracara",10
1924,NA,NA,NA,NA,0,NA,NA,NA,NA,NA,NA,NA,NA,NA,NA,NA,NA,1,NA,NA,NA,NA,NA,NA,NA,NA,NA,NA,NA,NA,15,NA,NA,NA,NA,NA,NA,NA,NA,NA,NA,NA,NA,1,NA,NA,NA,NA,NA,NA,NA,NA,2.69702124595642,11345.79296875,NA,NA,NA,NA,332,NA,NA,NA,NA,NA,NA,NA,NA,NA,NA,NA,NA,5,NA,NA,NA,NA,NA,NA,NA,NA,16.0458850860596,21.8980770111084,10.0124568939209,0.0728760063648224,51.8951606750488,27.4184799194336,-0.393839627504349,6.35085773468018,-658.23955761392,-2332.48932304778,"StriatedCaracara",10
1925,NA,NA,NA,NA,NA,NA,NA,NA,NA,NA,NA,NA,0,NA,NA,NA,NA,NA,NA,NA,NA,NA,NA,NA,NA,20,NA,NA,NA,NA,NA,NA,NA,NA,NA,NA,NA,NA,8,NA,NA,NA,NA,NA,NA,NA,NA,NA,NA,NA,NA,1,3.4692599773407,5599.56396484375,NA,NA,NA,NA,NA,NA,NA,NA,NA,NA,NA,NA,304,NA,NA,NA,NA,NA,NA,NA,NA,NA,NA,NA,NA,13,16.06077003479,22.3888282775879,9.80506134033203,0.0752877667546272,52.410083770752,25.215202331543,-0.720235764980316,4.72081518173218,-648.23955761392,-2332.48932304778,"StriatedCaracara",10
1926,NA,NA,NA,0,NA,NA,NA,NA,NA,NA,NA,NA,NA,NA,NA,NA,30,NA,NA,NA,NA,NA,NA,NA,NA,NA,NA,NA,NA,14,NA,NA,NA,NA,NA,NA,NA,NA,NA,NA,NA,NA,2,NA,NA,NA,NA,NA,NA,NA,NA,NA,2.211256980896,1203.71655273438,NA,NA,NA,365,NA,NA,NA,NA,NA,NA,NA,NA,NA,NA,NA,NA,4,NA,NA,NA,NA,NA,NA,NA,NA,NA,16.1515617370605,24.2173137664795,2.36426377296448,0.00336655811406672,53.8995552062988,22.341480255127,-0.228938832879066,0.957054615020752,-638.23955761392,-2332.48932304778,"StriatedCaracara",10
1937,NA,NA,NA,NA,NA,NA,NA,NA,0,NA,NA,NA,NA,NA,NA,NA,NA,NA,NA,NA,NA,120,NA,NA,NA,NA,NA,NA,NA,NA,NA,NA,NA,NA,8,NA,NA,NA,NA,NA,NA,NA,NA,NA,NA,NA,NA,1,NA,NA,NA,NA,104.615509033203,1748.05102539062,NA,NA,NA,NA,NA,NA,NA,NA,354,NA,NA,NA,NA,NA,NA,NA,NA,NA,NA,NA,NA,9,NA,NA,NA,NA,13.9532032012939,9.44630241394043,2.77833604812622,14.0804862976074,25.7742118835449,20.2823600769043,-3.09869146347046,10.0958452224731,-1018.23955761392,-2342.48932304778,"StriatedCaracara",10
1951,0,0,0,0,0,NA,0,0,0,NA,0,NA,0,60,60,60,60,120,NA,1,25,8,NA,24,NA,30,16,14,17,11,8,NA,11,11,9,NA,11,NA,13,1,1,2,1,1,NA,1,2,1,NA,1,NA,1,1.20021307468414,3324.23681640625,57,327,46,326,22,NA,17,26,259,NA,4,NA,250,1,2,3,4,5,NA,7,8,9,NA,11,NA,13,14.3153820037842,12.680136680603,15.5550031661987,22.4880275726318,36.8171234130859,6.37414264678955,-0.731303989887238,15.9692754745483,-848.23955761392,-2342.48932304778,"StriatedCaracara",10
1952,NA,NA,NA,NA,NA,NA,0,NA,0,NA,NA,NA,NA,NA,NA,NA,NA,NA,NA,5,NA,40,NA,NA,NA,NA,NA,NA,NA,NA,NA,NA,11,NA,16,NA,NA,NA,NA,NA,NA,NA,NA,NA,NA,2,NA,3,NA,NA,NA,NA,3.37464332580566,4918.56005859375,NA,NA,NA,NA,NA,NA,332,NA,11,NA,NA,NA,NA,NA,NA,NA,NA,NA,NA,7,NA,9,NA,NA,NA,NA,13.8156995773315,12.4439506530762,21.0262203216553,25.2374725341797,40.716194152832,0.892779886722565,-0.647164285182953,29.450511932373,-838.23955761392,-2342.48932304778,"StriatedCaracara",10
1954,0,0,0,0,0,0,0,0,0,0,0,0,1,30,58,40,20,70,40,3,41,30,270,15,38,49,12,11,12,14,8,16,16,9,14,12,18,11,14,2,1,1,2,1,2,1,1,1,1,1,1,1,1.29019677639008,312.614685058594,319,261,246,309,294,277,267,335,281,313,249,258,23,1,2,3,4,5,6,7,8,9,10,11,12,13,14.5909881591797,14.0024271011353,12.9855880737305,18.3545093536377,33.2277069091797,7.76360893249512,0.0959213525056839,16.8596725463867,-818.23955761392,-2342.48932304778,"StriatedCaracara",10
1956,NA,NA,NA,NA,0,0,NA,NA,NA,NA,NA,0,0,NA,NA,NA,NA,60,20,NA,NA,NA,NA,NA,69,45,NA,NA,NA,NA,8,16,NA,NA,NA,NA,NA,17,7,NA,NA,NA,NA,7,1,NA,NA,NA,NA,NA,3,1,2.10866975784302,5755.69287109375,NA,NA,NA,NA,324,361,NA,NA,NA,NA,NA,339,278,NA,NA,NA,NA,5,6,NA,NA,NA,NA,NA,12,13,15.5958633422852,16.4050102233887,11.3091821670532,3.32324910163879,40.1535797119141,23.0987339019775,0.0262039750814438,4.83890581130981,-778.23955761392,-2342.48932304778,"StriatedCaracara",10
1957,NA,0,NA,NA,0,0,0,0,0,0,0,0,0,NA,15,NA,NA,25,20,15,11,45,20,4,19,45,NA,10,NA,NA,16,13,18,10,14,10,14,11,17,NA,6,NA,NA,2,3,2,1,5,6,2,1,1,2.19006609916687,7913.0732421875,NA,320,NA,NA,352,283,332,363,320,291,351,1,277,NA,2,NA,NA,5,6,7,8,9,10,11,12,13,15.5854940414429,16.4096584320068,12.0497455596924,0.371992826461792,48.6251678466797,26.8620738983154,-0.324136853218079,9.34601593017578,-768.23955761392,-2342.48932304778,"StriatedCaracara",10
1958,NA,NA,NA,NA,NA,NA,NA,NA,NA,NA,NA,NA,0,NA,NA,NA,NA,NA,NA,NA,NA,NA,NA,NA,NA,43,NA,NA,NA,NA,NA,NA,NA,NA,NA,NA,NA,NA,17,NA,NA,NA,NA,NA,NA,NA,NA,NA,NA,NA,NA,1,8.43586540222168,12053.431640625,NA,NA,NA,NA,NA,NA,NA,NA,NA,NA,NA,NA,276,NA,NA,NA,NA,NA,NA,NA,NA,NA,NA,NA,NA,13,15.0908298492432,16.7646465301514,1.3138279914856,0.00322996405884624,57.5285987854004,39.3102989196777,0.0578049123287201,12.6297054290771,-758.23955761392,-2342.48932304778,"StriatedCaracara",10
1959,NA,NA,NA,NA,NA,NA,NA,NA,NA,NA,NA,NA,0,NA,NA,NA,NA,NA,NA,NA,NA,NA,NA,NA,NA,36,NA,NA,NA,NA,NA,NA,NA,NA,NA,NA,NA,NA,15,NA,NA,NA,NA,NA,NA,NA,NA,NA,NA,NA,NA,1,12.7743902206421,16800.93359375,NA,NA,NA,NA,NA,NA,NA,NA,NA,NA,NA,NA,277,NA,NA,NA,NA,NA,NA,NA,NA,NA,NA,NA,NA,13,14.3899116516113,17.6074447631836,2.2280604839325,2.83524608612061,56.9708099365234,30.2240524291992,0.466096878051758,18.2633934020996,-748.23955761392,-2342.48932304778,"StriatedCaracara",10
1967,NA,NA,NA,NA,NA,0,NA,NA,NA,NA,NA,0,NA,NA,NA,NA,NA,NA,1,NA,NA,NA,NA,NA,15,NA,NA,NA,NA,NA,NA,11,NA,NA,NA,NA,NA,15,NA,NA,NA,NA,NA,NA,1,NA,NA,NA,NA,NA,2,NA,2.69221353530884,16998.888671875,NA,NA,NA,NA,NA,12,NA,NA,NA,NA,NA,350,NA,NA,NA,NA,NA,NA,6,NA,NA,NA,NA,NA,12,NA,15.998423576355,18.9057064056396,23.8819065093994,0.000988484243862331,52.4076957702637,23.4042434692383,0.182775840163231,4.29704475402832,-668.23955761392,-2342.48932304778,"StriatedCaracara",10
1968,NA,NA,NA,NA,NA,NA,NA,NA,NA,NA,NA,NA,0,NA,NA,NA,NA,NA,NA,NA,NA,NA,NA,NA,NA,53,NA,NA,NA,NA,NA,NA,NA,NA,NA,NA,NA,NA,9,NA,NA,NA,NA,NA,NA,NA,NA,NA,NA,NA,NA,1,1.86701655387878,8777.4990234375,NA,NA,NA,NA,NA,NA,NA,NA,NA,NA,NA,NA,254,NA,NA,NA,NA,NA,NA,NA,NA,NA,NA,NA,NA,13,16.0604934692383,20.4690589904785,23.2536468505859,1.85533475875854,50.6660079956055,18.0239372253418,0.0669289529323578,3.15810346603394,-658.23955761392,-2342.48932304778,"StriatedCaracara",10
1970,NA,NA,NA,NA,NA,NA,NA,NA,NA,NA,NA,0,NA,NA,NA,NA,NA,NA,NA,NA,NA,NA,NA,NA,41,NA,NA,NA,NA,NA,NA,NA,NA,NA,NA,NA,NA,12,NA,NA,NA,NA,NA,NA,NA,NA,NA,NA,NA,NA,2,NA,2.16695404052734,2888.12280273438,NA,NA,NA,NA,NA,NA,NA,NA,NA,NA,NA,346,NA,NA,NA,NA,NA,NA,NA,NA,NA,NA,NA,NA,12,NA,15.2627754211426,19.1610145568848,28.4322280883789,4.28905153274536,45.5655937194824,10.7755575180054,1.1064327955246,19.5109901428223,-638.23955761392,-2342.48932304778,"StriatedCaracara",10
1993,NA,NA,NA,NA,NA,NA,NA,NA,NA,NA,NA,NA,0,NA,NA,NA,NA,NA,NA,NA,NA,NA,NA,NA,NA,134,NA,NA,NA,NA,NA,NA,NA,NA,NA,NA,NA,NA,19,NA,NA,NA,NA,NA,NA,NA,NA,NA,NA,NA,NA,1,1.79032015800476,1879.0986328125,NA,NA,NA,NA,NA,NA,NA,NA,NA,NA,NA,NA,21,NA,NA,NA,NA,NA,NA,NA,NA,NA,NA,NA,NA,13,13.5520553588867,11.6875,6.63835859298706,22.5806293487549,23.6393795013428,3.75386476516724,1.48096370697021,43.2191390991211,-868.23955761392,-2352.48932304778,"StriatedCaracara",10
1994,NA,NA,NA,NA,NA,NA,0,NA,NA,NA,NA,NA,NA,NA,NA,NA,NA,NA,NA,27,NA,NA,NA,NA,NA,NA,NA,NA,NA,NA,NA,NA,10,NA,NA,NA,NA,NA,NA,NA,NA,NA,NA,NA,NA,1,NA,NA,NA,NA,NA,NA,1.79032015800476,1879.0986328125,NA,NA,NA,NA,NA,NA,17,NA,NA,NA,NA,NA,NA,NA,NA,NA,NA,NA,NA,7,NA,NA,NA,NA,NA,NA,13.5520553588867,11.6875,6.63835859298706,22.5806293487549,23.6393795013428,3.75386476516724,1.48096370697021,43.2191390991211,-858.23955761392,-2352.48932304778,"StriatedCaracara",10
1995,NA,0,NA,NA,NA,NA,NA,NA,0,NA,NA,NA,NA,NA,90,NA,NA,NA,NA,NA,NA,20,NA,NA,NA,NA,NA,10,NA,NA,NA,NA,NA,NA,18,NA,NA,NA,NA,NA,4,NA,NA,NA,NA,NA,NA,3,NA,NA,NA,NA,1.84894394874573,5208.00390625,NA,52,NA,NA,NA,NA,NA,NA,11,NA,NA,NA,NA,NA,2,NA,NA,NA,NA,NA,NA,9,NA,NA,NA,NA,13.4390773773193,12.0928821563721,1.25490808486938,33.439395904541,29.7342109680176,2.35736393928528,-0.471803516149521,27.0232429504395,-848.23955761392,-2352.48932304778,"StriatedCaracara",10
1996,NA,NA,0,NA,NA,NA,NA,NA,NA,NA,NA,NA,0,NA,NA,90,NA,NA,NA,NA,NA,NA,NA,NA,NA,25,NA,NA,9,NA,NA,NA,NA,NA,NA,NA,NA,NA,10,NA,NA,8,NA,NA,NA,NA,NA,NA,NA,NA,NA,1,2.70579028129578,7802.8623046875,NA,NA,305,NA,NA,NA,NA,NA,NA,NA,NA,NA,321,NA,NA,3,NA,NA,NA,NA,NA,NA,NA,NA,NA,13,12.43616771698,12.5100603103638,1.68184292316437,32.8147277832031,28.524974822998,2.88364362716675,0.837071537971497,30.366361618042,-838.23955761392,-2352.48932304778,"StriatedCaracara",10
1997,0,NA,NA,0,NA,0,0,0,0,0,0,0,0,120,NA,NA,30,NA,30,11,60,180,180,20,210,10,13,NA,NA,18,NA,10,9,16,11,18,16,10,16,2,NA,NA,3,NA,1,1,1,1,1,1,3,1,2.12978076934814,4004.06909179688,330,NA,NA,286,NA,266,283,304,293,328,319,338,280,1,NA,NA,4,NA,6,7,8,9,10,11,12,13,12.794246673584,13.3245544433594,8.5008487701416,33.0953903198242,31.442440032959,1.70690643787384,1.13103270530701,33.5936050415039,-828.23955761392,-2352.48932304778,"StriatedCaracara",10
1998,NA,NA,0,0,0,0,0,0,0,0,0,0,0,NA,NA,75,20,20,10,2,3,5,10,44,49,240,NA,NA,11,19,8,13,10,21,11,13,15,9,10,NA,NA,3,1,1,1,1,1,1,1,1,1,2,1.29019677639008,312.614685058594,NA,NA,267,295,336,284,251,285,325,258,275,350,316,NA,NA,3,4,5,6,7,8,9,10,11,12,13,14.5909881591797,14.0024271011353,12.9855880737305,18.3545093536377,33.2277069091797,7.76360893249512,0.0959213525056839,16.8596725463867,-818.23955761392,-2352.48932304778,"StriatedCaracara",10
1999,NA,0,NA,NA,NA,NA,NA,NA,0,NA,NA,NA,NA,NA,30,NA,NA,NA,NA,NA,NA,15,NA,NA,NA,NA,NA,16,NA,NA,NA,NA,NA,NA,19,NA,NA,NA,NA,NA,6,NA,NA,NA,NA,NA,NA,1,NA,NA,NA,NA,1.52944386005402,9274.3955078125,NA,319,NA,NA,NA,NA,NA,NA,315,NA,NA,NA,NA,NA,2,NA,NA,NA,NA,NA,NA,9,NA,NA,NA,NA,15.2409067153931,16.2160415649414,5.00936460494995,0.339182764291763,32.4151458740234,19.0076656341553,-0.133223533630371,6.88514518737793,-788.23955761392,-2352.48932304778,"StriatedCaracara",10
2000,0,0,0,0,0,0,0,0,0,0,NA,0,0,40,150,75,120,45,6,60,91,55,80,NA,9,44,15,8,8,11,8,14,8,9,10,14,NA,20,10,3,6,5,3,5,1,3,1,3,1,NA,1,1,1.52944386005402,9274.3955078125,28,320,317,312,317,321,319,356,293,354,NA,295,317,1,2,3,4,5,6,7,8,9,10,NA,12,13,15.2409067153931,16.2160415649414,5.00936460494995,0.339182764291763,32.4151458740234,19.0076656341553,-0.133223533630371,6.88514518737793,-778.23955761392,-2352.48932304778,"StriatedCaracara",10
2001,NA,NA,NA,0,NA,0,0,0,0,0,NA,0,0,NA,NA,NA,90,NA,77,191,156,18,3,NA,131,12,NA,NA,NA,14,NA,15,11,15,15,9,NA,12,16,NA,NA,NA,5,NA,1,1,1,2,9,NA,7,1,3.96327638626099,11775.65234375,NA,NA,NA,342,NA,321,297,318,279,336,NA,37,274,NA,NA,NA,4,NA,6,7,8,9,10,NA,12,13,15.1877632141113,16.3036880493164,7.80513095855713,9.02695465087891,50.7900619506836,24.0010204315186,-0.484301745891571,12.7389793395996,-768.23955761392,-2352.48932304778,"StriatedCaracara",10
2002,NA,NA,NA,NA,NA,NA,0,NA,NA,NA,NA,NA,NA,NA,NA,NA,NA,NA,NA,10,NA,NA,NA,NA,NA,NA,NA,NA,NA,NA,NA,NA,11,NA,NA,NA,NA,NA,NA,NA,NA,NA,NA,NA,NA,2,NA,NA,NA,NA,NA,NA,5.08615207672119,16097.283203125,NA,NA,NA,NA,NA,NA,333,NA,NA,NA,NA,NA,NA,NA,NA,NA,NA,NA,NA,7,NA,NA,NA,NA,NA,NA,14.0822639465332,17.0198650360107,5.17589282989502,6.72664499282837,55.756519317627,24.0406265258789,-0.418825060129166,21.1692352294922,-758.23955761392,-2352.48932304778,"StriatedCaracara",10
2003,NA,NA,NA,NA,NA,NA,0,NA,0,NA,NA,NA,NA,NA,NA,NA,NA,NA,NA,10,NA,45,NA,NA,NA,NA,NA,NA,NA,NA,NA,NA,11,NA,9,NA,NA,NA,NA,NA,NA,NA,NA,NA,NA,2,NA,5,NA,NA,NA,NA,3.49737429618835,20786.294921875,NA,NA,NA,NA,NA,NA,333,NA,320,NA,NA,NA,NA,NA,NA,NA,NA,NA,NA,7,NA,9,NA,NA,NA,NA,13.3267669677734,17.957447052002,10.1854391098022,17.9463062286377,51.8337669372559,12.0885400772095,2.65140891075134,29.8160343170166,-748.23955761392,-2352.48932304778,"StriatedCaracara",10
2004,NA,NA,NA,NA,NA,NA,0,NA,NA,NA,0,NA,NA,NA,NA,NA,NA,NA,NA,21,NA,NA,NA,9,NA,NA,NA,NA,NA,NA,NA,NA,12,NA,NA,NA,18,NA,NA,NA,NA,NA,NA,NA,NA,2,NA,NA,NA,1,NA,NA,4.82325220108032,21111.396484375,NA,NA,NA,NA,NA,NA,333,NA,NA,NA,299,NA,NA,NA,NA,NA,NA,NA,NA,7,NA,NA,NA,11,NA,NA,13.4670009613037,18.3409080505371,5.6910080909729,6.49534845352173,57.0565147399902,16.8736419677734,0.341163337230682,24.134370803833,-738.23955761392,-2352.48932304778,"StriatedCaracara",10
2009,NA,NA,NA,NA,NA,NA,0,NA,NA,0,NA,0,NA,NA,NA,NA,NA,NA,NA,20,NA,NA,60,NA,12,NA,NA,NA,NA,NA,NA,NA,16,NA,NA,12,NA,10,NA,NA,NA,NA,NA,NA,NA,2,NA,NA,2,NA,2,NA,3.07501077651978,25842.705078125,NA,NA,NA,NA,NA,NA,297,NA,NA,317,NA,340,NA,NA,NA,NA,NA,NA,NA,7,NA,NA,10,NA,12,NA,15.7754878997803,18.6063003540039,17.8762760162354,0.93265688419342,50.1386375427246,27.1337699890137,-0.0421360731124878,3.31010675430298,-688.23955761392,-2352.48932304778,"StriatedCaracara",10
2011,NA,NA,NA,NA,NA,NA,NA,0,NA,0,0,0,0,NA,NA,NA,NA,NA,NA,NA,1,NA,4,34,77,119,NA,NA,NA,NA,NA,NA,NA,11,NA,13,17,9,13,NA,NA,NA,NA,NA,NA,NA,3,NA,2,1,1,1,2.58477187156677,17818.935546875,NA,NA,NA,NA,NA,NA,NA,13,NA,20,1,254,324,NA,NA,NA,NA,NA,NA,NA,8,NA,10,11,12,13,15.554425239563,18.1015930175781,28.0080528259277,11.4931058883667,49.8746795654297,10.1868553161621,0.0504950806498528,6.25962209701538,-668.23955761392,-2352.48932304778,"StriatedCaracara",10
2012,NA,NA,NA,NA,NA,NA,NA,0,NA,0,NA,NA,NA,NA,NA,NA,NA,NA,NA,NA,10,NA,2,NA,NA,NA,NA,NA,NA,NA,NA,NA,NA,10,NA,13,NA,NA,NA,NA,NA,NA,NA,NA,NA,NA,1,NA,3,NA,NA,NA,1.55674242973328,9960.056640625,NA,NA,NA,NA,NA,NA,NA,339,NA,20,NA,NA,NA,NA,NA,NA,NA,NA,NA,NA,8,NA,10,NA,NA,NA,15.6101732254028,18.6869812011719,37.4875602722168,4.83123922348022,50.2155075073242,6.56695461273193,-0.163599103689194,5.1218090057373,-658.23955761392,-2352.48932304778,"StriatedCaracara",10
2013,0,NA,NA,NA,NA,NA,NA,NA,NA,0,NA,0,0,15,NA,NA,NA,NA,NA,NA,NA,NA,3,NA,26,3,15,NA,NA,NA,NA,NA,NA,NA,NA,14,NA,13,18,3,NA,NA,NA,NA,NA,NA,NA,NA,1,NA,1,1,1.77958869934082,5390.0390625,16,NA,NA,NA,NA,NA,NA,NA,NA,353,NA,310,4,1,NA,NA,NA,NA,NA,NA,NA,NA,10,NA,12,13,15.5932474136353,18.8067569732666,33.3382148742676,3.432692527771,49.9357681274414,10.2495527267456,-1.09898066520691,12.4184627532959,-648.23955761392,-2352.48932304778,"StriatedCaracara",10
2014,NA,NA,NA,NA,NA,NA,0,NA,NA,NA,0,0,0,NA,NA,NA,NA,NA,NA,60,NA,NA,NA,137,60,28,NA,NA,NA,NA,NA,NA,10,NA,NA,NA,12,13,10,NA,NA,NA,NA,NA,NA,2,NA,NA,NA,1,4,3,2.16695404052734,2888.12280273438,NA,NA,NA,NA,NA,NA,346,NA,NA,NA,298,43,309,NA,NA,NA,NA,NA,NA,7,NA,NA,NA,11,12,13,15.2627754211426,19.1610145568848,28.4322280883789,4.28905153274536,45.5655937194824,10.7755575180054,1.1064327955246,19.5109901428223,-638.23955761392,-2352.48932304778,"StriatedCaracara",10
2015,NA,NA,NA,NA,NA,0,NA,0,NA,NA,NA,NA,0,NA,NA,NA,NA,NA,60,NA,1,NA,NA,NA,NA,5,NA,NA,NA,NA,NA,11,NA,19,NA,NA,NA,NA,16,NA,NA,NA,NA,NA,3,NA,3,NA,NA,NA,NA,3,1.7840610742569,1677.72058105469,NA,NA,NA,NA,NA,269,NA,7,NA,NA,NA,NA,281,NA,NA,NA,NA,NA,6,NA,8,NA,NA,NA,NA,13,15.3285207748413,20.3573951721191,27.1450309753418,2.0094907283783,33.8980522155762,5.06881666183472,0.378051996231079,10.0770578384399,-628.23955761392,-2352.48932304778,"StriatedCaracara",10
2024,NA,NA,NA,NA,NA,NA,NA,NA,NA,1,NA,NA,NA,NA,NA,NA,NA,NA,NA,NA,NA,NA,80,NA,NA,NA,NA,NA,NA,NA,NA,NA,NA,NA,NA,10,NA,NA,NA,NA,NA,NA,NA,NA,NA,NA,NA,NA,1,NA,NA,NA,120.061378479004,660.5341796875,NA,NA,NA,NA,NA,NA,NA,NA,NA,350,NA,NA,NA,NA,NA,NA,NA,NA,NA,NA,NA,NA,10,NA,NA,NA,13.3508186340332,9.32638549804688,2.17201638221741,3.88813018798828,21.2042083740234,13.4253673553467,1.17937481403351,58.1938018798828,-1018.23955761392,-2362.48932304778,"StriatedCaracara",10
2043,NA,NA,NA,NA,NA,NA,NA,0,NA,NA,NA,NA,NA,NA,NA,NA,NA,NA,NA,NA,55,NA,NA,NA,NA,NA,NA,NA,NA,NA,NA,NA,NA,16,NA,NA,NA,NA,NA,NA,NA,NA,NA,NA,NA,NA,1,NA,NA,NA,NA,NA,5.52372264862061,4666.625,NA,NA,NA,NA,NA,NA,NA,337,NA,NA,NA,NA,NA,NA,NA,NA,NA,NA,NA,NA,8,NA,NA,NA,NA,NA,13.2025184631348,13.5854291915894,7.43397760391235,34.0882110595703,28.7513275146484,1.61549031734467,-0.204483181238174,32.982795715332,-828.23955761392,-2362.48932304778,"StriatedCaracara",10
2044,0,NA,0,0,0,0,0,0,0,0,0,0,0,30,NA,70,20,20,10,1,45,5,45,30,60,63,9,NA,9,19,9,14,9,16,17,15,9,14,10,2,NA,1,1,1,1,1,3,3,8,2,1,1,5.52372264862061,4666.625,323,NA,332,295,336,284,259,46,322,360,363,294,270,1,NA,3,4,5,6,7,8,9,10,11,12,13,13.2025184631348,13.5854291915894,7.43397760391235,34.0882110595703,28.7513275146484,1.61549031734467,-0.204483181238174,32.982795715332,-818.23955761392,-2362.48932304778,"StriatedCaracara",10
2046,NA,0,0,0,0,0,0,0,0,0,NA,0,0,NA,20,75,60,30,95,38,90,10,15,NA,24,5,NA,7,6,20,12,8,18,13,15,14,NA,17,18,NA,6,5,1,2,4,1,7,1,1,NA,1,1,1.8999285697937,8443.0615234375,NA,319,317,330,341,325,320,346,283,301,NA,1,309,NA,2,3,4,5,6,7,8,9,10,NA,12,13,14.9761629104614,16.6661720275879,15.1959524154663,3.7778787612915,44.5951690673828,14.633843421936,0.605590283870697,10.7143363952637,-778.23955761392,-2362.48932304778,"StriatedCaracara",10
2047,NA,NA,NA,NA,NA,NA,0,0,0,NA,NA,NA,0,NA,NA,NA,NA,NA,NA,5,10,10,NA,NA,NA,38,NA,NA,NA,NA,NA,NA,9,9,8,NA,NA,NA,9,NA,NA,NA,NA,NA,NA,2,1,5,NA,NA,NA,2,2.53675174713135,10046.6962890625,NA,NA,NA,NA,NA,NA,333,307,320,NA,NA,NA,332,NA,NA,NA,NA,NA,NA,7,8,9,NA,NA,NA,13,14.305926322937,15.945276260376,7.64435386657715,23.351053237915,50.2508583068848,8.37960052490234,-0.899305582046509,24.5466747283936,-768.23955761392,-2362.48932304778,"StriatedCaracara",10
2048,NA,0,NA,NA,NA,NA,0,NA,0,NA,NA,NA,0,NA,10,NA,NA,NA,NA,26,NA,45,NA,NA,NA,24,NA,14,NA,NA,NA,NA,10,NA,9,NA,NA,NA,18,NA,6,NA,NA,NA,NA,2,NA,5,NA,NA,NA,2,3.74850559234619,11857.875,NA,319,NA,NA,NA,NA,333,NA,320,NA,NA,NA,289,NA,2,NA,NA,NA,NA,7,NA,9,NA,NA,NA,13,12.6926870346069,17.54421043396,9.26894664764404,23.1088886260986,50.3055686950684,10.658863067627,2.67431950569153,30.546947479248,-758.23955761392,-2362.48932304778,"StriatedCaracara",10
2050,NA,NA,NA,NA,NA,0,0,0,0,NA,NA,0,0,NA,NA,NA,NA,NA,1,2,56,16,NA,NA,4,12,NA,NA,NA,NA,NA,10,11,14,14,NA,NA,9,14,NA,NA,NA,NA,NA,1,1,6,1,NA,NA,2,2,1.54193317890167,12904.86328125,NA,NA,NA,NA,NA,10,321,326,307,NA,NA,340,343,NA,NA,NA,NA,NA,6,7,8,9,NA,NA,12,13,14.0915441513062,17.8963813781738,7.93473434448242,26.2651844024658,51.5258026123047,5.28096342086792,-0.168296426534653,28.42018699646,-738.23955761392,-2362.48932304778,"StriatedCaracara",10
2051,NA,0,NA,NA,NA,0,0,0,0,0,0,0,0,NA,10,NA,NA,NA,17,18,5,15,2,15,6,8,NA,9,NA,NA,NA,11,11,14,10,14,17,10,13,NA,6,NA,NA,NA,4,1,3,1,2,2,2,1,8.13325500488281,20283.0390625,NA,319,NA,NA,NA,28,321,11,334,46,351,259,347,NA,2,NA,NA,NA,6,7,8,9,10,11,12,13,13.8484706878662,18.6080646514893,1.89107894897461,17.0550365447998,54.7307662963867,16.0174808502197,1.25395750999451,19.1362895965576,-728.23955761392,-2362.48932304778,"StriatedCaracara",10
2052,NA,0,NA,NA,NA,0,0,NA,0,NA,NA,NA,NA,NA,15,NA,NA,NA,45,25,NA,25,NA,NA,NA,NA,NA,9,NA,NA,NA,14,19,NA,15,NA,NA,NA,NA,NA,6,NA,NA,NA,3,2,NA,1,NA,NA,NA,NA,6.33975505828857,20336.1875,NA,319,NA,NA,NA,324,46,NA,334,NA,NA,NA,NA,NA,2,NA,NA,NA,6,7,NA,9,NA,NA,NA,NA,14.8060426712036,18.2612686157227,9.93578243255615,7.33034706115723,53.8883247375488,23.0005264282227,0.171013578772545,13.0438642501831,-718.23955761392,-2362.48932304778,"StriatedCaracara",10
2054,NA,NA,NA,0,NA,0,0,0,0,0,NA,0,0,NA,NA,NA,60,NA,15,45,2,7,5,NA,5,10,NA,NA,NA,7,NA,13,12,14,17,15,NA,15,15,NA,NA,NA,2,NA,1,1,3,5,3,NA,2,2,1.01830589771271,17449.0390625,NA,NA,NA,362,NA,349,284,31,308,24,NA,343,244,NA,NA,NA,4,NA,6,7,8,9,10,NA,12,13,15.4256477355957,18.7011833190918,19.9229907989502,0.0551170110702515,45.227611541748,20.4749946594238,-0.0993685200810432,2.7845344543457,-698.23955761392,-2362.48932304778,"StriatedCaracara",10
2055,NA,NA,NA,NA,NA,0,NA,NA,0,0,0,0,0,NA,NA,NA,NA,NA,20,NA,NA,160,50,6,10,4,NA,NA,NA,NA,NA,18,NA,NA,15,19,18,15,12,NA,NA,NA,NA,NA,1,NA,NA,2,1,1,2,2,2.23500537872314,21709.580078125,NA,NA,NA,NA,NA,339,NA,NA,15,40,299,274,343,NA,NA,NA,NA,NA,6,NA,NA,9,10,11,12,13,15.5680513381958,18.3126907348633,30.8545322418213,2.43853306770325,49.1972503662109,16.5932502746582,-0.192585542798042,4.40575122833252,-688.23955761392,-2362.48932304778,"StriatedCaracara",10
2060,NA,NA,NA,NA,0,NA,NA,NA,NA,NA,NA,NA,NA,NA,NA,NA,NA,22,NA,NA,NA,NA,NA,NA,NA,NA,NA,NA,NA,NA,19,NA,NA,NA,NA,NA,NA,NA,NA,NA,NA,NA,NA,1,NA,NA,NA,NA,NA,NA,NA,NA,6.47571134567261,5966.48583984375,NA,NA,NA,NA,340,NA,NA,NA,NA,NA,NA,NA,NA,NA,NA,NA,NA,5,NA,NA,NA,NA,NA,NA,NA,NA,15.1526250839233,18.407585144043,25.1064147949219,1.63110268115997,52.1905899047852,18.8425941467285,-0.248120978474617,9.94873142242432,-638.23955761392,-2362.48932304778,"StriatedCaracara",10
2061,NA,NA,NA,NA,0,NA,NA,NA,NA,NA,NA,0,NA,NA,NA,NA,NA,24,NA,NA,NA,NA,NA,NA,28,NA,NA,NA,NA,NA,18,NA,NA,NA,NA,NA,NA,19,NA,NA,NA,NA,NA,1,NA,NA,NA,NA,NA,NA,3,NA,8.32462310791016,3702.97705078125,NA,NA,NA,NA,340,NA,NA,NA,NA,NA,NA,340,NA,NA,NA,NA,NA,5,NA,NA,NA,NA,NA,NA,12,NA,15.4027719497681,19.961067199707,33.2968292236328,1.1606308221817,49.9139289855957,14.6197395324707,-0.172664731740952,5.35617828369141,-628.23955761392,-2362.48932304778,"StriatedCaracara",10
2062,NA,NA,NA,NA,0,NA,NA,NA,NA,NA,NA,NA,NA,NA,NA,NA,NA,37,NA,NA,NA,NA,NA,NA,NA,NA,NA,NA,NA,NA,16,NA,NA,NA,NA,NA,NA,NA,NA,NA,NA,NA,NA,1,NA,NA,NA,NA,NA,NA,NA,NA,3.77152419090271,1786.9072265625,NA,NA,NA,NA,340,NA,NA,NA,NA,NA,NA,NA,NA,NA,NA,NA,NA,5,NA,NA,NA,NA,NA,NA,NA,NA,15.617826461792,21.7449417114258,28.9140605926514,0.919394910335541,49.9218635559082,20.0098667144775,0.0971979275345802,6.64275312423706,-618.23955761392,-2362.48932304778,"StriatedCaracara",10
2063,NA,NA,NA,NA,NA,NA,NA,NA,NA,NA,NA,NA,0,NA,NA,NA,NA,NA,NA,NA,NA,NA,NA,NA,NA,57,NA,NA,NA,NA,NA,NA,NA,NA,NA,NA,NA,NA,10,NA,NA,NA,NA,NA,NA,NA,NA,NA,NA,NA,NA,1,2.91223406791687,934.736389160156,NA,NA,NA,NA,NA,NA,NA,NA,NA,NA,NA,NA,274,NA,NA,NA,NA,NA,NA,NA,NA,NA,NA,NA,NA,13,15.7886123657227,22.8840160369873,28.3465118408203,0.962810695171356,46.8612823486328,14.0193710327148,-0.111655250191689,3.79636454582214,-608.23955761392,-2362.48932304778,"StriatedCaracara",10
2073,NA,NA,NA,NA,NA,NA,NA,NA,NA,0,NA,NA,NA,NA,NA,NA,NA,NA,NA,NA,NA,NA,26,NA,NA,NA,NA,NA,NA,NA,NA,NA,NA,NA,NA,12,NA,NA,NA,NA,NA,NA,NA,NA,NA,NA,NA,NA,1,NA,NA,NA,106.153297424316,737.64453125,NA,NA,NA,NA,NA,NA,NA,NA,NA,21,NA,NA,NA,NA,NA,NA,NA,NA,NA,NA,NA,NA,10,NA,NA,NA,13.3974361419678,10.1618728637695,0.204100027680397,0.0751345828175545,23.8600177764893,15.5607852935791,-0.643867254257202,10.0144548416138,-998.23955761392,-2372.48932304778,"StriatedCaracara",10
2089,NA,NA,0,NA,0,0,0,0,0,0,0,0,0,NA,NA,180,NA,60,5,14,80,1,225,240,95,218,NA,NA,7,NA,10,12,0,10,15,6,13,17,10,NA,NA,1,NA,1,1,2,2,1,1,4,1,5,13.4460506439209,8004.1748046875,NA,NA,33,NA,42,4,332,304,338,38,47,300,352,NA,NA,3,NA,5,6,7,8,9,10,11,12,13,12.3278274536133,12.4826927185059,1.16438233852386,32.9388313293457,24.1416549682617,2.66241025924683,-0.581864237785339,29.5896606445312,-838.23955761392,-2372.48932304778,"StriatedCaracara",10
2090,NA,NA,NA,NA,NA,NA,0,NA,0,0,NA,0,NA,NA,NA,NA,NA,NA,NA,10,NA,5,60,NA,5,NA,NA,NA,NA,NA,NA,NA,0,NA,15,17,NA,17,NA,NA,NA,NA,NA,NA,NA,2,NA,1,1,NA,2,NA,5.13700532913208,4005.24462890625,NA,NA,NA,NA,NA,NA,332,NA,261,348,NA,273,NA,NA,NA,NA,NA,NA,NA,7,NA,9,10,NA,12,NA,13.4983005523682,13.2699871063232,16.2684898376465,24.8496513366699,34.5259284973145,1.76226019859314,-0.596752226352692,30.0790214538574,-828.23955761392,-2372.48932304778,"StriatedCaracara",10
2091,0,NA,0,0,0,0,0,0,0,0,0,0,0,5,NA,10,40,35,10,15,30,45,60,60,2,12,12,NA,9,18,9,14,1,16,15,16,14,15,8,2,NA,1,1,1,1,2,4,6,1,2,2,2,5.13700532913208,4005.24462890625,323,NA,303,295,336,284,332,285,316,348,363,23,293,1,NA,3,4,5,6,7,8,9,10,11,12,13,13.4983005523682,13.2699871063232,16.2684898376465,24.8496513366699,34.5259284973145,1.76226019859314,-0.596752226352692,30.0790214538574,-818.23955761392,-2372.48932304778,"StriatedCaracara",10
2092,NA,NA,NA,NA,NA,NA,0,NA,0,0,NA,NA,0,NA,NA,NA,NA,NA,NA,10,NA,12,53,NA,NA,40,NA,NA,NA,NA,NA,NA,12,NA,9,11,NA,NA,12,NA,NA,NA,NA,NA,NA,2,NA,4,2,NA,NA,2,1.52243673801422,7157.099609375,NA,NA,NA,NA,NA,NA,341,NA,338,14,NA,NA,330,NA,NA,NA,NA,NA,NA,7,NA,9,10,NA,NA,13,13.4641389846802,16.6432857513428,6.02524518966675,18.1267700195312,32.8175468444824,9.27789974212646,0.600141406059265,38.6695938110352,-778.23955761392,-2372.48932304778,"StriatedCaracara",10
2093,NA,NA,NA,0,0,0,0,0,1,0,0,0,0,NA,NA,NA,15,20,20,32,20,45,5,3,1,1,NA,NA,NA,17,10,13,8,9,10,10,16,11,17,NA,NA,NA,6,5,1,1,1,3,1,1,2,1,1.52243673801422,7157.099609375,NA,NA,NA,342,6,304,321,319,287,349,351,22,317,NA,NA,NA,4,5,6,7,8,9,10,11,12,13,13.4641389846802,16.6432857513428,6.02524518966675,18.1267700195312,32.8175468444824,9.27789974212646,0.600141406059265,38.6695938110352,-768.23955761392,-2372.48932304778,"StriatedCaracara",10
2094,NA,0,NA,NA,NA,NA,0,0,0,0,NA,NA,0,NA,10,NA,NA,NA,NA,11,20,36,15,NA,NA,3,NA,8,NA,NA,NA,NA,10,13,13,16,NA,NA,12,NA,6,NA,NA,NA,NA,1,1,2,1,NA,NA,1,1.89974689483643,6517.2001953125,NA,319,NA,NA,NA,NA,321,14,321,47,NA,NA,12,NA,2,NA,NA,NA,NA,7,8,9,10,NA,NA,13,13.6750106811523,19.2824401855469,12.9624614715576,20.1935977935791,43.3286361694336,1.75993525981903,-0.759186446666718,38.2347984313965,-758.23955761392,-2372.48932304778,"StriatedCaracara",10
2095,NA,NA,NA,NA,NA,NA,0,NA,NA,NA,NA,NA,NA,NA,NA,NA,NA,NA,NA,10,NA,NA,NA,NA,NA,NA,NA,NA,NA,NA,NA,NA,13,NA,NA,NA,NA,NA,NA,NA,NA,NA,NA,NA,NA,2,NA,NA,NA,NA,NA,NA,3.77581024169922,13330.7685546875,NA,NA,NA,NA,NA,NA,346,NA,NA,NA,NA,NA,NA,NA,NA,NA,NA,NA,NA,7,NA,NA,NA,NA,NA,NA,13.2241477966309,18.4127006530762,7.0849781036377,27.9561309814453,44.5913200378418,4.15461301803589,-1.15256297588348,45.2354049682617,-748.23955761392,-2372.48932304778,"StriatedCaracara",10
2096,0,0,0,0,0,0,0,0,0,0,0,0,0,120,10,120,240,120,90,90,60,45,60,60,151,24,9,10,15,14,14,15,11,9,15,14,10,14,14,3,6,3,1,1,1,8,1,3,8,1,1,1,2.01698923110962,17818.23828125,28,319,365,330,337,358,327,306,287,361,324,365,351,1,2,3,4,5,6,7,8,9,10,11,12,13,14.8674535751343,17.4541339874268,12.0238180160522,25.1298656463623,49.4420166015625,6.74097681045532,-0.657396078109741,16.322847366333,-698.23955761392,-2372.48932304778,"StriatedCaracara",10
2097,NA,NA,NA,NA,NA,NA,NA,NA,NA,NA,0,NA,NA,NA,NA,NA,NA,NA,NA,NA,NA,NA,NA,9,NA,NA,NA,NA,NA,NA,NA,NA,NA,NA,NA,NA,8,NA,NA,NA,NA,NA,NA,NA,NA,NA,NA,NA,NA,1,NA,NA,2.01698923110962,17818.23828125,NA,NA,NA,NA,NA,NA,NA,NA,NA,NA,40,NA,NA,NA,NA,NA,NA,NA,NA,NA,NA,NA,NA,11,NA,NA,14.8674535751343,17.4541339874268,12.0238180160522,25.1298656463623,49.4420166015625,6.74097681045532,-0.657396078109741,16.322847366333,-688.23955761392,-2372.48932304778,"StriatedCaracara",10
2098,NA,NA,NA,NA,NA,NA,NA,NA,NA,NA,0,NA,NA,NA,NA,NA,NA,NA,NA,NA,NA,NA,NA,41,NA,NA,NA,NA,NA,NA,NA,NA,NA,NA,NA,NA,9,NA,NA,NA,NA,NA,NA,NA,NA,NA,NA,NA,NA,2,NA,NA,3.98937892913818,23214.37890625,NA,NA,NA,NA,NA,NA,NA,NA,NA,NA,41,NA,NA,NA,NA,NA,NA,NA,NA,NA,NA,NA,NA,11,NA,NA,14.2318210601807,17.0530815124512,4.99883699417114,23.6568202972412,52.723949432373,7.63732957839966,0.309681057929993,20.5940532684326,-678.23955761392,-2372.48932304778,"StriatedCaracara",10
2100,NA,NA,NA,NA,NA,NA,NA,0,NA,NA,NA,NA,NA,NA,NA,NA,NA,NA,NA,NA,148,NA,NA,NA,NA,NA,NA,NA,NA,NA,NA,NA,NA,8,NA,NA,NA,NA,NA,NA,NA,NA,NA,NA,NA,NA,1,NA,NA,NA,NA,NA,6.41584014892578,18691.517578125,NA,NA,NA,NA,NA,NA,NA,22,NA,NA,NA,NA,NA,NA,NA,NA,NA,NA,NA,NA,8,NA,NA,NA,NA,NA,13.9705867767334,17.2850360870361,6.34503412246704,15.6765365600586,53.3334541320801,15.3345651626587,1.55143427848816,27.498420715332,-658.23955761392,-2372.48932304778,"StriatedCaracara",10
2101,NA,NA,NA,NA,NA,0,NA,0,NA,NA,0,NA,NA,NA,NA,NA,NA,NA,90,NA,21,NA,NA,10,NA,NA,NA,NA,NA,NA,NA,7,NA,10,NA,NA,9,NA,NA,NA,NA,NA,NA,NA,3,NA,1,NA,NA,1,NA,NA,2.52740907669067,14224.291015625,NA,NA,NA,NA,NA,59,NA,22,NA,NA,48,NA,NA,NA,NA,NA,NA,NA,6,NA,8,NA,NA,11,NA,NA,14.7307109832764,17.8359050750732,31.2235908508301,3.47725677490234,50.8706130981445,13.4671230316162,-0.818723380565643,17.339527130127,-648.23955761392,-2372.48932304778,"StriatedCaracara",10
2103,NA,NA,NA,NA,NA,0,NA,NA,NA,NA,NA,0,NA,NA,NA,NA,NA,NA,120,NA,NA,NA,NA,NA,40,NA,NA,NA,NA,NA,NA,12,NA,NA,NA,NA,NA,16,NA,NA,NA,NA,NA,NA,2,NA,NA,NA,NA,NA,2,NA,11.9676008224487,7180.7998046875,NA,NA,NA,NA,NA,42,NA,NA,NA,NA,NA,9,NA,NA,NA,NA,NA,NA,6,NA,NA,NA,NA,NA,12,NA,15.4550466537476,19.7031497955322,27.396728515625,0.046513382345438,50.4373626708984,18.3885078430176,0.764233410358429,9.26033592224121,-628.23955761392,-2372.48932304778,"StriatedCaracara",10
2104,NA,NA,NA,NA,NA,NA,NA,NA,NA,NA,NA,0,NA,NA,NA,NA,NA,NA,NA,NA,NA,NA,NA,NA,16,NA,NA,NA,NA,NA,NA,NA,NA,NA,NA,NA,NA,16,NA,NA,NA,NA,NA,NA,NA,NA,NA,NA,NA,NA,3,NA,10.2741556167603,3885.11743164062,NA,NA,NA,NA,NA,NA,NA,NA,NA,NA,NA,340,NA,NA,NA,NA,NA,NA,NA,NA,NA,NA,NA,NA,12,NA,15.7185802459717,21.1919937133789,27.195068359375,0.130810409784317,49.2053642272949,21.1613521575928,0.202003315091133,6.17846632003784,-618.23955761392,-2372.48932304778,"StriatedCaracara",10
2105,NA,NA,NA,NA,NA,NA,NA,NA,NA,NA,NA,0,0,NA,NA,NA,NA,NA,NA,NA,NA,NA,NA,NA,28,3,NA,NA,NA,NA,NA,NA,NA,NA,NA,NA,NA,11,17,NA,NA,NA,NA,NA,NA,NA,NA,NA,NA,NA,4,2,4.9738130569458,1982.89318847656,NA,NA,NA,NA,NA,NA,NA,NA,NA,NA,NA,338,281,NA,NA,NA,NA,NA,NA,NA,NA,NA,NA,NA,12,13,15.9081745147705,21.8063354492188,22.1805305480957,0.316594898700714,49.7084121704102,23.7391090393066,0.285528182983398,3.70890045166016,-608.23955761392,-2372.48932304778,"StriatedCaracara",10
2106,NA,NA,NA,NA,NA,NA,NA,NA,0,NA,0,NA,0,NA,NA,NA,NA,NA,NA,NA,NA,50,NA,103,NA,8,NA,NA,NA,NA,NA,NA,NA,NA,19,NA,16,NA,12,NA,NA,NA,NA,NA,NA,NA,NA,1,NA,1,NA,9,2.59408473968506,883.407104492188,NA,NA,NA,NA,NA,NA,NA,NA,42,NA,23,NA,302,NA,NA,NA,NA,NA,NA,NA,NA,9,NA,11,NA,13,15.7553949356079,21.9814109802246,26.2713394165039,0.104708939790726,52.8006896972656,14.9441013336182,-0.0812776237726212,9.73211097717285,-598.23955761392,-2372.48932304778,"StriatedCaracara",10
2120,NA,NA,NA,NA,NA,NA,NA,NA,NA,0,NA,NA,NA,NA,NA,NA,NA,NA,NA,NA,NA,NA,8,NA,NA,NA,NA,NA,NA,NA,NA,NA,NA,NA,NA,13,NA,NA,NA,NA,NA,NA,NA,NA,NA,NA,NA,NA,1,NA,NA,NA,77.3185729980469,4146.580078125,NA,NA,NA,NA,NA,NA,NA,NA,NA,38,NA,NA,NA,NA,NA,NA,NA,NA,NA,NA,NA,NA,10,NA,NA,NA,12.6428546905518,10.7110023498535,8.01457214355469,9.59926509857178,29.2820301055908,5.99372005462646,-0.490310072898865,68.4425659179688,-938.23955761392,-2382.48932304778,"StriatedCaracara",10
2131,0,0,0,0,0,0,0,0,0,NA,0,0,0,7,15,90,35,30,30,60,30,60,NA,300,30,40,13,11,10,20,19,17,15,17,14,NA,20,17,14,4,2,1,1,1,1,1,2,1,NA,1,1,1,7.52874422073364,3499.15234375,357,53,303,358,351,339,340,337,359,NA,335,316,330,1,2,3,4,5,6,7,8,9,NA,11,12,13,12.2781620025635,12.6526641845703,6.19590044021606,30.7670516967773,18.9823627471924,2.35699319839478,2.77483654022217,41.1013107299805,-828.23955761392,-2382.48932304778,"StriatedCaracara",10
2132,NA,NA,0,0,0,0,0,0,0,0,0,0,0,NA,NA,15,60,10,1,1,2,6,20,9,2,33,NA,NA,13,11,10,11,9,11,8,16,14,20,12,NA,NA,1,3,1,1,1,1,1,2,1,1,1,1.77031350135803,901.400634765625,NA,NA,13,314,336,330,267,357,319,249,337,305,246,NA,NA,3,4,5,6,7,8,9,10,11,12,13,13.0625696182251,13.1903610229492,3.52296471595764,27.6621627807617,15.4924230575562,3.25310468673706,-0.266857832670212,29.5359363555908,-818.23955761392,-2382.48932304778,"StriatedCaracara",10
2135,NA,NA,NA,NA,NA,NA,NA,NA,0,0,NA,NA,0,NA,NA,NA,NA,NA,NA,NA,NA,50,38,NA,NA,28,NA,NA,NA,NA,NA,NA,NA,NA,15,14,NA,NA,14,NA,NA,NA,NA,NA,NA,NA,NA,2,2,NA,NA,3,2.05833315849304,4731.9931640625,NA,NA,NA,NA,NA,NA,NA,NA,46,326,NA,NA,345,NA,NA,NA,NA,NA,NA,NA,NA,9,10,NA,NA,13,14.4372053146362,17.8004455566406,5.33930730819702,18.0761528015137,28.5619621276855,3.7623507976532,-0.42191469669342,11.3023290634155,-718.23955761392,-2382.48932304778,"StriatedCaracara",10
2138,NA,NA,NA,NA,NA,NA,NA,NA,0,NA,NA,NA,NA,NA,NA,NA,NA,NA,NA,NA,NA,30,NA,NA,NA,NA,NA,NA,NA,NA,NA,NA,NA,NA,13,NA,NA,NA,NA,NA,NA,NA,NA,NA,NA,NA,NA,1,NA,NA,NA,NA,3.32039856910706,18614.02734375,NA,NA,NA,NA,NA,NA,NA,NA,285,NA,NA,NA,NA,NA,NA,NA,NA,NA,NA,NA,NA,9,NA,NA,NA,NA,13.5171556472778,16.2477245330811,10.1154260635376,29.7859420776367,47.6298980712891,3.17090606689453,0.736971139907837,13.6822271347046,-688.23955761392,-2382.48932304778,"StriatedCaracara",10
2139,NA,NA,NA,NA,NA,NA,0,NA,0,NA,NA,NA,NA,NA,NA,NA,NA,NA,NA,40,NA,10,NA,NA,NA,NA,NA,NA,NA,NA,NA,NA,15,NA,14,NA,NA,NA,NA,NA,NA,NA,NA,NA,NA,1,NA,5,NA,NA,NA,NA,2.84943604469299,25267.25390625,NA,NA,NA,NA,NA,NA,34,NA,319,NA,NA,NA,NA,NA,NA,NA,NA,NA,NA,7,NA,9,NA,NA,NA,NA,13.3142156600952,16.286226272583,8.41110992431641,26.9025573730469,46.8800201416016,8.16098117828369,0.0697136521339417,16.7014026641846,-678.23955761392,-2382.48932304778,"StriatedCaracara",10
2141,NA,NA,NA,NA,NA,NA,NA,NA,NA,NA,0,NA,0,NA,NA,NA,NA,NA,NA,NA,NA,NA,NA,163,NA,81,NA,NA,NA,NA,NA,NA,NA,NA,NA,NA,14,NA,12,NA,NA,NA,NA,NA,NA,NA,NA,NA,NA,2,NA,1,3.38465404510498,26787.751953125,NA,NA,NA,NA,NA,NA,NA,NA,NA,NA,20,NA,28,NA,NA,NA,NA,NA,NA,NA,NA,NA,NA,11,NA,13,13.857048034668,16.8712291717529,7.33667898178101,13.7693567276001,51.3877639770508,18.9848480224609,0.071611225605011,24.2328720092773,-658.23955761392,-2382.48932304778,"StriatedCaracara",10
2142,NA,NA,NA,NA,NA,NA,NA,NA,NA,NA,NA,0,NA,NA,NA,NA,NA,NA,NA,NA,NA,NA,NA,NA,3,NA,NA,NA,NA,NA,NA,NA,NA,NA,NA,NA,NA,9,NA,NA,NA,NA,NA,NA,NA,NA,NA,NA,NA,NA,2,NA,2.14829111099243,23401.90625,NA,NA,NA,NA,NA,NA,NA,NA,NA,NA,NA,259,NA,NA,NA,NA,NA,NA,NA,NA,NA,NA,NA,NA,12,NA,14.3792972564697,17.3428573608398,25.3923358917236,8.74492645263672,49.3033218383789,13.7736101150513,0.477617383003235,25.2473640441895,-648.23955761392,-2382.48932304778,"StriatedCaracara",10
2143,NA,NA,NA,NA,NA,0,NA,NA,NA,NA,NA,0,NA,NA,NA,NA,NA,NA,5,NA,NA,NA,NA,NA,43,NA,NA,NA,NA,NA,NA,18,NA,NA,NA,NA,NA,16,NA,NA,NA,NA,NA,NA,4,NA,NA,NA,NA,NA,3,NA,4.20931720733643,18308.681640625,NA,NA,NA,NA,NA,360,NA,NA,NA,NA,NA,339,NA,NA,NA,NA,NA,NA,6,NA,NA,NA,NA,NA,12,NA,14.9718952178955,17.8351192474365,30.6933727264404,0.593938827514648,50.1698455810547,17.2951335906982,0.360200166702271,18.9588298797607,-638.23955761392,-2382.48932304778,"StriatedCaracara",10
2144,NA,NA,NA,NA,NA,NA,NA,NA,NA,0,NA,0,NA,NA,NA,NA,NA,NA,NA,NA,NA,NA,27,NA,41,NA,NA,NA,NA,NA,NA,NA,NA,NA,NA,17,NA,14,NA,NA,NA,NA,NA,NA,NA,NA,NA,NA,2,NA,3,NA,3.81000709533691,13024.0478515625,NA,NA,NA,NA,NA,NA,NA,NA,NA,34,NA,340,NA,NA,NA,NA,NA,NA,NA,NA,NA,NA,10,NA,12,NA,15.3937282562256,18.68092918396,28.1341953277588,0.252530455589294,48.1856918334961,17.3720417022705,-0.840903460979462,14.5283679962158,-628.23955761392,-2382.48932304778,"StriatedCaracara",10
2145,NA,NA,NA,NA,NA,NA,NA,NA,NA,NA,NA,0,NA,NA,NA,NA,NA,NA,NA,NA,NA,NA,NA,NA,18,NA,NA,NA,NA,NA,NA,NA,NA,NA,NA,NA,NA,11,NA,NA,NA,NA,NA,NA,NA,NA,NA,NA,NA,NA,3,NA,4.4652214050293,7646.39111328125,NA,NA,NA,NA,NA,NA,NA,NA,NA,NA,NA,339,NA,NA,NA,NA,NA,NA,NA,NA,NA,NA,NA,NA,12,NA,15.7898693084717,20.0781784057617,25.5377292633057,0.238045409321785,46.2900543212891,14.8886671066284,-0.755687177181244,5.05175018310547,-618.23955761392,-2382.48932304778,"StriatedCaracara",10
2146,NA,NA,NA,NA,NA,NA,NA,NA,NA,0,NA,0,NA,NA,NA,NA,NA,NA,NA,NA,NA,NA,120,NA,24,NA,NA,NA,NA,NA,NA,NA,NA,NA,NA,10,NA,17,NA,NA,NA,NA,NA,NA,NA,NA,NA,NA,5,NA,4,NA,5.17399787902832,3856.49633789062,NA,NA,NA,NA,NA,NA,NA,NA,NA,16,NA,338,NA,NA,NA,NA,NA,NA,NA,NA,NA,NA,10,NA,12,NA,15.8516063690186,21.8007373809814,25.3225803375244,0.687104046344757,47.1472434997559,16.4531326293945,-0.432930797338486,8.52181911468506,-608.23955761392,-2382.48932304778,"StriatedCaracara",10
2147,NA,NA,NA,0,NA,NA,NA,NA,NA,NA,NA,0,NA,NA,NA,NA,90,NA,NA,NA,NA,NA,NA,NA,110,NA,NA,NA,NA,12,NA,NA,NA,NA,NA,NA,NA,19,NA,NA,NA,NA,3,NA,NA,NA,NA,NA,NA,NA,1,NA,2.59408473968506,883.407104492188,NA,NA,NA,28,NA,NA,NA,NA,NA,NA,NA,312,NA,NA,NA,NA,4,NA,NA,NA,NA,NA,NA,NA,12,NA,15.7553949356079,21.9814109802246,26.2713394165039,0.104708939790726,52.8006896972656,14.9441013336182,-0.0812776237726212,9.73211097717285,-598.23955761392,-2382.48932304778,"StriatedCaracara",10
2148,0,NA,NA,NA,NA,NA,NA,NA,0,0,0,0,0,120,NA,NA,NA,NA,NA,NA,NA,30,22,20,102,88,16,NA,NA,NA,NA,NA,NA,NA,18,8,12,15,16,3,NA,NA,NA,NA,NA,NA,NA,1,4,1,6,1,2.30683660507202,1055.47314453125,41,NA,NA,NA,NA,NA,NA,NA,20,289,251,310,353,1,NA,NA,NA,NA,NA,NA,NA,9,10,11,12,13,15.6107540130615,22.7110366821289,26.0450038909912,1.14891564846039,47.8901519775391,18.8994464874268,-0.245427682995796,7.91431522369385,-588.23955761392,-2382.48932304778,"StriatedCaracara",10
2171,0,0,0,0,0,0,0,0,0,0,0,0,0,225,5,10,30,10,1,5,10,10,1,4,20,7,9,17,15,9,16,9,10,10,14,14,13,11,8,4,6,3,6,2,1,1,3,2,1,1,1,9,1.77031350135803,901.400634765625,55,320,288,341,273,280,259,288,291,314,298,318,295,1,2,3,4,5,6,7,8,9,10,11,12,13,13.0625696182251,13.1903610229492,3.52296471595764,27.6621627807617,15.4924230575562,3.25310468673706,-0.266857832670212,29.5359363555908,-818.23955761392,-2392.48932304778,"StriatedCaracara",10
2175,NA,NA,NA,NA,NA,NA,NA,NA,NA,NA,NA,NA,0,NA,NA,NA,NA,NA,NA,NA,NA,NA,NA,NA,NA,180,NA,NA,NA,NA,NA,NA,NA,NA,NA,NA,NA,NA,19,NA,NA,NA,NA,NA,NA,NA,NA,NA,NA,NA,NA,2,1.66491913795471,1774.763671875,NA,NA,NA,NA,NA,NA,NA,NA,NA,NA,NA,NA,14,NA,NA,NA,NA,NA,NA,NA,NA,NA,NA,NA,NA,13,14.2055425643921,17.3886127471924,6.05187702178955,15.8919696807861,22.632080078125,1.59319734573364,-0.706284880638123,9.61338233947754,-738.23955761392,-2392.48932304778,"StriatedCaracara",10
2176,NA,NA,NA,NA,NA,NA,NA,NA,0,NA,NA,NA,NA,NA,NA,NA,NA,NA,NA,NA,NA,21,NA,NA,NA,NA,NA,NA,NA,NA,NA,NA,NA,NA,14,NA,NA,NA,NA,NA,NA,NA,NA,NA,NA,NA,NA,7,NA,NA,NA,NA,1.66491913795471,1774.763671875,NA,NA,NA,NA,NA,NA,NA,NA,54,NA,NA,NA,NA,NA,NA,NA,NA,NA,NA,NA,NA,9,NA,NA,NA,NA,14.2055425643921,17.3886127471924,6.05187702178955,15.8919696807861,22.632080078125,1.59319734573364,-0.706284880638123,9.61338233947754,-728.23955761392,-2392.48932304778,"StriatedCaracara",10
2177,NA,NA,NA,NA,NA,NA,NA,NA,0,0,0,NA,0,NA,NA,NA,NA,NA,NA,NA,NA,1,10,40,NA,120,NA,NA,NA,NA,NA,NA,NA,NA,18,12,18,NA,19,NA,NA,NA,NA,NA,NA,NA,NA,3,1,1,NA,1,2.32406735420227,4410.60546875,NA,NA,NA,NA,NA,NA,NA,NA,339,284,41,NA,355,NA,NA,NA,NA,NA,NA,NA,NA,9,10,11,NA,13,14.1518831253052,16.6660919189453,16.6100444793701,22.3636665344238,43.7633209228516,2.71260213851929,0.175817534327507,13.0787296295166,-718.23955761392,-2392.48932304778,"StriatedCaracara",10
2178,NA,NA,NA,NA,NA,NA,NA,0,NA,NA,NA,NA,NA,NA,NA,NA,NA,NA,NA,NA,1,NA,NA,NA,NA,NA,NA,NA,NA,NA,NA,NA,NA,11,NA,NA,NA,NA,NA,NA,NA,NA,NA,NA,NA,NA,1,NA,NA,NA,NA,NA,2.58197546005249,8080.4375,NA,NA,NA,NA,NA,NA,NA,24,NA,NA,NA,NA,NA,NA,NA,NA,NA,NA,NA,NA,8,NA,NA,NA,NA,NA,13.9056539535522,15.7876977920532,6.21276521682739,32.173942565918,48.7929458618164,4.0528621673584,0.339721858501434,12.0443668365479,-708.23955761392,-2392.48932304778,"StriatedCaracara",10
2179,NA,NA,NA,NA,NA,0,NA,0,NA,0,NA,0,NA,NA,NA,NA,NA,NA,5,NA,15,NA,3,NA,8,NA,NA,NA,NA,NA,NA,19,NA,9,NA,17,NA,9,NA,NA,NA,NA,NA,NA,2,NA,2,NA,1,NA,2,NA,4.30309820175171,13919.9189453125,NA,NA,NA,NA,NA,55,NA,26,NA,348,NA,284,NA,NA,NA,NA,NA,NA,6,NA,8,NA,10,NA,12,NA,13.549072265625,15.8022060394287,12.7475996017456,13.2971591949463,52.0486068725586,15.2663106918335,0.442222267389297,10.1902074813843,-698.23955761392,-2392.48932304778,"StriatedCaracara",10
2184,NA,NA,NA,NA,NA,NA,NA,0,NA,NA,NA,NA,NA,NA,NA,NA,NA,NA,NA,NA,25,NA,NA,NA,NA,NA,NA,NA,NA,NA,NA,NA,NA,12,NA,NA,NA,NA,NA,NA,NA,NA,NA,NA,NA,NA,2,NA,NA,NA,NA,NA,7.98006820678711,32717.767578125,NA,NA,NA,NA,NA,NA,NA,35,NA,NA,NA,NA,NA,NA,NA,NA,NA,NA,NA,NA,8,NA,NA,NA,NA,NA,14.6343803405762,17.2046356201172,11.1498565673828,3.86142420768738,53.8889236450195,27.6543197631836,0.253357201814651,11.8573360443115,-648.23955761392,-2392.48932304778,"StriatedCaracara",10
2187,NA,NA,NA,NA,NA,NA,NA,NA,NA,NA,NA,0,NA,NA,NA,NA,NA,NA,NA,NA,NA,NA,NA,NA,27,NA,NA,NA,NA,NA,NA,NA,NA,NA,NA,NA,NA,11,NA,NA,NA,NA,NA,NA,NA,NA,NA,NA,NA,NA,3,NA,5.80874538421631,12055.0576171875,NA,NA,NA,NA,NA,NA,NA,NA,NA,NA,NA,341,NA,NA,NA,NA,NA,NA,NA,NA,NA,NA,NA,NA,12,NA,15.4323482513428,19.2035140991211,25.5191612243652,0.073186419904232,49.1015014648438,19.9450073242188,-0.0345401167869568,12.4484386444092,-618.23955761392,-2392.48932304778,"StriatedCaracara",10
2188,NA,NA,NA,0,NA,NA,NA,NA,0,0,0,0,0,NA,NA,NA,30,NA,NA,NA,NA,90,130,40,5,27,NA,NA,NA,10,NA,NA,NA,NA,12,14,10,8,12,NA,NA,NA,3,NA,NA,NA,NA,2,1,1,3,1,4.85901021957397,6642.625,NA,NA,NA,28,NA,NA,NA,NA,11,314,297,338,322,NA,NA,NA,4,NA,NA,NA,NA,9,10,11,12,13,15.4055938720703,20.3193130493164,18.3970813751221,0.00388721935451031,51.7165756225586,29.2308406829834,0.847240030765533,14.3790874481201,-608.23955761392,-2392.48932304778,"StriatedCaracara",10
2189,NA,NA,NA,NA,NA,NA,NA,NA,NA,0,NA,0,0,NA,NA,NA,NA,NA,NA,NA,NA,NA,10,NA,93,140,NA,NA,NA,NA,NA,NA,NA,NA,NA,15,NA,9,13,NA,NA,NA,NA,NA,NA,NA,NA,NA,4,NA,3,1,2.39927911758423,2288.05200195312,NA,NA,NA,NA,NA,NA,NA,NA,NA,288,NA,339,342,NA,NA,NA,NA,NA,NA,NA,NA,NA,10,NA,12,13,15.4386529922485,21.6149139404297,19.1638603210449,0,52.1786308288574,28.2360210418701,0.380480885505676,12.7976627349854,-598.23955761392,-2392.48932304778,"StriatedCaracara",10
2190,NA,NA,NA,0,NA,0,NA,0,0,0,NA,0,0,NA,NA,NA,60,NA,90,NA,15,113,9,NA,2,7,NA,NA,NA,14,NA,15,NA,14,8,14,NA,15,11,NA,NA,NA,3,NA,2,NA,3,2,4,NA,2,1,2.30683660507202,1055.47314453125,NA,NA,NA,346,NA,267,NA,59,314,288,NA,282,304,NA,NA,NA,4,NA,6,NA,8,9,10,NA,12,13,15.6107540130615,22.7110366821289,26.0450038909912,1.14891564846039,47.8901519775391,18.8994464874268,-0.245427682995796,7.91431522369385,-588.23955761392,-2392.48932304778,"StriatedCaracara",10
2191,0,NA,NA,0,0,0,0,0,0,0,0,0,0,15,NA,NA,30,30,30,60,96,103,64,3,12,5,11,NA,NA,8,13,17,10,10,9,11,7,12,20,3,NA,NA,1,1,2,1,10,1,1,1,2,1,0.996288418769836,568.307495117188,16,NA,NA,325,348,320,354,343,362,298,291,358,297,1,NA,NA,4,5,6,7,8,9,10,11,12,13,15.6359777450562,23.1564197540283,9.67110443115234,0.170036047697067,24.4194221496582,18.8734951019287,0.0472717769443989,2.72180223464966,-578.23955761392,-2392.48932304778,"StriatedCaracara",10
2192,NA,NA,NA,0,0,0,0,0,NA,0,0,0,0,NA,NA,NA,120,30,35,60,40,NA,63,15,11,5,NA,NA,NA,9,8,11,10,10,NA,17,17,8,9,NA,NA,NA,1,1,1,1,1,NA,1,1,2,2,1.4650582075119,1013.45727539062,NA,NA,NA,310,295,252,293,244,NA,292,271,282,281,NA,NA,NA,4,5,6,7,8,NA,10,11,12,13,15.343035697937,23.0562210083008,13.5569114685059,0.245281726121902,39.7064094543457,20.628059387207,0.0775834023952484,4.37362289428711,-568.23955761392,-2392.48932304778,"StriatedCaracara",10
2205,NA,NA,NA,NA,0,NA,0,NA,NA,0,0,0,0,NA,NA,NA,NA,60,NA,45,NA,NA,5,15,160,55,NA,NA,NA,NA,15,NA,19,NA,NA,19,13,6,19,NA,NA,NA,NA,1,NA,1,NA,NA,1,1,1,1,70.3792114257812,3745.6025390625,NA,NA,NA,NA,37,NA,13,NA,NA,6,37,304,333,NA,NA,NA,NA,5,NA,7,NA,NA,10,11,12,13,12.6713581085205,10.7480764389038,0,1.10560870170593,21.1135482788086,6.58569192886353,-0.979335248470306,14.8680429458618,-918.23955761392,-2402.48932304778,"StriatedCaracara",10
2215,0,0,0,0,0,0,0,0,0,0,0,0,0,155,10,30,30,90,19,90,61,46,35,9,4,10,10,17,9,10,17,12,10,14,14,14,12,20,7,3,6,1,6,2,1,1,1,1,3,1,1,1,6.64579677581787,1207.42846679688,342,320,334,341,273,270,296,357,337,285,337,300,329,1,2,3,4,5,6,7,8,9,10,11,12,13,12.7197484970093,12.1907215118408,0.708502113819122,22.933910369873,16.6099891662598,2.01126599311829,0.547330677509308,25.850212097168,-818.23955761392,-2402.48932304778,"StriatedCaracara",10
2219,NA,NA,NA,NA,NA,NA,NA,NA,0,NA,NA,NA,NA,NA,NA,NA,NA,NA,NA,NA,NA,14,NA,NA,NA,NA,NA,NA,NA,NA,NA,NA,NA,NA,15,NA,NA,NA,NA,NA,NA,NA,NA,NA,NA,NA,NA,1,NA,NA,NA,NA,2.74496269226074,1891.05834960938,NA,NA,NA,NA,NA,NA,NA,NA,49,NA,NA,NA,NA,NA,NA,NA,NA,NA,NA,NA,NA,9,NA,NA,NA,NA,13.0392713546753,17.1719532012939,0.306591480970383,25.2203159332275,17.4657554626465,1.33287382125854,0.437748521566391,26.2856311798096,-758.23955761392,-2402.48932304778,"StriatedCaracara",10
2226,NA,NA,NA,NA,NA,0,0,0,NA,0,0,0,0,NA,NA,NA,NA,NA,25,30,25,NA,4,10,8,5,NA,NA,NA,NA,NA,8,7,8,NA,17,18,16,11,NA,NA,NA,NA,NA,2,1,2,NA,1,1,1,2,4.29006099700928,25769.947265625,NA,NA,NA,NA,NA,56,337,26,NA,348,361,337,337,NA,NA,NA,NA,NA,6,7,8,NA,10,11,12,13,13.8471069335938,15.6507196426392,6.92947912216187,10.7280750274658,52.8564186096191,24.9642238616943,-0.308042794466019,12.332989692688,-688.23955761392,-2402.48932304778,"StriatedCaracara",10
2230,NA,NA,NA,NA,NA,NA,NA,0,NA,NA,NA,NA,NA,NA,NA,NA,NA,NA,NA,NA,20,NA,NA,NA,NA,NA,NA,NA,NA,NA,NA,NA,NA,11,NA,NA,NA,NA,NA,NA,NA,NA,NA,NA,NA,NA,2,NA,NA,NA,NA,NA,14.3600854873657,39412.140625,NA,NA,NA,NA,NA,NA,NA,35,NA,NA,NA,NA,NA,NA,NA,NA,NA,NA,NA,NA,8,NA,NA,NA,NA,NA,14.8848075866699,16.6664447784424,10.917329788208,1.19970011711121,54.2681198120117,32.0045776367188,0.481490284204483,8.7467041015625,-648.23955761392,-2402.48932304778,"StriatedCaracara",10
2235,NA,NA,NA,NA,0,NA,NA,NA,NA,NA,NA,NA,NA,NA,NA,NA,NA,240,NA,NA,NA,NA,NA,NA,NA,NA,NA,NA,NA,NA,9,NA,NA,NA,NA,NA,NA,NA,NA,NA,NA,NA,NA,2,NA,NA,NA,NA,NA,NA,NA,NA,5.45294952392578,8131.0126953125,NA,NA,NA,NA,18,NA,NA,NA,NA,NA,NA,NA,NA,NA,NA,NA,NA,5,NA,NA,NA,NA,NA,NA,NA,NA,15.5853176116943,20.6743469238281,20.694787979126,0.183282762765884,51.5396881103516,27.1118507385254,-0.378041297197342,10.2869443893433,-598.23955761392,-2402.48932304778,"StriatedCaracara",10
2236,NA,NA,NA,NA,NA,NA,NA,0,NA,NA,NA,NA,NA,NA,NA,NA,NA,NA,NA,NA,51,NA,NA,NA,NA,NA,NA,NA,NA,NA,NA,NA,NA,17,NA,NA,NA,NA,NA,NA,NA,NA,NA,NA,NA,NA,2,NA,NA,NA,NA,NA,1.80943071842194,4797.22705078125,NA,NA,NA,NA,NA,NA,NA,260,NA,NA,NA,NA,NA,NA,NA,NA,NA,NA,NA,NA,8,NA,NA,NA,NA,NA,15.5857048034668,21.6998805999756,25.3072242736816,0.35758775472641,50.4631996154785,23.0387096405029,0.149905800819397,10.2483596801758,-588.23955761392,-2402.48932304778,"StriatedCaracara",10
2237,NA,NA,NA,0,NA,NA,NA,0,NA,0,0,0,0,NA,NA,NA,30,NA,NA,NA,15,NA,10,64,12,26,NA,NA,NA,11,NA,NA,NA,9,NA,18,17,11,20,NA,NA,NA,2,NA,NA,NA,1,NA,1,5,1,2,1.41005766391754,2125.8125,NA,NA,NA,365,NA,NA,NA,334,NA,356,321,282,302,NA,NA,NA,4,NA,NA,NA,8,NA,10,11,12,13,15.552303314209,22.8207626342773,20.0408058166504,0.711477816104889,47.6793823242188,23.3542366027832,-0.105436220765114,8.4649486541748,-578.23955761392,-2402.48932304778,"StriatedCaracara",10
2238,NA,NA,NA,NA,NA,NA,NA,0,0,0,0,0,0,NA,NA,NA,NA,NA,NA,NA,2,45,9,20,78,53,NA,NA,NA,NA,NA,NA,NA,17,7,9,17,15,14,NA,NA,NA,NA,NA,NA,NA,3,4,2,1,1,1,1.4650582075119,1013.45727539062,NA,NA,NA,NA,NA,NA,NA,10,298,334,271,331,296,NA,NA,NA,NA,NA,NA,NA,8,9,10,11,12,13,15.343035697937,23.0562210083008,13.5569114685059,0.245281726121902,39.7064094543457,20.628059387207,0.0775834023952484,4.37362289428711,-568.23955761392,-2402.48932304778,"StriatedCaracara",10
2256,NA,NA,NA,NA,NA,NA,NA,NA,NA,NA,NA,NA,0,NA,NA,NA,NA,NA,NA,NA,NA,NA,NA,NA,NA,30,NA,NA,NA,NA,NA,NA,NA,NA,NA,NA,NA,NA,11,NA,NA,NA,NA,NA,NA,NA,NA,NA,NA,NA,NA,1,55.6656188964844,13798.181640625,NA,NA,NA,NA,NA,NA,NA,NA,NA,NA,NA,NA,56,NA,NA,NA,NA,NA,NA,NA,NA,NA,NA,NA,NA,13,12.7310228347778,10.6213607788086,0.0431058369576931,13.391149520874,25.5721893310547,14.4819250106812,1.306920170784,48.7794342041016,-878.23955761392,-2412.48932304778,"StriatedCaracara",10
2261,NA,NA,NA,NA,NA,NA,NA,0,NA,NA,0,0,NA,NA,NA,NA,NA,NA,NA,NA,25,NA,NA,30,64,NA,NA,NA,NA,NA,NA,NA,NA,12,NA,NA,10,21,NA,NA,NA,NA,NA,NA,NA,NA,2,NA,NA,1,1,NA,20.5433292388916,4555.2373046875,NA,NA,NA,NA,NA,NA,NA,350,NA,NA,354,311,NA,NA,NA,NA,NA,NA,NA,NA,8,NA,NA,11,12,NA,12.1382541656494,11.8749094009399,1.85358965396881,35.6536064147949,11.8234539031982,6.60815715789795,-0.0853233188390732,74.1509017944336,-828.23955761392,-2412.48932304778,"StriatedCaracara",10
2262,NA,NA,NA,NA,NA,0,0,0,0,0,0,0,0,NA,NA,NA,NA,NA,45,240,240,120,120,35,44,70,NA,NA,NA,NA,NA,15,16,8,11,12,13,15,15,NA,NA,NA,NA,NA,5,2,1,1,1,1,1,1,6.64579677581787,1207.42846679688,NA,NA,NA,NA,NA,26,262,12,16,358,355,315,287,NA,NA,NA,NA,NA,6,7,8,9,10,11,12,13,12.7197484970093,12.1907215118408,0.708502113819122,22.933910369873,16.6099891662598,2.01126599311829,0.547330677509308,25.850212097168,-818.23955761392,-2412.48932304778,"StriatedCaracara",10
2267,NA,NA,NA,NA,NA,NA,NA,NA,0,0,0,NA,0,NA,NA,NA,NA,NA,NA,NA,NA,20,10,126,NA,18,NA,NA,NA,NA,NA,NA,NA,NA,13,11,16,NA,18,NA,NA,NA,NA,NA,NA,NA,NA,1,3,1,NA,3,1.57232785224915,3734.33422851562,NA,NA,NA,NA,NA,NA,NA,NA,49,48,12,NA,4,NA,NA,NA,NA,NA,NA,NA,NA,9,10,11,NA,13,13.1267738342285,17.3783397674561,0.701849281787872,24.0459671020508,13.3031129837036,5.31979370117188,-1.01130020618439,20.2334136962891,-758.23955761392,-2412.48932304778,"StriatedCaracara",10
2271,NA,NA,NA,NA,NA,NA,NA,NA,NA,NA,NA,NA,0,NA,NA,NA,NA,NA,NA,NA,NA,NA,NA,NA,NA,15,NA,NA,NA,NA,NA,NA,NA,NA,NA,NA,NA,NA,19,NA,NA,NA,NA,NA,NA,NA,NA,NA,NA,NA,NA,1,21.7380485534668,18649.572265625,NA,NA,NA,NA,NA,NA,NA,NA,NA,NA,NA,NA,303,NA,NA,NA,NA,NA,NA,NA,NA,NA,NA,NA,NA,13,12.6477861404419,15.8126125335693,1.69172084331512,33.196174621582,36.7337265014648,1.02973461151123,-0.28877854347229,23.294002532959,-718.23955761392,-2412.48932304778,"StriatedCaracara",10
2272,NA,NA,NA,NA,NA,NA,NA,NA,NA,0,NA,0,NA,NA,NA,NA,NA,NA,NA,NA,NA,NA,21,NA,4,NA,NA,NA,NA,NA,NA,NA,NA,NA,NA,10,NA,18,NA,NA,NA,NA,NA,NA,NA,NA,NA,NA,2,NA,1,NA,19.4206008911133,23514.66015625,NA,NA,NA,NA,NA,NA,NA,NA,NA,327,NA,6,NA,NA,NA,NA,NA,NA,NA,NA,NA,NA,10,NA,12,NA,13.2572603225708,15.9057750701904,4.06779956817627,28.702127456665,46.980598449707,3.62682962417603,-0.241106107831001,9.28174686431885,-708.23955761392,-2412.48932304778,"StriatedCaracara",10
2273,NA,0,NA,NA,NA,NA,NA,NA,NA,NA,NA,NA,NA,NA,60,NA,NA,NA,NA,NA,NA,NA,NA,NA,NA,NA,NA,13,NA,NA,NA,NA,NA,NA,NA,NA,NA,NA,NA,NA,1,NA,NA,NA,NA,NA,NA,NA,NA,NA,NA,NA,17.0233707427979,28773.814453125,NA,23,NA,NA,NA,NA,NA,NA,NA,NA,NA,NA,NA,NA,2,NA,NA,NA,NA,NA,NA,NA,NA,NA,NA,NA,13.4435176849365,15.6481523513794,4.18840217590332,18.165599822998,39.6840362548828,11.6734094619751,0.010625833645463,12.7982311248779,-698.23955761392,-2412.48932304778,"StriatedCaracara",10
2276,NA,NA,NA,NA,NA,NA,0,NA,NA,NA,NA,NA,NA,NA,NA,NA,NA,NA,NA,1,NA,NA,NA,NA,NA,NA,NA,NA,NA,NA,NA,NA,10,NA,NA,NA,NA,NA,NA,NA,NA,NA,NA,NA,NA,1,NA,NA,NA,NA,NA,NA,4.23682260513306,45293.8671875,NA,NA,NA,NA,NA,NA,337,NA,NA,NA,NA,NA,NA,NA,NA,NA,NA,NA,NA,7,NA,NA,NA,NA,NA,NA,14.201060295105,15.7155780792236,2.01028656959534,19.1379451751709,49.1944923400879,14.4399223327637,-0.0417348705232143,11.9528999328613,-668.23955761392,-2412.48932304778,"StriatedCaracara",10
2277,NA,NA,NA,NA,NA,0,0,0,NA,NA,0,0,NA,NA,NA,NA,NA,NA,4,38,30,NA,NA,10,17,NA,NA,NA,NA,NA,NA,9,10,10,NA,NA,9,7,NA,NA,NA,NA,NA,NA,2,1,2,NA,NA,1,2,NA,3.26218485832214,46778.51171875,NA,NA,NA,NA,NA,56,337,35,NA,NA,3,259,NA,NA,NA,NA,NA,NA,6,7,8,NA,NA,11,12,NA,14.5956716537476,15.7663202285767,3.6926372051239,9.28646850585938,55.5021820068359,20.9023342132568,-0.542713344097137,9.37557125091553,-658.23955761392,-2412.48932304778,"StriatedCaracara",10
2280,NA,NA,NA,NA,NA,NA,NA,NA,0,NA,NA,NA,NA,NA,NA,NA,NA,NA,NA,NA,NA,6,NA,NA,NA,NA,NA,NA,NA,NA,NA,NA,NA,NA,0,NA,NA,NA,NA,NA,NA,NA,NA,NA,NA,NA,NA,1,NA,NA,NA,NA,2.99448704719543,32419.986328125,NA,NA,NA,NA,NA,NA,NA,NA,58,NA,NA,NA,NA,NA,NA,NA,NA,NA,NA,NA,NA,9,NA,NA,NA,NA,15.0743637084961,16.6821384429932,8.75571632385254,4.29272937774658,54.5530853271484,31.757511138916,-0.211037889122963,12.3963832855225,-628.23955761392,-2412.48932304778,"StriatedCaracara",10
2281,NA,NA,NA,NA,NA,NA,NA,NA,NA,NA,NA,NA,0,NA,NA,NA,NA,NA,NA,NA,NA,NA,NA,NA,NA,44,NA,NA,NA,NA,NA,NA,NA,NA,NA,NA,NA,NA,14,NA,NA,NA,NA,NA,NA,NA,NA,NA,NA,NA,NA,2,2.72299480438232,26217.80859375,NA,NA,NA,NA,NA,NA,NA,NA,NA,NA,NA,NA,325,NA,NA,NA,NA,NA,NA,NA,NA,NA,NA,NA,NA,13,15.1609754562378,17.391918182373,24.8212661743164,6.35047960281372,50.650749206543,17.7900085449219,0.0879960209131241,11.7267065048218,-618.23955761392,-2412.48932304778,"StriatedCaracara",10
2286,NA,NA,NA,NA,NA,NA,NA,NA,NA,0,NA,0,0,NA,NA,NA,NA,NA,NA,NA,NA,NA,20,NA,1,94,NA,NA,NA,NA,NA,NA,NA,NA,NA,9,NA,15,13,NA,NA,NA,NA,NA,NA,NA,NA,NA,1,NA,3,2,2.85712194442749,1966.94091796875,NA,NA,NA,NA,NA,NA,NA,NA,NA,277,NA,37,281,NA,NA,NA,NA,NA,NA,NA,NA,NA,10,NA,12,13,15.0304431915283,22.8914699554443,12.3500595092773,16.5777492523193,45.042781829834,12.5824966430664,-0.332289546728134,14.1432685852051,-568.23955761392,-2412.48932304778,"StriatedCaracara",10
2287,NA,NA,NA,0,NA,NA,NA,0,NA,NA,NA,NA,NA,NA,NA,NA,37,NA,NA,NA,2,NA,NA,NA,NA,NA,NA,NA,NA,11,NA,NA,NA,16,NA,NA,NA,NA,NA,NA,NA,NA,1,NA,NA,NA,1,NA,NA,NA,NA,NA,1.5465362071991,664.848022460938,NA,NA,NA,261,NA,NA,NA,32,NA,NA,NA,NA,NA,NA,NA,NA,4,NA,NA,NA,8,NA,NA,NA,NA,NA,14.9826698303223,22.6749801635742,13.8338871002197,16.608304977417,49.0377883911133,5.60227727890015,-0.38386407494545,6.78984498977661,-558.23955761392,-2412.48932304778,"StriatedCaracara",10
2288,NA,NA,NA,NA,NA,NA,NA,NA,NA,NA,0,NA,0,NA,NA,NA,NA,NA,NA,NA,NA,NA,NA,30,NA,2,NA,NA,NA,NA,NA,NA,NA,NA,NA,NA,18,NA,12,NA,NA,NA,NA,NA,NA,NA,NA,NA,NA,2,NA,3,2.03857278823853,1374.49609375,NA,NA,NA,NA,NA,NA,NA,NA,NA,NA,34,NA,364,NA,NA,NA,NA,NA,NA,NA,NA,NA,NA,11,NA,13,14.488353729248,23.0238838195801,5.0914158821106,27.616626739502,45.0025939941406,4.0656681060791,0.938274323940277,12.3636331558228,-548.23955761392,-2412.48932304778,"StriatedCaracara",10
2299,NA,NA,NA,NA,NA,NA,NA,NA,NA,NA,NA,0,NA,NA,NA,NA,NA,NA,NA,NA,NA,NA,NA,NA,10,NA,NA,NA,NA,NA,NA,NA,NA,NA,NA,NA,NA,11,NA,NA,NA,NA,NA,NA,NA,NA,NA,NA,NA,NA,1,NA,97.5048217773438,1688.85754394531,NA,NA,NA,NA,NA,NA,NA,NA,NA,NA,NA,45,NA,NA,NA,NA,NA,NA,NA,NA,NA,NA,NA,NA,12,NA,10.3554458618164,12.260232925415,0.488316565752029,1.73865497112274,49.0012321472168,2.59108185768127,0.652372896671295,144.901428222656,-928.23955761392,-2422.48932304778,"StriatedCaracara",10
2300,NA,NA,NA,NA,NA,NA,0,NA,NA,NA,NA,1,NA,NA,NA,NA,NA,NA,NA,35,NA,NA,NA,NA,40,NA,NA,NA,NA,NA,NA,NA,15,NA,NA,NA,NA,10,NA,NA,NA,NA,NA,NA,NA,1,NA,NA,NA,NA,4,NA,91.6061096191406,1961.77038574219,NA,NA,NA,NA,NA,NA,14,NA,NA,NA,NA,46,NA,NA,NA,NA,NA,NA,NA,7,NA,NA,NA,NA,12,NA,11.9768867492676,10.4105463027954,1.56684935092926,3.54817843437195,30.6187324523926,3.45749711990356,-6.94585275650024,116.141548156738,-918.23955761392,-2422.48932304778,"StriatedCaracara",10
2315,NA,NA,NA,NA,NA,NA,NA,NA,NA,0,NA,NA,0,NA,NA,NA,NA,NA,NA,NA,NA,NA,10,NA,NA,24,NA,NA,NA,NA,NA,NA,NA,NA,NA,12,NA,NA,7,NA,NA,NA,NA,NA,NA,NA,NA,NA,3,NA,NA,3,9.1828670501709,13739.4853515625,NA,NA,NA,NA,NA,NA,NA,NA,NA,48,NA,NA,5,NA,NA,NA,NA,NA,NA,NA,NA,NA,10,NA,NA,13,12.9470415115356,16.6623191833496,0.590682804584503,36.6454315185547,12.8007822036743,5.21220016479492,-0.936532557010651,30.9238948822021,-758.23955761392,-2422.48932304778,"StriatedCaracara",10
2316,NA,NA,NA,NA,NA,NA,NA,NA,0,NA,NA,NA,NA,NA,NA,NA,NA,NA,NA,NA,NA,295,NA,NA,NA,NA,NA,NA,NA,NA,NA,NA,NA,NA,5,NA,NA,NA,NA,NA,NA,NA,NA,NA,NA,NA,NA,7,NA,NA,NA,NA,9.1828670501709,13739.4853515625,NA,NA,NA,NA,NA,NA,NA,NA,56,NA,NA,NA,NA,NA,NA,NA,NA,NA,NA,NA,NA,9,NA,NA,NA,NA,12.9470415115356,16.6623191833496,0.590682804584503,36.6454315185547,12.8007822036743,5.21220016479492,-0.936532557010651,30.9238948822021,-748.23955761392,-2422.48932304778,"StriatedCaracara",10
2317,NA,NA,NA,NA,NA,NA,NA,NA,NA,NA,NA,NA,0,NA,NA,NA,NA,NA,NA,NA,NA,NA,NA,NA,NA,25,NA,NA,NA,NA,NA,NA,NA,NA,NA,NA,NA,NA,10,NA,NA,NA,NA,NA,NA,NA,NA,NA,NA,NA,NA,1,15.9853429794312,19514.80078125,NA,NA,NA,NA,NA,NA,NA,NA,NA,NA,NA,NA,300,NA,NA,NA,NA,NA,NA,NA,NA,NA,NA,NA,NA,13,12.2210855484009,15.4909830093384,0.875829994678497,36.9718399047852,17.3953266143799,6.03406858444214,-0.80292683839798,68.4488372802734,-738.23955761392,-2422.48932304778,"StriatedCaracara",10
2318,NA,NA,NA,NA,NA,NA,NA,NA,NA,NA,NA,NA,0,NA,NA,NA,NA,NA,NA,NA,NA,NA,NA,NA,NA,20,NA,NA,NA,NA,NA,NA,NA,NA,NA,NA,NA,NA,12,NA,NA,NA,NA,NA,NA,NA,NA,NA,NA,NA,NA,1,23.9585571289062,22571.48828125,NA,NA,NA,NA,NA,NA,NA,NA,NA,NA,NA,NA,300,NA,NA,NA,NA,NA,NA,NA,NA,NA,NA,NA,NA,13,12.2449426651001,15.0547485351562,1.80216073989868,32.8098907470703,24.7901649475098,7.84464168548584,-1.69380581378937,69.0620727539062,-728.23955761392,-2422.48932304778,"StriatedCaracara",10
2319,NA,NA,NA,NA,NA,NA,NA,NA,NA,NA,NA,NA,0,NA,NA,NA,NA,NA,NA,NA,NA,NA,NA,NA,NA,17,NA,NA,NA,NA,NA,NA,NA,NA,NA,NA,NA,NA,10,NA,NA,NA,NA,NA,NA,NA,NA,NA,NA,NA,NA,1,30.6549072265625,26272.21484375,NA,NA,NA,NA,NA,NA,NA,NA,NA,NA,NA,NA,303,NA,NA,NA,NA,NA,NA,NA,NA,NA,NA,NA,NA,13,12.0291767120361,14.8354806900024,1.63029706478119,35.5092620849609,23.5751762390137,5.53016090393066,1.32426309585571,55.212890625,-718.23955761392,-2422.48932304778,"StriatedCaracara",10
2324,NA,NA,NA,NA,NA,NA,NA,NA,NA,0,NA,0,NA,NA,NA,NA,NA,NA,NA,NA,NA,NA,30,NA,3,NA,NA,NA,NA,NA,NA,NA,NA,NA,NA,19,NA,18,NA,NA,NA,NA,NA,NA,NA,NA,NA,NA,1,NA,1,NA,7.03526926040649,47758.5859375,NA,NA,NA,NA,NA,NA,NA,NA,NA,348,NA,297,NA,NA,NA,NA,NA,NA,NA,NA,NA,NA,10,NA,12,NA,13.3126621246338,16.7563419342041,0.79652202129364,7.93054628372192,14.8865222930908,3.81825304031372,-0.436900407075882,7.25841903686523,-668.23955761392,-2422.48932304778,"StriatedCaracara",10
2325,NA,NA,NA,NA,NA,NA,0,0,NA,0,NA,0,NA,NA,NA,NA,NA,NA,NA,45,1,NA,180,NA,60,NA,NA,NA,NA,NA,NA,NA,11,18,NA,15,NA,8,NA,NA,NA,NA,NA,NA,NA,1,1,NA,1,NA,1,NA,1.69938230514526,48850.1953125,NA,NA,NA,NA,NA,NA,337,24,NA,350,NA,42,NA,NA,NA,NA,NA,NA,NA,7,8,NA,10,NA,12,NA,13.850775718689,15.5043487548828,3.44407415390015,21.8218517303467,46.4419403076172,11.8868503570557,0.375474989414215,11.5306091308594,-658.23955761392,-2422.48932304778,"StriatedCaracara",10
2327,NA,NA,NA,NA,NA,NA,NA,NA,NA,0,NA,NA,NA,NA,NA,NA,NA,NA,NA,NA,NA,NA,150,NA,NA,NA,NA,NA,NA,NA,NA,NA,NA,NA,NA,8,NA,NA,NA,NA,NA,NA,NA,NA,NA,NA,NA,NA,1,NA,NA,NA,2.89529848098755,43957.6953125,NA,NA,NA,NA,NA,NA,NA,NA,NA,355,NA,NA,NA,NA,NA,NA,NA,NA,NA,NA,NA,NA,10,NA,NA,NA,14.3122510910034,15.699688911438,3.52149939537048,16.9175910949707,49.6664085388184,18.6649913787842,-0.705288827419281,17.844030380249,-638.23955761392,-2422.48932304778,"StriatedCaracara",10
2334,NA,NA,NA,0,NA,0,NA,NA,NA,NA,NA,0,0,NA,NA,NA,240,NA,10,NA,NA,NA,NA,NA,164,2,NA,NA,NA,16,NA,16,NA,NA,NA,NA,NA,15,11,NA,NA,NA,1,NA,2,NA,NA,NA,NA,NA,2,1,2.9881157875061,5655.5048828125,NA,NA,NA,29,NA,283,NA,NA,NA,NA,NA,273,339,NA,NA,NA,4,NA,6,NA,NA,NA,NA,NA,12,13,15.0582990646362,21.8334674835205,2.55162477493286,15.4411115646362,52.038818359375,24.7102642059326,-1.23071992397308,13.2740745544434,-568.23955761392,-2422.48932304778,"StriatedCaracara",10
2336,NA,NA,NA,NA,NA,NA,0,0,NA,NA,NA,NA,0,NA,NA,NA,NA,NA,NA,9,20,NA,NA,NA,NA,1,NA,NA,NA,NA,NA,NA,9,10,NA,NA,NA,NA,14,NA,NA,NA,NA,NA,NA,3,1,NA,NA,NA,NA,1,2.03857278823853,1374.49609375,NA,NA,NA,NA,NA,NA,16,334,NA,NA,NA,NA,300,NA,NA,NA,NA,NA,NA,7,8,NA,NA,NA,NA,13,14.488353729248,23.0238838195801,5.0914158821106,27.616626739502,45.0025939941406,4.0656681060791,0.938274323940277,12.3636331558228,-548.23955761392,-2422.48932304778,"StriatedCaracara",10
2360,NA,NA,NA,NA,NA,NA,NA,NA,NA,0,NA,NA,0,NA,NA,NA,NA,NA,NA,NA,NA,NA,40,NA,NA,52,NA,NA,NA,NA,NA,NA,NA,NA,NA,19,NA,NA,11,NA,NA,NA,NA,NA,NA,NA,NA,NA,3,NA,NA,2,23.5385818481445,16787.46875,NA,NA,NA,NA,NA,NA,NA,NA,NA,48,NA,NA,6,NA,NA,NA,NA,NA,NA,NA,NA,NA,10,NA,NA,13,12.0079879760742,15.2963466644287,1.8798520565033,31.3973617553711,29.6755275726318,9.00215911865234,3.18940925598145,57.6832275390625,-748.23955761392,-2432.48932304778,"StriatedCaracara",10
2365,NA,NA,NA,NA,NA,NA,NA,0,0,0,NA,NA,NA,NA,NA,NA,NA,NA,NA,NA,68,180,60,NA,NA,NA,NA,NA,NA,NA,NA,NA,NA,17,14,14,NA,NA,NA,NA,NA,NA,NA,NA,NA,NA,2,3,1,NA,NA,NA,34.1929321289062,30206.375,NA,NA,NA,NA,NA,NA,NA,336,318,59,NA,NA,NA,NA,NA,NA,NA,NA,NA,NA,8,9,10,NA,NA,NA,12.1294288635254,14.6159648895264,2.62776160240173,32.5282135009766,26.7658653259277,4.02560567855835,-0.456087082624435,43.1176795959473,-698.23955761392,-2432.48932304778,"StriatedCaracara",10
2368,NA,NA,NA,NA,NA,0,NA,0,NA,NA,NA,0,NA,NA,NA,NA,NA,NA,23,NA,130,NA,NA,NA,15,NA,NA,NA,NA,NA,NA,14,NA,17,NA,NA,NA,11,NA,NA,NA,NA,NA,NA,1,NA,2,NA,NA,NA,2,NA,12.3413972854614,42138.484375,NA,NA,NA,NA,NA,39,NA,24,NA,NA,NA,257,NA,NA,NA,NA,NA,NA,6,NA,8,NA,NA,NA,12,NA,12.3476629257202,15.8521156311035,0.244035705924034,19.420446395874,17.41139793396,9.58441543579102,1.32563018798828,56.0348358154297,-668.23955761392,-2432.48932304778,"StriatedCaracara",10
2369,NA,NA,NA,NA,NA,NA,NA,0,NA,NA,NA,NA,0,NA,NA,NA,NA,NA,NA,NA,10,NA,NA,NA,NA,107,NA,NA,NA,NA,NA,NA,NA,13,NA,NA,NA,NA,14,NA,NA,NA,NA,NA,NA,NA,1,NA,NA,NA,NA,2,6.15742254257202,44728.3359375,NA,NA,NA,NA,NA,NA,NA,318,NA,NA,NA,NA,315,NA,NA,NA,NA,NA,NA,NA,8,NA,NA,NA,NA,13,12.5927629470825,15.2068500518799,0.383290618658066,31.112621307373,27.5268516540527,9.16488456726074,0.0655968487262726,49.6796188354492,-658.23955761392,-2432.48932304778,"StriatedCaracara",10
2370,NA,NA,NA,NA,0,0,0,0,0,0,0,0,0,NA,NA,NA,NA,180,35,27,5,10,17,20,150,42,NA,NA,NA,NA,9,5,10,21,12,17,19,9,17,NA,NA,NA,NA,2,1,1,1,1,1,1,2,2,2.37798118591309,46717.2265625,NA,NA,NA,NA,314,282,315,334,285,251,340,298,282,NA,NA,NA,NA,5,6,7,8,9,10,11,12,13,13.7330341339111,15.0448446273804,2.8331561088562,28.0785102844238,43.890510559082,9.64390182495117,-1.17706668376923,21.926586151123,-648.23955761392,-2432.48932304778,"StriatedCaracara",10
2371,NA,NA,NA,NA,NA,0,NA,NA,NA,NA,NA,NA,0,NA,NA,NA,NA,NA,120,NA,NA,NA,NA,NA,NA,44,NA,NA,NA,NA,NA,10,NA,NA,NA,NA,NA,NA,11,NA,NA,NA,NA,NA,3,NA,NA,NA,NA,NA,NA,2,7.68798828125,47617.078125,NA,NA,NA,NA,NA,333,NA,NA,NA,NA,NA,NA,351,NA,NA,NA,NA,NA,6,NA,NA,NA,NA,NA,NA,13,13.8615188598633,15.3221855163574,1.18178737163544,32.3323097229004,47.2863578796387,6.64624881744385,0.208680927753448,25.3420734405518,-638.23955761392,-2432.48932304778,"StriatedCaracara",10
2378,NA,NA,NA,NA,NA,NA,NA,NA,NA,NA,NA,NA,0,NA,NA,NA,NA,NA,NA,NA,NA,NA,NA,NA,NA,3,NA,NA,NA,NA,NA,NA,NA,NA,NA,NA,NA,NA,11,NA,NA,NA,NA,NA,NA,NA,NA,NA,NA,NA,NA,1,4.02302265167236,10407.8681640625,NA,NA,NA,NA,NA,NA,NA,NA,NA,NA,NA,NA,339,NA,NA,NA,NA,NA,NA,NA,NA,NA,NA,NA,NA,13,14.4529790878296,21.8223628997803,1.95598959922791,22.9632225036621,47.7607612609863,14.4740514755249,0.333854258060455,18.9010009765625,-568.23955761392,-2432.48932304778,"StriatedCaracara",10
2380,NA,NA,NA,NA,NA,NA,NA,NA,NA,NA,NA,0,0,NA,NA,NA,NA,NA,NA,NA,NA,NA,NA,NA,123,5,NA,NA,NA,NA,NA,NA,NA,NA,NA,NA,NA,14,10,NA,NA,NA,NA,NA,NA,NA,NA,NA,NA,NA,2,1,5.15662002563477,2758.23168945312,NA,NA,NA,NA,NA,NA,NA,NA,NA,NA,NA,332,249,NA,NA,NA,NA,NA,NA,NA,NA,NA,NA,NA,12,13,14.018482208252,23.3002433776855,5.40201091766357,31.7654838562012,41.2643547058105,2.41975092887878,-0.517837524414062,17.8682556152344,-548.23955761392,-2432.48932304778,"StriatedCaracara",10
2381,NA,NA,NA,0,NA,NA,NA,0,0,0,NA,0,0,NA,NA,NA,120,NA,NA,NA,5,180,60,NA,31,12,NA,NA,NA,12,NA,NA,NA,19,7,12,NA,17,9,NA,NA,NA,10,NA,NA,NA,3,2,5,NA,1,1,2.86710119247437,509.207489013672,NA,NA,NA,341,NA,NA,NA,9,22,17,NA,33,342,NA,NA,NA,4,NA,NA,NA,8,9,10,NA,12,13,14.3540697097778,22.8869705200195,3.24894404411316,19.3867855072021,51.2469139099121,14.5242757797241,-0.21360856294632,14.2490711212158,-538.23955761392,-2432.48932304778,"StriatedCaracara",10
2418,NA,NA,NA,NA,NA,NA,NA,0,0,NA,NA,NA,NA,NA,NA,NA,NA,NA,NA,NA,5,13,NA,NA,NA,NA,NA,NA,NA,NA,NA,NA,NA,17,11,NA,NA,NA,NA,NA,NA,NA,NA,NA,NA,NA,1,1,NA,NA,NA,NA,11.0912551879883,39706.0546875,NA,NA,NA,NA,NA,NA,NA,14,27,NA,NA,NA,NA,NA,NA,NA,NA,NA,NA,NA,8,9,NA,NA,NA,NA,11.6315650939941,13.1020565032959,1.00719106197357,26.0503597259521,29.9896144866943,12.9570722579956,4.74300241470337,68.75830078125,-658.23955761392,-2442.48932304778,"StriatedCaracara",10
2419,NA,NA,NA,NA,NA,NA,NA,0,0,0,NA,0,0,NA,NA,NA,NA,NA,NA,NA,30,4,24,NA,14,120,NA,NA,NA,NA,NA,NA,NA,12,11,18,NA,11,16,NA,NA,NA,NA,NA,NA,NA,3,1,2,NA,1,1,6.37469291687012,44093.9921875,NA,NA,NA,NA,NA,NA,NA,52,322,353,NA,297,351,NA,NA,NA,NA,NA,NA,NA,8,9,10,NA,12,13,12.8762607574463,14.7832269668579,2.15021872520447,32.5575256347656,32.6076278686523,5.57573413848877,1.27627897262573,45.4312438964844,-648.23955761392,-2442.48932304778,"StriatedCaracara",10
2429,NA,NA,NA,NA,NA,NA,0,NA,NA,NA,NA,NA,NA,NA,NA,NA,NA,NA,NA,60,NA,NA,NA,NA,NA,NA,NA,NA,NA,NA,NA,NA,11,NA,NA,NA,NA,NA,NA,NA,NA,NA,NA,NA,NA,4,NA,NA,NA,NA,NA,NA,6.1448655128479,8272.7958984375,NA,NA,NA,NA,NA,NA,34,NA,NA,NA,NA,NA,NA,NA,NA,NA,NA,NA,NA,7,NA,NA,NA,NA,NA,NA,13.8705139160156,22.2606792449951,0.309612303972244,32.4383697509766,45.0445327758789,6.29259443283081,0.526366353034973,17.9622802734375,-548.23955761392,-2442.48932304778,"StriatedCaracara",10
2430,NA,NA,NA,NA,NA,NA,NA,NA,NA,NA,0,NA,NA,NA,NA,NA,NA,NA,NA,NA,NA,NA,NA,5,NA,NA,NA,NA,NA,NA,NA,NA,NA,NA,NA,NA,16,NA,NA,NA,NA,NA,NA,NA,NA,NA,NA,NA,NA,4,NA,NA,1.90822398662567,5261.64306640625,NA,NA,NA,NA,NA,NA,NA,NA,NA,NA,10,NA,NA,NA,NA,NA,NA,NA,NA,NA,NA,NA,NA,11,NA,NA,13.8800964355469,22.9326057434082,0.160568356513977,28.3011016845703,46.171012878418,9.01270389556885,0.157113075256348,20.1950912475586,-538.23955761392,-2442.48932304778,"StriatedCaracara",10
2433,NA,NA,NA,NA,NA,NA,NA,NA,NA,0,0,0,NA,NA,NA,NA,NA,NA,NA,NA,NA,NA,180,75,119,NA,NA,NA,NA,NA,NA,NA,NA,NA,NA,7,15,14,NA,NA,NA,NA,NA,NA,NA,NA,NA,NA,2,2,2,NA,3.47922468185425,1493.50524902344,NA,NA,NA,NA,NA,NA,NA,NA,NA,6,366,247,NA,NA,NA,NA,NA,NA,NA,NA,NA,NA,10,11,12,NA,13.5409507751465,23.6627616882324,3.85063123703003,29.1952285766602,42.9197082519531,3.48786425590515,0.0450807735323906,18.3444976806641,-508.23955761392,-2442.48932304778,"StriatedCaracara",10
2434,NA,NA,NA,NA,NA,NA,NA,NA,NA,NA,NA,0,0,NA,NA,NA,NA,NA,NA,NA,NA,NA,NA,NA,30,69,NA,NA,NA,NA,NA,NA,NA,NA,NA,NA,NA,16,13,NA,NA,NA,NA,NA,NA,NA,NA,NA,NA,NA,3,1,1.57812345027924,538.544921875,NA,NA,NA,NA,NA,NA,NA,NA,NA,NA,NA,289,275,NA,NA,NA,NA,NA,NA,NA,NA,NA,NA,NA,12,13,13.692684173584,23.595796585083,4.11730146408081,14.9603700637817,36.095573425293,3.98559474945068,-0.267138332128525,12.6353540420532,-498.23955761392,-2442.48932304778,"StriatedCaracara",10
2457,NA,NA,NA,NA,NA,NA,NA,NA,NA,0,NA,NA,0,NA,NA,NA,NA,NA,NA,NA,NA,NA,10,NA,NA,10,NA,NA,NA,NA,NA,NA,NA,NA,NA,15,NA,NA,15,NA,NA,NA,NA,NA,NA,NA,NA,NA,1,NA,NA,1,41.9064712524414,1814.36987304688,NA,NA,NA,NA,NA,NA,NA,NA,NA,320,NA,NA,305,NA,NA,NA,NA,NA,NA,NA,NA,NA,10,NA,NA,13,11.9550971984863,13.5967082977295,2.97573900222778,27.2830848693848,24.7135963439941,5.12977409362793,0.261249005794525,75.5017471313477,-788.23955761392,-2452.48932304778,"StriatedCaracara",10
2468,NA,NA,0,NA,NA,NA,NA,NA,NA,NA,NA,NA,NA,NA,NA,150,NA,NA,NA,NA,NA,NA,NA,NA,NA,NA,NA,NA,9,NA,NA,NA,NA,NA,NA,NA,NA,NA,NA,NA,NA,10,NA,NA,NA,NA,NA,NA,NA,NA,NA,NA,31.3965148925781,22489.095703125,NA,NA,306,NA,NA,NA,NA,NA,NA,NA,NA,NA,NA,NA,NA,3,NA,NA,NA,NA,NA,NA,NA,NA,NA,NA,11.5129737854004,13.5568580627441,2.10771679878235,21.3498249053955,26.9895286560059,11.7346544265747,5.87587213516235,113.556053161621,-678.23955761392,-2452.48932304778,"StriatedCaracara",10
2470,NA,NA,NA,NA,NA,NA,NA,0,0,0,0,0,NA,NA,NA,NA,NA,NA,NA,NA,36,80,153,31,72,NA,NA,NA,NA,NA,NA,NA,NA,15,16,17,10,10,NA,NA,NA,NA,NA,NA,NA,NA,2,1,1,1,2,NA,19.1343288421631,31450.4296875,NA,NA,NA,NA,NA,NA,NA,20,309,55,44,256,NA,NA,NA,NA,NA,NA,NA,NA,8,9,10,11,12,NA,11.7806854248047,13.0144786834717,2.42366433143616,28.6120948791504,31.8690071105957,7.05807542800903,-6.00870275497437,89.790283203125,-658.23955761392,-2452.48932304778,"StriatedCaracara",10
2471,NA,NA,NA,NA,NA,0,NA,0,0,NA,0,0,NA,NA,NA,NA,NA,NA,60,NA,60,120,NA,22,300,NA,NA,NA,NA,NA,NA,0,NA,11,17,NA,13,9,NA,NA,NA,NA,NA,NA,2,NA,2,3,NA,1,2,NA,16.9575443267822,37026.08984375,NA,NA,NA,NA,NA,285,NA,32,311,NA,42,309,NA,NA,NA,NA,NA,NA,6,NA,8,9,NA,11,12,NA,11.9880781173706,13.4391679763794,3.79179716110229,24.2285575866699,30.6904640197754,11.2361316680908,-7.21477842330933,88.052604675293,-648.23955761392,-2452.48932304778,"StriatedCaracara",10
2475,NA,NA,NA,NA,NA,NA,0,NA,NA,NA,NA,NA,NA,NA,NA,NA,NA,NA,NA,60,NA,NA,NA,NA,NA,NA,NA,NA,NA,NA,NA,NA,10,NA,NA,NA,NA,NA,NA,NA,NA,NA,NA,NA,NA,1,NA,NA,NA,NA,NA,NA,18.4657821655273,45604.50390625,NA,NA,NA,NA,NA,NA,17,NA,NA,NA,NA,NA,NA,NA,NA,NA,NA,NA,NA,7,NA,NA,NA,NA,NA,NA,12.7167463302612,16.0217590332031,3.74764585494995,27.176420211792,34.1200637817383,9.94591045379639,-0.14777946472168,46.6287612915039,-608.23955761392,-2452.48932304778,"StriatedCaracara",10
2477,NA,NA,NA,NA,NA,NA,0,NA,NA,0,NA,NA,NA,NA,NA,NA,NA,NA,NA,8,NA,NA,108,NA,NA,NA,NA,NA,NA,NA,NA,NA,7,NA,NA,13,NA,NA,NA,NA,NA,NA,NA,NA,NA,2,NA,NA,2,NA,NA,NA,5.46080636978149,36861.890625,NA,NA,NA,NA,NA,NA,31,NA,NA,9,NA,NA,NA,NA,NA,NA,NA,NA,NA,7,NA,NA,10,NA,NA,NA,13.4281845092773,18.5784301757812,2.30274987220764,28.3285293579102,37.6133117675781,7.82715606689453,0.806333482265472,37.7598609924316,-588.23955761392,-2452.48932304778,"StriatedCaracara",10
2478,NA,NA,NA,NA,NA,NA,0,NA,0,0,NA,NA,0,NA,NA,NA,NA,NA,NA,8,NA,15,46,NA,NA,24,NA,NA,NA,NA,NA,NA,8,NA,17,8,NA,NA,12,NA,NA,NA,NA,NA,NA,2,NA,4,1,NA,NA,2,3.08297777175903,31669.150390625,NA,NA,NA,NA,NA,NA,17,NA,301,47,NA,NA,331,NA,NA,NA,NA,NA,NA,7,NA,9,10,NA,NA,13,14.2229537963867,20.130313873291,0.6038538813591,18.9849185943604,31.6841011047363,9.63977527618408,-1.47042453289032,16.7560253143311,-578.23955761392,-2452.48932304778,"StriatedCaracara",10
2481,NA,NA,NA,NA,NA,NA,NA,NA,NA,NA,NA,NA,0,NA,NA,NA,NA,NA,NA,NA,NA,NA,NA,NA,NA,300,NA,NA,NA,NA,NA,NA,NA,NA,NA,NA,NA,NA,13,NA,NA,NA,NA,NA,NA,NA,NA,NA,NA,NA,NA,1,3.64929914474487,17355.494140625,NA,NA,NA,NA,NA,NA,NA,NA,NA,NA,NA,NA,30,NA,NA,NA,NA,NA,NA,NA,NA,NA,NA,NA,NA,13,13.9396142959595,21.9341716766357,1.89144229888916,24.0849914550781,45.0732917785645,13.0062446594238,-0.817753911018372,19.1935634613037,-548.23955761392,-2452.48932304778,"StriatedCaracara",10
2482,NA,NA,NA,0,NA,NA,NA,0,NA,NA,NA,NA,0,NA,NA,NA,60,NA,NA,NA,10,NA,NA,NA,NA,26,NA,NA,NA,7,NA,NA,NA,11,NA,NA,NA,NA,10,NA,NA,NA,2,NA,NA,NA,1,NA,NA,NA,NA,2,3.35704350471497,13541.2744140625,NA,NA,NA,362,NA,NA,NA,334,NA,NA,NA,NA,4,NA,NA,NA,4,NA,NA,NA,8,NA,NA,NA,NA,13,13.5938606262207,23.2157211303711,0.966751873493195,27.2180805206299,42.2465171813965,9.26070976257324,-0.595466911792755,20.1758098602295,-538.23955761392,-2452.48932304778,"StriatedCaracara",10
2487,NA,NA,NA,NA,NA,NA,NA,0,NA,NA,0,NA,0,NA,NA,NA,NA,NA,NA,NA,5,NA,NA,51,NA,45,NA,NA,NA,NA,NA,NA,NA,11,NA,NA,10,NA,15,NA,NA,NA,NA,NA,NA,NA,1,NA,NA,2,NA,2,1.79487419128418,446.412719726562,NA,NA,NA,NA,NA,NA,NA,11,NA,NA,1,NA,329,NA,NA,NA,NA,NA,NA,NA,8,NA,NA,11,NA,13,13.5072898864746,23.8590564727783,2.04490518569946,19.5451793670654,31.9561100006104,3.45258641242981,-0.243514567613602,10.8986806869507,-488.23955761392,-2452.48932304778,"StriatedCaracara",10
2516,NA,NA,NA,NA,NA,0,0,0,0,0,NA,0,0,NA,NA,NA,NA,NA,203,123,120,144,120,NA,84,120,NA,NA,NA,NA,NA,15,15,9,15,9,NA,16,9,NA,NA,NA,NA,NA,1,2,1,1,2,NA,1,1,61.9065589904785,4840.015625,NA,NA,NA,NA,NA,307,294,365,291,36,NA,55,329,NA,NA,NA,NA,NA,6,7,8,9,10,NA,12,13,11.4583854675293,13.3962421417236,2.64656043052673,8.98418712615967,30.0362529754639,13.6472606658936,4.84727954864502,106.484130859375,-718.23955761392,-2462.48932304778,"StriatedCaracara",10
2517,NA,NA,NA,NA,NA,NA,0,NA,NA,NA,NA,NA,NA,NA,NA,NA,NA,NA,NA,165,NA,NA,NA,NA,NA,NA,NA,NA,NA,NA,NA,NA,9,NA,NA,NA,NA,NA,NA,NA,NA,NA,NA,NA,NA,3,NA,NA,NA,NA,NA,NA,59.4410934448242,5690.85498046875,NA,NA,NA,NA,NA,NA,43,NA,NA,NA,NA,NA,NA,NA,NA,NA,NA,NA,NA,7,NA,NA,NA,NA,NA,NA,11.9484415054321,13.5115308761597,0.100820958614349,11.268367767334,21.067756652832,10.2818717956543,0.902472496032715,65.1693115234375,-708.23955761392,-2462.48932304778,"StriatedCaracara",10
2521,NA,NA,NA,NA,0,NA,NA,NA,0,0,NA,0,0,NA,NA,NA,NA,245,NA,NA,NA,75,60,NA,60,218,NA,NA,NA,NA,8,NA,NA,NA,10,12,NA,4,9,NA,NA,NA,NA,1,NA,NA,NA,1,2,NA,1,2,33.2940063476562,16588.83203125,NA,NA,NA,NA,311,NA,NA,NA,306,288,NA,313,336,NA,NA,NA,NA,5,NA,NA,NA,9,10,NA,12,13,10.3568458557129,17.9635848999023,1.56743693351746,4.74368381500244,28.3909091949463,2.56610798835754,7.77705574035645,144.534683227539,-668.23955761392,-2462.48932304778,"StriatedCaracara",10
2523,NA,NA,NA,NA,NA,NA,NA,0,0,0,NA,0,NA,NA,NA,NA,NA,NA,NA,NA,1,60,17,NA,25,NA,NA,NA,NA,NA,NA,NA,NA,13,16,11,NA,17,NA,NA,NA,NA,NA,NA,NA,NA,1,1,1,NA,1,NA,28.2432498931885,29261.478515625,NA,NA,NA,NA,NA,NA,NA,23,47,18,NA,41,NA,NA,NA,NA,NA,NA,NA,NA,8,9,10,NA,12,NA,10.7323150634766,14.2810754776001,5.55193614959717,10.863431930542,32.965160369873,22.0436477661133,11.6357002258301,140.982498168945,-648.23955761392,-2462.48932304778,"StriatedCaracara",10
2531,NA,NA,NA,NA,NA,NA,NA,NA,NA,NA,NA,0,NA,NA,NA,NA,NA,NA,NA,NA,NA,NA,NA,NA,87,NA,NA,NA,NA,NA,NA,NA,NA,NA,NA,NA,NA,13,NA,NA,NA,NA,NA,NA,NA,NA,NA,NA,NA,NA,1,NA,10.7092790603638,34375.94140625,NA,NA,NA,NA,NA,NA,NA,NA,NA,NA,NA,21,NA,NA,NA,NA,NA,NA,NA,NA,NA,NA,NA,NA,12,NA,13.0465993881226,20.8966007232666,0.160290151834488,16.9095687866211,16.8333683013916,14.1036148071289,0.624120831489563,39.9635276794434,-568.23955761392,-2462.48932304778,"StriatedCaracara",10
2532,NA,NA,NA,NA,NA,NA,NA,NA,0,0,NA,NA,0,NA,NA,NA,NA,NA,NA,NA,NA,236,120,NA,NA,114,NA,NA,NA,NA,NA,NA,NA,NA,12,13,NA,NA,14,NA,NA,NA,NA,NA,NA,NA,NA,7,2,NA,NA,1,11.1458473205566,29697.75390625,NA,NA,NA,NA,NA,NA,NA,NA,301,360,NA,NA,320,NA,NA,NA,NA,NA,NA,NA,NA,9,10,NA,NA,13,12.5870227813721,21.2561359405518,0.317302316427231,25.8158187866211,28.7476806640625,9.53479766845703,0.701764345169067,57.5114440917969,-558.23955761392,-2462.48932304778,"StriatedCaracara",10
2534,NA,NA,NA,0,0,NA,0,0,0,0,0,0,0,NA,NA,NA,60,60,NA,95,30,50,180,2,11,1,NA,NA,NA,8,15,NA,14,11,11,15,16,12,11,NA,NA,NA,2,2,NA,2,1,1,2,4,2,3,2.63849687576294,21341.693359375,NA,NA,NA,363,350,NA,255,334,291,43,10,267,364,NA,NA,NA,4,5,NA,7,8,9,10,11,12,13,12.8415384292603,22.5054798126221,0.764577746391296,23.1508274078369,29.3510437011719,11.3538799285889,1.01818454265594,30.5072059631348,-538.23955761392,-2462.48932304778,"StriatedCaracara",10
2535,0,NA,NA,0,NA,NA,NA,NA,NA,0,NA,NA,0,30,NA,NA,10,NA,NA,NA,NA,NA,2,NA,NA,1,13,NA,NA,9,NA,NA,NA,NA,NA,9,NA,NA,11,3,NA,NA,1,NA,NA,NA,NA,NA,3,NA,NA,3,6.28841543197632,17560.103515625,15,NA,NA,261,NA,NA,NA,NA,NA,350,NA,NA,364,1,NA,NA,4,NA,NA,NA,NA,NA,10,NA,NA,13,13.1104164123535,22.9042816162109,0.0935640558600426,27.8849029541016,38.6707992553711,12.1684341430664,0.372051000595093,15.2931842803955,-528.23955761392,-2462.48932304778,"StriatedCaracara",10
2540,NA,NA,NA,NA,NA,NA,NA,NA,NA,NA,0,NA,NA,NA,NA,NA,NA,NA,NA,NA,NA,NA,NA,129,NA,NA,NA,NA,NA,NA,NA,NA,NA,NA,NA,NA,14,NA,NA,NA,NA,NA,NA,NA,NA,NA,NA,NA,NA,2,NA,NA,5.17733192443848,1810.91003417969,NA,NA,NA,NA,NA,NA,NA,NA,NA,NA,366,NA,NA,NA,NA,NA,NA,NA,NA,NA,NA,NA,NA,11,NA,NA,13.0482492446899,23.557746887207,2.2313494682312,21.5083789825439,34.8994789123535,12.215069770813,0.52904886007309,21.9780349731445,-478.23955761392,-2462.48932304778,"StriatedCaracara",10
2561,NA,NA,NA,0,NA,NA,0,NA,NA,NA,NA,0,1,NA,NA,NA,60,NA,NA,120,NA,NA,NA,NA,101,15,NA,NA,NA,16,NA,NA,15,NA,NA,NA,NA,15,16,NA,NA,NA,1,NA,NA,1,NA,NA,NA,NA,1,1,66.4636840820312,1663.17175292969,NA,NA,NA,340,NA,NA,27,NA,NA,NA,NA,53,26,NA,NA,NA,4,NA,NA,7,NA,NA,NA,NA,12,13,10.4227457046509,14.2859573364258,1.75242924690247,5.67013788223267,35.1589241027832,3.82610630989075,-7.18583297729492,90.175163269043,-778.23955761392,-2472.48932304778,"StriatedCaracara",10
2572,NA,NA,0,0,NA,0,0,0,0,0,NA,0,0,NA,NA,120,60,NA,120,29,60,45,160,NA,9,168,NA,NA,16,10,NA,11,16,15,18,12,NA,8,14,NA,NA,2,2,NA,3,1,1,1,1,NA,1,6,43.2066421508789,11917.1064453125,NA,NA,341,25,NA,364,329,23,46,346,NA,313,21,NA,NA,3,4,NA,6,7,8,9,10,NA,12,13,11.0742921829224,17.2809906005859,3.40514159202576,8.09967422485352,40.1879043579102,5.27166366577148,-0.817522168159485,139.938827514648,-668.23955761392,-2472.48932304778,"StriatedCaracara",10
2573,NA,NA,NA,NA,NA,NA,NA,NA,NA,NA,NA,0,NA,NA,NA,NA,NA,NA,NA,NA,NA,NA,NA,NA,60,NA,NA,NA,NA,NA,NA,NA,NA,NA,NA,NA,NA,13,NA,NA,NA,NA,NA,NA,NA,NA,NA,NA,NA,NA,1,NA,40.3125457763672,18183.869140625,NA,NA,NA,NA,NA,NA,NA,NA,NA,NA,NA,41,NA,NA,NA,NA,NA,NA,NA,NA,NA,NA,NA,NA,12,NA,11.1395378112793,17.0779724121094,3.58522772789001,15.5835618972778,40.4359931945801,7.13317632675171,-3.23511338233948,152.143280029297,-658.23955761392,-2472.48932304778,"StriatedCaracara",10
2574,NA,NA,NA,NA,NA,NA,NA,0,0,0,NA,0,NA,NA,NA,NA,NA,NA,NA,NA,50,11,120,NA,2,NA,NA,NA,NA,NA,NA,NA,NA,14,19,9,NA,15,NA,NA,NA,NA,NA,NA,NA,NA,2,1,1,NA,1,NA,37.8150024414062,24763.1328125,NA,NA,NA,NA,NA,NA,NA,25,47,346,NA,342,NA,NA,NA,NA,NA,NA,NA,NA,8,9,10,NA,12,NA,12.19114112854,14.8515853881836,2.56701469421387,16.0076427459717,26.5019931793213,8.6055908203125,-3.86822700500488,108.670875549316,-648.23955761392,-2472.48932304778,"StriatedCaracara",10
2579,NA,NA,NA,NA,NA,NA,NA,NA,NA,0,NA,NA,0,NA,NA,NA,NA,NA,NA,NA,NA,NA,165,NA,NA,134,NA,NA,NA,NA,NA,NA,NA,NA,NA,11,NA,NA,14,NA,NA,NA,NA,NA,NA,NA,NA,NA,2,NA,NA,2,18.2407817840576,42461.61328125,NA,NA,NA,NA,NA,NA,NA,NA,NA,43,NA,NA,28,NA,NA,NA,NA,NA,NA,NA,NA,NA,10,NA,NA,13,12.3247680664062,17.0793609619141,1.12193953990936,5.92623519897461,13.9491901397705,9.72507190704346,-10.7445764541626,83.2460174560547,-598.23955761392,-2472.48932304778,"StriatedCaracara",10
2580,NA,NA,NA,NA,NA,NA,NA,NA,NA,0,NA,NA,0,NA,NA,NA,NA,NA,NA,NA,NA,NA,120,NA,NA,120,NA,NA,NA,NA,NA,NA,NA,NA,NA,12,NA,NA,13,NA,NA,NA,NA,NA,NA,NA,NA,NA,3,NA,NA,1,14.2521371841431,40506.49609375,NA,NA,NA,NA,NA,NA,NA,NA,NA,50,NA,NA,364,NA,NA,NA,NA,NA,NA,NA,NA,NA,10,NA,NA,13,12.6513223648071,18.22998046875,0.589205265045166,8.21778583526611,11.138219833374,6.09207391738892,-5.95640659332275,56.8620529174805,-588.23955761392,-2472.48932304778,"StriatedCaracara",10
2581,NA,NA,NA,NA,NA,NA,NA,NA,NA,0,NA,NA,0,NA,NA,NA,NA,NA,NA,NA,NA,NA,300,NA,NA,52,NA,NA,NA,NA,NA,NA,NA,NA,NA,10,NA,NA,12,NA,NA,NA,NA,NA,NA,NA,NA,NA,2,NA,NA,1,7.27211809158325,37416.88671875,NA,NA,NA,NA,NA,NA,NA,NA,NA,339,NA,NA,298,NA,NA,NA,NA,NA,NA,NA,NA,NA,10,NA,NA,13,12.996603012085,19.7277240753174,0.171628579497337,12.7118349075317,9.17313861846924,2.13258266448975,-4.03620290756226,30.2433853149414,-578.23955761392,-2472.48932304778,"StriatedCaracara",10
2582,NA,NA,NA,NA,NA,NA,0,NA,NA,0,NA,0,0,NA,NA,NA,NA,NA,NA,67,NA,NA,60,NA,16,38,NA,NA,NA,NA,NA,NA,17,NA,NA,11,NA,12,13,NA,NA,NA,NA,NA,NA,9,NA,NA,1,NA,1,1,3.73019528388977,34364.9296875,NA,NA,NA,NA,NA,NA,16,NA,NA,341,NA,10,289,NA,NA,NA,NA,NA,NA,7,NA,NA,10,NA,12,13,13.1925535202026,20.9949951171875,0.0856625065207481,12.8331861495972,14.4354200363159,5.33962440490723,-1.13205015659332,17.7720489501953,-568.23955761392,-2472.48932304778,"StriatedCaracara",10
2583,NA,NA,NA,NA,NA,NA,NA,NA,NA,0,NA,NA,NA,NA,NA,NA,NA,NA,NA,NA,NA,NA,2,NA,NA,NA,NA,NA,NA,NA,NA,NA,NA,NA,NA,9,NA,NA,NA,NA,NA,NA,NA,NA,NA,NA,NA,NA,4,NA,NA,NA,4.02346038818359,31467.234375,NA,NA,NA,NA,NA,NA,NA,NA,NA,288,NA,NA,NA,NA,NA,NA,NA,NA,NA,NA,NA,NA,10,NA,NA,NA,13.1164512634277,21.5650939941406,0.220851838588715,10.3745622634888,15.2927255630493,5.68507289886475,-0.981306374073029,22.5182552337646,-558.23955761392,-2472.48932304778,"StriatedCaracara",10
2584,NA,NA,NA,NA,NA,NA,NA,NA,NA,NA,0,NA,0,NA,NA,NA,NA,NA,NA,NA,NA,NA,NA,32,NA,14,NA,NA,NA,NA,NA,NA,NA,NA,NA,NA,16,NA,17,NA,NA,NA,NA,NA,NA,NA,NA,NA,NA,1,NA,2,3.25086760520935,29219.68359375,NA,NA,NA,NA,NA,NA,NA,NA,NA,NA,364,NA,51,NA,NA,NA,NA,NA,NA,NA,NA,NA,NA,11,NA,13,13.0153713226318,22.0882873535156,0.0652956515550613,11.4956188201904,14.8157434463501,6.09260988235474,-0.007724329829216,23.6105995178223,-548.23955761392,-2472.48932304778,"StriatedCaracara",10
2585,NA,NA,NA,0,0,0,0,0,0,0,0,0,0,NA,NA,NA,15,60,5,5,10,20,30,60,5,20,NA,NA,NA,10,12,15,14,10,11,13,17,10,12,NA,NA,NA,2,3,2,2,1,4,1,2,1,7,2.38057804107666,27147.064453125,NA,NA,NA,363,58,270,345,294,312,321,345,267,303,NA,NA,NA,4,5,6,7,8,9,10,11,12,13,12.6955833435059,22.5552368164062,0.170293927192688,18.7356128692627,25.2728061676025,11.7378158569336,-1.0553777217865,36.1782646179199,-538.23955761392,-2472.48932304778,"StriatedCaracara",10
2599,NA,NA,NA,NA,NA,NA,NA,0,NA,NA,NA,NA,NA,NA,NA,NA,NA,NA,NA,NA,15,NA,NA,NA,NA,NA,NA,NA,NA,NA,NA,NA,NA,20,NA,NA,NA,NA,NA,NA,NA,NA,NA,NA,NA,NA,1,NA,NA,NA,NA,NA,3.69365978240967,151.506195068359,NA,NA,NA,NA,NA,NA,NA,43,NA,NA,NA,NA,NA,NA,NA,NA,NA,NA,NA,NA,8,NA,NA,NA,NA,NA,12.1169395446777,24.8672180175781,2.70081686973572,28.58473777771,28.0917587280273,6.39401388168335,-0.629979133605957,14.2090425491333,-398.23955761392,-2472.48932304778,"StriatedCaracara",10
2600,NA,NA,NA,NA,NA,NA,NA,0,0,NA,NA,NA,NA,NA,NA,NA,NA,NA,NA,NA,30,220,NA,NA,NA,NA,NA,NA,NA,NA,NA,NA,NA,16,7,NA,NA,NA,NA,NA,NA,NA,NA,NA,NA,NA,1,1,NA,NA,NA,NA,3.69365978240967,151.506195068359,NA,NA,NA,NA,NA,NA,NA,42,49,NA,NA,NA,NA,NA,NA,NA,NA,NA,NA,NA,8,9,NA,NA,NA,NA,12.1169395446777,24.8672180175781,2.70081686973572,28.58473777771,28.0917587280273,6.39401388168335,-0.629979133605957,14.2090425491333,-388.23955761392,-2472.48932304778,"StriatedCaracara",10
2625,NA,NA,NA,NA,NA,NA,NA,NA,NA,NA,NA,NA,0,NA,NA,NA,NA,NA,NA,NA,NA,NA,NA,NA,NA,65,NA,NA,NA,NA,NA,NA,NA,NA,NA,NA,NA,NA,15,NA,NA,NA,NA,NA,NA,NA,NA,NA,NA,NA,NA,1,76.1848907470703,2777.88989257812,NA,NA,NA,NA,NA,NA,NA,NA,NA,NA,NA,NA,335,NA,NA,NA,NA,NA,NA,NA,NA,NA,NA,NA,NA,13,9.02904319763184,16.388484954834,0.0281257666647434,6.36221837997437,38.8009643554688,0.466858804225922,3.43483233451843,150.236999511719,-768.23955761392,-2482.48932304778,"StriatedCaracara",10
2626,NA,NA,NA,NA,NA,NA,NA,NA,NA,NA,NA,NA,0,NA,NA,NA,NA,NA,NA,NA,NA,NA,NA,NA,NA,58,NA,NA,NA,NA,NA,NA,NA,NA,NA,NA,NA,NA,10,NA,NA,NA,NA,NA,NA,NA,NA,NA,NA,NA,NA,1,76.6089782714844,3097.60107421875,NA,NA,NA,NA,NA,NA,NA,NA,NA,NA,NA,NA,335,NA,NA,NA,NA,NA,NA,NA,NA,NA,NA,NA,NA,13,10.2286767959595,15.3867473602295,0.0340726338326931,7.06637191772461,37.9911346435547,1.80257105827332,-3.31721162796021,98.2685241699219,-758.23955761392,-2482.48932304778,"StriatedCaracara",10
2632,NA,NA,NA,NA,NA,NA,NA,NA,NA,NA,NA,0,NA,NA,NA,NA,NA,NA,NA,NA,NA,NA,NA,NA,69,NA,NA,NA,NA,NA,NA,NA,NA,NA,NA,NA,NA,12,NA,NA,NA,NA,NA,NA,NA,NA,NA,NA,NA,NA,1,NA,66.5034637451172,973.451171875,NA,NA,NA,NA,NA,NA,NA,NA,NA,NA,NA,315,NA,NA,NA,NA,NA,NA,NA,NA,NA,NA,NA,NA,12,NA,8.21075344085693,19.6783809661865,3.59190773963928,0.642757773399353,36.0179138183594,1.02277743816376,3.7649884223938,142.67448425293,-698.23955761392,-2482.48932304778,"StriatedCaracara",10
2634,NA,NA,NA,NA,NA,0,NA,NA,NA,NA,NA,NA,NA,NA,NA,NA,NA,NA,62,NA,NA,NA,NA,NA,NA,NA,NA,NA,NA,NA,NA,7,NA,NA,NA,NA,NA,NA,NA,NA,NA,NA,NA,NA,1,NA,NA,NA,NA,NA,NA,NA,56.049129486084,6949.9326171875,NA,NA,NA,NA,NA,307,NA,NA,NA,NA,NA,NA,NA,NA,NA,NA,NA,NA,6,NA,NA,NA,NA,NA,NA,NA,10.8817253112793,17.143482208252,1.30127453804016,7.210618019104,38.4932899475098,7.58342456817627,-6.26857566833496,131.959457397461,-678.23955761392,-2482.48932304778,"StriatedCaracara",10
2642,NA,NA,NA,0,NA,NA,NA,NA,NA,0,0,0,0,NA,NA,NA,180,NA,NA,NA,NA,NA,100,55,104,93,NA,NA,NA,11,NA,NA,NA,NA,NA,15,15,8,12,NA,NA,NA,2,NA,NA,NA,NA,NA,1,1,1,1,7.33322429656982,33643.8203125,NA,NA,NA,17,NA,NA,NA,NA,NA,41,365,347,316,NA,NA,NA,4,NA,NA,NA,NA,NA,10,11,12,13,10.7474765777588,19.7481231689453,3.49122643470764,13.4022064208984,32.4535293579102,13.9468297958374,8.31727600097656,155.721496582031,-598.23955761392,-2482.48932304778,"StriatedCaracara",10
2643,NA,NA,NA,NA,NA,0,NA,NA,NA,NA,NA,NA,NA,NA,NA,NA,NA,NA,180,NA,NA,NA,NA,NA,NA,NA,NA,NA,NA,NA,NA,10,NA,NA,NA,NA,NA,NA,NA,NA,NA,NA,NA,NA,3,NA,NA,NA,NA,NA,NA,NA,6.89448070526123,34022.93359375,NA,NA,NA,NA,NA,59,NA,NA,NA,NA,NA,NA,NA,NA,NA,NA,NA,NA,6,NA,NA,NA,NA,NA,NA,NA,10.9450588226318,20.1808280944824,5.33515214920044,12.981707572937,34.8081970214844,19.138786315918,4.24281597137451,142.561126708984,-588.23955761392,-2482.48932304778,"StriatedCaracara",10
2644,0,NA,NA,0,0,NA,0,0,0,0,0,0,0,15,NA,NA,180,225,NA,300,300,240,94,240,30,61,12,NA,NA,9,14,NA,12,9,10,14,8,12,15,3,NA,NA,2,2,NA,3,3,2,4,2,1,3,2.59848165512085,33565.8828125,15,NA,NA,2,348,NA,350,319,357,310,362,246,310,1,NA,NA,4,5,NA,7,8,9,10,11,12,13,11.4078683853149,20.3099822998047,3.27037572860718,16.4350166320801,27.7042102813721,18.0594577789307,4.95651388168335,127.72346496582,-578.23955761392,-2482.48932304778,"StriatedCaracara",10
2661,0,NA,NA,NA,NA,NA,NA,NA,NA,0,NA,NA,NA,180,NA,NA,NA,NA,NA,NA,NA,NA,60,NA,NA,NA,10,NA,NA,NA,NA,NA,NA,NA,NA,15,NA,NA,NA,1,NA,NA,NA,NA,NA,NA,NA,NA,1,NA,NA,NA,8.52796363830566,1499.02136230469,326,NA,NA,NA,NA,NA,NA,NA,NA,1,NA,NA,NA,1,NA,NA,NA,NA,NA,NA,NA,NA,10,NA,NA,NA,12.1811752319336,24.4154472351074,2.47626686096191,43.1963195800781,34.6114883422852,4.75070667266846,0.508139908313751,21.0456562042236,-408.23955761392,-2482.48932304778,"StriatedCaracara",10
2667,NA,NA,NA,NA,NA,NA,NA,NA,0,1,NA,NA,NA,NA,NA,NA,NA,NA,NA,NA,NA,24,85,NA,NA,NA,NA,NA,NA,NA,NA,NA,NA,NA,13,16,NA,NA,NA,NA,NA,NA,NA,NA,NA,NA,NA,1,5,NA,NA,NA,72.50048828125,145.920303344727,NA,NA,NA,NA,NA,NA,NA,NA,296,299,NA,NA,NA,NA,NA,NA,NA,NA,NA,NA,NA,9,10,NA,NA,NA,10.235405921936,27.8280353546143,3.77856969833374,7.57636690139771,26.8152866363525,15.3864421844482,0.473050564527512,73.2016220092773,-318.23955761392,-2482.48932304778,"StriatedCaracara",10
2668,NA,NA,NA,NA,NA,NA,NA,NA,1,NA,NA,NA,NA,NA,NA,NA,NA,NA,NA,NA,NA,124,NA,NA,NA,NA,NA,NA,NA,NA,NA,NA,NA,NA,14,NA,NA,NA,NA,NA,NA,NA,NA,NA,NA,NA,NA,1,NA,NA,NA,NA,72.50048828125,145.920303344727,NA,NA,NA,NA,NA,NA,NA,NA,296,NA,NA,NA,NA,NA,NA,NA,NA,NA,NA,NA,NA,9,NA,NA,NA,NA,10.235405921936,27.8280353546143,3.77856969833374,7.57636690139771,26.8152866363525,15.3864421844482,0.473050564527512,73.2016220092773,-308.23955761392,-2482.48932304778,"StriatedCaracara",10
2669,NA,NA,NA,NA,NA,NA,1,NA,1,1,NA,NA,NA,NA,NA,NA,NA,NA,NA,270,NA,163,85,NA,NA,NA,NA,NA,NA,NA,NA,NA,14,NA,8,9,NA,NA,NA,NA,NA,NA,NA,NA,NA,2,NA,1,5,NA,NA,NA,80.8377532958984,172.891021728516,NA,NA,NA,NA,NA,NA,297,NA,295,296,NA,NA,NA,NA,NA,NA,NA,NA,NA,7,NA,9,10,NA,NA,NA,10.0979013442993,27.710693359375,0.416454672813416,11.1425676345825,20.1370410919189,9.11104869842529,2.5132372379303,63.9990921020508,-298.23955761392,-2482.48932304778,"StriatedCaracara",10
2673,NA,NA,NA,NA,NA,NA,NA,NA,NA,1,NA,NA,NA,NA,NA,NA,NA,NA,NA,NA,NA,NA,162,NA,NA,NA,NA,NA,NA,NA,NA,NA,NA,NA,NA,14,NA,NA,NA,NA,NA,NA,NA,NA,NA,NA,NA,NA,3,NA,NA,NA,128.113891601562,1418.00183105469,NA,NA,NA,NA,NA,NA,NA,NA,NA,332,NA,NA,NA,NA,NA,NA,NA,NA,NA,NA,NA,NA,10,NA,NA,NA,12.0001487731934,10.2808847427368,0,2.3290011882782,6.47964382171631,3.00715708732605,-0.49036917090416,5.50365924835205,-958.23955761392,-2492.48932304778,"StriatedCaracara",10
2690,NA,NA,NA,NA,0,NA,NA,NA,NA,NA,NA,NA,NA,NA,NA,NA,NA,15,NA,NA,NA,NA,NA,NA,NA,NA,NA,NA,NA,NA,9,NA,NA,NA,NA,NA,NA,NA,NA,NA,NA,NA,NA,1,NA,NA,NA,NA,NA,NA,NA,NA,88.3708953857422,5578.23974609375,NA,NA,NA,NA,43,NA,NA,NA,NA,NA,NA,NA,NA,NA,NA,NA,NA,5,NA,NA,NA,NA,NA,NA,NA,NA,7.02364778518677,19.5000076293945,1.11219882965088,0.10127105563879,43.178882598877,1.20943999290466,-7.7473349571228,157.174835205078,-738.23955761392,-2492.48932304778,"StriatedCaracara",10
2694,NA,NA,NA,NA,NA,NA,NA,NA,NA,NA,NA,0,NA,NA,NA,NA,NA,NA,NA,NA,NA,NA,NA,NA,50,NA,NA,NA,NA,NA,NA,NA,NA,NA,NA,NA,NA,15,NA,NA,NA,NA,NA,NA,NA,NA,NA,NA,NA,NA,1,NA,73.4493026733398,1265.68920898438,NA,NA,NA,NA,NA,NA,NA,NA,NA,NA,NA,315,NA,NA,NA,NA,NA,NA,NA,NA,NA,NA,NA,NA,12,NA,8.36751651763916,20.0457153320312,2.0199613571167,0.700460493564606,43.9346580505371,0.406170040369034,-10.5288763046265,179.640518188477,-698.23955761392,-2492.48932304778,"StriatedCaracara",10
2698,NA,NA,NA,NA,NA,NA,NA,NA,NA,NA,NA,NA,0,NA,NA,NA,NA,NA,NA,NA,NA,NA,NA,NA,NA,60,NA,NA,NA,NA,NA,NA,NA,NA,NA,NA,NA,NA,12,NA,NA,NA,NA,NA,NA,NA,NA,NA,NA,NA,NA,1,39.8766174316406,16221.80078125,NA,NA,NA,NA,NA,NA,NA,NA,NA,NA,NA,NA,282,NA,NA,NA,NA,NA,NA,NA,NA,NA,NA,NA,NA,13,10.8294372558594,13.9943857192993,4.92868709564209,14.493218421936,33.065860748291,12.4206676483154,0.687795460224152,158.240173339844,-658.23955761392,-2492.48932304778,"StriatedCaracara",10
2699,NA,NA,NA,NA,NA,NA,NA,NA,NA,NA,NA,NA,0,NA,NA,NA,NA,NA,NA,NA,NA,NA,NA,NA,NA,180,NA,NA,NA,NA,NA,NA,NA,NA,NA,NA,NA,NA,14,NA,NA,NA,NA,NA,NA,NA,NA,NA,NA,NA,NA,1,31.2920570373535,19146.279296875,NA,NA,NA,NA,NA,NA,NA,NA,NA,NA,NA,NA,305,NA,NA,NA,NA,NA,NA,NA,NA,NA,NA,NA,NA,13,11.3075466156006,14.0250587463379,5.38131332397461,18.5549068450928,32.2126007080078,14.6538925170898,-3.29274845123291,145.374572753906,-648.23955761392,-2492.48932304778,"StriatedCaracara",10
2702,0,0,0,0,0,0,0,0,0,0,0,0,0,130,180,180,60,195,180,120,20,177,60,6,114,90,16,12,8,14,15,12,15,6,9,10,11,14,21,3,2,2,2,5,8,7,1,10,1,1,1,1,6.80442810058594,21978.369140625,356,19,351,34,348,365,290,363,315,318,246,279,312,1,2,3,4,5,6,7,8,9,10,11,12,13,10.3178243637085,18.1519927978516,1.22567915916443,11.8518924713135,31.8307189941406,9.07833671569824,4.32600402832031,168.989898681641,-618.23955761392,-2492.48932304778,"StriatedCaracara",10
2703,0,0,0,0,0,0,0,0,1,1,0,0,1,120,70,60,1,120,5,70,60,15,24,80,2,33,9,9,14,13,8,13,8,11,17,13,10,20,14,3,2,2,1,3,1,2,1,2,3,1,1,1,2.37618541717529,21833.966796875,335,27,350,336,344,298,354,289,327,350,276,285,323,1,2,3,4,5,6,7,8,9,10,11,12,13,11.5218334197998,17.5126953125,2.38668084144592,20.2103958129883,25.4751930236816,13.6428604125977,-0.113859973847866,134.232452392578,-608.23955761392,-2492.48932304778,"StriatedCaracara",10
2704,NA,NA,NA,NA,0,0,0,NA,0,0,0,0,0,NA,NA,NA,NA,45,130,194,NA,60,60,60,55,85,NA,NA,NA,NA,12,14,14,NA,10,12,11,14,8,NA,NA,NA,NA,2,2,2,NA,1,2,1,1,1,3.24570798873901,23475.05078125,NA,NA,NA,NA,348,30,24,NA,291,261,284,248,321,NA,NA,NA,NA,5,6,7,NA,9,10,11,12,13,10.5522451400757,20.0448703765869,2.26964282989502,12.7325286865234,34.5219993591309,13.5403575897217,5.81093120574951,147.338134765625,-598.23955761392,-2492.48932304778,"StriatedCaracara",10
2705,NA,NA,NA,NA,NA,NA,NA,NA,NA,NA,NA,0,0,NA,NA,NA,NA,NA,NA,NA,NA,NA,NA,NA,20,41,NA,NA,NA,NA,NA,NA,NA,NA,NA,NA,NA,10,9,NA,NA,NA,NA,NA,NA,NA,NA,NA,NA,NA,1,1,3.23766803741455,24705.42578125,NA,NA,NA,NA,NA,NA,NA,NA,NA,NA,NA,32,272,NA,NA,NA,NA,NA,NA,NA,NA,NA,NA,NA,12,13,10.5930948257446,21.2025566101074,6.70259618759155,9.47459888458252,38.8523788452148,14.6075735092163,5.10562562942505,122.882179260254,-588.23955761392,-2492.48932304778,"StriatedCaracara",10
2706,0,NA,NA,NA,NA,NA,0,NA,NA,NA,0,NA,NA,25,NA,NA,NA,NA,NA,10,NA,NA,NA,3,NA,NA,16,NA,NA,NA,NA,NA,13,NA,NA,NA,11,NA,NA,6,NA,NA,NA,NA,NA,2,NA,NA,NA,2,NA,NA,3.4910101890564,25121.48828125,330,NA,NA,NA,NA,NA,342,NA,NA,NA,8,NA,NA,1,NA,NA,NA,NA,NA,7,NA,NA,NA,11,NA,NA,11.0139446258545,21.5955848693848,6.55659103393555,10.2195892333984,41.3419761657715,15.5549964904785,-1.55142712593079,120.90795135498,-578.23955761392,-2492.48932304778,"StriatedCaracara",10
2707,NA,NA,NA,NA,NA,NA,NA,0,NA,0,0,NA,0,NA,NA,NA,NA,NA,NA,NA,80,NA,16,15,NA,42,NA,NA,NA,NA,NA,NA,NA,15,NA,13,11,NA,10,NA,NA,NA,NA,NA,NA,NA,1,NA,3,2,NA,1,8.13267135620117,24912.759765625,NA,NA,NA,NA,NA,NA,NA,45,NA,351,8,NA,361,NA,NA,NA,NA,NA,NA,NA,8,NA,10,11,NA,13,10.8120307922363,22.5981464385986,4.21667957305908,10.2038688659668,36.2941856384277,17.2653694152832,2.91735696792603,143.805862426758,-568.23955761392,-2492.48932304778,"StriatedCaracara",10
2708,NA,NA,NA,NA,NA,NA,NA,NA,NA,NA,0,NA,0,NA,NA,NA,NA,NA,NA,NA,NA,NA,NA,74,NA,60,NA,NA,NA,NA,NA,NA,NA,NA,NA,NA,12,NA,11,NA,NA,NA,NA,NA,NA,NA,NA,NA,NA,1,NA,4,7.78570127487183,24280.623046875,NA,NA,NA,NA,NA,NA,NA,NA,NA,NA,343,NA,337,NA,NA,NA,NA,NA,NA,NA,NA,NA,NA,11,NA,13,11.2044248580933,22.7480068206787,4.62191247940063,15.8211059570312,31.6703834533691,16.0229930877686,-3.76359605789185,117.812133789062,-558.23955761392,-2492.48932304778,"StriatedCaracara",10
2726,NA,NA,NA,NA,NA,1,NA,NA,NA,NA,NA,NA,NA,NA,NA,NA,NA,NA,236,NA,NA,NA,NA,NA,NA,NA,NA,NA,NA,NA,NA,8,NA,NA,NA,NA,NA,NA,NA,NA,NA,NA,NA,NA,1,NA,NA,NA,NA,NA,NA,NA,50.3994178771973,647.691162109375,NA,NA,NA,NA,NA,310,NA,NA,NA,NA,NA,NA,NA,NA,NA,NA,NA,NA,6,NA,NA,NA,NA,NA,NA,NA,10.5835056304932,26.3200454711914,10.8346014022827,11.0904922485352,36.359806060791,12.3901472091675,1.35696172714233,43.2611885070801,-348.23955761392,-2492.48932304778,"StriatedCaracara",10
2728,NA,NA,NA,NA,NA,NA,NA,NA,NA,1,NA,NA,NA,NA,NA,NA,NA,NA,NA,NA,NA,NA,79,NA,NA,NA,NA,NA,NA,NA,NA,NA,NA,NA,NA,9,NA,NA,NA,NA,NA,NA,NA,NA,NA,NA,NA,NA,1,NA,NA,NA,56.0647659301758,313.179077148438,NA,NA,NA,NA,NA,NA,NA,NA,NA,295,NA,NA,NA,NA,NA,NA,NA,NA,NA,NA,NA,NA,10,NA,NA,NA,10.0626811981201,28.3685646057129,0.857647001743317,3.06575798988342,36.3546981811523,7.6822395324707,-0.394779771566391,65.3992156982422,-328.23955761392,-2492.48932304778,"StriatedCaracara",10
2734,NA,NA,NA,NA,NA,NA,NA,NA,NA,0,NA,NA,NA,NA,NA,NA,NA,NA,NA,NA,NA,NA,20,NA,NA,NA,NA,NA,NA,NA,NA,NA,NA,NA,NA,8,NA,NA,NA,NA,NA,NA,NA,NA,NA,NA,NA,NA,2,NA,NA,NA,119.159484863281,2812.06689453125,NA,NA,NA,NA,NA,NA,NA,NA,NA,361,NA,NA,NA,NA,NA,NA,NA,NA,NA,NA,NA,NA,10,NA,NA,NA,11.2565422058105,11.4082822799683,0,0.293634712696075,5.004150390625,1.05641293525696,-1.05282068252563,12.8454999923706,-858.23955761392,-2502.48932304778,"StriatedCaracara",10
2745,NA,NA,NA,NA,NA,NA,NA,NA,NA,NA,NA,NA,0,NA,NA,NA,NA,NA,NA,NA,NA,NA,NA,NA,NA,11,NA,NA,NA,NA,NA,NA,NA,NA,NA,NA,NA,NA,16,NA,NA,NA,NA,NA,NA,NA,NA,NA,NA,NA,NA,1,98.5842971801758,4694.97412109375,NA,NA,NA,NA,NA,NA,NA,NA,NA,NA,NA,NA,334,NA,NA,NA,NA,NA,NA,NA,NA,NA,NA,NA,NA,13,9.71470069885254,15.6919593811035,0.209961339831352,0.778475046157837,35.1435737609863,3.49991416931152,6.38089752197266,167.983367919922,-748.23955761392,-2502.48932304778,"StriatedCaracara",10
2746,NA,NA,NA,NA,NA,NA,NA,0,NA,NA,NA,NA,NA,NA,NA,NA,NA,NA,NA,NA,11,NA,NA,NA,NA,NA,NA,NA,NA,NA,NA,NA,NA,13,NA,NA,NA,NA,NA,NA,NA,NA,NA,NA,NA,NA,2,NA,NA,NA,NA,NA,99.6438903808594,4686.5703125,NA,NA,NA,NA,NA,NA,NA,309,NA,NA,NA,NA,NA,NA,NA,NA,NA,NA,NA,NA,8,NA,NA,NA,NA,NA,9.73298072814941,15.9632396697998,0.83590304851532,1.8392196893692,34.8997459411621,4.41876316070557,10.8185062408447,179.71435546875,-738.23955761392,-2502.48932304778,"StriatedCaracara",10
2749,NA,NA,NA,NA,0,NA,NA,NA,0,0,NA,0,0,NA,NA,NA,NA,60,NA,NA,NA,144,4,NA,103,11,NA,NA,NA,NA,16,NA,NA,NA,14,16,NA,14,10,NA,NA,NA,NA,1,NA,NA,NA,3,1,NA,1,1,82.678337097168,4194.3388671875,NA,NA,NA,NA,46,NA,NA,NA,54,293,NA,56,334,NA,NA,NA,NA,5,NA,NA,NA,9,10,NA,12,13,9.45311069488525,18.1463928222656,1.94935846328735,0.604566156864166,27.9578380584717,1.14832496643066,4.06513690948486,154.85432434082,-708.23955761392,-2502.48932304778,"StriatedCaracara",10
2754,NA,NA,NA,NA,NA,NA,NA,NA,NA,NA,NA,NA,0,NA,NA,NA,NA,NA,NA,NA,NA,NA,NA,NA,NA,120,NA,NA,NA,NA,NA,NA,NA,NA,NA,NA,NA,NA,9,NA,NA,NA,NA,NA,NA,NA,NA,NA,NA,NA,NA,3,40.0470275878906,9433.0048828125,NA,NA,NA,NA,NA,NA,NA,NA,NA,NA,NA,NA,56,NA,NA,NA,NA,NA,NA,NA,NA,NA,NA,NA,NA,13,10.7843770980835,14.9129467010498,3.99005508422852,12.8096370697021,40.5086288452148,7.37507438659668,-3.2991099357605,149.88508605957,-658.23955761392,-2502.48932304778,"StriatedCaracara",10
2755,NA,NA,NA,NA,0,0,NA,0,NA,NA,NA,NA,NA,NA,NA,NA,NA,30,210,NA,240,NA,NA,NA,NA,NA,NA,NA,NA,NA,17,13,NA,10,NA,NA,NA,NA,NA,NA,NA,NA,NA,1,1,NA,5,NA,NA,NA,NA,NA,31.415412902832,10789.333984375,NA,NA,NA,NA,48,308,NA,303,NA,NA,NA,NA,NA,NA,NA,NA,NA,5,6,NA,8,NA,NA,NA,NA,NA,10.4862365722656,14.8551330566406,4.17992401123047,6.90962266921997,28.9789848327637,10.0558042526245,5.63195753097534,140.393035888672,-648.23955761392,-2502.48932304778,"StriatedCaracara",10
2756,NA,0,0,0,0,0,0,0,0,0,0,0,1,NA,60,90,120,120,73,30,15,30,33,90,136,20,NA,14,14,9,9,14,13,13,14,9,12,8,14,NA,2,1,1,2,2,2,1,2,1,3,1,2,23.209867477417,11573.951171875,NA,20,346,313,25,249,314,302,331,291,324,295,320,NA,2,3,4,5,6,7,8,9,10,11,12,13,11.6654052734375,14.1079063415527,0.273669481277466,13.8760690689087,23.4803943634033,9.15170764923096,-5.65698146820068,125.15966796875,-638.23955761392,-2502.48932304778,"StriatedCaracara",10
2757,0,0,0,0,0,0,0,0,0,0,0,0,0,15,60,60,5,60,240,64,55,120,4,85,100,125,11,10,16,11,16,17,18,18,16,15,17,17,10,6,2,2,1,1,6,2,2,1,10,2,1,1,14.7716484069824,11894.333984375,330,20,361,24,340,363,348,329,365,291,340,249,312,1,2,3,4,5,6,7,8,9,10,11,12,13,11.8746633529663,14.5614824295044,1.89788901805878,21.8737831115723,20.1983318328857,9.12947463989258,-1.73050379753113,85.8792266845703,-628.23955761392,-2502.48932304778,"StriatedCaracara",10
2758,0,0,0,0,0,0,0,0,0,0,0,0,0,55,60,45,171,180,1,90,110,45,32,77,150,55,8,9,6,9,13,5,9,11,7,6,11,11,19,6,2,9,2,2,1,3,1,2,2,1,1,1,6.80442810058594,21978.369140625,331,19,310,269,341,300,349,291,314,291,291,254,311,1,2,3,4,5,6,7,8,9,10,11,12,13,10.3178243637085,18.1519927978516,1.22567915916443,11.8518924713135,31.8307189941406,9.07833671569824,4.32600402832031,168.989898681641,-618.23955761392,-2502.48932304778,"StriatedCaracara",10
2759,NA,0,NA,0,NA,1,0,0,0,0,0,0,0,NA,50,NA,31,NA,150,180,13,145,180,120,100,80,NA,14,NA,14,NA,9,9,6,15,17,17,13,13,NA,2,NA,1,NA,7,10,1,3,1,4,3,3,15.6430311203003,1954.57885742188,NA,305,NA,266,NA,59,50,23,365,360,307,248,325,NA,2,NA,4,NA,6,7,8,9,10,11,12,13,11.9289255142212,17.5117244720459,0.490665316581726,20.8628807067871,21.0739593505859,12.6057147979736,1.90229260921478,75.5387496948242,-608.23955761392,-2502.48932304778,"StriatedCaracara",10
2760,NA,NA,NA,NA,NA,NA,NA,NA,0,NA,NA,0,0,NA,NA,NA,NA,NA,NA,NA,NA,73,NA,NA,41,81,NA,NA,NA,NA,NA,NA,NA,NA,14,NA,NA,9,15,NA,NA,NA,NA,NA,NA,NA,NA,2,NA,NA,6,1,14.0136909484863,3566.23828125,NA,NA,NA,NA,NA,NA,NA,NA,262,NA,NA,355,320,NA,NA,NA,NA,NA,NA,NA,NA,9,NA,NA,12,13,11.5814933776855,19.2565250396729,0.23391729593277,24.8898162841797,41.0127372741699,13.9250907897949,2.57026767730713,43.8402366638184,-598.23955761392,-2502.48932304778,"StriatedCaracara",10
2761,NA,NA,NA,NA,NA,NA,NA,NA,0,NA,NA,NA,0,NA,NA,NA,NA,NA,NA,NA,NA,3,NA,NA,NA,20,NA,NA,NA,NA,NA,NA,NA,NA,16,NA,NA,NA,17,NA,NA,NA,NA,NA,NA,NA,NA,1,NA,NA,NA,2,12.9655303955078,5109.09326171875,NA,NA,NA,NA,NA,NA,NA,NA,245,NA,NA,NA,305,NA,NA,NA,NA,NA,NA,NA,NA,9,NA,NA,NA,13,11.800464630127,21.1284866333008,0.3597531914711,25.526216506958,41.1352081298828,13.9837560653687,0.796048283576965,40.6219329833984,-588.23955761392,-2502.48932304778,"StriatedCaracara",10
2762,NA,NA,NA,NA,NA,NA,NA,NA,NA,0,NA,NA,NA,NA,NA,NA,NA,NA,NA,NA,NA,NA,52,NA,NA,NA,NA,NA,NA,NA,NA,NA,NA,NA,NA,16,NA,NA,NA,NA,NA,NA,NA,NA,NA,NA,NA,NA,1,NA,NA,NA,3.50279402732849,13311.9755859375,NA,NA,NA,NA,NA,NA,NA,NA,NA,57,NA,NA,NA,NA,NA,NA,NA,NA,NA,NA,NA,NA,10,NA,NA,NA,11.6611833572388,22.4127197265625,2.04442524909973,15.6570806503296,19.9316158294678,13.1576766967773,-4.97388029098511,81.7635116577148,-578.23955761392,-2502.48932304778,"StriatedCaracara",10
2763,NA,NA,NA,NA,NA,NA,NA,0,0,0,0,0,0,NA,NA,NA,NA,NA,NA,NA,270,7,5,60,45,26,NA,NA,NA,NA,NA,NA,NA,7,17,10,10,19,11,NA,NA,NA,NA,NA,NA,NA,1,2,1,1,1,1,3.50279402732849,13311.9755859375,NA,NA,NA,NA,NA,NA,NA,356,244,316,317,282,339,NA,NA,NA,NA,NA,NA,NA,8,9,10,11,12,13,11.6611833572388,22.4127197265625,2.04442524909973,15.6570806503296,19.9316158294678,13.1576766967773,-4.97388029098511,81.7635116577148,-568.23955761392,-2502.48932304778,"StriatedCaracara",10
2764,NA,NA,NA,NA,0,0,0,0,0,0,0,0,1,NA,NA,NA,NA,120,120,60,30,60,85,55,60,90,NA,NA,NA,NA,11,14,13,13,18,14,11,15,20,NA,NA,NA,NA,8,9,2,2,1,5,3,1,2,12.6710767745972,6203.5166015625,NA,NA,NA,NA,249,364,342,320,5,26,366,355,356,NA,NA,NA,NA,5,6,7,8,9,10,11,12,13,10.7695064544678,22.7665882110596,5.44107961654663,14.2627334594727,39.3525543212891,17.9067192077637,5.77699089050293,105.558448791504,-558.23955761392,-2502.48932304778,"StriatedCaracara",10
2765,NA,NA,NA,NA,NA,NA,0,0,0,0,0,0,0,NA,NA,NA,NA,NA,NA,15,39,95,60,23,25,105,NA,NA,NA,NA,NA,NA,12,9,10,17,15,10,13,NA,NA,NA,NA,NA,NA,3,5,2,2,2,2,1,14.11607837677,6360.49560546875,NA,NA,NA,NA,NA,NA,32,354,311,325,9,39,298,NA,NA,NA,NA,NA,NA,7,8,9,10,11,12,13,11.1196451187134,22.9613361358643,3.64759159088135,20.1435260772705,38.7872924804688,15.0298461914062,4.99115657806396,63.2233543395996,-548.23955761392,-2502.48932304778,"StriatedCaracara",10
2766,0,0,NA,0,0,0,0,0,0,0,0,0,1,20,35,NA,90,180,2,10,110,10,60,30,20,51,12,17,NA,13,13,16,16,9,17,15,10,14,16,6,2,NA,2,1,1,2,1,1,1,3,1,2,12.7971992492676,13190.2197265625,331,306,NA,307,348,290,342,301,311,335,303,31,260,1,2,NA,4,5,6,7,8,9,10,11,12,13,11.519476890564,22.7776412963867,2.85793161392212,12.5594520568848,34.486442565918,19.6815567016602,0.973982036113739,56.3699035644531,-538.23955761392,-2502.48932304778,"StriatedCaracara",10
2776,NA,NA,NA,NA,NA,NA,NA,NA,0,NA,NA,NA,NA,NA,NA,NA,NA,NA,NA,NA,NA,120,NA,NA,NA,NA,NA,NA,NA,NA,NA,NA,NA,NA,12,NA,NA,NA,NA,NA,NA,NA,NA,NA,NA,NA,NA,1,NA,NA,NA,NA,20.6574802398682,3748.65380859375,NA,NA,NA,NA,NA,NA,NA,NA,24,NA,NA,NA,NA,NA,NA,NA,NA,NA,NA,NA,NA,9,NA,NA,NA,NA,11.8498792648315,25.0914459228516,0.296112358570099,47.4501876831055,22.5929508209229,7.89424705505371,3.59922528266907,34.3118705749512,-438.23955761392,-2502.48932304778,"StriatedCaracara",10
2777,NA,NA,NA,NA,NA,NA,NA,NA,0,NA,NA,NA,NA,NA,NA,NA,NA,NA,NA,NA,NA,50,NA,NA,NA,NA,NA,NA,NA,NA,NA,NA,NA,NA,8,NA,NA,NA,NA,NA,NA,NA,NA,NA,NA,NA,NA,1,NA,NA,NA,NA,25.495979309082,7216.58203125,NA,NA,NA,NA,NA,NA,NA,NA,33,NA,NA,NA,NA,NA,NA,NA,NA,NA,NA,NA,NA,9,NA,NA,NA,NA,10.9328880310059,24.9272804260254,2.93224883079529,26.1193351745605,38.5287551879883,13.4882822036743,1.60853064060211,40.1095008850098,-428.23955761392,-2502.48932304778,"StriatedCaracara",10
2785,NA,NA,NA,NA,NA,0,NA,NA,NA,NA,NA,NA,NA,NA,NA,NA,NA,NA,10,NA,NA,NA,NA,NA,NA,NA,NA,NA,NA,NA,NA,17,NA,NA,NA,NA,NA,NA,NA,NA,NA,NA,NA,NA,1,NA,NA,NA,NA,NA,NA,NA,119.159484863281,2812.06689453125,NA,NA,NA,NA,NA,349,NA,NA,NA,NA,NA,NA,NA,NA,NA,NA,NA,NA,6,NA,NA,NA,NA,NA,NA,NA,11.2565422058105,11.4082822799683,0,0.293634712696075,5.004150390625,1.05641293525696,-1.05282068252563,12.8454999923706,-858.23955761392,-2512.48932304778,"StriatedCaracara",10
2794,NA,NA,NA,NA,NA,NA,NA,NA,0,0,NA,NA,NA,NA,NA,NA,NA,NA,NA,NA,NA,10,10,NA,NA,NA,NA,NA,NA,NA,NA,NA,NA,NA,6,7,NA,NA,NA,NA,NA,NA,NA,NA,NA,NA,NA,1,1,NA,NA,NA,109.565376281738,1973.17590332031,NA,NA,NA,NA,NA,NA,NA,NA,292,293,NA,NA,NA,NA,NA,NA,NA,NA,NA,NA,NA,9,10,NA,NA,NA,10.9733114242554,13.0699510574341,4.69269514083862,1.773681640625,34.9501953125,14.1524620056152,-4.88862895965576,50.5242805480957,-768.23955761392,-2512.48932304778,"StriatedCaracara",10
2799,NA,NA,NA,NA,NA,NA,NA,NA,NA,NA,NA,0,NA,NA,NA,NA,NA,NA,NA,NA,NA,NA,NA,NA,21,NA,NA,NA,NA,NA,NA,NA,NA,NA,NA,NA,NA,8,NA,NA,NA,NA,NA,NA,NA,NA,NA,NA,NA,NA,1,NA,92.6616134643555,2765.28686523438,NA,NA,NA,NA,NA,NA,NA,NA,NA,NA,NA,59,NA,NA,NA,NA,NA,NA,NA,NA,NA,NA,NA,NA,12,NA,11.2017803192139,13.8372077941895,2.0806896686554,2.01500797271729,18.6544971466064,2.23808479309082,-3.08182549476624,71.5223007202148,-718.23955761392,-2512.48932304778,"StriatedCaracara",10
2802,NA,NA,NA,NA,NA,NA,NA,NA,NA,NA,NA,0,0,NA,NA,NA,NA,NA,NA,NA,NA,NA,NA,NA,18,13,NA,NA,NA,NA,NA,NA,NA,NA,NA,NA,NA,6,8,NA,NA,NA,NA,NA,NA,NA,NA,NA,NA,NA,1,1,59.2771377563477,8734.3037109375,NA,NA,NA,NA,NA,NA,NA,NA,NA,NA,NA,59,323,NA,NA,NA,NA,NA,NA,NA,NA,NA,NA,NA,12,13,8.16173553466797,18.5805072784424,0.819166839122772,3.07564067840576,24.4975280761719,0.76558917760849,3.12228941917419,186.970352172852,-688.23955761392,-2512.48932304778,"StriatedCaracara",10
2809,NA,NA,NA,NA,0,NA,NA,NA,NA,0,NA,NA,0,NA,NA,NA,NA,30,NA,NA,NA,NA,19,NA,NA,72,NA,NA,NA,NA,12,NA,NA,NA,NA,9,NA,NA,14,NA,NA,NA,NA,1,NA,NA,NA,NA,1,NA,NA,1,15.6430311203003,1954.57885742188,NA,NA,NA,NA,56,NA,NA,NA,NA,354,NA,NA,334,NA,NA,NA,NA,5,NA,NA,NA,NA,10,NA,NA,13,11.9289255142212,17.5117244720459,0.490665316581726,20.8628807067871,21.0739593505859,12.6057147979736,1.90229260921478,75.5387496948242,-618.23955761392,-2512.48932304778,"StriatedCaracara",10
2810,NA,NA,NA,NA,NA,NA,NA,NA,0,NA,NA,0,NA,NA,NA,NA,NA,NA,NA,NA,NA,60,NA,NA,10,NA,NA,NA,NA,NA,NA,NA,NA,NA,15,NA,NA,9,NA,NA,NA,NA,NA,NA,NA,NA,NA,2,NA,NA,2,NA,15.6430311203003,1954.57885742188,NA,NA,NA,NA,NA,NA,NA,NA,259,NA,NA,354,NA,NA,NA,NA,NA,NA,NA,NA,NA,9,NA,NA,12,NA,11.9289255142212,17.5117244720459,0.490665316581726,20.8628807067871,21.0739593505859,12.6057147979736,1.90229260921478,75.5387496948242,-608.23955761392,-2512.48932304778,"StriatedCaracara",10
2813,NA,NA,NA,NA,NA,NA,NA,0,NA,0,NA,NA,NA,NA,NA,NA,NA,NA,NA,NA,60,NA,3,NA,NA,NA,NA,NA,NA,NA,NA,NA,NA,9,NA,15,NA,NA,NA,NA,NA,NA,NA,NA,NA,NA,2,NA,2,NA,NA,NA,12.0201988220215,5869.57568359375,NA,NA,NA,NA,NA,NA,NA,351,NA,53,NA,NA,NA,NA,NA,NA,NA,NA,NA,NA,8,NA,10,NA,NA,NA,10.7253847122192,22.2330703735352,1.26006674766541,12.6897811889648,37.6619300842285,21.70334815979,5.80588102340698,88.1769409179688,-578.23955761392,-2512.48932304778,"StriatedCaracara",10
2814,NA,0,NA,NA,0,0,0,0,0,1,0,0,0,NA,300,NA,NA,60,120,120,225,12,60,16,60,30,NA,7,NA,NA,9,7,8,10,10,9,17,0,13,NA,3,NA,NA,1,1,1,1,1,2,1,1,1,11.1684789657593,6226.751953125,NA,26,NA,NA,52,21,259,352,256,353,17,286,292,NA,2,NA,NA,5,6,7,8,9,10,11,12,13,10.6806478500366,22.9196453094482,2.12238383293152,11.506031036377,36.5855178833008,21.3657932281494,5.80232524871826,107.071105957031,-568.23955761392,-2512.48932304778,"StriatedCaracara",10
2815,NA,NA,NA,NA,NA,0,NA,NA,0,0,0,1,0,NA,NA,NA,NA,NA,180,NA,NA,45,60,105,180,112,NA,NA,NA,NA,NA,11,NA,NA,11,15,20,1,20,NA,NA,NA,NA,NA,2,NA,NA,1,2,1,1,2,12.6710767745972,6203.5166015625,NA,NA,NA,NA,NA,303,NA,NA,248,292,333,255,347,NA,NA,NA,NA,NA,6,NA,NA,9,10,11,12,13,10.7695064544678,22.7665882110596,5.44107961654663,14.2627334594727,39.3525543212891,17.9067192077637,5.77699089050293,105.558448791504,-558.23955761392,-2512.48932304778,"StriatedCaracara",10
2822,NA,NA,NA,NA,NA,NA,NA,NA,NA,NA,NA,NA,0,NA,NA,NA,NA,NA,NA,NA,NA,NA,NA,NA,NA,23,NA,NA,NA,NA,NA,NA,NA,NA,NA,NA,NA,NA,20,NA,NA,NA,NA,NA,NA,NA,NA,NA,NA,NA,NA,3,49.1854667663574,11396.0244140625,NA,NA,NA,NA,NA,NA,NA,NA,NA,NA,NA,NA,13,NA,NA,NA,NA,NA,NA,NA,NA,NA,NA,NA,NA,13,11.9961957931519,23.6840152740479,0.433323860168457,26.9981727600098,17.4560794830322,13.5198011398315,-1.01374971866608,38.7065238952637,-488.23955761392,-2512.48932304778,"StriatedCaracara",10
2831,NA,NA,NA,NA,0,NA,NA,NA,NA,NA,NA,NA,NA,NA,NA,NA,NA,30,NA,NA,NA,NA,NA,NA,NA,NA,NA,NA,NA,NA,13,NA,NA,NA,NA,NA,NA,NA,NA,NA,NA,NA,NA,1,NA,NA,NA,NA,NA,NA,NA,NA,136.345626831055,879.5205078125,NA,NA,NA,NA,44,NA,NA,NA,NA,NA,NA,NA,NA,NA,NA,NA,NA,5,NA,NA,NA,NA,NA,NA,NA,NA,10.1587734222412,12.8312244415283,0.609664976596832,1.51322507858276,28.320743560791,8.30854606628418,5.02424764633179,91.5421295166016,-798.23955761392,-2522.48932304778,"StriatedCaracara",10
2851,NA,NA,NA,0,NA,0,NA,NA,0,0,NA,0,0,NA,NA,NA,90,NA,90,NA,NA,120,90,NA,185,125,NA,NA,NA,16,NA,15,NA,NA,8,14,NA,17,15,NA,NA,NA,2,NA,1,NA,NA,2,2,NA,6,1,25.0702476501465,4874.69384765625,NA,NA,NA,339,NA,293,NA,NA,318,38,NA,353,266,NA,NA,NA,4,NA,6,NA,NA,9,10,NA,12,13,11.3670101165771,21.4647731781006,1.15851652622223,19.5990982055664,31.5951194763184,12.7224578857422,3.06734204292297,53.3736419677734,-598.23955761392,-2522.48932304778,"StriatedCaracara",10
2855,NA,NA,NA,NA,NA,NA,NA,NA,NA,0,NA,NA,NA,NA,NA,NA,NA,NA,NA,NA,NA,NA,10,NA,NA,NA,NA,NA,NA,NA,NA,NA,NA,NA,NA,16,NA,NA,NA,NA,NA,NA,NA,NA,NA,NA,NA,NA,1,NA,NA,NA,23.7304668426514,8828.3095703125,NA,NA,NA,NA,NA,NA,NA,NA,NA,365,NA,NA,NA,NA,NA,NA,NA,NA,NA,NA,NA,NA,10,NA,NA,NA,11.5828895568848,24.1344356536865,2.93968200683594,17.478946685791,27.9304218292236,13.5832853317261,1.35048019886017,59.360652923584,-558.23955761392,-2522.48932304778,"StriatedCaracara",10
2859,NA,NA,NA,NA,NA,NA,NA,NA,NA,NA,NA,NA,0,NA,NA,NA,NA,NA,NA,NA,NA,NA,NA,NA,NA,60,NA,NA,NA,NA,NA,NA,NA,NA,NA,NA,NA,NA,10,NA,NA,NA,NA,NA,NA,NA,NA,NA,NA,NA,NA,1,26.1080932617188,7669.078125,NA,NA,NA,NA,NA,NA,NA,NA,NA,NA,NA,NA,331,NA,NA,NA,NA,NA,NA,NA,NA,NA,NA,NA,NA,13,11.9270820617676,24.3061904907227,0,14.5393304824829,13.721981048584,9.43731307983398,0.535247325897217,22.3282775878906,-518.23955761392,-2522.48932304778,"StriatedCaracara",10
2861,NA,NA,NA,NA,0,NA,NA,NA,NA,NA,NA,NA,NA,NA,NA,NA,NA,10,NA,NA,NA,NA,NA,NA,NA,NA,NA,NA,NA,NA,18,NA,NA,NA,NA,NA,NA,NA,NA,NA,NA,NA,NA,1,NA,NA,NA,NA,NA,NA,NA,NA,61.4789123535156,161.320785522461,NA,NA,NA,NA,362,NA,NA,NA,NA,NA,NA,NA,NA,NA,NA,NA,NA,5,NA,NA,NA,NA,NA,NA,NA,NA,11.7881488800049,22.57448387146,1.09484302997589,39.2187042236328,20.8700695037842,3.45731019973755,0.46247810125351,24.0121421813965,-498.23955761392,-2522.48932304778,"StriatedCaracara",10
2916,NA,NA,NA,NA,NA,NA,NA,NA,0,NA,NA,NA,NA,NA,NA,NA,NA,NA,NA,NA,NA,180,NA,NA,NA,NA,NA,NA,NA,NA,NA,NA,NA,NA,10,NA,NA,NA,NA,NA,NA,NA,NA,NA,NA,NA,NA,1,NA,NA,NA,NA,53.3085517883301,949.312316894531,NA,NA,NA,NA,NA,NA,NA,NA,44,NA,NA,NA,NA,NA,NA,NA,NA,NA,NA,NA,NA,9,NA,NA,NA,NA,10.62744140625,19.1608085632324,4.02315855026245,3.96605682373047,34.4687118530273,6.3500394821167,8.60198879241943,150.642120361328,-638.23955761392,-2542.48932304778,"StriatedCaracara",10
2988,NA,NA,NA,NA,NA,NA,NA,NA,1,NA,NA,NA,NA,NA,NA,NA,NA,NA,NA,NA,NA,120,NA,NA,NA,NA,NA,NA,NA,NA,NA,NA,NA,NA,9,NA,NA,NA,NA,NA,NA,NA,NA,NA,NA,NA,NA,2,NA,NA,NA,NA,94.9798965454102,122.023017883301,NA,NA,NA,NA,NA,NA,NA,NA,48,NA,NA,NA,NA,NA,NA,NA,NA,NA,NA,NA,NA,9,NA,NA,NA,NA,10.9242811203003,21.7689170837402,0.721872627735138,16.1428146362305,17.6434001922607,4.46228790283203,0.0202242471277714,59.0475883483887,-538.23955761392,-2582.48932304778,"StriatedCaracara",10
2995,NA,NA,NA,NA,NA,NA,NA,NA,NA,NA,NA,0,NA,NA,NA,NA,NA,NA,NA,NA,NA,NA,NA,NA,165,NA,NA,NA,NA,NA,NA,NA,NA,NA,NA,NA,NA,18,NA,NA,NA,NA,NA,NA,NA,NA,NA,NA,NA,NA,6,NA,94.9798965454102,122.023017883301,NA,NA,NA,NA,NA,NA,NA,NA,NA,NA,NA,351,NA,NA,NA,NA,NA,NA,NA,NA,NA,NA,NA,NA,12,NA,10.9242811203003,21.7689170837402,0.721872627735138,16.1428146362305,17.6434001922607,4.46228790283203,0.0202242471277714,59.0475883483887,-538.23955761392,-2592.48932304778,"StriatedCaracara",10
3001,1,NA,NA,NA,NA,NA,NA,NA,NA,NA,NA,NA,NA,60,NA,NA,NA,NA,NA,NA,NA,NA,NA,NA,NA,NA,9,NA,NA,NA,NA,NA,NA,NA,NA,NA,NA,NA,NA,1,NA,NA,NA,NA,NA,NA,NA,NA,NA,NA,NA,NA,94.9798965454102,122.023017883301,310,NA,NA,NA,NA,NA,NA,NA,NA,NA,NA,NA,NA,1,NA,NA,NA,NA,NA,NA,NA,NA,NA,NA,NA,NA,10.9242811203003,21.7689170837402,0.721872627735138,16.1428146362305,17.6434001922607,4.46228790283203,0.0202242471277714,59.0475883483887,-538.23955761392,-2602.48932304778,"StriatedCaracara",10
3002,NA,1,NA,0,1,1,0,1,1,0,NA,1,0,NA,120,NA,60,251,180,110,10,120,91,NA,19,30,NA,7,NA,7,7,8,16,8,8,9,NA,7,6,NA,1,NA,1,1,1,1,2,1,1,NA,1,2,94.9798965454102,122.023017883301,NA,45,NA,339,313,332,340,310,39,294,NA,57,327,NA,2,NA,4,5,6,7,8,9,10,NA,12,13,10.9242811203003,21.7689170837402,0.721872627735138,16.1428146362305,17.6434001922607,4.46228790283203,0.0202242471277714,59.0475883483887,-528.23955761392,-2602.48932304778,"StriatedCaracara",10
