"site","dummy","distRoad","occ","temp","precp","crop","evBroad","herb","shrub","tpi","tri","X","Y","species","resolution"
1,0,4.71684598922729,0,16.0423545837402,27.0806884765625,2.28249526023865,20.3152408599854,15.8288555145264,15.7503032684326,-8.66674900054932,135.81169128418,-1008.23955761392,-1652.48932304778,"StriatedCaracara",10
2,0,3.01769208908081,0,12.9975910186768,25.1198081970215,0.242575198411942,7.92322254180908,17.5076904296875,24.0320529937744,4.61076927185059,209.089111328125,-998.23955761392,-1652.48932304778,"StriatedCaracara",10
3,0,10.9632940292358,0,12.6339178085327,29.3124599456787,0.0422025732696056,3.38525438308716,16.5786991119385,27.3681564331055,0.587263405323029,164.636993408203,-988.23955761392,-1652.48932304778,"StriatedCaracara",10
4,0,10.9632940292358,0,12.6339178085327,29.3124599456787,0.0422025732696056,3.38525438308716,16.5786991119385,27.3681564331055,0.587263405323029,164.636993408203,-978.23955761392,-1652.48932304778,"StriatedCaracara",10
5,0,11.1842918395996,0,13.5048332214355,34.051570892334,1.32508218288422,3.53466987609863,18.104284286499,27.9439258575439,-0.407157897949219,170.010345458984,-968.23955761392,-1652.48932304778,"StriatedCaracara",10
6,0,2.81928014755249,0,15.9914417266846,41.666145324707,1.79068446159363,3.44904756546021,11.1945934295654,16.7024612426758,4.20404767990112,127.518089294434,-958.23955761392,-1652.48932304778,"StriatedCaracara",10
7,0,4.47830867767334,0,18.9110069274902,49.8357925415039,0.295548796653748,0.425648510456085,2.95894575119019,4.18561744689941,-7.69397354125977,18.620138168335,-948.23955761392,-1652.48932304778,"StriatedCaracara",10
8,0,4.47830867767334,0,18.9110069274902,49.8357925415039,0.295548796653748,0.425648510456085,2.95894575119019,4.18561744689941,-7.69397354125977,18.620138168335,-938.23955761392,-1652.48932304778,"StriatedCaracara",10
9,0,4.71684598922729,0,16.0423545837402,27.0806884765625,2.28249526023865,20.3152408599854,15.8288555145264,15.7503032684326,-8.66674900054932,135.81169128418,-1008.23955761392,-1662.48932304778,"StriatedCaracara",10
10,0,3.01769208908081,0,12.9975910186768,25.1198081970215,0.242575198411942,7.92322254180908,17.5076904296875,24.0320529937744,4.61076927185059,209.089111328125,-998.23955761392,-1662.48932304778,"StriatedCaracara",10
11,0,8.9210319519043,0,13.4357776641846,29.6307239532471,0.738051354885101,8.06611251831055,21.5138931274414,22.3039321899414,-4.13398265838623,224.888442993164,-988.23955761392,-1662.48932304778,"StriatedCaracara",10
12,0,10.1757764816284,0,13.96799659729,31.8640842437744,1.88179636001587,7.90050983428955,18.1594982147217,23.4771881103516,-0.587164521217346,212.301528930664,-978.23955761392,-1662.48932304778,"StriatedCaracara",10
13,0,6.36746740341187,0,13.1710014343262,32.1208267211914,0.748302280902863,3.64352822303772,13.8047313690186,25.6511993408203,9.21268653869629,171.009002685547,-968.23955761392,-1662.48932304778,"StriatedCaracara",10
14,0,2.81928014755249,0,15.9914417266846,41.666145324707,1.79068446159363,3.44904756546021,11.1945934295654,16.7024612426758,4.20404767990112,127.518089294434,-958.23955761392,-1662.48932304778,"StriatedCaracara",10
15,0,4.47830867767334,0,18.9110069274902,49.8357925415039,0.295548796653748,0.425648510456085,2.95894575119019,4.18561744689941,-7.69397354125977,18.620138168335,-948.23955761392,-1662.48932304778,"StriatedCaracara",10
16,1,4.47830867767334,0,18.9110069274902,49.8357925415039,0.295548796653748,0.425648510456085,2.95894575119019,4.18561744689941,-7.69397354125977,18.620138168335,-938.23955761392,-1662.48932304778,"StriatedCaracara",10
17,1,5.2569432258606,0,16.0365142822266,25.8173484802246,3.06110095977783,13.2158536911011,12.6892166137695,12.4965362548828,-2.12379741668701,108.000259399414,-1008.23955761392,-1672.48932304778,"StriatedCaracara",10
18,0,6.9697151184082,0,13.2342109680176,25.7750110626221,0.945138931274414,8.55945491790771,19.1255226135254,20.9937438964844,8.14832019805908,174.423919677734,-998.23955761392,-1672.48932304778,"StriatedCaracara",10
19,0,6.23300886154175,0,13.1802549362183,27.8837623596191,1.28530836105347,5.83531475067139,19.9495239257812,20.3894882202148,4.44347333908081,209.948379516602,-988.23955761392,-1672.48932304778,"StriatedCaracara",10
20,1,2.67669343948364,0,16.3913249969482,36.3060913085938,1.61707186698914,9.69230079650879,11.1272945404053,13.9511432647705,-7.49301481246948,157.585906982422,-978.23955761392,-1672.48932304778,"StriatedCaracara",10
21,1,2.07281136512756,0,18.5660419464111,42.1520729064941,1.01961255073547,3.95170497894287,10.9044561386108,10.5567846298218,-10.7706613540649,76.3890838623047,-968.23955761392,-1672.48932304778,"StriatedCaracara",10
22,1,2.31869602203369,0,18.538761138916,45.667610168457,0.364985316991806,2.40435647964478,10.4126310348511,9.92724895477295,-7.6298131942749,63.5698890686035,-958.23955761392,-1672.48932304778,"StriatedCaracara",10
23,1,2.63576817512512,0,18.9830074310303,50.0003814697266,1.13795959949493,0.394976764917374,17.319803237915,27.5979137420654,-6.38161516189575,76.8556976318359,-948.23955761392,-1672.48932304778,"StriatedCaracara",10
24,1,2.63576817512512,0,18.9830074310303,50.0003814697266,1.13795959949493,0.394976764917374,17.319803237915,27.5979137420654,-6.38161516189575,76.8556976318359,-938.23955761392,-1672.48932304778,"StriatedCaracara",10
25,0,22.1623287200928,0,13.709771156311,21.5264453887939,2.64719796180725,11.392165184021,12.2101154327393,11.6657381057739,-13.4370040893555,235.456756591797,-1038.23955761392,-1682.48932304778,"StriatedCaracara",10
26,0,22.1623287200928,0,13.709771156311,21.5264453887939,2.64719796180725,11.392165184021,12.2101154327393,11.6657381057739,-13.4370040893555,235.456756591797,-1028.23955761392,-1682.48932304778,"StriatedCaracara",10
27,1,13.1824026107788,0,13.9930286407471,23.2502117156982,2.4379551410675,10.3484172821045,15.2225818634033,17.3791370391846,3.66979718208313,185.674453735352,-1018.23955761392,-1682.48932304778,"StriatedCaracara",10
28,1,5.05056428909302,0,17.0683727264404,27.0539016723633,5.98335742950439,14.6601963043213,9.26069164276123,7.73331260681152,-5.97361278533936,96.8803939819336,-1008.23955761392,-1682.48932304778,"StriatedCaracara",10
29,1,2.17074370384216,0,16.9657211303711,31.858003616333,2.43692445755005,10.0838575363159,6.78365182876587,12.5565624237061,-2.71411752700806,93.3795318603516,-998.23955761392,-1682.48932304778,"StriatedCaracara",10
30,0,2.44055891036987,0,16.8903770446777,32.9669380187988,0.58952808380127,6.03993225097656,9.62430000305176,10.3053693771362,-2.93036508560181,99.7156524658203,-988.23955761392,-1682.48932304778,"StriatedCaracara",10
31,1,1.98262369632721,0,16.0976715087891,33.5331993103027,2.06443023681641,4.40493249893188,23.8901405334473,18.3081493377686,-1.89904546737671,153.025238037109,-978.23955761392,-1682.48932304778,"StriatedCaracara",10
32,1,4.56349992752075,0,15.9468727111816,34.9819488525391,2.26225757598877,3.94894123077393,24.3092956542969,25.5187511444092,4.27788114547729,153.449813842773,-968.23955761392,-1682.48932304778,"StriatedCaracara",10
33,0,6.92371559143066,0,13.9398241043091,32.329963684082,2.97704577445984,3.30817151069641,17.5678749084473,26.201452255249,5.16403484344482,146.884780883789,-958.23955761392,-1682.48932304778,"StriatedCaracara",10
34,0,2.63576817512512,0,18.9830074310303,50.0003814697266,1.13795959949493,0.394976764917374,17.319803237915,27.5979137420654,-6.38161516189575,76.8556976318359,-948.23955761392,-1682.48932304778,"StriatedCaracara",10
35,0,21.2465839385986,0,13.8223638534546,22.6552619934082,3.03211164474487,8.10101890563965,15.0943222045898,15.505500793457,10.6981210708618,218.963043212891,-1038.23955761392,-1692.48932304778,"StriatedCaracara",10
36,1,21.2465839385986,0,13.8223638534546,22.6552619934082,3.03211164474487,8.10101890563965,15.0943222045898,15.505500793457,10.6981210708618,218.963043212891,-1028.23955761392,-1692.48932304778,"StriatedCaracara",10
37,1,11.8761854171753,0,14.3478384017944,24.2714424133301,3.38063383102417,8.78288841247559,16.9330348968506,23.6285190582275,8.48151779174805,171.702682495117,-1018.23955761392,-1692.48932304778,"StriatedCaracara",10
38,1,3.34618997573853,0,15.8539752960205,26.361967086792,2.7294282913208,11.3175392150879,13.7385730743408,12.4930238723755,5.41322135925293,130.507476806641,-1008.23955761392,-1692.48932304778,"StriatedCaracara",10
39,1,3.49112439155579,0,18.0147590637207,29.8953590393066,0.357966005802155,0.9899542927742,3.58688402175903,2.14775800704956,-1.08666443824768,8.860032081604,-998.23955761392,-1692.48932304778,"StriatedCaracara",10
40,1,2.19973230361938,0,17.6108341217041,31.2701110839844,2.91635465621948,14.5323543548584,15.0647802352905,7.99617099761963,-2.14839172363281,63.1418609619141,-988.23955761392,-1692.48932304778,"StriatedCaracara",10
41,1,5.26492977142334,0,13.2973985671997,23.1855621337891,1.63464021682739,6.60336542129517,16.9232406616211,18.5752372741699,7.53256750106812,198.951171875,-978.23955761392,-1692.48932304778,"StriatedCaracara",10
42,0,4.56349992752075,0,15.9468727111816,34.9819488525391,2.26225757598877,3.94894123077393,24.3092956542969,25.5187511444092,4.27788114547729,153.449813842773,-968.23955761392,-1692.48932304778,"StriatedCaracara",10
43,0,6.92371559143066,0,13.9398241043091,32.329963684082,2.97704577445984,3.30817151069641,17.5678749084473,26.201452255249,5.16403484344482,146.884780883789,-958.23955761392,-1692.48932304778,"StriatedCaracara",10
44,0,20.5009174346924,0,15.5603427886963,23.1681118011475,6.21365928649902,14.1834774017334,17.1978225708008,14.5909175872803,-9.21615791320801,150.801864624023,-1038.23955761392,-1702.48932304778,"StriatedCaracara",10
45,1,20.5009174346924,0,15.5603427886963,23.1681118011475,6.21365928649902,14.1834774017334,17.1978225708008,14.5909175872803,-9.21615791320801,150.801864624023,-1028.23955761392,-1702.48932304778,"StriatedCaracara",10
46,1,11.3986749649048,0,17.6370162963867,25.4270000457764,6.09943580627441,11.9145202636719,13.706615447998,12.0352392196655,-6.67010545730591,91.947883605957,-1018.23955761392,-1702.48932304778,"StriatedCaracara",10
47,1,4.18092155456543,0,18.0765838623047,26.7973880767822,0.579551696777344,2.69722318649292,4.32025957107544,3.30973982810974,-4.27652835845947,21.6075572967529,-1008.23955761392,-1702.48932304778,"StriatedCaracara",10
48,1,2.18855476379395,0,17.5701084136963,28.7425727844238,4.65705013275146,12.0345516204834,13.3050098419189,8.5592679977417,-1.73051357269287,56.1202850341797,-998.23955761392,-1702.48932304778,"StriatedCaracara",10
49,0,6.68598222732544,0,16.5978565216064,28.8900279998779,4.32671213150024,24.652645111084,12.9091081619263,9.59459018707275,0.235056161880493,96.2664260864258,-988.23955761392,-1702.48932304778,"StriatedCaracara",10
50,0,5.26492977142334,0,13.2973985671997,23.1855621337891,1.63464021682739,6.60336542129517,16.9232406616211,18.5752372741699,7.53256750106812,198.951171875,-978.23955761392,-1702.48932304778,"StriatedCaracara",10
51,0,17.7804317474365,0,11.9708423614502,18.4688835144043,7.08299922943115,4.47901105880737,16.4146251678467,8.76235771179199,14.5991220474243,217.367706298828,-1038.23955761392,-1712.48932304778,"StriatedCaracara",10
52,0,17.7804317474365,0,11.9708423614502,18.4688835144043,7.08299922943115,4.47901105880737,16.4146251678467,8.76235771179199,14.5991220474243,217.367706298828,-1028.23955761392,-1712.48932304778,"StriatedCaracara",10
53,1,8.95308208465576,0,16.9002647399902,23.7806739807129,4.45648002624512,13.3174266815186,11.3159437179565,9.72700214385986,-1.98134732246399,118.159515380859,-1018.23955761392,-1712.48932304778,"StriatedCaracara",10
54,1,2.63224411010742,0,17.2149314880371,25.3726768493652,4.23264074325562,18.0717792510986,16.2702732086182,6.14955759048462,1.29751205444336,92.3920364379883,-1008.23955761392,-1712.48932304778,"StriatedCaracara",10
55,1,5.96946096420288,0,15.2342100143433,24.7643184661865,2.32757163047791,25.2518863677979,11.4277267456055,8.05658531188965,-0.248253136873245,92.8139572143555,-998.23955761392,-1712.48932304778,"StriatedCaracara",10
56,0,12.48557472229,0,14.7982549667358,25.6701793670654,2.03985619544983,24.6341743469238,13.565224647522,11.0452756881714,3.16879367828369,94.089599609375,-988.23955761392,-1712.48932304778,"StriatedCaracara",10
57,0,8.31254005432129,0,15.4488229751587,26.5522022247314,1.2827889919281,15.8459215164185,18.776762008667,16.1444797515869,2.86167812347412,118.125152587891,-978.23955761392,-1712.48932304778,"StriatedCaracara",10
58,0,99.228759765625,0,16.0558376312256,8.91187477111816,1.11338484287262,6.91473627090454,5.78813219070435,4.43618583679199,-0.768460750579834,6.8540415763855,-1128.23955761392,-1722.48932304778,"StriatedCaracara",10
59,0,99.228759765625,0,16.0558376312256,8.91187477111816,1.11338484287262,6.91473627090454,5.78813219070435,4.43618583679199,-0.768460750579834,6.8540415763855,-1118.23955761392,-1722.48932304778,"StriatedCaracara",10
60,0,15.5702619552612,0,12.8582448959351,19.0068511962891,5.0931568145752,5.30167531967163,16.5443077087402,14.1147432327271,4.88712739944458,202.369354248047,-1038.23955761392,-1722.48932304778,"StriatedCaracara",10
61,0,15.5702619552612,0,12.8582448959351,19.0068511962891,5.0931568145752,5.30167531967163,16.5443077087402,14.1147432327271,4.88712739944458,202.369354248047,-1028.23955761392,-1722.48932304778,"StriatedCaracara",10
62,0,6.62057590484619,0,17.1625385284424,23.053825378418,2.9114625453949,9.08765697479248,11.3488149642944,11.6060256958008,-6.37628555297852,108.507301330566,-1018.23955761392,-1722.48932304778,"StriatedCaracara",10
63,1,3.04976654052734,0,15.081919670105,22.6948719024658,2.39355874061584,13.7923612594604,21.6607284545898,17.4258079528809,1.6156690120697,111.993545532227,-1008.23955761392,-1722.48932304778,"StriatedCaracara",10
64,1,10.5852785110474,0,14.1862726211548,22.5875587463379,2.84891486167908,17.5015525817871,15.0821847915649,13.7081451416016,-2.69308376312256,94.0943069458008,-998.23955761392,-1722.48932304778,"StriatedCaracara",10
65,0,12.114351272583,0,14.7928810119629,24.5632209777832,1.27721118927002,24.2859649658203,11.8764629364014,11.549036026001,-0.747279286384583,89.4081420898438,-988.23955761392,-1722.48932304778,"StriatedCaracara",10
66,0,8.31254005432129,0,15.4488229751587,26.5522022247314,1.2827889919281,15.8459215164185,18.776762008667,16.1444797515869,2.86167812347412,118.125152587891,-978.23955761392,-1722.48932304778,"StriatedCaracara",10
67,1,7.42660570144653,0,15.0537614822388,26.3837852478027,2.47826194763184,4.77371883392334,16.0976982116699,34.0943450927734,2.07280683517456,170.160491943359,-968.23955761392,-1722.48932304778,"StriatedCaracara",10
68,1,10.6779308319092,0,13.8883037567139,23.3978805541992,1.78597581386566,1.67830610275269,15.619987487793,35.0998916625977,3.24393963813782,183.96223449707,-958.23955761392,-1722.48932304778,"StriatedCaracara",10
69,0,5.27077865600586,0,14.4410037994385,25.9418144226074,1.61274337768555,1.51998853683472,14.0144109725952,36.2919578552246,8.40364074707031,174.271453857422,-948.23955761392,-1722.48932304778,"StriatedCaracara",10
70,0,2.87288498878479,0,15.9923658370972,27.2338390350342,3.36788415908813,2.58060693740845,10.6504783630371,38.3398361206055,-2.38101387023926,94.2989959716797,-938.23955761392,-1722.48932304778,"StriatedCaracara",10
71,0,99.228759765625,0,16.0558376312256,8.91187477111816,1.11338484287262,6.91473627090454,5.78813219070435,4.43618583679199,-0.768460750579834,6.8540415763855,-1118.23955761392,-1732.48932304778,"StriatedCaracara",10
72,0,90.4160614013672,0,15.7868013381958,8.55202865600586,0.719712257385254,17.5594081878662,5.90479850769043,13.5480175018311,-0.454006671905518,78.1021957397461,-1108.23955761392,-1732.48932304778,"StriatedCaracara",10
73,0,80.9109649658203,0,15.8011074066162,8.26290512084961,0.403646111488342,13.0813941955566,17.2280445098877,13.9517812728882,-6.57000875473022,114.999969482422,-1098.23955761392,-1732.48932304778,"StriatedCaracara",10
74,0,71.3585968017578,0,13.5423583984375,8.23958015441895,1.03011763095856,2.84246182441711,19.0078029632568,2.93732714653015,3.25072908401489,136.969528198242,-1088.23955761392,-1732.48932304778,"StriatedCaracara",10
75,0,14.3592672348022,0,13.7073287963867,18.3334655761719,3.46442699432373,8.96771812438965,19.1106414794922,8.59961605072021,-5.20843410491943,193.969696044922,-1038.23955761392,-1732.48932304778,"StriatedCaracara",10
76,0,14.3592672348022,0,13.7073287963867,18.3334655761719,3.46442699432373,8.96771812438965,19.1106414794922,8.59961605072021,-5.20843410491943,193.969696044922,-1028.23955761392,-1732.48932304778,"StriatedCaracara",10
77,1,5.38186359405518,0,15.1323337554932,21.2956581115723,2.85492372512817,15.3043632507324,20.9468994140625,11.5281209945679,5.22599697113037,177.44905090332,-1018.23955761392,-1732.48932304778,"StriatedCaracara",10
78,0,3.31396698951721,0,15.8348541259766,22.8433151245117,3.31786227226257,19.2034664154053,13.63330078125,15.8321962356567,0.436080604791641,115.13410949707,-1008.23955761392,-1732.48932304778,"StriatedCaracara",10
79,1,6.2804594039917,0,15.2854776382446,24.2062911987305,1.07858490943909,11.0764856338501,20.4685382843018,18.522741317749,10.449330329895,126.593521118164,-998.23955761392,-1732.48932304778,"StriatedCaracara",10
80,1,4.37683153152466,0,17.6304798126221,29.3901023864746,3.6627881526947,12.9109001159668,20.171459197998,16.6459922790527,1.48378467559814,103.136909484863,-988.23955761392,-1732.48932304778,"StriatedCaracara",10
81,1,2.53740930557251,0,18.3026237487793,30.3538494110107,4.18591737747192,6.26958274841309,23.0978927612305,23.9408874511719,-7.28709983825684,90.4910583496094,-978.23955761392,-1732.48932304778,"StriatedCaracara",10
82,1,2.69377112388611,0,17.1714172363281,28.9255180358887,4.01288461685181,6.38531732559204,19.2131786346436,28.5996646881104,-3.19163942337036,143.349822998047,-968.23955761392,-1732.48932304778,"StriatedCaracara",10
83,1,2.77217507362366,0,17.0428600311279,30.7604160308838,3.69018650054932,4.73542308807373,18.9147491455078,33.2378082275391,-10.0135984420776,173.952606201172,-958.23955761392,-1732.48932304778,"StriatedCaracara",10
84,0,5.27077865600586,0,14.4410037994385,25.9418144226074,1.61274337768555,1.51998853683472,14.0144109725952,36.2919578552246,8.40364074707031,174.271453857422,-948.23955761392,-1732.48932304778,"StriatedCaracara",10
85,1,2.87288498878479,0,15.9923658370972,27.2338390350342,3.36788415908813,2.58060693740845,10.6504783630371,38.3398361206055,-2.38101387023926,94.2989959716797,-938.23955761392,-1732.48932304778,"StriatedCaracara",10
86,0,112.406799316406,0,13.641206741333,8.5507755279541,1.70098388195038,27.7099056243896,6.51170587539673,6.22640085220337,6.34387302398682,70.4283676147461,-1148.23955761392,-1742.48932304778,"StriatedCaracara",10
87,0,112.406799316406,0,13.641206741333,8.5507755279541,1.70098388195038,27.7099056243896,6.51170587539673,6.22640085220337,6.34387302398682,70.4283676147461,-1138.23955761392,-1742.48932304778,"StriatedCaracara",10
88,0,96.8412322998047,0,15.2561149597168,8.50167751312256,0.275816738605499,21.8188877105713,2.52079963684082,12.701189994812,2.71697664260864,63.4026260375977,-1128.23955761392,-1742.48932304778,"StriatedCaracara",10
89,0,96.8412322998047,0,15.2561149597168,8.50167751312256,0.275816738605499,21.8188877105713,2.52079963684082,12.701189994812,2.71697664260864,63.4026260375977,-1118.23955761392,-1742.48932304778,"StriatedCaracara",10
90,0,88.6621322631836,0,15.0295629501343,8.77862071990967,1.28182399272919,16.1897163391113,13.7552862167358,7.21589088439941,-4.1766152381897,108.64559173584,-1108.23955761392,-1742.48932304778,"StriatedCaracara",10
91,0,80.2045440673828,0,14.2944498062134,8.29615879058838,0.252633601427078,2.48415207862854,42.1357116699219,3.35887622833252,-1.96354961395264,166.586074829102,-1098.23955761392,-1742.48932304778,"StriatedCaracara",10
92,0,80.2045440673828,0,14.2944498062134,8.29615879058838,0.252633601427078,2.48415207862854,42.1357116699219,3.35887622833252,-1.96354961395264,166.586074829102,-1088.23955761392,-1742.48932304778,"StriatedCaracara",10
93,0,14.3592672348022,0,13.7073287963867,18.3334655761719,3.46442699432373,8.96771812438965,19.1106414794922,8.59961605072021,-5.20843410491943,193.969696044922,-1038.23955761392,-1742.48932304778,"StriatedCaracara",10
94,0,9.57128620147705,0,16.4977321624756,22.7115821838379,7.03890991210938,15.6012945175171,18.9017200469971,14.081244468689,-3.28617525100708,143.530838012695,-1028.23955761392,-1742.48932304778,"StriatedCaracara",10
95,1,9.57128620147705,0,16.4977321624756,22.7115821838379,7.03890991210938,15.6012945175171,18.9017200469971,14.081244468689,-3.28617525100708,143.530838012695,-1018.23955761392,-1742.48932304778,"StriatedCaracara",10
96,1,3.60932803153992,0,17.6192054748535,24.5064926147461,11.0459671020508,11.8409175872803,19.4923610687256,13.1703863143921,-2.47833657264709,103.484222412109,-1008.23955761392,-1742.48932304778,"StriatedCaracara",10
97,1,2.06404328346252,0,18.1433296203613,27.536319732666,4.25400733947754,11.2563247680664,22.2421112060547,17.6989803314209,-4.02681350708008,112.647247314453,-998.23955761392,-1742.48932304778,"StriatedCaracara",10
98,1,3.93611669540405,0,16.4603595733643,25.6903190612793,4.64950799942017,17.9714241027832,13.0568332672119,13.2246465682983,7.87306261062622,109.76220703125,-988.23955761392,-1742.48932304778,"StriatedCaracara",10
99,1,6.34183216094971,0,17.9542217254639,29.4965209960938,2.52675938606262,11.7361068725586,13.7062482833862,15.4255857467651,0.58458536863327,100.962394714355,-978.23955761392,-1742.48932304778,"StriatedCaracara",10
100,1,5.58608818054199,0,18.9988975524902,34.8684616088867,0.567610800266266,4.25398445129395,7.30610513687134,13.9352474212646,-8.70810794830322,73.1903533935547,-968.23955761392,-1742.48932304778,"StriatedCaracara",10
101,1,2.47311496734619,0,18.7657890319824,33.810977935791,0.544261395931244,2.88853001594543,12.5926151275635,20.8286533355713,-2.47801971435547,105.04744720459,-958.23955761392,-1742.48932304778,"StriatedCaracara",10
102,1,3.21362137794495,0,17.6759605407715,32.2421226501465,5.70772075653076,3.33306765556335,22.09596824646,22.2916107177734,2.37328386306763,134.001815795898,-948.23955761392,-1742.48932304778,"StriatedCaracara",10
103,1,1.5766988992691,0,18.5635108947754,30.477466583252,1.72701525688171,1.70970356464386,19.2666893005371,33.5744743347168,0.117195844650269,48.3294525146484,-938.23955761392,-1742.48932304778,"StriatedCaracara",10
104,0,111.16487121582,0,15.6004657745361,8.22655868530273,0.163307756185532,17.0246753692627,0.765829503536224,10.0754890441895,-1.73068344593048,28.4569339752197,-1148.23955761392,-1752.48932304778,"StriatedCaracara",10
105,0,111.16487121582,0,15.6004657745361,8.22655868530273,0.163307756185532,17.0246753692627,0.765829503536224,10.0754890441895,-1.73068344593048,28.4569339752197,-1138.23955761392,-1752.48932304778,"StriatedCaracara",10
106,0,92.1441345214844,0,15.6280698776245,8.25683689117432,0.0896258428692818,5.35207080841064,7.55174684524536,13.47252368927,-4.14768409729004,37.2317390441895,-1128.23955761392,-1752.48932304778,"StriatedCaracara",10
107,0,92.1441345214844,0,15.6280698776245,8.25683689117432,0.0896258428692818,5.35207080841064,7.55174684524536,13.47252368927,-4.14768409729004,37.2317390441895,-1118.23955761392,-1752.48932304778,"StriatedCaracara",10
108,0,83.7240371704102,0,14.7406330108643,9.31729221343994,1.24788236618042,7.0092568397522,29.6555862426758,8.37258434295654,3.06118154525757,146.999435424805,-1108.23955761392,-1752.48932304778,"StriatedCaracara",10
109,0,75.2442932128906,0,13.9233665466309,8.85453510284424,0.386921435594559,3.14565443992615,33.3475723266602,7.18396949768066,9.05560874938965,200.909576416016,-1098.23955761392,-1752.48932304778,"StriatedCaracara",10
110,0,75.2442932128906,0,13.9233665466309,8.85453510284424,0.386921435594559,3.14565443992615,33.3475723266602,7.18396949768066,9.05560874938965,200.909576416016,-1088.23955761392,-1752.48932304778,"StriatedCaracara",10
111,0,11.101583480835,0,16.1945819854736,21.877405166626,4.04306173324585,24.167781829834,11.5432252883911,6.33573341369629,3.05553340911865,107.137428283691,-1018.23955761392,-1752.48932304778,"StriatedCaracara",10
112,0,7.62069129943848,0,17.1310386657715,24.9672470092773,5.22501420974731,23.2578735351562,9.711181640625,11.1180276870728,3.76113677024841,97.2997055053711,-1008.23955761392,-1752.48932304778,"StriatedCaracara",10
113,1,2.40990495681763,0,19.1034908294678,29.3088798522949,5.49791049957275,14.3635702133179,16.0678749084473,12.2718906402588,-2.15910744667053,89.4732818603516,-998.23955761392,-1752.48932304778,"StriatedCaracara",10
114,1,3.58171224594116,0,18.9960098266602,31.008394241333,3.08661103248596,9.44171524047852,16.5185852050781,14.7014627456665,-9.22933292388916,85.5369491577148,-988.23955761392,-1752.48932304778,"StriatedCaracara",10
115,1,2.51427364349365,0,17.149715423584,27.5957641601562,2.05838632583618,5.17036914825439,23.7475738525391,22.873420715332,-2.76853513717651,125.984428405762,-978.23955761392,-1752.48932304778,"StriatedCaracara",10
116,0,2.81024742126465,0,16.3198680877686,26.0428352355957,1.84965240955353,4.12117958068848,21.9166622161865,25.8323440551758,4.59347724914551,148.81672668457,-968.23955761392,-1752.48932304778,"StriatedCaracara",10
117,0,1.88179194927216,0,17.709566116333,28.8819465637207,3.00882029533386,4.32130479812622,22.1711196899414,22.214427947998,-2.66372632980347,121.158004760742,-958.23955761392,-1752.48932304778,"StriatedCaracara",10
118,1,2.99948930740356,0,19.2339668273926,34.353645324707,2.20916891098022,1.40355789661407,14.6321678161621,10.9150285720825,-7.13935565948486,65.1209259033203,-948.23955761392,-1752.48932304778,"StriatedCaracara",10
119,0,2.28073883056641,0,19.4994297027588,32.1674652099609,0.556254982948303,0.0841697081923485,25.0393371582031,25.5284614562988,-0.480123519897461,40.1829948425293,-938.23955761392,-1752.48932304778,"StriatedCaracara",10
120,0,97.1508865356445,0,14.9315004348755,8.3993034362793,0.150547906756401,5.85201835632324,17.5512294769287,13.6354370117188,2.03657388687134,65.3364715576172,-1138.23955761392,-1762.48932304778,"StriatedCaracara",10
121,0,97.1508865356445,0,14.9315004348755,8.3993034362793,0.150547906756401,5.85201835632324,17.5512294769287,13.6354370117188,2.03657388687134,65.3364715576172,-1128.23955761392,-1762.48932304778,"StriatedCaracara",10
122,0,88.4984970092773,0,14.5182151794434,8.89977264404297,1.14116978645325,6.12063646316528,27.4117698669434,11.3363313674927,0.303276002407074,151.389541625977,-1118.23955761392,-1762.48932304778,"StriatedCaracara",10
123,0,79.5486297607422,0,14.1939544677734,9.47292327880859,1.35430192947388,4.40792751312256,35.847095489502,11.5897569656372,-1.55258703231812,185.927886962891,-1108.23955761392,-1762.48932304778,"StriatedCaracara",10
124,0,70.6038513183594,0,13.9418487548828,9.40572261810303,1.25203740596771,1.1585373878479,30.4339008331299,3.59394550323486,3.00671029090881,203.134902954102,-1098.23955761392,-1762.48932304778,"StriatedCaracara",10
125,0,70.6038513183594,0,13.9418487548828,9.40572261810303,1.25203740596771,1.1585373878479,30.4339008331299,3.59394550323486,3.00671029090881,203.134902954102,-1088.23955761392,-1762.48932304778,"StriatedCaracara",10
126,0,13.4883079528809,0,16.6747722625732,19.4305686950684,3.04065918922424,16.7050762176514,21.5644912719727,15.6534633636475,-16.7979583740234,178.090469360352,-1038.23955761392,-1762.48932304778,"StriatedCaracara",10
127,0,13.4883079528809,0,16.6747722625732,19.4305686950684,3.04065918922424,16.7050762176514,21.5644912719727,15.6534633636475,-16.7979583740234,178.090469360352,-1028.23955761392,-1762.48932304778,"StriatedCaracara",10
128,1,5.06591176986694,0,18.4683704376221,22.544132232666,3.89392018318176,22.6478424072266,14.6767978668213,8.35960292816162,-5.90515089035034,87.5525741577148,-1018.23955761392,-1762.48932304778,"StriatedCaracara",10
129,0,2.24885582923889,0,18.7002086639404,25.075159072876,7.24061298370361,18.6881294250488,15.7332820892334,10.8830080032349,1.06169712543488,70.5786056518555,-1008.23955761392,-1762.48932304778,"StriatedCaracara",10
130,1,2.72377157211304,0,18.8470916748047,27.4633026123047,4.79097366333008,15.4981641769409,20.1990833282471,10.9897689819336,-3.95804619789124,63.7997550964355,-998.23955761392,-1762.48932304778,"StriatedCaracara",10
131,0,3.52837109565735,0,15.158860206604,21.3973140716553,1.84810328483582,8.48115062713623,20.3038520812988,18.595386505127,6.22930812835693,148.11328125,-988.23955761392,-1762.48932304778,"StriatedCaracara",10
132,0,5.68273210525513,0,14.7775611877441,22.1776428222656,3.01713848114014,10.7440242767334,13.316689491272,19.9099159240723,2.59383273124695,156.914459228516,-978.23955761392,-1762.48932304778,"StriatedCaracara",10
133,1,3.69694113731384,0,16.0454998016357,24.4200325012207,1.31687319278717,7.87604141235352,14.7543201446533,21.4721298217773,-4.57960987091064,132.339401245117,-968.23955761392,-1762.48932304778,"StriatedCaracara",10
134,0,2.86916017532349,0,14.0187845230103,22.8247871398926,2.32725048065186,2.96534085273743,23.9644775390625,22.9764862060547,2.74980640411377,160.547241210938,-958.23955761392,-1762.48932304778,"StriatedCaracara",10
135,0,3.3902440071106,0,16.2707099914551,27.6671295166016,5.60463809967041,1.62827527523041,28.4898948669434,20.1633968353271,16.7727127075195,169.860015869141,-948.23955761392,-1762.48932304778,"StriatedCaracara",10
136,0,2.28073883056641,0,19.4994297027588,32.1674652099609,0.556254982948303,0.0841697081923485,25.0393371582031,25.5284614562988,-0.480123519897461,40.1829948425293,-938.23955761392,-1762.48932304778,"StriatedCaracara",10
137,0,103.328239440918,0,15.6339912414551,7.9658727645874,0.191767230629921,13.8817739486694,4.419677734375,12.1544933319092,-4.46845960617065,20.0742530822754,-1138.23955761392,-1772.48932304778,"StriatedCaracara",10
138,0,95.3428192138672,0,14.4416522979736,8.37166881561279,1.29394197463989,11.3579168319702,18.0557460784912,22.5175914764404,-0.692144930362701,124.710342407227,-1128.23955761392,-1772.48932304778,"StriatedCaracara",10
139,0,85.9330902099609,0,14.3760051727295,8.86559581756592,1.0023421049118,6.48411703109741,29.4814281463623,20.4755840301514,-4.43383502960205,213.873428344727,-1118.23955761392,-1772.48932304778,"StriatedCaracara",10
140,0,76.5960693359375,0,14.0477180480957,9.18380546569824,0.704169392585754,4.62612533569336,33.7640571594238,8.83204555511475,2.05291223526001,196.551223754883,-1108.23955761392,-1772.48932304778,"StriatedCaracara",10
141,0,67.2931289672852,0,13.3809490203857,9.16973686218262,0.389211058616638,3.1462926864624,28.5653285980225,2.57423686981201,1.11492085456848,220.168563842773,-1098.23955761392,-1772.48932304778,"StriatedCaracara",10
142,0,67.2931289672852,0,13.3809490203857,9.16973686218262,0.389211058616638,3.1462926864624,28.5653285980225,2.57423686981201,1.11492085456848,220.168563842773,-1088.23955761392,-1772.48932304778,"StriatedCaracara",10
143,0,18.5232372283936,0,14.4093255996704,11.9694967269897,1.96042656898499,8.46827983856201,19.7895488739014,8.3474006652832,-7.63876819610596,237.492416381836,-1048.23955761392,-1772.48932304778,"StriatedCaracara",10
144,0,16.5443172454834,0,13.1414966583252,13.8121128082275,3.96410322189331,7.06390571594238,19.3694229125977,4.91679191589355,6.21916580200195,216.857971191406,-1038.23955761392,-1772.48932304778,"StriatedCaracara",10
145,0,8.6744384765625,0,12.5025691986084,14.0479822158813,7.11521863937378,2.3557391166687,22.1776275634766,3.78948497772217,13.7943544387817,217.760772705078,-1028.23955761392,-1772.48932304778,"StriatedCaracara",10
146,1,2.59071731567383,0,17.3029499053955,19.6055812835693,1.98173236846924,18.3074779510498,10.2620067596436,12.3812808990479,1.19139659404755,141.156784057617,-1018.23955761392,-1772.48932304778,"StriatedCaracara",10
147,0,6.48228979110718,0,17.3582229614258,21.5062065124512,0.936587452888489,20.1795310974121,13.0028076171875,10.8279037475586,-0.12725830078125,86.6255416870117,-1008.23955761392,-1772.48932304778,"StriatedCaracara",10
148,0,5.82958459854126,0,15.3648672103882,20.2521209716797,3.07737231254578,15.9444828033447,19.2216739654541,11.951319694519,3.1595938205719,125.30884552002,-998.23955761392,-1772.48932304778,"StriatedCaracara",10
149,0,2.54290747642517,0,16.462833404541,23.1543312072754,3.47452902793884,16.2167472839355,13.5226078033447,17.7502021789551,-4.29452800750732,139.82177734375,-988.23955761392,-1772.48932304778,"StriatedCaracara",10
150,0,2.02396726608276,0,16.8038806915283,23.3215618133545,4.04108667373657,6.96868801116943,23.5817108154297,19.6981811523438,-8.75361919403076,122.900802612305,-978.23955761392,-1772.48932304778,"StriatedCaracara",10
151,1,2.04727458953857,0,16.3278923034668,23.6777229309082,3.6406831741333,7.85677003860474,23.5556488037109,21.3311958312988,1.53300988674164,123.544281005859,-968.23955761392,-1772.48932304778,"StriatedCaracara",10
152,1,2.59474897384644,0,15.3347625732422,24.6052589416504,4.24994516372681,4.35817098617554,20.0672874450684,27.9655075073242,-1.89007306098938,173.498962402344,-958.23955761392,-1772.48932304778,"StriatedCaracara",10
153,0,2.85551953315735,0,15.7693939208984,26.180778503418,4.1006031036377,1.47853434085846,29.2407684326172,26.4638538360596,-6.65227699279785,167.658737182617,-948.23955761392,-1772.48932304778,"StriatedCaracara",10
154,0,103.328239440918,0,15.6339912414551,7.9658727645874,0.191767230629921,13.8817739486694,4.419677734375,12.1544933319092,-4.46845960617065,20.0742530822754,-1148.23955761392,-1782.48932304778,"StriatedCaracara",10
155,0,103.328239440918,0,15.6339912414551,7.9658727645874,0.191767230629921,13.8817739486694,4.419677734375,12.1544933319092,-4.46845960617065,20.0742530822754,-1138.23955761392,-1782.48932304778,"StriatedCaracara",10
156,0,93.9884948730469,0,14.2943458557129,7.97309732437134,1.84465408325195,13.7633476257324,11.4752750396729,19.6283836364746,3.95010805130005,157.375762939453,-1128.23955761392,-1782.48932304778,"StriatedCaracara",10
157,0,84.4746780395508,0,14.0447635650635,8.07743072509766,1.00239336490631,5.00018692016602,24.349006652832,16.0402240753174,0.907547771930695,164.194213867188,-1118.23955761392,-1782.48932304778,"StriatedCaracara",10
158,0,74.9672698974609,0,13.8955345153809,7.79491472244263,0.088684618473053,2.06676340103149,28.5518493652344,9.5255126953125,-0.913106918334961,215.283279418945,-1108.23955761392,-1782.48932304778,"StriatedCaracara",10
159,0,65.4685516357422,0,13.5297040939331,7.82906723022461,0.415549099445343,4.70393753051758,25.3260307312012,5.79271078109741,1.48830616474152,238.539764404297,-1098.23955761392,-1782.48932304778,"StriatedCaracara",10
160,0,55.9823455810547,0,13.0268383026123,8.23968696594238,1.97144019603729,2.43133115768433,20.2372264862061,4.25167894363403,-4.78826570510864,218.029525756836,-1088.23955761392,-1782.48932304778,"StriatedCaracara",10
161,0,46.5162925720215,0,14.1794528961182,8.14754104614258,1.52864956855774,2.17761278152466,17.6728477478027,11.0152254104614,3.24704718589783,117.612518310547,-1078.23955761392,-1782.48932304778,"StriatedCaracara",10
162,0,46.5162925720215,0,14.1794528961182,8.14754104614258,1.52864956855774,2.17761278152466,17.6728477478027,11.0152254104614,3.24704718589783,117.612518310547,-1068.23955761392,-1782.48932304778,"StriatedCaracara",10
163,0,18.5232372283936,0,14.4093255996704,11.9694967269897,1.96042656898499,8.46827983856201,19.7895488739014,8.3474006652832,-7.63876819610596,237.492416381836,-1048.23955761392,-1782.48932304778,"StriatedCaracara",10
164,0,9.98597526550293,0,13.4284811019897,13.1623458862305,2.95953893661499,4.89190578460693,16.5611801147461,8.62552547454834,8.20606899261475,236.065216064453,-1038.23955761392,-1782.48932304778,"StriatedCaracara",10
165,1,3.97513461112976,0,14.7163343429565,14.8721399307251,2.5044629573822,10.3284845352173,16.6781101226807,15.0064859390259,-3.13272833824158,227.313110351562,-1028.23955761392,-1782.48932304778,"StriatedCaracara",10
166,1,1.81630957126617,0,16.3303337097168,17.4551830291748,3.09125328063965,16.9001560211182,16.197624206543,9.69174289703369,-4.6038236618042,171.610778808594,-1018.23955761392,-1782.48932304778,"StriatedCaracara",10
167,0,6.55562973022461,0,15.58371925354,18.7333374023438,3.25812578201294,14.8985986709595,14.5493154525757,16.2965259552002,0.111232757568359,169.935791015625,-1008.23955761392,-1782.48932304778,"StriatedCaracara",10
168,0,9.84963321685791,0,14.0917797088623,17.8696441650391,2.16984391212463,7.81352472305298,19.6593399047852,19.4916839599609,4.1903076171875,151.52555847168,-998.23955761392,-1782.48932304778,"StriatedCaracara",10
169,0,6.01090002059937,0,15.1265726089478,19.5096664428711,4.43642234802246,8.66654777526855,20.6918315887451,19.4126968383789,-0.951732754707336,173.884567260742,-988.23955761392,-1782.48932304778,"StriatedCaracara",10
170,1,6.81290483474731,0,12.053394317627,19.2060012817383,2.02853989601135,0.807436287403107,15.0592737197876,7.11462688446045,9.74410152435303,205.987426757812,-978.23955761392,-1782.48932304778,"StriatedCaracara",10
171,1,5.41256809234619,0,10.9660654067993,20.9524402618408,4.87947273254395,0.989763498306274,25.1809043884277,10.4051189422607,1.53385472297668,217.826232910156,-968.23955761392,-1782.48932304778,"StriatedCaracara",10
172,0,6.84675884246826,0,12.7210607528687,22.0186729431152,2.14468812942505,2.43257784843445,20.5428047180176,25.3920726776123,4.11070108413696,168.689727783203,-958.23955761392,-1782.48932304778,"StriatedCaracara",10
173,0,2.85551953315735,0,15.7693939208984,26.180778503418,4.1006031036377,1.47853434085846,29.2407684326172,26.4638538360596,-6.65227699279785,167.658737182617,-948.23955761392,-1782.48932304778,"StriatedCaracara",10
174,0,113.225975036621,0,14.8370494842529,7.43407011032104,0.0952353999018669,12.611743927002,3.35694670677185,10.077130317688,0.677315056324005,36.292839050293,-1148.23955761392,-1792.48932304778,"StriatedCaracara",10
175,0,104.190208435059,0,14.4372711181641,7.37890815734863,1.30339252948761,15.5538454055786,9.17806720733643,18.1071434020996,4.74259090423584,118.882789611816,-1138.23955761392,-1792.48932304778,"StriatedCaracara",10
176,0,93.6926956176758,0,14.6637907028198,7.40396547317505,0.567313015460968,7.70965766906738,10.583701133728,15.1614971160889,3.82039356231689,111.820236206055,-1128.23955761392,-1792.48932304778,"StriatedCaracara",10
177,0,84.3074340820312,0,14.0938787460327,7.42272853851318,1.6692943572998,11.476749420166,14.5697574615479,19.8557510375977,5.62271022796631,182.940170288086,-1118.23955761392,-1792.48932304778,"StriatedCaracara",10
178,0,74.7134628295898,0,13.9264326095581,7.47511196136475,1.11574840545654,11.9436435699463,15.1124086380005,16.1788711547852,-1.21349704265594,177.498397827148,-1108.23955761392,-1792.48932304778,"StriatedCaracara",10
179,0,65.3108978271484,0,13.7830371856689,7.90033388137817,0.546287536621094,4.57073497772217,20.3098106384277,10.2702703475952,2.42036843299866,217.019790649414,-1098.23955761392,-1792.48932304778,"StriatedCaracara",10
180,0,55.9092483520508,0,13.5152568817139,8.29703903198242,1.52060377597809,5.83232402801514,27.7527160644531,4.11609649658203,7.99567270278931,217.449996948242,-1088.23955761392,-1792.48932304778,"StriatedCaracara",10
181,0,46.1918907165527,0,16.248384475708,8.12502288818359,2.38829255104065,11.3986473083496,19.738862991333,10.9456691741943,-8.35306644439697,106.386734008789,-1078.23955761392,-1792.48932304778,"StriatedCaracara",10
182,0,46.1918907165527,0,16.248384475708,8.12502288818359,2.38829255104065,11.3986473083496,19.738862991333,10.9456691741943,-8.35306644439697,106.386734008789,-1068.23955761392,-1792.48932304778,"StriatedCaracara",10
183,0,23.638744354248,0,14.0851764678955,11.0631580352783,1.5276882648468,10.6153402328491,14.7511215209961,3.13372802734375,-4.22713565826416,237.642059326172,-1048.23955761392,-1792.48932304778,"StriatedCaracara",10
184,0,10.1851396560669,0,14.376503944397,12.5215244293213,1.81783282756805,7.31531286239624,25.44970703125,6.45074129104614,0.581174969673157,184.926651000977,-1038.23955761392,-1792.48932304778,"StriatedCaracara",10
185,0,6.36129379272461,0,16.7368583679199,14.4838571548462,1.97956001758575,15.2259197235107,14.759895324707,14.4369297027588,4.17919254302979,154.737014770508,-1028.23955761392,-1792.48932304778,"StriatedCaracara",10
186,0,5.53732395172119,0,16.0649833679199,15.3998804092407,2.34502673149109,25.1110725402832,8.70559406280518,12.121166229248,0.674521863460541,161.096633911133,-1018.23955761392,-1792.48932304778,"StriatedCaracara",10
187,0,3.44174075126648,0,15.5954275131226,17.031270980835,2.43580770492554,11.4501247406006,15.9425086975098,16.1511821746826,-0.200462937355042,171.711639404297,-1008.23955761392,-1792.48932304778,"StriatedCaracara",10
188,0,9.96371459960938,0,13.5606956481934,16.5806121826172,1.70914280414581,6.55111122131348,19.5729084014893,11.710186958313,-5.98073053359985,153.637344360352,-998.23955761392,-1792.48932304778,"StriatedCaracara",10
189,1,11.1169900894165,0,13.6642332077026,18.4600582122803,1.78651642799377,6.92520761489868,13.9142684936523,11.3774785995483,3.66109275817871,166.727310180664,-988.23955761392,-1792.48932304778,"StriatedCaracara",10
190,1,13.5411882400513,0,13.0743494033813,21.1334781646729,1.50359201431274,3.64240980148315,14.8989486694336,10.4391450881958,-11.8263912200928,204.276870727539,-978.23955761392,-1792.48932304778,"StriatedCaracara",10
191,0,15.3213167190552,0,10.4498262405396,21.9813251495361,1.4867559671402,0.537326276302338,17.5854682922363,9.04932880401611,5.02893972396851,227.010299682617,-968.23955761392,-1792.48932304778,"StriatedCaracara",10
192,1,15.2544975280762,0,13.6897277832031,24.0567874908447,2.86429357528687,4.04742574691772,21.6643562316895,30.4529457092285,-0.321283996105194,157.170715332031,-958.23955761392,-1792.48932304778,"StriatedCaracara",10
193,0,15.2544975280762,0,13.6897277832031,24.0567874908447,2.86429357528687,4.04742574691772,21.6643562316895,30.4529457092285,-0.321283996105194,157.170715332031,-948.23955761392,-1792.48932304778,"StriatedCaracara",10
194,0,113.225975036621,0,14.8370494842529,7.43407011032104,0.0952353999018669,12.611743927002,3.35694670677185,10.077130317688,0.677315056324005,36.292839050293,-1158.23955761392,-1802.48932304778,"StriatedCaracara",10
195,0,113.225975036621,0,14.8370494842529,7.43407011032104,0.0952353999018669,12.611743927002,3.35694670677185,10.077130317688,0.677315056324005,36.292839050293,-1148.23955761392,-1802.48932304778,"StriatedCaracara",10
196,0,104.190208435059,0,14.4372711181641,7.37890815734863,1.30339252948761,15.5538454055786,9.17806720733643,18.1071434020996,4.74259090423584,118.882789611816,-1138.23955761392,-1802.48932304778,"StriatedCaracara",10
197,0,95.0111083984375,0,14.8734827041626,7.31052207946777,0.327801287174225,8.22677898406982,9.4634895324707,13.5479364395142,-1.4532071352005,57.5457344055176,-1128.23955761392,-1802.48932304778,"StriatedCaracara",10
198,0,85.2957153320312,0,15.1513710021973,7.50823593139648,0.364697724580765,3.10613036155701,10.633638381958,10.765380859375,-8.00714492797852,69.709228515625,-1118.23955761392,-1802.48932304778,"StriatedCaracara",10
199,0,75.9931106567383,0,15.0678205490112,7.5467381477356,0.945517897605896,8.13431644439697,11.3669452667236,15.1668844223022,-7.72685766220093,95.3313217163086,-1108.23955761392,-1802.48932304778,"StriatedCaracara",10
200,0,66.7893753051758,0,14.0706377029419,7.84243535995483,0.447409123182297,6.08985376358032,23.4349746704102,11.9472227096558,-5.48360729217529,202.529922485352,-1098.23955761392,-1802.48932304778,"StriatedCaracara",10
201,0,57.6245346069336,0,12.5905904769897,8.65117931365967,1.24319577217102,7.91818904876709,21.9729347229004,4.90875434875488,2.57122707366943,253.274688720703,-1088.23955761392,-1802.48932304778,"StriatedCaracara",10
202,0,57.6245346069336,0,12.5905904769897,8.65117931365967,1.24319577217102,7.91818904876709,21.9729347229004,4.90875434875488,2.57122707366943,253.274688720703,-1078.23955761392,-1802.48932304778,"StriatedCaracara",10
203,0,44.7733154296875,0,14.7406301498413,9.24780654907227,1.08678531646729,3.07611131668091,13.6267337799072,9.34774398803711,-3.00766849517822,188.172164916992,-1068.23955761392,-1802.48932304778,"StriatedCaracara",10
204,0,37.5790328979492,0,15.4829235076904,10.0901126861572,1.67609143257141,10.8051500320435,17.657829284668,11.5233373641968,-3.5280385017395,192.122817993164,-1058.23955761392,-1802.48932304778,"StriatedCaracara",10
205,0,23.638744354248,0,14.0851764678955,11.0631580352783,1.5276882648468,10.6153402328491,14.7511215209961,3.13372802734375,-4.22713565826416,237.642059326172,-1048.23955761392,-1802.48932304778,"StriatedCaracara",10
206,1,17.9840221405029,0,15.8446998596191,12.2438926696777,1.66922760009766,16.8555183410645,13.1896486282349,9.73244667053223,0.151400804519653,161.931869506836,-1038.23955761392,-1802.48932304778,"StriatedCaracara",10
207,1,15.6244144439697,0,17.8927803039551,14.2550687789917,1.34379136562347,27.4968605041504,9.69613552093506,13.2666492462158,-14.1806106567383,104.730484008789,-1028.23955761392,-1802.48932304778,"StriatedCaracara",10
208,0,9.57058811187744,0,14.475152015686,14.0046157836914,2.29921126365662,12.8980951309204,16.6752662658691,9.6926097869873,4.9139986038208,181.356491088867,-1018.23955761392,-1802.48932304778,"StriatedCaracara",10
209,0,2.63879036903381,0,15.6609401702881,16.2583065032959,1.33347654342651,17.0477600097656,13.4322452545166,12.8604183197021,-4.17465782165527,166.197998046875,-1008.23955761392,-1802.48932304778,"StriatedCaracara",10
210,0,3.06856656074524,0,13.5066728591919,16.7614784240723,0.817581474781036,6.52888059616089,11.3372650146484,9.1835823059082,5.75470685958862,165.290145874023,-998.23955761392,-1802.48932304778,"StriatedCaracara",10
211,1,3.63923597335815,0,13.2837915420532,17.8989772796631,1.61756813526154,6.55955934524536,14.5880842208862,13.8430471420288,-4.06654977798462,142.723358154297,-988.23955761392,-1802.48932304778,"StriatedCaracara",10
212,0,9.00343227386475,0,12.1428308486938,20.5357265472412,2.84890079498291,2.1591694355011,12.0949392318726,10.5893249511719,6.19054079055786,155.020492553711,-978.23955761392,-1802.48932304778,"StriatedCaracara",10
213,0,16.5797424316406,0,13.3396739959717,23.0694465637207,1.14381766319275,4.36353397369385,26.2286205291748,22.5381278991699,-1.59303855895996,164.074691772461,-968.23955761392,-1802.48932304778,"StriatedCaracara",10
214,0,14.5129919052124,0,15.4409103393555,27.6669864654541,1.2913304567337,1.1127108335495,26.2484378814697,29.534122467041,1.88447308540344,105.949264526367,-958.23955761392,-1802.48932304778,"StriatedCaracara",10
215,0,154.542678833008,0,14.4814567565918,7.17351818084717,1.18582057952881,21.0248584747314,5.66450929641724,10.4731178283691,0.107276029884815,19.2717113494873,-1188.23955761392,-1812.48932304778,"StriatedCaracara",10
216,0,145.016418457031,0,14.3624229431152,7.37068462371826,0,9.59354496002197,3.15939736366272,18.9388408660889,0.838637113571167,23.1903038024902,-1178.23955761392,-1812.48932304778,"StriatedCaracara",10
217,0,115.268325805664,0,14.2134885787964,7.35648822784424,1.36535096168518,18.6558666229248,4.33371067047119,16.9215869903564,2.03705906867981,98.3622131347656,-1158.23955761392,-1812.48932304778,"StriatedCaracara",10
218,0,115.268325805664,0,14.2134885787964,7.35648822784424,1.36535096168518,18.6558666229248,4.33371067047119,16.9215869903564,2.03705906867981,98.3622131347656,-1148.23955761392,-1812.48932304778,"StriatedCaracara",10
219,0,106.055145263672,0,14.3389978408813,7.31229686737061,1.91872406005859,20.7510852813721,4.2572021484375,12.9773511886597,1.88559210300446,113.054801940918,-1138.23955761392,-1812.48932304778,"StriatedCaracara",10
220,0,96.9031066894531,0,14.222146987915,7.56491804122925,1.36136376857758,8.68975162506104,11.5179395675659,15.8699426651001,3.99509572982788,131.676574707031,-1128.23955761392,-1812.48932304778,"StriatedCaracara",10
221,0,87.6907653808594,0,14.8820381164551,7.78921127319336,1.24119794368744,6.21693992614746,15.6452884674072,21.7636661529541,4.30292940139771,125.504760742188,-1118.23955761392,-1812.48932304778,"StriatedCaracara",10
222,0,78.7216567993164,0,14.3264389038086,8.05016136169434,2.74482536315918,9.20159435272217,18.8791770935059,22.3806304931641,10.0470743179321,186.741577148438,-1108.23955761392,-1812.48932304778,"StriatedCaracara",10
223,0,69.8406677246094,0,13.8398389816284,8.03200244903564,3.04333329200745,6.09973812103271,27.1014289855957,13.382043838501,1.33025312423706,205.945343017578,-1098.23955761392,-1812.48932304778,"StriatedCaracara",10
224,0,61.2218437194824,0,13.9828748703003,8.38097286224365,2.0820095539093,7.56404495239258,30.1617298126221,6.20348787307739,1.33186221122742,235.416442871094,-1088.23955761392,-1812.48932304778,"StriatedCaracara",10
225,0,61.2218437194824,0,13.9828748703003,8.38097286224365,2.0820095539093,7.56404495239258,30.1617298126221,6.20348787307739,1.33186221122742,235.416442871094,-1078.23955761392,-1812.48932304778,"StriatedCaracara",10
226,1,44.7733154296875,0,14.7406301498413,9.24780654907227,1.08678531646729,3.07611131668091,13.6267337799072,9.34774398803711,-3.00766849517822,188.172164916992,-1068.23955761392,-1812.48932304778,"StriatedCaracara",10
227,1,37.5790328979492,0,15.4829235076904,10.0901126861572,1.67609143257141,10.8051500320435,17.657829284668,11.5233373641968,-3.5280385017395,192.122817993164,-1058.23955761392,-1812.48932304778,"StriatedCaracara",10
228,0,31.5734062194824,0,15.7747783660889,10.7171564102173,2.80832099914551,19.5733375549316,15.7038221359253,9.55480194091797,-3.75826358795166,182.710815429688,-1048.23955761392,-1812.48932304778,"StriatedCaracara",10
229,0,27.3418807983398,0,14.5849466323853,11.7297878265381,1.46428656578064,15.8387851715088,18.3306407928467,8.60161781311035,1.59474349021912,199.913345336914,-1038.23955761392,-1812.48932304778,"StriatedCaracara",10
230,0,21.4525241851807,0,14.5225772857666,12.1784772872925,1.5326817035675,9.2717342376709,22.9105606079102,10.1095390319824,-2.71107482910156,183.837982177734,-1028.23955761392,-1812.48932304778,"StriatedCaracara",10
231,0,13.3780899047852,0,14.3470916748047,13.3319139480591,1.15463304519653,9.03439998626709,24.4028148651123,13.7189826965332,0.522231638431549,127.381439208984,-1018.23955761392,-1812.48932304778,"StriatedCaracara",10
232,0,7.56754541397095,0,13.2932024002075,15.3931045532227,1.55399417877197,9.33980369567871,11.1974773406982,5.05883502960205,1.29087948799133,203.261856079102,-1008.23955761392,-1812.48932304778,"StriatedCaracara",10
233,0,7.86095428466797,0,15.1376066207886,16.6978511810303,2.33627653121948,11.2999353408813,16.5917835235596,15.9402952194214,-7.20486211776733,157.701782226562,-998.23955761392,-1812.48932304778,"StriatedCaracara",10
234,0,4.32158374786377,0,12.7648954391479,19.3962593078613,1.92251038551331,4.14040184020996,12.9971923828125,10.4230670928955,3.53316712379456,114.45435333252,-988.23955761392,-1812.48932304778,"StriatedCaracara",10
235,0,4.5635814666748,0,13.962947845459,20.4983081817627,0.959359228610992,7.87199258804321,19.0974578857422,17.5168991088867,-2.90292692184448,136.98583984375,-978.23955761392,-1812.48932304778,"StriatedCaracara",10
236,1,12.5889434814453,0,13.881293296814,23.5417709350586,0.611610591411591,2.50477576255798,26.672176361084,21.1942596435547,0.86640864610672,175.304336547852,-968.23955761392,-1812.48932304778,"StriatedCaracara",10
237,1,14.5129919052124,0,15.4409103393555,27.6669864654541,1.2913304567337,1.1127108335495,26.2484378814697,29.534122467041,1.88447308540344,105.949264526367,-958.23955761392,-1812.48932304778,"StriatedCaracara",10
238,0,154.542678833008,0,14.4814567565918,7.17351818084717,1.18582057952881,21.0248584747314,5.66450929641724,10.4731178283691,0.107276029884815,19.2717113494873,-1208.23955761392,-1822.48932304778,"StriatedCaracara",10
239,0,154.542678833008,0,14.4814567565918,7.17351818084717,1.18582057952881,21.0248584747314,5.66450929641724,10.4731178283691,0.107276029884815,19.2717113494873,-1198.23955761392,-1822.48932304778,"StriatedCaracara",10
240,0,154.542678833008,0,14.4814567565918,7.17351818084717,1.18582057952881,21.0248584747314,5.66450929641724,10.4731178283691,0.107276029884815,19.2717113494873,-1188.23955761392,-1822.48932304778,"StriatedCaracara",10
241,0,145.016418457031,0,14.3624229431152,7.37068462371826,0,9.59354496002197,3.15939736366272,18.9388408660889,0.838637113571167,23.1903038024902,-1178.23955761392,-1822.48932304778,"StriatedCaracara",10
242,0,138.882873535156,0,14.3801097869873,7.52735137939453,0,7.13235855102539,10.8217926025391,19.5414066314697,0.352222561836243,19.1019592285156,-1168.23955761392,-1822.48932304778,"StriatedCaracara",10
243,0,138.882873535156,0,14.3801097869873,7.52735137939453,0,7.13235855102539,10.8217926025391,19.5414066314697,0.352222561836243,19.1019592285156,-1158.23955761392,-1822.48932304778,"StriatedCaracara",10
244,0,115.268325805664,0,14.2134885787964,7.35648822784424,1.36535096168518,18.6558666229248,4.33371067047119,16.9215869903564,2.03705906867981,98.3622131347656,-1148.23955761392,-1822.48932304778,"StriatedCaracara",10
245,0,109.978515625,0,14.5464115142822,7.57634878158569,0.0343777909874916,2.8621711730957,12.9248924255371,19.9170722961426,-3.48442554473877,11.064567565918,-1138.23955761392,-1822.48932304778,"StriatedCaracara",10
246,0,104.052742004395,0,14.1646852493286,7.72102785110474,1.90446996688843,6.08607816696167,12.6951885223389,18.6404991149902,0.313942968845367,141.330856323242,-1128.23955761392,-1822.48932304778,"StriatedCaracara",10
247,0,91.1458435058594,0,14.2922744750977,7.88683700561523,2.21199011802673,10.9707317352295,13.699408531189,13.2291059494019,-1.23155581951141,118.539161682129,-1118.23955761392,-1822.48932304778,"StriatedCaracara",10
248,0,87.5728149414062,0,14.4418621063232,7.996657371521,4.56442499160767,11.8004207611084,10.1957530975342,18.490083694458,5.8303337097168,157.237152099609,-1108.23955761392,-1822.48932304778,"StriatedCaracara",10
249,0,69.8406677246094,0,13.8398389816284,8.03200244903564,3.04333329200745,6.09973812103271,27.1014289855957,13.382043838501,1.33025312423706,205.945343017578,-1098.23955761392,-1822.48932304778,"StriatedCaracara",10
250,0,66.6647186279297,0,15.1146764755249,8.00526142120361,1.00601708889008,4.02488994598389,14.2674903869629,15.3808374404907,-1.06056976318359,104.994750976562,-1088.23955761392,-1822.48932304778,"StriatedCaracara",10
251,0,56.3099746704102,0,15.7442712783813,8.40395736694336,1.2134804725647,2.39748620986938,6.91797256469727,14.9335813522339,-1.09023106098175,16.8544311523438,-1078.23955761392,-1822.48932304778,"StriatedCaracara",10
252,1,59.1697158813477,0,16.3791446685791,8.80093383789062,2.50299334526062,9.51257705688477,9.66118049621582,13.4998397827148,2.89479064941406,101.413238525391,-1068.23955761392,-1822.48932304778,"StriatedCaracara",10
253,1,45.4596481323242,0,16.2754707336426,9.8487606048584,2.79212498664856,10.2535333633423,11.3143157958984,11.8539171218872,-4.37204074859619,136.690093994141,-1058.23955761392,-1822.48932304778,"StriatedCaracara",10
254,0,40.5232734680176,0,14.5688362121582,10.213357925415,1.5075409412384,9.45565700531006,20.5347881317139,10.3289012908936,0.100222587585449,191.467468261719,-1048.23955761392,-1822.48932304778,"StriatedCaracara",10
255,0,34.5174560546875,0,13.1938886642456,11.3024578094482,1.77821826934814,3.35211133956909,23.32248878479,6.24474477767944,10.3618402481079,203.348205566406,-1038.23955761392,-1822.48932304778,"StriatedCaracara",10
256,0,27.0302581787109,0,13.7723875045776,11.9941921234131,2.53610467910767,4.4698691368103,22.5978984832764,7.96166133880615,0.367440164089203,173.737915039062,-1028.23955761392,-1822.48932304778,"StriatedCaracara",10
257,0,20.8664398193359,0,14.3823213577271,13.0725603103638,2.33131980895996,8.72394371032715,21.1883773803711,12.928295135498,2.64093232154846,166.84228515625,-1018.23955761392,-1822.48932304778,"StriatedCaracara",10
258,0,17.4147758483887,0,13.5657157897949,14.9933300018311,1.52595674991608,4.07860898971558,18.2370872497559,5.88601636886597,-2.75060558319092,202.375442504883,-1008.23955761392,-1822.48932304778,"StriatedCaracara",10
259,0,16.2999076843262,0,13.7439384460449,16.1721057891846,1.87342739105225,5.79642772674561,22.4586238861084,15.5387325286865,0.687105655670166,174.447174072266,-998.23955761392,-1822.48932304778,"StriatedCaracara",10
260,0,9.92496490478516,0,15.0216979980469,18.444465637207,1.351731300354,13.8683624267578,12.5758590698242,23.3183555603027,-1.59635078907013,112.958404541016,-988.23955761392,-1822.48932304778,"StriatedCaracara",10
261,0,6.30969667434692,0,13.6307334899902,21.4110431671143,0.731624186038971,4.71172285079956,16.4471473693848,16.496711730957,2.60877799987793,137.948974609375,-978.23955761392,-1822.48932304778,"StriatedCaracara",10
262,0,9.88318824768066,0,13.9867715835571,24.1512870788574,1.15019464492798,4.51948308944702,19.9971523284912,21.2265167236328,-1.69179856777191,134.056518554688,-968.23955761392,-1822.48932304778,"StriatedCaracara",10
263,0,9.88318824768066,0,13.9867715835571,24.1512870788574,1.15019464492798,4.51948308944702,19.9971523284912,21.2265167236328,-1.69179856777191,134.056518554688,-958.23955761392,-1822.48932304778,"StriatedCaracara",10
264,0,154.542678833008,0,14.4814567565918,7.17351818084717,1.18582057952881,21.0248584747314,5.66450929641724,10.4731178283691,0.107276029884815,19.2717113494873,-1208.23955761392,-1832.48932304778,"StriatedCaracara",10
265,0,154.542678833008,0,14.4814567565918,7.17351818084717,1.18582057952881,21.0248584747314,5.66450929641724,10.4731178283691,0.107276029884815,19.2717113494873,-1198.23955761392,-1832.48932304778,"StriatedCaracara",10
266,0,154.542678833008,0,14.4814567565918,7.17351818084717,1.18582057952881,21.0248584747314,5.66450929641724,10.4731178283691,0.107276029884815,19.2717113494873,-1188.23955761392,-1832.48932304778,"StriatedCaracara",10
267,0,138.882873535156,0,14.3801097869873,7.52735137939453,0,7.13235855102539,10.8217926025391,19.5414066314697,0.352222561836243,19.1019592285156,-1178.23955761392,-1832.48932304778,"StriatedCaracara",10
268,0,138.882873535156,0,14.3801097869873,7.52735137939453,0,7.13235855102539,10.8217926025391,19.5414066314697,0.352222561836243,19.1019592285156,-1168.23955761392,-1832.48932304778,"StriatedCaracara",10
269,0,138.334045410156,0,13.8101329803467,7.72429800033569,0.793090343475342,8.16995620727539,8.97347927093506,5.65302991867065,-1.49759900569916,18.3372764587402,-1158.23955761392,-1832.48932304778,"StriatedCaracara",10
270,0,124.694961547852,0,13.9923286437988,7.75722169876099,1.15288054943085,7.25838136672974,7.72553634643555,7.1088809967041,-0.0304521396756172,15.9067163467407,-1148.23955761392,-1832.48932304778,"StriatedCaracara",10
271,0,109.978515625,0,14.5464115142822,7.57634878158569,0.0343777909874916,2.8621711730957,12.9248924255371,19.9170722961426,-3.48442554473877,11.064567565918,-1138.23955761392,-1832.48932304778,"StriatedCaracara",10
272,0,104.052742004395,0,14.1646852493286,7.72102785110474,1.90446996688843,6.08607816696167,12.6951885223389,18.6404991149902,0.313942968845367,141.330856323242,-1128.23955761392,-1832.48932304778,"StriatedCaracara",10
273,0,95.7574462890625,0,13.6562185287476,7.96490812301636,4.59798336029053,10.2823991775513,13.9572973251343,20.5990600585938,4.92560815811157,173.499526977539,-1118.23955761392,-1832.48932304778,"StriatedCaracara",10
274,0,87.5728149414062,0,14.4418621063232,7.996657371521,4.56442499160767,11.8004207611084,10.1957530975342,18.490083694458,5.8303337097168,157.237152099609,-1108.23955761392,-1832.48932304778,"StriatedCaracara",10
275,0,79.756217956543,0,14.9287910461426,7.9923415184021,2.12556743621826,3.79678225517273,13.2814884185791,16.8199596405029,-0.00444513559341431,126.676300048828,-1098.23955761392,-1832.48932304778,"StriatedCaracara",10
276,0,72.2023696899414,0,15.5802764892578,8.06367874145508,1.00045251846313,3.30125951766968,10.6336965560913,12.22301197052,-2.95544052124023,82.8930587768555,-1088.23955761392,-1832.48932304778,"StriatedCaracara",10
277,0,67.1923828125,0,14.0889081954956,8.35572624206543,0,7.83602333068848,23.3356132507324,18.5723114013672,-1.99589610099792,8.23910045623779,-1078.23955761392,-1832.48932304778,"StriatedCaracara",10
278,0,59.1697158813477,0,16.3791446685791,8.80093383789062,2.50299334526062,9.51257705688477,9.66118049621582,13.4998397827148,2.89479064941406,101.413238525391,-1068.23955761392,-1832.48932304778,"StriatedCaracara",10
279,0,54.1243743896484,0,15.8869762420654,9.45417308807373,4.21921253204346,12.8759117126465,12.6530723571777,10.6398620605469,-2.29053401947021,142.222305297852,-1058.23955761392,-1832.48932304778,"StriatedCaracara",10
280,1,48.3289108276367,0,15.919864654541,10.1404428482056,1.86885297298431,12.7285747528076,12.4102478027344,13.1674070358276,-23.5827178955078,116.089866638184,-1048.23955761392,-1832.48932304778,"StriatedCaracara",10
281,0,40.8918304443359,0,16.1316375732422,11.0108261108398,4.07110214233398,16.6545753479004,12.0531816482544,10.7656707763672,-10.1322250366211,179.641479492188,-1038.23955761392,-1832.48932304778,"StriatedCaracara",10
282,1,34.7088508605957,0,15.8171463012695,12.2743844985962,2.8362135887146,12.3253650665283,15.6765079498291,16.2145233154297,-3.92397403717041,182.700912475586,-1028.23955761392,-1832.48932304778,"StriatedCaracara",10
283,0,30.0618724822998,0,15.5517330169678,13.02197265625,1.60392320156097,13.6124248504639,20.7537441253662,15.185248374939,0.282354831695557,175.565307617188,-1018.23955761392,-1832.48932304778,"StriatedCaracara",10
284,0,27.0664100646973,0,13.5698642730713,14.8597364425659,2.42744469642639,5.28105354309082,17.8706550598145,6.35856437683105,-0.555205345153809,174.863754272461,-1008.23955761392,-1832.48932304778,"StriatedCaracara",10
285,0,20.8063907623291,0,12.3494644165039,17.1435413360596,2.53171253204346,3.16044235229492,14.5189323425293,4.77847003936768,8.99499607086182,201.036315917969,-998.23955761392,-1832.48932304778,"StriatedCaracara",10
286,0,11.6407661437988,0,15.4439163208008,17.6202716827393,1.43344056606293,14.7688159942627,17.844690322876,18.9970779418945,0.147396683692932,138.199752807617,-988.23955761392,-1832.48932304778,"StriatedCaracara",10
287,0,3.17459940910339,0,14.6897087097168,21.0596656799316,1.41545462608337,7.8194694519043,14.4936723709106,17.4686660766602,0.732191383838654,131.091156005859,-978.23955761392,-1832.48932304778,"StriatedCaracara",10
288,0,6.10725498199463,0,14.2399272918701,24.2148094177246,1.03871393203735,7.60894203186035,19.0805835723877,13.9418468475342,-4.41876840591431,113.618179321289,-968.23955761392,-1832.48932304778,"StriatedCaracara",10
289,0,2.39042615890503,0,14.119571685791,25.94309425354,1.72209131717682,8.48662757873535,12.6236953735352,23.6465530395508,-1.69914269447327,126.568237304688,-958.23955761392,-1832.48932304778,"StriatedCaracara",10
290,0,168.900634765625,0,13.6487379074097,8.06387901306152,0.0895001515746117,7.39927625656128,8.34292316436768,16.5304069519043,1.6571980714798,78.8940200805664,-1198.23955761392,-1842.48932304778,"StriatedCaracara",10
291,0,155.476715087891,0,14.2442674636841,7.81041479110718,0,7.08196783065796,7.62340641021729,20.4634189605713,-1.28901195526123,25.3594493865967,-1188.23955761392,-1842.48932304778,"StriatedCaracara",10
292,0,142.7548828125,0,14.0894031524658,7.64814758300781,0.00935922935605049,10.3561115264893,5.43167114257812,19.9091281890869,1.78929722309113,69.2656402587891,-1178.23955761392,-1842.48932304778,"StriatedCaracara",10
293,0,142.7548828125,0,14.0894031524658,7.64814758300781,0.00935922935605049,10.3561115264893,5.43167114257812,19.9091281890869,1.78929722309113,69.2656402587891,-1168.23955761392,-1842.48932304778,"StriatedCaracara",10
294,0,138.334045410156,0,13.8101329803467,7.72429800033569,0.793090343475342,8.16995620727539,8.97347927093506,5.65302991867065,-1.49759900569916,18.3372764587402,-1158.23955761392,-1842.48932304778,"StriatedCaracara",10
295,0,124.694961547852,0,13.9923286437988,7.75722169876099,1.15288054943085,7.25838136672974,7.72553634643555,7.1088809967041,-0.0304521396756172,15.9067163467407,-1148.23955761392,-1842.48932304778,"StriatedCaracara",10
296,0,117.812828063965,0,13.9575023651123,7.81444072723389,3.94643402099609,11.2931938171387,13.7929649353027,13.1484775543213,4.11066341400146,110.167892456055,-1138.23955761392,-1842.48932304778,"StriatedCaracara",10
297,0,117.812828063965,0,13.9575023651123,7.81444072723389,3.94643402099609,11.2931938171387,13.7929649353027,13.1484775543213,4.11066341400146,110.167892456055,-1128.23955761392,-1842.48932304778,"StriatedCaracara",10
298,0,93.7756042480469,0,14.3043651580811,7.85790729522705,2.97907567024231,7.56959390640259,16.735523223877,11.3365287780762,-3.83992624282837,139.843872070312,-1118.23955761392,-1842.48932304778,"StriatedCaracara",10
299,0,93.7756042480469,0,14.3043651580811,7.85790729522705,2.97907567024231,7.56959390640259,16.735523223877,11.3365287780762,-3.83992624282837,139.843872070312,-1108.23955761392,-1842.48932304778,"StriatedCaracara",10
300,0,93.5575256347656,0,13.2718124389648,8.76729202270508,2.0833146572113,5.74272537231445,24.9172401428223,9.5679931640625,1.55026972293854,200.070449829102,-1098.23955761392,-1842.48932304778,"StriatedCaracara",10
301,0,87.4536209106445,0,14.4870147705078,8.70214939117432,0.999611854553223,9.22416687011719,19.4741840362549,11.5603065490723,0.316227078437805,154.105392456055,-1088.23955761392,-1842.48932304778,"StriatedCaracara",10
302,0,82.05224609375,0,15.3110885620117,8.67150211334229,2.87038159370422,12.6272850036621,22.8513584136963,13.1877307891846,0.748028635978699,152.364761352539,-1078.23955761392,-1842.48932304778,"StriatedCaracara",10
303,0,61.6692276000977,0,14.9884757995605,9.42710494995117,1.08852624893188,5.11900568008423,18.1764507293701,8.82660961151123,0.397548317909241,142.714157104492,-1068.23955761392,-1842.48932304778,"StriatedCaracara",10
304,0,61.6692276000977,0,14.9884757995605,9.42710494995117,1.08852624893188,5.11900568008423,18.1764507293701,8.82660961151123,0.397548317909241,142.714157104492,-1058.23955761392,-1842.48932304778,"StriatedCaracara",10
305,0,54.901237487793,0,14.271427154541,9.88956451416016,1.79477417469025,8.45430755615234,20.7328681945801,8.57823276519775,15.1783208847046,193.700607299805,-1048.23955761392,-1842.48932304778,"StriatedCaracara",10
306,0,48.6810913085938,0,15.5414848327637,10.6451148986816,2.46392297744751,15.3181257247925,15.7979412078857,14.9886302947998,-0.444254785776138,189.800750732422,-1038.23955761392,-1842.48932304778,"StriatedCaracara",10
307,0,43.5469665527344,0,15.4914779663086,11.8546562194824,1.2636262178421,13.2456998825073,22.3219051361084,18.2393684387207,8.68987083435059,163.003845214844,-1028.23955761392,-1842.48932304778,"StriatedCaracara",10
308,0,39.0264282226562,0,16.0148544311523,12.8944797515869,3.41684174537659,15.9130630493164,19.6166572570801,13.9657983779907,-5.20090627670288,146.283905029297,-1018.23955761392,-1842.48932304778,"StriatedCaracara",10
309,0,31.8571968078613,0,15.9836864471436,13.9155197143555,3.00519156455994,13.3718318939209,18.2774620056152,20.4358901977539,-2.05088663101196,138.360763549805,-1008.23955761392,-1842.48932304778,"StriatedCaracara",10
310,0,22.74755859375,0,15.2070732116699,15.8795871734619,1.29460966587067,13.0231971740723,19.7752075195312,17.5551471710205,-1.9017436504364,144.115524291992,-998.23955761392,-1842.48932304778,"StriatedCaracara",10
311,0,13.7066316604614,0,14.4769525527954,17.6680526733398,1.24234557151794,5.46800899505615,23.8639278411865,17.0830535888672,0.815432906150818,136.416107177734,-988.23955761392,-1842.48932304778,"StriatedCaracara",10
312,0,5.02330446243286,0,15.8097248077393,19.9896411895752,1.32305455207825,8.25269031524658,17.7370662689209,19.8344631195068,-10.5523748397827,107.357231140137,-978.23955761392,-1842.48932304778,"StriatedCaracara",10
313,0,3.39749956130981,0,14.2259397506714,23.6630363464355,1.70019865036011,6.99308300018311,18.3167057037354,17.0955238342285,6.95935726165771,128.142593383789,-968.23955761392,-1842.48932304778,"StriatedCaracara",10
314,0,2.39042615890503,0,14.119571685791,25.94309425354,1.72209131717682,8.48662757873535,12.6236953735352,23.6465530395508,-1.69914269447327,126.568237304688,-958.23955761392,-1842.48932304778,"StriatedCaracara",10
315,0,193.861129760742,0,13.7023162841797,8.00635242462158,1.06379854679108,5.07925319671631,2.20277166366577,2.85854625701904,-1.40908086299896,17.2644519805908,-1218.23955761392,-1852.48932304778,"StriatedCaracara",10
316,0,185.510101318359,0,13.3789281845093,8.27635669708252,1.84538793563843,12.8083715438843,10.4456901550293,18.9430122375488,1.12023329734802,97.1701812744141,-1208.23955761392,-1852.48932304778,"StriatedCaracara",10
317,0,168.900634765625,0,13.6487379074097,8.06387901306152,0.0895001515746117,7.39927625656128,8.34292316436768,16.5304069519043,1.6571980714798,78.8940200805664,-1198.23955761392,-1852.48932304778,"StriatedCaracara",10
318,0,168.900634765625,0,13.6487379074097,8.06387901306152,0.0895001515746117,7.39927625656128,8.34292316436768,16.5304069519043,1.6571980714798,78.8940200805664,-1188.23955761392,-1852.48932304778,"StriatedCaracara",10
319,0,155.476715087891,0,14.2442674636841,7.81041479110718,0,7.08196783065796,7.62340641021729,20.4634189605713,-1.28901195526123,25.3594493865967,-1178.23955761392,-1852.48932304778,"StriatedCaracara",10
320,0,146.802841186523,0,13.6471748352051,7.92583656311035,1.49748563766479,14.6936988830566,5.9259033203125,20.6813545227051,-0.0105934478342533,92.7166366577148,-1168.23955761392,-1852.48932304778,"StriatedCaracara",10
321,0,140.958755493164,0,13.3918952941895,7.8915376663208,2.47914505004883,10.4202613830566,8.74571132659912,13.5479583740234,0.0368785969913006,23.6537094116211,-1158.23955761392,-1852.48932304778,"StriatedCaracara",10
322,1,122.495216369629,0,14.1521072387695,7.9205756187439,2.81461596488953,8.1042594909668,6.34918117523193,10.0003910064697,-4.23288726806641,115.929809570312,-1148.23955761392,-1852.48932304778,"StriatedCaracara",10
323,0,122.495216369629,0,14.1521072387695,7.9205756187439,2.81461596488953,8.1042594909668,6.34918117523193,10.0003910064697,-4.23288726806641,115.929809570312,-1138.23955761392,-1852.48932304778,"StriatedCaracara",10
324,0,114.821960449219,0,13.7959508895874,7.97756242752075,3.26622319221497,13.2863845825195,11.5165519714355,18.9101676940918,2.99915885925293,159.294250488281,-1128.23955761392,-1852.48932304778,"StriatedCaracara",10
325,0,107.373550415039,0,14.2770614624023,7.91340827941895,3.35041093826294,11.1872968673706,14.5666351318359,16.2429370880127,-1.94098925590515,132.967880249023,-1118.23955761392,-1852.48932304778,"StriatedCaracara",10
326,0,100.298614501953,0,14.0053005218506,8.14655494689941,5.47471952438354,9.81057357788086,21.7525062561035,17.2969417572021,4.77542161941528,201.377838134766,-1108.23955761392,-1852.48932304778,"StriatedCaracara",10
327,0,93.5575256347656,0,13.2718124389648,8.76729202270508,2.0833146572113,5.74272537231445,24.9172401428223,9.5679931640625,1.55026972293854,200.070449829102,-1098.23955761392,-1852.48932304778,"StriatedCaracara",10
328,0,87.4536209106445,0,14.4870147705078,8.70214939117432,0.999611854553223,9.22416687011719,19.4741840362549,11.5603065490723,0.316227078437805,154.105392456055,-1088.23955761392,-1852.48932304778,"StriatedCaracara",10
329,0,82.05224609375,0,15.3110885620117,8.67150211334229,2.87038159370422,12.6272850036621,22.8513584136963,13.1877307891846,0.748028635978699,152.364761352539,-1078.23955761392,-1852.48932304778,"StriatedCaracara",10
330,0,77.5542373657227,0,14.9191808700562,9.33722972869873,2.83298110961914,7.75545835494995,26.1251449584961,7.01372146606445,-0.0495692491531372,148.742965698242,-1068.23955761392,-1852.48932304778,"StriatedCaracara",10
331,0,61.6692276000977,0,14.9884757995605,9.42710494995117,1.08852624893188,5.11900568008423,18.1764507293701,8.82660961151123,0.397548317909241,142.714157104492,-1058.23955761392,-1852.48932304778,"StriatedCaracara",10
332,0,62.0382843017578,0,15.6134433746338,10.0558729171753,0.514019846916199,4.90213966369629,12.1216430664062,8.51058292388916,-3.86000466346741,118.889335632324,-1048.23955761392,-1852.48932304778,"StriatedCaracara",10
333,0,56.2509765625,0,15.7729473114014,10.7366275787354,1.58294761180878,12.9414949417114,14.622013092041,13.7448663711548,4.07535934448242,164.82942199707,-1038.23955761392,-1852.48932304778,"StriatedCaracara",10
334,0,49.4667434692383,0,16.6482620239258,11.8408184051514,0.778289139270782,19.7500400543213,13.781042098999,20.1690254211426,-9.700758934021,143.901947021484,-1028.23955761392,-1852.48932304778,"StriatedCaracara",10
335,0,41.3816566467285,0,14.6989707946777,12.7210540771484,1.70783495903015,6.89413261413574,25.6944904327393,14.5229549407959,2.79309630393982,146.196563720703,-1018.23955761392,-1852.48932304778,"StriatedCaracara",10
336,0,32.794548034668,0,14.4473972320557,14.3746194839478,2.03358268737793,8.54083347320557,18.8189487457275,7.4628267288208,0.478100061416626,143.569122314453,-1008.23955761392,-1852.48932304778,"StriatedCaracara",10
337,0,24.038293838501,0,15.38307762146,15.4889421463013,1.33094370365143,10.6344356536865,20.9756965637207,17.1062812805176,-2.00259971618652,148.732376098633,-998.23955761392,-1852.48932304778,"StriatedCaracara",10
338,0,15.3289680480957,0,14.4198293685913,17.5198268890381,0.66363936662674,4.49130344390869,23.7219753265381,12.1038103103638,4.34458351135254,133.023696899414,-988.23955761392,-1852.48932304778,"StriatedCaracara",10
339,0,7.4924259185791,0,13.6245203018188,21.2767162322998,1.68230092525482,3.57705283164978,17.6702899932861,14.2606887817383,9.18722724914551,160.152481079102,-978.23955761392,-1852.48932304778,"StriatedCaracara",10
340,0,2.56598258018494,0,15.9617519378662,22.0118236541748,1.71225833892822,12.1977844238281,16.4454936981201,23.6783771514893,0.998406708240509,146.774017333984,-968.23955761392,-1852.48932304778,"StriatedCaracara",10
341,1,2.26656723022461,0,17.0103645324707,23.1053161621094,3.81052947044373,19.1003646850586,9.57871627807617,22.05588722229,-4.16973447799683,59.479606628418,-958.23955761392,-1852.48932304778,"StriatedCaracara",10
342,0,193.861129760742,0,13.7023162841797,8.00635242462158,1.06379854679108,5.07925319671631,2.20277166366577,2.85854625701904,-1.40908086299896,17.2644519805908,-1218.23955761392,-1862.48932304778,"StriatedCaracara",10
343,0,185.510101318359,0,13.3789281845093,8.27635669708252,1.84538793563843,12.8083715438843,10.4456901550293,18.9430122375488,1.12023329734802,97.1701812744141,-1208.23955761392,-1862.48932304778,"StriatedCaracara",10
344,0,168.900634765625,0,13.6487379074097,8.06387901306152,0.0895001515746117,7.39927625656128,8.34292316436768,16.5304069519043,1.6571980714798,78.8940200805664,-1198.23955761392,-1862.48932304778,"StriatedCaracara",10
345,0,168.900634765625,0,13.6487379074097,8.06387901306152,0.0895001515746117,7.39927625656128,8.34292316436768,16.5304069519043,1.6571980714798,78.8940200805664,-1188.23955761392,-1862.48932304778,"StriatedCaracara",10
346,0,160.624588012695,0,13.4767265319824,8.18230628967285,0.730127334594727,10.4887466430664,10.5551681518555,23.1043891906738,-0.944238901138306,97.7242736816406,-1178.23955761392,-1862.48932304778,"StriatedCaracara",10
347,0,154.013092041016,0,13.4454650878906,8.25555610656738,0.386021941900253,11.3389692306519,10.6848621368408,14.4983062744141,-2.05742883682251,69.9987564086914,-1168.23955761392,-1862.48932304778,"StriatedCaracara",10
348,0,154.013092041016,0,13.4454650878906,8.25555610656738,0.386021941900253,11.3389692306519,10.6848621368408,14.4983062744141,-2.05742883682251,69.9987564086914,-1158.23955761392,-1862.48932304778,"StriatedCaracara",10
349,0,143.651184082031,0,13.6524534225464,8.34841823577881,0.728685021400452,10.4292020797729,6.48057126998901,17.1820621490479,-1.95948886871338,54.4572525024414,-1148.23955761392,-1862.48932304778,"StriatedCaracara",10
350,0,128.573684692383,0,14.3463001251221,7.90560483932495,3.07154059410095,5.75079345703125,7.61995363235474,11.2552080154419,-0.485394984483719,74.9450607299805,-1138.23955761392,-1862.48932304778,"StriatedCaracara",10
351,0,121.093231201172,0,14.3234901428223,7.91657590866089,1.26756250858307,9.28073501586914,10.6697034835815,13.5323009490967,-6.32899713516235,132.053665161133,-1128.23955761392,-1862.48932304778,"StriatedCaracara",10
352,0,113.815361022949,0,14.4140033721924,8.04345321655273,2.52871513366699,9.59239196777344,11.8829660415649,16.740213394165,2.04902815818787,116.939376831055,-1118.23955761392,-1862.48932304778,"StriatedCaracara",10
353,0,107.413040161133,0,14.2831029891968,8.27650833129883,2.22095966339111,10.7042675018311,16.577392578125,12.3844909667969,-6.20215702056885,181.333129882812,-1108.23955761392,-1862.48932304778,"StriatedCaracara",10
354,0,101.365997314453,0,13.3157014846802,8.97581005096436,1.95084309577942,6.13094186782837,24.1215400695801,7.2105016708374,2.05904483795166,230.217864990234,-1098.23955761392,-1862.48932304778,"StriatedCaracara",10
355,0,95.6579666137695,0,13.8252191543579,9.18911266326904,0.671463668346405,8.34914112091064,17.8283882141113,10.9237451553345,2.42849922180176,181.481582641602,-1088.23955761392,-1862.48932304778,"StriatedCaracara",10
356,0,89.3330383300781,0,14.4836463928223,9.20933532714844,2.1498236656189,9.79339599609375,22.3136539459229,15.3951377868652,7.50136470794678,171.262115478516,-1078.23955761392,-1862.48932304778,"StriatedCaracara",10
357,0,81.7316284179688,0,14.8823490142822,9.55534172058105,2.91928863525391,10.1249055862427,21.309907913208,12.0510749816895,-3.08779907226562,164.611572265625,-1068.23955761392,-1862.48932304778,"StriatedCaracara",10
358,1,73.7976150512695,0,16.9638137817383,9.44677925109863,1.03505599498749,12.2563180923462,9.94417858123779,10.7864904403687,-2.26603865623474,66.9166870117188,-1058.23955761392,-1862.48932304778,"StriatedCaracara",10
359,0,64.7936935424805,0,15.9228506088257,9.83479309082031,2.29794073104858,12.721284866333,21.27610206604,12.3092203140259,5.84492874145508,121.142738342285,-1048.23955761392,-1862.48932304778,"StriatedCaracara",10
360,0,55.7339096069336,0,16.796329498291,10.7570390701294,2.59228849411011,14.5146999359131,19.2616901397705,18.1801223754883,-1.80742526054382,127.730545043945,-1038.23955761392,-1862.48932304778,"StriatedCaracara",10
361,0,46.6273956298828,0,15.7118892669678,11.715126991272,2.64065217971802,11.3040046691895,21.8895778656006,19.0888061523438,0.0706284046173096,138.034271240234,-1028.23955761392,-1862.48932304778,"StriatedCaracara",10
362,0,37.5779075622559,0,15.633939743042,12.8604440689087,1.67200124263763,10.1388282775879,18.2226104736328,16.1267414093018,-3.55485153198242,130.243774414062,-1018.23955761392,-1862.48932304778,"StriatedCaracara",10
363,0,28.6386947631836,0,14.3189735412598,14.4212741851807,1.41519153118134,4.73420429229736,21.9680519104004,10.4725370407104,1.7942818403244,150.430541992188,-1008.23955761392,-1862.48932304778,"StriatedCaracara",10
364,0,19.993444442749,0,13.9481058120728,15.9836673736572,1.44619739055634,5.96398401260376,19.9589614868164,10.9885692596436,2.62897205352783,168.950241088867,-998.23955761392,-1862.48932304778,"StriatedCaracara",10
365,0,11.7989940643311,0,16.5878200531006,17.0608901977539,1.54081034660339,9.37092304229736,17.4327335357666,19.9246082305908,-0.762393593788147,106.776428222656,-988.23955761392,-1862.48932304778,"StriatedCaracara",10
366,0,3.79223823547363,0,17.0563201904297,18.5934429168701,1.65487241744995,12.3248081207275,15.5949258804321,21.3798847198486,-3.19907546043396,77.7624816894531,-978.23955761392,-1862.48932304778,"StriatedCaracara",10
367,0,3.48094725608826,0,15.691930770874,19.8116302490234,1.48577284812927,9.26301193237305,19.0891151428223,23.4555530548096,0.706228256225586,142.205993652344,-968.23955761392,-1862.48932304778,"StriatedCaracara",10
368,1,7.88196754455566,0,17.1407051086426,21.6047306060791,7.47485780715942,14.6140842437744,16.9705219268799,21.4299144744873,0.332717776298523,71.1560668945312,-958.23955761392,-1862.48932304778,"StriatedCaracara",10
369,0,19.3785247802734,0,17.1665458679199,22.6506500244141,5.7067403793335,16.8045978546143,14.6173820495605,17.9334831237793,-1.49845957756042,43.2239227294922,-948.23955761392,-1862.48932304778,"StriatedCaracara",10
370,0,193.861129760742,0,13.7023162841797,8.00635242462158,1.06379854679108,5.07925319671631,2.20277166366577,2.85854625701904,-1.40908086299896,17.2644519805908,-1218.23955761392,-1872.48932304778,"StriatedCaracara",10
371,0,190.010314941406,0,13.2630271911621,8.68679523468018,3.31165671348572,9.43264389038086,8.45684719085693,15.1142330169678,0.426771223545074,97.0968780517578,-1208.23955761392,-1872.48932304778,"StriatedCaracara",10
372,0,181.714080810547,0,13.121488571167,8.57771492004395,7.09473609924316,5.72759819030762,20.9808197021484,24.6700229644775,4.19922018051147,122.492149353027,-1198.23955761392,-1872.48932304778,"StriatedCaracara",10
373,1,173.030426025391,0,13.6823711395264,8.24853515625,1.78581273555756,1.65450847148895,12.3632907867432,13.4158210754395,-4.71020364761353,43.9085464477539,-1188.23955761392,-1872.48932304778,"StriatedCaracara",10
374,0,165.427398681641,0,13.3733701705933,8.25139045715332,1.9034366607666,6.47716426849365,10.4433965682983,20.5940647125244,2.70674300193787,141.606292724609,-1178.23955761392,-1872.48932304778,"StriatedCaracara",10
375,0,157.543182373047,0,13.118049621582,8.41049766540527,5.50551557540894,10.3186168670654,11.6400842666626,17.4303951263428,1.26524829864502,160.745208740234,-1168.23955761392,-1872.48932304778,"StriatedCaracara",10
376,0,149.674377441406,0,14.0099363327026,8.26851844787598,0.382609397172928,9.65561103820801,8.39875030517578,15.1408796310425,-1.41775918006897,95.1412734985352,-1158.23955761392,-1872.48932304778,"StriatedCaracara",10
377,0,143.651184082031,0,13.6524534225464,8.34841823577881,0.728685021400452,10.4292020797729,6.48057126998901,17.1820621490479,-1.95948886871338,54.4572525024414,-1148.23955761392,-1872.48932304778,"StriatedCaracara",10
378,1,134.626525878906,0,14.2198352813721,8.13407707214355,1.04104471206665,4.90598773956299,5.28799104690552,6.88601398468018,-0.203585624694824,66.0161209106445,-1138.23955761392,-1872.48932304778,"StriatedCaracara",10
379,0,128.454849243164,0,13.7180004119873,8.23621082305908,3.86892795562744,13.7990942001343,9.28247928619385,16.7703018188477,6.92797946929932,157.232116699219,-1128.23955761392,-1872.48932304778,"StriatedCaracara",10
380,0,128.454849243164,0,13.7180004119873,8.23621082305908,3.86892795562744,13.7990942001343,9.28247928619385,16.7703018188477,6.92797946929932,157.232116699219,-1118.23955761392,-1872.48932304778,"StriatedCaracara",10
381,0,115.047180175781,0,14.4623279571533,8.33734703063965,0.719852387905121,7.17613077163696,10.5638790130615,19.1269073486328,-0.240429401397705,124.560668945312,-1108.23955761392,-1872.48932304778,"StriatedCaracara",10
382,0,108.319755554199,0,14.2956476211548,8.63248920440674,0.990418016910553,10.2134170532227,13.4739675521851,18.8663177490234,-6.68163776397705,195.636093139648,-1098.23955761392,-1872.48932304778,"StriatedCaracara",10
383,0,100.158309936523,0,14.6548376083374,8.83476543426514,1.86693966388702,10.0259857177734,14.4619426727295,17.6586303710938,-6.53079700469971,167.512390136719,-1088.23955761392,-1872.48932304778,"StriatedCaracara",10
384,0,90.8358917236328,0,13.6536169052124,9.87187004089355,0.779597222805023,6.89114141464233,21.2700138092041,11.9718189239502,3.63455629348755,170.762664794922,-1078.23955761392,-1872.48932304778,"StriatedCaracara",10
385,0,81.4335556030273,0,13.898229598999,10.1371593475342,0.466152042150497,9.79906558990479,14.7018156051636,4.52771186828613,-2.86354875564575,171.078552246094,-1068.23955761392,-1872.48932304778,"StriatedCaracara",10
386,0,72.0442276000977,0,14.0311031341553,10.4903612136841,0.741292119026184,7.80697727203369,12.0225477218628,5.37876081466675,0.650208711624146,132.282165527344,-1058.23955761392,-1872.48932304778,"StriatedCaracara",10
387,0,62.6720733642578,0,14.5140800476074,10.2660064697266,1.70367825031281,7.07303524017334,18.4711589813232,5.97398900985718,-1.39894914627075,156.868835449219,-1048.23955761392,-1872.48932304778,"StriatedCaracara",10
388,0,53.3217010498047,0,15.6281766891479,11.0593156814575,4.29145812988281,5.26910734176636,16.6706924438477,8.73624420166016,1.04753184318542,146.02799987793,-1038.23955761392,-1872.48932304778,"StriatedCaracara",10
389,0,43.9987716674805,0,14.3213367462158,12.1419973373413,8.48251342773438,3.73213076591492,24.3967304229736,5.31015157699585,5.9496054649353,171.05534362793,-1028.23955761392,-1872.48932304778,"StriatedCaracara",10
390,0,34.7185401916504,0,15.8037061691284,12.750358581543,1.42227184772491,6.9266881942749,27.2449703216553,16.7184181213379,-2.86625552177429,134.725936889648,-1018.23955761392,-1872.48932304778,"StriatedCaracara",10
391,0,25.5165824890137,0,16.1078720092773,13.7911853790283,1.87787425518036,7.08864068984985,27.1207084655762,20.5527896881104,-4.58069610595703,126.491592407227,-1008.23955761392,-1872.48932304778,"StriatedCaracara",10
392,0,16.3853302001953,0,13.5627574920654,15.8873729705811,0.845026612281799,1.57378089427948,20.9906311035156,6.9907431602478,4.84897375106812,157.021133422852,-998.23955761392,-1872.48932304778,"StriatedCaracara",10
393,1,7.34864521026611,0,16.3535137176514,16.698112487793,1.78255891799927,11.0162372589111,13.94384765625,16.5019931793213,-7.07050085067749,117.701431274414,-988.23955761392,-1872.48932304778,"StriatedCaracara",10
394,1,2.27535605430603,0,16.6113719940186,17.6448421478271,2.16561102867126,20.1920738220215,12.8792819976807,12.7873773574829,-3.18917560577393,110.916580200195,-978.23955761392,-1872.48932304778,"StriatedCaracara",10
395,0,8.94734191894531,0,13.3593711853027,19.8129730224609,3.66835999488831,3.28714942932129,24.4049549102783,9.83743000030518,-3.03610825538635,152.772354125977,-968.23955761392,-1872.48932304778,"StriatedCaracara",10
396,0,16.0509796142578,0,15.3524208068848,21.1036739349365,3.41749548912048,17.0355587005615,19.9564456939697,10.9766826629639,-5.11882829666138,112.1337890625,-958.23955761392,-1872.48932304778,"StriatedCaracara",10
397,0,19.3785247802734,0,17.1665458679199,22.6506500244141,5.7067403793335,16.8045978546143,14.6173820495605,17.9334831237793,-1.49845957756042,43.2239227294922,-948.23955761392,-1872.48932304778,"StriatedCaracara",10
398,0,19.3785247802734,0,17.1665458679199,22.6506500244141,5.7067403793335,16.8045978546143,14.6173820495605,17.9334831237793,-1.49845957756042,43.2239227294922,-938.23955761392,-1872.48932304778,"StriatedCaracara",10
399,0,194.744659423828,0,13.6798620223999,8.81664752960205,4.60307216644287,3.88630628585815,8.26613712310791,14.9972133636475,0.673162579536438,62.2472610473633,-1218.23955761392,-1882.48932304778,"StriatedCaracara",10
400,0,194.744659423828,0,13.6798620223999,8.81664752960205,4.60307216644287,3.88630628585815,8.26613712310791,14.9972133636475,0.673162579536438,62.2472610473633,-1208.23955761392,-1882.48932304778,"StriatedCaracara",10
401,0,186.803771972656,0,13.328483581543,8.84257698059082,4.69316625595093,1.98780083656311,18.4553394317627,22.7743854522705,-7.3422532081604,122.385803222656,-1198.23955761392,-1882.48932304778,"StriatedCaracara",10
402,0,171.050521850586,0,13.4873008728027,8.52180767059326,1.06603538990021,3.45077800750732,8.16325283050537,11.4142026901245,-1.57924687862396,80.6631164550781,-1188.23955761392,-1882.48932304778,"StriatedCaracara",10
403,0,171.050521850586,0,13.4873008728027,8.52180767059326,1.06603538990021,3.45077800750732,8.16325283050537,11.4142026901245,-1.57924687862396,80.6631164550781,-1178.23955761392,-1882.48932304778,"StriatedCaracara",10
404,0,163.560958862305,0,12.7307481765747,8.55108737945557,3.13086175918579,10.7782459259033,13.8385000228882,19.4374370574951,9.42287445068359,161.504791259766,-1168.23955761392,-1882.48932304778,"StriatedCaracara",10
405,0,149.48405456543,0,13.2701587677002,8.15625,1.35601758956909,7.59355640411377,15.1962604522705,21.2521438598633,5.11663818359375,119.312812805176,-1158.23955761392,-1882.48932304778,"StriatedCaracara",10
406,0,149.48405456543,0,13.2701587677002,8.15625,1.35601758956909,7.59355640411377,15.1962604522705,21.2521438598633,5.11663818359375,119.312812805176,-1148.23955761392,-1882.48932304778,"StriatedCaracara",10
407,0,135.161315917969,0,14.2916049957275,8.2039737701416,0.854799389839172,6.57559871673584,8.44882965087891,7.26167821884155,-4.16079664230347,91.5863342285156,-1138.23955761392,-1882.48932304778,"StriatedCaracara",10
408,0,135.161315917969,0,14.2916049957275,8.2039737701416,0.854799389839172,6.57559871673584,8.44882965087891,7.26167821884155,-4.16079664230347,91.5863342285156,-1128.23955761392,-1882.48932304778,"StriatedCaracara",10
409,0,127.280197143555,0,14.1141176223755,8.43977928161621,4.85736322402954,14.5940351486206,10.7175512313843,15.6084794998169,-0.557496190071106,93.4749908447266,-1118.23955761392,-1882.48932304778,"StriatedCaracara",10
410,0,118.470031738281,0,14.6683664321899,8.37773895263672,1.48945760726929,12.2825489044189,9.20807456970215,14.215633392334,2.72893071174622,148.474731445312,-1108.23955761392,-1882.48932304778,"StriatedCaracara",10
411,0,109.18480682373,0,14.4052772521973,8.72671794891357,2.24700260162354,10.5748882293701,15.6131830215454,17.984691619873,3.57056307792664,194.973937988281,-1098.23955761392,-1882.48932304778,"StriatedCaracara",10
412,0,99.6853866577148,0,15.1987199783325,8.81030654907227,1.0944812297821,9.45431900024414,10.3318138122559,16.3173408508301,5.96904468536377,130.295669555664,-1088.23955761392,-1882.48932304778,"StriatedCaracara",10
413,0,90.3026275634766,0,14.9798488616943,9.26193046569824,0.354669719934464,7.39588975906372,16.8218879699707,11.9182090759277,-0.53660374879837,138.638641357422,-1078.23955761392,-1882.48932304778,"StriatedCaracara",10
414,0,80.8735275268555,0,11.5700283050537,11.1297006607056,0.0464197359979153,2.99528789520264,7.32375240325928,0.674792349338531,3.33834719657898,155.086318969727,-1068.23955761392,-1882.48932304778,"StriatedCaracara",10
415,0,71.4488525390625,0,11.7048854827881,11.2085590362549,0,0,0,0,-7.79685401916504,67.4816207885742,-1058.23955761392,-1882.48932304778,"StriatedCaracara",10
416,0,62.0296859741211,0,9.35540294647217,13.0748710632324,2.26541829109192,0.231820046901703,7.55976152420044,0.0724319592118263,7.84530782699585,101.257041931152,-1048.23955761392,-1882.48932304778,"StriatedCaracara",10
417,0,52.6173934936523,0,10.8062314987183,12.9776268005371,30.6353664398193,0.25353342294693,3.88220238685608,0,-4.52292585372925,154.852890014648,-1038.23955761392,-1882.48932304778,"StriatedCaracara",10
418,0,43.21435546875,0,10.2723550796509,14.0402994155884,33.4708290100098,0.251641899347305,4.43216753005981,0,3.28773832321167,155.158599853516,-1028.23955761392,-1882.48932304778,"StriatedCaracara",10
419,0,33.8274078369141,0,14.0843839645386,13.4708576202393,7.57770872116089,4.10843801498413,28.0073127746582,8.69625091552734,-0.544974327087402,177.739486694336,-1018.23955761392,-1882.48932304778,"StriatedCaracara",10
420,0,24.4748382568359,0,15.0673217773438,13.8884258270264,2.08468103408813,9.19342136383057,36.0842742919922,15.6635999679565,5.3497519493103,141.174667358398,-1008.23955761392,-1882.48932304778,"StriatedCaracara",10
421,0,15.2116174697876,0,16.0332908630371,16.1491680145264,1.44434678554535,4.71494102478027,22.3849582672119,10.87229347229,-2.06655049324036,109.532592773438,-998.23955761392,-1882.48932304778,"StriatedCaracara",10
422,1,6.14350557327271,0,16.2003631591797,16.8281669616699,1.44260668754578,9.64739036560059,21.1804885864258,16.3662395477295,-0.429235577583313,148.479919433594,-988.23955761392,-1882.48932304778,"StriatedCaracara",10
423,1,3.11689639091492,0,15.4076385498047,18.083740234375,0.242540791630745,9.57907962799072,17.268985748291,12.7315444946289,-2.30383372306824,153.956970214844,-978.23955761392,-1882.48932304778,"StriatedCaracara",10
424,0,11.2783088684082,0,11.6142902374268,21.2347049713135,5.9925799369812,0.489848494529724,19.5436744689941,1.46892166137695,7.98080730438232,140.13818359375,-968.23955761392,-1882.48932304778,"StriatedCaracara",10
425,0,23.3776245117188,0,15.6130485534668,22.6518955230713,5.57189464569092,13.9888477325439,17.9055843353271,19.6747035980225,-4.2636981010437,78.9831695556641,-958.23955761392,-1882.48932304778,"StriatedCaracara",10
426,0,23.3776245117188,0,15.6130485534668,22.6518955230713,5.57189464569092,13.9888477325439,17.9055843353271,19.6747035980225,-4.2636981010437,78.9831695556641,-948.23955761392,-1882.48932304778,"StriatedCaracara",10
427,0,23.3776245117188,0,15.6130485534668,22.6518955230713,5.57189464569092,13.9888477325439,17.9055843353271,19.6747035980225,-4.2636981010437,78.9831695556641,-938.23955761392,-1882.48932304778,"StriatedCaracara",10
428,0,213.973739624023,0,14.0514583587646,9.35810565948486,2.32306170463562,3.44744300842285,6.40135288238525,5.28124475479126,-0.336225837469101,3.91438221931458,-1218.23955761392,-1892.48932304778,"StriatedCaracara",10
429,0,200.224197387695,0,13.6085748672485,9.21007919311523,1.75774943828583,6.44026803970337,10.6008739471436,18.8355121612549,-0.0739016234874725,55.530933380127,-1208.23955761392,-1892.48932304778,"StriatedCaracara",10
430,0,192.364517211914,0,13.2895126342773,9.2294340133667,5.41474628448486,3.12723660469055,16.2317924499512,19.2511024475098,3.69325947761536,94.2069244384766,-1198.23955761392,-1892.48932304778,"StriatedCaracara",10
431,0,184.976196289062,0,13.3690128326416,8.89348411560059,2.73291826248169,2.54783177375793,22.7016086578369,24.57568359375,-2.42942380905151,111.670684814453,-1188.23955761392,-1892.48932304778,"StriatedCaracara",10
432,0,182.457046508789,0,13.3125896453857,8.73404121398926,2.0538923740387,5.14094400405884,18.2011642456055,23.03857421875,1.94863152503967,96.5824813842773,-1178.23955761392,-1892.48932304778,"StriatedCaracara",10
433,0,170.017318725586,0,13.1449670791626,8.30084419250488,0.454678297042847,4.03244256973267,8.39559268951416,15.1469554901123,-4.2107367515564,114.133773803711,-1168.23955761392,-1892.48932304778,"StriatedCaracara",10
434,0,163.00146484375,0,13.5316314697266,8.29044723510742,1.01991987228394,13.5222301483154,10.9121494293213,23.2101650238037,-0.684488654136658,78.5217208862305,-1158.23955761392,-1892.48932304778,"StriatedCaracara",10
435,0,154.974609375,0,14.2925586700439,8.3748836517334,0.221133038401604,4.07593011856079,7.84840488433838,13.8752117156982,-4.61014461517334,50.362190246582,-1148.23955761392,-1892.48932304778,"StriatedCaracara",10
436,0,137.53141784668,0,13.9767665863037,8.43319511413574,0.511563420295715,4.30638933181763,7.98508262634277,7.89239120483398,3.83217453956604,87.867805480957,-1138.23955761392,-1892.48932304778,"StriatedCaracara",10
437,0,137.53141784668,0,13.9767665863037,8.43319511413574,0.511563420295715,4.30638933181763,7.98508262634277,7.89239120483398,3.83217453956604,87.867805480957,-1128.23955761392,-1892.48932304778,"StriatedCaracara",10
438,0,128.296051025391,0,13.9368352890015,8.78998184204102,1.45403039455414,9.72624206542969,11.0687379837036,14.1303768157959,0.295691132545471,122.117614746094,-1118.23955761392,-1892.48932304778,"StriatedCaracara",10
439,0,120.336448669434,0,13.2794952392578,9.63597297668457,4.29110622406006,11.799596786499,22.2070331573486,17.7164096832275,2.94585728645325,200.012161254883,-1108.23955761392,-1892.48932304778,"StriatedCaracara",10
440,0,109.684799194336,0,14.3556423187256,9.09566879272461,1.00937521457672,6.12863922119141,13.9686985015869,10.7438020706177,-1.29962718486786,115.592178344727,-1098.23955761392,-1892.48932304778,"StriatedCaracara",10
441,0,100.31086730957,0,14.1066818237305,9.40364265441895,0.518221378326416,7.97690343856812,22.8180084228516,15.3925638198853,-0.606942653656006,161.479461669922,-1088.23955761392,-1892.48932304778,"StriatedCaracara",10
442,0,90.9676971435547,0,13.1332502365112,10.3790483474731,0.586434721946716,3.25998950004578,15.428165435791,4.60392045974731,-1.98204970359802,162.276184082031,-1078.23955761392,-1892.48932304778,"StriatedCaracara",10
443,0,81.6401748657227,0,9.74298667907715,12.0111875534058,0,0.00625532167032361,1.75317788124084,0.294163286685944,1.06502604484558,81.5541763305664,-1068.23955761392,-1892.48932304778,"StriatedCaracara",10
444,0,72.3408355712891,0,9.24094676971436,12.4135246276855,1.58794593811035,0,2.02347850799561,0,2.42489457130432,53.1294822692871,-1058.23955761392,-1892.48932304778,"StriatedCaracara",10
445,0,63.0798645019531,0,8.00988578796387,13.7416400909424,10.1663579940796,0,3.91959476470947,0,-1.52027094364166,26.9688453674316,-1048.23955761392,-1892.48932304778,"StriatedCaracara",10
446,0,53.8803634643555,0,6.86802864074707,14.7162647247314,30.5090389251709,0.147443652153015,3.40024089813232,0,4.60517311096191,106.044548034668,-1038.23955761392,-1892.48932304778,"StriatedCaracara",10
447,0,44.7752647399902,0,6.69586324691772,15.8568725585938,34.2439727783203,0.887109935283661,2.79478049278259,0.0732768774032593,7.45333385467529,197.359619140625,-1028.23955761392,-1892.48932304778,"StriatedCaracara",10
448,0,35.7817115783691,0,12.0800685882568,13.9255352020264,12.8561229705811,3.25743985176086,19.3501567840576,4.55004024505615,-3.63344430923462,179.322418212891,-1018.23955761392,-1892.48932304778,"StriatedCaracara",10
449,0,26.8516101837158,0,13.514741897583,13.7716226577759,0.688574373722076,5.6287260055542,26.8442974090576,9.03573608398438,5.0406551361084,170.476989746094,-1008.23955761392,-1892.48932304778,"StriatedCaracara",10
450,0,17.9198360443115,0,16.3118572235107,16.6322555541992,1.84023928642273,6.66218996047974,15.72301197052,5.70466232299805,-8.0866641998291,98.2922515869141,-998.23955761392,-1892.48932304778,"StriatedCaracara",10
451,0,8.87905025482178,0,14.5124816894531,16.7526779174805,3.23313140869141,7.08493566513062,25.7351226806641,13.8073673248291,4.39466333389282,187.1748046875,-988.23955761392,-1892.48932304778,"StriatedCaracara",10
452,0,2.36500310897827,0,16.1156749725342,18.4360466003418,1.75722599029541,4.8050971031189,19.3153762817383,13.2924156188965,-3.82371664047241,131.43408203125,-978.23955761392,-1892.48932304778,"StriatedCaracara",10
453,0,11.2783088684082,0,11.6142902374268,21.2347049713135,5.9925799369812,0.489848494529724,19.5436744689941,1.46892166137695,7.98080730438232,140.13818359375,-968.23955761392,-1892.48932304778,"StriatedCaracara",10
454,0,213.973739624023,0,14.0514583587646,9.35810565948486,2.32306170463562,3.44744300842285,6.40135288238525,5.28124475479126,-0.336225837469101,3.91438221931458,-1218.23955761392,-1902.48932304778,"StriatedCaracara",10
455,0,206.100616455078,0,13.5934686660767,9.59026718139648,3.39438819885254,3.89217686653137,15.3336620330811,21.662504196167,0.575694620609283,81.1006164550781,-1208.23955761392,-1902.48932304778,"StriatedCaracara",10
456,0,198.237121582031,0,13.4498157501221,9.36253833770752,3.41004133224487,2.47864365577698,18.0421047210693,23.2828216552734,-0.473407983779907,114.590591430664,-1198.23955761392,-1902.48932304778,"StriatedCaracara",10
457,0,190.154220581055,0,13.137809753418,8.93780899047852,2.72886252403259,3.89892530441284,19.1742000579834,23.6183433532715,1.65628719329834,140.556930541992,-1188.23955761392,-1902.48932304778,"StriatedCaracara",10
458,0,182.457046508789,0,13.3125896453857,8.73404121398926,2.0538923740387,5.14094400405884,18.2011642456055,23.03857421875,1.94863152503967,96.5824813842773,-1178.23955761392,-1902.48932304778,"StriatedCaracara",10
459,0,173.944976806641,0,13.5975980758667,8.66624069213867,0.859629988670349,4.80993461608887,8.89593505859375,17.0155467987061,2.22762584686279,70.7342224121094,-1168.23955761392,-1902.48932304778,"StriatedCaracara",10
460,0,165.781295776367,0,12.9845266342163,8.48914337158203,2.98191738128662,13.0850696563721,9.51189422607422,23.7572841644287,8.31423664093018,150.490936279297,-1158.23955761392,-1902.48932304778,"StriatedCaracara",10
461,0,156.896438598633,0,13.8262958526611,8.44060802459717,1.26610314846039,12.6901092529297,6.77680110931396,23.9746799468994,-0.828712463378906,105.884300231934,-1148.23955761392,-1902.48932304778,"StriatedCaracara",10
462,0,156.896438598633,0,13.8262958526611,8.44060802459717,1.26610314846039,12.6901092529297,6.77680110931396,23.9746799468994,-0.828712463378906,105.884300231934,-1138.23955761392,-1902.48932304778,"StriatedCaracara",10
463,0,137.53141784668,0,13.9767665863037,8.43319511413574,0.511563420295715,4.30638933181763,7.98508262634277,7.89239120483398,3.83217453956604,87.867805480957,-1128.23955761392,-1902.48932304778,"StriatedCaracara",10
464,0,127.436988830566,0,14.7118120193481,9.10838508605957,0.0855609923601151,1.04912495613098,4.95708847045898,7.56017732620239,-1.69607877731323,39.5740585327148,-1118.23955761392,-1902.48932304778,"StriatedCaracara",10
465,0,120.336448669434,0,13.2794952392578,9.63597297668457,4.29110622406006,11.799596786499,22.2070331573486,17.7164096832275,2.94585728645325,200.012161254883,-1108.23955761392,-1902.48932304778,"StriatedCaracara",10
466,0,111.188774108887,0,13.8943462371826,9.52297687530518,2.41902184486389,13.5593194961548,22.3014526367188,15.2614736557007,6.71134567260742,164.934295654297,-1098.23955761392,-1902.48932304778,"StriatedCaracara",10
467,0,101.911956787109,0,14.960620880127,9.24529075622559,1.16167390346527,4.64030170440674,22.3309364318848,16.9361038208008,-2.5656533241272,132.886260986328,-1088.23955761392,-1902.48932304778,"StriatedCaracara",10
468,1,92.7431030273438,0,14.1404876708984,10.1093673706055,0.352329254150391,1.56563866138458,15.057391166687,2.95356559753418,-1.26117014884949,129.323715209961,-1078.23955761392,-1902.48932304778,"StriatedCaracara",10
469,0,83.6424942016602,0,9.41810417175293,12.5046787261963,0.973361194133759,0.00302676786668599,4.54069185256958,0.131740301847458,2.22648167610168,89.4992599487305,-1068.23955761392,-1902.48932304778,"StriatedCaracara",10
470,0,74.6162338256836,0,8.13165760040283,12.3079500198364,25.9199104309082,0,5.25769901275635,0,1.17176365852356,12.1049280166626,-1058.23955761392,-1902.48932304778,"StriatedCaracara",10
471,0,65.6521148681641,0,7.96834087371826,12.9000520706177,31.9488639831543,0,0.47501277923584,0,-0.823363602161407,10.4309682846069,-1048.23955761392,-1902.48932304778,"StriatedCaracara",10
472,0,56.6465454101562,0,8.38081645965576,13.784125328064,29.9889984130859,0.288698256015778,3.38301181793213,0.0551145076751709,1.84966230392456,83.9841384887695,-1038.23955761392,-1902.48932304778,"StriatedCaracara",10
473,0,47.5442199707031,0,12.4270048141479,13.2127494812012,8.1658992767334,0.99981689453125,24.9918479919434,5.24605274200439,3.36937713623047,230.032409667969,-1028.23955761392,-1902.48932304778,"StriatedCaracara",10
474,0,38.332275390625,0,14.3854322433472,14.4016981124878,0.945365786552429,5.7552547454834,24.5808372497559,16.1154708862305,4.79069423675537,163.154968261719,-1018.23955761392,-1902.48932304778,"StriatedCaracara",10
475,0,29.0556907653809,0,13.3041925430298,14.8922538757324,2.14576840400696,6.61864328384399,17.5685272216797,13.5309190750122,6.2185001373291,176.498718261719,-1008.23955761392,-1902.48932304778,"StriatedCaracara",10
476,0,19.7414627075195,0,16.1298065185547,16.5968341827393,2.2948272228241,8.80596923828125,15.2493953704834,8.26397323608398,-6.52809715270996,98.3598861694336,-998.23955761392,-1902.48932304778,"StriatedCaracara",10
477,0,10.4084014892578,0,13.4977102279663,16.9824810028076,2.87675738334656,3.58226943016052,27.611364364624,17.8276271820068,-0.428879857063293,185.216400146484,-988.23955761392,-1902.48932304778,"StriatedCaracara",10
478,0,2.43726778030396,0,16.1722850799561,18.3339920043945,1.98124408721924,3.82266879081726,24.2094383239746,14.0172204971313,-4.96534967422485,146.144683837891,-978.23955761392,-1902.48932304778,"StriatedCaracara",10
479,0,2.43726778030396,0,16.1722850799561,18.3339920043945,1.98124408721924,3.82266879081726,24.2094383239746,14.0172204971313,-4.96534967422485,146.144683837891,-968.23955761392,-1902.48932304778,"StriatedCaracara",10
480,0,214.598205566406,0,13.9888210296631,9.70083141326904,1.41899275779724,2.59567666053772,10.3758878707886,5.19587469100952,-1.6290420293808,5.56105709075928,-1218.23955761392,-1912.48932304778,"StriatedCaracara",10
481,0,206.019729614258,0,13.3621520996094,10.0695648193359,2.58523511886597,6.23917675018311,14.8896512985229,22.3785743713379,-0.042837530374527,106.511810302734,-1208.23955761392,-1912.48932304778,"StriatedCaracara",10
482,0,197.062896728516,0,13.3294649124146,9.86493301391602,3.54616403579712,1.81567335128784,19.572322845459,25.7700691223145,-0.118764340877533,121.169799804688,-1198.23955761392,-1912.48932304778,"StriatedCaracara",10
483,0,188.019348144531,0,13.5446462631226,9.20949077606201,2.96335911750793,6.11578893661499,12.6733646392822,21.6558113098145,-0.90944766998291,110.793113708496,-1188.23955761392,-1912.48932304778,"StriatedCaracara",10
484,0,179.379180908203,0,13.3466567993164,9.03577136993408,1.18863642215729,6.74800300598145,11.9814834594727,26.4319343566895,4.06872749328613,113.615379333496,-1178.23955761392,-1912.48932304778,"StriatedCaracara",10
485,0,170.172210693359,0,13.9526462554932,8.91750717163086,0,5.50256252288818,6.99144649505615,12.5073747634888,-1.21684205532074,33.0857086181641,-1168.23955761392,-1912.48932304778,"StriatedCaracara",10
486,0,161.876510620117,0,13.3924560546875,8.75031471252441,0.812066078186035,6.70735836029053,10.7378787994385,18.5499095916748,-2.40250301361084,131.582611083984,-1158.23955761392,-1912.48932304778,"StriatedCaracara",10
487,0,153.316421508789,0,13.5956649780273,8.62603759765625,1.30686974525452,6.85431528091431,7.78436326980591,16.8006324768066,-5.40597152709961,83.6735153198242,-1148.23955761392,-1912.48932304778,"StriatedCaracara",10
488,0,144.692810058594,0,13.5445079803467,8.67763996124268,0.657835781574249,7.1045298576355,8.61706733703613,18.3542251586914,-5.75873851776123,128.46435546875,-1138.23955761392,-1912.48932304778,"StriatedCaracara",10
489,0,127.436988830566,0,14.7118120193481,9.10838508605957,0.0855609923601151,1.04912495613098,4.95708847045898,7.56017732620239,-1.69607877731323,39.5740585327148,-1128.23955761392,-1912.48932304778,"StriatedCaracara",10
490,0,127.436988830566,0,14.7118120193481,9.10838508605957,0.0855609923601151,1.04912495613098,4.95708847045898,7.56017732620239,-1.69607877731323,39.5740585327148,-1118.23955761392,-1912.48932304778,"StriatedCaracara",10
491,0,119.593208312988,0,14.2030868530273,9.27950000762939,0.975495159626007,8.30368709564209,15.5420875549316,20.6957588195801,-6.11258363723755,158.140502929688,-1108.23955761392,-1912.48932304778,"StriatedCaracara",10
492,1,111.257553100586,0,13.8990964889526,9.24056911468506,1.94733119010925,7.2558331489563,25.3717708587646,13.8002843856812,-8.72724056243896,163.056091308594,-1098.23955761392,-1912.48932304778,"StriatedCaracara",10
493,1,102.902763366699,0,14.8306636810303,9.183424949646,1.1566926240921,8.0093994140625,18.2485656738281,10.1601705551147,-4.18395328521729,112.903274536133,-1088.23955761392,-1912.48932304778,"StriatedCaracara",10
494,0,94.4705581665039,0,12.9380149841309,10.4322175979614,0.110923573374748,2.47872495651245,13.5854301452637,3.2642936706543,-0.112053021788597,85.58349609375,-1078.23955761392,-1912.48932304778,"StriatedCaracara",10
495,0,85.6298599243164,0,10.0042133331299,12.4135818481445,0.17450088262558,0,0.358338087797165,0,0.470770537853241,62.5229873657227,-1068.23955761392,-1912.48932304778,"StriatedCaracara",10
496,0,76.3823089599609,0,8.76311206817627,12.2237281799316,19.3650341033936,0,5.83408498764038,0,-0.644502937793732,14.8974647521973,-1058.23955761392,-1912.48932304778,"StriatedCaracara",10
497,0,67.0236663818359,0,7.37519216537476,13.4390335083008,30.9013690948486,0,1.54687082767487,0,0.603078424930573,64.5107803344727,-1048.23955761392,-1912.48932304778,"StriatedCaracara",10
498,0,57.6526870727539,0,7.87767553329468,14.2495632171631,19.8230800628662,0.101182699203491,6.77380657196045,0,-1.13205289840698,104.203727722168,-1038.23955761392,-1912.48932304778,"StriatedCaracara",10
499,0,48.2932434082031,0,11.6251621246338,13.6962833404541,9.137939453125,3.14038848876953,23.4641342163086,4.9354681968689,-12.9228687286377,252.341354370117,-1028.23955761392,-1912.48932304778,"StriatedCaracara",10
500,0,38.9561233520508,0,12.9891185760498,14.255765914917,5.68952798843384,3.69057369232178,27.9781951904297,7.74797105789185,8.17770481109619,197.468902587891,-1018.23955761392,-1912.48932304778,"StriatedCaracara",10
501,0,29.6611633300781,0,16.2606983184814,16.2643909454346,1.36534249782562,4.57388973236084,18.8404407501221,13.4551544189453,-0.726048946380615,107.168319702148,-1008.23955761392,-1912.48932304778,"StriatedCaracara",10
502,0,20.4625034332275,0,16.7785320281982,17.3824214935303,1.21579611301422,2.17690348625183,7.8184962272644,7.6997218132019,-2.42504739761353,59.3444290161133,-998.23955761392,-1912.48932304778,"StriatedCaracara",10
503,0,11.5712194442749,0,13.5189142227173,17.3160934448242,0.940099954605103,3.08873057365417,28.8608627319336,24.7648162841797,7.66242408752441,156.928741455078,-988.23955761392,-1912.48932304778,"StriatedCaracara",10
504,0,4.15388154983521,0,16.4449272155762,19.8358573913574,2.2280969619751,6.43829345703125,14.4461841583252,11.1368818283081,-1.19798302650452,127.76252746582,-978.23955761392,-1912.48932304778,"StriatedCaracara",10
505,0,4.15388154983521,0,16.4449272155762,19.8358573913574,2.2280969619751,6.43829345703125,14.4461841583252,11.1368818283081,-1.19798302650452,127.76252746582,-968.23955761392,-1912.48932304778,"StriatedCaracara",10
506,0,202.790267944336,0,13.2656593322754,10.4546432495117,6.09901809692383,8.31312561035156,14.7245092391968,20.01833152771,4.52345418930054,92.6420822143555,-1218.23955761392,-1922.48932304778,"StriatedCaracara",10
507,0,202.790267944336,0,13.2656593322754,10.4546432495117,6.09901809692383,8.31312561035156,14.7245092391968,20.01833152771,4.52345418930054,92.6420822143555,-1208.23955761392,-1922.48932304778,"StriatedCaracara",10
508,0,193.725982666016,0,13.2699022293091,10.3322086334229,2.77158164978027,3.82361483573914,13.0201616287231,24.7604370117188,6.52333784103394,107.982986450195,-1198.23955761392,-1922.48932304778,"StriatedCaracara",10
509,0,175.751495361328,0,13.5026073455811,9.49841690063477,1.01903128623962,3.15741801261902,9.88514995574951,23.3238677978516,-2.86832785606384,88.5420150756836,-1188.23955761392,-1922.48932304778,"StriatedCaracara",10
510,0,175.751495361328,0,13.5026073455811,9.49841690063477,1.01903128623962,3.15741801261902,9.88514995574951,23.3238677978516,-2.86832785606384,88.5420150756836,-1178.23955761392,-1922.48932304778,"StriatedCaracara",10
511,0,166.859954833984,0,13.8861780166626,9.16028118133545,0.97563773393631,4.88948678970337,12.8328218460083,20.690523147583,0.0886502638459206,68.4121475219727,-1168.23955761392,-1922.48932304778,"StriatedCaracara",10
512,0,154.32958984375,0,13.538501739502,9.48134231567383,0.773036897182465,7.45092916488647,13.6340389251709,23.2232780456543,-1.96422743797302,137.005554199219,-1158.23955761392,-1922.48932304778,"StriatedCaracara",10
513,0,148.796173095703,0,13.4670267105103,8.94010353088379,0.80613785982132,9.65442276000977,13.1943426132202,19.4619789123535,8.18600749969482,145.181716918945,-1148.23955761392,-1922.48932304778,"StriatedCaracara",10
514,0,144.692810058594,0,13.5445079803467,8.67763996124268,0.657835781574249,7.1045298576355,8.61706733703613,18.3542251586914,-5.75873851776123,128.46435546875,-1138.23955761392,-1922.48932304778,"StriatedCaracara",10
515,0,122.26872253418,0,14.6907348632812,8.86544799804688,1.50586307048798,5.54603052139282,8.82454395294189,13.6843910217285,-1.36469125747681,59.7736663818359,-1128.23955761392,-1922.48932304778,"StriatedCaracara",10
516,0,122.26872253418,0,14.6907348632812,8.86544799804688,1.50586307048798,5.54603052139282,8.82454395294189,13.6843910217285,-1.36469125747681,59.7736663818359,-1118.23955761392,-1922.48932304778,"StriatedCaracara",10
517,0,114.283004760742,0,14.3853588104248,8.70473003387451,1.69886386394501,8.33314037322998,20.5528049468994,23.4841156005859,4.44850635528564,157.539840698242,-1108.23955761392,-1922.48932304778,"StriatedCaracara",10
518,0,106.005493164062,0,13.1424913406372,8.81996726989746,1.05463814735413,6.78605699539185,28.0137233734131,13.0161209106445,12.7357196807861,216.107223510742,-1098.23955761392,-1922.48932304778,"StriatedCaracara",10
519,0,97.9149398803711,0,12.946873664856,9.42557239532471,1.75564134120941,2.39269685745239,24.6381816864014,2.44527554512024,3.3025848865509,88.8317337036133,-1088.23955761392,-1922.48932304778,"StriatedCaracara",10
520,0,90.0437774658203,0,11.4898900985718,11.1746168136597,0,0.00949478056281805,0.634460866451263,0.0669111460447311,1.54853641986847,24.2596492767334,-1078.23955761392,-1922.48932304778,"StriatedCaracara",10
521,0,82.4535522460938,0,10.405632019043,12.190878868103,0,0,0,0,0.0443405136466026,24.9846000671387,-1068.23955761392,-1922.48932304778,"StriatedCaracara",10
522,0,74.9953308105469,0,9.15701580047607,12.9395456314087,3.66027975082397,0,3.46915149688721,0,0.423560708761215,34.9004325866699,-1058.23955761392,-1922.48932304778,"StriatedCaracara",10
523,0,67.1533813476562,0,8.68040466308594,14.2371482849121,2.35952687263489,0,2.75697040557861,0,2.52899551391602,53.8267822265625,-1048.23955761392,-1922.48932304778,"StriatedCaracara",10
524,0,58.7631301879883,0,9.68877029418945,14.5950412750244,0.0887233167886734,0,0.259218662977219,0,1.78828370571136,51.4695510864258,-1038.23955761392,-1922.48932304778,"StriatedCaracara",10
525,0,49.9795074462891,0,8.89655780792236,14.7507638931274,15.5684671401978,1.08691668510437,8.83439350128174,0.0591694414615631,7.02922868728638,169.645950317383,-1028.23955761392,-1922.48932304778,"StriatedCaracara",10
526,0,41.1271209716797,0,13.7174301147461,14.1542930603027,7.72498464584351,4.62270736694336,12.5259609222412,5.2673864364624,-6.44652509689331,162.495407104492,-1018.23955761392,-1922.48932304778,"StriatedCaracara",10
527,0,32.5141983032227,0,16.4957370758057,16.1140232086182,0.170591458678246,1.92239236831665,8.73931407928467,5.71066474914551,-11.2775478363037,64.6604309082031,-1008.23955761392,-1922.48932304778,"StriatedCaracara",10
528,0,24.4178848266602,0,15.1774702072144,16.2788677215576,1.38438820838928,8.38403224945068,23.7295417785645,14.329158782959,4.60279273986816,129.754730224609,-998.23955761392,-1922.48932304778,"StriatedCaracara",10
529,0,17.0890789031982,0,17.0546398162842,19.6345481872559,0.851818144321442,4.48860216140747,9.35627841949463,4.86309051513672,-13.1053600311279,63.3831443786621,-988.23955761392,-1922.48932304778,"StriatedCaracara",10
530,0,9.50973987579346,0,17.4859466552734,21.244758605957,0.69717663526535,1.91626954078674,14.807373046875,11.8390979766846,-1.97887253761292,52.6367111206055,-978.23955761392,-1922.48932304778,"StriatedCaracara",10
531,0,9.50973987579346,0,17.4859466552734,21.244758605957,0.69717663526535,1.91626954078674,14.807373046875,11.8390979766846,-1.97887253761292,52.6367111206055,-968.23955761392,-1922.48932304778,"StriatedCaracara",10
532,0,200.449081420898,0,13.3083152770996,10.7421226501465,2.82669496536255,4.31185150146484,5.90663051605225,11.9979181289673,-0.395856082439423,47.0705146789551,-1218.23955761392,-1932.48932304778,"StriatedCaracara",10
533,0,200.449081420898,0,13.3083152770996,10.7421226501465,2.82669496536255,4.31185150146484,5.90663051605225,11.9979181289673,-0.395856082439423,47.0705146789551,-1208.23955761392,-1932.48932304778,"StriatedCaracara",10
534,0,192.002014160156,0,13.4038105010986,10.5463094711304,0.48886039853096,2.68358874320984,4.38829803466797,5.61236763000488,-1.97059762477875,20.6642570495605,-1198.23955761392,-1932.48932304778,"StriatedCaracara",10
535,0,179.226196289062,0,13.1379051208496,10.9281892776489,1.61068272590637,10.8827266693115,15.3204650878906,21.0071868896484,-3.80891418457031,125.233551025391,-1188.23955761392,-1932.48932304778,"StriatedCaracara",10
536,0,172.632171630859,0,13.3475208282471,9.79463291168213,1.12050247192383,8.48989486694336,14.5034942626953,23.2367534637451,0.622667610645294,118.817428588867,-1178.23955761392,-1932.48932304778,"StriatedCaracara",10
537,0,163.197647094727,0,13.5032415390015,9.71321678161621,0.887918829917908,4.16991806030273,14.1149291992188,17.6784210205078,-0.387848347425461,85.5904083251953,-1168.23955761392,-1932.48932304778,"StriatedCaracara",10
538,0,154.32958984375,0,13.538501739502,9.48134231567383,0.773036897182465,7.45092916488647,13.6340389251709,23.2232780456543,-1.96422743797302,137.005554199219,-1158.23955761392,-1932.48932304778,"StriatedCaracara",10
539,0,145.321685791016,0,13.4523487091064,9.27665996551514,1.6545352935791,12.2525014877319,15.1506929397583,20.7801074981689,0.989617228507996,162.140747070312,-1148.23955761392,-1932.48932304778,"StriatedCaracara",10
540,0,136.303512573242,0,13.4823627471924,9.12891578674316,2.09529852867126,11.0975637435913,13.9594850540161,15.1914558410645,-9.01674556732178,174.054840087891,-1138.23955761392,-1932.48932304778,"StriatedCaracara",10
541,0,124.339691162109,0,13.3985080718994,9.26871681213379,0.553034782409668,6.93166971206665,20.9893188476562,10.0249967575073,2.75887823104858,151.963119506836,-1128.23955761392,-1932.48932304778,"StriatedCaracara",10
542,0,118.441787719727,0,14.0150279998779,9.05883979797363,1.66469597816467,6.19658708572388,13.7011108398438,19.2552032470703,4.20386505126953,123.451484680176,-1118.23955761392,-1932.48932304778,"StriatedCaracara",10
543,0,109.725685119629,0,13.8534507751465,8.95846748352051,3.76355457305908,8.00349521636963,28.2095355987549,18.7698745727539,5.55930376052856,162.191207885742,-1108.23955761392,-1932.48932304778,"StriatedCaracara",10
544,0,101.115623474121,0,14.2615280151367,8.98820495605469,1.78478002548218,5.71357440948486,28.580379486084,10.9150619506836,-1.90074467658997,128.517486572266,-1098.23955761392,-1932.48932304778,"StriatedCaracara",10
545,0,92.5958023071289,0,13.2065877914429,9.62357139587402,5.54439926147461,2.11560678482056,25.707389831543,3.52314972877502,0.544636011123657,74.5051193237305,-1088.23955761392,-1932.48932304778,"StriatedCaracara",10
546,0,84.2638092041016,0,12.3873262405396,11.0062475204468,0,0.747169137001038,4.13320970535278,0.18540832400322,0.710231304168701,51.4050636291504,-1078.23955761392,-1932.48932304778,"StriatedCaracara",10
547,0,76.1699371337891,0,10.7596073150635,12.1396646499634,0,0,0.184675768017769,0.00354607519693673,-2.4133460521698,40.9153251647949,-1068.23955761392,-1932.48932304778,"StriatedCaracara",10
548,0,68.4137725830078,0,9.1898365020752,13.3335151672363,0,0,0,0,0.430770367383957,24.0464057922363,-1058.23955761392,-1932.48932304778,"StriatedCaracara",10
549,0,61.1019439697266,0,9.08051300048828,13.547308921814,0,0,0,0,-1.32686495780945,20.2968940734863,-1048.23955761392,-1932.48932304778,"StriatedCaracara",10
550,0,54.4281921386719,0,10.0724391937256,13.4134454727173,0,0,0,0,-1.31314051151276,29.4881629943848,-1038.23955761392,-1932.48932304778,"StriatedCaracara",10
551,0,48.3455123901367,0,11.4080715179443,13.747091293335,1.78010046482086,0.147441565990448,11.4777975082397,0.207803770899773,-0.0219017118215561,124.954971313477,-1028.23955761392,-1932.48932304778,"StriatedCaracara",10
552,0,42.6373100280762,0,14.4676141738892,13.8348455429077,0.882461369037628,5.63044691085815,22.2612209320068,9.11049461364746,6.01042556762695,148.01188659668,-1018.23955761392,-1932.48932304778,"StriatedCaracara",10
553,0,37.0185012817383,0,14.3484172821045,15.1057443618774,1.8063428401947,10.7790632247925,22.2853927612305,14.6194334030151,5.72537851333618,154.890670776367,-1008.23955761392,-1932.48932304778,"StriatedCaracara",10
554,0,30.0602569580078,0,13.6792640686035,15.790641784668,0.838916480541229,14.6118211746216,18.4165077209473,16.7598304748535,-3.50222682952881,160.777145385742,-998.23955761392,-1932.48932304778,"StriatedCaracara",10
555,0,21.7356834411621,0,14.443097114563,17.1709384918213,2.89736318588257,9.92835330963135,25.14768409729,18.4084529876709,4.60100507736206,151.453414916992,-988.23955761392,-1932.48932304778,"StriatedCaracara",10
556,0,13.7533664703369,0,16.6090354919434,20.8632164001465,1.02706563472748,11.2981271743774,21.7050724029541,8.41479587554932,2.23703360557556,84.0544357299805,-978.23955761392,-1932.48932304778,"StriatedCaracara",10
557,0,13.7533664703369,0,16.6090354919434,20.8632164001465,1.02706563472748,11.2981271743774,21.7050724029541,8.41479587554932,2.23703360557556,84.0544357299805,-968.23955761392,-1932.48932304778,"StriatedCaracara",10
558,0,196.2158203125,0,13.3377246856689,11.6143989562988,2.96281504631042,5.5725736618042,14.5283041000366,17.0105228424072,0.358740031719208,81.8615798950195,-1218.23955761392,-1942.48932304778,"StriatedCaracara",10
559,0,196.2158203125,0,13.3377246856689,11.6143989562988,2.96281504631042,5.5725736618042,14.5283041000366,17.0105228424072,0.358740031719208,81.8615798950195,-1208.23955761392,-1942.48932304778,"StriatedCaracara",10
560,0,179.226196289062,0,13.1379051208496,10.9281892776489,1.61068272590637,10.8827266693115,15.3204650878906,21.0071868896484,-3.80891418457031,125.233551025391,-1198.23955761392,-1942.48932304778,"StriatedCaracara",10
561,0,179.226196289062,0,13.1379051208496,10.9281892776489,1.61068272590637,10.8827266693115,15.3204650878906,21.0071868896484,-3.80891418457031,125.233551025391,-1188.23955761392,-1942.48932304778,"StriatedCaracara",10
562,0,170.102523803711,0,13.4684753417969,10.185375213623,0.536255359649658,9.1931037902832,11.1092109680176,25.1722507476807,3.454505443573,117.171463012695,-1178.23955761392,-1942.48932304778,"StriatedCaracara",10
563,0,151.632171630859,0,13.3463954925537,9.98051834106445,0.329297453165054,5.89642667770386,11.166898727417,24.2360610961914,5.25824594497681,142.113555908203,-1168.23955761392,-1942.48932304778,"StriatedCaracara",10
564,0,151.632171630859,0,13.3463954925537,9.98051834106445,0.329297453165054,5.89642667770386,11.166898727417,24.2360610961914,5.25824594497681,142.113555908203,-1158.23955761392,-1942.48932304778,"StriatedCaracara",10
565,0,142.434844970703,0,13.1169986724854,9.66622734069824,1.02394950389862,9.02388095855713,18.8846797943115,21.6207542419434,-0.504849553108215,161.417633056641,-1148.23955761392,-1942.48932304778,"StriatedCaracara",10
566,0,133.276641845703,0,12.9226884841919,9.42610740661621,2.37257122993469,9.31658267974854,28.1890983581543,17.2245788574219,-0.665209412574768,201.620178222656,-1138.23955761392,-1942.48932304778,"StriatedCaracara",10
567,0,124.339691162109,0,13.3985080718994,9.26871681213379,0.553034782409668,6.93166971206665,20.9893188476562,10.0249967575073,2.75887823104858,151.963119506836,-1128.23955761392,-1942.48932304778,"StriatedCaracara",10
568,1,114.920585632324,0,15.2771148681641,9.2396125793457,0.0217819400131702,2.69930124282837,9.24790191650391,13.9678440093994,-7.86149644851685,41.2759780883789,-1118.23955761392,-1942.48932304778,"StriatedCaracara",10
569,0,106.050071716309,0,14.4521198272705,9.30137157440186,1.7536096572876,12.1171855926514,18.3978271484375,24.0253810882568,-2.92562294006348,132.740020751953,-1108.23955761392,-1942.48932304778,"StriatedCaracara",10
570,0,97.0922241210938,0,14.6578121185303,9.89220714569092,0.195980936288834,7.40451145172119,20.5306301116943,16.1786556243896,-5.53140640258789,107.89852142334,-1098.23955761392,-1942.48932304778,"StriatedCaracara",10
571,0,88.2449188232422,0,13.6591901779175,10.5457906723022,0.928149402141571,5.53423643112183,24.6137065887451,13.3112421035767,5.39665269851685,147.974334716797,-1088.23955761392,-1942.48932304778,"StriatedCaracara",10
572,0,79.4865036010742,0,14.411226272583,10.3966913223267,0.000115692499093711,1.84702944755554,9.20648574829102,0.646508097648621,-7.18012285232544,95.8199691772461,-1078.23955761392,-1942.48932304778,"StriatedCaracara",10
573,0,70.8698883056641,0,12.183032989502,12.2110204696655,0,0.0849834531545639,2.06282377243042,0.0392085798084736,5.07425117492676,164.05729675293,-1068.23955761392,-1942.48932304778,"StriatedCaracara",10
574,0,62.5044326782227,0,9.34826469421387,13.7790994644165,0,0.0841943845152855,0.5885249376297,0,-3.33180284500122,107.956893920898,-1058.23955761392,-1942.48932304778,"StriatedCaracara",10
575,0,54.4568176269531,0,5.86011219024658,15.8715553283691,0.284330189228058,0,1.33824896812439,0,3.60687565803528,158.584518432617,-1048.23955761392,-1942.48932304778,"StriatedCaracara",10
576,0,46.9150009155273,0,8.84323024749756,13.5317478179932,8.39135837554932,0,3.54337620735168,0,-3.16305375099182,40.6282043457031,-1038.23955761392,-1942.48932304778,"StriatedCaracara",10
577,0,40.1389694213867,0,9.04592132568359,14.4924602508545,20.0253887176514,0.0644841566681862,6.36231708526611,0.406812280416489,2.78828310966492,121.484008789062,-1028.23955761392,-1942.48932304778,"StriatedCaracara",10
578,0,34.595832824707,0,13.400336265564,13.3182945251465,7.01609468460083,3.62469553947449,27.4075660705566,9.77594757080078,-12.0688886642456,141.462905883789,-1018.23955761392,-1942.48932304778,"StriatedCaracara",10
579,1,30.9691467285156,0,12.7157936096191,14.3426628112793,2.30033397674561,5.74461889266968,22.862850189209,9.55521774291992,0.00298100709915161,187.248977661133,-1008.23955761392,-1942.48932304778,"StriatedCaracara",10
580,1,29.3703842163086,0,13.6053104400635,15.2883043289185,1.15200221538544,7.94549131393433,23.163724899292,23.2215385437012,0.166631937026978,171.900695800781,-998.23955761392,-1942.48932304778,"StriatedCaracara",10
581,0,26.4023571014404,0,13.4059829711914,16.7209987640381,3.60808372497559,8.63533210754395,26.3324680328369,24.2152557373047,0.880361676216125,161.54345703125,-988.23955761392,-1942.48932304778,"StriatedCaracara",10
582,0,21.6690483093262,0,16.0207176208496,21.2573547363281,3.65119218826294,13.2646064758301,22.111722946167,12.6254034042358,-9.48025798797607,117.99681854248,-978.23955761392,-1942.48932304778,"StriatedCaracara",10
583,0,21.6690483093262,0,16.0207176208496,21.2573547363281,3.65119218826294,13.2646064758301,22.111722946167,12.6254034042358,-9.48025798797607,117.99681854248,-968.23955761392,-1942.48932304778,"StriatedCaracara",10
584,0,196.2158203125,0,13.3377246856689,11.6143989562988,2.96281504631042,5.5725736618042,14.5283041000366,17.0105228424072,0.358740031719208,81.8615798950195,-1218.23955761392,-1952.48932304778,"StriatedCaracara",10
585,0,196.2158203125,0,13.3377246856689,11.6143989562988,2.96281504631042,5.5725736618042,14.5283041000366,17.0105228424072,0.358740031719208,81.8615798950195,-1208.23955761392,-1952.48932304778,"StriatedCaracara",10
586,0,186.97331237793,0,12.7793273925781,11.3360462188721,5.33260822296143,2.66447877883911,25.4482402801514,25.4196929931641,-0.784972667694092,129.02751159668,-1198.23955761392,-1952.48932304778,"StriatedCaracara",10
587,0,177.38410949707,0,13.1770792007446,10.885064125061,2.92993259429932,4.6675124168396,17.5177173614502,16.8464660644531,-0.573262929916382,120.635307312012,-1188.23955761392,-1952.48932304778,"StriatedCaracara",10
588,0,168.325714111328,0,13.3430986404419,10.8525009155273,0.381152540445328,8.19853019714355,14.2988367080688,17.7893009185791,-1.16081261634827,83.5583343505859,-1178.23955761392,-1952.48932304778,"StriatedCaracara",10
589,0,149.383819580078,0,13.3602657318115,10.4439935684204,0.508851110935211,5.04337787628174,16.1515426635742,12.8025417327881,-3.1421959400177,97.3266296386719,-1168.23955761392,-1952.48932304778,"StriatedCaracara",10
590,0,149.383819580078,0,13.3602657318115,10.4439935684204,0.508851110935211,5.04337787628174,16.1515426635742,12.8025417327881,-3.1421959400177,97.3266296386719,-1158.23955761392,-1952.48932304778,"StriatedCaracara",10
591,0,140.274658203125,0,13.181022644043,10.1351451873779,0.842168688774109,7.09775447845459,29.1428470611572,17.7818260192871,1.3412880897522,165.487686157227,-1148.23955761392,-1952.48932304778,"StriatedCaracara",10
592,0,131.003570556641,0,12.6781568527222,9.86426448822021,1.57477509975433,6.90768194198608,30.5218925476074,16.861743927002,0.177871227264404,199.520782470703,-1138.23955761392,-1952.48932304778,"StriatedCaracara",10
593,0,112.385665893555,0,14.8309326171875,9.5432014465332,0.936018526554108,7.90939044952393,8.77457618713379,21.1922569274902,-2.02584934234619,63.8949203491211,-1128.23955761392,-1952.48932304778,"StriatedCaracara",10
594,0,112.385665893555,0,14.8309326171875,9.5432014465332,0.936018526554108,7.90939044952393,8.77457618713379,21.1922569274902,-2.02584934234619,63.8949203491211,-1118.23955761392,-1952.48932304778,"StriatedCaracara",10
595,0,103.282279968262,0,14.112455368042,9.4780445098877,0.982296347618103,8.73110008239746,18.2483139038086,26.3179550170898,3.98926115036011,120.087875366211,-1108.23955761392,-1952.48932304778,"StriatedCaracara",10
596,0,94.0959091186523,0,13.6035022735596,10.6246948242188,1.08710336685181,11.5629768371582,28.313756942749,21.3411521911621,0.377820551395416,145.958282470703,-1098.23955761392,-1952.48932304778,"StriatedCaracara",10
597,0,85.1544952392578,0,14.1751203536987,10.4693069458008,0.383587688207626,3.50766801834106,21.164722442627,1.73616456985474,-2.70354342460632,97.5321655273438,-1088.23955761392,-1952.48932304778,"StriatedCaracara",10
598,0,75.8742980957031,0,13.4784135818481,11.5040130615234,1.42211949825287,3.29043698310852,25.9176139831543,2.08926463127136,1.22280621528625,167.525894165039,-1078.23955761392,-1952.48932304778,"StriatedCaracara",10
599,0,66.8450775146484,0,13.7902956008911,11.6726865768433,0.371649116277695,2.51798963546753,17.3343124389648,0.766140580177307,-3.41502285003662,181.835906982422,-1068.23955761392,-1952.48932304778,"StriatedCaracara",10
600,0,57.9483528137207,0,9.86804008483887,14.2775650024414,0,0,1.36753296852112,0,2.24911236763,103.435173034668,-1058.23955761392,-1952.48932304778,"StriatedCaracara",10
601,0,49.2191925048828,0,6.23497772216797,15.9128389358521,0.625403881072998,0,3.74798059463501,0,4.94247627258301,134.867156982422,-1048.23955761392,-1952.48932304778,"StriatedCaracara",10
602,0,40.7803039550781,0,8.02047348022461,13.9114770889282,29.5482883453369,0,3.55832695960999,0,-1.44502866268158,31.5172252655029,-1038.23955761392,-1952.48932304778,"StriatedCaracara",10
603,0,32.8375587463379,0,9.02831077575684,14.1508817672729,32.9442520141602,0.0986241921782494,0.523226916790009,0,0.288952171802521,60.5377082824707,-1028.23955761392,-1952.48932304778,"StriatedCaracara",10
604,0,25.8647994995117,0,9.21027565002441,14.8367156982422,32.9322738647461,0.529707133769989,2.68130254745483,0.0100604640319943,5.04382228851318,130.071731567383,-1018.23955761392,-1952.48932304778,"StriatedCaracara",10
605,1,20.8720664978027,0,12.6194314956665,15.6623392105103,9.02087497711182,7.05499076843262,13.683648109436,9.38485240936279,-4.0273265838623,195.480773925781,-1008.23955761392,-1952.48932304778,"StriatedCaracara",10
606,1,19.3784294128418,0,11.9375085830688,14.2168312072754,0.612693786621094,3.17303276062012,16.069019317627,21.0711631774902,14.7018098831177,192.024063110352,-998.23955761392,-1952.48932304778,"StriatedCaracara",10
607,0,22.1907405853271,0,12.3583002090454,16.3458862304688,0.578521251678467,0.647015571594238,24.4731616973877,33.1023025512695,0.323783338069916,116.060516357422,-988.23955761392,-1952.48932304778,"StriatedCaracara",10
608,0,26.512825012207,0,13.5383453369141,18.4397010803223,3.7411367893219,2.86282396316528,36.2802543640137,19.6314220428467,1.49377131462097,124.907760620117,-978.23955761392,-1952.48932304778,"StriatedCaracara",10
609,0,193.96630859375,0,12.6643142700195,12.05544090271,8.03431224822998,18.6563720703125,12.96519947052,9.23765087127686,1.67973053455353,46.205135345459,-1218.23955761392,-1962.48932304778,"StriatedCaracara",10
610,0,193.96630859375,0,12.6643142700195,12.05544090271,8.03431224822998,18.6563720703125,12.96519947052,9.23765087127686,1.67973053455353,46.205135345459,-1208.23955761392,-1962.48932304778,"StriatedCaracara",10
611,0,185.644927978516,0,12.6997661590576,11.6808834075928,7.18155002593994,2.36704111099243,27.3001956939697,20.9362487792969,-3.70706605911255,125.349029541016,-1198.23955761392,-1962.48932304778,"StriatedCaracara",10
612,0,176.356292724609,0,13.0995388031006,11.5132637023926,3.6687183380127,5.55873203277588,23.4124164581299,21.5954895019531,1.75371789932251,114.991439819336,-1188.23955761392,-1962.48932304778,"StriatedCaracara",10
613,0,166.545562744141,0,13.4106979370117,11.4911918640137,0.261463522911072,3.49132609367371,15.8360681533813,22.334659576416,0.396338522434235,78.0036239624023,-1178.23955761392,-1962.48932304778,"StriatedCaracara",10
614,0,157.526733398438,0,12.8954248428345,11.0996704101562,1.08335590362549,6.20325040817261,27.7278518676758,20.4304523468018,7.35160827636719,148.974349975586,-1168.23955761392,-1962.48932304778,"StriatedCaracara",10
615,0,148.401870727539,0,12.6871881484985,10.837215423584,0.88806426525116,5.46009254455566,35.7971839904785,21.0293006896973,-2.51949787139893,155.250732421875,-1158.23955761392,-1962.48932304778,"StriatedCaracara",10
616,0,140.274658203125,0,13.181022644043,10.1351451873779,0.842168688774109,7.09775447845459,29.1428470611572,17.7818260192871,1.3412880897522,165.487686157227,-1148.23955761392,-1962.48932304778,"StriatedCaracara",10
617,0,129.503646850586,0,12.1784248352051,10.7475442886353,1.37039184570312,4.15585279464722,44.916690826416,11.2188329696655,7.83088970184326,202.085693359375,-1138.23955761392,-1962.48932304778,"StriatedCaracara",10
618,0,120.353637695312,0,12.7842483520508,10.0856943130493,2.33245158195496,6.59432220458984,34.2392234802246,8.9405632019043,3.00037145614624,185.236526489258,-1128.23955761392,-1962.48932304778,"StriatedCaracara",10
619,0,101.523010253906,0,13.5382843017578,9.63336753845215,1.43635416030884,10.9434566497803,24.1453590393066,24.1406478881836,0.939039945602417,150.410888671875,-1118.23955761392,-1962.48932304778,"StriatedCaracara",10
620,0,101.523010253906,0,13.5382843017578,9.63336753845215,1.43635416030884,10.9434566497803,24.1453590393066,24.1406478881836,0.939039945602417,150.410888671875,-1108.23955761392,-1962.48932304778,"StriatedCaracara",10
621,0,92.2185974121094,0,14.1654024124146,10.057767868042,1.68925523757935,6.31612157821655,22.5846080780029,22.041711807251,0.326701521873474,144.56315612793,-1098.23955761392,-1962.48932304778,"StriatedCaracara",10
622,0,73.5799407958984,0,13.0001163482666,11.4040212631226,0.701114773750305,0.658609688282013,4.92862606048584,0.47362494468689,0.760579347610474,47.5463104248047,-1088.23955761392,-1962.48932304778,"StriatedCaracara",10
623,0,73.5799407958984,0,13.0001163482666,11.4040212631226,0.701114773750305,0.658609688282013,4.92862606048584,0.47362494468689,0.760579347610474,47.5463104248047,-1078.23955761392,-1962.48932304778,"StriatedCaracara",10
624,0,64.3432312011719,0,11.8619546890259,12.7169885635376,0.00736498786136508,1.49682664871216,6.76094627380371,0.199677124619484,0.878146708011627,89.9213485717773,-1068.23955761392,-1962.48932304778,"StriatedCaracara",10
625,0,55.1005630493164,0,9.87876605987549,13.7723836898804,0,0,0,0,-0.652928292751312,19.3763275146484,-1058.23955761392,-1962.48932304778,"StriatedCaracara",10
626,0,45.9015312194824,0,8.38155746459961,14.9419651031494,0,0,0,0,-8.85188961029053,60.1784019470215,-1048.23955761392,-1962.48932304778,"StriatedCaracara",10
627,0,36.7819671630859,0,7.22052764892578,14.3780832290649,21.0153503417969,0,5.36243772506714,0,-0.219546303153038,60.2376937866211,-1038.23955761392,-1962.48932304778,"StriatedCaracara",10
628,0,27.8145027160645,0,9.21525382995605,13.9678716659546,32.287467956543,0,0,0,-0.566519558429718,15.2661390304565,-1028.23955761392,-1962.48932304778,"StriatedCaracara",10
629,0,19.2194023132324,0,9.59377479553223,14.5523738861084,34.1891098022461,0.727772951126099,5.14839124679565,0.59420645236969,-0.734066247940063,147.286163330078,-1018.23955761392,-1962.48932304778,"StriatedCaracara",10
630,1,11.8142728805542,0,13.0946493148804,16.9956092834473,5.96721839904785,10.6394777297974,20.2726783752441,12.8018360137939,-7.98057270050049,189.000930786133,-1008.23955761392,-1962.48932304778,"StriatedCaracara",10
631,1,9.15108871459961,0,14.7683582305908,19.1343727111816,4.61487817764282,10.2928905487061,25.2491149902344,24.8879776000977,-2.22228908538818,148.020874023438,-998.23955761392,-1962.48932304778,"StriatedCaracara",10
632,0,14.370322227478,0,12.800838470459,17.1553802490234,4.18194484710693,1.25383424758911,28.5687637329102,29.6339073181152,0.463850408792496,121.763229370117,-988.23955761392,-1962.48932304778,"StriatedCaracara",10
633,0,26.512825012207,0,13.5383453369141,18.4397010803223,3.7411367893219,2.86282396316528,36.2802543640137,19.6314220428467,1.49377131462097,124.907760620117,-978.23955761392,-1962.48932304778,"StriatedCaracara",10
634,0,193.534637451172,0,13.3970947265625,13.0142650604248,4.73200798034668,8.54848480224609,16.9852733612061,18.5954284667969,-1.31804430484772,58.9619674682617,-1218.23955761392,-1972.48932304778,"StriatedCaracara",10
635,0,193.534637451172,0,13.3970947265625,13.0142650604248,4.73200798034668,8.54848480224609,16.9852733612061,18.5954284667969,-1.31804430484772,58.9619674682617,-1208.23955761392,-1972.48932304778,"StriatedCaracara",10
636,0,184.946853637695,0,13.0853061676025,12.4893226623535,6.24581623077393,1.70488727092743,29.8053283691406,23.7602920532227,3.32425737380981,112.254737854004,-1198.23955761392,-1972.48932304778,"StriatedCaracara",10
637,0,184.946853637695,0,13.0853061676025,12.4893226623535,6.24581623077393,1.70488727092743,29.8053283691406,23.7602920532227,3.32425737380981,112.254737854004,-1188.23955761392,-1972.48932304778,"StriatedCaracara",10
638,0,165.908508300781,0,13.4092054367065,11.9191312789917,0,3.8679575920105,20.5785694122314,12.1789579391479,-0.998838543891907,35.4719505310059,-1178.23955761392,-1972.48932304778,"StriatedCaracara",10
639,0,156.095901489258,0,13.7088012695312,11.9142227172852,0.240772694349289,3.17242336273193,22.134859085083,11.2868175506592,-5.60496187210083,82.5916290283203,-1168.23955761392,-1972.48932304778,"StriatedCaracara",10
640,0,147.859313964844,0,12.6985130310059,11.4196071624756,0.877517580986023,6.93144845962524,35.5868186950684,20.1921882629395,0.91804039478302,154.972015380859,-1158.23955761392,-1972.48932304778,"StriatedCaracara",10
641,0,137.888870239258,0,12.7574462890625,11.184344291687,0.286780565977097,3.67154002189636,41.2312164306641,7.85010671615601,-4.4512791633606,187.190689086914,-1148.23955761392,-1972.48932304778,"StriatedCaracara",10
642,0,128.707427978516,0,12.5478048324585,10.9731435775757,1.95994603633881,4.38447713851929,39.746711730957,7.46911239624023,-4.28303146362305,217.181655883789,-1138.23955761392,-1972.48932304778,"StriatedCaracara",10
643,0,119.354179382324,0,12.4630661010742,10.5720462799072,3.31092405319214,2.99736356735229,35.8839302062988,10.1822776794434,4.84465217590332,199.078125,-1128.23955761392,-1972.48932304778,"StriatedCaracara",10
644,0,110.113349914551,0,13.5963191986084,10.4986906051636,0.998714864253998,3.63552689552307,21.1680221557617,10.8881149291992,-2.56290555000305,99.2444915771484,-1118.23955761392,-1972.48932304778,"StriatedCaracara",10
645,0,100.642471313477,0,13.2338066101074,9.90346813201904,2.47021245956421,9.69625949859619,24.1598167419434,20.3059501647949,11.9354934692383,162.426315307617,-1108.23955761392,-1972.48932304778,"StriatedCaracara",10
646,0,91.6711502075195,0,14.1213397979736,9.82124614715576,1.57612264156342,9.90047073364258,15.5507955551147,13.0740041732788,-0.127935171127319,129.229248046875,-1098.23955761392,-1972.48932304778,"StriatedCaracara",10
647,0,82.069938659668,0,14.4985885620117,10.9347133636475,0.724954307079315,3.27055788040161,16.7314567565918,12.1740751266479,-1.08740425109863,89.3619918823242,-1088.23955761392,-1972.48932304778,"StriatedCaracara",10
648,0,72.5362854003906,0,13.962438583374,11.3435535430908,0.0864086151123047,2.23871159553528,19.9017791748047,7.68967580795288,2.49197840690613,107.249435424805,-1078.23955761392,-1972.48932304778,"StriatedCaracara",10
649,0,63.2529220581055,0,11.6570472717285,12.7777118682861,0.316813200712204,0.279531121253967,1.77815866470337,0.237284675240517,2.15919733047485,113.021614074707,-1068.23955761392,-1972.48932304778,"StriatedCaracara",10
650,0,53.9136657714844,0,9.98621940612793,13.6292476654053,0.000305832858430222,0.00978128891438246,0.0136079853400588,0,-0.942331552505493,22.3696441650391,-1058.23955761392,-1972.48932304778,"StriatedCaracara",10
651,0,44.5784530639648,0,6.03708028793335,17.4824314117432,0,0,0,0,5.58528614044189,141.086151123047,-1048.23955761392,-1972.48932304778,"StriatedCaracara",10
652,0,35.2509574890137,0,4.05712413787842,17.9604187011719,6.71094417572021,0,4.60416650772095,0,11.0564079284668,164.241821289062,-1038.23955761392,-1972.48932304778,"StriatedCaracara",10
653,0,25.9350681304932,0,9.49143695831299,13.9948844909668,30.8448028564453,0,1.78703188896179,0,-0.0239352136850357,46.1122131347656,-1028.23955761392,-1972.48932304778,"StriatedCaracara",10
654,1,16.6427803039551,0,8.91792106628418,14.9269647598267,35.4797325134277,0.368971467018127,1.45842897891998,0.0779316127300262,4.43242454528809,120.971908569336,-1018.23955761392,-1972.48932304778,"StriatedCaracara",10
655,1,7.44988536834717,0,12.4329481124878,16.0043430328369,9.64135837554932,7.69169616699219,17.004711151123,12.6617212295532,1.30316209793091,184.104110717773,-1008.23955761392,-1972.48932304778,"StriatedCaracara",10
656,1,2.56751489639282,0,16.6377067565918,22.12424659729,7.24213790893555,10.0989933013916,25.2189254760742,19.5082035064697,-3.04149150848389,83.2964935302734,-998.23955761392,-1972.48932304778,"StriatedCaracara",10
657,0,8.64742851257324,0,14.9305124282837,19.7015571594238,3.15217113494873,2.05854439735413,27.1791076660156,29.6642398834229,3.82806777954102,140.574188232422,-988.23955761392,-1972.48932304778,"StriatedCaracara",10
658,0,8.64742851257324,0,14.9305124282837,19.7015571594238,3.15217113494873,2.05854439735413,27.1791076660156,29.6642398834229,3.82806777954102,140.574188232422,-978.23955761392,-1972.48932304778,"StriatedCaracara",10
659,0,193.686187744141,0,14.0249633789062,13.0246267318726,1.79194021224976,3.5489239692688,3.28155064582825,4.12384700775146,-0.0884161591529846,8.75258922576904,-1218.23955761392,-1982.48932304778,"StriatedCaracara",10
660,0,193.686187744141,0,14.0249633789062,13.0246267318726,1.79194021224976,3.5489239692688,3.28155064582825,4.12384700775146,-0.0884161591529846,8.75258922576904,-1208.23955761392,-1982.48932304778,"StriatedCaracara",10
661,0,185.794128417969,0,13.5546827316284,13.2188301086426,1.16027271747589,5.03299140930176,12.8799381256104,9.23126697540283,1.00290501117706,37.1760597229004,-1198.23955761392,-1982.48932304778,"StriatedCaracara",10
662,0,185.794128417969,0,13.5546827316284,13.2188301086426,1.16027271747589,5.03299140930176,12.8799381256104,9.23126697540283,1.00290501117706,37.1760597229004,-1188.23955761392,-1982.48932304778,"StriatedCaracara",10
663,0,166.618988037109,0,13.4583034515381,12.9568843841553,1.59442734718323,1.63716876506805,36.2620811462402,20.1794204711914,-2.4910523891449,65.5653381347656,-1178.23955761392,-1982.48932304778,"StriatedCaracara",10
664,0,156.216232299805,0,13.3714981079102,12.2645835876465,3.43059420585632,1.79475593566895,41.9863815307617,19.8827095031738,0.561466097831726,106.418960571289,-1168.23955761392,-1982.48932304778,"StriatedCaracara",10
665,0,156.216232299805,0,13.3714981079102,12.2645835876465,3.43059420585632,1.79475593566895,41.9863815307617,19.8827095031738,0.561466097831726,106.418960571289,-1158.23955761392,-1982.48932304778,"StriatedCaracara",10
666,0,138.028991699219,0,12.88609790802,11.6746797561646,0.85527503490448,4.11328125,36.7595138549805,11.72243309021,9.10598945617676,181.533493041992,-1148.23955761392,-1982.48932304778,"StriatedCaracara",10
667,0,128.787689208984,0,12.5244026184082,11.3348083496094,1.83164036273956,3.70215654373169,34.4699401855469,8.86130809783936,-4.52632427215576,211.065322875977,-1138.23955761392,-1982.48932304778,"StriatedCaracara",10
668,0,119.429946899414,0,13.1369380950928,10.7671585083008,1.58752310276031,5.95722055435181,25.346076965332,15.18226146698,0.233753621578217,180.231353759766,-1128.23955761392,-1982.48932304778,"StriatedCaracara",10
669,0,110.113349914551,0,13.5963191986084,10.4986906051636,0.998714864253998,3.63552689552307,21.1680221557617,10.8881149291992,-2.56290555000305,99.2444915771484,-1118.23955761392,-1982.48932304778,"StriatedCaracara",10
670,0,100.820869445801,0,13.3463544845581,10.3333539962769,1.6139909029007,6.37455368041992,21.1688480377197,21.7350959777832,2.07588863372803,142.925064086914,-1108.23955761392,-1982.48932304778,"StriatedCaracara",10
671,0,92.579833984375,0,13.0274648666382,10.1039628982544,1.28401851654053,8.05897045135498,20.4349498748779,12.467095375061,-3.87316417694092,136.315673828125,-1098.23955761392,-1982.48932304778,"StriatedCaracara",10
672,0,82.069938659668,0,14.4985885620117,10.9347133636475,0.724954307079315,3.27055788040161,16.7314567565918,12.1740751266479,-1.08740425109863,89.3619918823242,-1088.23955761392,-1982.48932304778,"StriatedCaracara",10
673,0,72.945686340332,0,14.3935508728027,11.4818563461304,0.966415405273438,3.29242277145386,27.1243553161621,9.25424575805664,-8.46793556213379,159.088363647461,-1078.23955761392,-1982.48932304778,"StriatedCaracara",10
674,0,63.7038269042969,0,14.2993392944336,11.7439632415771,1.83069741725922,4.70858764648438,25.5262775421143,7.38466453552246,-6.14777946472168,170.069366455078,-1068.23955761392,-1982.48932304778,"StriatedCaracara",10
675,0,54.4973335266113,0,9.84487438201904,13.8859910964966,0.00188728980720043,0.131211906671524,1.16565561294556,0.234306424856186,3.20609593391418,40.8720703125,-1058.23955761392,-1982.48932304778,"StriatedCaracara",10
676,0,45.3194961547852,0,6.47574281692505,17.6390705108643,0,0,0,0,3.80115365982056,109.121437072754,-1048.23955761392,-1982.48932304778,"StriatedCaracara",10
677,0,36.2199478149414,0,6.69279766082764,16.9036846160889,0.384350419044495,0,2.93764495849609,0,-1.96907520294189,133.311065673828,-1038.23955761392,-1982.48932304778,"StriatedCaracara",10
678,0,27.2700138092041,0,10.5254554748535,13.4466552734375,23.1064395904541,0,8.49766731262207,0,-2.00967025756836,30.2987117767334,-1028.23955761392,-1982.48932304778,"StriatedCaracara",10
679,1,18.6782760620117,0,11.6417903900146,13.8510885238647,22.8790187835693,0,6.7194037437439,3.60159492492676,-1.8191294670105,87.5669326782227,-1018.23955761392,-1982.48932304778,"StriatedCaracara",10
680,1,11.0753545761108,0,12.9281024932861,15.9678936004639,3.36462044715881,4.22319793701172,25.8793716430664,18.4479694366455,3.11851668357849,201.580841064453,-1008.23955761392,-1982.48932304778,"StriatedCaracara",10
681,1,5.15312623977661,0,17.3043937683105,21.216381072998,3.87698316574097,8.6956672668457,21.5356388092041,14.6315479278564,-0.744678378105164,56.6654930114746,-998.23955761392,-1982.48932304778,"StriatedCaracara",10
682,1,8.64742851257324,0,14.9305124282837,19.7015571594238,3.15217113494873,2.05854439735413,27.1791076660156,29.6642398834229,3.82806777954102,140.574188232422,-988.23955761392,-1982.48932304778,"StriatedCaracara",10
683,0,185.794128417969,0,13.5546827316284,13.2188301086426,1.16027271747589,5.03299140930176,12.8799381256104,9.23126697540283,1.00290501117706,37.1760597229004,-1198.23955761392,-1992.48932304778,"StriatedCaracara",10
684,0,176.023986816406,0,12.8990230560303,13.3193836212158,3.07182741165161,3.78870916366577,30.0681610107422,24.1963119506836,3.73796057701111,110.385032653809,-1188.23955761392,-1992.48932304778,"StriatedCaracara",10
685,0,166.618988037109,0,13.4583034515381,12.9568843841553,1.59442734718323,1.63716876506805,36.2620811462402,20.1794204711914,-2.4910523891449,65.5653381347656,-1178.23955761392,-1992.48932304778,"StriatedCaracara",10
686,0,157.349517822266,0,12.7304410934448,12.6430244445801,1.63219726085663,1.93059968948364,36.6541290283203,21.5192680358887,5.69627714157104,154.768478393555,-1168.23955761392,-1992.48932304778,"StriatedCaracara",10
687,0,148.135482788086,0,13.0088682174683,12.2764921188354,0.959380209445953,5.84405660629272,29.2455978393555,23.6418418884277,-5.01008605957031,147.537353515625,-1158.23955761392,-1992.48932304778,"StriatedCaracara",10
688,0,138.940048217773,0,13.2183856964111,12.0947647094727,1.3188750743866,5.02121543884277,30.6187000274658,23.9829521179199,4.94309377670288,158.962310791016,-1148.23955761392,-1992.48932304778,"StriatedCaracara",10
689,0,129.566528320312,0,13.4034376144409,11.5985317230225,2.33247923851013,5.65730762481689,26.043270111084,17.609016418457,-6.70691871643066,165.578948974609,-1138.23955761392,-1992.48932304778,"StriatedCaracara",10
690,0,120.422653198242,0,13.4583568572998,11.0824775695801,1.54272270202637,7.11832094192505,22.4997119903564,20.7761192321777,3.91637778282166,171.607666015625,-1128.23955761392,-1992.48932304778,"StriatedCaracara",10
691,0,120.422653198242,0,13.4583568572998,11.0824775695801,1.54272270202637,7.11832094192505,22.4997119903564,20.7761192321777,3.91637778282166,171.607666015625,-1118.23955761392,-1992.48932304778,"StriatedCaracara",10
692,0,101.931480407715,0,13.986403465271,10.4870223999023,1.04586732387543,3.07222676277161,22.7513866424561,16.7208442687988,0.170622408390045,136.430999755859,-1108.23955761392,-1992.48932304778,"StriatedCaracara",10
693,0,94.5616683959961,0,12.9137926101685,10.4390363693237,0.420090049505234,2.7756335735321,22.7308502197266,6.34275817871094,4.31923341751099,111.365325927734,-1098.23955761392,-1992.48932304778,"StriatedCaracara",10
694,0,83.5081253051758,0,14.5421447753906,10.9320383071899,0.464583843946457,2.53757691383362,14.771746635437,12.3759231567383,-2.89684867858887,84.1772308349609,-1088.23955761392,-1992.48932304778,"StriatedCaracara",10
695,0,74.6901626586914,0,13.1808910369873,12.6642408370972,1.22395646572113,4.66950845718384,23.5848712921143,8.03672027587891,4.6647572517395,173.799621582031,-1078.23955761392,-1992.48932304778,"StriatedCaracara",10
696,0,65.6828765869141,0,12.4988508224487,12.9642105102539,2.42011213302612,2.52979707717896,12.4001150131226,2.22044205665588,5.83148574829102,219.611236572266,-1068.23955761392,-1992.48932304778,"StriatedCaracara",10
697,0,56.7779121398926,0,9.49820804595947,14.0623607635498,0,0.161306694149971,1.13773655891418,0.00904701463878155,-3.34337735176086,86.5933685302734,-1058.23955761392,-1992.48932304778,"StriatedCaracara",10
698,0,48.0202941894531,0,6.49782609939575,17.4613742828369,0,0,0.0656731352210045,0,0.0619586706161499,87.4911727905273,-1048.23955761392,-1992.48932304778,"StriatedCaracara",10
699,0,39.5240516662598,0,8.25724697113037,14.4239482879639,0,0,0.00256699160672724,0,-2.20758843421936,86.485954284668,-1038.23955761392,-1992.48932304778,"StriatedCaracara",10
700,0,31.4696655273438,0,10.0930767059326,13.2673072814941,14.5583524703979,0,5.33118152618408,0,1.41408824920654,46.414794921875,-1028.23955761392,-1992.48932304778,"StriatedCaracara",10
701,0,24.2084922790527,0,12.7270965576172,13.405294418335,15.3048295974731,0.727503418922424,11.6101522445679,3.0463719367981,0.285042583942413,99.5330200195312,-1018.23955761392,-1992.48932304778,"StriatedCaracara",10
702,1,18.279052734375,0,15.0823163986206,16.3852157592773,0.771118104457855,0.522063553333282,14.3330059051514,5.93118000030518,-4.48753499984741,100.815811157227,-1008.23955761392,-1992.48932304778,"StriatedCaracara",10
703,0,12.8173408508301,0,16.8988590240479,20.3181571960449,0.0935347974300385,0.126411974430084,1.27429521083832,0.289869278669357,-2.07268929481506,6.42304372787476,-998.23955761392,-1992.48932304778,"StriatedCaracara",10
704,0,12.8173408508301,0,16.8988590240479,20.3181571960449,0.0935347974300385,0.126411974430084,1.27429521083832,0.289869278669357,-2.07268929481506,6.42304372787476,-988.23955761392,-1992.48932304778,"StriatedCaracara",10
705,0,193.686187744141,0,14.0249633789062,13.0246267318726,1.79194021224976,3.5489239692688,3.28155064582825,4.12384700775146,-0.0884161591529846,8.75258922576904,-1208.23955761392,-2002.48932304778,"StriatedCaracara",10
706,0,176.837738037109,0,13.1417846679688,14.1150102615356,1.23617577552795,2.16024470329285,26.3176021575928,24.0859298706055,-1.88354647159576,73.7252426147461,-1198.23955761392,-2002.48932304778,"StriatedCaracara",10
707,0,176.837738037109,0,13.1417846679688,14.1150102615356,1.23617577552795,2.16024470329285,26.3176021575928,24.0859298706055,-1.88354647159576,73.7252426147461,-1188.23955761392,-2002.48932304778,"StriatedCaracara",10
708,0,167.673309326172,0,12.8963813781738,13.6407127380371,1.39979493618011,3.2533483505249,32.0038414001465,24.4518756866455,2.57028961181641,115.745422363281,-1178.23955761392,-2002.48932304778,"StriatedCaracara",10
709,0,158.574981689453,0,12.4442901611328,13.2950801849365,1.57738614082336,3.7000458240509,41.8503112792969,21.2348327636719,0.540980815887451,174.230667114258,-1168.23955761392,-2002.48932304778,"StriatedCaracara",10
710,0,158.574981689453,0,12.4442901611328,13.2950801849365,1.57738614082336,3.7000458240509,41.8503112792969,21.2348327636719,0.540980815887451,174.230667114258,-1158.23955761392,-2002.48932304778,"StriatedCaracara",10
711,0,140.125701904297,0,12.9174737930298,12.6529531478882,0.957272529602051,6.79557943344116,30.2009620666504,18.287130355835,-3.23109316825867,152.280914306641,-1148.23955761392,-2002.48932304778,"StriatedCaracara",10
712,0,130.844802856445,0,12.6310214996338,12.2177858352661,0.797985434532166,4.82724905014038,37.7527465820312,17.685525894165,7.15925979614258,174.730484008789,-1138.23955761392,-2002.48932304778,"StriatedCaracara",10
713,0,121.73063659668,0,12.8038854598999,11.6799697875977,0.948161602020264,6.87286758422852,31.7891960144043,12.942798614502,-0.0118211545050144,176.26318359375,-1128.23955761392,-2002.48932304778,"StriatedCaracara",10
714,0,121.73063659668,0,12.8038854598999,11.6799697875977,0.948161602020264,6.87286758422852,31.7891960144043,12.942798614502,-0.0118211545050144,176.26318359375,-1118.23955761392,-2002.48932304778,"StriatedCaracara",10
715,0,103.210708618164,0,14.0788068771362,10.8908176422119,1.3448007106781,3.6996898651123,25.7490005493164,17.1966514587402,-1.92666697502136,134.111389160156,-1108.23955761392,-2002.48932304778,"StriatedCaracara",10
716,0,94.8993682861328,0,14.4541893005371,10.974214553833,0.430369943380356,0.943397402763367,13.3360872268677,6.35345411300659,-3.69553208351135,46.1439781188965,-1098.23955761392,-2002.48932304778,"StriatedCaracara",10
717,0,84.3963623046875,0,14.85973072052,10.6076564788818,1.33059978485107,2.74976205825806,19.5779666900635,13.0056266784668,0.441142439842224,76.6898727416992,-1088.23955761392,-2002.48932304778,"StriatedCaracara",10
718,0,74.8664169311523,0,13.9392871856689,11.7236928939819,0.0893812850117683,5.66380643844604,37.3751411437988,12.7327260971069,-0.77202308177948,153.974273681641,-1078.23955761392,-2002.48932304778,"StriatedCaracara",10
719,0,66.355712890625,0,14.0937614440918,12.0794019699097,0.509739518165588,2.32518434524536,20.8426113128662,6.19596672058105,0.146130383014679,167.691635131836,-1068.23955761392,-2002.48932304778,"StriatedCaracara",10
720,0,57.2634010314941,0,9.54329013824463,14.6148853302002,0.255505740642548,1.04337811470032,2.81179785728455,0.00688194017857313,3.06587481498718,200.006301879883,-1058.23955761392,-2002.48932304778,"StriatedCaracara",10
721,0,48.1812934875488,0,7.66164112091064,16.2548942565918,0,0,0.0908915475010872,0,1.26238703727722,106.764198303223,-1048.23955761392,-2002.48932304778,"StriatedCaracara",10
722,0,39.1896896362305,0,8.35692024230957,14.0740070343018,0,0,0,0,-1.036208152771,22.4796657562256,-1038.23955761392,-2002.48932304778,"StriatedCaracara",10
723,0,30.3688201904297,0,9.34456253051758,13.4328422546387,2.7296314239502,0,3.88775277137756,0,0.2408147752285,29.685604095459,-1028.23955761392,-2002.48932304778,"StriatedCaracara",10
724,0,21.9498615264893,0,11.0905361175537,13.6007776260376,12.6917867660522,1.87426280975342,19.4043464660645,5.47013282775879,-3.25216245651245,180.781921386719,-1018.23955761392,-2002.48932304778,"StriatedCaracara",10
725,0,14.6466131210327,0,12.8429050445557,13.8801765441895,1.87709021568298,3.04685115814209,29.1336917877197,15.2182703018188,-4.83768510818481,227.374740600586,-1008.23955761392,-2002.48932304778,"StriatedCaracara",10
726,1,10.5309114456177,0,16.0442008972168,18.6000595092773,2.49689197540283,2.1696035861969,13.6278057098389,5.65406656265259,0.913134932518005,107.506622314453,-998.23955761392,-2002.48932304778,"StriatedCaracara",10
727,0,10.5309114456177,0,16.0442008972168,18.6000595092773,2.49689197540283,2.1696035861969,13.6278057098389,5.65406656265259,0.913134932518005,107.506622314453,-988.23955761392,-2002.48932304778,"StriatedCaracara",10
728,0,186.244201660156,0,13.7180662155151,15.3505172729492,1.06419944763184,28.1350917816162,23.4437217712402,8.24635791778564,1.47045946121216,39.2413024902344,-1208.23955761392,-2012.48932304778,"StriatedCaracara",10
729,0,186.244201660156,0,13.7180662155151,15.3505172729492,1.06419944763184,28.1350917816162,23.4437217712402,8.24635791778564,1.47045946121216,39.2413024902344,-1198.23955761392,-2012.48932304778,"StriatedCaracara",10
730,0,177.262435913086,0,13.2940826416016,15.6525163650513,1.86244785785675,24.557186126709,9.78477764129639,8.90266418457031,1.07166612148285,62.7872695922852,-1188.23955761392,-2012.48932304778,"StriatedCaracara",10
731,0,167.507263183594,0,13.2726726531982,14.1971006393433,2.10121178627014,1.34926748275757,29.2176856994629,22.8907833099365,-0.789031028747559,88.6886596679688,-1178.23955761392,-2012.48932304778,"StriatedCaracara",10
732,0,158.454391479492,0,12.7400703430176,13.6657018661499,2.67572355270386,4.40118980407715,34.0421524047852,26.5849590301514,-4.6973671913147,167.50830078125,-1168.23955761392,-2012.48932304778,"StriatedCaracara",10
733,0,148.233779907227,0,13.306510925293,13.5552053451538,0.68940669298172,4.29841423034668,21.8897705078125,10.9401006698608,-0.914056122303009,53.648738861084,-1158.23955761392,-2012.48932304778,"StriatedCaracara",10
734,0,139.330871582031,0,13.2287034988403,13.4521961212158,0.983578205108643,3.92180752754211,21.8035125732422,13.2336044311523,-0.692830085754395,102.713752746582,-1148.23955761392,-2012.48932304778,"StriatedCaracara",10
735,0,130.502380371094,0,13.1119384765625,13.0151491165161,0.378829628229141,4.29209089279175,37.1413040161133,17.1529674530029,-4.57042264938354,169.273223876953,-1138.23955761392,-2012.48932304778,"StriatedCaracara",10
736,0,121.210609436035,0,12.286979675293,12.3485918045044,1.88344895839691,4.23275566101074,40.6085090637207,6.38368892669678,7.69268417358398,181.817657470703,-1128.23955761392,-2012.48932304778,"StriatedCaracara",10
737,0,112.107788085938,0,13.2487449645996,12.0970516204834,1.55820596218109,5.62935733795166,36.4464836120605,16.7808723449707,6.92840242385864,174.596313476562,-1118.23955761392,-2012.48932304778,"StriatedCaracara",10
738,0,103.210708618164,0,14.0788068771362,10.8908176422119,1.3448007106781,3.6996898651123,25.7490005493164,17.1966514587402,-1.92666697502136,134.111389160156,-1108.23955761392,-2012.48932304778,"StriatedCaracara",10
739,0,93.1741027832031,0,14.2265930175781,10.9631271362305,1.64357590675354,4.28706121444702,30.7980442047119,22.5381050109863,2.73024320602417,134.322326660156,-1098.23955761392,-2012.48932304778,"StriatedCaracara",10
740,0,83.9343185424805,0,14.2122783660889,10.6663074493408,3.34140944480896,3.97957158088684,38.4689788818359,20.4966869354248,6.60414981842041,153.484405517578,-1088.23955761392,-2012.48932304778,"StriatedCaracara",10
741,0,74.8664169311523,0,13.9392871856689,11.7236928939819,0.0893812850117683,5.66380643844604,37.3751411437988,12.7327260971069,-0.77202308177948,153.974273681641,-1078.23955761392,-2012.48932304778,"StriatedCaracara",10
742,0,55.9749412536621,0,12.6609506607056,13.1516017913818,0.0982834249734879,0.124868541955948,4.49177837371826,0.329684376716614,-5.14360380172729,184.554779052734,-1068.23955761392,-2012.48932304778,"StriatedCaracara",10
743,0,55.9749412536621,0,12.6609506607056,13.1516017913818,0.0982834249734879,0.124868541955948,4.49177837371826,0.329684376716614,-5.14360380172729,184.554779052734,-1058.23955761392,-2012.48932304778,"StriatedCaracara",10
744,0,46.7472114562988,0,8.49009132385254,15.8406524658203,0,0,0.0639114156365395,0,0.924873113632202,124.464630126953,-1048.23955761392,-2012.48932304778,"StriatedCaracara",10
745,0,37.4691314697266,0,7.68900585174561,14.8720149993896,0,0,0,0,0.555529296398163,67.4045562744141,-1038.23955761392,-2012.48932304778,"StriatedCaracara",10
746,0,28.2128753662109,0,10.1867294311523,13.5230159759521,0,0,0,0,-1.17164635658264,25.2138175964355,-1028.23955761392,-2012.48932304778,"StriatedCaracara",10
747,0,19.0111656188965,0,9.79672431945801,14.2300186157227,16.0375423431396,0.455990761518478,9.70316505432129,1.00064408779144,3.95528602600098,162.328140258789,-1018.23955761392,-2012.48932304778,"StriatedCaracara",10
748,0,10.0276651382446,0,13.1137247085571,14.1489219665527,3.13839888572693,3.40725207328796,25.7804718017578,14.8609638214111,2.15835762023926,213.448791503906,-1008.23955761392,-2012.48932304778,"StriatedCaracara",10
749,0,3.45446157455444,0,13.2140130996704,16.2068347930908,3.58119249343872,2.95228052139282,31.7284622192383,24.8188171386719,-3.92275404930115,185.640472412109,-998.23955761392,-2012.48932304778,"StriatedCaracara",10
750,0,186.244201660156,0,13.7180662155151,15.3505172729492,1.06419944763184,28.1350917816162,23.4437217712402,8.24635791778564,1.47045946121216,39.2413024902344,-1208.23955761392,-2022.48932304778,"StriatedCaracara",10
751,0,186.244201660156,0,13.7180662155151,15.3505172729492,1.06419944763184,28.1350917816162,23.4437217712402,8.24635791778564,1.47045946121216,39.2413024902344,-1198.23955761392,-2022.48932304778,"StriatedCaracara",10
752,0,177.262435913086,0,13.2940826416016,15.6525163650513,1.86244785785675,24.557186126709,9.78477764129639,8.90266418457031,1.07166612148285,62.7872695922852,-1188.23955761392,-2022.48932304778,"StriatedCaracara",10
753,0,167.930511474609,0,13.5257091522217,15.0287027359009,1.02916920185089,2.30875682830811,15.3400468826294,14.9918546676636,-1.3104168176651,55.2715377807617,-1178.23955761392,-2022.48932304778,"StriatedCaracara",10
754,0,158.468994140625,0,13.1177635192871,14.3041725158691,2.105299949646,7.94494438171387,23.636116027832,24.2702465057373,-1.96876096725464,131.457946777344,-1168.23955761392,-2022.48932304778,"StriatedCaracara",10
755,0,149.746032714844,0,13.6178417205811,14.4330940246582,0.792634844779968,4.45412111282349,26.2612972259521,20.9298858642578,3.06323409080505,67.6629104614258,-1158.23955761392,-2022.48932304778,"StriatedCaracara",10
756,0,139.546997070312,0,13.2883796691895,13.9585657119751,0.276123911142349,2.8421950340271,27.1209907531738,12.6015520095825,0.116418421268463,112.024085998535,-1148.23955761392,-2022.48932304778,"StriatedCaracara",10
757,0,130.599182128906,0,12.9480228424072,13.595362663269,0.714268445968628,2.7103853225708,42.3288726806641,13.748119354248,1.08952748775482,121.155914306641,-1138.23955761392,-2022.48932304778,"StriatedCaracara",10
758,0,121.384269714355,0,12.4985828399658,12.8072452545166,0.781862616539001,2.78012990951538,47.8978500366211,5.31403875350952,-2.8636302947998,160.583374023438,-1128.23955761392,-2022.48932304778,"StriatedCaracara",10
759,0,112.107788085938,0,13.2487449645996,12.0970516204834,1.55820596218109,5.62935733795166,36.4464836120605,16.7808723449707,6.92840242385864,174.596313476562,-1118.23955761392,-2022.48932304778,"StriatedCaracara",10
760,0,112.107788085938,0,13.2487449645996,12.0970516204834,1.55820596218109,5.62935733795166,36.4464836120605,16.7808723449707,6.92840242385864,174.596313476562,-1108.23955761392,-2022.48932304778,"StriatedCaracara",10
761,0,93.3634796142578,0,14.1825857162476,11.3897266387939,1.3772509098053,3.52254152297974,28.3071308135986,20.4505043029785,-4.38756704330444,115.950645446777,-1098.23955761392,-2022.48932304778,"StriatedCaracara",10
762,0,86.0579986572266,0,13.7491493225098,11.3117361068726,0.639688372612,4.20490741729736,41.9967918395996,10.8844566345215,1.53135061264038,182.715423583984,-1088.23955761392,-2022.48932304778,"StriatedCaracara",10
763,0,75.0996170043945,0,14.4335680007935,11.1690282821655,1.34221494197845,1.85500931739807,29.1243839263916,12.7539863586426,-8.63316059112549,162.527069091797,-1078.23955761392,-2022.48932304778,"StriatedCaracara",10
764,0,65.9549713134766,0,12.3694877624512,13.4250936508179,0.626323282718658,2.09615468978882,14.3992290496826,0.736688017845154,6.13867282867432,207.34033203125,-1068.23955761392,-2022.48932304778,"StriatedCaracara",10
765,0,59.5003433227539,0,8.36676216125488,14.9197301864624,0,0,0,0,2.36189937591553,135.130767822266,-1058.23955761392,-2022.48932304778,"StriatedCaracara",10
766,0,47.7026214599609,0,8.05763149261475,15.5882205963135,0,0,0.0659459009766579,0,1.66720759868622,80.4262008666992,-1048.23955761392,-2022.48932304778,"StriatedCaracara",10
767,0,38.7331237792969,0,6.85417747497559,17.0292987823486,0,0,0,0,11.6656761169434,145.82405090332,-1038.23955761392,-2022.48932304778,"StriatedCaracara",10
768,0,29.9655742645264,0,10.9040575027466,14.0123634338379,0,0,0,0,3.4141902923584,72.275993347168,-1028.23955761392,-2022.48932304778,"StriatedCaracara",10
769,0,21.6517009735107,0,11.7790966033936,13.9951496124268,4.82473468780518,0.995015740394592,12.1773643493652,9.16876697540283,-1.70801138877869,130.101272583008,-1018.23955761392,-2022.48932304778,"StriatedCaracara",10
770,0,14.5789928436279,0,10.5694437026978,14.2741422653198,3.63936996459961,2.07605195045471,31.6700038909912,13.4734878540039,8.17996788024902,234.180038452148,-1008.23955761392,-2022.48932304778,"StriatedCaracara",10
771,0,11.0840740203857,0,11.8520469665527,14.317066192627,1.76348602771759,3.80717921257019,27.4770984649658,33.9785614013672,-5.73082160949707,200.862213134766,-998.23955761392,-2022.48932304778,"StriatedCaracara",10
772,0,188.36848449707,0,13.6306962966919,16.0574359893799,0.148584991693497,11.0750751495361,8.45176410675049,3.57765030860901,-0.559654593467712,12.1302623748779,-1198.23955761392,-2032.48932304778,"StriatedCaracara",10
773,0,177.543548583984,0,13.3438310623169,16.1293964385986,1.0698664188385,21.8626976013184,6.28231430053711,9.72846984863281,0.918370306491852,70.8518905639648,-1188.23955761392,-2032.48932304778,"StriatedCaracara",10
774,0,168.419631958008,0,13.2620677947998,15.713059425354,1.80848228931427,17.7539386749268,11.0312385559082,10.6340484619141,-0.492834836244583,72.0766448974609,-1178.23955761392,-2032.48932304778,"StriatedCaracara",10
775,0,159.145614624023,0,12.961971282959,14.8162069320679,3.85944628715515,9.20511531829834,17.3057479858398,20.2488059997559,3.77705860137939,116.749603271484,-1168.23955761392,-2032.48932304778,"StriatedCaracara",10
776,0,150.72200012207,0,13.9847106933594,14.7875146865845,0.690905749797821,9.67996406555176,10.9527320861816,18.4572715759277,-2.87799048423767,49.7758522033691,-1158.23955761392,-2032.48932304778,"StriatedCaracara",10
777,0,139.332214355469,0,13.1375999450684,14.3557815551758,1.68329381942749,2.55280256271362,23.7383632659912,12.9195222854614,2.10516858100891,75.9618453979492,-1148.23955761392,-2032.48932304778,"StriatedCaracara",10
778,0,131.587265014648,0,13.2932014465332,13.9189004898071,1.49349784851074,3.81484460830688,31.0625915527344,17.5771961212158,-0.298998862504959,90.4708786010742,-1138.23955761392,-2032.48932304778,"StriatedCaracara",10
779,0,122.417503356934,0,12.6355285644531,13.1144561767578,1.81794655323029,5.32741641998291,42.7246475219727,5.79745244979858,1.69596016407013,175.445266723633,-1128.23955761392,-2032.48932304778,"StriatedCaracara",10
780,1,113.417709350586,0,12.9458856582642,12.5014696121216,3.75374174118042,7.0761661529541,36.8503189086914,10.4432802200317,0.133173853158951,208.517974853516,-1118.23955761392,-2032.48932304778,"StriatedCaracara",10
781,0,113.417709350586,0,12.9458856582642,12.5014696121216,3.75374174118042,7.0761661529541,36.8503189086914,10.4432802200317,0.133173853158951,208.517974853516,-1108.23955761392,-2032.48932304778,"StriatedCaracara",10
782,0,95.0717315673828,0,13.6701602935791,11.6189155578613,1.14984655380249,5.22824335098267,31.4650897979736,15.9547958374023,6.59829807281494,154.991149902344,-1098.23955761392,-2032.48932304778,"StriatedCaracara",10
783,0,86.0579986572266,0,13.7491493225098,11.3117361068726,0.639688372612,4.20490741729736,41.9967918395996,10.8844566345215,1.53135061264038,182.715423583984,-1088.23955761392,-2032.48932304778,"StriatedCaracara",10
784,0,77.1015548706055,0,13.4002780914307,11.3253345489502,4.41471195220947,0.941878020763397,32.6756019592285,7.22973728179932,6.36613988876343,199.459396362305,-1078.23955761392,-2032.48932304778,"StriatedCaracara",10
785,0,68.1697006225586,0,12.3421726226807,13.2152156829834,1.21996414661407,0.725627779960632,11.0848007202148,1.05599403381348,4.05931663513184,224.9013671875,-1068.23955761392,-2032.48932304778,"StriatedCaracara",10
786,0,59.5003433227539,0,8.36676216125488,14.9197301864624,0,0,0,0,2.36189937591553,135.130767822266,-1058.23955761392,-2032.48932304778,"StriatedCaracara",10
787,0,50.9652557373047,0,6.41759538650513,16.3760890960693,0,0,0,0,1.46183776855469,47.2677917480469,-1048.23955761392,-2032.48932304778,"StriatedCaracara",10
788,0,42.7579040527344,0,7.16248035430908,16.2521629333496,0,0,0,0,-6.59677124023438,134.37190246582,-1038.23955761392,-2032.48932304778,"StriatedCaracara",10
789,0,35.0884017944336,0,12.2960739135742,13.0697002410889,0,0.0206066817045212,0.317590981721878,0.130121842026711,-4.35056352615356,107.603591918945,-1028.23955761392,-2032.48932304778,"StriatedCaracara",10
790,0,28.4063606262207,0,15.3428430557251,13.2591562271118,0.373806327581406,0.666462898254395,12.8950443267822,12.6829223632812,0.494346559047699,65.6874923706055,-1018.23955761392,-2032.48932304778,"StriatedCaracara",10
791,0,23.5771369934082,0,13.6329708099365,13.5862817764282,3.33230113983154,3.77707386016846,32.3724822998047,22.9537582397461,-2.32280826568604,104.326080322266,-1008.23955761392,-2032.48932304778,"StriatedCaracara",10
792,0,21.6944751739502,0,11.0173950195312,14.1613435745239,4.79941940307617,2.56187963485718,29.6352424621582,15.6546602249146,4.22044563293457,173.001647949219,-998.23955761392,-2032.48932304778,"StriatedCaracara",10
793,0,188.36848449707,0,13.6306962966919,16.0574359893799,0.148584991693497,11.0750751495361,8.45176410675049,3.57765030860901,-0.559654593467712,12.1302623748779,-1198.23955761392,-2042.48932304778,"StriatedCaracara",10
794,0,169.873962402344,0,13.3215599060059,16.2080001831055,1.16924726963043,22.990062713623,4.27068901062012,10.5559005737305,0.0380318239331245,68.2357940673828,-1188.23955761392,-2042.48932304778,"StriatedCaracara",10
795,0,169.873962402344,0,13.3215599060059,16.2080001831055,1.16924726963043,22.990062713623,4.27068901062012,10.5559005737305,0.0380318239331245,68.2357940673828,-1178.23955761392,-2042.48932304778,"StriatedCaracara",10
796,0,169.873962402344,0,13.3215599060059,16.2080001831055,1.16924726963043,22.990062713623,4.27068901062012,10.5559005737305,0.0380318239331245,68.2357940673828,-1168.23955761392,-2042.48932304778,"StriatedCaracara",10
797,0,152.255477905273,0,14.2309017181396,15.247654914856,0.0443311221897602,7.44927787780762,11.1580009460449,19.7865352630615,-0.299256473779678,17.2637748718262,-1158.23955761392,-2042.48932304778,"StriatedCaracara",10
798,0,140.818359375,0,13.6666431427002,14.9315662384033,0.60912811756134,3.55744647979736,12.7791442871094,14.3826599121094,1.11445951461792,53.9655570983887,-1148.23955761392,-2042.48932304778,"StriatedCaracara",10
799,0,133.272583007812,0,13.0851345062256,14.152027130127,2.78215432167053,6.41304683685303,29.7585296630859,17.8243465423584,0.780128240585327,146.524688720703,-1138.23955761392,-2042.48932304778,"StriatedCaracara",10
800,0,115.744888305664,0,13.2705383300781,12.8592224121094,2.80851435661316,5.7524585723877,27.7654094696045,18.531364440918,2.81361985206604,158.52587890625,-1128.23955761392,-2042.48932304778,"StriatedCaracara",10
801,0,115.744888305664,0,13.2705383300781,12.8592224121094,2.80851435661316,5.7524585723877,27.7654094696045,18.531364440918,2.81361985206604,158.52587890625,-1118.23955761392,-2042.48932304778,"StriatedCaracara",10
802,1,115.744888305664,0,13.2705383300781,12.8592224121094,2.80851435661316,5.7524585723877,27.7654094696045,18.531364440918,2.81361985206604,158.52587890625,-1108.23955761392,-2042.48932304778,"StriatedCaracara",10
803,0,88.4123992919922,0,14.1282453536987,12.1676464080811,0.826634705066681,1.81250464916229,23.746072769165,15.1561145782471,0.225795358419418,125.011962890625,-1098.23955761392,-2042.48932304778,"StriatedCaracara",10
804,0,88.4123992919922,0,14.1282453536987,12.1676464080811,0.826634705066681,1.81250464916229,23.746072769165,15.1561145782471,0.225795358419418,125.011962890625,-1088.23955761392,-2042.48932304778,"StriatedCaracara",10
805,0,80.4474182128906,0,13.8137807846069,12.7406969070435,1.01959812641144,1.96404242515564,24.6827850341797,11.0672473907471,-4.69560527801514,167.154144287109,-1078.23955761392,-2042.48932304778,"StriatedCaracara",10
806,0,72.0288696289062,0,11.7659177780151,13.8431940078735,0.0010089548304677,0.488541752099991,7.90190649032593,1.25674152374268,-2.3764271736145,208.261306762695,-1068.23955761392,-2042.48932304778,"StriatedCaracara",10
807,0,63.9044723510742,0,7.77465009689331,15.8773136138916,0,0,0,0,-3.05429434776306,77.7931365966797,-1058.23955761392,-2042.48932304778,"StriatedCaracara",10
808,0,56.0993728637695,0,5.78398084640503,17.9649314880371,0,0,0,0,0.686714470386505,67.0251617431641,-1048.23955761392,-2042.48932304778,"StriatedCaracara",10
809,0,48.8307571411133,0,4.96431827545166,19.0526504516602,0,0,0.171494007110596,0,6.61081027984619,177.021301269531,-1038.23955761392,-2042.48932304778,"StriatedCaracara",10
810,0,42.349063873291,0,12.5522289276123,12.4561138153076,0.865653097629547,1.28254699707031,3.92559933662415,3.82758259773254,-5.06181335449219,173.492126464844,-1028.23955761392,-2042.48932304778,"StriatedCaracara",10
811,0,37.0825958251953,0,16.8116283416748,11.8627090454102,0.435538411140442,0.0874675139784813,13.8547229766846,14.1895999908447,-0.949367046356201,34.5339622497559,-1018.23955761392,-2042.48932304778,"StriatedCaracara",10
812,1,33.620044708252,0,14.2075500488281,12.5747585296631,1.10001003742218,1.94175934791565,31.2839050292969,25.3060207366943,-1.11782658100128,125.662292480469,-1008.23955761392,-2042.48932304778,"StriatedCaracara",10
813,0,32.3911514282227,0,11.0530452728271,13.9190711975098,4.26454019546509,1.78393399715424,34.7479782104492,20.7858543395996,7.16724014282227,163.181518554688,-998.23955761392,-2042.48932304778,"StriatedCaracara",10
814,0,32.3911514282227,0,11.0530452728271,13.9190711975098,4.26454019546509,1.78393399715424,34.7479782104492,20.7858543395996,7.16724014282227,163.181518554688,-988.23955761392,-2042.48932304778,"StriatedCaracara",10
815,0,174.423706054688,0,12.9311027526855,17.1793174743652,2.7643620967865,9.78222942352295,18.9931449890137,10.2745895385742,1.07907319068909,95.94677734375,-1178.23955761392,-2052.48932304778,"StriatedCaracara",10
816,0,166.011428833008,0,12.9510345458984,16.6507682800293,2.09550142288208,5.22600603103638,32.5431823730469,13.2431144714355,0.961743235588074,56.8136177062988,-1168.23955761392,-2052.48932304778,"StriatedCaracara",10
817,0,160.660995483398,0,13.9559383392334,16.2825527191162,0.211645320057869,2.91929864883423,11.3048782348633,12.6587572097778,-1.15711259841919,8.66598510742188,-1158.23955761392,-2052.48932304778,"StriatedCaracara",10
818,0,140.818359375,0,13.6666431427002,14.9315662384033,0.60912811756134,3.55744647979736,12.7791442871094,14.3826599121094,1.11445951461792,53.9655570983887,-1148.23955761392,-2052.48932304778,"StriatedCaracara",10
819,0,136.029907226562,0,12.908390045166,14.6420545578003,0.794183552265167,6.1229190826416,27.2733840942383,19.4664173126221,6.15478515625,152.333374023438,-1138.23955761392,-2052.48932304778,"StriatedCaracara",10
820,0,136.029907226562,0,12.908390045166,14.6420545578003,0.794183552265167,6.1229190826416,27.2733840942383,19.4664173126221,6.15478515625,152.333374023438,-1128.23955761392,-2052.48932304778,"StriatedCaracara",10
821,0,115.744888305664,0,13.2705383300781,12.8592224121094,2.80851435661316,5.7524585723877,27.7654094696045,18.531364440918,2.81361985206604,158.52587890625,-1118.23955761392,-2052.48932304778,"StriatedCaracara",10
822,0,114.404090881348,0,14.3092203140259,13.0353899002075,0.498991072177887,7.21544170379639,18.4973163604736,23.0400333404541,0.43778932094574,76.1901626586914,-1108.23955761392,-2052.48932304778,"StriatedCaracara",10
823,0,101.434234619141,0,13.9580488204956,12.2061195373535,1.24302911758423,5.11951017379761,30.290657043457,23.8322620391846,-0.298400044441223,156.260787963867,-1098.23955761392,-2052.48932304778,"StriatedCaracara",10
824,0,93.6644668579102,0,13.5763540267944,12.752779006958,0.883242249488831,5.09526634216309,35.4129257202148,18.125467300415,3.14400315284729,130.447158813477,-1088.23955761392,-2052.48932304778,"StriatedCaracara",10
825,0,84.9523086547852,0,14.1831884384155,13.2264823913574,0.97682785987854,2.18831038475037,27.2744941711426,13.1426963806152,-4.45849227905273,100.203285217285,-1078.23955761392,-2052.48932304778,"StriatedCaracara",10
826,0,77.0058670043945,0,11.8341455459595,13.9569473266602,0.44724503159523,0.311780095100403,4.27130460739136,1.07024574279785,-7.6488037109375,157.184661865234,-1068.23955761392,-2052.48932304778,"StriatedCaracara",10
827,0,69.7216110229492,0,8.02359771728516,15.8459053039551,0,0,0,0,-0.0859209969639778,55.6802368164062,-1058.23955761392,-2052.48932304778,"StriatedCaracara",10
828,0,62.6941528320312,0,6.34270048141479,17.4652557373047,0,0,0,0,-3.36928963661194,68.223388671875,-1048.23955761392,-2052.48932304778,"StriatedCaracara",10
829,0,56.339469909668,0,5.88701629638672,19.2330875396729,0,0,0.344725430011749,0.0140175158157945,5.45913362503052,154.643905639648,-1038.23955761392,-2052.48932304778,"StriatedCaracara",10
830,0,50.8814659118652,0,12.6390609741211,12.3241939544678,0.310253977775574,3.23328495025635,5.40179538726807,1.26127302646637,-6.75335502624512,169.709945678711,-1028.23955761392,-2052.48932304778,"StriatedCaracara",10
831,0,46.6491165161133,0,16.3303680419922,11.2116670608521,0,4.28658676147461,8.32519245147705,5.50705099105835,-1.19483089447021,41.8197860717773,-1018.23955761392,-2052.48932304778,"StriatedCaracara",10
832,0,43.9907264709473,0,15.9526948928833,12.7272939682007,0,0.772071778774261,18.4713573455811,13.7256813049316,-2.53061628341675,77.7154159545898,-1008.23955761392,-2052.48932304778,"StriatedCaracara",10
833,0,42.546329498291,0,11.5449886322021,13.6642093658447,1.49580132961273,2.5932149887085,35.2680282592773,23.5286979675293,9.27464771270752,147.461563110352,-998.23955761392,-2052.48932304778,"StriatedCaracara",10
834,0,34.9767761230469,0,16.7627029418945,19.401912689209,1.5336662530899,2.12397217750549,13.6521434783936,14.1458988189697,-5.87732410430908,74.6659851074219,-988.23955761392,-2052.48932304778,"StriatedCaracara",10
835,0,174.423706054688,0,12.9311027526855,17.1793174743652,2.7643620967865,9.78222942352295,18.9931449890137,10.2745895385742,1.07907319068909,95.94677734375,-1188.23955761392,-2062.48932304778,"StriatedCaracara",10
836,0,174.423706054688,0,12.9311027526855,17.1793174743652,2.7643620967865,9.78222942352295,18.9931449890137,10.2745895385742,1.07907319068909,95.94677734375,-1178.23955761392,-2062.48932304778,"StriatedCaracara",10
837,0,166.011428833008,0,12.9510345458984,16.6507682800293,2.09550142288208,5.22600603103638,32.5431823730469,13.2431144714355,0.961743235588074,56.8136177062988,-1168.23955761392,-2062.48932304778,"StriatedCaracara",10
838,0,160.660995483398,0,13.9559383392334,16.2825527191162,0.211645320057869,2.91929864883423,11.3048782348633,12.6587572097778,-1.15711259841919,8.66598510742188,-1158.23955761392,-2062.48932304778,"StriatedCaracara",10
839,0,160.660995483398,0,13.9559383392334,16.2825527191162,0.211645320057869,2.91929864883423,11.3048782348633,12.6587572097778,-1.15711259841919,8.66598510742188,-1148.23955761392,-2062.48932304778,"StriatedCaracara",10
840,0,136.029907226562,0,12.908390045166,14.6420545578003,0.794183552265167,6.1229190826416,27.2733840942383,19.4664173126221,6.15478515625,152.333374023438,-1138.23955761392,-2062.48932304778,"StriatedCaracara",10
841,0,134.497543334961,0,13.5542678833008,14.7039394378662,0.259127616882324,8.82327270507812,17.8095645904541,27.3712024688721,1.50821781158447,74.2833557128906,-1128.23955761392,-2062.48932304778,"StriatedCaracara",10
842,0,126.205024719238,0,13.1802883148193,14.0456523895264,0.837232053279877,5.63313817977905,36.4663772583008,15.4403400421143,4.2194390296936,167.518478393555,-1118.23955761392,-2062.48932304778,"StriatedCaracara",10
843,0,114.404090881348,0,14.3092203140259,13.0353899002075,0.498991072177887,7.21544170379639,18.4973163604736,23.0400333404541,0.43778932094574,76.1901626586914,-1108.23955761392,-2062.48932304778,"StriatedCaracara",10
844,0,98.3122711181641,0,13.6617050170898,12.8370704650879,1.36480009555817,3.11288976669312,36.2630805969238,13.1651983261108,-4.12887811660767,173.201568603516,-1098.23955761392,-2062.48932304778,"StriatedCaracara",10
845,0,98.3122711181641,0,13.6617050170898,12.8370704650879,1.36480009555817,3.11288976669312,36.2630805969238,13.1651983261108,-4.12887811660767,173.201568603516,-1088.23955761392,-2062.48932304778,"StriatedCaracara",10
846,0,90.6390533447266,0,13.4348964691162,14.185525894165,0.0992977544665337,3.66412758827209,35.4225463867188,5.27860593795776,5.76811695098877,183.685775756836,-1078.23955761392,-2062.48932304778,"StriatedCaracara",10
847,0,83.2151870727539,0,10.0798950195312,15.1537075042725,0.280618667602539,0.11390146613121,8.32804775238037,0.229560419917107,12.5138082504272,147.046875,-1068.23955761392,-2062.48932304778,"StriatedCaracara",10
848,0,76.1172180175781,0,7.53135061264038,16.434814453125,0,0,0,0,2.76662349700928,69.7646484375,-1058.23955761392,-2062.48932304778,"StriatedCaracara",10
849,0,69.3571243286133,0,6.22629594802856,18.370626449585,0,0,0,0,3.45262432098389,81.8603744506836,-1048.23955761392,-2062.48932304778,"StriatedCaracara",10
850,0,63.0049743652344,0,6.58195638656616,17.6634902954102,0,0,1.20434308052063,0.0506155751645565,-3.69721007347107,144.383392333984,-1038.23955761392,-2062.48932304778,"StriatedCaracara",10
851,0,57.1788139343262,0,9.47889518737793,15.3864393234253,0.0016163163818419,0.217097654938698,4.91983461380005,0.380346179008484,15.6194190979004,226.1396484375,-1028.23955761392,-2062.48932304778,"StriatedCaracara",10
852,1,51.8102989196777,0,14.9917049407959,11.3373355865479,0.516336798667908,5.66942358016968,11.9565343856812,10.5558910369873,-7.61605548858643,110.176834106445,-1018.23955761392,-2062.48932304778,"StriatedCaracara",10
853,0,46.215633392334,0,15.372465133667,12.621768951416,1.55599164962769,7.6253023147583,12.9753265380859,9.34473514556885,-2.44974970817566,82.8570327758789,-1008.23955761392,-2062.48932304778,"StriatedCaracara",10
854,0,40.6243743896484,0,15.7167453765869,16.7873134613037,0.481792807579041,2.82375311851501,22.1134357452393,20.5259628295898,-6.21515512466431,107.412948608398,-998.23955761392,-2062.48932304778,"StriatedCaracara",10
855,0,34.9767761230469,0,16.7627029418945,19.401912689209,1.5336662530899,2.12397217750549,13.6521434783936,14.1458988189697,-5.87732410430908,74.6659851074219,-988.23955761392,-2062.48932304778,"StriatedCaracara",10
856,0,177.326400756836,0,12.6513261795044,17.4034729003906,4.31202077865601,9.87693309783936,23.2486381530762,16.3512191772461,-4.69843006134033,71.6909713745117,-1188.23955761392,-2072.48932304778,"StriatedCaracara",10
857,0,177.326400756836,0,12.6513261795044,17.4034729003906,4.31202077865601,9.87693309783936,23.2486381530762,16.3512191772461,-4.69843006134033,71.6909713745117,-1178.23955761392,-2072.48932304778,"StriatedCaracara",10
858,0,168.814575195312,0,12.7969188690186,17.2641162872314,1.01769661903381,9.38603496551514,26.7801303863525,12.2130031585693,-0.627750039100647,77.1770629882812,-1168.23955761392,-2072.48932304778,"StriatedCaracara",10
859,0,160.69987487793,0,13.905252456665,16.1879005432129,0.0765159577131271,6.45788526535034,11.5248899459839,24.4888801574707,-2.24649262428284,51.8488464355469,-1158.23955761392,-2072.48932304778,"StriatedCaracara",10
860,0,153.416839599609,0,13.9873075485229,15.9676551818848,0,2.11687517166138,13.7862329483032,21.9486694335938,-1.28447985649109,31.2403163909912,-1148.23955761392,-2072.48932304778,"StriatedCaracara",10
861,0,145.26789855957,0,14.3829565048218,15.5729961395264,0.17645525932312,8.80764007568359,9.79036426544189,22.2735652923584,0.618516504764557,13.9257383346558,-1138.23955761392,-2072.48932304778,"StriatedCaracara",10
862,1,134.497543334961,0,13.5542678833008,14.7039394378662,0.259127616882324,8.82327270507812,17.8095645904541,27.3712024688721,1.50821781158447,74.2833557128906,-1128.23955761392,-2072.48932304778,"StriatedCaracara",10
863,0,126.205024719238,0,13.1802883148193,14.0456523895264,0.837232053279877,5.63313817977905,36.4663772583008,15.4403400421143,4.2194390296936,167.518478393555,-1118.23955761392,-2072.48932304778,"StriatedCaracara",10
864,0,117.653854370117,0,13.3915166854858,13.2369060516357,0.986775994300842,6.73345947265625,33.213996887207,21.5949001312256,-2.53700351715088,150.488082885742,-1108.23955761392,-2072.48932304778,"StriatedCaracara",10
865,0,108.924964904785,0,14.1374740600586,12.588770866394,1.0915755033493,5.714035987854,25.6173248291016,21.82444190979,3.77869534492493,117.511085510254,-1098.23955761392,-2072.48932304778,"StriatedCaracara",10
866,0,100.507637023926,0,14.1368732452393,12.4989900588989,0.821299731731415,2.2337121963501,26.5887966156006,8.66109180450439,-0.143673002719879,114.884338378906,-1088.23955761392,-2072.48932304778,"StriatedCaracara",10
867,0,91.9474792480469,0,13.7147350311279,13.3862609863281,0.0773273333907127,2.15478706359863,33.5140991210938,3.32157135009766,-9.29613780975342,154.076858520508,-1078.23955761392,-2072.48932304778,"StriatedCaracara",10
868,0,83.4094009399414,0,11.1715269088745,14.9838418960571,0.138873666524887,0.876055240631104,12.8511562347412,1.11535537242889,2.7607798576355,190.631820678711,-1068.23955761392,-2072.48932304778,"StriatedCaracara",10
869,0,74.9498825073242,0,9.12003612518311,15.5692491531372,0,0,0,0,-1.17682385444641,56.6583099365234,-1058.23955761392,-2072.48932304778,"StriatedCaracara",10
870,0,66.6932830810547,0,7.73643207550049,16.8111915588379,0,0,0,0,1.69030225276947,80.2315216064453,-1048.23955761392,-2072.48932304778,"StriatedCaracara",10
871,0,58.7366790771484,0,6.12306785583496,17.7421779632568,0.299679070711136,0,1.52369558811188,0,1.91569173336029,90.4121780395508,-1038.23955761392,-2072.48932304778,"StriatedCaracara",10
872,0,51.2053604125977,0,9.932053565979,13.9705934524536,4.54277658462524,0.0304700490087271,6.84399700164795,1.41697669029236,-0.941897392272949,157.299362182617,-1028.23955761392,-2072.48932304778,"StriatedCaracara",10
873,1,44.3092956542969,0,13.7727489471436,11.8871793746948,1.21714687347412,7.16170406341553,14.7298698425293,11.3603296279907,-1.83355259895325,147.658843994141,-1018.23955761392,-2072.48932304778,"StriatedCaracara",10
874,0,38.0273590087891,0,14.0414180755615,12.8328256607056,1.591343998909,4.73688650131226,18.1876525878906,13.5889415740967,-6.25868320465088,150.915008544922,-1008.23955761392,-2072.48932304778,"StriatedCaracara",10
875,0,31.9354705810547,0,14.9077062606812,15.0175199508667,1.26283347606659,7.66512870788574,16.7369499206543,14.427264213562,-3.88679599761963,173.966857910156,-998.23955761392,-2072.48932304778,"StriatedCaracara",10
876,1,26.3572158813477,0,16.0816822052002,18.5732250213623,1.86817646026611,6.02807140350342,14.3482713699341,11.0278625488281,-8.32962417602539,104.416885375977,-988.23955761392,-2072.48932304778,"StriatedCaracara",10
877,0,26.3572158813477,0,16.0816822052002,18.5732250213623,1.86817646026611,6.02807140350342,14.3482713699341,11.0278625488281,-8.32962417602539,104.416885375977,-978.23955761392,-2072.48932304778,"StriatedCaracara",10
878,0,178.582473754883,0,12.2838726043701,18.1760768890381,2.92077279090881,5.16814231872559,34.3604431152344,10.0971183776855,-1.79044342041016,84.5402603149414,-1188.23955761392,-2082.48932304778,"StriatedCaracara",10
879,0,178.582473754883,0,12.2838726043701,18.1760768890381,2.92077279090881,5.16814231872559,34.3604431152344,10.0971183776855,-1.79044342041016,84.5402603149414,-1178.23955761392,-2082.48932304778,"StriatedCaracara",10
880,0,170.671585083008,0,12.8498840332031,17.7103328704834,3.47087287902832,9.93235778808594,23.9675178527832,13.2457323074341,-1.05614149570465,61.3630752563477,-1168.23955761392,-2082.48932304778,"StriatedCaracara",10
881,0,161.330352783203,0,13.4028034210205,16.6552963256836,1.5126234292984,5.18529796600342,20.9599628448486,26.6608371734619,0.957501888275146,94.1532287597656,-1158.23955761392,-2082.48932304778,"StriatedCaracara",10
882,0,153.416839599609,0,13.9873075485229,15.9676551818848,0,2.11687517166138,13.7862329483032,21.9486694335938,-1.28447985649109,31.2403163909912,-1148.23955761392,-2082.48932304778,"StriatedCaracara",10
883,0,153.416839599609,0,13.9873075485229,15.9676551818848,0,2.11687517166138,13.7862329483032,21.9486694335938,-1.28447985649109,31.2403163909912,-1138.23955761392,-2082.48932304778,"StriatedCaracara",10
884,0,131.71549987793,0,13.2480125427246,14.8102169036865,0.822862148284912,8.78396987915039,26.7387771606445,19.5117797851562,3.01598143577576,76.268424987793,-1128.23955761392,-2082.48932304778,"StriatedCaracara",10
885,0,115.651382446289,0,13.2179727554321,13.287769317627,1.23708915710449,9.66831207275391,24.6218490600586,22.9925079345703,6.4877462387085,175.922485351562,-1118.23955761392,-2082.48932304778,"StriatedCaracara",10
886,0,115.651382446289,0,13.2179727554321,13.287769317627,1.23708915710449,9.66831207275391,24.6218490600586,22.9925079345703,6.4877462387085,175.922485351562,-1108.23955761392,-2082.48932304778,"StriatedCaracara",10
887,0,97.5746459960938,0,13.7701139450073,12.476713180542,0.447511076927185,4.01653003692627,41.0865135192871,11.9024629592896,-1.21350300312042,175.543960571289,-1098.23955761392,-2082.48932304778,"StriatedCaracara",10
888,0,97.5746459960938,0,13.7701139450073,12.476713180542,0.447511076927185,4.01653003692627,41.0865135192871,11.9024629592896,-1.21350300312042,175.543960571289,-1088.23955761392,-2082.48932304778,"StriatedCaracara",10
889,0,88.5451583862305,0,13.1549425125122,13.1076164245605,1.49829065799713,3.41429495811462,35.4128875732422,5.51170063018799,6.25532627105713,186.845031738281,-1078.23955761392,-2082.48932304778,"StriatedCaracara",10
890,0,79.517333984375,0,12.4882650375366,14.3046722412109,0.0508432500064373,2.98132181167603,21.2572937011719,2.3873188495636,-3.11455345153809,177.000259399414,-1068.23955761392,-2082.48932304778,"StriatedCaracara",10
891,0,70.7666549682617,0,10.0640821456909,15.1537647247314,0.0324039198458195,0.00329548981972039,0.536510765552521,0.00125069636851549,1.98946273326874,66.1595001220703,-1058.23955761392,-2082.48932304778,"StriatedCaracara",10
892,0,62.0132484436035,0,10.8197288513184,14.024097442627,0.264843642711639,3.93472838401794,7.832763671875,2.0552966594696,0.599968194961548,113.128326416016,-1048.23955761392,-2082.48932304778,"StriatedCaracara",10
893,0,53.4196701049805,0,9.36303520202637,13.727728843689,7.54355096817017,1.75700616836548,20.0731468200684,0.741252303123474,6.32437753677368,229.792388916016,-1038.23955761392,-2082.48932304778,"StriatedCaracara",10
894,0,45.0872077941895,0,11.0605888366699,12.5290279388428,4.85472774505615,0,21.3547382354736,0.300100117921829,-2.41087913513184,225.086532592773,-1028.23955761392,-2082.48932304778,"StriatedCaracara",10
895,1,37.1726379394531,0,11.8340816497803,13.2548170089722,1.17216777801514,2.52990937232971,8.21201515197754,0.66064465045929,0.299885094165802,197.919067382812,-1018.23955761392,-2082.48932304778,"StriatedCaracara",10
896,0,30.0087909698486,0,13.7547836303711,12.3245401382446,1.77813410758972,6.18727493286133,14.6182765960693,6.98281955718994,4.40239429473877,157.579620361328,-1008.23955761392,-2082.48932304778,"StriatedCaracara",10
897,1,23.652063369751,0,13.66672706604,12.9731025695801,0.737765967845917,3.33633995056152,21.801700592041,19.5164108276367,5.03302383422852,136.153182983398,-998.23955761392,-2082.48932304778,"StriatedCaracara",10
898,0,17.6006774902344,0,13.3888664245605,15.8988990783691,3.71341252326965,9.06270503997803,21.9456577301025,25.9431552886963,10.883111000061,157.125549316406,-988.23955761392,-2082.48932304778,"StriatedCaracara",10
899,1,3.69425797462463,0,17.0530471801758,20.67116355896,17.8171920776367,10.984845161438,29.424186706543,12.567455291748,-5.64828443527222,62.9931182861328,-978.23955761392,-2082.48932304778,"StriatedCaracara",10
900,0,178.582473754883,0,12.2838726043701,18.1760768890381,2.92077279090881,5.16814231872559,34.3604431152344,10.0971183776855,-1.79044342041016,84.5402603149414,-1188.23955761392,-2092.48932304778,"StriatedCaracara",10
901,0,178.582473754883,0,12.2838726043701,18.1760768890381,2.92077279090881,5.16814231872559,34.3604431152344,10.0971183776855,-1.79044342041016,84.5402603149414,-1178.23955761392,-2092.48932304778,"StriatedCaracara",10
902,0,169.006317138672,0,13.0829496383667,17.9683952331543,6.26248550415039,10.5793237686157,10.6141881942749,11.71217918396,-1.71063435077667,51.5646286010742,-1168.23955761392,-2092.48932304778,"StriatedCaracara",10
903,0,161.662094116211,0,13.3971214294434,17.2867107391357,3.4568247795105,3.57143354415894,19.1402912139893,13.3449840545654,-1.46465361118317,37.0607643127441,-1158.23955761392,-2092.48932304778,"StriatedCaracara",10
904,0,161.662094116211,0,13.3971214294434,17.2867107391357,3.4568247795105,3.57143354415894,19.1402912139893,13.3449840545654,-1.46465361118317,37.0607643127441,-1148.23955761392,-2092.48932304778,"StriatedCaracara",10
905,0,131.71549987793,0,13.2480125427246,14.8102169036865,0.822862148284912,8.78396987915039,26.7387771606445,19.5117797851562,3.01598143577576,76.268424987793,-1138.23955761392,-2092.48932304778,"StriatedCaracara",10
906,0,131.71549987793,0,13.2480125427246,14.8102169036865,0.822862148284912,8.78396987915039,26.7387771606445,19.5117797851562,3.01598143577576,76.268424987793,-1128.23955761392,-2092.48932304778,"StriatedCaracara",10
907,0,131.71549987793,0,13.2480125427246,14.8102169036865,0.822862148284912,8.78396987915039,26.7387771606445,19.5117797851562,3.01598143577576,76.268424987793,-1118.23955761392,-2092.48932304778,"StriatedCaracara",10
908,0,113.185615539551,0,14.0791301727295,13.7276153564453,0,2.41026163101196,16.9929637908936,17.1686115264893,-0.682390451431274,75.8933029174805,-1108.23955761392,-2092.48932304778,"StriatedCaracara",10
909,0,104.558074951172,0,14.1245241165161,12.9756231307983,0.120534114539623,2.12293195724487,18.7473201751709,16.1694793701172,0.79868221282959,81.2540969848633,-1098.23955761392,-2092.48932304778,"StriatedCaracara",10
910,0,95.7651214599609,0,14.3293962478638,12.8064794540405,0.465173721313477,2.76025390625,24.8978824615479,6.53801918029785,-1.53099155426025,107.843269348145,-1088.23955761392,-2092.48932304778,"StriatedCaracara",10
911,0,86.2822570800781,0,13.6934432983398,13.3917236328125,0.34729415178299,4.93454885482788,34.1094589233398,11.4670839309692,-1.10330855846405,172.631988525391,-1078.23955761392,-2092.48932304778,"StriatedCaracara",10
912,0,77.1627502441406,0,13.0709590911865,14.3661460876465,1.1276627779007,1.20726728439331,25.9742736816406,5.42128992080688,-8.33508682250977,171.490478515625,-1068.23955761392,-2092.48932304778,"StriatedCaracara",10
913,0,68.0361785888672,0,10.9620084762573,15.1127529144287,0.578158855438232,4.01880645751953,10.2276277542114,1.52771830558777,8.32282733917236,170.69514465332,-1058.23955761392,-2092.48932304778,"StriatedCaracara",10
914,0,59.5589370727539,0,14.145206451416,12.4934844970703,1.56806147098541,12.1170387268066,23.4270191192627,8.85764694213867,-5.04751062393188,113.323760986328,-1048.23955761392,-2092.48932304778,"StriatedCaracara",10
915,0,49.8386764526367,0,11.1432657241821,12.7235412597656,14.6370868682861,3.23181486129761,11.940450668335,2.10308861732483,-8.7723503112793,178.516204833984,-1038.23955761392,-2092.48932304778,"StriatedCaracara",10
916,0,40.9212112426758,0,6.21285438537598,15.410719871521,28.5430431365967,0,5.40276622772217,0.0352319739758968,8.63504886627197,149.302124023438,-1028.23955761392,-2092.48932304778,"StriatedCaracara",10
917,0,32.0935020446777,0,9.35234832763672,14.3802442550659,11.2418546676636,0.0132495807483792,8.55909824371338,0.134088933467865,-0.225425481796265,177.561004638672,-1018.23955761392,-2092.48932304778,"StriatedCaracara",10
918,0,23.5677871704102,0,12.7570180892944,12.419451713562,0.914366602897644,1.22013247013092,10.6559906005859,1.78827202320099,-6.13002920150757,144.660781860352,-1008.23955761392,-2092.48932304778,"StriatedCaracara",10
919,1,15.7843570709229,0,14.6563014984131,12.4480791091919,1.10103833675385,9.38022232055664,17.4214973449707,10.2587099075317,-10.0637836456299,136.714538574219,-998.23955761392,-2092.48932304778,"StriatedCaracara",10
920,1,9.29958248138428,0,16.0878715515137,15.8707122802734,3.41777968406677,5.77567577362061,15.245964050293,11.9901294708252,-3.12762308120728,73.6198120117188,-988.23955761392,-2092.48932304778,"StriatedCaracara",10
921,1,3.69425797462463,0,17.0530471801758,20.67116355896,17.8171920776367,10.984845161438,29.424186706543,12.567455291748,-5.64828443527222,62.9931182861328,-978.23955761392,-2092.48932304778,"StriatedCaracara",10
922,1,3.94471096992493,0,13.4939975738525,15.2144937515259,7.46224212646484,8.39113616943359,25.309814453125,24.2808628082275,-2.46236348152161,85.0990524291992,-968.23955761392,-2092.48932304778,"StriatedCaracara",10
923,0,178.582473754883,0,12.2838726043701,18.1760768890381,2.92077279090881,5.16814231872559,34.3604431152344,10.0971183776855,-1.79044342041016,84.5402603149414,-1188.23955761392,-2102.48932304778,"StriatedCaracara",10
924,0,178.582473754883,0,12.2838726043701,18.1760768890381,2.92077279090881,5.16814231872559,34.3604431152344,10.0971183776855,-1.79044342041016,84.5402603149414,-1178.23955761392,-2102.48932304778,"StriatedCaracara",10
925,0,169.006317138672,0,13.0829496383667,17.9683952331543,6.26248550415039,10.5793237686157,10.6141881942749,11.71217918396,-1.71063435077667,51.5646286010742,-1168.23955761392,-2102.48932304778,"StriatedCaracara",10
926,0,169.006317138672,0,13.0829496383667,17.9683952331543,6.26248550415039,10.5793237686157,10.6141881942749,11.71217918396,-1.71063435077667,51.5646286010742,-1158.23955761392,-2102.48932304778,"StriatedCaracara",10
927,0,161.662094116211,0,13.3971214294434,17.2867107391357,3.4568247795105,3.57143354415894,19.1402912139893,13.3449840545654,-1.46465361118317,37.0607643127441,-1148.23955761392,-2102.48932304778,"StriatedCaracara",10
928,0,131.454284667969,0,13.8741226196289,15.0909309387207,0.164249703288078,8.77782344818115,8.21008110046387,20.6314544677734,-0.685195326805115,54.0915794372559,-1138.23955761392,-2102.48932304778,"StriatedCaracara",10
929,0,131.454284667969,0,13.8741226196289,15.0909309387207,0.164249703288078,8.77782344818115,8.21008110046387,20.6314544677734,-0.685195326805115,54.0915794372559,-1128.23955761392,-2102.48932304778,"StriatedCaracara",10
930,0,122.158531188965,0,13.5272750854492,14.0699596405029,0.705310940742493,7.98689031600952,18.1104469299316,18.7879505157471,3.45549559593201,109.326568603516,-1118.23955761392,-2102.48932304778,"StriatedCaracara",10
931,0,113.185615539551,0,14.0791301727295,13.7276153564453,0,2.41026163101196,16.9929637908936,17.1686115264893,-0.682390451431274,75.8933029174805,-1108.23955761392,-2102.48932304778,"StriatedCaracara",10
932,0,94.4317932128906,0,14.2461071014404,13.9445352554321,0.652473151683807,2.16669321060181,31.7374172210693,19.2585105895996,-1.62774860858917,108.1923828125,-1098.23955761392,-2102.48932304778,"StriatedCaracara",10
933,0,94.4317932128906,0,14.2461071014404,13.9445352554321,0.652473151683807,2.16669321060181,31.7374172210693,19.2585105895996,-1.62774860858917,108.1923828125,-1088.23955761392,-2102.48932304778,"StriatedCaracara",10
934,0,85.793701171875,0,13.4578981399536,14.4302797317505,0.55980110168457,4.17556047439575,34.7921600341797,15.5633249282837,3.47698521614075,173.313934326172,-1078.23955761392,-2102.48932304778,"StriatedCaracara",10
935,0,76.1669540405273,0,13.3886604309082,14.3311958312988,0.363295167684555,2.83784294128418,42.8899116516113,4.73234367370605,-0.572899401187897,181.287475585938,-1068.23955761392,-2102.48932304778,"StriatedCaracara",10
936,0,66.998908996582,0,13.7805881500244,13.6818313598633,1.27883005142212,2.50738477706909,26.5416831970215,8.33514213562012,-3.51594305038452,152.295944213867,-1058.23955761392,-2102.48932304778,"StriatedCaracara",10
937,0,57.6095314025879,0,13.1697273254395,13.6127834320068,0.0819830372929573,5.89735651016235,19.1725311279297,2.9898624420166,3.09623908996582,149.607345581055,-1048.23955761392,-2102.48932304778,"StriatedCaracara",10
938,0,48.5850448608398,0,9.90035724639893,14.0675849914551,13.563497543335,1.48078620433807,9.01724624633789,1.01061058044434,6.83069896697998,174.380218505859,-1038.23955761392,-2102.48932304778,"StriatedCaracara",10
939,0,39.4040069580078,0,6.35983753204346,15.4194993972778,32.2508239746094,0,0.102674178779125,0,-4.40896463394165,129.975982666016,-1028.23955761392,-2102.48932304778,"StriatedCaracara",10
940,0,30.2445697784424,0,5.59216213226318,16.3693084716797,24.5414161682129,0,4.92813587188721,0.687121510505676,-0.885566234588623,111.765380859375,-1018.23955761392,-2102.48932304778,"StriatedCaracara",10
941,0,21.1344261169434,0,9.05995750427246,15.6483030319214,0.569053053855896,0.846417725086212,6.96579885482788,2.15388059616089,0.887546360492706,169.45246887207,-1008.23955761392,-2102.48932304778,"StriatedCaracara",10
942,0,12.1864929199219,0,13.0903491973877,12.7360992431641,2.87006330490112,10.7294073104858,17.4394721984863,12.2236967086792,9.31590843200684,158.468109130859,-998.23955761392,-2102.48932304778,"StriatedCaracara",10
943,1,4.68484306335449,0,15.7455558776855,13.3744325637817,7.20299100875854,6.16024398803711,25.5358333587646,15.4629898071289,-3.54672002792358,85.4324340820312,-988.23955761392,-2102.48932304778,"StriatedCaracara",10
944,1,4.99685049057007,0,14.1854820251465,15.6563053131104,9.25028324127197,16.1399898529053,26.089822769165,21.5453758239746,4.92119836807251,98.6311874389648,-978.23955761392,-2102.48932304778,"StriatedCaracara",10
945,0,3.94471096992493,0,13.4939975738525,15.2144937515259,7.46224212646484,8.39113616943359,25.309814453125,24.2808628082275,-2.46236348152161,85.0990524291992,-968.23955761392,-2102.48932304778,"StriatedCaracara",10
946,0,1.66035723686218,0,13.5026683807373,15.1902523040771,8.97375202178955,6.27408456802368,31.5865707397461,25.8008422851562,-1.42697095870972,60.5749320983887,-958.23955761392,-2102.48932304778,"StriatedCaracara",10
947,0,1.58790373802185,0,13.2826290130615,20.3993625640869,1.8409218788147,13.6308860778809,36.7063026428223,14.4278545379639,1.31560301780701,44.0061378479004,-108.23955761392,-2102.48932304778,"StriatedCaracara",10
948,0,1.58790373802185,1,13.2826290130615,20.3993625640869,1.8409218788147,13.6308860778809,36.7063026428223,14.4278545379639,1.31560301780701,44.0061378479004,-98.23955761392,-2102.48932304778,"StriatedCaracara",10
949,1,1.58790373802185,1,13.2826290130615,20.3993625640869,1.8409218788147,13.6308860778809,36.7063026428223,14.4278545379639,1.31560301780701,44.0061378479004,-88.23955761392,-2102.48932304778,"StriatedCaracara",10
950,0,1.58790373802185,1,13.2826290130615,20.3993625640869,1.8409218788147,13.6308860778809,36.7063026428223,14.4278545379639,1.31560301780701,44.0061378479004,-78.23955761392,-2102.48932304778,"StriatedCaracara",10
951,0,177.462219238281,0,12.7145357131958,17.9433116912842,4.78028297424316,13.7291460037231,22.103364944458,19.0483722686768,6.04324436187744,100.570602416992,-1188.23955761392,-2112.48932304778,"StriatedCaracara",10
952,0,177.462219238281,0,12.7145357131958,17.9433116912842,4.78028297424316,13.7291460037231,22.103364944458,19.0483722686768,6.04324436187744,100.570602416992,-1178.23955761392,-2112.48932304778,"StriatedCaracara",10
953,0,168.4033203125,0,13.0212659835815,17.7798900604248,4.42265796661377,14.8653860092163,14.8747272491455,13.847827911377,-0.545131921768188,99.2645721435547,-1168.23955761392,-2112.48932304778,"StriatedCaracara",10
954,0,160.809509277344,0,13.10875415802,17.3908424377441,4.34909915924072,16.1064147949219,14.8491945266724,18.4509620666504,2.99089503288269,46.0749397277832,-1158.23955761392,-2112.48932304778,"StriatedCaracara",10
955,0,131.454284667969,0,13.8741226196289,15.0909309387207,0.164249703288078,8.77782344818115,8.21008110046387,20.6314544677734,-0.685195326805115,54.0915794372559,-1138.23955761392,-2112.48932304778,"StriatedCaracara",10
956,0,131.454284667969,0,13.8741226196289,15.0909309387207,0.164249703288078,8.77782344818115,8.21008110046387,20.6314544677734,-0.685195326805115,54.0915794372559,-1128.23955761392,-2112.48932304778,"StriatedCaracara",10
957,0,113.061531066895,0,13.5852108001709,13.8502817153931,0.378474473953247,5.65311002731323,26.0316696166992,22.5436477661133,1.98104572296143,108.964424133301,-1118.23955761392,-2112.48932304778,"StriatedCaracara",10
958,0,113.061531066895,0,13.5852108001709,13.8502817153931,0.378474473953247,5.65311002731323,26.0316696166992,22.5436477661133,1.98104572296143,108.964424133301,-1108.23955761392,-2112.48932304778,"StriatedCaracara",10
959,0,103.939987182617,0,13.9295892715454,13.5232124328613,0.829557597637177,2.73219633102417,25.1742820739746,17.3610706329346,1.85610795021057,100.684532165527,-1098.23955761392,-2112.48932304778,"StriatedCaracara",10
960,0,94.4841918945312,0,13.7531328201294,14.0957231521606,0.642780005931854,1.42578971385956,38.6305885314941,10.5541954040527,-1.23793482780457,113.775863647461,-1088.23955761392,-2112.48932304778,"StriatedCaracara",10
961,0,85.793701171875,0,13.4578981399536,14.4302797317505,0.55980110168457,4.17556047439575,34.7921600341797,15.5633249282837,3.47698521614075,173.313934326172,-1078.23955761392,-2112.48932304778,"StriatedCaracara",10
962,0,76.7023544311523,0,13.1795883178711,13.9441204071045,1.44397521018982,3.19415163993835,32.713191986084,6.08596515655518,5.60751295089722,188.488632202148,-1068.23955761392,-2112.48932304778,"StriatedCaracara",10
963,0,68.4644165039062,0,13.4971437454224,13.8185539245605,1.70677888393402,6.60296154022217,31.1649055480957,6.13748693466187,-3.12473034858704,133.508377075195,-1058.23955761392,-2112.48932304778,"StriatedCaracara",10
964,0,61.313346862793,0,11.9971714019775,15.0081844329834,0.189824938774109,1.60753428936005,13.439248085022,1.08052814006805,9.28821182250977,172.279754638672,-1048.23955761392,-2112.48932304778,"StriatedCaracara",10
965,0,49.326286315918,0,13.8353643417358,12.3467035293579,1.32401943206787,0.911708891391754,8.96780204772949,0.890746593475342,-7.91150379180908,125.187522888184,-1038.23955761392,-2112.48932304778,"StriatedCaracara",10
966,0,40.7189483642578,0,10.7272071838379,13.3165702819824,10.068603515625,0.654905021190643,19.9128036499023,0.405470162630081,-3.23535013198853,245.878753662109,-1028.23955761392,-2112.48932304778,"StriatedCaracara",10
967,0,32.0769195556641,0,5.83045482635498,16.2892723083496,14.8438243865967,0,27.1972904205322,0.0251807700842619,-8.03560256958008,159.87956237793,-1018.23955761392,-2112.48932304778,"StriatedCaracara",10
968,0,23.8123798370361,0,6.67025327682495,18.0939559936523,0.739234626293182,0,14.9097242355347,0.0757175981998444,5.19070148468018,154.292037963867,-1008.23955761392,-2112.48932304778,"StriatedCaracara",10
969,1,16.5426406860352,0,13.8532724380493,12.2323760986328,2.25430178642273,8.8546142578125,17.5098323822021,9.10169792175293,-4.93021059036255,130.085418701172,-998.23955761392,-2112.48932304778,"StriatedCaracara",10
970,0,12.2989864349365,0,13.5089206695557,13.354058265686,2.62836289405823,4.09294939041138,28.1618366241455,24.6709823608398,4.93361377716064,132.083969116211,-988.23955761392,-2112.48932304778,"StriatedCaracara",10
971,0,11.6243495941162,0,13.9870319366455,14.136622428894,5.35783100128174,9.59368324279785,26.2375507354736,27.2367477416992,0.677792847156525,92.1312866210938,-978.23955761392,-2112.48932304778,"StriatedCaracara",10
972,0,4.84729051589966,0,12.9582204818726,13.4925498962402,3.60642910003662,1.78670883178711,31.3625106811523,27.2267971038818,-1.67105102539062,86.7942276000977,-968.23955761392,-2112.48932304778,"StriatedCaracara",10
973,0,1.66035723686218,0,13.5026683807373,15.1902523040771,8.97375202178955,6.27408456802368,31.5865707397461,25.8008422851562,-1.42697095870972,60.5749320983887,-958.23955761392,-2112.48932304778,"StriatedCaracara",10
974,0,1.58790373802185,1,13.2826290130615,20.3993625640869,1.8409218788147,13.6308860778809,36.7063026428223,14.4278545379639,1.31560301780701,44.0061378479004,-88.23955761392,-2112.48932304778,"StriatedCaracara",10
975,1,1.58790373802185,1,13.2826290130615,20.3993625640869,1.8409218788147,13.6308860778809,36.7063026428223,14.4278545379639,1.31560301780701,44.0061378479004,-78.23955761392,-2112.48932304778,"StriatedCaracara",10
976,0,1.58790373802185,1,13.2826290130615,20.3993625640869,1.8409218788147,13.6308860778809,36.7063026428223,14.4278545379639,1.31560301780701,44.0061378479004,-68.23955761392,-2112.48932304778,"StriatedCaracara",10
977,0,1.58790373802185,1,13.2826290130615,20.3993625640869,1.8409218788147,13.6308860778809,36.7063026428223,14.4278545379639,1.31560301780701,44.0061378479004,-58.23955761392,-2112.48932304778,"StriatedCaracara",10
978,0,1.58790373802185,1,13.2826290130615,20.3993625640869,1.8409218788147,13.6308860778809,36.7063026428223,14.4278545379639,1.31560301780701,44.0061378479004,-38.23955761392,-2112.48932304778,"StriatedCaracara",10
979,1,13.2170085906982,1,13.2312326431274,19.8965091705322,1.89426624774933,9.74196624755859,26.4857978820801,13.1035070419312,-0.339480638504028,18.2346935272217,-28.23955761392,-2112.48932304778,"StriatedCaracara",10
980,0,179.425338745117,0,12.8394117355347,17.1668815612793,1.66142880916595,16.3820152282715,13.0064382553101,10.6589670181274,-2.57268667221069,89.0757751464844,-1188.23955761392,-2122.48932304778,"StriatedCaracara",10
981,0,179.425338745117,0,12.8394117355347,17.1668815612793,1.66142880916595,16.3820152282715,13.0064382553101,10.6589670181274,-2.57268667221069,89.0757751464844,-1178.23955761392,-2122.48932304778,"StriatedCaracara",10
982,0,168.4033203125,0,13.0212659835815,17.7798900604248,4.42265796661377,14.8653860092163,14.8747272491455,13.847827911377,-0.545131921768188,99.2645721435547,-1168.23955761392,-2122.48932304778,"StriatedCaracara",10
983,0,160.809509277344,0,13.10875415802,17.3908424377441,4.34909915924072,16.1064147949219,14.8491945266724,18.4509620666504,2.99089503288269,46.0749397277832,-1158.23955761392,-2122.48932304778,"StriatedCaracara",10
984,0,152.176712036133,0,13.4329042434692,16.3498878479004,0.919740259647369,8.42909526824951,10.6947965621948,11.8090753555298,0.300520718097687,56.788330078125,-1148.23955761392,-2122.48932304778,"StriatedCaracara",10
985,0,143.208877563477,0,13.4394416809082,15.4035205841064,0.771498799324036,7.93577432632446,14.1114988327026,17.8564128875732,-2.69097757339478,90.3269577026367,-1138.23955761392,-2122.48932304778,"StriatedCaracara",10
986,0,143.208877563477,0,13.4394416809082,15.4035205841064,0.771498799324036,7.93577432632446,14.1114988327026,17.8564128875732,-2.69097757339478,90.3269577026367,-1128.23955761392,-2122.48932304778,"StriatedCaracara",10
987,0,125.388938903809,0,13.7302169799805,14.0882129669189,0.938241362571716,5.24152040481567,14.5091857910156,15.6607971191406,0.312274098396301,77.5454864501953,-1118.23955761392,-2122.48932304778,"StriatedCaracara",10
988,0,114.413070678711,0,13.370792388916,13.6182622909546,0.702848196029663,5.92000675201416,22.8903694152832,21.0977001190186,6.44254112243652,129.058471679688,-1108.23955761392,-2122.48932304778,"StriatedCaracara",10
989,0,105.466667175293,0,13.6201314926147,13.2590055465698,0.646423161029816,2.61740875244141,36.508960723877,19.1449356079102,1.16947269439697,138.379455566406,-1098.23955761392,-2122.48932304778,"StriatedCaracara",10
990,0,98.7068634033203,0,14.4977741241455,12.6606388092041,0.180451214313507,2.70435976982117,16.3566780090332,18.1251106262207,0.749136865139008,65.1792068481445,-1088.23955761392,-2122.48932304778,"StriatedCaracara",10
991,0,85.793701171875,0,13.4578981399536,14.4302797317505,0.55980110168457,4.17556047439575,34.7921600341797,15.5633249282837,3.47698521614075,173.313934326172,-1078.23955761392,-2122.48932304778,"StriatedCaracara",10
992,0,78.7385101318359,0,13.4449825286865,12.0729293823242,1.44434583187103,3.70542359352112,38.2088165283203,9.8801736831665,-0.591686487197876,160.326965332031,-1068.23955761392,-2122.48932304778,"StriatedCaracara",10
993,0,70.2762222290039,0,13.4018459320068,13.2195663452148,0.776899695396423,2.47839736938477,35.0843315124512,7.58337211608887,1.45678949356079,155.125961303711,-1058.23955761392,-2122.48932304778,"StriatedCaracara",10
994,0,61.313346862793,0,11.9971714019775,15.0081844329834,0.189824938774109,1.60753428936005,13.439248085022,1.08052814006805,9.28821182250977,172.279754638672,-1048.23955761392,-2122.48932304778,"StriatedCaracara",10
995,0,52.9972839355469,0,9.75366115570068,15.308819770813,0.000839185668155551,0.05226044729352,1.46189713478088,0.000106435443740338,-0.501120448112488,129.428955078125,-1038.23955761392,-2122.48932304778,"StriatedCaracara",10
996,0,44.787052154541,0,6.3894157409668,16.0729598999023,11.0568237304688,0.0450889393687248,22.5331935882568,9.18297082534991e-05,11.5968189239502,121.524520874023,-1028.23955761392,-2122.48932304778,"StriatedCaracara",10
997,0,37.1573524475098,0,6.6731104850769,15.9648084640503,4.66746520996094,0,43.0659255981445,0,8.61223220825195,130.261322021484,-1018.23955761392,-2122.48932304778,"StriatedCaracara",10
998,0,30.4119071960449,0,10.9375877380371,13.9274311065674,0.209690898656845,0.418110013008118,31.2366123199463,2.27557468414307,-4.56354427337646,172.590225219727,-1008.23955761392,-2122.48932304778,"StriatedCaracara",10
999,0,25.2292575836182,0,12.2790689468384,14.1123952865601,1.643150806427,4.27062940597534,24.0661849975586,16.9643993377686,8.35545253753662,151.113388061523,-998.23955761392,-2122.48932304778,"StriatedCaracara",10
1000,0,22.3021087646484,0,13.5027704238892,13.812388420105,1.80042922496796,8.09661960601807,24.7503414154053,25.3671970367432,-1.34237694740295,124.429176330566,-988.23955761392,-2122.48932304778,"StriatedCaracara",10
1001,1,16.8054046630859,0,14.4447507858276,13.8798418045044,6.91407775878906,12.0913219451904,24.4405860900879,27.0437412261963,-2.05412173271179,99.4838943481445,-978.23955761392,-2122.48932304778,"StriatedCaracara",10
1002,1,8.196702003479,0,14.9891405105591,16.0219039916992,6.57015037536621,9.51545333862305,28.8319034576416,24.4303245544434,-3.28209590911865,97.1771087646484,-968.23955761392,-2122.48932304778,"StriatedCaracara",10
1003,1,2.18454623222351,0,15.1180686950684,17.5992851257324,7.15558385848999,10.9061727523804,27.0940494537354,22.7958755493164,-5.15896081924438,78.8119201660156,-958.23955761392,-2122.48932304778,"StriatedCaracara",10
1004,1,2.7976610660553,0,17.0872344970703,19.3336544036865,4.30785417556763,7.50776243209839,25.9948654174805,25.2999782562256,5.12652111053467,66.0061492919922,-948.23955761392,-2122.48932304778,"StriatedCaracara",10
1005,0,1.58790373802185,1,13.2826290130615,20.3993625640869,1.8409218788147,13.6308860778809,36.7063026428223,14.4278545379639,1.31560301780701,44.0061378479004,-68.23955761392,-2122.48932304778,"StriatedCaracara",10
1006,0,1.58790373802185,0,13.2826290130615,20.3993625640869,1.8409218788147,13.6308860778809,36.7063026428223,14.4278545379639,1.31560301780701,44.0061378479004,-58.23955761392,-2122.48932304778,"StriatedCaracara",10
1007,0,1.58790373802185,1,13.2826290130615,20.3993625640869,1.8409218788147,13.6308860778809,36.7063026428223,14.4278545379639,1.31560301780701,44.0061378479004,-48.23955761392,-2122.48932304778,"StriatedCaracara",10
1008,0,1.58790373802185,0,13.2826290130615,20.3993625640869,1.8409218788147,13.6308860778809,36.7063026428223,14.4278545379639,1.31560301780701,44.0061378479004,-38.23955761392,-2122.48932304778,"StriatedCaracara",10
1009,0,13.2170085906982,1,13.2312326431274,19.8965091705322,1.89426624774933,9.74196624755859,26.4857978820801,13.1035070419312,-0.339480638504028,18.2346935272217,-28.23955761392,-2122.48932304778,"StriatedCaracara",10
1010,1,13.2170085906982,0,13.2312326431274,19.8965091705322,1.89426624774933,9.74196624755859,26.4857978820801,13.1035070419312,-0.339480638504028,18.2346935272217,-18.23955761392,-2122.48932304778,"StriatedCaracara",10
1011,0,13.2170085906982,0,13.2312326431274,19.8965091705322,1.89426624774933,9.74196624755859,26.4857978820801,13.1035070419312,-0.339480638504028,18.2346935272217,-8.23955761392,-2122.48932304778,"StriatedCaracara",10
1012,0,0.903274536132812,0,13.9646148681641,19.782600402832,4.78785562515259,6.30927467346191,25.6149940490723,8.24532699584961,0.32374969124794,10.0502576828003,1.76044238608,-2122.48932304778,"StriatedCaracara",10
1013,0,0.903274536132812,0,13.9646148681641,19.782600402832,4.78785562515259,6.30927467346191,25.6149940490723,8.24532699584961,0.32374969124794,10.0502576828003,11.76044238608,-2122.48932304778,"StriatedCaracara",10
1014,0,0.903274536132812,0,13.9646148681641,19.782600402832,4.78785562515259,6.30927467346191,25.6149940490723,8.24532699584961,0.32374969124794,10.0502576828003,21.76044238608,-2122.48932304778,"StriatedCaracara",10
1015,0,19.3621520996094,0,14.4209985733032,20.1046600341797,9.28865623474121,11.2138071060181,43.0228042602539,10.8111410140991,0.58946019411087,13.8056116104126,81.76044238608,-2122.48932304778,"StriatedCaracara",10
1016,0,179.425338745117,0,12.8394117355347,17.1668815612793,1.66142880916595,16.3820152282715,13.0064382553101,10.6589670181274,-2.57268667221069,89.0757751464844,-1188.23955761392,-2132.48932304778,"StriatedCaracara",10
1017,0,179.425338745117,0,12.8394117355347,17.1668815612793,1.66142880916595,16.3820152282715,13.0064382553101,10.6589670181274,-2.57268667221069,89.0757751464844,-1178.23955761392,-2132.48932304778,"StriatedCaracara",10
1018,0,179.425338745117,0,12.8394117355347,17.1668815612793,1.66142880916595,16.3820152282715,13.0064382553101,10.6589670181274,-2.57268667221069,89.0757751464844,-1168.23955761392,-2132.48932304778,"StriatedCaracara",10
1019,0,152.176712036133,0,13.4329042434692,16.3498878479004,0.919740259647369,8.42909526824951,10.6947965621948,11.8090753555298,0.300520718097687,56.788330078125,-1158.23955761392,-2132.48932304778,"StriatedCaracara",10
1020,0,152.176712036133,0,13.4329042434692,16.3498878479004,0.919740259647369,8.42909526824951,10.6947965621948,11.8090753555298,0.300520718097687,56.788330078125,-1148.23955761392,-2132.48932304778,"StriatedCaracara",10
1021,0,143.208877563477,0,13.4394416809082,15.4035205841064,0.771498799324036,7.93577432632446,14.1114988327026,17.8564128875732,-2.69097757339478,90.3269577026367,-1138.23955761392,-2132.48932304778,"StriatedCaracara",10
1022,0,143.208877563477,0,13.4394416809082,15.4035205841064,0.771498799324036,7.93577432632446,14.1114988327026,17.8564128875732,-2.69097757339478,90.3269577026367,-1128.23955761392,-2132.48932304778,"StriatedCaracara",10
1023,0,125.388938903809,0,13.7302169799805,14.0882129669189,0.938241362571716,5.24152040481567,14.5091857910156,15.6607971191406,0.312274098396301,77.5454864501953,-1118.23955761392,-2132.48932304778,"StriatedCaracara",10
1024,0,116.690116882324,0,13.964937210083,13.238899230957,0.129785448312759,3.12570810317993,19.9074726104736,17.3933563232422,-7.94231271743774,71.8568572998047,-1108.23955761392,-2132.48932304778,"StriatedCaracara",10
1025,0,107.488952636719,0,13.7662620544434,12.7879276275635,0.857637465000153,1.18689548969269,33.7775115966797,21.7509117126465,0.693737149238586,104.478294372559,-1098.23955761392,-2132.48932304778,"StriatedCaracara",10
1026,0,98.7068634033203,0,14.4977741241455,12.6606388092041,0.180451214313507,2.70435976982117,16.3566780090332,18.1251106262207,0.749136865139008,65.1792068481445,-1088.23955761392,-2132.48932304778,"StriatedCaracara",10
1027,0,95.1376495361328,0,13.9582862854004,12.2288484573364,0.743221640586853,5.84752893447876,28.4890213012695,22.9833602905273,3.81896686553955,103.744537353516,-1078.23955761392,-2132.48932304778,"StriatedCaracara",10
1028,1,81.9348373413086,0,13.8850994110107,11.8613767623901,1.14730036258698,2.68898677825928,25.7459678649902,21.8066463470459,-2.50375556945801,103.072280883789,-1068.23955761392,-2132.48932304778,"StriatedCaracara",10
1029,0,74.1547088623047,0,14.1063051223755,12.1653881072998,0.824893832206726,5.52265739440918,22.7478408813477,16.4278602600098,-1.34728288650513,60.4469680786133,-1058.23955761392,-2132.48932304778,"StriatedCaracara",10
1030,1,65.7362823486328,0,13.1841735839844,14.1267337799072,0.268574744462967,3.08617520332336,20.3674240112305,3.87871670722961,-10.3060331344604,108.465919494629,-1048.23955761392,-2132.48932304778,"StriatedCaracara",10
1031,0,58.0614738464355,0,7.80705499649048,17.4634895324707,0,0,0.169777423143387,0,5.33493900299072,104.218658447266,-1038.23955761392,-2132.48932304778,"StriatedCaracara",10
1032,0,50.8297653198242,0,5.93078708648682,17.501392364502,0,0,17.3465728759766,0,4.51400852203369,90.0363006591797,-1028.23955761392,-2132.48932304778,"StriatedCaracara",10
1033,0,44.3321762084961,0,9.56799697875977,14.4136552810669,0.00968077778816223,0.107241399586201,46.7028007507324,0.816124856472015,-4.3877649307251,113.355171203613,-1018.23955761392,-2132.48932304778,"StriatedCaracara",10
1034,0,38.9396018981934,0,11.1727333068848,13.0300054550171,2.70418858528137,2.16820979118347,29.1129188537598,3.91534614562988,4.54142045974731,204.65934753418,-1008.23955761392,-2132.48932304778,"StriatedCaracara",10
1035,1,34.600902557373,0,14.775785446167,11.7581605911255,2.17696452140808,17.8344039916992,22.3093948364258,13.5443506240845,-10.9348526000977,120.788246154785,-998.23955761392,-2132.48932304778,"StriatedCaracara",10
1036,1,28.2177925109863,0,14.6644554138184,13.2638349533081,4.69618940353394,11.3804512023926,30.7773818969727,22.0542869567871,-4.17599201202393,133.802780151367,-988.23955761392,-2132.48932304778,"StriatedCaracara",10
1037,1,19.6123161315918,0,16.4157238006592,15.3063144683838,4.34191751480103,9.43955707550049,27.5562744140625,26.0542011260986,7.10644149780273,80.4854583740234,-978.23955761392,-2132.48932304778,"StriatedCaracara",10
1038,1,11.3025035858154,0,16.0084438323975,16.647798538208,6.32676124572754,6.94292259216309,27.8291244506836,22.7090435028076,8.49094867706299,88.2867889404297,-968.23955761392,-2132.48932304778,"StriatedCaracara",10
1039,1,4.30984210968018,0,15.9990482330322,18.2289905548096,7.87768840789795,7.12765407562256,28.2238750457764,21.8349285125732,8.99950981140137,81.9707641601562,-958.23955761392,-2132.48932304778,"StriatedCaracara",10
1040,1,2.7976610660553,0,17.0872344970703,19.3336544036865,4.30785417556763,7.50776243209839,25.9948654174805,25.2999782562256,5.12652111053467,66.0061492919922,-948.23955761392,-2132.48932304778,"StriatedCaracara",10
1041,0,1.58790373802185,1,13.2826290130615,20.3993625640869,1.8409218788147,13.6308860778809,36.7063026428223,14.4278545379639,1.31560301780701,44.0061378479004,-68.23955761392,-2132.48932304778,"StriatedCaracara",10
1042,1,1.58790373802185,1,13.2826290130615,20.3993625640869,1.8409218788147,13.6308860778809,36.7063026428223,14.4278545379639,1.31560301780701,44.0061378479004,-58.23955761392,-2132.48932304778,"StriatedCaracara",10
1043,1,1.58790373802185,1,13.2826290130615,20.3993625640869,1.8409218788147,13.6308860778809,36.7063026428223,14.4278545379639,1.31560301780701,44.0061378479004,-48.23955761392,-2132.48932304778,"StriatedCaracara",10
1044,1,1.58790373802185,1,13.2826290130615,20.3993625640869,1.8409218788147,13.6308860778809,36.7063026428223,14.4278545379639,1.31560301780701,44.0061378479004,-38.23955761392,-2132.48932304778,"StriatedCaracara",10
1045,0,13.2170085906982,1,13.2312326431274,19.8965091705322,1.89426624774933,9.74196624755859,26.4857978820801,13.1035070419312,-0.339480638504028,18.2346935272217,-28.23955761392,-2132.48932304778,"StriatedCaracara",10
1046,1,13.2170085906982,1,13.2312326431274,19.8965091705322,1.89426624774933,9.74196624755859,26.4857978820801,13.1035070419312,-0.339480638504028,18.2346935272217,-18.23955761392,-2132.48932304778,"StriatedCaracara",10
1047,1,13.2170085906982,1,13.2312326431274,19.8965091705322,1.89426624774933,9.74196624755859,26.4857978820801,13.1035070419312,-0.339480638504028,18.2346935272217,-8.23955761392,-2132.48932304778,"StriatedCaracara",10
1048,0,0.903274536132812,1,13.9646148681641,19.782600402832,4.78785562515259,6.30927467346191,25.6149940490723,8.24532699584961,0.32374969124794,10.0502576828003,1.76044238608,-2132.48932304778,"StriatedCaracara",10
1049,0,0.903274536132812,0,13.9646148681641,19.782600402832,4.78785562515259,6.30927467346191,25.6149940490723,8.24532699584961,0.32374969124794,10.0502576828003,11.76044238608,-2132.48932304778,"StriatedCaracara",10
1050,1,0.903274536132812,0,13.9646148681641,19.782600402832,4.78785562515259,6.30927467346191,25.6149940490723,8.24532699584961,0.32374969124794,10.0502576828003,21.76044238608,-2132.48932304778,"StriatedCaracara",10
1051,1,0.903274536132812,0,13.9646148681641,19.782600402832,4.78785562515259,6.30927467346191,25.6149940490723,8.24532699584961,0.32374969124794,10.0502576828003,31.76044238608,-2132.48932304778,"StriatedCaracara",10
1052,1,12.3983592987061,0,13.8343305587769,20.0100936889648,3.34920310974121,1.91910374164581,36.4110336303711,16.264066696167,-0.386925220489502,9.9723072052002,41.76044238608,-2132.48932304778,"StriatedCaracara",10
1053,0,20.3517246246338,0,14.08203125,20.7595291137695,10.2198028564453,2.14251518249512,41.9552192687988,13.420557975769,-0.450413286685944,20.400203704834,51.76044238608,-2132.48932304778,"StriatedCaracara",10
1054,1,19.3621520996094,0,14.4209985733032,20.1046600341797,9.28865623474121,11.2138071060181,43.0228042602539,10.8111410140991,0.58946019411087,13.8056116104126,81.76044238608,-2132.48932304778,"StriatedCaracara",10
1055,0,15.6387395858765,0,14.6629657745361,20.0438766479492,16.9365634918213,13.1551532745361,51.510009765625,9.726637840271,0.229361802339554,12.5980682373047,91.76044238608,-2132.48932304778,"StriatedCaracara",10
1056,0,9.60105514526367,0,14.6842432022095,19.8597984313965,12.640157699585,5.62060594558716,53.220516204834,14.0285835266113,1.50557339191437,15.3511085510254,101.76044238608,-2132.48932304778,"StriatedCaracara",10
1057,0,10.1362648010254,0,14.808874130249,19.9308376312256,8.18697738647461,4.55062246322632,44.1658592224121,14.7655305862427,-0.360985726118088,11.5854406356812,111.76044238608,-2132.48932304778,"StriatedCaracara",10
1058,1,12.1862688064575,0,14.7427158355713,19.8868083953857,15.7214202880859,2.54773449897766,50.306396484375,16.2645587921143,0.965389668941498,10.0961971282959,121.76044238608,-2132.48932304778,"StriatedCaracara",10
1059,0,179.425338745117,0,12.8394117355347,17.1668815612793,1.66142880916595,16.3820152282715,13.0064382553101,10.6589670181274,-2.57268667221069,89.0757751464844,-1178.23955761392,-2142.48932304778,"StriatedCaracara",10
1060,0,179.425338745117,0,12.8394117355347,17.1668815612793,1.66142880916595,16.3820152282715,13.0064382553101,10.6589670181274,-2.57268667221069,89.0757751464844,-1168.23955761392,-2142.48932304778,"StriatedCaracara",10
1061,0,152.176712036133,0,13.4329042434692,16.3498878479004,0.919740259647369,8.42909526824951,10.6947965621948,11.8090753555298,0.300520718097687,56.788330078125,-1148.23955761392,-2142.48932304778,"StriatedCaracara",10
1062,0,145.662689208984,0,13.0921602249146,15.5496301651001,1.92223882675171,6.94034099578857,16.8725852966309,16.6265869140625,-5.37994766235352,91.5488128662109,-1138.23955761392,-2142.48932304778,"StriatedCaracara",10
1063,0,137.091567993164,0,12.9318761825562,14.4869298934937,0.847659766674042,6.35641050338745,22.0179843902588,20.515495300293,-4.15921831130981,118.890800476074,-1128.23955761392,-2142.48932304778,"StriatedCaracara",10
1064,0,127.874320983887,0,13.5263605117798,14.0561475753784,0.893649041652679,3.48456072807312,18.7818832397461,15.6493196487427,-3.34256649017334,82.8397827148438,-1118.23955761392,-2142.48932304778,"StriatedCaracara",10
1065,0,119.88842010498,0,13.2815437316895,13.5093479156494,0.76449716091156,6.36243629455566,30.1769142150879,22.4435214996338,-0.394414007663727,156.934631347656,-1108.23955761392,-2142.48932304778,"StriatedCaracara",10
1066,0,115.712966918945,0,13.7313566207886,12.5975799560547,0.201615080237389,4.47269344329834,17.0562229156494,11.7423009872437,2.06697678565979,80.7708892822266,-1098.23955761392,-2142.48932304778,"StriatedCaracara",10
1067,0,95.1376495361328,0,13.9582862854004,12.2288484573364,0.743221640586853,5.84752893447876,28.4890213012695,22.9833602905273,3.81896686553955,103.744537353516,-1088.23955761392,-2142.48932304778,"StriatedCaracara",10
1068,0,95.1376495361328,0,13.9582862854004,12.2288484573364,0.743221640586853,5.84752893447876,28.4890213012695,22.9833602905273,3.81896686553955,103.744537353516,-1078.23955761392,-2142.48932304778,"StriatedCaracara",10
1069,0,86.9848861694336,0,14.3649682998657,11.836199760437,1.46429896354675,8.71963119506836,18.3630352020264,17.2415962219238,0.386641979217529,94.5558090209961,-1068.23955761392,-2142.48932304778,"StriatedCaracara",10
1070,0,79.2454986572266,0,14.7081651687622,11.6791343688965,1.1088809967041,10.271785736084,17.1555404663086,13.1507759094238,-1.05104088783264,69.7429351806641,-1058.23955761392,-2142.48932304778,"StriatedCaracara",10
1071,1,71.5873947143555,0,14.0615692138672,13.3026237487793,1.21742022037506,7.11379146575928,23.3062438964844,4.30182313919067,1.59433484077454,120.202774047852,-1048.23955761392,-2142.48932304778,"StriatedCaracara",10
1072,0,64.6605682373047,0,9.94372653961182,15.8119068145752,0.355021923780441,0.123885281383991,1.24428808689117,0,-5.17824172973633,132.377014160156,-1038.23955761392,-2142.48932304778,"StriatedCaracara",10
1073,1,58.3113403320312,0,7.78087663650513,16.8584938049316,0,0,1.84096312522888,0,-2.5609610080719,87.7610015869141,-1028.23955761392,-2142.48932304778,"StriatedCaracara",10
1074,0,52.2211608886719,0,10.9347743988037,13.4743604660034,1.22885894775391,3.04543042182922,36.4673919677734,0.39607110619545,1.87959563732147,125.476974487305,-1018.23955761392,-2142.48932304778,"StriatedCaracara",10
1075,1,45.2207260131836,0,12.763747215271,12.8469572067261,1.31973159313202,0.349975228309631,21.2051601409912,2.13078832626343,-2.34446358680725,157.895233154297,-1008.23955761392,-2142.48932304778,"StriatedCaracara",10
1076,1,37.0123596191406,0,10.6144065856934,14.7047557830811,2.03673529624939,3.95230197906494,25.785213470459,8.79451942443848,8.87139701843262,191.802062988281,-998.23955761392,-2142.48932304778,"StriatedCaracara",10
1077,1,28.0722026824951,0,13.5789470672607,14.5214128494263,3.65171241760254,2.54923939704895,24.3573760986328,17.2516536712646,3.26675701141357,185.459350585938,-988.23955761392,-2142.48932304778,"StriatedCaracara",10
1078,1,19.110876083374,0,17.241455078125,15.6149759292603,3.75432729721069,1.88229084014893,29.0570068359375,24.114688873291,0.423862487077713,53.0218849182129,-978.23955761392,-2142.48932304778,"StriatedCaracara",10
1079,1,10.1854934692383,0,17.5266628265381,16.2498645782471,1.70805788040161,1.20084393024445,17.7339286804199,14.9937782287598,-2.48211050033569,24.8434581756592,-968.23955761392,-2142.48932304778,"StriatedCaracara",10
1080,1,2.47060513496399,0,18.3584594726562,18.0951137542725,7.09849452972412,5.25543260574341,27.2308006286621,20.080249786377,-1.66602993011475,12.9298133850098,-958.23955761392,-2142.48932304778,"StriatedCaracara",10
1081,1,7.2631664276123,0,18.8063621520996,18.3705883026123,6.32795572280884,3.39447474479675,24.6012306213379,26.6134796142578,-1.56605279445648,8.88020706176758,-948.23955761392,-2142.48932304778,"StriatedCaracara",10
1082,0,7.2631664276123,0,18.8063621520996,18.3705883026123,6.32795572280884,3.39447474479675,24.6012306213379,26.6134796142578,-1.56605279445648,8.88020706176758,-938.23955761392,-2142.48932304778,"StriatedCaracara",10
1083,1,1.58790373802185,1,13.2826290130615,20.3993625640869,1.8409218788147,13.6308860778809,36.7063026428223,14.4278545379639,1.31560301780701,44.0061378479004,-58.23955761392,-2142.48932304778,"StriatedCaracara",10
1084,1,1.58790373802185,1,13.2826290130615,20.3993625640869,1.8409218788147,13.6308860778809,36.7063026428223,14.4278545379639,1.31560301780701,44.0061378479004,-48.23955761392,-2142.48932304778,"StriatedCaracara",10
1085,0,1.58790373802185,1,13.2826290130615,20.3993625640869,1.8409218788147,13.6308860778809,36.7063026428223,14.4278545379639,1.31560301780701,44.0061378479004,-38.23955761392,-2142.48932304778,"StriatedCaracara",10
1086,0,13.2170085906982,1,13.2312326431274,19.8965091705322,1.89426624774933,9.74196624755859,26.4857978820801,13.1035070419312,-0.339480638504028,18.2346935272217,-28.23955761392,-2142.48932304778,"StriatedCaracara",10
1087,1,13.2170085906982,1,13.2312326431274,19.8965091705322,1.89426624774933,9.74196624755859,26.4857978820801,13.1035070419312,-0.339480638504028,18.2346935272217,-18.23955761392,-2142.48932304778,"StriatedCaracara",10
1088,1,13.2170085906982,1,13.2312326431274,19.8965091705322,1.89426624774933,9.74196624755859,26.4857978820801,13.1035070419312,-0.339480638504028,18.2346935272217,-8.23955761392,-2142.48932304778,"StriatedCaracara",10
1089,0,11.1200037002563,1,13.392406463623,20.1603984832764,5.39040899276733,2.83396172523499,51.567798614502,25.3875026702881,-0.942036807537079,42.4554061889648,1.76044238608,-2142.48932304778,"StriatedCaracara",10
1090,0,8.67384147644043,0,13.6693248748779,20.0271987915039,14.5453033447266,0.535932898521423,51.5564270019531,26.7690162658691,1.06002843379974,37.1878662109375,11.76044238608,-2142.48932304778,"StriatedCaracara",10
1091,0,5.79919958114624,0,13.7746753692627,20.6001262664795,13.93727684021,2.49791359901428,48.4302864074707,23.9192447662354,0.109148442745209,27.5587291717529,21.76044238608,-2142.48932304778,"StriatedCaracara",10
1092,0,12.3983592987061,0,13.8343305587769,20.0100936889648,3.34920310974121,1.91910374164581,36.4110336303711,16.264066696167,-0.386925220489502,9.9723072052002,31.76044238608,-2142.48932304778,"StriatedCaracara",10
1093,0,12.3983592987061,0,13.8343305587769,20.0100936889648,3.34920310974121,1.91910374164581,36.4110336303711,16.264066696167,-0.386925220489502,9.9723072052002,41.76044238608,-2142.48932304778,"StriatedCaracara",10
1094,0,20.3517246246338,0,14.08203125,20.7595291137695,10.2198028564453,2.14251518249512,41.9552192687988,13.420557975769,-0.450413286685944,20.400203704834,51.76044238608,-2142.48932304778,"StriatedCaracara",10
1095,0,20.3517246246338,0,14.08203125,20.7595291137695,10.2198028564453,2.14251518249512,41.9552192687988,13.420557975769,-0.450413286685944,20.400203704834,61.76044238608,-2142.48932304778,"StriatedCaracara",10
1096,0,19.3621520996094,0,14.4209985733032,20.1046600341797,9.28865623474121,11.2138071060181,43.0228042602539,10.8111410140991,0.58946019411087,13.8056116104126,71.76044238608,-2142.48932304778,"StriatedCaracara",10
1097,0,19.3621520996094,0,14.4209985733032,20.1046600341797,9.28865623474121,11.2138071060181,43.0228042602539,10.8111410140991,0.58946019411087,13.8056116104126,81.76044238608,-2142.48932304778,"StriatedCaracara",10
1098,1,15.6387395858765,0,14.6629657745361,20.0438766479492,16.9365634918213,13.1551532745361,51.510009765625,9.726637840271,0.229361802339554,12.5980682373047,91.76044238608,-2142.48932304778,"StriatedCaracara",10
1099,0,9.60105514526367,0,14.6842432022095,19.8597984313965,12.640157699585,5.62060594558716,53.220516204834,14.0285835266113,1.50557339191437,15.3511085510254,101.76044238608,-2142.48932304778,"StriatedCaracara",10
1100,1,10.1362648010254,0,14.808874130249,19.9308376312256,8.18697738647461,4.55062246322632,44.1658592224121,14.7655305862427,-0.360985726118088,11.5854406356812,111.76044238608,-2142.48932304778,"StriatedCaracara",10
1101,0,12.1862688064575,0,14.7427158355713,19.8868083953857,15.7214202880859,2.54773449897766,50.306396484375,16.2645587921143,0.965389668941498,10.0961971282959,121.76044238608,-2142.48932304778,"StriatedCaracara",10
1102,0,9.77801895141602,0,14.5312690734863,19.9898738861084,17.6622524261475,2.14595174789429,50.7217559814453,19.0782127380371,-0.788766860961914,6.84347581863403,131.76044238608,-2142.48932304778,"StriatedCaracara",10
1103,0,13.3415660858154,0,14.4717569351196,19.6340408325195,7.39551448822021,10.4570140838623,48.0224151611328,16.3179836273193,0.0078054666519165,9.81569004058838,141.76044238608,-2142.48932304778,"StriatedCaracara",10
1104,1,17.5824718475342,0,14.3971614837646,19.3445091247559,7.669273853302,3.02300882339478,49.622974395752,15.3438272476196,-0.3472580909729,6.11509895324707,151.76044238608,-2142.48932304778,"StriatedCaracara",10
1105,0,18.532543182373,0,14.1571998596191,19.9687252044678,1.10523545742035,5.94788312911987,43.463981628418,8.93108558654785,-0.0608740150928497,12.8713779449463,161.76044238608,-2142.48932304778,"StriatedCaracara",10
1106,0,148.894058227539,0,12.7323455810547,15.851282119751,2.33859944343567,5.54467105865479,21.3412322998047,15.8467645645142,4.70470094680786,124.715362548828,-1148.23955761392,-2152.48932304778,"StriatedCaracara",10
1107,0,148.894058227539,0,12.7323455810547,15.851282119751,2.33859944343567,5.54467105865479,21.3412322998047,15.8467645645142,4.70470094680786,124.715362548828,-1138.23955761392,-2152.48932304778,"StriatedCaracara",10
1108,0,140.629821777344,0,12.8402462005615,14.4880847930908,0.883621037006378,6.19983148574829,29.6804656982422,20.7833480834961,6.94172143936157,122.362426757812,-1128.23955761392,-2152.48932304778,"StriatedCaracara",10
1109,0,132.189559936523,0,13.1356201171875,14.0076265335083,0.412582039833069,4.95519208908081,26.1593589782715,20.8074283599854,-0.753531277179718,122.217391967773,-1118.23955761392,-2152.48932304778,"StriatedCaracara",10
1110,0,123.935691833496,0,13.1913318634033,13.148907661438,0.485700577497482,7.49112701416016,28.3256721496582,24.1270294189453,2.66300058364868,135.521392822266,-1108.23955761392,-2152.48932304778,"StriatedCaracara",10
1111,0,115.712966918945,0,13.7313566207886,12.5975799560547,0.201615080237389,4.47269344329834,17.0562229156494,11.7423009872437,2.06697678565979,80.7708892822266,-1098.23955761392,-2152.48932304778,"StriatedCaracara",10
1112,1,109.860984802246,0,13.4434175491333,12.2860145568848,0.220495700836182,2.26618766784668,25.4615325927734,15.3014755249023,0.354266673326492,92.8126831054688,-1088.23955761392,-2152.48932304778,"StriatedCaracara",10
1113,0,92.1200866699219,0,14.2474584579468,11.7063694000244,1.10815250873566,8.18320465087891,27.3377265930176,25.0154647827148,0.615775167942047,135.212921142578,-1078.23955761392,-2152.48932304778,"StriatedCaracara",10
1114,0,92.1200866699219,0,14.2474584579468,11.7063694000244,1.10815250873566,8.18320465087891,27.3377265930176,25.0154647827148,0.615775167942047,135.212921142578,-1068.23955761392,-2152.48932304778,"StriatedCaracara",10
1115,0,84.4319000244141,0,14.2655410766602,11.4474239349365,2.89722585678101,5.57964181900024,26.7826881408691,23.431188583374,-4.42999458312988,140.825668334961,-1058.23955761392,-2152.48932304778,"StriatedCaracara",10
1116,0,76.7223663330078,0,14.186056137085,12.9804658889771,0.625646948814392,3.99824714660645,36.9215812683105,5.6154522895813,-3.71592974662781,140.467666625977,-1048.23955761392,-2152.48932304778,"StriatedCaracara",10
1117,0,69.0068054199219,0,9.88006496429443,16.6034927368164,0,0.106261670589447,4.7357964515686,1.11143386363983,3.506831407547,124.44010925293,-1038.23955761392,-2152.48932304778,"StriatedCaracara",10
1118,0,61.1610832214355,0,8.04539108276367,16.9654388427734,0,0,0.00782069563865662,0,4.88745832443237,74.391242980957,-1028.23955761392,-2152.48932304778,"StriatedCaracara",10
1119,0,52.8384590148926,0,12.3698406219482,12.1762828826904,1.06105065345764,4.88221597671509,11.176212310791,3.3303542137146,-2.82406806945801,114.575103759766,-1018.23955761392,-2152.48932304778,"StriatedCaracara",10
1120,1,44.2788887023926,0,15.1756553649902,11.4476432800293,1.76313185691833,16.1071529388428,13.1042995452881,7.89343643188477,-4.65209579467773,92.5222930908203,-1008.23955761392,-2152.48932304778,"StriatedCaracara",10
1121,1,35.5647277832031,0,15.6758460998535,13.3236274719238,1.35376441478729,8.28057670593262,12.3454437255859,13.1738452911377,-3.05765914916992,98.4330825805664,-998.23955761392,-2152.48932304778,"StriatedCaracara",10
1122,1,26.6827964782715,0,16.5936012268066,14.1284580230713,2.16729927062988,5.51813983917236,21.9255409240723,22.7859287261963,-3.29494094848633,51.7639312744141,-988.23955761392,-2152.48932304778,"StriatedCaracara",10
1123,1,17.6754131317139,0,16.2015419006348,15.273042678833,4.58125114440918,5.19973278045654,26.1295623779297,14.7820558547974,-5.01385116577148,59.3636589050293,-978.23955761392,-2152.48932304778,"StriatedCaracara",10
1124,1,8.79660224914551,0,15.1145973205566,16.721565246582,5.28316593170166,3.05264759063721,28.1629390716553,20.7536678314209,4.7197437286377,121.62052154541,-968.23955761392,-2152.48932304778,"StriatedCaracara",10
1125,1,2.32265329360962,0,17.633472442627,18.3696365356445,5.45107078552246,2.17694163322449,23.2252826690674,23.6412334442139,-1.79624497890472,44.0488510131836,-958.23955761392,-2152.48932304778,"StriatedCaracara",10
1126,0,7.65859699249268,0,16.6207809448242,17.4442939758301,5.04403591156006,8.17982864379883,30.6649055480957,25.4690093994141,3.61308193206787,67.7231674194336,-948.23955761392,-2152.48932304778,"StriatedCaracara",10
1127,0,3.87406849861145,0,16.7887840270996,18.3652305603027,18.5823860168457,9.08081436157227,39.6335754394531,22.3203125,-1.9726984500885,49.8277778625488,-938.23955761392,-2152.48932304778,"StriatedCaracara",10
1128,0,1.58790373802185,0,13.2826290130615,20.3993625640869,1.8409218788147,13.6308860778809,36.7063026428223,14.4278545379639,1.31560301780701,44.0061378479004,-58.23955761392,-2152.48932304778,"StriatedCaracara",10
1129,0,1.58790373802185,0,13.2826290130615,20.3993625640869,1.8409218788147,13.6308860778809,36.7063026428223,14.4278545379639,1.31560301780701,44.0061378479004,-48.23955761392,-2152.48932304778,"StriatedCaracara",10
1130,0,1.27022743225098,1,13.3727264404297,20.0569305419922,6.55370330810547,9.31327629089355,42.8550758361816,16.1426162719727,0.0995897650718689,31.8090114593506,-38.23955761392,-2152.48932304778,"StriatedCaracara",10
1131,0,1.27022743225098,1,13.3727264404297,20.0569305419922,6.55370330810547,9.31327629089355,42.8550758361816,16.1426162719727,0.0995897650718689,31.8090114593506,-28.23955761392,-2152.48932304778,"StriatedCaracara",10
1132,0,1.87300741672516,1,13.488751411438,20.5121688842773,10.6554307937622,5.23078775405884,28.477897644043,9.19678783416748,-0.0660879462957382,22.3186912536621,-18.23955761392,-2152.48932304778,"StriatedCaracara",10
1133,1,11.1200037002563,1,13.392406463623,20.1603984832764,5.39040899276733,2.83396172523499,51.567798614502,25.3875026702881,-0.942036807537079,42.4554061889648,-8.23955761392,-2152.48932304778,"StriatedCaracara",10
1134,0,11.1200037002563,0,13.392406463623,20.1603984832764,5.39040899276733,2.83396172523499,51.567798614502,25.3875026702881,-0.942036807537079,42.4554061889648,1.76044238608,-2152.48932304778,"StriatedCaracara",10
1135,0,8.67384147644043,0,13.6693248748779,20.0271987915039,14.5453033447266,0.535932898521423,51.5564270019531,26.7690162658691,1.06002843379974,37.1878662109375,11.76044238608,-2152.48932304778,"StriatedCaracara",10
1136,0,5.79919958114624,0,13.7746753692627,20.6001262664795,13.93727684021,2.49791359901428,48.4302864074707,23.9192447662354,0.109148442745209,27.5587291717529,21.76044238608,-2152.48932304778,"StriatedCaracara",10
1137,0,5.75936317443848,0,13.6915349960327,20.5943241119385,24.2852039337158,0.97216784954071,48.3296432495117,18.1692218780518,0.467784702777863,37.1255531311035,31.76044238608,-2152.48932304778,"StriatedCaracara",10
1138,0,9.644362449646,0,13.8058662414551,20.9470386505127,23.1196632385254,0.819652676582336,48.8440246582031,17.3869457244873,-0.442415207624435,34.9388122558594,41.76044238608,-2152.48932304778,"StriatedCaracara",10
1139,0,15.9234037399292,0,13.9350500106812,21.5324211120605,8.98542785644531,1.06420588493347,34.5329818725586,15.6543397903442,1.52203297615051,28.8571929931641,51.76044238608,-2152.48932304778,"StriatedCaracara",10
1140,0,8.11536407470703,0,13.531307220459,21.8672904968262,0.115882053971291,12.1918029785156,52.6838684082031,10.6016521453857,-0.333523988723755,5.44392681121826,61.76044238608,-2152.48932304778,"StriatedCaracara",10
1141,0,11.5898475646973,0,14.3800716400146,20.4914817810059,11.2995052337646,12.8366765975952,51.830753326416,14.2137689590454,0.592166423797607,33.0135345458984,71.76044238608,-2152.48932304778,"StriatedCaracara",10
1142,0,11.5898475646973,0,14.3800716400146,20.4914817810059,11.2995052337646,12.8366765975952,51.830753326416,14.2137689590454,0.592166423797607,33.0135345458984,81.76044238608,-2152.48932304778,"StriatedCaracara",10
1143,0,12.7518444061279,0,14.7334384918213,19.8709697723389,22.6378059387207,12.1162805557251,51.6602058410645,10.2480792999268,-0.780701279640198,12.7240467071533,91.76044238608,-2152.48932304778,"StriatedCaracara",10
1144,1,5.32718086242676,0,14.8274602890015,20.2302188873291,23.4691696166992,10.7520389556885,50.642879486084,12.4400701522827,-1.10530304908752,12.9685974121094,101.76044238608,-2152.48932304778,"StriatedCaracara",10
1145,1,6.52353572845459,0,14.1904640197754,19.506778717041,12.2159376144409,0.49632328748703,54.9543342590332,25.5166358947754,2.16208577156067,35.6455497741699,111.76044238608,-2152.48932304778,"StriatedCaracara",10
1146,0,2.38349032402039,0,14.5500268936157,19.2747344970703,21.7926177978516,2.94664573669434,46.7257385253906,12.3969116210938,0.783823788166046,14.2265405654907,121.76044238608,-2152.48932304778,"StriatedCaracara",10
1147,1,2.38349032402039,0,14.5500268936157,19.2747344970703,21.7926177978516,2.94664573669434,46.7257385253906,12.3969116210938,0.783823788166046,14.2265405654907,131.76044238608,-2152.48932304778,"StriatedCaracara",10
1148,1,5.70138597488403,0,14.3784151077271,18.8725452423096,18.53932762146,4.65417528152466,50.790412902832,12.7091598510742,0.627575993537903,17.6845741271973,141.76044238608,-2152.48932304778,"StriatedCaracara",10
1149,1,11.1863889694214,0,14.2952079772949,19.381664276123,6.79198265075684,2.05368828773499,58.3698348999023,11.642970085144,0.507473826408386,14.493480682373,151.76044238608,-2152.48932304778,"StriatedCaracara",10
1150,1,18.532543182373,0,14.1571998596191,19.9687252044678,1.10523545742035,5.94788312911987,43.463981628418,8.93108558654785,-0.0608740150928497,12.8713779449463,161.76044238608,-2152.48932304778,"StriatedCaracara",10
1151,0,18.532543182373,0,14.1571998596191,19.9687252044678,1.10523545742035,5.94788312911987,43.463981628418,8.93108558654785,-0.0608740150928497,12.8713779449463,171.76044238608,-2152.48932304778,"StriatedCaracara",10
1152,0,151.224700927734,0,13.1023750305176,15.3793096542358,1.63919925689697,2.56903266906738,25.8144798278809,13.322603225708,-0.00825493782758713,47.4912185668945,-1148.23955761392,-2162.48932304778,"StriatedCaracara",10
1153,0,151.224700927734,0,13.1023750305176,15.3793096542358,1.63919925689697,2.56903266906738,25.8144798278809,13.322603225708,-0.00825493782758713,47.4912185668945,-1138.23955761392,-2162.48932304778,"StriatedCaracara",10
1154,0,136.062225341797,0,13.1066932678223,13.9838256835938,1.41169774532318,5.21808624267578,28.8799171447754,18.8656787872314,2.7875235080719,105.447288513184,-1128.23955761392,-2162.48932304778,"StriatedCaracara",10
1155,0,136.062225341797,0,13.1066932678223,13.9838256835938,1.41169774532318,5.21808624267578,28.8799171447754,18.8656787872314,2.7875235080719,105.447288513184,-1118.23955761392,-2162.48932304778,"StriatedCaracara",10
1156,0,127.315719604492,0,13.2820243835449,13.1264810562134,1.53902387619019,4.24391841888428,26.6595344543457,16.5328483581543,-3.67837834358215,104.512298583984,-1108.23955761392,-2162.48932304778,"StriatedCaracara",10
1157,0,119.072814941406,0,13.9926338195801,12.7166786193848,0.0379139296710491,7.61311054229736,15.7360677719116,6.12433195114136,-2.90403032302856,33.5835418701172,-1098.23955761392,-2162.48932304778,"StriatedCaracara",10
1158,0,109.860984802246,0,13.4434175491333,12.2860145568848,0.220495700836182,2.26618766784668,25.4615325927734,15.3014755249023,0.354266673326492,92.8126831054688,-1088.23955761392,-2162.48932304778,"StriatedCaracara",10
1159,0,109.860984802246,0,13.4434175491333,12.2860145568848,0.220495700836182,2.26618766784668,25.4615325927734,15.3014755249023,0.354266673326492,92.8126831054688,-1078.23955761392,-2162.48932304778,"StriatedCaracara",10
1160,0,92.2565002441406,0,14.1743984222412,11.5829010009766,1.67980432510376,6.71520376205444,27.377986907959,20.7872066497803,1.31484484672546,115.58772277832,-1068.23955761392,-2162.48932304778,"StriatedCaracara",10
1161,0,83.3767013549805,0,13.5954113006592,12.5941562652588,2.4204273223877,6.6710991859436,24.2970333099365,22.4156723022461,5.48271560668945,146.084915161133,-1058.23955761392,-2162.48932304778,"StriatedCaracara",10
1162,0,74.5330047607422,0,14.8091602325439,12.8714160919189,2.82886576652527,5.72931337356567,25.5221824645996,16.2744522094727,-1.5788825750351,92.2512054443359,-1048.23955761392,-2162.48932304778,"StriatedCaracara",10
1163,0,65.6361618041992,0,12.307599067688,15.0302696228027,0.362583935260773,2.09918308258057,18.160608291626,2.87816262245178,4.70214319229126,133.511962890625,-1038.23955761392,-2162.48932304778,"StriatedCaracara",10
1164,0,56.8866195678711,0,8.83648109436035,16.0266895294189,0,0,0.0156197994947433,0,-2.55301213264465,101.076797485352,-1028.23955761392,-2162.48932304778,"StriatedCaracara",10
1165,0,48.2681427001953,0,11.8518333435059,13.185154914856,0.0672549828886986,0.340475618839264,5.00696325302124,1.46894383430481,-6.10689449310303,64.4311218261719,-1018.23955761392,-2162.48932304778,"StriatedCaracara",10
1166,1,39.848274230957,0,12.7171630859375,11.2181348800659,1.57579171657562,7.01250457763672,26.1825790405273,13.8584690093994,5.79682731628418,106.549331665039,-1008.23955761392,-2162.48932304778,"StriatedCaracara",10
1167,1,31.7456855773926,0,15.6225776672363,12.6864824295044,8.1168212890625,18.6806373596191,29.1013355255127,9.73329257965088,0.400814473628998,72.4608154296875,-998.23955761392,-2162.48932304778,"StriatedCaracara",10
1168,1,24.193021774292,0,16.7555465698242,13.4016437530518,3.14748001098633,6.56278848648071,25.9505462646484,17.6609382629395,-1.20772874355316,45.4324264526367,-988.23955761392,-2162.48932304778,"StriatedCaracara",10
1169,0,17.2578716278076,0,15.3307857513428,15.8300790786743,1.4331294298172,4.80830764770508,18.1890430450439,17.0477313995361,0.938975811004639,89.9485168457031,-978.23955761392,-2162.48932304778,"StriatedCaracara",10
1170,0,10.3671102523804,0,16.5101356506348,18.1974792480469,1.35863053798676,2.89335942268372,10.2665882110596,8.17172431945801,-3.1224799156189,48.7068939208984,-968.23955761392,-2162.48932304778,"StriatedCaracara",10
1171,0,4.41337823867798,0,17.5487308502197,19.3183670043945,6.68292856216431,1.42117214202881,24.5479831695557,19.5695247650146,1.26918518543243,68.1908874511719,-958.23955761392,-2162.48932304778,"StriatedCaracara",10
1172,1,2.51402425765991,0,17.7162437438965,19.1693630218506,12.3135824203491,1.77933931350708,33.1588706970215,20.789270401001,-7.84415435791016,60.1403045654297,-948.23955761392,-2162.48932304778,"StriatedCaracara",10
1173,1,3.87406849861145,0,16.7887840270996,18.3652305603027,18.5823860168457,9.08081436157227,39.6335754394531,22.3203125,-1.9726984500885,49.8277778625488,-938.23955761392,-2162.48932304778,"StriatedCaracara",10
1174,1,2.26904702186584,0,15.9881477355957,17.5649337768555,16.8020610809326,6.16717624664307,44.3001937866211,28.5585536956787,0.599210858345032,23.9079456329346,-928.23955761392,-2162.48932304778,"StriatedCaracara",10
1175,0,8.70292949676514,0,15.1372365951538,17.2293834686279,18.1464881896973,8.53842735290527,39.9577445983887,22.4573345184326,-0.771968901157379,32.5044860839844,-918.23955761392,-2162.48932304778,"StriatedCaracara",10
1176,0,26.5138053894043,0,13.1457223892212,20.0079784393311,1.07489168643951,0.627417623996735,22.0466632843018,12.2191667556763,-0.124622963368893,2.04435658454895,-68.23955761392,-2162.48932304778,"StriatedCaracara",10
1177,0,21.7842884063721,0,13.1801176071167,19.8798751831055,3.48763465881348,24.7359390258789,37.3199691772461,4.35883378982544,0.115070164203644,6.2029709815979,-58.23955761392,-2162.48932304778,"StriatedCaracara",10
1178,0,21.7842884063721,0,13.1801176071167,19.8798751831055,3.48763465881348,24.7359390258789,37.3199691772461,4.35883378982544,0.115070164203644,6.2029709815979,-48.23955761392,-2162.48932304778,"StriatedCaracara",10
1179,1,1.27022743225098,1,13.3727264404297,20.0569305419922,6.55370330810547,9.31327629089355,42.8550758361816,16.1426162719727,0.0995897650718689,31.8090114593506,-38.23955761392,-2162.48932304778,"StriatedCaracara",10
1180,1,7.73037195205688,1,13.245361328125,19.6113548278809,4.58621072769165,4.50549459457397,41.9591636657715,18.6203384399414,-0.117591381072998,21.8389778137207,-28.23955761392,-2162.48932304778,"StriatedCaracara",10
1181,0,7.73037195205688,0,13.245361328125,19.6113548278809,4.58621072769165,4.50549459457397,41.9591636657715,18.6203384399414,-0.117591381072998,21.8389778137207,-18.23955761392,-2162.48932304778,"StriatedCaracara",10
1182,0,8.49257373809814,0,13.0267314910889,20.7869052886963,6.6412525177002,0.941575646400452,54.3882751464844,29.6869602203369,-1.2326877117157,50.6059074401855,-8.23955761392,-2162.48932304778,"StriatedCaracara",10
1183,0,6.93860816955566,0,12.6342344284058,21.03830909729,14.7342042922974,0.555271506309509,54.1046905517578,26.6922492980957,4.9596996307373,75.7431335449219,1.76044238608,-2162.48932304778,"StriatedCaracara",10
1184,0,2.74491572380066,0,13.3790969848633,20.7497520446777,27.0267906188965,1.58605718612671,52.1621932983398,17.7837257385254,-0.950099945068359,39.5906372070312,11.76044238608,-2162.48932304778,"StriatedCaracara",10
1185,0,4.31606721878052,0,13.1214618682861,20.7886047363281,18.8729953765869,0.000110019849671517,52.8078765869141,27.8291130065918,0.750627160072327,48.6525382995605,21.76044238608,-2162.48932304778,"StriatedCaracara",10
1186,1,3.51791334152222,0,13.3222332000732,20.7514457702637,21.01584815979,0.0884818509221077,50.113410949707,23.8750019073486,1.99854016304016,52.6553573608398,31.76044238608,-2162.48932304778,"StriatedCaracara",10
1187,0,9.644362449646,0,13.8058662414551,20.9470386505127,23.1196632385254,0.819652676582336,48.8440246582031,17.3869457244873,-0.442415207624435,34.9388122558594,41.76044238608,-2162.48932304778,"StriatedCaracara",10
1188,0,8.11536407470703,0,13.531307220459,21.8672904968262,0.115882053971291,12.1918029785156,52.6838684082031,10.6016521453857,-0.333523988723755,5.44392681121826,51.76044238608,-2162.48932304778,"StriatedCaracara",10
1189,0,8.11536407470703,0,13.531307220459,21.8672904968262,0.115882053971291,12.1918029785156,52.6838684082031,10.6016521453857,-0.333523988723755,5.44392681121826,61.76044238608,-2162.48932304778,"StriatedCaracara",10
1190,1,3.82726263999939,0,13.7445087432861,20.6968669891357,11.3107805252075,3.02982401847839,46.1464538574219,15.779577255249,2.06352663040161,34.3462829589844,71.76044238608,-2162.48932304778,"StriatedCaracara",10
1191,0,5.83247709274292,0,14.100245475769,20.2681045532227,15.2093944549561,11.2535238265991,51.4369201660156,18.0936412811279,0.617016851902008,35.4045677185059,81.76044238608,-2162.48932304778,"StriatedCaracara",10
1192,0,13.205979347229,0,14.3590974807739,20.212251663208,20.1757545471191,9.30737495422363,52.0956611633301,14.5790157318115,3.0703341960907,26.517786026001,91.76044238608,-2162.48932304778,"StriatedCaracara",10
1193,0,12.2557888031006,0,14.1096897125244,20.3702163696289,12.4551048278809,0.0541940107941628,55.0080261230469,29.332576751709,-0.235790997743607,40.6502342224121,101.76044238608,-2162.48932304778,"StriatedCaracara",10
1194,0,6.52353572845459,0,14.1904640197754,19.506778717041,12.2159376144409,0.49632328748703,54.9543342590332,25.5166358947754,2.16208577156067,35.6455497741699,111.76044238608,-2162.48932304778,"StriatedCaracara",10
1195,1,5.22761011123657,0,14.6456260681152,19.0823459625244,12.4810314178467,0.869806289672852,49.7503433227539,18.4474468231201,1.93395090103149,25.2871990203857,121.76044238608,-2162.48932304778,"StriatedCaracara",10
1196,0,6.02712202072144,0,14.4579677581787,19.4611930847168,9.68933486938477,0.763899624347687,49.711669921875,21.967643737793,-0.969701647758484,22.2957897186279,131.76044238608,-2162.48932304778,"StriatedCaracara",10
1197,1,6.02712202072144,0,14.4579677581787,19.4611930847168,9.68933486938477,0.763899624347687,49.711669921875,21.967643737793,-0.969701647758484,22.2957897186279,141.76044238608,-2162.48932304778,"StriatedCaracara",10
1198,1,11.1863889694214,0,14.2952079772949,19.381664276123,6.79198265075684,2.05368828773499,58.3698348999023,11.642970085144,0.507473826408386,14.493480682373,151.76044238608,-2162.48932304778,"StriatedCaracara",10
1199,1,18.532543182373,0,14.1571998596191,19.9687252044678,1.10523545742035,5.94788312911987,43.463981628418,8.93108558654785,-0.0608740150928497,12.8713779449463,161.76044238608,-2162.48932304778,"StriatedCaracara",10
1200,1,6.96122407913208,0,13.6207637786865,20.1718883514404,0.0271423235535622,4.01107549667358,16.6312084197998,5.42269945144653,0.163224816322327,3.5727858543396,171.76044238608,-2162.48932304778,"StriatedCaracara",10
1201,0,151.224700927734,0,13.1023750305176,15.3793096542358,1.63919925689697,2.56903266906738,25.8144798278809,13.322603225708,-0.00825493782758713,47.4912185668945,-1148.23955761392,-2172.48932304778,"StriatedCaracara",10
1202,0,151.224700927734,0,13.1023750305176,15.3793096542358,1.63919925689697,2.56903266906738,25.8144798278809,13.322603225708,-0.00825493782758713,47.4912185668945,-1138.23955761392,-2172.48932304778,"StriatedCaracara",10
1203,0,135.491760253906,0,13.122181892395,13.5951948165894,5.40511035919189,1.44200122356415,31.6104316711426,22.8934783935547,-1.68479669094086,30.8001022338867,-1128.23955761392,-2172.48932304778,"StriatedCaracara",10
1204,0,135.491760253906,0,13.122181892395,13.5951948165894,5.40511035919189,1.44200122356415,31.6104316711426,22.8934783935547,-1.68479669094086,30.8001022338867,-1118.23955761392,-2172.48932304778,"StriatedCaracara",10
1205,0,125.782440185547,0,13.8794116973877,12.7370567321777,0.76091456413269,7.36971044540405,12.2498836517334,21.0655059814453,-1.35125148296356,37.5192565917969,-1108.23955761392,-2172.48932304778,"StriatedCaracara",10
1206,0,118.325386047363,0,13.967041015625,12.4961204528809,0.138470619916916,9.84652996063232,10.0176296234131,23.1778106689453,1.95251297950745,32.4577178955078,-1098.23955761392,-2172.48932304778,"StriatedCaracara",10
1207,0,106.816207885742,0,13.6793584823608,12.3367576599121,0.378232181072235,3.90743684768677,10.9974193572998,8.21315574645996,3.38858842849731,40.1371879577637,-1088.23955761392,-2172.48932304778,"StriatedCaracara",10
1208,0,106.816207885742,0,13.6793584823608,12.3367576599121,0.378232181072235,3.90743684768677,10.9974193572998,8.21315574645996,3.38858842849731,40.1371879577637,-1078.23955761392,-2172.48932304778,"StriatedCaracara",10
1209,0,88.1049499511719,0,14.0195264816284,11.6644458770752,0.790841341018677,1.89515018463135,38.6351928710938,29.0532264709473,1.7854710817337,101.767059326172,-1068.23955761392,-2172.48932304778,"StriatedCaracara",10
1210,0,80.6991348266602,0,14.0745239257812,13.157735824585,1.33318269252777,4.69710397720337,22.1570167541504,18.5596599578857,-2.18534398078918,95.0371246337891,-1058.23955761392,-2172.48932304778,"StriatedCaracara",10
1211,0,71.7707061767578,0,14.2852973937988,13.359769821167,1.30525159835815,3.12242531776428,29.9829158782959,18.7847843170166,0.387591421604156,98.9057769775391,-1048.23955761392,-2172.48932304778,"StriatedCaracara",10
1212,0,62.7092514038086,0,13.431812286377,14.5608158111572,0.00875514093786478,1.49191749095917,31.5641307830811,5.22863388061523,-0.327680110931396,135.948333740234,-1038.23955761392,-2172.48932304778,"StriatedCaracara",10
1213,0,53.8367385864258,0,9.13972854614258,16.5926074981689,0,0.242173328995705,2.87583112716675,0.0327243246138096,14.7006607055664,164.95051574707,-1028.23955761392,-2172.48932304778,"StriatedCaracara",10
1214,0,44.9394989013672,0,12.4520511627197,13.2128582000732,0.831154763698578,4.55320978164673,17.80712890625,1.71536791324615,-2.18546986579895,166.287551879883,-1018.23955761392,-2172.48932304778,"StriatedCaracara",10
1215,0,36.072509765625,0,15.4037132263184,11.496434211731,0.303065448999405,10.3426113128662,13.7375736236572,12.1603860855103,-3.28398752212524,69.1886596679688,-1008.23955761392,-2172.48932304778,"StriatedCaracara",10
1216,0,27.3017024993896,0,16.1969928741455,12.3688879013062,1.11725151538849,21.9044418334961,18.7051982879639,13.8809595108032,-2.5074679851532,55.025089263916,-998.23955761392,-2172.48932304778,"StriatedCaracara",10
1217,1,18.6248836517334,0,14.9931259155273,12.5999660491943,2.75533938407898,21.0716857910156,25.8725891113281,12.831428527832,2.2855658531189,70.5511016845703,-988.23955761392,-2172.48932304778,"StriatedCaracara",10
1218,1,10.5088548660278,0,16.2431335449219,15.6722183227539,1.41179847717285,15.1284646987915,17.2387638092041,5.54630422592163,-3.23959398269653,40.5011825561523,-978.23955761392,-2172.48932304778,"StriatedCaracara",10
1219,1,4.15020132064819,0,16.7519340515137,17.8591728210449,9.99190902709961,7.9262638092041,30.6921920776367,12.005838394165,-0.882645785808563,57.4832916259766,-968.23955761392,-2172.48932304778,"StriatedCaracara",10
1220,1,2.75435495376587,0,17.4253044128418,19.0219173431396,23.3140964508057,5.96415328979492,43.0997734069824,17.9227428436279,-3.46524119377136,46.6121673583984,-958.23955761392,-2172.48932304778,"StriatedCaracara",10
1221,1,2.09319972991943,0,16.4387130737305,17.8270053863525,16.1511783599854,8.46960067749023,35.6938629150391,23.1383781433105,4.82095146179199,89.9840240478516,-948.23955761392,-2172.48932304778,"StriatedCaracara",10
1222,1,4.16887044906616,0,15.7406854629517,17.7453746795654,14.3036556243896,11.9785013198853,42.397819519043,21.3130435943604,1.48626458644867,48.0446968078613,-938.23955761392,-2172.48932304778,"StriatedCaracara",10
1223,1,2.26904702186584,0,15.9881477355957,17.5649337768555,16.8020610809326,6.16717624664307,44.3001937866211,28.5585536956787,0.599210858345032,23.9079456329346,-928.23955761392,-2172.48932304778,"StriatedCaracara",10
1224,0,8.70292949676514,0,15.1372365951538,17.2293834686279,18.1464881896973,8.53842735290527,39.9577445983887,22.4573345184326,-0.771968901157379,32.5044860839844,-918.23955761392,-2172.48932304778,"StriatedCaracara",10
1225,1,29.0812816619873,0,12.9365510940552,20.4295082092285,6.06512928009033,4.81747198104858,23.3923892974854,11.7155637741089,0.163243725895882,14.5230112075806,-98.23955761392,-2172.48932304778,"StriatedCaracara",10
1226,0,29.0812816619873,0,12.9365510940552,20.4295082092285,6.06512928009033,4.81747198104858,23.3923892974854,11.7155637741089,0.163243725895882,14.5230112075806,-88.23955761392,-2172.48932304778,"StriatedCaracara",10
1227,0,21.7842884063721,0,13.1801176071167,19.8798751831055,3.48763465881348,24.7359390258789,37.3199691772461,4.35883378982544,0.115070164203644,6.2029709815979,-48.23955761392,-2172.48932304778,"StriatedCaracara",10
1228,0,15.2130784988403,0,13.1944513320923,19.9237976074219,0.174695789813995,3.1572961807251,31.6008987426758,12.2043542861938,0.0364539101719856,14.9920387268066,-38.23955761392,-2172.48932304778,"StriatedCaracara",10
1229,0,15.2130784988403,0,13.1944513320923,19.9237976074219,0.174695789813995,3.1572961807251,31.6008987426758,12.2043542861938,0.0364539101719856,14.9920387268066,-28.23955761392,-2172.48932304778,"StriatedCaracara",10
1230,0,11.6705465316772,0,13.1218223571777,20.1958770751953,1.59079849720001,0.604299664497375,38.2781410217285,25.4582347869873,-0.196086928248405,21.0644989013672,-18.23955761392,-2172.48932304778,"StriatedCaracara",10
1231,0,2.84279656410217,0,13.7413311004639,19.4972457885742,4.15369081497192,0.00446987198665738,56.262939453125,35.0437278747559,-0.972467005252838,15.5716133117676,-8.23955761392,-2172.48932304778,"StriatedCaracara",10
1232,0,2.84279656410217,0,13.7413311004639,19.4972457885742,4.15369081497192,0.00446987198665738,56.262939453125,35.0437278747559,-0.972467005252838,15.5716133117676,1.76044238608,-2172.48932304778,"StriatedCaracara",10
1233,0,6.38337707519531,0,13.5798692703247,20.3263053894043,12.7664623260498,0.0768991857767105,54.3354949951172,31.7294368743896,-1.00541234016418,26.1698055267334,11.76044238608,-2172.48932304778,"StriatedCaracara",10
1234,0,11.6102514266968,0,12.5610122680664,20.7764110565186,18.3096828460693,0.000460793409729376,52.7087631225586,27.429012298584,1.39037823677063,71.0095443725586,21.76044238608,-2172.48932304778,"StriatedCaracara",10
1235,0,3.51791334152222,0,13.3222332000732,20.7514457702637,21.01584815979,0.0884818509221077,50.113410949707,23.8750019073486,1.99854016304016,52.6553573608398,31.76044238608,-2172.48932304778,"StriatedCaracara",10
1236,0,3.51791334152222,0,13.3222332000732,20.7514457702637,21.01584815979,0.0884818509221077,50.113410949707,23.8750019073486,1.99854016304016,52.6553573608398,41.76044238608,-2172.48932304778,"StriatedCaracara",10
1237,0,8.11536407470703,0,13.531307220459,21.8672904968262,0.115882053971291,12.1918029785156,52.6838684082031,10.6016521453857,-0.333523988723755,5.44392681121826,51.76044238608,-2172.48932304778,"StriatedCaracara",10
1238,1,3.60010504722595,0,14.1783685684204,21.4269027709961,15.1566619873047,0.56208074092865,35.6950531005859,13.6129264831543,-1.05467939376831,7.94753456115723,61.76044238608,-2172.48932304778,"StriatedCaracara",10
1239,0,3.60010504722595,0,14.1783685684204,21.4269027709961,15.1566619873047,0.56208074092865,35.6950531005859,13.6129264831543,-1.05467939376831,7.94753456115723,71.76044238608,-2172.48932304778,"StriatedCaracara",10
1240,1,3.20849466323853,0,14.1360626220703,20.8359451293945,11.3245096206665,1.49871039390564,54.1197853088379,27.8452606201172,-0.708273231983185,30.1208000183105,81.76044238608,-2172.48932304778,"StriatedCaracara",10
1241,0,10.540699005127,0,13.6162548065186,20.8105354309082,12.0434398651123,0.461805284023285,53.3789405822754,29.0102920532227,0.332940697669983,65.1192474365234,91.76044238608,-2172.48932304778,"StriatedCaracara",10
1242,0,13.6793880462646,0,13.6242141723633,20.953441619873,9.85202693939209,1.02244853973389,55.4593048095703,28.4782085418701,2.47240686416626,55.3096733093262,101.76044238608,-2172.48932304778,"StriatedCaracara",10
1243,0,12.175085067749,0,13.9654693603516,20.3329811096191,7.91706848144531,0,55.7695960998535,32.2884674072266,1.30292963981628,52.8888702392578,111.76044238608,-2172.48932304778,"StriatedCaracara",10
1244,0,11.0749845504761,0,14.444299697876,20.0691757202148,18.157169342041,0.0339258909225464,53.9755897521973,23.6662292480469,0.923837661743164,30.147066116333,121.76044238608,-2172.48932304778,"StriatedCaracara",10
1245,1,8.29139423370361,0,14.272234916687,20.0982570648193,9.08609962463379,1.52375161647797,52.476879119873,29.7581596374512,1.41578710079193,38.9754333496094,131.76044238608,-2172.48932304778,"StriatedCaracara",10
1246,1,5.69791603088379,0,13.9136629104614,20.0082511901855,7.29380893707275,1.36673355102539,50.6030616760254,30.7728805541992,0.369257092475891,49.3345794677734,141.76044238608,-2172.48932304778,"StriatedCaracara",10
1247,1,4.60309886932373,0,14.0836353302002,19.8069953918457,6.83541822433472,3.29829597473145,53.9101066589355,24.6492767333984,-0.455308347940445,28.3694458007812,151.76044238608,-2172.48932304778,"StriatedCaracara",10
1248,1,3.86490392684937,0,13.9448471069336,19.9965305328369,2.67169690132141,2.52195644378662,42.5248870849609,17.9137477874756,0.00515085458755493,17.0677757263184,161.76044238608,-2172.48932304778,"StriatedCaracara",10
1249,1,6.96122407913208,0,13.6207637786865,20.1718883514404,0.0271423235535622,4.01107549667358,16.6312084197998,5.42269945144653,0.163224816322327,3.5727858543396,171.76044238608,-2172.48932304778,"StriatedCaracara",10
1250,0,160.79460144043,0,12.2895984649658,14.7563543319702,7.41559648513794,3.89477920532227,27.350757598877,18.9078731536865,1.12674355506897,93.7202377319336,-1158.23955761392,-2182.48932304778,"StriatedCaracara",10
1251,0,160.79460144043,0,12.2895984649658,14.7563543319702,7.41559648513794,3.89477920532227,27.350757598877,18.9078731536865,1.12674355506897,93.7202377319336,-1148.23955761392,-2182.48932304778,"StriatedCaracara",10
1252,0,148.890960693359,0,13.1842765808105,14.643383026123,0.322682976722717,0.455416679382324,32.5533790588379,4.36777639389038,-0.543725252151489,5.77276754379272,-1138.23955761392,-2182.48932304778,"StriatedCaracara",10
1253,0,142.05517578125,0,12.8301677703857,14.6339893341064,6.76674127578735,0.516271770000458,38.5886268615723,17.7284145355225,-1.43739712238312,91.9516296386719,-1128.23955761392,-2182.48932304778,"StriatedCaracara",10
1254,0,133.606750488281,0,12.7830867767334,13.5884370803833,5.63886547088623,1.15694904327393,40.7101936340332,28.6650390625,5.28525495529175,129.123168945312,-1118.23955761392,-2182.48932304778,"StriatedCaracara",10
1255,0,125.281227111816,0,13.5579652786255,12.8104438781738,1.13610732555389,4.28245735168457,27.3248100280762,19.8656330108643,-1.35703277587891,45.2197608947754,-1108.23955761392,-2182.48932304778,"StriatedCaracara",10
1256,0,118.325386047363,0,13.967041015625,12.4961204528809,0.138470619916916,9.84652996063232,10.0176296234131,23.1778106689453,1.95251297950745,32.4577178955078,-1098.23955761392,-2182.48932304778,"StriatedCaracara",10
1257,0,106.816207885742,0,13.6793584823608,12.3367576599121,0.378232181072235,3.90743684768677,10.9974193572998,8.21315574645996,3.38858842849731,40.1371879577637,-1088.23955761392,-2182.48932304778,"StriatedCaracara",10
1258,0,96.9433898925781,0,14.5769014358521,11.5305414199829,0.355689853429794,4.04651880264282,11.4907636642456,20.8794593811035,0.709360837936401,25.9903221130371,-1078.23955761392,-2182.48932304778,"StriatedCaracara",10
1259,1,88.1049499511719,0,14.0195264816284,11.6644458770752,0.790841341018677,1.89515018463135,38.6351928710938,29.0532264709473,1.7854710817337,101.767059326172,-1068.23955761392,-2182.48932304778,"StriatedCaracara",10
1260,0,79.1147308349609,0,14.6072902679443,12.5185279846191,0.41006726026535,1.66274654865265,28.6155490875244,17.8360252380371,3.00865793228149,51.8558616638184,-1058.23955761392,-2182.48932304778,"StriatedCaracara",10
1261,0,69.400032043457,0,14.9366331100464,12.5405397415161,0.27043405175209,1.31689953804016,22.2744235992432,14.545126914978,-2.12255716323853,75.8766174316406,-1048.23955761392,-2182.48932304778,"StriatedCaracara",10
1262,0,60.6893272399902,0,14.4795913696289,12.875563621521,0.8930384516716,4.91470050811768,34.5687599182129,12.5967826843262,-1.78364074230194,119.787864685059,-1038.23955761392,-2182.48932304778,"StriatedCaracara",10
1263,0,51.6208000183105,0,11.6622676849365,13.7478704452515,1.6666966676712,1.51842677593231,33.2944221496582,1.22742080688477,-2.21821904182434,161.204437255859,-1028.23955761392,-2182.48932304778,"StriatedCaracara",10
1264,0,42.5582389831543,0,11.7641553878784,13.269829750061,3.08739590644836,3.58123350143433,34.874828338623,1.62159144878387,0.885836005210876,185.535720825195,-1018.23955761392,-2182.48932304778,"StriatedCaracara",10
1265,0,33.526424407959,0,14.6328182220459,11.7812614440918,0.78442794084549,12.366382598877,25.5905475616455,12.3598890304565,-5.35790967941284,100.555084228516,-1008.23955761392,-2182.48932304778,"StriatedCaracara",10
1266,0,24.527229309082,0,14.4423246383667,12.6656675338745,5.03303241729736,14.3296375274658,25.3522262573242,10.2788028717041,0.17797064781189,118.20182800293,-998.23955761392,-2182.48932304778,"StriatedCaracara",10
1267,0,15.6189956665039,0,12.6059951782227,12.9655380249023,1.3690482378006,10.1685914993286,24.8045310974121,10.3274040222168,1.46235299110413,154.544998168945,-988.23955761392,-2182.48932304778,"StriatedCaracara",10
1268,1,6.8358268737793,0,13.5131139755249,14.0404090881348,3.2703914642334,14.8815765380859,27.5127143859863,14.0236206054688,1.47125196456909,145.434020996094,-978.23955761392,-2182.48932304778,"StriatedCaracara",10
1269,1,2.62639951705933,0,15.136344909668,15.4641027450562,4.56437873840332,16.3016242980957,33.4659309387207,15.9385061264038,3.22765684127808,96.1555557250977,-968.23955761392,-2182.48932304778,"StriatedCaracara",10
1270,0,6.49062252044678,0,15.2525424957275,17.011022567749,9.52688312530518,22.8748607635498,37.0037612915039,14.6665172576904,3.86567974090576,120.872001647949,-958.23955761392,-2182.48932304778,"StriatedCaracara",10
1271,1,2.40958380699158,0,15.7934808731079,17.100414276123,15.958399772644,9.97929286956787,42.2406768798828,22.4998416900635,1.89750587940216,91.2512664794922,-948.23955761392,-2182.48932304778,"StriatedCaracara",10
1272,0,5.58089208602905,0,15.2832736968994,16.7688045501709,13.0030403137207,9.04835796356201,47.7124404907227,23.0587425231934,0.368166208267212,43.7764549255371,-938.23955761392,-2182.48932304778,"StriatedCaracara",10
1273,1,2.42466068267822,0,15.4960689544678,15.925817489624,25.1452674865723,1.52687501907349,48.1993293762207,23.1125526428223,-0.425948619842529,31.0811386108398,-928.23955761392,-2182.48932304778,"StriatedCaracara",10
1274,0,9.95221614837646,0,13.7444868087769,13.9886169433594,21.838846206665,2.24478054046631,45.9302597045898,21.7918701171875,2.35467290878296,50.793384552002,-918.23955761392,-2182.48932304778,"StriatedCaracara",10
1275,0,9.97409152984619,0,13.8238372802734,14.6057996749878,19.277811050415,7.65978384017944,47.8796310424805,19.8634433746338,2.39475178718567,35.0909538269043,-908.23955761392,-2182.48932304778,"StriatedCaracara",10
1276,1,29.0812816619873,0,12.9365510940552,20.4295082092285,6.06512928009033,4.81747198104858,23.3923892974854,11.7155637741089,0.163243725895882,14.5230112075806,-98.23955761392,-2182.48932304778,"StriatedCaracara",10
1277,0,29.0812816619873,0,12.9365510940552,20.4295082092285,6.06512928009033,4.81747198104858,23.3923892974854,11.7155637741089,0.163243725895882,14.5230112075806,-88.23955761392,-2182.48932304778,"StriatedCaracara",10
1278,0,29.0812816619873,0,12.9365510940552,20.4295082092285,6.06512928009033,4.81747198104858,23.3923892974854,11.7155637741089,0.163243725895882,14.5230112075806,-78.23955761392,-2182.48932304778,"StriatedCaracara",10
1279,0,26.5138053894043,0,13.1457223892212,20.0079784393311,1.07489168643951,0.627417623996735,22.0466632843018,12.2191667556763,-0.124622963368893,2.04435658454895,-68.23955761392,-2182.48932304778,"StriatedCaracara",10
1280,0,21.7842884063721,0,13.1801176071167,19.8798751831055,3.48763465881348,24.7359390258789,37.3199691772461,4.35883378982544,0.115070164203644,6.2029709815979,-48.23955761392,-2182.48932304778,"StriatedCaracara",10
1281,0,15.2130784988403,0,13.1944513320923,19.9237976074219,0.174695789813995,3.1572961807251,31.6008987426758,12.2043542861938,0.0364539101719856,14.9920387268066,-38.23955761392,-2182.48932304778,"StriatedCaracara",10
1282,0,3.48783731460571,0,13.3820323944092,20.1328010559082,3.48312830924988,2.19080281257629,42.3167457580566,28.2390766143799,-0.661889135837555,13.113166809082,-28.23955761392,-2182.48932304778,"StriatedCaracara",10
1283,0,3.48783731460571,0,13.3820323944092,20.1328010559082,3.48312830924988,2.19080281257629,42.3167457580566,28.2390766143799,-0.661889135837555,13.113166809082,-18.23955761392,-2182.48932304778,"StriatedCaracara",10
1284,0,4.67954635620117,0,13.033332824707,20.317419052124,12.9062519073486,0.361419767141342,51.0988464355469,29.2489395141602,1.86215007305145,52.7302474975586,-8.23955761392,-2182.48932304778,"StriatedCaracara",10
1285,1,8.01613903045654,0,13.4486446380615,20.0140571594238,16.3662395477295,0.432554394006729,49.9288711547852,29.4682121276855,0.031645879149437,19.0037460327148,1.76044238608,-2182.48932304778,"StriatedCaracara",10
1286,0,14.5574226379395,0,13.3688049316406,20.8202896118164,13.5186719894409,0.0155669059604406,52.9684410095215,30.4495143890381,1.50014269351959,29.4459323883057,11.76044238608,-2182.48932304778,"StriatedCaracara",10
1287,0,19.063793182373,0,13.4380865097046,20.5887222290039,7.33130550384521,0.934283554553986,50.1709480285645,23.8519401550293,-0.541861772537231,31.5050468444824,21.76044238608,-2182.48932304778,"StriatedCaracara",10
1288,0,17.4479007720947,0,13.440037727356,20.9222221374512,3.41570162773132,0.00228828191757202,57.3588790893555,38.5618553161621,-0.217867374420166,1.49341118335724,31.76044238608,-2182.48932304778,"StriatedCaracara",10
1289,0,8.28353500366211,0,13.5979595184326,19.5141372680664,20.3145179748535,0.21558578312397,41.980354309082,15.9455461502075,-0.171215265989304,7.35093927383423,41.76044238608,-2182.48932304778,"StriatedCaracara",10
1290,0,3.33452439308167,0,14.0689325332642,21.0535411834717,32.2077598571777,0.0410794019699097,49.9140319824219,14.4317054748535,0.159648209810257,4.30557441711426,51.76044238608,-2182.48932304778,"StriatedCaracara",10
1291,0,3.33452439308167,0,14.0689325332642,21.0535411834717,32.2077598571777,0.0410794019699097,49.9140319824219,14.4317054748535,0.159648209810257,4.30557441711426,61.76044238608,-2182.48932304778,"StriatedCaracara",10
1292,0,1.45778250694275,0,14.2060976028442,21.779369354248,18.5392665863037,0.12794503569603,46.5138473510742,21.8099060058594,0.00797043554484844,4.76212501525879,71.76044238608,-2182.48932304778,"StriatedCaracara",10
1293,1,1.66650116443634,0,14.2419853210449,21.3741683959961,15.0610666275024,0.386262625455856,48.0823135375977,25.1221599578857,-0.220788523554802,7.60334253311157,81.76044238608,-2182.48932304778,"StriatedCaracara",10
1294,0,3.31069397926331,0,14.3381824493408,20.5502281188965,16.6506195068359,0.00340621406212449,52.0308494567871,28.016731262207,-0.824551701545715,15.9816913604736,91.76044238608,-2182.48932304778,"StriatedCaracara",10
1295,1,4.1446475982666,0,14.2953004837036,20.4859275817871,17.1344757080078,0.125165164470673,52.1138114929199,26.2919425964355,-2.08353281021118,30.51686668396,101.76044238608,-2182.48932304778,"StriatedCaracara",10
1296,1,4.26257038116455,0,14.4526720046997,20.6528091430664,5.4569730758667,0.0828065350651741,56.5877532958984,33.0219078063965,-2.44346404075623,30.8636856079102,111.76044238608,-2182.48932304778,"StriatedCaracara",10
1297,1,4.39102745056152,0,14.7816486358643,19.9758014678955,8.88259887695312,0.176803141832352,54.7712020874023,28.4206275939941,-1.6382691860199,17.8045558929443,121.76044238608,-2182.48932304778,"StriatedCaracara",10
1298,1,1.86176121234894,0,14.6353244781494,20.250358581543,8.48825645446777,1.13084006309509,51.8657608032227,24.2763843536377,-0.918252944946289,15.6468982696533,131.76044238608,-2182.48932304778,"StriatedCaracara",10
1299,1,5.69791603088379,0,13.9136629104614,20.0082511901855,7.29380893707275,1.36673355102539,50.6030616760254,30.7728805541992,0.369257092475891,49.3345794677734,141.76044238608,-2182.48932304778,"StriatedCaracara",10
1300,1,4.60309886932373,0,14.0836353302002,19.8069953918457,6.83541822433472,3.29829597473145,53.9101066589355,24.6492767333984,-0.455308347940445,28.3694458007812,151.76044238608,-2182.48932304778,"StriatedCaracara",10
1301,0,3.86490392684937,0,13.9448471069336,19.9965305328369,2.67169690132141,2.52195644378662,42.5248870849609,17.9137477874756,0.00515085458755493,17.0677757263184,161.76044238608,-2182.48932304778,"StriatedCaracara",10
1302,0,168.317520141602,0,11.8985996246338,14.5913553237915,5.4127025604248,3.42616581916809,14.6703805923462,9.53518867492676,-0.570091724395752,51.199779510498,-1158.23955761392,-2192.48932304778,"StriatedCaracara",10
1303,0,160.79460144043,0,12.2895984649658,14.7563543319702,7.41559648513794,3.89477920532227,27.350757598877,18.9078731536865,1.12674355506897,93.7202377319336,-1148.23955761392,-2192.48932304778,"StriatedCaracara",10
1304,0,150.904891967773,0,12.8172178268433,14.7088203430176,3.74966192245483,1.65784287452698,40.9960632324219,25.8859806060791,-0.643992185592651,55.3517379760742,-1138.23955761392,-2192.48932304778,"StriatedCaracara",10
1305,0,150.904891967773,0,12.8172178268433,14.7088203430176,3.74966192245483,1.65784287452698,40.9960632324219,25.8859806060791,-0.643992185592651,55.3517379760742,-1128.23955761392,-2192.48932304778,"StriatedCaracara",10
1306,0,133.257904052734,0,12.9911222457886,13.7544794082642,4.16423320770264,0.772629141807556,32.8806610107422,14.4980506896973,-3.87364339828491,67.1589279174805,-1118.23955761392,-2192.48932304778,"StriatedCaracara",10
1307,0,125.434616088867,0,12.9841995239258,12.7004470825195,1.50156962871552,6.85107517242432,29.7503967285156,18.3019962310791,2.4431049823761,73.7114639282227,-1108.23955761392,-2192.48932304778,"StriatedCaracara",10
1308,0,125.434616088867,0,12.9841995239258,12.7004470825195,1.50156962871552,6.85107517242432,29.7503967285156,18.3019962310791,2.4431049823761,73.7114639282227,-1098.23955761392,-2192.48932304778,"StriatedCaracara",10
1309,0,96.9433898925781,0,14.5769014358521,11.5305414199829,0.355689853429794,4.04651880264282,11.4907636642456,20.8794593811035,0.709360837936401,25.9903221130371,-1088.23955761392,-2192.48932304778,"StriatedCaracara",10
1310,0,96.9433898925781,0,14.5769014358521,11.5305414199829,0.355689853429794,4.04651880264282,11.4907636642456,20.8794593811035,0.709360837936401,25.9903221130371,-1078.23955761392,-2192.48932304778,"StriatedCaracara",10
1311,0,96.9433898925781,0,14.5769014358521,11.5305414199829,0.355689853429794,4.04651880264282,11.4907636642456,20.8794593811035,0.709360837936401,25.9903221130371,-1068.23955761392,-2192.48932304778,"StriatedCaracara",10
1312,0,77.1964569091797,0,14.7972526550293,12.1612977981567,0.864665329456329,1.28081274032593,32.6718139648438,26.5800666809082,0.944705486297607,54.1412200927734,-1058.23955761392,-2192.48932304778,"StriatedCaracara",10
1313,0,71.0877227783203,0,14.1365089416504,12.8865127563477,2.73192596435547,1.01251316070557,42.7581253051758,27.322208404541,-0.114285409450531,118.336143493652,-1048.23955761392,-2192.48932304778,"StriatedCaracara",10
1314,0,60.2220611572266,0,14.3442735671997,13.1981754302979,0.142288342118263,3.10005044937134,27.4626350402832,8.60685253143311,-2.81936717033386,95.1090927124023,-1038.23955761392,-2192.48932304778,"StriatedCaracara",10
1315,0,51.5312347412109,0,12.4318723678589,13.5092258453369,1.20076525211334,1.81722450256348,42.0626068115234,4.44953489303589,5.57867622375488,192.692642211914,-1028.23955761392,-2192.48932304778,"StriatedCaracara",10
1316,0,42.5363121032715,0,11.6915187835693,13.4667472839355,4.04737567901611,1.20388722419739,35.9209518432617,2.88969731330872,2.32248115539551,243.168930053711,-1018.23955761392,-2192.48932304778,"StriatedCaracara",10
1317,1,33.5700454711914,0,14.1908168792725,12.3814449310303,0.735906600952148,5.78299951553345,16.491662979126,12.5182113647461,0.0774152278900146,123.726264953613,-1008.23955761392,-2192.48932304778,"StriatedCaracara",10
1318,1,16.0296401977539,0,13.594578742981,13.2116651535034,0.897831082344055,6.64438486099243,14.9121379852295,13.8967685699463,3.23889255523682,133.994354248047,-998.23955761392,-2192.48932304778,"StriatedCaracara",10
1319,1,16.0296401977539,0,13.594578742981,13.2116651535034,0.897831082344055,6.64438486099243,14.9121379852295,13.8967685699463,3.23889255523682,133.994354248047,-988.23955761392,-2192.48932304778,"StriatedCaracara",10
1320,0,8.12681102752686,0,13.7070407867432,13.6524848937988,1.5152622461319,15.0928573608398,19.3638229370117,16.8007221221924,3.23517513275146,141.457931518555,-978.23955761392,-2192.48932304778,"StriatedCaracara",10
1321,1,2.59094405174255,0,15.426342010498,16.1799430847168,7.01185035705566,20.8716163635254,28.19873046875,11.3943538665771,-4.35857534408569,113.23957824707,-968.23955761392,-2192.48932304778,"StriatedCaracara",10
1322,1,4.5915961265564,0,14.9453620910645,16.5546741485596,10.0981912612915,14.0949630737305,32.1647796630859,15.3741855621338,-2.68311738967896,108.883712768555,-958.23955761392,-2192.48932304778,"StriatedCaracara",10
1323,1,3.27559614181519,0,16.0782012939453,17.7564353942871,15.2448205947876,8.88445472717285,41.6072731018066,24.1727085113525,-0.929574429988861,53.8496055603027,-948.23955761392,-2192.48932304778,"StriatedCaracara",10
1324,1,6.65632629394531,0,15.6483879089355,16.3559036254883,16.0226287841797,5.41488647460938,46.523307800293,25.6747264862061,-1.52428126335144,50.2484855651855,-938.23955761392,-2192.48932304778,"StriatedCaracara",10
1325,1,2.36036109924316,0,15.5671100616455,16.4729251861572,22.6018142700195,5.12592172622681,45.407341003418,20.200267791748,-0.718768060207367,44.150691986084,-928.23955761392,-2192.48932304778,"StriatedCaracara",10
1326,0,9.2709846496582,0,14.0857610702515,14.675929069519,20.860279083252,8.12710285186768,44.3674621582031,17.9493427276611,1.25373935699463,56.4241142272949,-918.23955761392,-2192.48932304778,"StriatedCaracara",10
1327,0,9.97409152984619,0,13.8238372802734,14.6057996749878,19.277811050415,7.65978384017944,47.8796310424805,19.8634433746338,2.39475178718567,35.0909538269043,-908.23955761392,-2192.48932304778,"StriatedCaracara",10
1328,0,2.90094399452209,0,16.2531204223633,15.8503999710083,11.8918371200562,1.09294211864471,53.6451225280762,28.2266044616699,-0.420127511024475,23.5074977874756,-898.23955761392,-2192.48932304778,"StriatedCaracara",10
1329,0,4.35671758651733,0,16.200345993042,15.0786476135254,7.46091461181641,0.216638341546059,55.4441337585449,36.0417404174805,0.686874568462372,20.7820510864258,-888.23955761392,-2192.48932304778,"StriatedCaracara",10
1330,0,20.0573196411133,0,12.7811012268066,19.630298614502,4.86010932922363,2.63371109962463,45.9158668518066,20.0476303100586,0.00517763756215572,34.3855361938477,-98.23955761392,-2192.48932304778,"StriatedCaracara",10
1331,1,20.0573196411133,0,12.7811012268066,19.630298614502,4.86010932922363,2.63371109962463,45.9158668518066,20.0476303100586,0.00517763756215572,34.3855361938477,-88.23955761392,-2192.48932304778,"StriatedCaracara",10
1332,0,20.0573196411133,0,12.7811012268066,19.630298614502,4.86010932922363,2.63371109962463,45.9158668518066,20.0476303100586,0.00517763756215572,34.3855361938477,-78.23955761392,-2192.48932304778,"StriatedCaracara",10
1333,0,19.5450000762939,0,13.0155048370361,19.2801837921143,5.79230546951294,4.09673833847046,35.846019744873,14.7165861129761,0.348506540060043,18.9840793609619,-68.23955761392,-2192.48932304778,"StriatedCaracara",10
1334,0,4.69234561920166,0,12.8813896179199,20.5827713012695,9.56078910827637,0.460248470306396,28.5667667388916,17.1249752044678,-0.542816877365112,14.1513595581055,-48.23955761392,-2192.48932304778,"StriatedCaracara",10
1335,0,2.65043210983276,0,13.4156074523926,19.5261726379395,3.30528020858765,0.677727997303009,48.1802062988281,29.7119121551514,-0.243690997362137,10.0934038162231,-38.23955761392,-2192.48932304778,"StriatedCaracara",10
1336,0,2.65043210983276,0,13.4156074523926,19.5261726379395,3.30528020858765,0.677727997303009,48.1802062988281,29.7119121551514,-0.243690997362137,10.0934038162231,-28.23955761392,-2192.48932304778,"StriatedCaracara",10
1337,0,2.29474592208862,0,13.3738994598389,19.698335647583,4.42028856277466,0.0971626713871956,52.5125427246094,34.0946731567383,-0.108145117759705,15.8922719955444,-18.23955761392,-2192.48932304778,"StriatedCaracara",10
1338,1,2.14165091514587,0,13.2722787857056,20.5224704742432,10.7285432815552,0.0289073195308447,45.9621849060059,30.308464050293,0.311223268508911,21.838249206543,-8.23955761392,-2192.48932304778,"StriatedCaracara",10
1339,0,7.80899333953857,0,13.3829441070557,20.3704490661621,12.3999099731445,0.0684931427240372,50.3215065002441,29.7267551422119,0.623305678367615,12.4968433380127,1.76044238608,-2192.48932304778,"StriatedCaracara",10
1340,0,15.8018856048584,0,13.357931137085,20.8714561462402,8.41815090179443,0,47.1860275268555,28.307638168335,-0.213465005159378,15.0663356781006,11.76044238608,-2192.48932304778,"StriatedCaracara",10
1341,0,19.063793182373,0,13.4380865097046,20.5887222290039,7.33130550384521,0.934283554553986,50.1709480285645,23.8519401550293,-0.541861772537231,31.5050468444824,21.76044238608,-2192.48932304778,"StriatedCaracara",10
1342,0,8.28353500366211,0,13.5979595184326,19.5141372680664,20.3145179748535,0.21558578312397,41.980354309082,15.9455461502075,-0.171215265989304,7.35093927383423,31.76044238608,-2192.48932304778,"StriatedCaracara",10
1343,0,8.28353500366211,0,13.5979595184326,19.5141372680664,20.3145179748535,0.21558578312397,41.980354309082,15.9455461502075,-0.171215265989304,7.35093927383423,41.76044238608,-2192.48932304778,"StriatedCaracara",10
1344,0,3.93406677246094,0,13.7249765396118,20.3093070983887,24.7746315002441,0,51.1728439331055,21.1140174865723,0.179666697978973,6.91039085388184,51.76044238608,-2192.48932304778,"StriatedCaracara",10
1345,1,3.1217315196991,0,13.9795875549316,20.1432189941406,19.9837741851807,0,52.025032043457,27.2907371520996,0.0337374173104763,5.94376802444458,61.76044238608,-2192.48932304778,"StriatedCaracara",10
1346,0,1.91466641426086,0,14.1433544158936,20.508113861084,15.9896392822266,0.288398265838623,50.3380546569824,27.6954116821289,-0.0869518592953682,5.58218288421631,71.76044238608,-2192.48932304778,"StriatedCaracara",10
1347,0,2.43729782104492,0,14.1026344299316,21.5781707763672,9.18802165985107,0.643415331840515,34.5425415039062,21.133358001709,-0.219763875007629,4.17574214935303,81.76044238608,-2192.48932304778,"StriatedCaracara",10
1348,0,5.29309701919556,0,14.195743560791,20.8267078399658,4.30042171478271,0.191225633025169,38.4126014709473,22.0403881072998,-0.21706523001194,4.56280612945557,91.76044238608,-2192.48932304778,"StriatedCaracara",10
1349,0,4.78882598876953,0,14.7868270874023,20.1899833679199,5.0005030632019,0.590587973594666,44.9614753723145,24.7247886657715,-0.227745741605759,4.50129270553589,101.76044238608,-2192.48932304778,"StriatedCaracara",10
1350,1,4.78882598876953,0,14.7868270874023,20.1899833679199,5.0005030632019,0.590587973594666,44.9614753723145,24.7247886657715,-0.227745741605759,4.50129270553589,111.76044238608,-2192.48932304778,"StriatedCaracara",10
1351,1,2.11667227745056,0,14.7345285415649,19.7155914306641,2.52363967895508,0.292742758989334,52.4312705993652,32.5518531799316,-0.180607110261917,3.94224953651428,121.76044238608,-2192.48932304778,"StriatedCaracara",10
1352,1,1.86176121234894,0,14.6353244781494,20.250358581543,8.48825645446777,1.13084006309509,51.8657608032227,24.2763843536377,-0.918252944946289,15.6468982696533,131.76044238608,-2192.48932304778,"StriatedCaracara",10
1353,0,1.86176121234894,0,14.6353244781494,20.250358581543,8.48825645446777,1.13084006309509,51.8657608032227,24.2763843536377,-0.918252944946289,15.6468982696533,141.76044238608,-2192.48932304778,"StriatedCaracara",10
1354,0,168.317520141602,0,11.8985996246338,14.5913553237915,5.4127025604248,3.42616581916809,14.6703805923462,9.53518867492676,-0.570091724395752,51.199779510498,-1158.23955761392,-2202.48932304778,"StriatedCaracara",10
1355,0,160.915618896484,0,12.3227949142456,14.423376083374,4.83341979980469,5.41161584854126,28.0361518859863,17.2837390899658,-0.853643417358398,70.4224014282227,-1148.23955761392,-2202.48932304778,"StriatedCaracara",10
1356,0,151.758224487305,0,12.2608861923218,14.3088750839233,6.73396587371826,2.89637351036072,39.0610275268555,23.5331974029541,-0.228873610496521,83.9435501098633,-1138.23955761392,-2202.48932304778,"StriatedCaracara",10
1357,0,143.383666992188,0,12.4288349151611,14.1440954208374,0.680718541145325,1.50630843639374,31.7661609649658,27.5880451202393,0.944908261299133,67.7241744995117,-1128.23955761392,-2202.48932304778,"StriatedCaracara",10
1358,0,143.383666992188,0,12.4288349151611,14.1440954208374,0.680718541145325,1.50630843639374,31.7661609649658,27.5880451202393,0.944908261299133,67.7241744995117,-1118.23955761392,-2202.48932304778,"StriatedCaracara",10
1359,0,125.434616088867,0,12.9841995239258,12.7004470825195,1.50156962871552,6.85107517242432,29.7503967285156,18.3019962310791,2.4431049823761,73.7114639282227,-1108.23955761392,-2202.48932304778,"StriatedCaracara",10
1360,0,96.9433898925781,0,14.5769014358521,11.5305414199829,0.355689853429794,4.04651880264282,11.4907636642456,20.8794593811035,0.709360837936401,25.9903221130371,-1078.23955761392,-2202.48932304778,"StriatedCaracara",10
1361,0,91.5209350585938,0,14.6764087677002,11.767746925354,0.398628294467926,4.3400502204895,14.8930721282959,22.0763568878174,-0.844619274139404,29.4979419708252,-1068.23955761392,-2202.48932304778,"StriatedCaracara",10
1362,0,78.250846862793,0,14.8113079071045,12.0645418167114,0.295522034168243,0.477205604314804,25.7032585144043,19.4732227325439,-0.223070934414864,49.7102584838867,-1058.23955761392,-2202.48932304778,"StriatedCaracara",10
1363,0,71.0877227783203,0,14.1365089416504,12.8865127563477,2.73192596435547,1.01251316070557,42.7581253051758,27.322208404541,-0.114285409450531,118.336143493652,-1048.23955761392,-2202.48932304778,"StriatedCaracara",10
1364,0,65.7752304077148,0,14.2944955825806,11.4818277359009,3.3118999004364,2.59645938873291,41.5018577575684,25.2382583618164,-2.15961384773254,101.501068115234,-1038.23955761392,-2202.48932304778,"StriatedCaracara",10
1365,0,53.5907287597656,0,14.0990648269653,12.667893409729,0.687930166721344,3.73084497451782,48.2452583312988,9.88391780853271,-3.31025290489197,138.164306640625,-1028.23955761392,-2202.48932304778,"StriatedCaracara",10
1366,0,45.051456451416,0,11.5820770263672,13.5471630096436,0.773790299892426,1.53179001808167,41.5783004760742,1.9471355676651,2.6995222568512,191.002349853516,-1018.23955761392,-2202.48932304778,"StriatedCaracara",10
1367,0,36.6894912719727,0,13.8871946334839,11.6836385726929,3.28625154495239,5.84605121612549,26.0862579345703,10.0690717697144,-2.05458188056946,145.797760009766,-1008.23955761392,-2202.48932304778,"StriatedCaracara",10
1368,0,28.7605323791504,0,13.9406414031982,12.1108407974243,2.66076350212097,12.182578086853,18.643404006958,14.3400688171387,10.7408609390259,125.918930053711,-998.23955761392,-2202.48932304778,"StriatedCaracara",10
1369,0,21.0144805908203,0,13.2408275604248,13.4753761291504,1.02262377738953,7.02423667907715,13.4112520217896,7.15689563751221,-0.0543061606585979,169.016906738281,-988.23955761392,-2202.48932304778,"StriatedCaracara",10
1370,1,8.12681102752686,0,13.7070407867432,13.6524848937988,1.5152622461319,15.0928573608398,19.3638229370117,16.8007221221924,3.23517513275146,141.457931518555,-978.23955761392,-2202.48932304778,"StriatedCaracara",10
1371,1,2.07350707054138,0,17.0531749725342,21.7419719696045,20.920768737793,10.6092147827148,43.8772621154785,9.74023628234863,3.52442526817322,27.9596176147461,-968.23955761392,-2202.48932304778,"StriatedCaracara",10
1372,1,2.07350707054138,0,17.0531749725342,21.7419719696045,20.920768737793,10.6092147827148,43.8772621154785,9.74023628234863,3.52442526817322,27.9596176147461,-958.23955761392,-2202.48932304778,"StriatedCaracara",10
1373,1,3.94581246376038,0,15.9439506530762,18.2809047698975,17.7980308532715,8.16451454162598,39.4640502929688,22.5199375152588,1.07130300998688,46.7808799743652,-948.23955761392,-2202.48932304778,"StriatedCaracara",10
1374,1,6.7436900138855,0,14.7749500274658,16.6542778015137,17.9032154083252,19.9781017303467,36.8590545654297,12.839038848877,4.00768613815308,47.4893264770508,-938.23955761392,-2202.48932304778,"StriatedCaracara",10
1375,1,2.14351320266724,0,16.3059139251709,17.8411064147949,18.6518096923828,6.73147916793823,44.728141784668,22.4385223388672,-0.886531054973602,20.7889766693115,-928.23955761392,-2202.48932304778,"StriatedCaracara",10
1376,0,2.50632262229919,0,16.0402011871338,16.6453151702881,13.1572227478027,4.88335180282593,50.8125305175781,20.6355781555176,-1.29018568992615,24.4138870239258,-918.23955761392,-2202.48932304778,"StriatedCaracara",10
1377,0,2.50632262229919,0,16.0402011871338,16.6453151702881,13.1572227478027,4.88335180282593,50.8125305175781,20.6355781555176,-1.29018568992615,24.4138870239258,-908.23955761392,-2202.48932304778,"StriatedCaracara",10
1378,0,2.90094399452209,0,16.2531204223633,15.8503999710083,11.8918371200562,1.09294211864471,53.6451225280762,28.2266044616699,-0.420127511024475,23.5074977874756,-898.23955761392,-2202.48932304778,"StriatedCaracara",10
1379,0,4.35671758651733,0,16.200345993042,15.0786476135254,7.46091461181641,0.216638341546059,55.4441337585449,36.0417404174805,0.686874568462372,20.7820510864258,-888.23955761392,-2202.48932304778,"StriatedCaracara",10
1380,0,2.21296620368958,0,17.0522747039795,14.6918659210205,10.6509027481079,0.144838392734528,51.6087532043457,33.1191215515137,-0.550950706005096,10.5834655761719,-878.23955761392,-2202.48932304778,"StriatedCaracara",10
1381,0,7.19024085998535,0,17.2743186950684,14.4765405654907,6.95777654647827,0,55.426383972168,36.3066749572754,-0.480542868375778,10.96630859375,-868.23955761392,-2202.48932304778,"StriatedCaracara",10
1382,0,20.0573196411133,0,12.7811012268066,19.630298614502,4.86010932922363,2.63371109962463,45.9158668518066,20.0476303100586,0.00517763756215572,34.3855361938477,-88.23955761392,-2202.48932304778,"StriatedCaracara",10
1383,0,8.34781837463379,0,12.7656364440918,19.8896751403809,3.33400750160217,7.29036617279053,39.4718399047852,16.9249153137207,-0.49068158864975,8.08878517150879,-78.23955761392,-2202.48932304778,"StriatedCaracara",10
1384,0,8.34781837463379,0,12.7656364440918,19.8896751403809,3.33400750160217,7.29036617279053,39.4718399047852,16.9249153137207,-0.49068158864975,8.08878517150879,-68.23955761392,-2202.48932304778,"StriatedCaracara",10
1385,0,9.31774616241455,0,12.842306137085,19.9299373626709,5.67108726501465,7.46832990646362,39.4582214355469,17.163516998291,0.00860230624675751,14.2097702026367,-58.23955761392,-2202.48932304778,"StriatedCaracara",10
1386,0,4.69234561920166,0,12.8813896179199,20.5827713012695,9.56078910827637,0.460248470306396,28.5667667388916,17.1249752044678,-0.542816877365112,14.1513595581055,-48.23955761392,-2202.48932304778,"StriatedCaracara",10
1387,0,4.47516345977783,0,12.8963785171509,20.6180362701416,5.41894578933716,2.34152913093567,39.6946563720703,24.0311012268066,-0.293097853660583,18.4744338989258,-38.23955761392,-2202.48932304778,"StriatedCaracara",10
1388,0,8.27560997009277,0,13.0761127471924,20.2215270996094,8.26330947875977,0.370466530323029,48.0791320800781,30.4972953796387,-0.104576647281647,24.7557735443115,-28.23955761392,-2202.48932304778,"StriatedCaracara",10
1389,0,1.54448342323303,0,13.4410419464111,19.9820251464844,27.0796737670898,0,51.0826644897461,19.3219337463379,-0.41241854429245,1.9298152923584,-18.23955761392,-2202.48932304778,"StriatedCaracara",10
1390,1,1.54448342323303,0,13.4410419464111,19.9820251464844,27.0796737670898,0,51.0826644897461,19.3219337463379,-0.41241854429245,1.9298152923584,-8.23955761392,-2202.48932304778,"StriatedCaracara",10
1391,1,8.25013160705566,0,13.4096088409424,20.088134765625,10.8432207107544,0.137470379471779,53.2650146484375,30.389965057373,-0.0773985683917999,5.33123588562012,1.76044238608,-2202.48932304778,"StriatedCaracara",10
1392,1,15.8018856048584,0,13.357931137085,20.8714561462402,8.41815090179443,0,47.1860275268555,28.307638168335,-0.213465005159378,15.0663356781006,11.76044238608,-2202.48932304778,"StriatedCaracara",10
1393,0,16.1679515838623,0,13.2690877914429,18.885383605957,11.8746099472046,0.120224848389626,31.6528835296631,14.0685520172119,0.011009156703949,5.77788734436035,21.76044238608,-2202.48932304778,"StriatedCaracara",10
1394,0,16.1679515838623,0,13.2690877914429,18.885383605957,11.8746099472046,0.120224848389626,31.6528835296631,14.0685520172119,0.011009156703949,5.77788734436035,31.76044238608,-2202.48932304778,"StriatedCaracara",10
1395,0,9.80866622924805,0,13.5083408355713,19.1850128173828,20.3039627075195,0,51.4498672485352,26.1844253540039,0.47068652510643,6.79865646362305,41.76044238608,-2202.48932304778,"StriatedCaracara",10
1396,0,3.2840678691864,0,13.6541013717651,19.2291984558105,16.5263328552246,0,52.186092376709,27.0753593444824,-0.0224925428628922,6.403151512146,51.76044238608,-2202.48932304778,"StriatedCaracara",10
1397,0,3.41944122314453,0,13.8362627029419,19.3991603851318,12.0882358551025,0,49.6285820007324,29.2034797668457,-0.0822167545557022,5.48021984100342,61.76044238608,-2202.48932304778,"StriatedCaracara",10
1398,0,6.34217929840088,0,13.8890066146851,19.4237003326416,14.2751359939575,0.0374637767672539,53.1818199157715,30.7379608154297,0.273520857095718,5.31542539596558,71.76044238608,-2202.48932304778,"StriatedCaracara",10
1399,0,2.16857147216797,0,14.0364198684692,19.98828125,20.0298290252686,0.0232779998332262,51.107982635498,27.1442356109619,0.236542135477066,5.60677146911621,81.76044238608,-2202.48932304778,"StriatedCaracara",10
1400,0,2.31483578681946,0,14.1097869873047,20.744140625,16.4219493865967,0,43.7359580993652,21.9661026000977,0.134702906012535,5.53435516357422,91.76044238608,-2202.48932304778,"StriatedCaracara",10
1401,0,8.43863105773926,0,14.1810636520386,20.6540355682373,7.5188512802124,0,34.7872695922852,21.2827415466309,0.160325109958649,4.13207006454468,101.76044238608,-2202.48932304778,"StriatedCaracara",10
1402,1,4.78882598876953,0,14.7868270874023,20.1899833679199,5.0005030632019,0.590587973594666,44.9614753723145,24.7247886657715,-0.227745741605759,4.50129270553589,111.76044238608,-2202.48932304778,"StriatedCaracara",10
1403,0,2.11667227745056,0,14.7345285415649,19.7155914306641,2.52363967895508,0.292742758989334,52.4312705993652,32.5518531799316,-0.180607110261917,3.94224953651428,121.76044238608,-2202.48932304778,"StriatedCaracara",10
1404,0,172.920013427734,0,11.2741117477417,14.3924722671509,4.98214864730835,3.24751114845276,32.4499397277832,13.5984172821045,2.84463286399841,76.9381637573242,-1168.23955761392,-2212.48932304778,"StriatedCaracara",10
1405,0,172.920013427734,0,11.2741117477417,14.3924722671509,4.98214864730835,3.24751114845276,32.4499397277832,13.5984172821045,2.84463286399841,76.9381637573242,-1158.23955761392,-2212.48932304778,"StriatedCaracara",10
1406,0,160.915618896484,0,12.3227949142456,14.423376083374,4.83341979980469,5.41161584854126,28.0361518859863,17.2837390899658,-0.853643417358398,70.4224014282227,-1148.23955761392,-2212.48932304778,"StriatedCaracara",10
1407,0,151.758224487305,0,12.2608861923218,14.3088750839233,6.73396587371826,2.89637351036072,39.0610275268555,23.5331974029541,-0.228873610496521,83.9435501098633,-1138.23955761392,-2212.48932304778,"StriatedCaracara",10
1408,0,146.796798706055,0,12.6934242248535,12.5956811904907,3.78406763076782,6.19675302505493,16.3566703796387,14.0006637573242,-0.033684179186821,40.5954055786133,-1128.23955761392,-2212.48932304778,"StriatedCaracara",10
1409,0,125.434616088867,0,12.9841995239258,12.7004470825195,1.50156962871552,6.85107517242432,29.7503967285156,18.3019962310791,2.4431049823761,73.7114639282227,-1108.23955761392,-2212.48932304778,"StriatedCaracara",10
1410,0,116.159484863281,0,13.4442157745361,11.5560684204102,2.09336471557617,3.64380788803101,26.4471797943115,17.561336517334,1.55340099334717,78.1300888061523,-1098.23955761392,-2212.48932304778,"StriatedCaracara",10
1411,0,116.159484863281,0,13.4442157745361,11.5560684204102,2.09336471557617,3.64380788803101,26.4471797943115,17.561336517334,1.55340099334717,78.1300888061523,-1088.23955761392,-2212.48932304778,"StriatedCaracara",10
1412,0,91.5209350585938,0,14.6764087677002,11.767746925354,0.398628294467926,4.3400502204895,14.8930721282959,22.0763568878174,-0.844619274139404,29.4979419708252,-1078.23955761392,-2212.48932304778,"StriatedCaracara",10
1413,1,91.5209350585938,0,14.6764087677002,11.767746925354,0.398628294467926,4.3400502204895,14.8930721282959,22.0763568878174,-0.844619274139404,29.4979419708252,-1068.23955761392,-2212.48932304778,"StriatedCaracara",10
1414,0,73.7702865600586,0,14.1132774353027,12.1452951431274,2.58184266090393,0.0896246582269669,42.3693809509277,21.6979370117188,-4.21046113967896,111.597969055176,-1058.23955761392,-2212.48932304778,"StriatedCaracara",10
1415,0,73.7702865600586,0,14.1132774353027,12.1452951431274,2.58184266090393,0.0896246582269669,42.3693809509277,21.6979370117188,-4.21046113967896,111.597969055176,-1048.23955761392,-2212.48932304778,"StriatedCaracara",10
1416,0,65.7752304077148,0,14.2944955825806,11.4818277359009,3.3118999004364,2.59645938873291,41.5018577575684,25.2382583618164,-2.15961384773254,101.501068115234,-1038.23955761392,-2212.48932304778,"StriatedCaracara",10
1417,0,57.5234870910645,0,13.5332527160645,12.1039199829102,0.465613096952438,1.92783606052399,43.9660415649414,10.141918182373,7.73581504821777,139.670257568359,-1028.23955761392,-2212.48932304778,"StriatedCaracara",10
1418,0,49.5723876953125,0,13.5308103561401,12.5836029052734,0.351855754852295,3.0989043712616,39.0792236328125,3.86352634429932,-4.36552381515503,180.192810058594,-1018.23955761392,-2212.48932304778,"StriatedCaracara",10
1419,0,41.3990516662598,0,13.5612697601318,12.4415874481201,0.195246711373329,1.38284409046173,34.6256217956543,7.21907472610474,-2.74032855033875,142.914993286133,-1008.23955761392,-2212.48932304778,"StriatedCaracara",10
1420,0,31.9445495605469,0,15.3350086212158,12.665132522583,0.917066216468811,12.5401420593262,16.044563293457,24.9705715179443,-3.52949953079224,43.3200607299805,-998.23955761392,-2212.48932304778,"StriatedCaracara",10
1421,0,24.9821548461914,0,14.0914316177368,13.4206638336182,1.69611179828644,9.37807273864746,18.869197845459,17.4758052825928,2.33202600479126,134.550979614258,-988.23955761392,-2212.48932304778,"StriatedCaracara",10
1422,0,17.2904815673828,0,13.6229467391968,13.7155342102051,1.55908977985382,14.9709224700928,23.0247974395752,18.5162982940674,1.15191054344177,130.81916809082,-978.23955761392,-2212.48932304778,"StriatedCaracara",10
1423,0,10.6438732147217,0,14.6267766952515,15.2619228363037,5.17975044250488,22.9274578094482,24.3251304626465,7.7705249786377,2.75057077407837,85.3986511230469,-968.23955761392,-2212.48932304778,"StriatedCaracara",10
1424,1,1.96855545043945,0,16.9407272338867,21.7315139770508,20.904613494873,7.50452709197998,29.000560760498,20.40478515625,-1.20912277698517,21.261775970459,-958.23955761392,-2212.48932304778,"StriatedCaracara",10
1425,1,1.96855545043945,0,16.9407272338867,21.7315139770508,20.904613494873,7.50452709197998,29.000560760498,20.40478515625,-1.20912277698517,21.261775970459,-948.23955761392,-2212.48932304778,"StriatedCaracara",10
1426,1,2.29825210571289,0,16.460636138916,18.2124671936035,21.7477645874023,14.95241355896,41.2882995605469,15.7250661849976,-0.525517821311951,21.7276382446289,-938.23955761392,-2212.48932304778,"StriatedCaracara",10
1427,1,2.13754677772522,0,16.2596950531006,17.2783126831055,12.2546091079712,3.33186268806458,49.5892906188965,24.0875549316406,-0.078361302614212,14.6064748764038,-928.23955761392,-2212.48932304778,"StriatedCaracara",10
1428,0,2.96337199211121,0,16.3148956298828,17.1793556213379,13.2923908233643,4.31042766571045,46.3006858825684,23.8327598571777,-0.204922556877136,13.2838325500488,-918.23955761392,-2212.48932304778,"StriatedCaracara",10
1429,0,2.68194532394409,0,16.4294967651367,15.9237251281738,23.2274742126465,14.2404642105103,43.3082809448242,14.3480882644653,-0.116161771118641,8.26132106781006,-898.23955761392,-2212.48932304778,"StriatedCaracara",10
1430,0,2.21296620368958,0,17.0522747039795,14.6918659210205,10.6509027481079,0.144838392734528,51.6087532043457,33.1191215515137,-0.550950706005096,10.5834655761719,-888.23955761392,-2212.48932304778,"StriatedCaracara",10
1431,0,2.21296620368958,0,17.0522747039795,14.6918659210205,10.6509027481079,0.144838392734528,51.6087532043457,33.1191215515137,-0.550950706005096,10.5834655761719,-878.23955761392,-2212.48932304778,"StriatedCaracara",10
1432,0,7.19024085998535,0,17.2743186950684,14.4765405654907,6.95777654647827,0,55.426383972168,36.3066749572754,-0.480542868375778,10.96630859375,-868.23955761392,-2212.48932304778,"StriatedCaracara",10
1433,0,12.5620231628418,0,17.1606559753418,15.0997934341431,5.5790867805481,0.273148775100708,55.3038635253906,32.0172309875488,-0.684566557407379,18.0810089111328,-858.23955761392,-2212.48932304778,"StriatedCaracara",10
1434,0,1.60765171051025,0,12.8042278289795,20.4926853179932,4.23601293563843,6.91758823394775,42.333251953125,18.7469253540039,0.484047889709473,17.4462947845459,-78.23955761392,-2212.48932304778,"StriatedCaracara",10
1435,0,1.60765171051025,0,12.8042278289795,20.4926853179932,4.23601293563843,6.91758823394775,42.333251953125,18.7469253540039,0.484047889709473,17.4462947845459,-68.23955761392,-2212.48932304778,"StriatedCaracara",10
1436,0,2.33134627342224,0,12.7793741226196,20.7457885742188,12.4620838165283,0.654940128326416,35.2355918884277,18.3756484985352,-0.621568620204926,33.0753593444824,-58.23955761392,-2212.48932304778,"StriatedCaracara",10
1437,0,4.03116750717163,0,12.7177782058716,21.2334213256836,20.7075862884521,0.304477572441101,49.393985748291,24.2766971588135,0.512086629867554,44.1090698242188,-48.23955761392,-2212.48932304778,"StriatedCaracara",10
1438,0,7.00716066360474,0,12.7346611022949,20.7919425964355,16.4913692474365,0.273283660411835,48.4637832641602,25.4045829772949,1.01134037971497,44.8079566955566,-38.23955761392,-2212.48932304778,"StriatedCaracara",10
1439,0,12.0017242431641,0,12.7500638961792,20.2419567108154,10.9422941207886,0.404355555772781,49.6939430236816,30.0864505767822,0.793662250041962,40.483772277832,-28.23955761392,-2212.48932304778,"StriatedCaracara",10
1440,0,12.0017242431641,0,12.7500638961792,20.2419567108154,10.9422941207886,0.404355555772781,49.6939430236816,30.0864505767822,0.793662250041962,40.483772277832,-18.23955761392,-2212.48932304778,"StriatedCaracara",10
1441,0,12.334397315979,0,12.8112421035767,18.9646129608154,19.7769088745117,0,51.2934226989746,25.3177604675293,-0.0222378838807344,1.08189749717712,11.76044238608,-2212.48932304778,"StriatedCaracara",10
1442,0,9.6252326965332,0,13.1961393356323,18.8903579711914,12.5324506759644,0.242567732930183,36.2066650390625,20.2118091583252,-0.354881882667542,6.50206518173218,21.76044238608,-2212.48932304778,"StriatedCaracara",10
1443,0,9.6252326965332,0,13.1961393356323,18.8903579711914,12.5324506759644,0.242567732930183,36.2066650390625,20.2118091583252,-0.354881882667542,6.50206518173218,31.76044238608,-2212.48932304778,"StriatedCaracara",10
1444,0,3.92229652404785,0,13.4405097961426,19.1279945373535,28.1819801330566,0,50.0316009521484,20.1219520568848,0.115824528038502,7.16297054290771,41.76044238608,-2212.48932304778,"StriatedCaracara",10
1445,1,1.81497466564178,0,13.5363292694092,19.0721340179443,27.5474090576172,0,50.5701446533203,20.1310348510742,0.366922706365585,7.06898307800293,51.76044238608,-2212.48932304778,"StriatedCaracara",10
1446,0,7.23204708099365,0,13.6203002929688,19.1689338684082,18.1553058624268,0.149577498435974,41.8124465942383,20.0184192657471,0.23400416970253,6.14273738861084,61.76044238608,-2212.48932304778,"StriatedCaracara",10
1447,0,6.23342418670654,0,13.8767166137695,20.2523612976074,3.98877549171448,0.192816227674484,42.9418067932129,25.9347476959229,-0.153386801481247,3.06046175956726,71.76044238608,-2212.48932304778,"StriatedCaracara",10
1448,0,6.23342418670654,0,13.8767166137695,20.2523612976074,3.98877549171448,0.192816227674484,42.9418067932129,25.9347476959229,-0.153386801481247,3.06046175956726,81.76044238608,-2212.48932304778,"StriatedCaracara",10
1449,0,9.42421245574951,0,14.1480894088745,20.2738151550293,1.9414267539978,0,36.0652313232422,24.441535949707,-0.0955841839313507,1.61243987083435,91.76044238608,-2212.48932304778,"StriatedCaracara",10
1450,0,9.42421245574951,0,14.1480894088745,20.2738151550293,1.9414267539978,0,36.0652313232422,24.441535949707,-0.0955841839313507,1.61243987083435,101.76044238608,-2212.48932304778,"StriatedCaracara",10
1451,1,9.42421245574951,0,14.1480894088745,20.2738151550293,1.9414267539978,0,36.0652313232422,24.441535949707,-0.0955841839313507,1.61243987083435,111.76044238608,-2212.48932304778,"StriatedCaracara",10
1452,1,2.11667227745056,0,14.7345285415649,19.7155914306641,2.52363967895508,0.292742758989334,52.4312705993652,32.5518531799316,-0.180607110261917,3.94224953651428,121.76044238608,-2212.48932304778,"StriatedCaracara",10
1453,0,172.920013427734,0,11.2741117477417,14.3924722671509,4.98214864730835,3.24751114845276,32.4499397277832,13.5984172821045,2.84463286399841,76.9381637573242,-1168.23955761392,-2222.48932304778,"StriatedCaracara",10
1454,0,172.920013427734,0,11.2741117477417,14.3924722671509,4.98214864730835,3.24751114845276,32.4499397277832,13.5984172821045,2.84463286399841,76.9381637573242,-1158.23955761392,-2222.48932304778,"StriatedCaracara",10
1455,0,172.920013427734,0,11.2741117477417,14.3924722671509,4.98214864730835,3.24751114845276,32.4499397277832,13.5984172821045,2.84463286399841,76.9381637573242,-1148.23955761392,-2222.48932304778,"StriatedCaracara",10
1456,0,146.796798706055,0,12.6934242248535,12.5956811904907,3.78406763076782,6.19675302505493,16.3566703796387,14.0006637573242,-0.033684179186821,40.5954055786133,-1138.23955761392,-2222.48932304778,"StriatedCaracara",10
1457,0,146.796798706055,0,12.6934242248535,12.5956811904907,3.78406763076782,6.19675302505493,16.3566703796387,14.0006637573242,-0.033684179186821,40.5954055786133,-1128.23955761392,-2222.48932304778,"StriatedCaracara",10
1458,0,146.796798706055,0,12.6934242248535,12.5956811904907,3.78406763076782,6.19675302505493,16.3566703796387,14.0006637573242,-0.033684179186821,40.5954055786133,-1118.23955761392,-2222.48932304778,"StriatedCaracara",10
1459,0,146.796798706055,0,12.6934242248535,12.5956811904907,3.78406763076782,6.19675302505493,16.3566703796387,14.0006637573242,-0.033684179186821,40.5954055786133,-1108.23955761392,-2222.48932304778,"StriatedCaracara",10
1460,0,116.159484863281,0,13.4442157745361,11.5560684204102,2.09336471557617,3.64380788803101,26.4471797943115,17.561336517334,1.55340099334717,78.1300888061523,-1098.23955761392,-2222.48932304778,"StriatedCaracara",10
1461,0,94.7344055175781,0,13.6839017868042,12.2176914215088,1.14657199382782,5.87363052368164,29.6847686767578,25.1477108001709,2.60215139389038,114.785263061523,-1078.23955761392,-2222.48932304778,"StriatedCaracara",10
1462,0,94.7344055175781,0,13.6839017868042,12.2176914215088,1.14657199382782,5.87363052368164,29.6847686767578,25.1477108001709,2.60215139389038,114.785263061523,-1068.23955761392,-2222.48932304778,"StriatedCaracara",10
1463,0,86.723388671875,0,14.0366191864014,11.6000080108643,0.510102450847626,2.58809781074524,20.7406692504883,11.9706220626831,0.467846363782883,66.0940017700195,-1058.23955761392,-2222.48932304778,"StriatedCaracara",10
1464,0,73.7702865600586,0,14.1132774353027,12.1452951431274,2.58184266090393,0.0896246582269669,42.3693809509277,21.6979370117188,-4.21046113967896,111.597969055176,-1048.23955761392,-2222.48932304778,"StriatedCaracara",10
1465,0,70.2720260620117,0,14.0122089385986,10.9810104370117,1.41138160228729,1.33251118659973,31.3773193359375,20.6872215270996,4.07151412963867,87.8169403076172,-1038.23955761392,-2222.48932304778,"StriatedCaracara",10
1466,0,54.0131454467773,0,12.0061445236206,13.3089990615845,5.73912763595581,3.12432861328125,38.7141227722168,2.87094235420227,-2.35609698295593,200.165512084961,-1028.23955761392,-2222.48932304778,"StriatedCaracara",10
1467,0,54.0131454467773,0,12.0061445236206,13.3089990615845,5.73912763595581,3.12432861328125,38.7141227722168,2.87094235420227,-2.35609698295593,200.165512084961,-1018.23955761392,-2222.48932304778,"StriatedCaracara",10
1468,0,45.9820747375488,0,13.1829662322998,12.5408535003662,0.776273429393768,2.74157667160034,41.8472290039062,5.24450206756592,-1.03287601470947,162.916656494141,-1008.23955761392,-2222.48932304778,"StriatedCaracara",10
1469,0,38.3522567749023,0,13.6189546585083,12.3630352020264,0.977653026580811,5.53092813491821,31.2011051177979,14.5037488937378,-0.135208129882812,165.847351074219,-998.23955761392,-2222.48932304778,"StriatedCaracara",10
1470,0,31.0168190002441,0,14.7766571044922,13.2477407455444,1.8552725315094,7.186203956604,24.5391864776611,17.2321796417236,2.19513654708862,82.9513244628906,-988.23955761392,-2222.48932304778,"StriatedCaracara",10
1471,1,16.7390823364258,0,15.7978706359863,17.2805309295654,0.468922585248947,27.0223522186279,16.7050800323486,5.86893367767334,-0.0515143498778343,39.1826477050781,-978.23955761392,-2222.48932304778,"StriatedCaracara",10
1472,0,16.7390823364258,0,15.7978706359863,17.2805309295654,0.468922585248947,27.0223522186279,16.7050800323486,5.86893367767334,-0.0515143498778343,39.1826477050781,-968.23955761392,-2222.48932304778,"StriatedCaracara",10
1473,0,11.0595064163208,0,16.3404083251953,20.5175476074219,0.287598490715027,26.1802558898926,15.6150245666504,4.13945913314819,0.220300495624542,21.6663475036621,-958.23955761392,-2222.48932304778,"StriatedCaracara",10
1474,1,7.76488876342773,0,16.743745803833,19.2726078033447,16.1062335968018,24.5445423126221,41.0394630432129,4.85842514038086,0.233250856399536,12.3272256851196,-948.23955761392,-2222.48932304778,"StriatedCaracara",10
1475,0,7.76488876342773,0,16.743745803833,19.2726078033447,16.1062335968018,24.5445423126221,41.0394630432129,4.85842514038086,0.233250856399536,12.3272256851196,-938.23955761392,-2222.48932304778,"StriatedCaracara",10
1476,1,3.89250564575195,0,16.6546115875244,18.1186904907227,12.9991645812988,20.2058868408203,39.9391975402832,11.6692323684692,0.087821900844574,12.3554172515869,-928.23955761392,-2222.48932304778,"StriatedCaracara",10
1477,1,3.61666178703308,0,16.7140522003174,17.0164260864258,15.6227531433105,28.573974609375,45.9408950805664,5.24850082397461,-0.327803075313568,11.3250465393066,-918.23955761392,-2222.48932304778,"StriatedCaracara",10
1478,0,5.62142992019653,0,16.3250617980957,16.3197288513184,15.5699758529663,27.2962760925293,43.9580917358398,7.20456981658936,0.0965667217969894,9.16716003417969,-908.23955761392,-2222.48932304778,"StriatedCaracara",10
1479,0,2.68194532394409,0,16.4294967651367,15.9237251281738,23.2274742126465,14.2404642105103,43.3082809448242,14.3480882644653,-0.116161771118641,8.26132106781006,-898.23955761392,-2222.48932304778,"StriatedCaracara",10
1480,0,2.32063055038452,0,16.398983001709,15.1218109130859,15.3743944168091,22.8418865203857,42.6585922241211,14.3699340820312,-0.175855845212936,3.22731900215149,-888.23955761392,-2222.48932304778,"StriatedCaracara",10
1481,0,7.19024085998535,0,17.2743186950684,14.4765405654907,6.95777654647827,0,55.426383972168,36.3066749572754,-0.480542868375778,10.96630859375,-868.23955761392,-2222.48932304778,"StriatedCaracara",10
1482,0,12.5620231628418,0,17.1606559753418,15.0997934341431,5.5790867805481,0.273148775100708,55.3038635253906,32.0172309875488,-0.684566557407379,18.0810089111328,-858.23955761392,-2222.48932304778,"StriatedCaracara",10
1483,0,1.60765171051025,0,12.8042278289795,20.4926853179932,4.23601293563843,6.91758823394775,42.333251953125,18.7469253540039,0.484047889709473,17.4462947845459,-68.23955761392,-2222.48932304778,"StriatedCaracara",10
1484,0,12.1249885559082,0,12.6477584838867,20.5164375305176,8.88435173034668,0.469011008739471,46.0723114013672,26.8133811950684,0.0539992526173592,32.4957046508789,-58.23955761392,-2222.48932304778,"StriatedCaracara",10
1485,0,12.1249885559082,0,12.6477584838867,20.5164375305176,8.88435173034668,0.469011008739471,46.0723114013672,26.8133811950684,0.0539992526173592,32.4957046508789,-48.23955761392,-2222.48932304778,"StriatedCaracara",10
1486,0,7.00716066360474,0,12.7346611022949,20.7919425964355,16.4913692474365,0.273283660411835,48.4637832641602,25.4045829772949,1.01134037971497,44.8079566955566,-38.23955761392,-2222.48932304778,"StriatedCaracara",10
1487,0,12.0017242431641,0,12.7500638961792,20.2419567108154,10.9422941207886,0.404355555772781,49.6939430236816,30.0864505767822,0.793662250041962,40.483772277832,-28.23955761392,-2222.48932304778,"StriatedCaracara",10
1488,0,12.334397315979,0,12.8112421035767,18.9646129608154,19.7769088745117,0,51.2934226989746,25.3177604675293,-0.0222378838807344,1.08189749717712,11.76044238608,-2222.48932304778,"StriatedCaracara",10
1489,0,12.334397315979,0,12.8112421035767,18.9646129608154,19.7769088745117,0,51.2934226989746,25.3177604675293,-0.0222378838807344,1.08189749717712,21.76044238608,-2222.48932304778,"StriatedCaracara",10
1490,0,6.16237878799438,0,12.9477853775024,18.8286380767822,18.5074253082275,0,50.4855995178223,24.6949996948242,0.457974642515182,6.8371434211731,31.76044238608,-2222.48932304778,"StriatedCaracara",10
1491,0,2.31247329711914,0,13.341833114624,18.0949554443359,6.97663497924805,0,47.9094886779785,26.6196975708008,-0.253498047590256,4.91999483108521,41.76044238608,-2222.48932304778,"StriatedCaracara",10
1492,1,10.394003868103,0,13.1931762695312,18.2731399536133,16.5044441223145,0.169111624360085,49.9521598815918,25.0252208709717,-0.0673414543271065,5.50281143188477,51.76044238608,-2222.48932304778,"StriatedCaracara",10
1493,1,10.394003868103,0,13.1931762695312,18.2731399536133,16.5044441223145,0.169111624360085,49.9521598815918,25.0252208709717,-0.0673414543271065,5.50281143188477,61.76044238608,-2222.48932304778,"StriatedCaracara",10
1494,0,10.394003868103,0,13.1931762695312,18.2731399536133,16.5044441223145,0.169111624360085,49.9521598815918,25.0252208709717,-0.0673414543271065,5.50281143188477,71.76044238608,-2222.48932304778,"StriatedCaracara",10
1495,1,6.23342418670654,0,13.8767166137695,20.2523612976074,3.98877549171448,0.192816227674484,42.9418067932129,25.9347476959229,-0.153386801481247,3.06046175956726,81.76044238608,-2222.48932304778,"StriatedCaracara",10
1496,1,9.42421245574951,0,14.1480894088745,20.2738151550293,1.9414267539978,0,36.0652313232422,24.441535949707,-0.0955841839313507,1.61243987083435,91.76044238608,-2222.48932304778,"StriatedCaracara",10
1497,0,9.42421245574951,0,14.1480894088745,20.2738151550293,1.9414267539978,0,36.0652313232422,24.441535949707,-0.0955841839313507,1.61243987083435,101.76044238608,-2222.48932304778,"StriatedCaracara",10
1498,0,158.061065673828,0,12.6273441314697,12.3911333084106,7.18551540374756,7.12751054763794,13.0251331329346,8.11832523345947,-0.478188782930374,36.8829078674316,-1148.23955761392,-2232.48932304778,"StriatedCaracara",10
1499,0,158.061065673828,0,12.6273441314697,12.3911333084106,7.18551540374756,7.12751054763794,13.0251331329346,8.11832523345947,-0.478188782930374,36.8829078674316,-1138.23955761392,-2232.48932304778,"StriatedCaracara",10
1500,0,146.796798706055,0,12.6934242248535,12.5956811904907,3.78406763076782,6.19675302505493,16.3566703796387,14.0006637573242,-0.033684179186821,40.5954055786133,-1128.23955761392,-2232.48932304778,"StriatedCaracara",10
1501,0,144.724822998047,0,12.1072521209717,12.1431903839111,0.723770797252655,0.730555832386017,38.1275405883789,17.7288722991943,-2.90495610237122,82.6415710449219,-1118.23955761392,-2232.48932304778,"StriatedCaracara",10
1502,0,144.724822998047,0,12.1072521209717,12.1431903839111,0.723770797252655,0.730555832386017,38.1275405883789,17.7288722991943,-2.90495610237122,82.6415710449219,-1108.23955761392,-2232.48932304778,"StriatedCaracara",10
1503,0,116.159484863281,0,13.4442157745361,11.5560684204102,2.09336471557617,3.64380788803101,26.4471797943115,17.561336517334,1.55340099334717,78.1300888061523,-1098.23955761392,-2232.48932304778,"StriatedCaracara",10
1504,0,116.159484863281,0,13.4442157745361,11.5560684204102,2.09336471557617,3.64380788803101,26.4471797943115,17.561336517334,1.55340099334717,78.1300888061523,-1088.23955761392,-2232.48932304778,"StriatedCaracara",10
1505,0,111.840087890625,0,13.029712677002,11.5897274017334,0.0868339687585831,4.06610679626465,43.383472442627,16.2731513977051,6.79106092453003,130.866256713867,-1078.23955761392,-2232.48932304778,"StriatedCaracara",10
1506,0,104.21533203125,0,13.9468383789062,11.1189451217651,0,1.98921918869019,20.8007373809814,12.8408451080322,-0.0541218519210815,50.3602256774902,-1068.23955761392,-2232.48932304778,"StriatedCaracara",10
1507,0,84.2825775146484,0,14.2236833572388,11.7458362579346,0.201465785503387,4.27221155166626,24.0799732208252,11.9530124664307,-0.058689758181572,45.5429992675781,-1058.23955761392,-2232.48932304778,"StriatedCaracara",10
1508,0,84.2825775146484,0,14.2236833572388,11.7458362579346,0.201465785503387,4.27221155166626,24.0799732208252,11.9530124664307,-0.058689758181572,45.5429992675781,-1048.23955761392,-2232.48932304778,"StriatedCaracara",10
1509,0,70.2720260620117,0,14.0122089385986,10.9810104370117,1.41138160228729,1.33251118659973,31.3773193359375,20.6872215270996,4.07151412963867,87.8169403076172,-1038.23955761392,-2232.48932304778,"StriatedCaracara",10
1510,0,58.963020324707,0,11.852165222168,13.3180656433105,1.45422303676605,1.43882298469543,38.6068305969238,2.81201338768005,4.3652400970459,190.021423339844,-1028.23955761392,-2232.48932304778,"StriatedCaracara",10
1511,0,58.963020324707,0,11.852165222168,13.3180656433105,1.45422303676605,1.43882298469543,38.6068305969238,2.81201338768005,4.3652400970459,190.021423339844,-1018.23955761392,-2232.48932304778,"StriatedCaracara",10
1512,1,50.9541473388672,0,13.106689453125,12.5536918640137,1.82561659812927,0.740882754325867,38.4069786071777,5.71423816680908,-2.63622307777405,157.300933837891,-1008.23955761392,-2232.48932304778,"StriatedCaracara",10
1513,0,42.8514404296875,0,14.0359554290771,11.9879722595215,1.63249468803406,7.6330041885376,22.2280235290527,14.4116535186768,-7.76995468139648,137.520751953125,-998.23955761392,-2232.48932304778,"StriatedCaracara",10
1514,0,34.6375770568848,0,14.0979623794556,12.527156829834,2.1715841293335,7.45809555053711,21.0937957763672,13.0057373046875,1.84388792514801,127.396240234375,-988.23955761392,-2232.48932304778,"StriatedCaracara",10
1515,1,34.6375770568848,0,14.0979623794556,12.527156829834,2.1715841293335,7.45809555053711,21.0937957763672,13.0057373046875,1.84388792514801,127.396240234375,-978.23955761392,-2232.48932304778,"StriatedCaracara",10
1516,0,16.4600296020508,0,14.7288999557495,14.1778287887573,3.85134792327881,20.6164932250977,16.0785694122314,6.05248594284058,2.9666793346405,76.9890213012695,-968.23955761392,-2232.48932304778,"StriatedCaracara",10
1517,0,7.58086347579956,0,14.7384834289551,16.0834007263184,1.49917387962341,17.6404666900635,11.8187437057495,12.6029357910156,0.807856380939484,62.3449058532715,-958.23955761392,-2232.48932304778,"StriatedCaracara",10
1518,1,3.76045680046082,0,16.4443588256836,19.0384483337402,3.33645558357239,20.450403213501,23.5886611938477,3.53559708595276,-0.257557570934296,10.8076009750366,-948.23955761392,-2232.48932304778,"StriatedCaracara",10
1519,1,3.76045680046082,0,16.4443588256836,19.0384483337402,3.33645558357239,20.450403213501,23.5886611938477,3.53559708595276,-0.257557570934296,10.8076009750366,-938.23955761392,-2232.48932304778,"StriatedCaracara",10
1520,0,7.3381175994873,0,16.4728984832764,17.6475124359131,7.97743082046509,25.3074703216553,35.247241973877,2.10787105560303,-0.399741917848587,8.0638256072998,-928.23955761392,-2232.48932304778,"StriatedCaracara",10
1521,1,2.63570523262024,0,16.5653266906738,16.8254241943359,11.8894996643066,31.1091938018799,43.7098808288574,3.28700661659241,-0.561408221721649,9.60283374786377,-918.23955761392,-2232.48932304778,"StriatedCaracara",10
1522,1,5.63041400909424,0,16.0969085693359,15.925329208374,4.86088705062866,35.0993423461914,43.9793968200684,1.65161859989166,0.352216750383377,9.00933837890625,-908.23955761392,-2232.48932304778,"StriatedCaracara",10
1523,0,3.71912336349487,0,16.0240058898926,15.6403398513794,9.20053291320801,32.9386177062988,44.5867118835449,4.8802318572998,0.0748400613665581,5.01986026763916,-898.23955761392,-2232.48932304778,"StriatedCaracara",10
1524,1,2.32063055038452,0,16.398983001709,15.1218109130859,15.3743944168091,22.8418865203857,42.6585922241211,14.3699340820312,-0.175855845212936,3.22731900215149,-888.23955761392,-2232.48932304778,"StriatedCaracara",10
1525,1,2.32063055038452,0,16.398983001709,15.1218109130859,15.3743944168091,22.8418865203857,42.6585922241211,14.3699340820312,-0.175855845212936,3.22731900215149,-878.23955761392,-2232.48932304778,"StriatedCaracara",10
1526,0,12.1249885559082,0,12.6477584838867,20.5164375305176,8.88435173034668,0.469011008739471,46.0723114013672,26.8133811950684,0.0539992526173592,32.4957046508789,-48.23955761392,-2232.48932304778,"StriatedCaracara",10
1527,0,12.334397315979,0,12.8112421035767,18.9646129608154,19.7769088745117,0,51.2934226989746,25.3177604675293,-0.0222378838807344,1.08189749717712,21.76044238608,-2232.48932304778,"StriatedCaracara",10
1528,0,6.62535667419434,0,12.9871253967285,18.0532150268555,12.2216444015503,0,48.3520317077637,26.2563133239746,-0.00672375969588757,4.08876466751099,31.76044238608,-2232.48932304778,"StriatedCaracara",10
1529,0,6.62535667419434,0,12.9871253967285,18.0532150268555,12.2216444015503,0,48.3520317077637,26.2563133239746,-0.00672375969588757,4.08876466751099,41.76044238608,-2232.48932304778,"StriatedCaracara",10
1530,0,6.62535667419434,0,12.9871253967285,18.0532150268555,12.2216444015503,0,48.3520317077637,26.2563133239746,-0.00672375969588757,4.08876466751099,51.76044238608,-2232.48932304778,"StriatedCaracara",10
1531,0,10.394003868103,0,13.1931762695312,18.2731399536133,16.5044441223145,0.169111624360085,49.9521598815918,25.0252208709717,-0.0673414543271065,5.50281143188477,71.76044238608,-2232.48932304778,"StriatedCaracara",10
1532,0,6.23342418670654,0,13.8767166137695,20.2523612976074,3.98877549171448,0.192816227674484,42.9418067932129,25.9347476959229,-0.153386801481247,3.06046175956726,81.76044238608,-2232.48932304778,"StriatedCaracara",10
1533,0,161.139343261719,0,11.8713340759277,12.5559310913086,8.03860282897949,2.45491504669189,28.6859645843506,19.7985191345215,-0.231682658195496,89.2866516113281,-1148.23955761392,-2242.48932304778,"StriatedCaracara",10
1534,0,161.139343261719,0,11.8713340759277,12.5559310913086,8.03860282897949,2.45491504669189,28.6859645843506,19.7985191345215,-0.231682658195496,89.2866516113281,-1138.23955761392,-2242.48932304778,"StriatedCaracara",10
1535,0,156.927932739258,0,11.3759927749634,12.5945863723755,0.170181274414062,3.42822694778442,48.232723236084,9.34319686889648,3.49500584602356,168.321990966797,-1128.23955761392,-2242.48932304778,"StriatedCaracara",10
1536,0,144.724822998047,0,12.1072521209717,12.1431903839111,0.723770797252655,0.730555832386017,38.1275405883789,17.7288722991943,-2.90495610237122,82.6415710449219,-1118.23955761392,-2242.48932304778,"StriatedCaracara",10
1537,0,144.724822998047,0,12.1072521209717,12.1431903839111,0.723770797252655,0.730555832386017,38.1275405883789,17.7288722991943,-2.90495610237122,82.6415710449219,-1108.23955761392,-2242.48932304778,"StriatedCaracara",10
1538,0,118.559959411621,0,13.1921920776367,11.3526220321655,0.182500526309013,2.81156277656555,27.7618789672852,16.4151802062988,-0.823180019855499,64.2395935058594,-1098.23955761392,-2242.48932304778,"StriatedCaracara",10
1539,0,118.559959411621,0,13.1921920776367,11.3526220321655,0.182500526309013,2.81156277656555,27.7618789672852,16.4151802062988,-0.823180019855499,64.2395935058594,-1088.23955761392,-2242.48932304778,"StriatedCaracara",10
1540,0,111.840087890625,0,13.029712677002,11.5897274017334,0.0868339687585831,4.06610679626465,43.383472442627,16.2731513977051,6.79106092453003,130.866256713867,-1078.23955761392,-2242.48932304778,"StriatedCaracara",10
1541,0,104.21533203125,0,13.9468383789062,11.1189451217651,0,1.98921918869019,20.8007373809814,12.8408451080322,-0.0541218519210815,50.3602256774902,-1068.23955761392,-2242.48932304778,"StriatedCaracara",10
1542,0,97.5525054931641,0,13.0857200622559,11.7668895721436,1.49578309059143,6.8355073928833,40.9419975280762,14.6141920089722,3.83643436431885,145.571701049805,-1058.23955761392,-2242.48932304778,"StriatedCaracara",10
1543,0,84.2825775146484,0,14.2236833572388,11.7458362579346,0.201465785503387,4.27221155166626,24.0799732208252,11.9530124664307,-0.058689758181572,45.5429992675781,-1048.23955761392,-2242.48932304778,"StriatedCaracara",10
1544,0,69.3680419921875,0,13.9059734344482,10.9842967987061,0.483383804559708,7.4691309928894,26.5493278503418,21.9176445007324,-1.92730128765106,78.0205230712891,-1038.23955761392,-2242.48932304778,"StriatedCaracara",10
1545,0,69.3680419921875,0,13.9059734344482,10.9842967987061,0.483383804559708,7.4691309928894,26.5493278503418,21.9176445007324,-1.92730128765106,78.0205230712891,-1028.23955761392,-2242.48932304778,"StriatedCaracara",10
1546,0,60.6084518432617,0,13.468355178833,12.500789642334,0.175408124923706,2.23962759971619,38.2113380432129,4.51242303848267,-0.993421316146851,135.629638671875,-1018.23955761392,-2242.48932304778,"StriatedCaracara",10
1547,0,51.8341598510742,0,13.1778612136841,12.4726982116699,0.276755034923553,1.2444554567337,39.8341178894043,4.49345111846924,2.48664450645447,130.226501464844,-1008.23955761392,-2242.48932304778,"StriatedCaracara",10
1548,0,43.0625686645508,0,13.1974430084229,12.7057991027832,0.471899628639221,2.55072474479675,41.156322479248,9.1239185333252,6.80556535720825,141.178405761719,-998.23955761392,-2242.48932304778,"StriatedCaracara",10
1549,0,33.6246147155762,0,13.904167175293,12.3953723907471,0.907116949558258,7.32479095458984,23.1964416503906,12.0454387664795,4.05384254455566,119.284378051758,-988.23955761392,-2242.48932304778,"StriatedCaracara",10
1550,0,16.4600296020508,0,14.7288999557495,14.1778287887573,3.85134792327881,20.6164932250977,16.0785694122314,6.05248594284058,2.9666793346405,76.9890213012695,-978.23955761392,-2242.48932304778,"StriatedCaracara",10
1551,0,16.4600296020508,0,14.7288999557495,14.1778287887573,3.85134792327881,20.6164932250977,16.0785694122314,6.05248594284058,2.9666793346405,76.9890213012695,-968.23955761392,-2242.48932304778,"StriatedCaracara",10
1552,0,7.58086347579956,0,14.7384834289551,16.0834007263184,1.49917387962341,17.6404666900635,11.8187437057495,12.6029357910156,0.807856380939484,62.3449058532715,-958.23955761392,-2242.48932304778,"StriatedCaracara",10
1553,1,4.07589054107666,0,15.6604766845703,17.3012962341309,0.574647307395935,19.553653717041,16.013256072998,6.15074443817139,-2.29248285293579,35.2332038879395,-948.23955761392,-2242.48932304778,"StriatedCaracara",10
1554,1,2.61601710319519,0,15.7300634384155,17.4339904785156,6.13866090774536,22.8078422546387,27.1325206756592,1.21727097034454,-1.56441831588745,13.4895515441895,-938.23955761392,-2242.48932304778,"StriatedCaracara",10
1555,0,3.1354649066925,0,15.3219699859619,15.717978477478,4.47772359848022,31.9062004089355,32.5323638916016,2.98502254486084,-0.541891813278198,26.2441825866699,-928.23955761392,-2242.48932304778,"StriatedCaracara",10
1556,0,2.84275269508362,0,15.3655710220337,16.1137180328369,1.70999157428741,33.5303077697754,32.015022277832,1.49505293369293,-0.613017499446869,16.3808403015137,-918.23955761392,-2242.48932304778,"StriatedCaracara",10
1557,1,2.95681619644165,0,15.3646078109741,15.0725326538086,13.2816772460938,31.9756774902344,35.4151077270508,4.80041265487671,-1.39399838447571,26.4450283050537,-908.23955761392,-2242.48932304778,"StriatedCaracara",10
1558,1,2.77076315879822,0,15.5263795852661,14.688117980957,16.9317092895508,27.4150276184082,34.2293319702148,9.26662445068359,-1.27797675132751,17.4900131225586,-898.23955761392,-2242.48932304778,"StriatedCaracara",10
1559,1,3.51216745376587,0,15.548677444458,14.7281408309937,16.5571002960205,26.0203475952148,34.0375823974609,10.3622303009033,-0.697792828083038,22.8612403869629,-888.23955761392,-2242.48932304778,"StriatedCaracara",10
1560,1,12.1989755630493,0,14.2351198196411,14.5382556915283,1.32613229751587,33.7750854492188,32.9019813537598,4.24355125427246,0.687655806541443,29.0289363861084,-878.23955761392,-2242.48932304778,"StriatedCaracara",10
1561,0,12.334397315979,0,12.8112421035767,18.9646129608154,19.7769088745117,0,51.2934226989746,25.3177604675293,-0.0222378838807344,1.08189749717712,11.76044238608,-2242.48932304778,"StriatedCaracara",10
1562,1,12.334397315979,0,12.8112421035767,18.9646129608154,19.7769088745117,0,51.2934226989746,25.3177604675293,-0.0222378838807344,1.08189749717712,21.76044238608,-2242.48932304778,"StriatedCaracara",10
1563,0,6.62535667419434,0,12.9871253967285,18.0532150268555,12.2216444015503,0,48.3520317077637,26.2563133239746,-0.00672375969588757,4.08876466751099,31.76044238608,-2242.48932304778,"StriatedCaracara",10
1564,0,6.62535667419434,0,12.9871253967285,18.0532150268555,12.2216444015503,0,48.3520317077637,26.2563133239746,-0.00672375969588757,4.08876466751099,41.76044238608,-2242.48932304778,"StriatedCaracara",10
1565,0,6.62535667419434,0,12.9871253967285,18.0532150268555,12.2216444015503,0,48.3520317077637,26.2563133239746,-0.00672375969588757,4.08876466751099,51.76044238608,-2242.48932304778,"StriatedCaracara",10
1566,1,10.394003868103,0,13.1931762695312,18.2731399536133,16.5044441223145,0.169111624360085,49.9521598815918,25.0252208709717,-0.0673414543271065,5.50281143188477,61.76044238608,-2242.48932304778,"StriatedCaracara",10
1567,1,10.394003868103,0,13.1931762695312,18.2731399536133,16.5044441223145,0.169111624360085,49.9521598815918,25.0252208709717,-0.0673414543271065,5.50281143188477,71.76044238608,-2242.48932304778,"StriatedCaracara",10
1568,0,167.381591796875,0,11.8840494155884,12.1038103103638,2.36894345283508,8.85904693603516,20.1163501739502,8.34181785583496,-1.83530592918396,60.3866424560547,-1148.23955761392,-2252.48932304778,"StriatedCaracara",10
1569,0,167.381591796875,0,11.8840494155884,12.1038103103638,2.36894345283508,8.85904693603516,20.1163501739502,8.34181785583496,-1.83530592918396,60.3866424560547,-1138.23955761392,-2252.48932304778,"StriatedCaracara",10
1570,0,156.927932739258,0,11.3759927749634,12.5945863723755,0.170181274414062,3.42822694778442,48.232723236084,9.34319686889648,3.49500584602356,168.321990966797,-1128.23955761392,-2252.48932304778,"StriatedCaracara",10
1571,0,148.779632568359,0,11.4880037307739,12.3537454605103,1.58111202716827,1.68226528167725,50.2313003540039,10.2201261520386,-1.89530563354492,156.142868041992,-1118.23955761392,-2252.48932304778,"StriatedCaracara",10
1572,0,143.622344970703,0,11.8273010253906,12.1271343231201,1.08344399929047,0.810848534107208,33.8238525390625,9.84625625610352,2.26853013038635,126.129516601562,-1108.23955761392,-2252.48932304778,"StriatedCaracara",10
1573,0,134.686233520508,0,13.0753192901611,11.1836538314819,0.889384865760803,1.37030839920044,30.6028957366943,26.0113525390625,1.454225897789,32.5512275695801,-1098.23955761392,-2252.48932304778,"StriatedCaracara",10
1574,0,118.559959411621,0,13.1921920776367,11.3526220321655,0.182500526309013,2.81156277656555,27.7618789672852,16.4151802062988,-0.823180019855499,64.2395935058594,-1088.23955761392,-2252.48932304778,"StriatedCaracara",10
1575,0,111.840087890625,0,13.029712677002,11.5897274017334,0.0868339687585831,4.06610679626465,43.383472442627,16.2731513977051,6.79106092453003,130.866256713867,-1078.23955761392,-2252.48932304778,"StriatedCaracara",10
1576,0,104.21533203125,0,13.9468383789062,11.1189451217651,0,1.98921918869019,20.8007373809814,12.8408451080322,-0.0541218519210815,50.3602256774902,-1068.23955761392,-2252.48932304778,"StriatedCaracara",10
1577,0,97.5525054931641,0,13.0857200622559,11.7668895721436,1.49578309059143,6.8355073928833,40.9419975280762,14.6141920089722,3.83643436431885,145.571701049805,-1058.23955761392,-2252.48932304778,"StriatedCaracara",10
1578,0,89.0774383544922,0,13.5645532608032,10.7763938903809,1.45276165008545,4.23951053619385,28.2220687866211,23.9195156097412,-2.83520197868347,77.1190643310547,-1048.23955761392,-2252.48932304778,"StriatedCaracara",10
1579,0,82.1120071411133,0,13.5863361358643,10.3311862945557,1.81471157073975,4.261549949646,31.5362758636475,15.8536615371704,2.29512310028076,105.698356628418,-1038.23955761392,-2252.48932304778,"StriatedCaracara",10
1580,0,61.9984283447266,0,13.9401626586914,11.0602035522461,3.19624543190002,6.45288372039795,27.2974891662598,13.7268886566162,-2.79521083831787,131.211364746094,-1028.23955761392,-2252.48932304778,"StriatedCaracara",10
1581,0,61.9984283447266,0,13.9401626586914,11.0602035522461,3.19624543190002,6.45288372039795,27.2974891662598,13.7268886566162,-2.79521083831787,131.211364746094,-1018.23955761392,-2252.48932304778,"StriatedCaracara",10
1582,0,53.2114524841309,0,13.4247827529907,12.0782556533813,1.39555859565735,3.60808658599854,41.6802062988281,8.70343017578125,-0.223434075713158,148.625045776367,-1008.23955761392,-2252.48932304778,"StriatedCaracara",10
1583,0,44.8953399658203,0,13.3731994628906,12.5000133514404,0.178235679864883,0.509573101997375,47.5205726623535,15.2868270874023,5.62994766235352,112.370895385742,-998.23955761392,-2252.48932304778,"StriatedCaracara",10
1584,1,36.1942291259766,0,14.214168548584,12.2699346542358,0.244532853364944,6.77633142471313,18.0448322296143,19.5193672180176,-1.76770186424255,95.4343948364258,-988.23955761392,-2252.48932304778,"StriatedCaracara",10
1585,0,34.0562973022461,0,13.4236860275269,13.0651531219482,0.255222320556641,13.2598237991333,21.0666961669922,7.18689966201782,0.630678772926331,86.5951766967773,-978.23955761392,-2252.48932304778,"StriatedCaracara",10
1586,0,29.0205764770508,0,14.4905004501343,13.3065853118896,1.61267805099487,14.9396810531616,14.5234956741333,10.0375318527222,-2.08448696136475,69.1324768066406,-968.23955761392,-2252.48932304778,"StriatedCaracara",10
1587,0,12.8973903656006,0,15.1834030151367,15.5683307647705,0.543696343898773,21.7833690643311,21.5266819000244,7.36626005172729,2.65505290031433,41.9155349731445,-958.23955761392,-2252.48932304778,"StriatedCaracara",10
1588,1,12.8973903656006,0,15.1834030151367,15.5683307647705,0.543696343898773,21.7833690643311,21.5266819000244,7.36626005172729,2.65505290031433,41.9155349731445,-948.23955761392,-2252.48932304778,"StriatedCaracara",10
1589,1,9.74821090698242,0,14.5544424057007,16.0080127716064,2.63879561424255,24.6462993621826,24.7324810028076,8.70136165618896,4.08554649353027,57.4262390136719,-938.23955761392,-2252.48932304778,"StriatedCaracara",10
1590,0,10.1527643203735,0,14.0581350326538,13.6071186065674,0.379957377910614,28.5243186950684,29.7603645324707,11.9739122390747,2.24515509605408,41.4729232788086,-928.23955761392,-2252.48932304778,"StriatedCaracara",10
1591,0,10.9487390518188,0,14.4006681442261,14.9122400283813,0,33.5080528259277,25.7538223266602,2.84081530570984,-0.178091734647751,28.0143642425537,-918.23955761392,-2252.48932304778,"StriatedCaracara",10
1592,1,11.9888906478882,0,13.6787891387939,15.2077388763428,0.766786932945251,33.0680732727051,29.8461761474609,2.46747064590454,1.20642828941345,52.1203498840332,-908.23955761392,-2252.48932304778,"StriatedCaracara",10
1593,0,12.1391334533691,0,13.5784244537354,13.6307725906372,1.16510128974915,30.4548568725586,31.5979137420654,6.70901775360107,1.58475124835968,27.0852203369141,-898.23955761392,-2252.48932304778,"StriatedCaracara",10
1594,0,13.1447687149048,0,13.6852626800537,15.8989963531494,0.301843672990799,33.87890625,20.9616603851318,2.75962018966675,1.13779306411743,24.9932727813721,-888.23955761392,-2252.48932304778,"StriatedCaracara",10
1595,0,12.1989755630493,0,14.2351198196411,14.5382556915283,1.32613229751587,33.7750854492188,32.9019813537598,4.24355125427246,0.687655806541443,29.0289363861084,-878.23955761392,-2252.48932304778,"StriatedCaracara",10
1596,0,8.24374771118164,0,14.8795537948608,13.3757781982422,9.86563777923584,5.1557412147522,51.7052345275879,30.2164878845215,0.66455090045929,24.3147277832031,-868.23955761392,-2252.48932304778,"StriatedCaracara",10
1597,1,6.62535667419434,0,12.9871253967285,18.0532150268555,12.2216444015503,0,48.3520317077637,26.2563133239746,-0.00672375969588757,4.08876466751099,61.76044238608,-2252.48932304778,"StriatedCaracara",10
1598,1,10.394003868103,0,13.1931762695312,18.2731399536133,16.5044441223145,0.169111624360085,49.9521598815918,25.0252208709717,-0.0673414543271065,5.50281143188477,71.76044238608,-2252.48932304778,"StriatedCaracara",10
1599,0,10.394003868103,0,13.1931762695312,18.2731399536133,16.5044441223145,0.169111624360085,49.9521598815918,25.0252208709717,-0.0673414543271065,5.50281143188477,81.76044238608,-2252.48932304778,"StriatedCaracara",10
1600,0,167.381591796875,0,11.8840494155884,12.1038103103638,2.36894345283508,8.85904693603516,20.1163501739502,8.34181785583496,-1.83530592918396,60.3866424560547,-1138.23955761392,-2262.48932304778,"StriatedCaracara",10
1601,0,152.256164550781,0,11.7676801681519,11.9019737243652,0.0743914470076561,2.22212934494019,44.905876159668,3.54571914672852,1.2614072561264,111.681213378906,-1128.23955761392,-2262.48932304778,"StriatedCaracara",10
1602,0,152.256164550781,0,11.7676801681519,11.9019737243652,0.0743914470076561,2.22212934494019,44.905876159668,3.54571914672852,1.2614072561264,111.681213378906,-1118.23955761392,-2262.48932304778,"StriatedCaracara",10
1603,0,143.622344970703,0,11.8273010253906,12.1271343231201,1.08344399929047,0.810848534107208,33.8238525390625,9.84625625610352,2.26853013038635,126.129516601562,-1108.23955761392,-2262.48932304778,"StriatedCaracara",10
1604,0,138.607635498047,0,12.2653493881226,11.7805013656616,1.29367160797119,1.09070324897766,26.5608940124512,14.091646194458,-1.36779975891113,21.4191093444824,-1098.23955761392,-2262.48932304778,"StriatedCaracara",10
1605,0,123.776084899902,0,13.549880027771,10.5896415710449,0,1.0717921257019,9.70606231689453,9.63981342315674,0.0916163995862007,6.79455471038818,-1088.23955761392,-2262.48932304778,"StriatedCaracara",10
1606,1,118.336822509766,0,13.2849283218384,10.2277526855469,2.03728580474854,10.5355472564697,24.9719657897949,18.841869354248,-1.12619304656982,51.2328414916992,-1078.23955761392,-2262.48932304778,"StriatedCaracara",10
1607,0,110.564331054688,0,13.4201641082764,9.75088787078857,1.31787371635437,9.15634059906006,23.5744323730469,19.023717880249,0.701003730297089,71.7861251831055,-1068.23955761392,-2262.48932304778,"StriatedCaracara",10
1608,0,99.9162673950195,0,13.6228456497192,10.9012136459351,1.68725490570068,12.9048900604248,23.2402210235596,8.75959205627441,-2.79553151130676,19.9315891265869,-1058.23955761392,-2262.48932304778,"StriatedCaracara",10
1609,0,89.0774383544922,0,13.5645532608032,10.7763938903809,1.45276165008545,4.23951053619385,28.2220687866211,23.9195156097412,-2.83520197868347,77.1190643310547,-1048.23955761392,-2262.48932304778,"StriatedCaracara",10
1610,1,82.1120071411133,0,13.5863361358643,10.3311862945557,1.81471157073975,4.261549949646,31.5362758636475,15.8536615371704,2.29512310028076,105.698356628418,-1038.23955761392,-2262.48932304778,"StriatedCaracara",10
1611,1,82.1120071411133,0,13.5863361358643,10.3311862945557,1.81471157073975,4.261549949646,31.5362758636475,15.8536615371704,2.29512310028076,105.698356628418,-1028.23955761392,-2262.48932304778,"StriatedCaracara",10
1612,0,56.4019470214844,0,13.1984386444092,11.6306037902832,0.00958561338484287,2.27407503128052,31.3365440368652,9.49466705322266,-0.110472977161407,83.6678466796875,-1018.23955761392,-2262.48932304778,"StriatedCaracara",10
1613,0,56.4019470214844,0,13.1984386444092,11.6306037902832,0.00958561338484287,2.27407503128052,31.3365440368652,9.49466705322266,-0.110472977161407,83.6678466796875,-1008.23955761392,-2262.48932304778,"StriatedCaracara",10
1614,0,48.6948471069336,0,14.2263193130493,11.7239875793457,0.796571731567383,5.69668388366699,35.0440673828125,21.4561805725098,-6.64617729187012,62.5003128051758,-998.23955761392,-2262.48932304778,"StriatedCaracara",10
1615,0,34.0562973022461,0,13.4236860275269,13.0651531219482,0.255222320556641,13.2598237991333,21.0666961669922,7.18689966201782,0.630678772926331,86.5951766967773,-988.23955761392,-2262.48932304778,"StriatedCaracara",10
1616,0,34.0562973022461,0,13.4236860275269,13.0651531219482,0.255222320556641,13.2598237991333,21.0666961669922,7.18689966201782,0.630678772926331,86.5951766967773,-978.23955761392,-2262.48932304778,"StriatedCaracara",10
1617,0,29.0205764770508,0,14.4905004501343,13.3065853118896,1.61267805099487,14.9396810531616,14.5234956741333,10.0375318527222,-2.08448696136475,69.1324768066406,-968.23955761392,-2262.48932304778,"StriatedCaracara",10
1618,0,25.6297225952148,0,13.8371639251709,13.5254373550415,1.50503885746002,16.4625129699707,26.5395374298096,10.2564487457275,3.16410255432129,108.534873962402,-958.23955761392,-2262.48932304778,"StriatedCaracara",10
1619,1,20.4074211120605,0,15.026683807373,15.5040111541748,0.229482010006905,28.6800651550293,23.1262149810791,8.42520999908447,-1.30683815479279,31.8391819000244,-948.23955761392,-2262.48932304778,"StriatedCaracara",10
1620,0,20.4074211120605,0,15.026683807373,15.5040111541748,0.229482010006905,28.6800651550293,23.1262149810791,8.42520999908447,-1.30683815479279,31.8391819000244,-938.23955761392,-2262.48932304778,"StriatedCaracara",10
1621,0,21.1302757263184,0,14.273268699646,14.5596923828125,0.422751903533936,19.4081954956055,36.0082397460938,17.9825592041016,0.443524926900864,38.6981735229492,-928.23955761392,-2262.48932304778,"StriatedCaracara",10
1622,0,21.7090663909912,0,13.2643785476685,14.5489454269409,2.93800973892212,26.0924911499023,36.7109603881836,9.65693187713623,2.25755596160889,78.9093933105469,-918.23955761392,-2262.48932304778,"StriatedCaracara",10
1623,0,22.6023273468018,0,12.9424324035645,12.9744958877563,1.34030032157898,31.1248912811279,40.1516952514648,7.62583208084106,1.64857256412506,56.9153671264648,-908.23955761392,-2262.48932304778,"StriatedCaracara",10
1624,0,22.8811798095703,0,13.2464637756348,12.7040519714355,2.35249423980713,34.2671318054199,34.4306907653809,4.56392955780029,-0.800095081329346,38.9495658874512,-898.23955761392,-2262.48932304778,"StriatedCaracara",10
1625,0,22.3019714355469,0,13.3702573776245,14.0283851623535,2.47454309463501,35.6943359375,21.6874942779541,5.22313737869263,-0.884516656398773,33.2155532836914,-888.23955761392,-2262.48932304778,"StriatedCaracara",10
1626,1,16.3376083374023,0,14.1526203155518,13.5563306808472,5.5307559967041,26.8922309875488,32.7985725402832,11.325644493103,0.384616672992706,32.6218109130859,-878.23955761392,-2262.48932304778,"StriatedCaracara",10
1627,0,8.24374771118164,0,14.8795537948608,13.3757781982422,9.86563777923584,5.1557412147522,51.7052345275879,30.2164878845215,0.66455090045929,24.3147277832031,-868.23955761392,-2262.48932304778,"StriatedCaracara",10
1628,1,2.20344543457031,0,15.638204574585,14.1193189620972,5.34381437301636,0.71176552772522,55.7553329467773,35.8297462463379,-0.164163902401924,12.4367866516113,-858.23955761392,-2262.48932304778,"StriatedCaracara",10
1629,0,7.7222375869751,0,16.2497291564941,19.1566028594971,12.8531627655029,1.67355096340179,54.6898956298828,6.11947107315063,-0.356916129589081,4.1832799911499,-848.23955761392,-2262.48932304778,"StriatedCaracara",10
1630,0,167.381591796875,0,11.8840494155884,12.1038103103638,2.36894345283508,8.85904693603516,20.1163501739502,8.34181785583496,-1.83530592918396,60.3866424560547,-1138.23955761392,-2272.48932304778,"StriatedCaracara",10
1631,0,152.256164550781,0,11.7676801681519,11.9019737243652,0.0743914470076561,2.22212934494019,44.905876159668,3.54571914672852,1.2614072561264,111.681213378906,-1128.23955761392,-2272.48932304778,"StriatedCaracara",10
1632,0,152.256164550781,0,11.7676801681519,11.9019737243652,0.0743914470076561,2.22212934494019,44.905876159668,3.54571914672852,1.2614072561264,111.681213378906,-1118.23955761392,-2272.48932304778,"StriatedCaracara",10
1633,0,148.897048950195,0,12.436502456665,10.4558010101318,4.72487163543701,1.53076386451721,28.1013202667236,14.6600894927979,-1.28496885299683,51.9661445617676,-1108.23955761392,-2272.48932304778,"StriatedCaracara",10
1634,0,138.607635498047,0,12.2653493881226,11.7805013656616,1.29367160797119,1.09070324897766,26.5608940124512,14.091646194458,-1.36779975891113,21.4191093444824,-1098.23955761392,-2272.48932304778,"StriatedCaracara",10
1635,0,118.336822509766,0,13.2849283218384,10.2277526855469,2.03728580474854,10.5355472564697,24.9719657897949,18.841869354248,-1.12619304656982,51.2328414916992,-1088.23955761392,-2272.48932304778,"StriatedCaracara",10
1636,0,118.336822509766,0,13.2849283218384,10.2277526855469,2.03728580474854,10.5355472564697,24.9719657897949,18.841869354248,-1.12619304656982,51.2328414916992,-1078.23955761392,-2272.48932304778,"StriatedCaracara",10
1637,0,110.564331054688,0,13.4201641082764,9.75088787078857,1.31787371635437,9.15634059906006,23.5744323730469,19.023717880249,0.701003730297089,71.7861251831055,-1068.23955761392,-2272.48932304778,"StriatedCaracara",10
1638,0,102.583648681641,0,13.4346733093262,9.656081199646,1.04254961013794,3.36059427261353,32.0507011413574,23.9641284942627,1.74423265457153,81.3174896240234,-1058.23955761392,-2272.48932304778,"StriatedCaracara",10
1639,0,95.5722198486328,0,13.2411937713623,9.78750801086426,1.81153857707977,3.16065955162048,48.8788185119629,6.70856380462646,-1.34302818775177,50.5356750488281,-1048.23955761392,-2272.48932304778,"StriatedCaracara",10
1640,0,85.8212432861328,0,14.1763877868652,9.42745399475098,0.877803444862366,3.31819462776184,21.3226089477539,9.14803218841553,-3.17320609092712,25.9992179870605,-1038.23955761392,-2272.48932304778,"StriatedCaracara",10
1641,0,69.5795745849609,0,14.5394515991211,10.5844583511353,1.61317729949951,16.9946365356445,36.2636985778809,19.0825614929199,-0.697334408760071,68.5438766479492,-1028.23955761392,-2272.48932304778,"StriatedCaracara",10
1642,0,69.5795745849609,0,14.5394515991211,10.5844583511353,1.61317729949951,16.9946365356445,36.2636985778809,19.0825614929199,-0.697334408760071,68.5438766479492,-1018.23955761392,-2272.48932304778,"StriatedCaracara",10
1643,0,54.8769073486328,0,14.5741453170776,11.2109994888306,1.01410317420959,25.0971450805664,32.9482307434082,15.3590621948242,2.69399642944336,74.0939178466797,-1008.23955761392,-2272.48932304778,"StriatedCaracara",10
1644,0,54.8769073486328,0,14.5741453170776,11.2109994888306,1.01410317420959,25.0971450805664,32.9482307434082,15.3590621948242,2.69399642944336,74.0939178466797,-998.23955761392,-2272.48932304778,"StriatedCaracara",10
1645,0,43.0959777832031,0,14.3944864273071,12.0840282440186,0.326814651489258,13.142333984375,17.8208274841309,11.5666904449463,1.21450924873352,78.8651733398438,-988.23955761392,-2272.48932304778,"StriatedCaracara",10
1646,0,43.0959777832031,0,14.3944864273071,12.0840282440186,0.326814651489258,13.142333984375,17.8208274841309,11.5666904449463,1.21450924873352,78.8651733398438,-978.23955761392,-2272.48932304778,"StriatedCaracara",10
1647,0,38.9161186218262,0,13.8766975402832,12.8175010681152,0.707392513751984,19.5370235443115,25.6634063720703,17.0945510864258,0.944820404052734,88.0329971313477,-968.23955761392,-2272.48932304778,"StriatedCaracara",10
1648,0,35.8876304626465,0,14.2689266204834,12.522928237915,1.08970630168915,19.2647018432617,22.6932430267334,13.4346485137939,-3.07634234428406,86.6203308105469,-958.23955761392,-2272.48932304778,"StriatedCaracara",10
1649,0,28.3717498779297,0,15.1158485412598,14.7204618453979,0.0666522979736328,19.3147220611572,28.950927734375,17.8521156311035,-0.25464728474617,23.9607372283936,-948.23955761392,-2272.48932304778,"StriatedCaracara",10
1650,0,28.3717498779297,0,15.1158485412598,14.7204618453979,0.0666522979736328,19.3147220611572,28.950927734375,17.8521156311035,-0.25464728474617,23.9607372283936,-938.23955761392,-2272.48932304778,"StriatedCaracara",10
1651,0,24.55615234375,0,13.6174297332764,15.3162603378296,3.84281849861145,16.5337257385254,28.9253349304199,10.18980884552,-1.12358105182648,84.1534729003906,-928.23955761392,-2272.48932304778,"StriatedCaracara",10
1652,0,21.442756652832,0,12.2897272109985,14.8904895782471,0.959075510501862,13.3547449111938,32.8618621826172,12.6940631866455,0.0897591114044189,115.935569763184,-918.23955761392,-2272.48932304778,"StriatedCaracara",10
1653,0,21.3853225708008,0,13.0245323181152,13.2056875228882,1.9662379026413,26.8965034484863,33.1636810302734,9.37142562866211,-1.46843290328979,55.6321868896484,-908.23955761392,-2272.48932304778,"StriatedCaracara",10
1654,1,21.2231502532959,0,12.6861057281494,13.4780521392822,2.32275652885437,31.202220916748,30.0066051483154,4.49611949920654,0.106463044881821,44.8518562316895,-898.23955761392,-2272.48932304778,"StriatedCaracara",10
1655,0,20.4377174377441,0,12.7526578903198,13.2204895019531,2.49396300315857,36.6001625061035,28.1523036956787,3.33088374137878,0.86319637298584,26.72998046875,-888.23955761392,-2272.48932304778,"StriatedCaracara",10
1656,1,14.17271900177,0,13.4768218994141,13.6618270874023,8.61787605285645,27.4747753143311,31.036262512207,6.13137197494507,-0.3579261302948,25.8703098297119,-878.23955761392,-2272.48932304778,"StriatedCaracara",10
1657,0,5.49826955795288,0,14.3468809127808,13.38756275177,17.7812576293945,8.87777900695801,47.5152053833008,20.5611038208008,1.3185555934906,22.2033653259277,-868.23955761392,-2272.48932304778,"StriatedCaracara",10
1658,1,3.16652965545654,0,15.6065425872803,14.2704763412476,24.766788482666,4.38451957702637,47.2066535949707,20.9506034851074,-0.243243724107742,10.5959243774414,-858.23955761392,-2272.48932304778,"StriatedCaracara",10
1659,0,7.7222375869751,0,16.2497291564941,19.1566028594971,12.8531627655029,1.67355096340179,54.6898956298828,6.11947107315063,-0.356916129589081,4.1832799911499,-848.23955761392,-2272.48932304778,"StriatedCaracara",10
1660,1,2.52705860137939,0,16.0765228271484,18.0103874206543,22.9478950500488,0.36457484960556,49.7834587097168,8.89049816131592,-0.562392115592957,5.67607498168945,-838.23955761392,-2272.48932304778,"StriatedCaracara",10
1661,0,2.67255902290344,0,14.7807168960571,16.4828567504883,5.54429006576538,14.8177900314331,53.3428573608398,19.2394695281982,1.04857671260834,11.2061252593994,-828.23955761392,-2272.48932304778,"StriatedCaracara",10
1662,1,8.66007995605469,0,16.7023639678955,20.4535655975342,7.72938823699951,0,49.7909927368164,33.1365013122559,0.349579274654388,5.33084487915039,-718.23955761392,-2272.48932304778,"StriatedCaracara",10
1663,1,2.3517632484436,0,16.8554630279541,20.3839797973633,4.0823016166687,0,56.131477355957,38.3516693115234,-0.089041031897068,4.60701370239258,-708.23955761392,-2272.48932304778,"StriatedCaracara",10
1664,1,2.11407160758972,0,16.3347949981689,23.6163215637207,6.46771144866943,0,46.8274688720703,29.3512535095215,-0.247580960392952,2.47855591773987,-658.23955761392,-2272.48932304778,"StriatedCaracara",10
1665,0,148.897048950195,0,12.436502456665,10.4558010101318,4.72487163543701,1.53076386451721,28.1013202667236,14.6600894927979,-1.28496885299683,51.9661445617676,-1128.23955761392,-2282.48932304778,"StriatedCaracara",10
1666,0,148.897048950195,0,12.436502456665,10.4558010101318,4.72487163543701,1.53076386451721,28.1013202667236,14.6600894927979,-1.28496885299683,51.9661445617676,-1118.23955761392,-2282.48932304778,"StriatedCaracara",10
1667,0,148.897048950195,0,12.436502456665,10.4558010101318,4.72487163543701,1.53076386451721,28.1013202667236,14.6600894927979,-1.28496885299683,51.9661445617676,-1108.23955761392,-2282.48932304778,"StriatedCaracara",10
1668,0,148.897048950195,0,12.436502456665,10.4558010101318,4.72487163543701,1.53076386451721,28.1013202667236,14.6600894927979,-1.28496885299683,51.9661445617676,-1098.23955761392,-2282.48932304778,"StriatedCaracara",10
1669,0,118.40461730957,0,13.6864995956421,9.4412145614624,0,0.744148969650269,12.4399290084839,6.44816112518311,-1.01578760147095,3.10650491714478,-1088.23955761392,-2282.48932304778,"StriatedCaracara",10
1670,0,118.40461730957,0,13.6864995956421,9.4412145614624,0,0.744148969650269,12.4399290084839,6.44816112518311,-1.01578760147095,3.10650491714478,-1078.23955761392,-2282.48932304778,"StriatedCaracara",10
1671,0,114.28825378418,0,13.3894529342651,9.25117588043213,1.31097209453583,5.14252328872681,26.1773509979248,22.7048473358154,-0.936315298080444,92.8630447387695,-1068.23955761392,-2282.48932304778,"StriatedCaracara",10
1672,0,106.193237304688,0,13.444543838501,9.17255020141602,3.8201949596405,6.55219030380249,37.4558868408203,16.4192485809326,1.122767329216,110.186584472656,-1058.23955761392,-2282.48932304778,"StriatedCaracara",10
1673,0,97.7659378051758,0,13.7754983901978,9.48944282531738,2.23285484313965,3.38119387626648,27.5791549682617,11.1167068481445,-1.76038384437561,74.6498565673828,-1048.23955761392,-2282.48932304778,"StriatedCaracara",10
1674,0,85.8212432861328,0,14.1763877868652,9.42745399475098,0.877803444862366,3.31819462776184,21.3226089477539,9.14803218841553,-3.17320609092712,25.9992179870605,-1038.23955761392,-2282.48932304778,"StriatedCaracara",10
1675,0,75.4953308105469,0,14.3078575134277,10.4700164794922,1.62125980854034,20.2177982330322,33.8375549316406,11.4601449966431,-1.08121335506439,58.013500213623,-1028.23955761392,-2282.48932304778,"StriatedCaracara",10
1676,0,75.4953308105469,0,14.3078575134277,10.4700164794922,1.62125980854034,20.2177982330322,33.8375549316406,11.4601449966431,-1.08121335506439,58.013500213623,-1018.23955761392,-2282.48932304778,"StriatedCaracara",10
1677,0,68.671745300293,0,13.0419254302979,11.1317710876465,2.0106348991394,13.9344997406006,41.5562591552734,4.0286602973938,4.12740612030029,96.1771850585938,-1008.23955761392,-2282.48932304778,"StriatedCaracara",10
1678,0,62.3995742797852,0,14.1975555419922,10.9185695648193,1.23938798904419,20.6641330718994,43.2676162719727,6.76422262191772,-0.597586631774902,80.1584167480469,-998.23955761392,-2282.48932304778,"StriatedCaracara",10
1679,0,56.8896026611328,0,13.3357610702515,12.0020523071289,0.510329127311707,14.6031742095947,25.1572456359863,8.11399936676025,3.13492250442505,135.774078369141,-988.23955761392,-2282.48932304778,"StriatedCaracara",10
1680,0,52.3019638061523,0,13.5499076843262,11.5654582977295,0.871670961380005,15.953254699707,22.2253131866455,11.3653593063354,-1.41125118732452,125.131156921387,-978.23955761392,-2282.48932304778,"StriatedCaracara",10
1681,0,47.5853118896484,0,14.7227468490601,11.7072238922119,0,18.7496166229248,18.9564018249512,14.3382596969604,-3.25230598449707,61.2935905456543,-968.23955761392,-2282.48932304778,"StriatedCaracara",10
1682,0,32.1211585998535,0,14.3089122772217,13.6103734970093,0.0284181274473667,10.1236476898193,13.7369022369385,13.7339916229248,5.8575963973999,75.2195816040039,-958.23955761392,-2282.48932304778,"StriatedCaracara",10
1683,0,32.1211585998535,0,14.3089122772217,13.6103734970093,0.0284181274473667,10.1236476898193,13.7369022369385,13.7339916229248,5.8575963973999,75.2195816040039,-948.23955761392,-2282.48932304778,"StriatedCaracara",10
1684,0,23.9947299957275,0,14.7887001037598,13.4165649414062,1.65033113956451,26.5257434844971,28.0489521026611,7.05241727828979,-2.90021944046021,67.5677719116211,-938.23955761392,-2282.48932304778,"StriatedCaracara",10
1685,0,16.315242767334,0,13.736608505249,14.3833560943604,1.36253094673157,21.2061462402344,34.1772804260254,8.33722114562988,0.0977429151535034,80.23095703125,-928.23955761392,-2282.48932304778,"StriatedCaracara",10
1686,0,10.8855400085449,0,13.7237701416016,13.0445899963379,0.0356868430972099,23.2520961761475,26.8040828704834,12.760082244873,-1.33054137229919,62.6795768737793,-918.23955761392,-2282.48932304778,"StriatedCaracara",10
1687,0,10.787672996521,0,14.0223979949951,14.6814050674438,0.0400003269314766,33.3138771057129,21.1199893951416,4.5166130065918,-0.0914060771465302,30.1382255554199,-908.23955761392,-2282.48932304778,"StriatedCaracara",10
1688,0,10.2123956680298,0,13.1719083786011,15.4924945831299,0.550205945968628,34.9712562561035,21.6307010650635,4.86614799499512,1.61874783039093,44.2926559448242,-898.23955761392,-2282.48932304778,"StriatedCaracara",10
1689,0,10.4629554748535,0,12.5976495742798,14.2275266647339,0.290565758943558,36.9779357910156,18.2886562347412,2.65812635421753,3.07795786857605,35.3821067810059,-888.23955761392,-2282.48932304778,"StriatedCaracara",10
1690,0,9.53098487854004,0,13.1841716766357,13.6852121353149,6.40534925460815,31.5670585632324,28.1349105834961,2.11225461959839,2.79045271873474,36.7904472351074,-878.23955761392,-2282.48932304778,"StriatedCaracara",10
1691,1,3.50505423545837,0,14.876166343689,13.1184196472168,26.5677165985107,19.0985260009766,44.6323623657227,3.84597373008728,-0.484078586101532,17.0571441650391,-868.23955761392,-2282.48932304778,"StriatedCaracara",10
1692,1,2.6133975982666,0,15.7255878448486,13.5180473327637,33.2271614074707,1.36744356155396,49.6535301208496,14.4279804229736,-0.49417632818222,10.0151376724243,-858.23955761392,-2282.48932304778,"StriatedCaracara",10
1693,1,3.05152797698975,0,15.9562101364136,17.1410465240479,15.2563791275024,0.655698657035828,40.0125541687012,13.3193140029907,-0.301523983478546,3.06316661834717,-848.23955761392,-2282.48932304778,"StriatedCaracara",10
1694,1,2.25404024124146,0,15.3867244720459,16.7550315856934,11.3579225540161,3.87030601501465,48.6798286437988,21.8377704620361,-0.195080548524857,13.524338722229,-838.23955761392,-2282.48932304778,"StriatedCaracara",10
1695,1,2.67255902290344,0,14.7807168960571,16.4828567504883,5.54429006576538,14.8177900314331,53.3428573608398,19.2394695281982,1.04857671260834,11.2061252593994,-828.23955761392,-2282.48932304778,"StriatedCaracara",10
1696,1,5.71704721450806,0,16.0489654541016,16.4014320373535,15.0944633483887,0.468031078577042,52.818733215332,30.9698848724365,-0.384385704994202,13.4873085021973,-818.23955761392,-2282.48932304778,"StriatedCaracara",10
1697,0,2.10438227653503,0,16.4464435577393,18.7263221740723,12.9286308288574,0.87069308757782,52.0741271972656,31.8954639434814,-0.240383297204971,5.47959995269775,-808.23955761392,-2282.48932304778,"StriatedCaracara",10
1698,0,8.66007995605469,0,16.7023639678955,20.4535655975342,7.72938823699951,0,49.7909927368164,33.1365013122559,0.349579274654388,5.33084487915039,-728.23955761392,-2282.48932304778,"StriatedCaracara",10
1699,1,8.66007995605469,0,16.7023639678955,20.4535655975342,7.72938823699951,0,49.7909927368164,33.1365013122559,0.349579274654388,5.33084487915039,-718.23955761392,-2282.48932304778,"StriatedCaracara",10
1700,1,2.3517632484436,0,16.8554630279541,20.3839797973633,4.0823016166687,0,56.131477355957,38.3516693115234,-0.089041031897068,4.60701370239258,-708.23955761392,-2282.48932304778,"StriatedCaracara",10
1701,0,2.5958034992218,0,16.6005744934082,20.4736213684082,24.5295791625977,0.239736124873161,46.4083442687988,18.5717086791992,-0.0901668518781662,2.3668417930603,-698.23955761392,-2282.48932304778,"StriatedCaracara",10
1702,0,2.11407160758972,0,16.3347949981689,23.6163215637207,6.46771144866943,0,46.8274688720703,29.3512535095215,-0.247580960392952,2.47855591773987,-668.23955761392,-2282.48932304778,"StriatedCaracara",10
1703,1,2.11407160758972,0,16.3347949981689,23.6163215637207,6.46771144866943,0,46.8274688720703,29.3512535095215,-0.247580960392952,2.47855591773987,-658.23955761392,-2282.48932304778,"StriatedCaracara",10
1704,1,4.84738540649414,0,16.0132217407227,26.7032203674316,2.74003100395203,0,40.6960182189941,30.3546981811523,0.0953629538416862,8.30494117736816,-648.23955761392,-2282.48932304778,"StriatedCaracara",10
1705,0,152.603759765625,0,11.9956378936768,10.7636470794678,14.2907285690308,3.08646368980408,26.8582553863525,14.5675268173218,-0.34376186132431,13.3135271072388,-1128.23955761392,-2292.48932304778,"StriatedCaracara",10
1706,0,152.603759765625,0,11.9956378936768,10.7636470794678,14.2907285690308,3.08646368980408,26.8582553863525,14.5675268173218,-0.34376186132431,13.3135271072388,-1118.23955761392,-2292.48932304778,"StriatedCaracara",10
1707,0,152.603759765625,0,11.9956378936768,10.7636470794678,14.2907285690308,3.08646368980408,26.8582553863525,14.5675268173218,-0.34376186132431,13.3135271072388,-1108.23955761392,-2292.48932304778,"StriatedCaracara",10
1708,0,152.603759765625,0,11.9956378936768,10.7636470794678,14.2907285690308,3.08646368980408,26.8582553863525,14.5675268173218,-0.34376186132431,13.3135271072388,-1098.23955761392,-2292.48932304778,"StriatedCaracara",10
1709,0,118.40461730957,0,13.6864995956421,9.4412145614624,0,0.744148969650269,12.4399290084839,6.44816112518311,-1.01578760147095,3.10650491714478,-1088.23955761392,-2292.48932304778,"StriatedCaracara",10
1710,0,117.536102294922,0,13.5701065063477,8.75786304473877,0.264573067426682,1.80253195762634,37.7127647399902,10.13893699646,1.04565167427063,49.4506645202637,-1078.23955761392,-2292.48932304778,"StriatedCaracara",10
1711,0,117.536102294922,0,13.5701065063477,8.75786304473877,0.264573067426682,1.80253195762634,37.7127647399902,10.13893699646,1.04565167427063,49.4506645202637,-1068.23955761392,-2292.48932304778,"StriatedCaracara",10
1712,0,106.193237304688,0,13.444543838501,9.17255020141602,3.8201949596405,6.55219030380249,37.4558868408203,16.4192485809326,1.122767329216,110.186584472656,-1058.23955761392,-2292.48932304778,"StriatedCaracara",10
1713,0,109.927627563477,0,14.1081275939941,9.29649066925049,0.873395383358002,3.78352236747742,21.4575061798096,15.5454721450806,0.810339987277985,46.7058029174805,-1048.23955761392,-2292.48932304778,"StriatedCaracara",10
1714,0,89.5193939208984,0,14.0420083999634,9.89301872253418,1.83056831359863,5.13102579116821,19.3930606842041,10.7409029006958,-0.468458712100983,42.0528564453125,-1038.23955761392,-2292.48932304778,"StriatedCaracara",10
1715,0,89.5193939208984,0,14.0420083999634,9.89301872253418,1.83056831359863,5.13102579116821,19.3930606842041,10.7409029006958,-0.468458712100983,42.0528564453125,-1028.23955761392,-2292.48932304778,"StriatedCaracara",10
1716,0,82.439567565918,0,14.1234312057495,10.2971992492676,0.567647278308868,11.2447729110718,38.8203620910645,13.0477800369263,-1.5330331325531,83.4197616577148,-1018.23955761392,-2292.48932304778,"StriatedCaracara",10
1717,0,76.3814086914062,0,12.8494672775269,11.3063020706177,1.12997210025787,5.00273704528809,50.1992034912109,6.61650514602661,3.25229740142822,117.320297241211,-1008.23955761392,-2292.48932304778,"StriatedCaracara",10
1718,0,70.7251434326172,0,13.756254196167,10.8429822921753,0.0185328647494316,6.63426971435547,30.8727188110352,2.13414931297302,-2.90038084983826,128.492370605469,-998.23955761392,-2292.48932304778,"StriatedCaracara",10
1719,0,64.5958633422852,0,13.3189916610718,11.4863414764404,0.289541602134705,14.3916721343994,25.3643360137939,8.46828460693359,0.0685724318027496,145.342361450195,-988.23955761392,-2292.48932304778,"StriatedCaracara",10
1720,0,57.333854675293,0,13.621603012085,11.3901252746582,0.710967898368835,12.0094528198242,19.7441997528076,13.1579856872559,3.06223654747009,130.787155151367,-978.23955761392,-2292.48932304778,"StriatedCaracara",10
1721,0,48.300106048584,0,13.6240530014038,12.1713562011719,0.339295327663422,9.09394931793213,19.06396484375,9.05288124084473,-0.189068555831909,107.165267944336,-968.23955761392,-2292.48932304778,"StriatedCaracara",10
1722,0,39.456371307373,0,12.967456817627,12.5888929367065,0.173246055841446,12.1878623962402,31.7410049438477,8.00483417510986,3.90381932258606,139.092971801758,-958.23955761392,-2292.48932304778,"StriatedCaracara",10
1723,0,30.41796875,0,14.44753074646,12.566780090332,0.0410437732934952,15.6851615905762,16.2551345825195,13.3448877334595,-5.64670181274414,77.3193511962891,-948.23955761392,-2292.48932304778,"StriatedCaracara",10
1724,0,21.5374736785889,0,14.1294479370117,12.630654335022,0.682463586330414,19.5608444213867,21.336893081665,6.02816104888916,-3.97347974777222,90.0473937988281,-938.23955761392,-2292.48932304778,"StriatedCaracara",10
1725,0,12.8340473175049,0,13.9226894378662,13.3967514038086,0.944244146347046,17.2796401977539,24.216495513916,7.59681415557861,0.554444789886475,63.0463523864746,-928.23955761392,-2292.48932304778,"StriatedCaracara",10
1726,0,2.56039619445801,0,15.0226802825928,15.0806903839111,1.41659784317017,34.4039916992188,22.2074794769287,4.17279863357544,-0.767932176589966,14.0522241592407,-918.23955761392,-2292.48932304778,"StriatedCaracara",10
1727,1,2.56039619445801,0,15.0226802825928,15.0806903839111,1.41659784317017,34.4039916992188,22.2074794769287,4.17279863357544,-0.767932176589966,14.0522241592407,-908.23955761392,-2292.48932304778,"StriatedCaracara",10
1728,1,1.56533670425415,0,15.1233444213867,13.3710708618164,16.0276947021484,29.2212181091309,38.1898307800293,1.71418142318726,-1.25420916080475,16.1973419189453,-898.23955761392,-2292.48932304778,"StriatedCaracara",10
1729,1,1.54504299163818,0,15.0268526077271,12.8384647369385,32.4704895019531,15.0705337524414,45.5185203552246,0.512123584747314,-2.25349569320679,25.877857208252,-888.23955761392,-2292.48932304778,"StriatedCaracara",10
1730,0,1.63845205307007,0,15.2727031707764,12.4431009292603,32.6330146789551,16.5514163970947,48.2051467895508,0.276577651500702,-1.65446043014526,20.2296810150146,-878.23955761392,-2292.48932304778,"StriatedCaracara",10
1731,1,1.24738097190857,0,15.5902643203735,12.8036870956421,33.0761299133301,15.6946029663086,48.972770690918,0.451677829027176,-0.441959738731384,11.7230339050293,-868.23955761392,-2292.48932304778,"StriatedCaracara",10
1732,0,5.80577087402344,0,15.5145120620728,12.6940984725952,23.7591857910156,21.2876129150391,48.5707397460938,4.1823902130127,0.0654119774699211,12.2440586090088,-858.23955761392,-2292.48932304778,"StriatedCaracara",10
1733,1,2.39520382881165,0,15.3819942474365,13.2677955627441,24.0575981140137,8.99039840698242,51.2802619934082,13.0391960144043,-0.292759865522385,9.60502243041992,-848.23955761392,-2292.48932304778,"StriatedCaracara",10
1734,1,1.79153764247894,0,15.139030456543,13.941011428833,7.46628665924072,16.9654655456543,52.7856559753418,17.1556243896484,0.771708250045776,13.9583435058594,-838.23955761392,-2292.48932304778,"StriatedCaracara",10
1735,1,4.66470861434937,0,15.479284286499,15.0022659301758,12.4904537200928,3.41251087188721,53.3267288208008,28.1519069671631,-0.120374880731106,15.1151609420776,-828.23955761392,-2292.48932304778,"StriatedCaracara",10
1736,1,5.71704721450806,0,16.0489654541016,16.4014320373535,15.0944633483887,0.468031078577042,52.818733215332,30.9698848724365,-0.384385704994202,13.4873085021973,-818.23955761392,-2292.48932304778,"StriatedCaracara",10
1737,1,2.10438227653503,0,16.4464435577393,18.7263221740723,12.9286308288574,0.87069308757782,52.0741271972656,31.8954639434814,-0.240383297204971,5.47959995269775,-808.23955761392,-2292.48932304778,"StriatedCaracara",10
1738,1,1.91001379489899,0,16.101598739624,17.9915218353271,11.7259178161621,0.393753498792648,31.1745300292969,9.48467826843262,-0.219230115413666,3.21898865699768,-798.23955761392,-2292.48932304778,"StriatedCaracara",10
1739,1,5.02028369903564,0,16.4854469299316,19.8519630432129,6.37033271789551,0,52.0047149658203,34.122257232666,-0.0227658748626709,4.12070941925049,-728.23955761392,-2292.48932304778,"StriatedCaracara",10
1740,1,5.02028369903564,0,16.4854469299316,19.8519630432129,6.37033271789551,0,52.0047149658203,34.122257232666,-0.0227658748626709,4.12070941925049,-718.23955761392,-2292.48932304778,"StriatedCaracara",10
1741,1,2.16783475875854,0,16.6051597595215,20.2008762359619,14.3710517883301,0,54.8314361572266,30.2890853881836,0.138093709945679,5.13450622558594,-708.23955761392,-2292.48932304778,"StriatedCaracara",10
1742,1,2.5958034992218,0,16.6005744934082,20.4736213684082,24.5295791625977,0.239736124873161,46.4083442687988,18.5717086791992,-0.0901668518781662,2.3668417930603,-698.23955761392,-2292.48932304778,"StriatedCaracara",10
1743,1,0.849792242050171,0,16.1756019592285,21.9534702301025,8.64937496185303,0,45.7953338623047,30.8734741210938,-0.00131601840257645,9.52480983734131,-688.23955761392,-2292.48932304778,"StriatedCaracara",10
1744,1,0.849792242050171,0,16.1756019592285,21.9534702301025,8.64937496185303,0,45.7953338623047,30.8734741210938,-0.00131601840257645,9.52480983734131,-678.23955761392,-2292.48932304778,"StriatedCaracara",10
1745,0,1.59560823440552,0,16.0454044342041,23.3847885131836,5.21550703048706,0,55.2983627319336,35.2385215759277,0.0744611173868179,10.7719058990479,-668.23955761392,-2292.48932304778,"StriatedCaracara",10
1746,1,5.94480180740356,0,16.0144577026367,25.5116329193115,2.18929886817932,0,57.9759788513184,36.7319183349609,0.299330919981003,9.47597694396973,-658.23955761392,-2292.48932304778,"StriatedCaracara",10
1747,1,4.84738540649414,0,16.0132217407227,26.7032203674316,2.74003100395203,0,40.6960182189941,30.3546981811523,0.0953629538416862,8.30494117736816,-648.23955761392,-2292.48932304778,"StriatedCaracara",10
1748,0,1.31745052337646,0,15.9985237121582,26.8067779541016,0.588211297988892,0,51.4777030944824,30.9279747009277,0.160940229892731,7.76427364349365,-638.23955761392,-2292.48932304778,"StriatedCaracara",10
1749,0,6.62535667419434,0,12.9871253967285,18.0532150268555,12.2216444015503,0,48.3520317077637,26.2563133239746,-0.00672375969588757,4.08876466751099,61.76044238608,-2292.48932304778,"StriatedCaracara",10
1750,0,152.603759765625,0,11.9956378936768,10.7636470794678,14.2907285690308,3.08646368980408,26.8582553863525,14.5675268173218,-0.34376186132431,13.3135271072388,-1098.23955761392,-2302.48932304778,"StriatedCaracara",10
1751,0,118.40461730957,0,13.6864995956421,9.4412145614624,0,0.744148969650269,12.4399290084839,6.44816112518311,-1.01578760147095,3.10650491714478,-1088.23955761392,-2302.48932304778,"StriatedCaracara",10
1752,0,117.536102294922,0,13.5701065063477,8.75786304473877,0.264573067426682,1.80253195762634,37.7127647399902,10.13893699646,1.04565167427063,49.4506645202637,-1068.23955761392,-2302.48932304778,"StriatedCaracara",10
1753,0,122.120323181152,0,13.9139919281006,8.80916213989258,0.832420825958252,2.8763861656189,14.2396125793457,6.1111364364624,-0.532424569129944,25.2347831726074,-1058.23955761392,-2302.48932304778,"StriatedCaracara",10
1754,0,109.927627563477,0,14.1081275939941,9.29649066925049,0.873395383358002,3.78352236747742,21.4575061798096,15.5454721450806,0.810339987277985,46.7058029174805,-1048.23955761392,-2302.48932304778,"StriatedCaracara",10
1755,0,102.975296020508,0,13.6302442550659,9.53902339935303,4.15254688262939,5.78594350814819,29.5159015655518,21.229944229126,3.99334716796875,94.2162170410156,-1038.23955761392,-2302.48932304778,"StriatedCaracara",10
1756,0,90.2047958374023,0,13.4714450836182,10.3656978607178,0.515573620796204,1.9019627571106,42.0804023742676,12.1962366104126,3.13413834571838,102.01879119873,-1028.23955761392,-2302.48932304778,"StriatedCaracara",10
1757,0,90.2047958374023,0,13.4714450836182,10.3656978607178,0.515573620796204,1.9019627571106,42.0804023742676,12.1962366104126,3.13413834571838,102.01879119873,-1018.23955761392,-2302.48932304778,"StriatedCaracara",10
1758,0,83.6833877563477,0,12.8185997009277,11.0649337768555,0.605388581752777,2.8854832649231,53.0008354187012,7.76210880279541,5.55576801300049,128.869873046875,-1008.23955761392,-2302.48932304778,"StriatedCaracara",10
1759,0,75.8198928833008,0,12.7342176437378,11.4213943481445,0.757628440856934,4.12972259521484,46.449577331543,5.58826780319214,-2.87269616127014,147.411697387695,-998.23955761392,-2302.48932304778,"StriatedCaracara",10
1760,0,67.1410064697266,0,14.0186243057251,10.8341264724731,2.54191470146179,6.69300413131714,22.5302047729492,8.46610927581787,-3.90007877349854,85.3373413085938,-988.23955761392,-2302.48932304778,"StriatedCaracara",10
1761,0,58.280704498291,0,14.1905336380005,10.9244956970215,1.85893583297729,14.3322668075562,20.7207431793213,15.9070892333984,-4.65288686752319,105.787185668945,-978.23955761392,-2302.48932304778,"StriatedCaracara",10
1762,0,53.0434608459473,0,13.3305644989014,11.6221351623535,0.576231300830841,4.72378540039062,36.844123840332,14.3464317321777,3.21398115158081,129.126312255859,-968.23955761392,-2302.48932304778,"StriatedCaracara",10
1763,0,45.2395935058594,0,13.2882823944092,11.4423313140869,0.234237387776375,8.99029731750488,23.1009159088135,4.10441398620605,-1.34844172000885,79.6184539794922,-958.23955761392,-2302.48932304778,"StriatedCaracara",10
1764,0,24.3017463684082,0,13.0532579421997,12.7210559844971,1.18712246417999,6.40744113922119,26.795804977417,3.05266070365906,8.43290424346924,114.353973388672,-948.23955761392,-2302.48932304778,"StriatedCaracara",10
1765,0,24.3017463684082,0,13.0532579421997,12.7210559844971,1.18712246417999,6.40744113922119,26.795804977417,3.05266070365906,8.43290424346924,114.353973388672,-938.23955761392,-2302.48932304778,"StriatedCaracara",10
1766,0,12.8340473175049,0,13.9226894378662,13.3967514038086,0.944244146347046,17.2796401977539,24.216495513916,7.59681415557861,0.554444789886475,63.0463523864746,-928.23955761392,-2302.48932304778,"StriatedCaracara",10
1767,0,16.7542209625244,0,13.3585453033447,12.8414163589478,0.233768656849861,16.2681713104248,22.8041381835938,4.18324327468872,1.60554552078247,77.2415618896484,-918.23955761392,-2302.48932304778,"StriatedCaracara",10
1768,0,9.619309425354,0,13.3179788589478,11.5027933120728,1.63357317447662,31.4376277923584,29.3720016479492,6.89618968963623,3.77990341186523,64.8410568237305,-908.23955761392,-2302.48932304778,"StriatedCaracara",10
1769,0,1.56533670425415,0,15.1233444213867,13.3710708618164,16.0276947021484,29.2212181091309,38.1898307800293,1.71418142318726,-1.25420916080475,16.1973419189453,-898.23955761392,-2302.48932304778,"StriatedCaracara",10
1770,0,4.83413600921631,0,13.8868656158447,11.8811025619507,5.39570236206055,29.0791339874268,30.3619956970215,2.70187544822693,-1.0199328660965,31.4948558807373,-888.23955761392,-2302.48932304778,"StriatedCaracara",10
1771,1,0.854945838451385,0,15.2788972854614,12.8109569549561,18.4870262145996,15.6916790008545,37.9378318786621,6.75728750228882,0.047364354133606,11.3210477828979,-878.23955761392,-2302.48932304778,"StriatedCaracara",10
1772,1,0.854945838451385,0,15.2788972854614,12.8109569549561,18.4870262145996,15.6916790008545,37.9378318786621,6.75728750228882,0.047364354133606,11.3210477828979,-868.23955761392,-2302.48932304778,"StriatedCaracara",10
1773,1,2.85287666320801,0,15.1458206176758,12.3449716567993,12.6352062225342,26.8097324371338,43.3658103942871,4.35830688476562,0.171719089150429,25.7980003356934,-858.23955761392,-2302.48932304778,"StriatedCaracara",10
1774,0,2.98947143554688,0,15.0990352630615,12.8184671401978,9.35490417480469,25.868127822876,49.2415046691895,4.99099397659302,1.35004878044128,18.2982654571533,-848.23955761392,-2302.48932304778,"StriatedCaracara",10
1775,1,2.02675461769104,0,15.6285705566406,13.5460996627808,16.1309089660645,7.02916288375854,51.1498680114746,19.4326019287109,-0.499266743659973,13.3028106689453,-838.23955761392,-2302.48932304778,"StriatedCaracara",10
1776,1,2.99074864387512,0,15.8742418289185,14.6018466949463,23.5649738311768,2.95575499534607,49.9986839294434,19.9230060577393,-0.112366691231728,6.9799656867981,-828.23955761392,-2302.48932304778,"StriatedCaracara",10
1777,1,1.75875902175903,0,15.9973297119141,16.1215019226074,22.4636344909668,3.92220997810364,46.3325729370117,17.8126888275146,-0.293658405542374,7.72252321243286,-818.23955761392,-2302.48932304778,"StriatedCaracara",10
1778,0,1.52671885490417,0,16.022253036499,17.85302734375,17.3910369873047,5.31258821487427,45.882251739502,19.2257957458496,-0.00980811566114426,4.41069650650024,-808.23955761392,-2302.48932304778,"StriatedCaracara",10
1779,0,1.91001379489899,0,16.101598739624,17.9915218353271,11.7259178161621,0.393753498792648,31.1745300292969,9.48467826843262,-0.219230115413666,3.21898865699768,-798.23955761392,-2302.48932304778,"StriatedCaracara",10
1780,0,1.91001379489899,0,16.101598739624,17.9915218353271,11.7259178161621,0.393753498792648,31.1745300292969,9.48467826843262,-0.219230115413666,3.21898865699768,-788.23955761392,-2302.48932304778,"StriatedCaracara",10
1781,0,4.13797616958618,0,15.9491176605225,18.2097320556641,3.22879338264465,0,56.4116401672363,34.3639678955078,0.107600465416908,5.56014013290405,-778.23955761392,-2302.48932304778,"StriatedCaracara",10
1782,0,4.13797616958618,0,15.9491176605225,18.2097320556641,3.22879338264465,0,56.4116401672363,34.3639678955078,0.107600465416908,5.56014013290405,-768.23955761392,-2302.48932304778,"StriatedCaracara",10
1783,0,4.78427171707153,0,16.2088394165039,18.3116989135742,10.3508729934692,0.146796315908432,46.3202819824219,27.2467193603516,0.00178261427208781,3.7130651473999,-758.23955761392,-2302.48932304778,"StriatedCaracara",10
1784,0,1.84396362304688,0,16.2990913391113,19.0642852783203,6.98682117462158,1.29261816255166e-05,43.4210052490234,28.1160182952881,0.0435276068747044,3.17586827278137,-738.23955761392,-2302.48932304778,"StriatedCaracara",10
1785,1,1.84396362304688,0,16.2990913391113,19.0642852783203,6.98682117462158,1.29261816255166e-05,43.4210052490234,28.1160182952881,0.0435276068747044,3.17586827278137,-728.23955761392,-2302.48932304778,"StriatedCaracara",10
1786,1,3.76858329772949,0,16.3224353790283,19.2926425933838,22.5316390991211,0.231114998459816,52.6177711486816,24.4990558624268,-0.186546340584755,2.68421697616577,-718.23955761392,-2302.48932304778,"StriatedCaracara",10
1787,1,2.43045377731323,0,16.3138732910156,19.7417793273926,12.5000877380371,0.565931141376495,55.5132904052734,30.9745578765869,-0.247646749019623,4.253586769104,-708.23955761392,-2302.48932304778,"StriatedCaracara",10
1788,1,3.43515348434448,0,16.2047348022461,20.8323974609375,8.3113317489624,0,55.0060958862305,34.9344139099121,-1.0428318977356,9.91629505157471,-698.23955761392,-2302.48932304778,"StriatedCaracara",10
1789,1,4.34855604171753,0,15.8170585632324,22.1089611053467,4.80402088165283,0.0350825823843479,56.9607925415039,36.7665672302246,-0.015841081738472,19.5009803771973,-688.23955761392,-2302.48932304778,"StriatedCaracara",10
1790,1,4.33848810195923,0,15.5593109130859,22.4128150939941,2.36869859695435,0,57.4193572998047,35.7693252563477,0.166308969259262,19.6289310455322,-678.23955761392,-2302.48932304778,"StriatedCaracara",10
1791,1,1.88902568817139,0,15.5503482818604,23.3379383087158,0.0809050053358078,0,57.587287902832,36.3998794555664,0.203774675726891,10.2917194366455,-668.23955761392,-2302.48932304778,"StriatedCaracara",10
1792,1,2.65610599517822,0,15.7256622314453,24.6698265075684,3.70982098579407,0,57.0752830505371,35.2991256713867,0.0913877561688423,9.54556751251221,-658.23955761392,-2302.48932304778,"StriatedCaracara",10
1793,0,2.16950702667236,0,15.9214143753052,25.2494411468506,4.58744525909424,0,56.3900833129883,34.4804267883301,0.169623970985413,7.31737995147705,-648.23955761392,-2302.48932304778,"StriatedCaracara",10
1794,0,1.31745052337646,0,15.9985237121582,26.8067779541016,0.588211297988892,0,51.4777030944824,30.9279747009277,0.160940229892731,7.76427364349365,-638.23955761392,-2302.48932304778,"StriatedCaracara",10
1795,0,1.34545016288757,0,16.1533794403076,27.087869644165,0.748061060905457,0.263951987028122,38.0911026000977,25.2749767303467,0.214045748114586,5.80654191970825,-628.23955761392,-2302.48932304778,"StriatedCaracara",10
1796,0,170.506790161133,0,12.1432914733887,9.76962184906006,5.25044202804565,2.9817910194397,23.5566272735596,2.47758674621582,0.0317421108484268,24.9593677520752,-1098.23955761392,-2312.48932304778,"StriatedCaracara",10
1797,0,117.536102294922,0,13.5701065063477,8.75786304473877,0.264573067426682,1.80253195762634,37.7127647399902,10.13893699646,1.04565167427063,49.4506645202637,-1088.23955761392,-2312.48932304778,"StriatedCaracara",10
1798,0,122.120323181152,0,13.9139919281006,8.80916213989258,0.832420825958252,2.8763861656189,14.2396125793457,6.1111364364624,-0.532424569129944,25.2347831726074,-1068.23955761392,-2312.48932304778,"StriatedCaracara",10
1799,0,122.120323181152,0,13.9139919281006,8.80916213989258,0.832420825958252,2.8763861656189,14.2396125793457,6.1111364364624,-0.532424569129944,25.2347831726074,-1058.23955761392,-2312.48932304778,"StriatedCaracara",10
1800,0,116.609802246094,0,13.8179149627686,9.16355133056641,1.37310433387756,4.49224328994751,26.9317646026611,10.7916889190674,0.674429178237915,59.3151321411133,-1048.23955761392,-2312.48932304778,"StriatedCaracara",10
1801,0,110.329010009766,0,13.9102449417114,9.43163108825684,1.24414229393005,8.80812454223633,21.0876064300537,15.8415832519531,-1.99335539340973,65.6430740356445,-1038.23955761392,-2312.48932304778,"StriatedCaracara",10
1802,1,103.178657531738,0,14.0757484436035,9.84336948394775,0,6.80963087081909,11.0673561096191,11.6340055465698,-0.127865001559258,32.6725273132324,-1028.23955761392,-2312.48932304778,"StriatedCaracara",10
1803,0,95.3603134155273,0,13.4750804901123,9.89369678497314,0.833797693252563,4.06564092636108,32.7261924743652,20.6070251464844,-0.184326589107513,95.0734252929688,-1018.23955761392,-2312.48932304778,"StriatedCaracara",10
1804,0,85.5625839233398,0,13.7886238098145,10.3264122009277,0,1.42365348339081,41.1173477172852,15.3273515701294,-3.00171518325806,38.9773559570312,-1008.23955761392,-2312.48932304778,"StriatedCaracara",10
1805,0,69.4444732666016,0,13.2466144561768,11.591552734375,1.07391476631165,3.18196582794189,31.7511863708496,7.36876106262207,-1.11733150482178,113.425582885742,-998.23955761392,-2312.48932304778,"StriatedCaracara",10
1806,0,69.4444732666016,0,13.2466144561768,11.591552734375,1.07391476631165,3.18196582794189,31.7511863708496,7.36876106262207,-1.11733150482178,113.425582885742,-988.23955761392,-2312.48932304778,"StriatedCaracara",10
1807,0,61.1610717773438,0,12.946722984314,11.8283529281616,0.913881242275238,5.03952360153198,49.2245941162109,10.4928636550903,5.04118299484253,123.753372192383,-978.23955761392,-2312.48932304778,"StriatedCaracara",10
1808,0,53.0434608459473,0,13.3305644989014,11.6221351623535,0.576231300830841,4.72378540039062,36.844123840332,14.3464317321777,3.21398115158081,129.126312255859,-968.23955761392,-2312.48932304778,"StriatedCaracara",10
1809,0,45.2395935058594,0,13.2882823944092,11.4423313140869,0.234237387776375,8.99029731750488,23.1009159088135,4.10441398620605,-1.34844172000885,79.6184539794922,-958.23955761392,-2312.48932304778,"StriatedCaracara",10
1810,0,45.2395935058594,0,13.2882823944092,11.4423313140869,0.234237387776375,8.99029731750488,23.1009159088135,4.10441398620605,-1.34844172000885,79.6184539794922,-948.23955761392,-2312.48932304778,"StriatedCaracara",10
1811,0,24.3017463684082,0,13.0532579421997,12.7210559844971,1.18712246417999,6.40744113922119,26.795804977417,3.05266070365906,8.43290424346924,114.353973388672,-938.23955761392,-2312.48932304778,"StriatedCaracara",10
1812,0,16.7542209625244,0,13.3585453033447,12.8414163589478,0.233768656849861,16.2681713104248,22.8041381835938,4.18324327468872,1.60554552078247,77.2415618896484,-928.23955761392,-2312.48932304778,"StriatedCaracara",10
1813,0,16.7542209625244,0,13.3585453033447,12.8414163589478,0.233768656849861,16.2681713104248,22.8041381835938,4.18324327468872,1.60554552078247,77.2415618896484,-918.23955761392,-2312.48932304778,"StriatedCaracara",10
1814,0,9.619309425354,0,13.3179788589478,11.5027933120728,1.63357317447662,31.4376277923584,29.3720016479492,6.89618968963623,3.77990341186523,64.8410568237305,-908.23955761392,-2312.48932304778,"StriatedCaracara",10
1815,1,5.35304355621338,0,14.1369047164917,12.5039472579956,0.694775700569153,32.3954315185547,19.4207134246826,1.88591980934143,0.244961008429527,28.6415824890137,-898.23955761392,-2312.48932304778,"StriatedCaracara",10
1816,0,4.83413600921631,0,13.8868656158447,11.8811025619507,5.39570236206055,29.0791339874268,30.3619956970215,2.70187544822693,-1.0199328660965,31.4948558807373,-888.23955761392,-2312.48932304778,"StriatedCaracara",10
1817,0,4.31560897827148,0,14.0586891174316,12.0925054550171,15.4777126312256,26.7933177947998,37.2936897277832,2.27749085426331,1.58697974681854,32.8001823425293,-878.23955761392,-2312.48932304778,"StriatedCaracara",10
1818,0,3.84251594543457,0,15.2014236450195,11.9019184112549,22.4684638977051,23.1598472595215,45.6983413696289,1.32486295700073,0.336685925722122,10.7936849594116,-868.23955761392,-2312.48932304778,"StriatedCaracara",10
1819,1,1.48219645023346,0,15.3950023651123,12.8958120346069,16.2126197814941,8.778564453125,45.6012916564941,11.550669670105,-0.380972683429718,9.50469970703125,-858.23955761392,-2312.48932304778,"StriatedCaracara",10
1820,1,1.48219645023346,0,15.3950023651123,12.8958120346069,16.2126197814941,8.778564453125,45.6012916564941,11.550669670105,-0.380972683429718,9.50469970703125,-848.23955761392,-2312.48932304778,"StriatedCaracara",10
1821,1,1.84422552585602,0,15.6533546447754,13.5893630981445,12.7831125259399,0.967375099658966,42.2770080566406,22.5764751434326,-0.297536969184875,5.27776336669922,-838.23955761392,-2312.48932304778,"StriatedCaracara",10
1822,1,1.79655790328979,0,15.6737947463989,14.3411426544189,16.2861881256104,3.60949397087097,39.5173416137695,15.5591011047363,-0.202843144536018,5.46142911911011,-828.23955761392,-2312.48932304778,"StriatedCaracara",10
1823,0,2.01736998558044,0,15.7742013931274,15.0443735122681,28.2305278778076,2.96674299240112,43.2218933105469,11.2044429779053,0.341516137123108,5.19326114654541,-818.23955761392,-2312.48932304778,"StriatedCaracara",10
1824,0,1.52671885490417,0,16.022253036499,17.85302734375,17.3910369873047,5.31258821487427,45.882251739502,19.2257957458496,-0.00980811566114426,4.41069650650024,-808.23955761392,-2312.48932304778,"StriatedCaracara",10
1825,0,1.91001379489899,0,16.101598739624,17.9915218353271,11.7259178161621,0.393753498792648,31.1745300292969,9.48467826843262,-0.219230115413666,3.21898865699768,-788.23955761392,-2312.48932304778,"StriatedCaracara",10
1826,0,4.13797616958618,0,15.9491176605225,18.2097320556641,3.22879338264465,0,56.4116401672363,34.3639678955078,0.107600465416908,5.56014013290405,-778.23955761392,-2312.48932304778,"StriatedCaracara",10
1827,0,4.13797616958618,0,15.9491176605225,18.2097320556641,3.22879338264465,0,56.4116401672363,34.3639678955078,0.107600465416908,5.56014013290405,-768.23955761392,-2312.48932304778,"StriatedCaracara",10
1828,1,4.78427171707153,0,16.2088394165039,18.3116989135742,10.3508729934692,0.146796315908432,46.3202819824219,27.2467193603516,0.00178261427208781,3.7130651473999,-758.23955761392,-2312.48932304778,"StriatedCaracara",10
1829,1,1.82275199890137,0,16.1183013916016,18.450590133667,15.6269865036011,0.0414010062813759,50.3711280822754,27.3945236206055,0.0463462024927139,3.85647392272949,-748.23955761392,-2312.48932304778,"StriatedCaracara",10
1830,1,1.82275199890137,0,16.1183013916016,18.450590133667,15.6269865036011,0.0414010062813759,50.3711280822754,27.3945236206055,0.0463462024927139,3.85647392272949,-738.23955761392,-2312.48932304778,"StriatedCaracara",10
1831,1,3.21715998649597,0,16.0147228240967,18.842041015625,12.6198587417603,0.0764501839876175,54.6710548400879,32.1943969726562,-0.0938412398099899,5.44470548629761,-728.23955761392,-2312.48932304778,"StriatedCaracara",10
1832,1,2.81404805183411,0,15.7489929199219,19.502872467041,7.17992687225342,0.0092428270727396,55.9134292602539,33.5580062866211,-0.140776678919792,13.1148338317871,-718.23955761392,-2312.48932304778,"StriatedCaracara",10
1833,1,1.67364120483398,0,15.5287952423096,20.3266830444336,6.38799142837524,0.00357255549170077,56.2375640869141,33.2705307006836,0.362579226493835,20.9325141906738,-708.23955761392,-2312.48932304778,"StriatedCaracara",10
1834,1,2.11373615264893,0,15.2481822967529,21.7109146118164,7.82093858718872,0.64765328168869,56.1417961120605,28.8607749938965,1.85195124149323,26.7388744354248,-698.23955761392,-2312.48932304778,"StriatedCaracara",10
1835,0,3.17478847503662,0,15.1332139968872,21.494649887085,0.989505112171173,0.159005910158157,58.4976387023926,31.8282070159912,0.47366601228714,16.0167770385742,-688.23955761392,-2312.48932304778,"StriatedCaracara",10
1836,1,3.48032879829407,0,15.255916595459,21.6070880889893,1.6098575592041,0,57.5236625671387,35.1775207519531,0.306522309780121,7.83141088485718,-678.23955761392,-2312.48932304778,"StriatedCaracara",10
1837,1,4.22027111053467,0,15.4202499389648,21.8835868835449,6.28520679473877,0,54.9597625732422,34.441650390625,0.243519097566605,7.90532255172729,-668.23955761392,-2312.48932304778,"StriatedCaracara",10
1838,0,8.24601078033447,0,15.594030380249,23.0150623321533,5.53214311599731,0,56.1149787902832,36.8058166503906,-0.163701102137566,10.824743270874,-658.23955761392,-2312.48932304778,"StriatedCaracara",10
1839,0,4.36178541183472,0,15.7996730804443,24.4208469390869,8.47681427001953,0,54.0058479309082,35.203067779541,-0.0415391698479652,9.68153285980225,-648.23955761392,-2312.48932304778,"StriatedCaracara",10
1840,1,1.71828663349152,0,15.9724416732788,25.2666549682617,11.2207546234131,0,53.3825454711914,32.9053421020508,-0.105879902839661,11.7634601593018,-638.23955761392,-2312.48932304778,"StriatedCaracara",10
1841,1,1.34545016288757,0,16.1533794403076,27.087869644165,0.748061060905457,0.263951987028122,38.0911026000977,25.2749767303467,0.214045748114586,5.80654191970825,-628.23955761392,-2312.48932304778,"StriatedCaracara",10
1842,0,1.34545016288757,0,16.1533794403076,27.087869644165,0.748061060905457,0.263951987028122,38.0911026000977,25.2749767303467,0.214045748114586,5.80654191970825,-618.23955761392,-2312.48932304778,"StriatedCaracara",10
1843,0,122.120323181152,0,13.9139919281006,8.80916213989258,0.832420825958252,2.8763861656189,14.2396125793457,6.1111364364624,-0.532424569129944,25.2347831726074,-1068.23955761392,-2322.48932304778,"StriatedCaracara",10
1844,0,122.542610168457,0,13.6990013122559,9.18411445617676,1.17319226264954,3.90822672843933,33.5132369995117,3.30028915405273,-1.63064098358154,37.0555686950684,-1058.23955761392,-2322.48932304778,"StriatedCaracara",10
1845,0,122.542610168457,0,13.6990013122559,9.18411445617676,1.17319226264954,3.90822672843933,33.5132369995117,3.30028915405273,-1.63064098358154,37.0555686950684,-1048.23955761392,-2322.48932304778,"StriatedCaracara",10
1846,0,105.223602294922,0,14.3637838363647,9.56915283203125,0,2.12972831726074,13.710470199585,22.5118980407715,-0.0226741340011358,8.09624195098877,-1038.23955761392,-2322.48932304778,"StriatedCaracara",10
1847,0,105.223602294922,0,14.3637838363647,9.56915283203125,0,2.12972831726074,13.710470199585,22.5118980407715,-0.0226741340011358,8.09624195098877,-1028.23955761392,-2322.48932304778,"StriatedCaracara",10
1848,0,92.6092834472656,0,14.0861215591431,10.3372678756714,0.821756184101105,2.42131185531616,21.7447357177734,14.0727386474609,-0.720717072486877,5.13969469070435,-1018.23955761392,-2322.48932304778,"StriatedCaracara",10
1849,0,92.6092834472656,0,14.0861215591431,10.3372678756714,0.821756184101105,2.42131185531616,21.7447357177734,14.0727386474609,-0.720717072486877,5.13969469070435,-1008.23955761392,-2322.48932304778,"StriatedCaracara",10
1850,0,81.5307388305664,0,13.3530626296997,11.1677198410034,0.0382946245372295,2.51015949249268,35.8073539733887,10.0802183151245,-0.218692794442177,54.122184753418,-998.23955761392,-2322.48932304778,"StriatedCaracara",10
1851,0,73.6104125976562,0,10.7584781646729,13.1165504455566,0.290743380784988,1.23044097423553,40.3390502929688,4.06008911132812,-1.80640017986298,131.20832824707,-988.23955761392,-2322.48932304778,"StriatedCaracara",10
1852,0,65.9193649291992,0,11.6024227142334,12.2500143051147,0.161550953984261,3.0217490196228,44.3169822692871,6.51122856140137,-0.597033202648163,155.114822387695,-978.23955761392,-2322.48932304778,"StriatedCaracara",10
1853,0,58.3647003173828,0,13.0557270050049,11.0094051361084,0.600724339485168,3.83006072044373,33.4883766174316,7.14759635925293,0.0901063084602356,131.598526000977,-968.23955761392,-2322.48932304778,"StriatedCaracara",10
1854,0,51.4980850219727,0,13.2239923477173,11.4030303955078,0.155972272157669,0.796565055847168,31.5764083862305,4.06725406646729,1.48696160316467,132.338668823242,-958.23955761392,-2322.48932304778,"StriatedCaracara",10
1855,1,50.5140113830566,0,12.2588806152344,11.9876728057861,1.86168122291565,3.95851540565491,40.5901718139648,7.54873657226562,0.187599897384644,144.672729492188,-948.23955761392,-2322.48932304778,"StriatedCaracara",10
1856,0,29.9323825836182,0,12.8443222045898,11.7590675354004,0.174737557768822,12.4259700775146,32.8664093017578,7.19985675811768,4.03863048553467,99.4604263305664,-938.23955761392,-2322.48932304778,"StriatedCaracara",10
1857,0,29.9323825836182,0,12.8443222045898,11.7590675354004,0.174737557768822,12.4259700775146,32.8664093017578,7.19985675811768,4.03863048553467,99.4604263305664,-928.23955761392,-2322.48932304778,"StriatedCaracara",10
1858,0,23.4074440002441,0,12.9467182159424,10.9816589355469,0.696394324302673,18.0441627502441,34.413818359375,5.96542024612427,-0.743586301803589,93.3512573242188,-918.23955761392,-2322.48932304778,"StriatedCaracara",10
1859,0,18.3983688354492,0,13.5733699798584,11.3223876953125,0.342046052217484,25.4156646728516,22.9608745574951,8.65848922729492,-5.99456071853638,42.6826019287109,-908.23955761392,-2322.48932304778,"StriatedCaracara",10
1860,0,15.7950487136841,0,13.8571968078613,11.5751647949219,1.295130610466,29.1317672729492,30.5390529632568,6.14749431610107,-0.587724149227142,18.6671314239502,-898.23955761392,-2322.48932304778,"StriatedCaracara",10
1861,0,11.8144054412842,0,12.8197088241577,12.3660850524902,0.311236619949341,33.8619613647461,26.0896511077881,2.23125672340393,2.33855795860291,27.3375091552734,-888.23955761392,-2322.48932304778,"StriatedCaracara",10
1862,0,4.25069093704224,0,13.7647390365601,12.888295173645,6.34803628921509,34.108699798584,28.2832489013672,1.38251280784607,0.336425423622131,37.3939056396484,-878.23955761392,-2322.48932304778,"StriatedCaracara",10
1863,0,3.84251594543457,0,15.2014236450195,11.9019184112549,22.4684638977051,23.1598472595215,45.6983413696289,1.32486295700073,0.336685925722122,10.7936849594116,-868.23955761392,-2322.48932304778,"StriatedCaracara",10
1864,0,1.48219645023346,0,15.3950023651123,12.8958120346069,16.2126197814941,8.778564453125,45.6012916564941,11.550669670105,-0.380972683429718,9.50469970703125,-858.23955761392,-2322.48932304778,"StriatedCaracara",10
1865,0,1.80218303203583,0,15.4726715087891,14.1057510375977,23.3586483001709,14.2540369033813,49.4307441711426,11.1715497970581,0.105473414063454,4.38459920883179,-838.23955761392,-2322.48932304778,"StriatedCaracara",10
1866,1,1.80218303203583,0,15.4726715087891,14.1057510375977,23.3586483001709,14.2540369033813,49.4307441711426,11.1715497970581,0.105473414063454,4.38459920883179,-828.23955761392,-2322.48932304778,"StriatedCaracara",10
1867,1,1.26353240013123,0,15.5668239593506,14.2342262268066,21.6678085327148,8.88611125946045,43.3444480895996,10.5065946578979,-0.326138705015182,4.2901873588562,-818.23955761392,-2322.48932304778,"StriatedCaracara",10
1868,0,1.26353240013123,0,15.5668239593506,14.2342262268066,21.6678085327148,8.88611125946045,43.3444480895996,10.5065946578979,-0.326138705015182,4.2901873588562,-808.23955761392,-2322.48932304778,"StriatedCaracara",10
1869,0,5.91310453414917,0,15.5952320098877,16.8661422729492,4.15248155593872,0,39.7201728820801,23.2622318267822,-0.0560172758996487,3.19735050201416,-778.23955761392,-2322.48932304778,"StriatedCaracara",10
1870,0,1.19400703907013,0,15.6552019119263,17.7497138977051,3.73530530929565,0.00242134695872664,44.9595489501953,28.1807479858398,0.0832607001066208,4.78079462051392,-768.23955761392,-2322.48932304778,"StriatedCaracara",10
1871,1,1.19400703907013,0,15.6552019119263,17.7497138977051,3.73530530929565,0.00242134695872664,44.9595489501953,28.1807479858398,0.0832607001066208,4.78079462051392,-758.23955761392,-2322.48932304778,"StriatedCaracara",10
1872,1,5.70226669311523,0,15.917592048645,18.1021308898926,15.5345554351807,0.0638773813843727,53.4596710205078,28.7854328155518,-0.283009886741638,5.54170942306519,-748.23955761392,-2322.48932304778,"StriatedCaracara",10
1873,0,9.31872844696045,0,15.7142724990845,18.0353240966797,9.60885047912598,0,55.432300567627,33.1679000854492,-0.36853700876236,8.52113056182861,-738.23955761392,-2322.48932304778,"StriatedCaracara",10
1874,0,11.9288892745972,0,15.3289165496826,19.1078453063965,2.79143929481506,0.0228700824081898,57.5434150695801,32.7078475952148,-0.82931387424469,19.2054386138916,-728.23955761392,-2322.48932304778,"StriatedCaracara",10
1875,0,8.64136123657227,0,14.7819671630859,19.9138793945312,2.15142011642456,0.40917044878006,57.8129196166992,25.7280559539795,0.465338826179504,25.0616722106934,-718.23955761392,-2322.48932304778,"StriatedCaracara",10
1876,0,2.21563577651978,0,14.8095636367798,19.8083839416504,3.99825096130371,0.00959936529397964,56.8575782775879,28.0483551025391,1.42234492301941,23.739818572998,-708.23955761392,-2322.48932304778,"StriatedCaracara",10
1877,1,2.2218918800354,0,15.0677509307861,20.5322647094727,10.2948169708252,0.677140593528748,55.4228248596191,31.3877391815186,-1.82905983924866,26.5546607971191,-698.23955761392,-2322.48932304778,"StriatedCaracara",10
1878,1,4.76657295227051,0,15.0256357192993,21.2801685333252,7.26446628570557,0.118340492248535,56.1697540283203,33.4141845703125,0.103146709501743,14.302059173584,-688.23955761392,-2322.48932304778,"StriatedCaracara",10
1879,0,10.9753847122192,0,15.1924028396606,20.9890575408936,19.5906963348389,0,52.2644653320312,27.5798034667969,0.322612136602402,7.51419734954834,-678.23955761392,-2322.48932304778,"StriatedCaracara",10
1880,1,11.6966190338135,0,15.4985303878784,21.8298873901367,29.5948276519775,0,51.3174705505371,18.5691986083984,0.18752658367157,7.87570095062256,-668.23955761392,-2322.48932304778,"StriatedCaracara",10
1881,0,8.39851570129395,0,15.5227088928223,22.2885551452637,13.0087718963623,0,53.5443840026855,32.4559745788574,0.0974167734384537,11.5753231048584,-658.23955761392,-2322.48932304778,"StriatedCaracara",10
1882,0,4.71023035049438,0,15.5665636062622,22.60426902771,7.58887767791748,0,55.6920623779297,34.1805992126465,0.889794051647186,14.3425922393799,-648.23955761392,-2322.48932304778,"StriatedCaracara",10
1883,1,1.63499367237091,0,15.8426084518433,24.3118858337402,11.9109792709351,0,54.3549423217773,27.9040031433105,0.27844300866127,10.8612451553345,-638.23955761392,-2322.48932304778,"StriatedCaracara",10
1884,1,1.58910167217255,0,16.0619125366211,24.7130260467529,24.9647083282471,0,53.3529586791992,17.1858787536621,-0.247474774718285,4.4870400428772,-628.23955761392,-2322.48932304778,"StriatedCaracara",10
1885,1,1.58910167217255,0,16.0619125366211,24.7130260467529,24.9647083282471,0,53.3529586791992,17.1858787536621,-0.247474774718285,4.4870400428772,-618.23955761392,-2322.48932304778,"StriatedCaracara",10
1886,0,170.506790161133,0,12.1432914733887,9.76962184906006,5.25044202804565,2.9817910194397,23.5566272735596,2.47758674621582,0.0317421108484268,24.9593677520752,-1108.23955761392,-2332.48932304778,"StriatedCaracara",10
1887,0,168.716339111328,0,12.0255813598633,9.79949474334717,0.578929245471954,5.4011025428772,43.0378723144531,3.53526282310486,-0.049032062292099,41.3488235473633,-1098.23955761392,-2332.48932304778,"StriatedCaracara",10
1888,0,164.109100341797,0,12.0568037033081,9.83867454528809,0.00723756104707718,0.804511308670044,48.4760475158691,6.68060207366943,3.1445415019989,81.5233154296875,-1088.23955761392,-2332.48932304778,"StriatedCaracara",10
1889,0,105.223602294922,0,14.3637838363647,9.56915283203125,0,2.12972831726074,13.710470199585,22.5118980407715,-0.0226741340011358,8.09624195098877,-1038.23955761392,-2332.48932304778,"StriatedCaracara",10
1890,0,105.223602294922,0,14.3637838363647,9.56915283203125,0,2.12972831726074,13.710470199585,22.5118980407715,-0.0226741340011358,8.09624195098877,-1028.23955761392,-2332.48932304778,"StriatedCaracara",10
1891,0,94.248161315918,0,13.6383190155029,10.1474189758301,2.05298447608948,3.98394465446472,33.7294464111328,14.9215278625488,-0.962295711040497,78.7144317626953,-1018.23955761392,-2332.48932304778,"StriatedCaracara",10
1892,0,94.248161315918,0,13.6383190155029,10.1474189758301,2.05298447608948,3.98394465446472,33.7294464111328,14.9215278625488,-0.962295711040497,78.7144317626953,-1008.23955761392,-2332.48932304778,"StriatedCaracara",10
1893,0,86.4458770751953,0,12.5863409042358,11.5958919525146,0.815284490585327,1.39076375961304,39.9444618225098,10.4836826324463,-0.326008081436157,124.456832885742,-998.23955761392,-2332.48932304778,"StriatedCaracara",10
1894,0,79.072021484375,0,9.9760856628418,14.5677261352539,1.33291602134705,0.411255061626434,33.3954010009766,1.81473636627197,8.41402339935303,137.652328491211,-988.23955761392,-2332.48932304778,"StriatedCaracara",10
1895,0,72.3343734741211,0,10.7325382232666,13.0395975112915,1.77407360076904,2.25236845016479,35.8349151611328,1.46848618984222,-5.06136894226074,184.480590820312,-978.23955761392,-2332.48932304778,"StriatedCaracara",10
1896,0,65.0410537719727,0,11.9690093994141,12.2319183349609,0,2.78751659393311,35.2205390930176,3.12849259376526,-0.708835482597351,169.185607910156,-968.23955761392,-2332.48932304778,"StriatedCaracara",10
1897,1,57.8735389709473,0,12.6765222549438,11.6134624481201,0,8.32944011688232,31.8671607971191,3.48108124732971,0.199732065200806,134.029281616211,-958.23955761392,-2332.48932304778,"StriatedCaracara",10
1898,1,50.5140113830566,0,12.2588806152344,11.9876728057861,1.86168122291565,3.95851540565491,40.5901718139648,7.54873657226562,0.187599897384644,144.672729492188,-948.23955761392,-2332.48932304778,"StriatedCaracara",10
1899,0,43.5928115844727,0,12.8632936477661,10.9736700057983,0.689124763011932,11.2677021026611,31.6937732696533,16.0832347869873,-3.75908899307251,110.869033813477,-938.23955761392,-2332.48932304778,"StriatedCaracara",10
1900,0,37.3645324707031,0,12.7204275131226,10.4858093261719,2.45133662223816,13.2107496261597,46.9892616271973,8.71157360076904,0.52807080745697,72.9043579101562,-928.23955761392,-2332.48932304778,"StriatedCaracara",10
1901,0,32.1882095336914,0,12.6307373046875,10.6587514877319,0.981331467628479,14.1139507293701,33.684814453125,9.42601490020752,-2.51883888244629,93.8398361206055,-918.23955761392,-2332.48932304778,"StriatedCaracara",10
1902,0,28.5134429931641,0,12.3227958679199,11.0101337432861,1.1622142791748,18.7256927490234,28.5163345336914,4.58261203765869,3.96573829650879,86.1840972900391,-908.23955761392,-2332.48932304778,"StriatedCaracara",10
1903,0,23.9027671813965,0,13.7278547286987,11.4128189086914,1.7198805809021,30.5114326477051,25.3570652008057,2.58442759513855,-0.835524082183838,35.6314392089844,-898.23955761392,-2332.48932304778,"StriatedCaracara",10
1904,0,16.7406806945801,0,14.0814199447632,11.8374099731445,10.7175016403198,25.4962787628174,32.4731292724609,5.56559324264526,-0.0730695426464081,29.2458686828613,-888.23955761392,-2332.48932304778,"StriatedCaracara",10
1905,0,4.25069093704224,0,13.7647390365601,12.888295173645,6.34803628921509,34.108699798584,28.2832489013672,1.38251280784607,0.336425423622131,37.3939056396484,-878.23955761392,-2332.48932304778,"StriatedCaracara",10
1906,1,1.70111179351807,0,15.0106925964355,13.2492122650146,14.8980073928833,15.0736503601074,46.0214958190918,9.34510803222656,-0.226323902606964,6.23563385009766,-848.23955761392,-2332.48932304778,"StriatedCaracara",10
1907,1,1.70111179351807,0,15.0106925964355,13.2492122650146,14.8980073928833,15.0736503601074,46.0214958190918,9.34510803222656,-0.226323902606964,6.23563385009766,-838.23955761392,-2332.48932304778,"StriatedCaracara",10
1908,1,2.60798406600952,0,15.0337791442871,13.6621570587158,8.88410091400146,19.0492401123047,49.9172172546387,12.6505069732666,-0.292470902204514,6.49802255630493,-828.23955761392,-2332.48932304778,"StriatedCaracara",10
1909,1,1.88491654396057,0,15.0820322036743,13.9674549102783,6.86039209365845,16.6778163909912,46.4042663574219,15.7031450271606,-0.0579869449138641,6.6097993850708,-818.23955761392,-2332.48932304778,"StriatedCaracara",10
1910,1,1.88491654396057,0,15.0820322036743,13.9674549102783,6.86039209365845,16.6778163909912,46.4042663574219,15.7031450271606,-0.0579869449138641,6.6097993850708,-808.23955761392,-2332.48932304778,"StriatedCaracara",10
1911,0,5.91310453414917,0,15.5952320098877,16.8661422729492,4.15248155593872,0,39.7201728820801,23.2622318267822,-0.0560172758996487,3.19735050201416,-788.23955761392,-2332.48932304778,"StriatedCaracara",10
1912,0,5.91310453414917,0,15.5952320098877,16.8661422729492,4.15248155593872,0,39.7201728820801,23.2622318267822,-0.0560172758996487,3.19735050201416,-778.23955761392,-2332.48932304778,"StriatedCaracara",10
1913,1,3.88310122489929,0,15.5261745452881,16.8158264160156,2.45741128921509,0,51.2321586608887,31.5916976928711,-0.281891971826553,10.0382099151611,-768.23955761392,-2332.48932304778,"StriatedCaracara",10
1914,1,3.88310122489929,0,15.5261745452881,16.8158264160156,2.45741128921509,0,51.2321586608887,31.5916976928711,-0.281891971826553,10.0382099151611,-758.23955761392,-2332.48932304778,"StriatedCaracara",10
1915,1,11.1293296813965,0,15.3154439926147,17.6127510070801,2.24018216133118,0.068073183298111,57.9729843139648,37.360897064209,-0.276672840118408,12.3134145736694,-748.23955761392,-2332.48932304778,"StriatedCaracara",10
1916,1,18.0951366424561,0,14.9291505813599,18.4951190948486,4.72587823867798,0.695305347442627,57.3554077148438,31.4501552581787,-0.303554594516754,17.2992610931396,-738.23955761392,-2332.48932304778,"StriatedCaracara",10
1917,0,18.2697639465332,0,14.4366054534912,19.6355247497559,3.94019913673401,2.54422950744629,57.6583633422852,22.6259517669678,0.345476090908051,23.736156463623,-728.23955761392,-2332.48932304778,"StriatedCaracara",10
1918,0,10.4614505767822,0,14.2885265350342,19.6213073730469,0.583825051784515,0.219892829656601,59.344295501709,27.363525390625,0.232191860675812,13.572811126709,-718.23955761392,-2332.48932304778,"StriatedCaracara",10
1919,1,2.57564759254456,0,14.6318445205688,19.324670791626,5.36460447311401,0.00148379930760711,56.6483917236328,32.7902412414551,0.685461759567261,17.386833190918,-708.23955761392,-2332.48932304778,"StriatedCaracara",10
1920,1,3.20741772651672,0,14.8688201904297,19.5795440673828,7.36962985992432,0.293547809123993,56.0815200805664,35.1939086914062,0.740054726600647,18.9092445373535,-698.23955761392,-2332.48932304778,"StriatedCaracara",10
1921,0,3.53144860267639,0,15.2800979614258,20.2692604064941,18.9991989135742,0.0183079615235329,52.6739807128906,27.659366607666,0.691175639629364,19.0268821716309,-688.23955761392,-2332.48932304778,"StriatedCaracara",10
1922,0,8.40659332275391,0,15.7734384536743,20.5772380828857,20.6660423278809,0,51.8285751342773,27.2992362976074,-0.417126297950745,9.62545585632324,-678.23955761392,-2332.48932304778,"StriatedCaracara",10
1923,0,8.48582744598389,0,16.1179084777832,20.7893886566162,21.5953826904297,0.0760783329606056,52.5728187561035,24.1568927764893,-0.590546011924744,6.48227310180664,-668.23955761392,-2332.48932304778,"StriatedCaracara",10
1924,1,2.69702124595642,0,16.0458850860596,21.8980770111084,10.0124568939209,0.0728760063648224,51.8951606750488,27.4184799194336,-0.393839627504349,6.35085773468018,-658.23955761392,-2332.48932304778,"StriatedCaracara",10
1925,1,3.4692599773407,0,16.06077003479,22.3888282775879,9.80506134033203,0.0752877667546272,52.410083770752,25.215202331543,-0.720235764980316,4.72081518173218,-648.23955761392,-2332.48932304778,"StriatedCaracara",10
1926,1,2.211256980896,0,16.1515617370605,24.2173137664795,2.36426377296448,0.00336655811406672,53.8995552062988,22.341480255127,-0.228938832879066,0.957054615020752,-638.23955761392,-2332.48932304778,"StriatedCaracara",10
1927,0,1.58910167217255,0,16.0619125366211,24.7130260467529,24.9647083282471,0,53.3529586791992,17.1858787536621,-0.247474774718285,4.4870400428772,-628.23955761392,-2332.48932304778,"StriatedCaracara",10
1928,0,1.58910167217255,0,16.0619125366211,24.7130260467529,24.9647083282471,0,53.3529586791992,17.1858787536621,-0.247474774718285,4.4870400428772,-618.23955761392,-2332.48932304778,"StriatedCaracara",10
1929,0,168.716339111328,0,12.0255813598633,9.79949474334717,0.578929245471954,5.4011025428772,43.0378723144531,3.53526282310486,-0.049032062292099,41.3488235473633,-1108.23955761392,-2342.48932304778,"StriatedCaracara",10
1930,0,168.716339111328,0,12.0255813598633,9.79949474334717,0.578929245471954,5.4011025428772,43.0378723144531,3.53526282310486,-0.049032062292099,41.3488235473633,-1098.23955761392,-2342.48932304778,"StriatedCaracara",10
1931,0,164.109100341797,0,12.0568037033081,9.83867454528809,0.00723756104707718,0.804511308670044,48.4760475158691,6.68060207366943,3.1445415019989,81.5233154296875,-1088.23955761392,-2342.48932304778,"StriatedCaracara",10
1932,0,164.109100341797,0,12.0568037033081,9.83867454528809,0.00723756104707718,0.804511308670044,48.4760475158691,6.68060207366943,3.1445415019989,81.5233154296875,-1078.23955761392,-2342.48932304778,"StriatedCaracara",10
1933,0,151.470993041992,0,12.3830032348633,9.93874454498291,0,0.322521269321442,50.5266876220703,4.9790940284729,0.0216830968856812,75.142333984375,-1068.23955761392,-2342.48932304778,"StriatedCaracara",10
1934,0,143.42561340332,0,12.5112838745117,10.2757549285889,0,0.246509820222855,39.5756607055664,3.91817998886108,-1.85481297969818,73.974494934082,-1058.23955761392,-2342.48932304778,"StriatedCaracara",10
1935,0,136.103363037109,0,12.5231599807739,9.62373065948486,1.33337271213531,1.86877429485321,28.2370910644531,4.58645915985107,-0.436149954795837,79.1860275268555,-1038.23955761392,-2342.48932304778,"StriatedCaracara",10
1936,0,104.615509033203,0,13.9532032012939,9.44630241394043,2.77833604812622,14.0804862976074,25.7742118835449,20.2823600769043,-3.09869146347046,10.0958452224731,-1028.23955761392,-2342.48932304778,"StriatedCaracara",10
1937,1,104.615509033203,0,13.9532032012939,9.44630241394043,2.77833604812622,14.0804862976074,25.7742118835449,20.2823600769043,-3.09869146347046,10.0958452224731,-1018.23955761392,-2342.48932304778,"StriatedCaracara",10
1938,0,99.5322723388672,0,13.2910766601562,9.92718505859375,0.672420024871826,9.80715560913086,27.7810916900635,14.1062107086182,2.13987016677856,79.3745269775391,-1008.23955761392,-2342.48932304778,"StriatedCaracara",10
1939,0,85.5640869140625,0,12.6474380493164,11.8249654769897,0.13066528737545,1.05916929244995,37.0467185974121,6.01660251617432,-7.26093530654907,151.706268310547,-998.23955761392,-2342.48932304778,"StriatedCaracara",10
1940,0,85.5640869140625,0,12.6474380493164,11.8249654769897,0.13066528737545,1.05916929244995,37.0467185974121,6.01660251617432,-7.26093530654907,151.706268310547,-988.23955761392,-2342.48932304778,"StriatedCaracara",10
1941,0,78.5423202514648,0,11.5690107345581,12.7534198760986,1.03331744670868,4.820143699646,31.3455047607422,3.70258021354675,0.919938027858734,185.642517089844,-978.23955761392,-2342.48932304778,"StriatedCaracara",10
1942,0,70.9540176391602,0,12.3406496047974,11.8001747131348,0.817810416221619,3.1905632019043,41.2090377807617,6.30520248413086,0.637884497642517,123.95401763916,-968.23955761392,-2342.48932304778,"StriatedCaracara",10
1943,0,64.0322875976562,0,12.3250818252563,12.2361364364624,0.501581251621246,6.14098072052002,36.7093353271484,6.65488958358765,-6.72168636322021,103.300857543945,-958.23955761392,-2342.48932304778,"StriatedCaracara",10
1944,0,57.4262351989746,0,10.5444984436035,13.7792634963989,1.25814473628998,2.589271068573,41.3030281066895,2.62279176712036,4.03926753997803,169.417419433594,-948.23955761392,-2342.48932304778,"StriatedCaracara",10
1945,0,51.2805519104004,0,12.2025451660156,10.7112979888916,0.989461719989777,8.41610813140869,32.6013565063477,13.678035736084,2.38156914710999,121.139282226562,-938.23955761392,-2342.48932304778,"StriatedCaracara",10
1946,0,45.72802734375,0,12.9079942703247,10.1954288482666,0.888031303882599,10.5320348739624,32.6730155944824,20.7741775512695,1.60678672790527,66.5912322998047,-928.23955761392,-2342.48932304778,"StriatedCaracara",10
1947,0,41.3377990722656,0,11.5826864242554,11.0210342407227,0.544666647911072,10.5994052886963,35.7241821289062,19.4055366516113,5.3965106010437,125.029724121094,-918.23955761392,-2342.48932304778,"StriatedCaracara",10
1948,0,37.2636108398438,0,12.5792026519775,10.1079998016357,0.873105704784393,26.2756652832031,25.8104438781738,11.752420425415,-4.69273471832275,74.9693069458008,-908.23955761392,-2342.48932304778,"StriatedCaracara",10
1949,0,30.4930000305176,0,14.0662212371826,10.9701642990112,3.71408033370972,22.866268157959,18.5985794067383,6.20601940155029,-1.14930999279022,26.8894481658936,-898.23955761392,-2342.48932304778,"StriatedCaracara",10
1950,0,16.7406806945801,0,14.0814199447632,11.8374099731445,10.7175016403198,25.4962787628174,32.4731292724609,5.56559324264526,-0.0730695426464081,29.2458686828613,-888.23955761392,-2342.48932304778,"StriatedCaracara",10
1951,1,1.20021307468414,0,14.3153820037842,12.680136680603,15.5550031661987,22.4880275726318,36.8171234130859,6.37414264678955,-0.731303989887238,15.9692754745483,-848.23955761392,-2342.48932304778,"StriatedCaracara",10
1952,1,3.37464332580566,0,13.8156995773315,12.4439506530762,21.0262203216553,25.2374725341797,40.716194152832,0.892779886722565,-0.647164285182953,29.450511932373,-838.23955761392,-2342.48932304778,"StriatedCaracara",10
1953,0,2.20628070831299,0,13.2998275756836,12.9961366653442,7.93383026123047,33.8435707092285,36.168830871582,1.50190675258636,1.30231881141663,31.3946514129639,-828.23955761392,-2342.48932304778,"StriatedCaracara",10
1954,1,1.29019677639008,1,14.5909881591797,14.0024271011353,12.9855880737305,18.3545093536377,33.2277069091797,7.76360893249512,0.0959213525056839,16.8596725463867,-818.23955761392,-2342.48932304778,"StriatedCaracara",10
1955,0,2.10866975784302,0,15.5958633422852,16.4050102233887,11.3091821670532,3.32324910163879,40.1535797119141,23.0987339019775,0.0262039750814438,4.83890581130981,-788.23955761392,-2342.48932304778,"StriatedCaracara",10
1956,1,2.10866975784302,0,15.5958633422852,16.4050102233887,11.3091821670532,3.32324910163879,40.1535797119141,23.0987339019775,0.0262039750814438,4.83890581130981,-778.23955761392,-2342.48932304778,"StriatedCaracara",10
1957,1,2.19006609916687,0,15.5854940414429,16.4096584320068,12.0497455596924,0.371992826461792,48.6251678466797,26.8620738983154,-0.324136853218079,9.34601593017578,-768.23955761392,-2342.48932304778,"StriatedCaracara",10
1958,1,8.43586540222168,0,15.0908298492432,16.7646465301514,1.3138279914856,0.00322996405884624,57.5285987854004,39.3102989196777,0.0578049123287201,12.6297054290771,-758.23955761392,-2342.48932304778,"StriatedCaracara",10
1959,1,12.7743902206421,0,14.3899116516113,17.6074447631836,2.2280604839325,2.83524608612061,56.9708099365234,30.2240524291992,0.466096878051758,18.2633934020996,-748.23955761392,-2342.48932304778,"StriatedCaracara",10
1960,0,14.1507577896118,0,13.7780742645264,18.4606704711914,6.6664514541626,9.41012477874756,55.6015129089355,16.7662963867188,0.929259836673737,24.7861347198486,-738.23955761392,-2342.48932304778,"StriatedCaracara",10
1961,0,16.8041763305664,0,13.7629833221436,19.1908798217773,0.858224093914032,0.998501121997833,60.4216346740723,21.3780670166016,1.03062152862549,19.2856636047363,-728.23955761392,-2342.48932304778,"StriatedCaracara",10
1962,0,11.6236133575439,0,14.1502084732056,19.2556228637695,1.22143602371216,0.571677982807159,58.8744010925293,25.6430187225342,0.667022585868835,10.2968482971191,-718.23955761392,-2342.48932304778,"StriatedCaracara",10
1963,0,4.69615173339844,0,14.802848815918,18.8377780914307,7.91407299041748,2.26971864700317,54.3207969665527,32.1446685791016,0.291386008262634,12.6119909286499,-708.23955761392,-2342.48932304778,"StriatedCaracara",10
1964,0,2.36432552337646,0,15.3965396881104,19.1844024658203,15.3030414581299,0,53.4711990356445,30.7850551605225,-0.243515223264694,12.1765832901001,-698.23955761392,-2342.48932304778,"StriatedCaracara",10
1965,0,2.16681241989136,0,15.889440536499,19.9573154449463,17.3824005126953,1.68204855918884,48.5934677124023,26.0995254516602,-0.510872721672058,4.83647680282593,-688.23955761392,-2342.48932304778,"StriatedCaracara",10
1966,0,3.04217720031738,0,15.9759731292725,19.7063732147217,23.1195526123047,0.381250381469727,50.9819374084473,21.6276206970215,0.0603291355073452,2.80546045303345,-678.23955761392,-2342.48932304778,"StriatedCaracara",10
1967,1,2.69221353530884,0,15.998423576355,18.9057064056396,23.8819065093994,0.000988484243862331,52.4076957702637,23.4042434692383,0.182775840163231,4.29704475402832,-668.23955761392,-2342.48932304778,"StriatedCaracara",10
1968,1,1.86701655387878,0,16.0604934692383,20.4690589904785,23.2536468505859,1.85533475875854,50.6660079956055,18.0239372253418,0.0669289529323578,3.15810346603394,-658.23955761392,-2342.48932304778,"StriatedCaracara",10
1969,0,4.05941343307495,0,16.0722312927246,22.1472511291504,14.283748626709,2.19126582145691,49.2466201782227,14.5299625396729,-0.0415145717561245,1.43125653266907,-648.23955761392,-2342.48932304778,"StriatedCaracara",10
1970,1,2.16695404052734,0,15.2627754211426,19.1610145568848,28.4322280883789,4.28905153274536,45.5655937194824,10.7755575180054,1.1064327955246,19.5109901428223,-638.23955761392,-2342.48932304778,"StriatedCaracara",10
1971,0,166.57926940918,0,12.0965385437012,9.67358875274658,0.0203681904822588,2.15160632133484,35.199520111084,1.16907870769501,1.70178687572479,51.5364608764648,-1098.23955761392,-2352.48932304778,"StriatedCaracara",10
1972,0,166.57926940918,0,12.0965385437012,9.67358875274658,0.0203681904822588,2.15160632133484,35.199520111084,1.16907870769501,1.70178687572479,51.5364608764648,-1088.23955761392,-2352.48932304778,"StriatedCaracara",10
1973,0,159.358856201172,0,11.9916458129883,9.90874290466309,0,2.15224766731262,67.144645690918,5.0009069442749,3.62351584434509,81.9305725097656,-1078.23955761392,-2352.48932304778,"StriatedCaracara",10
1974,0,151.470993041992,0,12.3830032348633,9.93874454498291,0,0.322521269321442,50.5266876220703,4.9790940284729,0.0216830968856812,75.142333984375,-1068.23955761392,-2352.48932304778,"StriatedCaracara",10
1975,0,143.42561340332,0,12.5112838745117,10.2757549285889,0,0.246509820222855,39.5756607055664,3.91817998886108,-1.85481297969818,73.974494934082,-1058.23955761392,-2352.48932304778,"StriatedCaracara",10
1976,0,136.103363037109,0,12.5231599807739,9.62373065948486,1.33337271213531,1.86877429485321,28.2370910644531,4.58645915985107,-0.436149954795837,79.1860275268555,-1048.23955761392,-2352.48932304778,"StriatedCaracara",10
1977,0,136.103363037109,0,12.5231599807739,9.62373065948486,1.33337271213531,1.86877429485321,28.2370910644531,4.58645915985107,-0.436149954795837,79.1860275268555,-1038.23955761392,-2352.48932304778,"StriatedCaracara",10
1978,0,126.463798522949,0,13.2957544326782,8.98159217834473,7.25493192672729,2.33931589126587,23.878927230835,15.7279443740845,0.718823671340942,65.738410949707,-1028.23955761392,-2352.48932304778,"StriatedCaracara",10
1979,0,120.061378479004,0,13.3508186340332,9.32638549804688,2.17201638221741,3.88813018798828,21.2042083740234,13.4253673553467,1.17937481403351,58.1938018798828,-1018.23955761392,-2352.48932304778,"StriatedCaracara",10
1980,0,98.6301956176758,0,12.5055847167969,11.4549446105957,0.341700553894043,2.1086642742157,31.3763408660889,7.65672636032104,1.66597652435303,117.147880554199,-1008.23955761392,-2352.48932304778,"StriatedCaracara",10
1981,0,98.6301956176758,0,12.5055847167969,11.4549446105957,0.341700553894043,2.1086642742157,31.3763408660889,7.65672636032104,1.66597652435303,117.147880554199,-998.23955761392,-2352.48932304778,"StriatedCaracara",10
1982,0,91.6663589477539,0,12.9529218673706,10.7500438690186,0.063902921974659,2.271892786026,36.2183494567871,8.87461185455322,4.61530923843384,107.690383911133,-988.23955761392,-2352.48932304778,"StriatedCaracara",10
1983,0,84.5253829956055,0,12.7953662872314,11.0979251861572,0.666327834129333,3.92396354675293,27.124849319458,3.03501987457275,-0.562273383140564,85.533203125,-978.23955761392,-2352.48932304778,"StriatedCaracara",10
1984,0,76.6715621948242,0,12.944073677063,11.186653137207,1.19755363464355,4.04338407516479,32.6583404541016,7.71429300308228,-0.074654757976532,77.3713912963867,-968.23955761392,-2352.48932304778,"StriatedCaracara",10
1985,0,71.1761703491211,0,11.8379821777344,12.413384437561,0.219927400350571,5.78167104721069,38.6683692932129,6.08744382858276,2.25467777252197,139.900115966797,-958.23955761392,-2352.48932304778,"StriatedCaracara",10
1986,0,65.3212432861328,0,12.042649269104,11.6870603561401,0.634655952453613,2.89367914199829,42.6389274597168,8.31233406066895,6.29602241516113,149.879547119141,-948.23955761392,-2352.48932304778,"StriatedCaracara",10
1987,0,60.0353240966797,0,12.2475452423096,10.9230260848999,2.06414818763733,10.0170822143555,34.3002815246582,8.2624397277832,1.35759043693542,138.44921875,-938.23955761392,-2352.48932304778,"StriatedCaracara",10
1988,0,55.5851745605469,0,13.4171190261841,10.1379365921021,0.41235625743866,6.61073589324951,19.1813545227051,10.4480953216553,-4.66148471832275,89.4670639038086,-928.23955761392,-2352.48932304778,"StriatedCaracara",10
1989,0,42.5421829223633,0,13.5677576065063,10.4269847869873,0,31.7871704101562,17.2534027099609,8.21037673950195,-0.106576338410378,29.4155426025391,-918.23955761392,-2352.48932304778,"StriatedCaracara",10
1990,0,42.5421829223633,0,13.5677576065063,10.4269847869873,0,31.7871704101562,17.2534027099609,8.21037673950195,-0.106576338410378,29.4155426025391,-908.23955761392,-2352.48932304778,"StriatedCaracara",10
1991,0,30.4930000305176,0,14.0662212371826,10.9701642990112,3.71408033370972,22.866268157959,18.5985794067383,6.20601940155029,-1.14930999279022,26.8894481658936,-898.23955761392,-2352.48932304778,"StriatedCaracara",10
1992,0,19.8927307128906,0,12.938346862793,11.9936008453369,2.62681341171265,17.4571895599365,15.3934593200684,14.0267972946167,-0.630106270313263,52.0289039611816,-878.23955761392,-2352.48932304778,"StriatedCaracara",10
1993,1,1.79032015800476,0,13.5520553588867,11.6875,6.63835859298706,22.5806293487549,23.6393795013428,3.75386476516724,1.48096370697021,43.2191390991211,-868.23955761392,-2352.48932304778,"StriatedCaracara",10
1994,1,1.79032015800476,0,13.5520553588867,11.6875,6.63835859298706,22.5806293487549,23.6393795013428,3.75386476516724,1.48096370697021,43.2191390991211,-858.23955761392,-2352.48932304778,"StriatedCaracara",10
1995,1,1.84894394874573,0,13.4390773773193,12.0928821563721,1.25490808486938,33.439395904541,29.7342109680176,2.35736393928528,-0.471803516149521,27.0232429504395,-848.23955761392,-2352.48932304778,"StriatedCaracara",10
1996,1,2.70579028129578,0,12.43616771698,12.5100603103638,1.68184292316437,32.8147277832031,28.524974822998,2.88364362716675,0.837071537971497,30.366361618042,-838.23955761392,-2352.48932304778,"StriatedCaracara",10
1997,1,2.12978076934814,0,12.794246673584,13.3245544433594,8.5008487701416,33.0953903198242,31.442440032959,1.70690643787384,1.13103270530701,33.5936050415039,-828.23955761392,-2352.48932304778,"StriatedCaracara",10
1998,1,1.29019677639008,0,14.5909881591797,14.0024271011353,12.9855880737305,18.3545093536377,33.2277069091797,7.76360893249512,0.0959213525056839,16.8596725463867,-818.23955761392,-2352.48932304778,"StriatedCaracara",10
1999,1,1.52944386005402,0,15.2409067153931,16.2160415649414,5.00936460494995,0.339182764291763,32.4151458740234,19.0076656341553,-0.133223533630371,6.88514518737793,-788.23955761392,-2352.48932304778,"StriatedCaracara",10
2000,1,1.52944386005402,0,15.2409067153931,16.2160415649414,5.00936460494995,0.339182764291763,32.4151458740234,19.0076656341553,-0.133223533630371,6.88514518737793,-778.23955761392,-2352.48932304778,"StriatedCaracara",10
2001,1,3.96327638626099,0,15.1877632141113,16.3036880493164,7.80513095855713,9.02695465087891,50.7900619506836,24.0010204315186,-0.484301745891571,12.7389793395996,-768.23955761392,-2352.48932304778,"StriatedCaracara",10
2002,1,5.08615207672119,0,14.0822639465332,17.0198650360107,5.17589282989502,6.72664499282837,55.756519317627,24.0406265258789,-0.418825060129166,21.1692352294922,-758.23955761392,-2352.48932304778,"StriatedCaracara",10
2003,1,3.49737429618835,0,13.3267669677734,17.957447052002,10.1854391098022,17.9463062286377,51.8337669372559,12.0885400772095,2.65140891075134,29.8160343170166,-748.23955761392,-2352.48932304778,"StriatedCaracara",10
2004,1,4.82325220108032,0,13.4670009613037,18.3409080505371,5.6910080909729,6.49534845352173,57.0565147399902,16.8736419677734,0.341163337230682,24.134370803833,-738.23955761392,-2352.48932304778,"StriatedCaracara",10
2005,0,8.13325500488281,0,13.8484706878662,18.6080646514893,1.89107894897461,17.0550365447998,54.7307662963867,16.0174808502197,1.25395750999451,19.1362895965576,-728.23955761392,-2352.48932304778,"StriatedCaracara",10
2006,0,6.33975505828857,0,14.8060426712036,18.2612686157227,9.93578243255615,7.33034706115723,53.8883247375488,23.0005264282227,0.171013578772545,13.0438642501831,-718.23955761392,-2352.48932304778,"StriatedCaracara",10
2007,0,2.81501841545105,0,15.3360805511475,18.3697566986084,15.7147579193115,0.644878923892975,51.1572608947754,31.5620460510254,-0.198723897337914,7.54912137985229,-708.23955761392,-2352.48932304778,"StriatedCaracara",10
2008,0,4.13726425170898,0,15.6759424209595,18.5675773620605,14.4863872528076,0.691864609718323,51.7555732727051,30.8647480010986,-0.113166533410549,5.76384401321411,-698.23955761392,-2352.48932304778,"StriatedCaracara",10
2009,1,3.07501077651978,0,15.7754878997803,18.6063003540039,17.8762760162354,0.93265688419342,50.1386375427246,27.1337699890137,-0.0421360731124878,3.31010675430298,-688.23955761392,-2352.48932304778,"StriatedCaracara",10
2010,0,4.27156114578247,0,15.7116689682007,18.5086631774902,28.2416286468506,7.77534580230713,49.4533271789551,13.7238826751709,-0.248391449451447,5.78930139541626,-678.23955761392,-2352.48932304778,"StriatedCaracara",10
2011,1,2.58477187156677,0,15.554425239563,18.1015930175781,28.0080528259277,11.4931058883667,49.8746795654297,10.1868553161621,0.0504950806498528,6.25962209701538,-668.23955761392,-2352.48932304778,"StriatedCaracara",10
2012,1,1.55674242973328,0,15.6101732254028,18.6869812011719,37.4875602722168,4.83123922348022,50.2155075073242,6.56695461273193,-0.163599103689194,5.1218090057373,-658.23955761392,-2352.48932304778,"StriatedCaracara",10
2013,1,1.77958869934082,0,15.5932474136353,18.8067569732666,33.3382148742676,3.432692527771,49.9357681274414,10.2495527267456,-1.09898066520691,12.4184627532959,-648.23955761392,-2352.48932304778,"StriatedCaracara",10
2014,1,2.16695404052734,0,15.2627754211426,19.1610145568848,28.4322280883789,4.28905153274536,45.5655937194824,10.7755575180054,1.1064327955246,19.5109901428223,-638.23955761392,-2352.48932304778,"StriatedCaracara",10
2015,1,1.7840610742569,0,15.3285207748413,20.3573951721191,27.1450309753418,2.0094907283783,33.8980522155762,5.06881666183472,0.378051996231079,10.0770578384399,-628.23955761392,-2352.48932304778,"StriatedCaracara",10
2016,0,4.61219596862793,0,15.6385192871094,21.6052474975586,15.885046005249,1.71504235267639,31.3394870758057,12.9241008758545,-0.0154562890529633,7.56321859359741,-618.23955761392,-2352.48932304778,"StriatedCaracara",10
2017,0,2.91223406791687,0,15.7886123657227,22.8840160369873,28.3465118408203,0.962810695171356,46.8612823486328,14.0193710327148,-0.111655250191689,3.79636454582214,-608.23955761392,-2352.48932304778,"StriatedCaracara",10
2018,0,159.358856201172,0,11.9916458129883,9.90874290466309,0,2.15224766731262,67.144645690918,5.0009069442749,3.62351584434509,81.9305725097656,-1078.23955761392,-2362.48932304778,"StriatedCaracara",10
2019,0,155.400375366211,0,12.0887851715088,10.308048248291,1.74754250049591,0.639880299568176,52.1568717956543,4.71766042709351,0.082371711730957,81.7270050048828,-1068.23955761392,-2362.48932304778,"StriatedCaracara",10
2020,0,147.692291259766,0,11.8205966949463,10.872971534729,0,1.12019622325897,54.4475250244141,2.85993432998657,2.68503618240356,98.3614273071289,-1058.23955761392,-2362.48932304778,"StriatedCaracara",10
2021,0,136.103363037109,0,12.5231599807739,9.62373065948486,1.33337271213531,1.86877429485321,28.2370910644531,4.58645915985107,-0.436149954795837,79.1860275268555,-1048.23955761392,-2362.48932304778,"StriatedCaracara",10
2022,0,126.463798522949,0,13.2957544326782,8.98159217834473,7.25493192672729,2.33931589126587,23.878927230835,15.7279443740845,0.718823671340942,65.738410949707,-1038.23955761392,-2362.48932304778,"StriatedCaracara",10
2023,0,126.463798522949,0,13.2957544326782,8.98159217834473,7.25493192672729,2.33931589126587,23.878927230835,15.7279443740845,0.718823671340942,65.738410949707,-1028.23955761392,-2362.48932304778,"StriatedCaracara",10
2024,1,120.061378479004,0,13.3508186340332,9.32638549804688,2.17201638221741,3.88813018798828,21.2042083740234,13.4253673553467,1.17937481403351,58.1938018798828,-1018.23955761392,-2362.48932304778,"StriatedCaracara",10
2025,0,113.687232971191,0,13.2395172119141,9.67740821838379,2.19250178337097,4.81349897384644,18.4796981811523,11.5559968948364,2.95025491714478,31.9800453186035,-1008.23955761392,-2362.48932304778,"StriatedCaracara",10
2026,0,106.153297424316,0,13.3974361419678,10.1618728637695,0.204100027680397,0.0751345828175545,23.8600177764893,15.5607852935791,-0.643867254257202,10.0144548416138,-998.23955761392,-2362.48932304778,"StriatedCaracara",10
2027,0,93.028205871582,0,13.2375688552856,10.7076730728149,2.56035327911377,3.30509114265442,25.3460693359375,8.41822528839111,1.31830370426178,45.9383125305176,-988.23955761392,-2362.48932304778,"StriatedCaracara",10
2028,0,93.028205871582,0,13.2375688552856,10.7076730728149,2.56035327911377,3.30509114265442,25.3460693359375,8.41822528839111,1.31830370426178,45.9383125305176,-978.23955761392,-2362.48932304778,"StriatedCaracara",10
2029,0,79.2652130126953,0,13.2445468902588,11.0285520553589,1.3349472284317,4.23056697845459,27.1699295043945,6.02810525894165,-2.91241502761841,38.5364303588867,-968.23955761392,-2362.48932304778,"StriatedCaracara",10
2030,0,79.2652130126953,0,13.2445468902588,11.0285520553589,1.3349472284317,4.23056697845459,27.1699295043945,6.02810525894165,-2.91241502761841,38.5364303588867,-958.23955761392,-2362.48932304778,"StriatedCaracara",10
2031,0,73.9920196533203,0,12.8512697219849,11.0636587142944,0.697056949138641,7.32314538955688,34.7056541442871,4.13298273086548,-3.726891040802,122.187576293945,-948.23955761392,-2362.48932304778,"StriatedCaracara",10
2032,0,68.5899963378906,0,12.6536102294922,10.618935585022,1.52756261825562,2.49858236312866,36.2452621459961,10.6031932830811,4.68435478210449,115.603973388672,-938.23955761392,-2362.48932304778,"StriatedCaracara",10
2033,0,61.8949737548828,0,13.3530206680298,10.4203681945801,4.88650798797607,12.6178159713745,21.8307723999023,12.3800458908081,4.94691324234009,67.6142730712891,-928.23955761392,-2362.48932304778,"StriatedCaracara",10
2034,0,56.7142639160156,0,12.1159353256226,12.134693145752,0.534964263439178,9.80828666687012,44.1688575744629,5.48161888122559,3.70496940612793,136.084701538086,-918.23955761392,-2362.48932304778,"StriatedCaracara",10
2035,0,36.1813621520996,0,12.5978631973267,11.2870101928711,1.52172410488129,25.8037281036377,11.8271617889404,6.15047740936279,2.24345207214355,47.6557846069336,-908.23955761392,-2362.48932304778,"StriatedCaracara",10
2036,0,36.1813621520996,0,12.5978631973267,11.2870101928711,1.52172410488129,25.8037281036377,11.8271617889404,6.15047740936279,2.24345207214355,47.6557846069336,-898.23955761392,-2362.48932304778,"StriatedCaracara",10
2037,0,29.7517395019531,0,12.7910652160645,11.2284812927246,0.981362044811249,18.712911605835,11.9785604476929,4.09527683258057,-2.29613971710205,44.0096778869629,-888.23955761392,-2362.48932304778,"StriatedCaracara",10
2038,0,19.8927307128906,0,12.938346862793,11.9936008453369,2.62681341171265,17.4571895599365,15.3934593200684,14.0267972946167,-0.630106270313263,52.0289039611816,-878.23955761392,-2362.48932304778,"StriatedCaracara",10
2039,0,13.65562915802,0,12.6485061645508,11.1995372772217,3.34483003616333,30.2884960174561,27.102201461792,6.99061059951782,1.35002088546753,63.0017051696777,-868.23955761392,-2362.48932304778,"StriatedCaracara",10
2040,0,9.04696464538574,0,12.4143466949463,11.0816411972046,1.49205601215363,31.4193420410156,32.711540222168,7.95263290405273,-0.928122699260712,53.0085296630859,-858.23955761392,-2362.48932304778,"StriatedCaracara",10
2041,0,7.455153465271,0,12.0671262741089,11.0997486114502,1.00867557525635,28.5381393432617,40.1695365905762,9.89814186096191,1.98559260368347,39.581844329834,-848.23955761392,-2362.48932304778,"StriatedCaracara",10
2042,0,7.2867259979248,0,12.1933526992798,11.8944187164307,1.23671722412109,32.9582595825195,28.1390113830566,3.86181974411011,0.191894322633743,30.828857421875,-838.23955761392,-2362.48932304778,"StriatedCaracara",10
2043,1,5.52372264862061,0,13.2025184631348,13.5854291915894,7.43397760391235,34.0882110595703,28.7513275146484,1.61549031734467,-0.204483181238174,32.982795715332,-828.23955761392,-2362.48932304778,"StriatedCaracara",10
2044,1,5.52372264862061,0,13.2025184631348,13.5854291915894,7.43397760391235,34.0882110595703,28.7513275146484,1.61549031734467,-0.204483181238174,32.982795715332,-818.23955761392,-2362.48932304778,"StriatedCaracara",10
2045,0,1.8999285697937,0,14.9761629104614,16.6661720275879,15.1959524154663,3.7778787612915,44.5951690673828,14.633843421936,0.605590283870697,10.7143363952637,-788.23955761392,-2362.48932304778,"StriatedCaracara",10
2046,1,1.8999285697937,0,14.9761629104614,16.6661720275879,15.1959524154663,3.7778787612915,44.5951690673828,14.633843421936,0.605590283870697,10.7143363952637,-778.23955761392,-2362.48932304778,"StriatedCaracara",10
2047,1,2.53675174713135,0,14.305926322937,15.945276260376,7.64435386657715,23.351053237915,50.2508583068848,8.37960052490234,-0.899305582046509,24.5466747283936,-768.23955761392,-2362.48932304778,"StriatedCaracara",10
2048,1,3.74850559234619,0,12.6926870346069,17.54421043396,9.26894664764404,23.1088886260986,50.3055686950684,10.658863067627,2.67431950569153,30.546947479248,-758.23955761392,-2362.48932304778,"StriatedCaracara",10
2049,0,3.77581024169922,0,13.2241477966309,18.4127006530762,7.0849781036377,27.9561309814453,44.5913200378418,4.15461301803589,-1.15256297588348,45.2354049682617,-748.23955761392,-2362.48932304778,"StriatedCaracara",10
2050,1,1.54193317890167,0,14.0915441513062,17.8963813781738,7.93473434448242,26.2651844024658,51.5258026123047,5.28096342086792,-0.168296426534653,28.42018699646,-738.23955761392,-2362.48932304778,"StriatedCaracara",10
2051,1,8.13325500488281,0,13.8484706878662,18.6080646514893,1.89107894897461,17.0550365447998,54.7307662963867,16.0174808502197,1.25395750999451,19.1362895965576,-728.23955761392,-2362.48932304778,"StriatedCaracara",10
2052,1,6.33975505828857,0,14.8060426712036,18.2612686157227,9.93578243255615,7.33034706115723,53.8883247375488,23.0005264282227,0.171013578772545,13.0438642501831,-718.23955761392,-2362.48932304778,"StriatedCaracara",10
2053,0,1.01830589771271,0,15.4256477355957,18.7011833190918,19.9229907989502,0.0551170110702515,45.227611541748,20.4749946594238,-0.0993685200810432,2.7845344543457,-708.23955761392,-2362.48932304778,"StriatedCaracara",10
2054,1,1.01830589771271,0,15.4256477355957,18.7011833190918,19.9229907989502,0.0551170110702515,45.227611541748,20.4749946594238,-0.0993685200810432,2.7845344543457,-698.23955761392,-2362.48932304778,"StriatedCaracara",10
2055,1,2.23500537872314,0,15.5680513381958,18.3126907348633,30.8545322418213,2.43853306770325,49.1972503662109,16.5932502746582,-0.192585542798042,4.40575122833252,-688.23955761392,-2362.48932304778,"StriatedCaracara",10
2056,0,4.70940065383911,0,15.2533416748047,17.5223236083984,15.8659200668335,8.71667289733887,51.9159164428711,20.3000297546387,-0.280306905508041,8.29836940765381,-678.23955761392,-2362.48932304778,"StriatedCaracara",10
2057,0,3.55330491065979,0,14.7302141189575,17.3073539733887,6.44041585922241,22.0331268310547,50.9114761352539,17.8935146331787,-0.454622477293015,16.4875316619873,-668.23955761392,-2362.48932304778,"StriatedCaracara",10
2058,0,2.54521703720093,0,14.4395456314087,17.6056289672852,16.2406520843506,14.0051889419556,51.8547439575195,10.9209308624268,0.351449072360992,23.8341979980469,-658.23955761392,-2362.48932304778,"StriatedCaracara",10
2059,0,2.32498693466187,0,14.6889276504517,17.6646728515625,19.0159187316895,4.85768365859985,52.4782562255859,19.158483505249,0.790071129798889,19.7189712524414,-648.23955761392,-2362.48932304778,"StriatedCaracara",10
2060,1,6.47571134567261,0,15.1526250839233,18.407585144043,25.1064147949219,1.63110268115997,52.1905899047852,18.8425941467285,-0.248120978474617,9.94873142242432,-638.23955761392,-2362.48932304778,"StriatedCaracara",10
2061,1,8.32462310791016,0,15.4027719497681,19.961067199707,33.2968292236328,1.1606308221817,49.9139289855957,14.6197395324707,-0.172664731740952,5.35617828369141,-628.23955761392,-2362.48932304778,"StriatedCaracara",10
2062,1,3.77152419090271,0,15.617826461792,21.7449417114258,28.9140605926514,0.919394910335541,49.9218635559082,20.0098667144775,0.0971979275345802,6.64275312423706,-618.23955761392,-2362.48932304778,"StriatedCaracara",10
2063,1,2.91223406791687,0,15.7886123657227,22.8840160369873,28.3465118408203,0.962810695171356,46.8612823486328,14.0193710327148,-0.111655250191689,3.79636454582214,-608.23955761392,-2362.48932304778,"StriatedCaracara",10
2064,0,2.91223406791687,0,15.7886123657227,22.8840160369873,28.3465118408203,0.962810695171356,46.8612823486328,14.0193710327148,-0.111655250191689,3.79636454582214,-598.23955761392,-2362.48932304778,"StriatedCaracara",10
2065,0,166.011520385742,0,13.0358743667603,9.11081886291504,13.9850425720215,5.09045553207397,20.1972026824951,1.11305451393127,-0.5546053647995,3.33149313926697,-1078.23955761392,-2372.48932304778,"StriatedCaracara",10
2066,0,155.400375366211,0,12.0887851715088,10.308048248291,1.74754250049591,0.639880299568176,52.1568717956543,4.71766042709351,0.082371711730957,81.7270050048828,-1068.23955761392,-2372.48932304778,"StriatedCaracara",10
2067,0,160.651550292969,0,12.7622241973877,9.69198226928711,5.49635553359985,7.08013677597046,11.1595878601074,0.806575775146484,0.0471799150109291,34.3282585144043,-1058.23955761392,-2372.48932304778,"StriatedCaracara",10
2068,0,160.651550292969,0,12.7622241973877,9.69198226928711,5.49635553359985,7.08013677597046,11.1595878601074,0.806575775146484,0.0471799150109291,34.3282585144043,-1048.23955761392,-2372.48932304778,"StriatedCaracara",10
2069,0,126.463798522949,0,13.2957544326782,8.98159217834473,7.25493192672729,2.33931589126587,23.878927230835,15.7279443740845,0.718823671340942,65.738410949707,-1038.23955761392,-2372.48932304778,"StriatedCaracara",10
2070,0,124.514892578125,0,13.1690397262573,9.19918441772461,4.2743444442749,4.1963267326355,27.5943431854248,19.2589340209961,3.07123565673828,54.5527038574219,-1028.23955761392,-2372.48932304778,"StriatedCaracara",10
2071,0,124.514892578125,0,13.1690397262573,9.19918441772461,4.2743444442749,4.1963267326355,27.5943431854248,19.2589340209961,3.07123565673828,54.5527038574219,-1018.23955761392,-2372.48932304778,"StriatedCaracara",10
2072,0,118.863983154297,0,12.7138605117798,9.40079116821289,3.34312176704407,2.64128804206848,38.2128639221191,19.1718120574951,0.0572847127914429,103.501014709473,-1008.23955761392,-2372.48932304778,"StriatedCaracara",10
2073,1,106.153297424316,0,13.3974361419678,10.1618728637695,0.204100027680397,0.0751345828175545,23.8600177764893,15.5607852935791,-0.643867254257202,10.0144548416138,-998.23955761392,-2372.48932304778,"StriatedCaracara",10
2074,0,98.6537628173828,0,12.4987735748291,11.3605918884277,0.480199009180069,2.90556573867798,44.9418792724609,12.2831954956055,1.40777933597565,97.4520797729492,-988.23955761392,-2372.48932304778,"StriatedCaracara",10
2075,0,98.6537628173828,0,12.4987735748291,11.3605918884277,0.480199009180069,2.90556573867798,44.9418792724609,12.2831954956055,1.40777933597565,97.4520797729492,-978.23955761392,-2372.48932304778,"StriatedCaracara",10
2076,0,93.3229675292969,0,11.5075340270996,12.3263664245605,1.06186664104462,2.63857507705688,43.3499374389648,4.98848152160645,5.60006332397461,138.713180541992,-968.23955761392,-2372.48932304778,"StriatedCaracara",10
2077,0,86.830451965332,0,11.9227428436279,11.6076498031616,0.945277273654938,3.66100239753723,41.25048828125,6.98846244812012,3.92884397506714,112.227157592773,-958.23955761392,-2372.48932304778,"StriatedCaracara",10
2078,0,81.2497863769531,0,12.4898881912231,11.3725128173828,1.07990384101868,4.05241918563843,44.9995956420898,4.12943458557129,-0.487527459859848,119.877326965332,-948.23955761392,-2372.48932304778,"StriatedCaracara",10
2079,0,73.4145050048828,0,12.6606845855713,11.1432647705078,0.731929183006287,4.75301170349121,32.9246215820312,6.18276739120483,-4.15081119537354,116.17822265625,-938.23955761392,-2372.48932304778,"StriatedCaracara",10
2080,0,64.8627090454102,0,12.6265630722046,11.6994724273682,0.65310537815094,7.55820798873901,29.1372222900391,6.78400182723999,1.85194206237793,76.4597854614258,-928.23955761392,-2372.48932304778,"StriatedCaracara",10
2081,0,56.7142639160156,0,12.1159353256226,12.134693145752,0.534964263439178,9.80828666687012,44.1688575744629,5.48161888122559,3.70496940612793,136.084701538086,-918.23955761392,-2372.48932304778,"StriatedCaracara",10
2082,0,48.9390029907227,0,12.9551029205322,11.067720413208,2.90945553779602,15.1696090698242,17.4285945892334,9.88539218902588,1.40340578556061,76.9379959106445,-908.23955761392,-2372.48932304778,"StriatedCaracara",10
2083,0,40.8292999267578,0,12.0743017196655,12.4475021362305,2.63250184059143,19.3139820098877,16.6379833221436,5.31540203094482,2.19928026199341,76.6534118652344,-898.23955761392,-2372.48932304778,"StriatedCaracara",10
2084,0,34.0665473937988,0,12.3332824707031,11.7248077392578,2.60187005996704,22.1120262145996,23.139045715332,10.3649969100952,1.26076352596283,94.5654678344727,-888.23955761392,-2372.48932304778,"StriatedCaracara",10
2085,0,27.6027755737305,0,12.8513326644897,12.444730758667,1.12222146987915,27.0200328826904,18.1384563446045,10.5426836013794,0.401660978794098,54.6446533203125,-878.23955761392,-2372.48932304778,"StriatedCaracara",10
2086,0,22.3778800964355,0,11.9462881088257,11.7307424545288,3.5379900932312,28.6869487762451,40.8385543823242,11.8764314651489,2.6779203414917,66.2030792236328,-868.23955761392,-2372.48932304778,"StriatedCaracara",10
2087,0,19.6583194732666,0,11.7096939086914,11.4895858764648,4.31896543502808,24.3224487304688,37.6882019042969,14.5158958435059,-0.870312333106995,72.5651321411133,-858.23955761392,-2372.48932304778,"StriatedCaracara",10
2088,0,17.8742809295654,0,11.7801609039307,11.0839290618896,2.49145412445068,28.1407241821289,22.1475982666016,9.87993812561035,-0.446202129125595,56.580680847168,-848.23955761392,-2372.48932304778,"StriatedCaracara",10
2089,1,13.4460506439209,0,12.3278274536133,12.4826927185059,1.16438233852386,32.9388313293457,24.1416549682617,2.66241025924683,-0.581864237785339,29.5896606445312,-838.23955761392,-2372.48932304778,"StriatedCaracara",10
2090,1,5.13700532913208,0,13.4983005523682,13.2699871063232,16.2684898376465,24.8496513366699,34.5259284973145,1.76226019859314,-0.596752226352692,30.0790214538574,-828.23955761392,-2372.48932304778,"StriatedCaracara",10
2091,1,5.13700532913208,0,13.4983005523682,13.2699871063232,16.2684898376465,24.8496513366699,34.5259284973145,1.76226019859314,-0.596752226352692,30.0790214538574,-818.23955761392,-2372.48932304778,"StriatedCaracara",10
2092,1,1.52243673801422,0,13.4641389846802,16.6432857513428,6.02524518966675,18.1267700195312,32.8175468444824,9.27789974212646,0.600141406059265,38.6695938110352,-778.23955761392,-2372.48932304778,"StriatedCaracara",10
2093,1,1.52243673801422,1,13.4641389846802,16.6432857513428,6.02524518966675,18.1267700195312,32.8175468444824,9.27789974212646,0.600141406059265,38.6695938110352,-768.23955761392,-2372.48932304778,"StriatedCaracara",10
2094,1,1.89974689483643,0,13.6750106811523,19.2824401855469,12.9624614715576,20.1935977935791,43.3286361694336,1.75993525981903,-0.759186446666718,38.2347984313965,-758.23955761392,-2372.48932304778,"StriatedCaracara",10
2095,1,3.77581024169922,0,13.2241477966309,18.4127006530762,7.0849781036377,27.9561309814453,44.5913200378418,4.15461301803589,-1.15256297588348,45.2354049682617,-748.23955761392,-2372.48932304778,"StriatedCaracara",10
2096,1,2.01698923110962,0,14.8674535751343,17.4541339874268,12.0238180160522,25.1298656463623,49.4420166015625,6.74097681045532,-0.657396078109741,16.322847366333,-698.23955761392,-2372.48932304778,"StriatedCaracara",10
2097,1,2.01698923110962,0,14.8674535751343,17.4541339874268,12.0238180160522,25.1298656463623,49.4420166015625,6.74097681045532,-0.657396078109741,16.322847366333,-688.23955761392,-2372.48932304778,"StriatedCaracara",10
2098,1,3.98937892913818,0,14.2318210601807,17.0530815124512,4.99883699417114,23.6568202972412,52.723949432373,7.63732957839966,0.309681057929993,20.5940532684326,-678.23955761392,-2372.48932304778,"StriatedCaracara",10
2099,0,2.75371670722961,0,13.8589382171631,17.0084342956543,2.31182742118835,22.7658767700195,51.899715423584,15.0218744277954,-0.341595470905304,22.4124565124512,-668.23955761392,-2372.48932304778,"StriatedCaracara",10
2100,1,6.41584014892578,0,13.9705867767334,17.2850360870361,6.34503412246704,15.6765365600586,53.3334541320801,15.3345651626587,1.55143427848816,27.498420715332,-658.23955761392,-2372.48932304778,"StriatedCaracara",10
2101,1,2.52740907669067,0,14.7307109832764,17.8359050750732,31.2235908508301,3.47725677490234,50.8706130981445,13.4671230316162,-0.818723380565643,17.339527130127,-648.23955761392,-2372.48932304778,"StriatedCaracara",10
2102,0,7.614830493927,0,15.2240428924561,18.5207405090332,37.96435546875,0.740402519702911,49.9537658691406,10.8605861663818,-0.234435051679611,12.7534294128418,-638.23955761392,-2372.48932304778,"StriatedCaracara",10
2103,1,11.9676008224487,0,15.4550466537476,19.7031497955322,27.396728515625,0.046513382345438,50.4373626708984,18.3885078430176,0.764233410358429,9.26033592224121,-628.23955761392,-2372.48932304778,"StriatedCaracara",10
2104,1,10.2741556167603,0,15.7185802459717,21.1919937133789,27.195068359375,0.130810409784317,49.2053642272949,21.1613521575928,0.202003315091133,6.17846632003784,-618.23955761392,-2372.48932304778,"StriatedCaracara",10
2105,1,4.9738130569458,0,15.9081745147705,21.8063354492188,22.1805305480957,0.316594898700714,49.7084121704102,23.7391090393066,0.285528182983398,3.70890045166016,-608.23955761392,-2372.48932304778,"StriatedCaracara",10
2106,1,2.59408473968506,0,15.7553949356079,21.9814109802246,26.2713394165039,0.104708939790726,52.8006896972656,14.9441013336182,-0.0812776237726212,9.73211097717285,-598.23955761392,-2372.48932304778,"StriatedCaracara",10
2107,0,166.011520385742,0,13.0358743667603,9.11081886291504,13.9850425720215,5.09045553207397,20.1972026824951,1.11305451393127,-0.5546053647995,3.33149313926697,-1068.23955761392,-2382.48932304778,"StriatedCaracara",10
2108,0,160.651550292969,0,12.7622241973877,9.69198226928711,5.49635553359985,7.08013677597046,11.1595878601074,0.806575775146484,0.0471799150109291,34.3282585144043,-1058.23955761392,-2382.48932304778,"StriatedCaracara",10
2109,0,160.651550292969,0,12.7622241973877,9.69198226928711,5.49635553359985,7.08013677597046,11.1595878601074,0.806575775146484,0.0471799150109291,34.3282585144043,-1048.23955761392,-2382.48932304778,"StriatedCaracara",10
2110,0,160.651550292969,0,12.7622241973877,9.69198226928711,5.49635553359985,7.08013677597046,11.1595878601074,0.806575775146484,0.0471799150109291,34.3282585144043,-1038.23955761392,-2382.48932304778,"StriatedCaracara",10
2111,0,124.514892578125,0,13.1690397262573,9.19918441772461,4.2743444442749,4.1963267326355,27.5943431854248,19.2589340209961,3.07123565673828,54.5527038574219,-1028.23955761392,-2382.48932304778,"StriatedCaracara",10
2112,0,124.514892578125,0,13.1690397262573,9.19918441772461,4.2743444442749,4.1963267326355,27.5943431854248,19.2589340209961,3.07123565673828,54.5527038574219,-1018.23955761392,-2382.48932304778,"StriatedCaracara",10
2113,0,118.863983154297,0,12.7138605117798,9.40079116821289,3.34312176704407,2.64128804206848,38.2128639221191,19.1718120574951,0.0572847127914429,103.501014709473,-1008.23955761392,-2382.48932304778,"StriatedCaracara",10
2114,0,112.436103820801,0,12.8655195236206,9.60788917541504,2.42519783973694,8.46836566925049,24.9565315246582,11.9215545654297,0.243678286671638,62.4212493896484,-998.23955761392,-2382.48932304778,"StriatedCaracara",10
2115,0,112.436103820801,0,12.8655195236206,9.60788917541504,2.42519783973694,8.46836566925049,24.9565315246582,11.9215545654297,0.243678286671638,62.4212493896484,-988.23955761392,-2382.48932304778,"StriatedCaracara",10
2116,0,113.452163696289,0,12.491003036499,10.4402894973755,0.852405905723572,1.30840170383453,41.9328498840332,6.89800882339478,-0.325087130069733,109.220008850098,-978.23955761392,-2382.48932304778,"StriatedCaracara",10
2117,0,105.854286193848,0,12.4148101806641,10.7554473876953,1.55254721641541,1.05196166038513,36.8930320739746,9.26538848876953,2.38797187805176,118.946128845215,-968.23955761392,-2382.48932304778,"StriatedCaracara",10
2118,0,85.162353515625,0,12.410195350647,10.8664894104004,1.71793568134308,5.31883907318115,45.6481475830078,9.36189270019531,2.78215336799622,103.203330993652,-958.23955761392,-2382.48932304778,"StriatedCaracara",10
2119,0,85.162353515625,0,12.410195350647,10.8664894104004,1.71793568134308,5.31883907318115,45.6481475830078,9.36189270019531,2.78215336799622,103.203330993652,-948.23955761392,-2382.48932304778,"StriatedCaracara",10
2120,1,77.3185729980469,0,12.6428546905518,10.7110023498535,8.01457214355469,9.59926509857178,29.2820301055908,5.99372005462646,-0.490310072898865,68.4425659179688,-938.23955761392,-2382.48932304778,"StriatedCaracara",10
2121,0,69.1394500732422,0,12.7152614593506,11.4096908569336,0.581400454044342,10.1965789794922,42.7015037536621,1.91707718372345,-3.75681114196777,79.1536102294922,-928.23955761392,-2382.48932304778,"StriatedCaracara",10
2122,0,54.6098327636719,0,12.7713651657104,11.276593208313,2.7566602230072,11.364052772522,32.0362777709961,7.42016744613647,2.23839473724365,80.7165832519531,-918.23955761392,-2382.48932304778,"StriatedCaracara",10
2123,0,54.6098327636719,0,12.7713651657104,11.276593208313,2.7566602230072,11.364052772522,32.0362777709961,7.42016744613647,2.23839473724365,80.7165832519531,-908.23955761392,-2382.48932304778,"StriatedCaracara",10
2124,0,47.686767578125,0,11.8186836242676,12.4196681976318,2.91998052597046,15.4962997436523,32.5200729370117,4.64647054672241,-3.5371105670929,121.692810058594,-898.23955761392,-2382.48932304778,"StriatedCaracara",10
2125,0,41.3894500732422,0,12.2441253662109,11.5932188034058,2.12515640258789,21.6645183563232,24.5207023620605,5.91179180145264,3.29579615592957,105.057716369629,-888.23955761392,-2382.48932304778,"StriatedCaracara",10
2126,0,32.5159301757812,0,12.2854585647583,12.3572082519531,2.89400815963745,27.635814666748,26.6930809020996,11.6187868118286,-2.67550563812256,84.1503982543945,-878.23955761392,-2382.48932304778,"StriatedCaracara",10
2127,0,32.5159301757812,0,12.2854585647583,12.3572082519531,2.89400815963745,27.635814666748,26.6930809020996,11.6187868118286,-2.67550563812256,84.1503982543945,-868.23955761392,-2382.48932304778,"StriatedCaracara",10
2128,0,30.0240936279297,0,11.6636953353882,11.5916442871094,4.84519386291504,27.7748870849609,35.85986328125,10.2286806106567,2.47603988647461,76.1705169677734,-858.23955761392,-2382.48932304778,"StriatedCaracara",10
2129,0,24.2147903442383,0,12.1079158782959,11.2658910751343,0.436665922403336,30.5183353424072,24.8590469360352,8.60496139526367,-1.43616533279419,44.8442687988281,-848.23955761392,-2382.48932304778,"StriatedCaracara",10
2130,0,15.9421997070312,0,12.2490015029907,12.0053405761719,0.267271220684052,33.9959945678711,16.8781127929688,2.4128851890564,2.17217493057251,36.9416732788086,-838.23955761392,-2382.48932304778,"StriatedCaracara",10
2131,1,7.52874422073364,0,12.2781620025635,12.6526641845703,6.19590044021606,30.7670516967773,18.9823627471924,2.35699319839478,2.77483654022217,41.1013107299805,-828.23955761392,-2382.48932304778,"StriatedCaracara",10
2132,1,1.77031350135803,0,13.0625696182251,13.1903610229492,3.52296471595764,27.6621627807617,15.4924230575562,3.25310468673706,-0.266857832670212,29.5359363555908,-818.23955761392,-2382.48932304778,"StriatedCaracara",10
2133,0,24.0178852081299,0,13.6139907836914,16.9007911682129,2.91838121414185,23.5736312866211,18.65647315979,3.61432242393494,-0.0931260660290718,11.8591384887695,-788.23955761392,-2382.48932304778,"StriatedCaracara",10
2134,0,1.52243673801422,0,13.4641389846802,16.6432857513428,6.02524518966675,18.1267700195312,32.8175468444824,9.27789974212646,0.600141406059265,38.6695938110352,-778.23955761392,-2382.48932304778,"StriatedCaracara",10
2135,1,2.05833315849304,0,14.4372053146362,17.8004455566406,5.33930730819702,18.0761528015137,28.5619621276855,3.7623507976532,-0.42191469669342,11.3023290634155,-718.23955761392,-2382.48932304778,"StriatedCaracara",10
2136,0,2.05833315849304,0,14.4372053146362,17.8004455566406,5.33930730819702,18.0761528015137,28.5619621276855,3.7623507976532,-0.42191469669342,11.3023290634155,-708.23955761392,-2382.48932304778,"StriatedCaracara",10
2137,0,5.18813037872314,0,14.1544246673584,16.4832630157471,8.02852058410645,29.4241485595703,46.4370040893555,3.29775404930115,0.0755345672369003,16.5997524261475,-698.23955761392,-2382.48932304778,"StriatedCaracara",10
2138,1,3.32039856910706,0,13.5171556472778,16.2477245330811,10.1154260635376,29.7859420776367,47.6298980712891,3.17090606689453,0.736971139907837,13.6822271347046,-688.23955761392,-2382.48932304778,"StriatedCaracara",10
2139,1,2.84943604469299,0,13.3142156600952,16.286226272583,8.41110992431641,26.9025573730469,46.8800201416016,8.16098117828369,0.0697136521339417,16.7014026641846,-678.23955761392,-2382.48932304778,"StriatedCaracara",10
2140,0,4.86652183532715,0,13.5033416748047,16.8468818664551,2.9389431476593,23.0730476379395,48.4168014526367,15.7900009155273,0.486991047859192,22.1137237548828,-668.23955761392,-2382.48932304778,"StriatedCaracara",10
2141,1,3.38465404510498,0,13.857048034668,16.8712291717529,7.33667898178101,13.7693567276001,51.3877639770508,18.9848480224609,0.071611225605011,24.2328720092773,-658.23955761392,-2382.48932304778,"StriatedCaracara",10
2142,1,2.14829111099243,0,14.3792972564697,17.3428573608398,25.3923358917236,8.74492645263672,49.3033218383789,13.7736101150513,0.477617383003235,25.2473640441895,-648.23955761392,-2382.48932304778,"StriatedCaracara",10
2143,1,4.20931720733643,0,14.9718952178955,17.8351192474365,30.6933727264404,0.593938827514648,50.1698455810547,17.2951335906982,0.360200166702271,18.9588298797607,-638.23955761392,-2382.48932304778,"StriatedCaracara",10
2144,1,3.81000709533691,0,15.3937282562256,18.68092918396,28.1341953277588,0.252530455589294,48.1856918334961,17.3720417022705,-0.840903460979462,14.5283679962158,-628.23955761392,-2382.48932304778,"StriatedCaracara",10
2145,1,4.4652214050293,0,15.7898693084717,20.0781784057617,25.5377292633057,0.238045409321785,46.2900543212891,14.8886671066284,-0.755687177181244,5.05175018310547,-618.23955761392,-2382.48932304778,"StriatedCaracara",10
2146,1,5.17399787902832,0,15.8516063690186,21.8007373809814,25.3225803375244,0.687104046344757,47.1472434997559,16.4531326293945,-0.432930797338486,8.52181911468506,-608.23955761392,-2382.48932304778,"StriatedCaracara",10
2147,1,2.59408473968506,0,15.7553949356079,21.9814109802246,26.2713394165039,0.104708939790726,52.8006896972656,14.9441013336182,-0.0812776237726212,9.73211097717285,-598.23955761392,-2382.48932304778,"StriatedCaracara",10
2148,1,2.30683660507202,0,15.6107540130615,22.7110366821289,26.0450038909912,1.14891564846039,47.8901519775391,18.8994464874268,-0.245427682995796,7.91431522369385,-588.23955761392,-2382.48932304778,"StriatedCaracara",10
2149,0,153.279479980469,0,12.5630311965942,9.79372787475586,0.0574709214270115,0.493738412857056,29.9557971954346,3.36274576187134,0.449300467967987,76.8779983520508,-1038.23955761392,-2392.48932304778,"StriatedCaracara",10
2150,0,153.279479980469,0,12.5630311965942,9.79372787475586,0.0574709214270115,0.493738412857056,29.9557971954346,3.36274576187134,0.449300467967987,76.8779983520508,-1028.23955761392,-2392.48932304778,"StriatedCaracara",10
2151,0,133.239807128906,0,12.822564125061,9.25129699707031,0,0.362190335988998,38.7099380493164,4.66835069656372,6.42308473587036,99.1025085449219,-1018.23955761392,-2392.48932304778,"StriatedCaracara",10
2152,0,133.239807128906,0,12.822564125061,9.25129699707031,0,0.362190335988998,38.7099380493164,4.66835069656372,6.42308473587036,99.1025085449219,-1008.23955761392,-2392.48932304778,"StriatedCaracara",10
2153,0,133.239807128906,0,12.822564125061,9.25129699707031,0,0.362190335988998,38.7099380493164,4.66835069656372,6.42308473587036,99.1025085449219,-998.23955761392,-2392.48932304778,"StriatedCaracara",10
2154,0,113.452163696289,0,12.491003036499,10.4402894973755,0.852405905723572,1.30840170383453,41.9328498840332,6.89800882339478,-0.325087130069733,109.220008850098,-988.23955761392,-2392.48932304778,"StriatedCaracara",10
2155,0,113.452163696289,0,12.491003036499,10.4402894973755,0.852405905723572,1.30840170383453,41.9328498840332,6.89800882339478,-0.325087130069733,109.220008850098,-978.23955761392,-2392.48932304778,"StriatedCaracara",10
2156,0,105.854286193848,0,12.4148101806641,10.7554473876953,1.55254721641541,1.05196166038513,36.8930320739746,9.26538848876953,2.38797187805176,118.946128845215,-968.23955761392,-2392.48932304778,"StriatedCaracara",10
2157,0,98.0525436401367,0,12.5161390304565,10.4338283538818,0.0689664930105209,0.542478144168854,52.8888664245605,5.78289222717285,-1.19555187225342,55.2566986083984,-958.23955761392,-2392.48932304778,"StriatedCaracara",10
2158,0,82.3366775512695,0,12.5792379379272,10.3667478561401,2.79385352134705,9.03407001495361,44.5005836486816,11.4439601898193,-1.1141152381897,79.2978591918945,-948.23955761392,-2392.48932304778,"StriatedCaracara",10
2159,0,82.3366775512695,0,12.5792379379272,10.3667478561401,2.79385352134705,9.03407001495361,44.5005836486816,11.4439601898193,-1.1141152381897,79.2978591918945,-938.23955761392,-2392.48932304778,"StriatedCaracara",10
2160,0,74.8836975097656,0,12.1903581619263,10.8265571594238,1.26401996612549,5.024094581604,27.9115409851074,4.7284574508667,3.10600805282593,98.1903839111328,-928.23955761392,-2392.48932304778,"StriatedCaracara",10
2161,0,67.7657928466797,0,12.2702674865723,11.1043949127197,0.0875596329569817,8.97544860839844,40.6223907470703,5.37050485610962,0.732138276100159,108.601257324219,-918.23955761392,-2392.48932304778,"StriatedCaracara",10
2162,0,61.5191421508789,0,12.6602039337158,10.6935501098633,2.60998487472534,16.238676071167,29.1573829650879,7.97361421585083,-3.63102340698242,86.7930374145508,-908.23955761392,-2392.48932304778,"StriatedCaracara",10
2163,0,50.5473747253418,0,12.6974906921387,11.7390556335449,3.2204749584198,17.8558864593506,30.8592147827148,13.6644458770752,-3.43535685539246,75.0178070068359,-898.23955761392,-2392.48932304778,"StriatedCaracara",10
2164,0,50.5473747253418,0,12.6974906921387,11.7390556335449,3.2204749584198,17.8558864593506,30.8592147827148,13.6644458770752,-3.43535685539246,75.0178070068359,-888.23955761392,-2392.48932304778,"StriatedCaracara",10
2165,0,46.0705871582031,0,12.2567577362061,11.8330516815186,1.9087849855423,25.1733856201172,30.2671070098877,8.92897701263428,0.659284234046936,90.7470550537109,-878.23955761392,-2392.48932304778,"StriatedCaracara",10
2166,0,42.1237411499023,0,11.7572221755981,11.811544418335,5.20848846435547,27.9036407470703,31.8406467437744,8.88434410095215,1.03261339664459,82.1651840209961,-868.23955761392,-2392.48932304778,"StriatedCaracara",10
2167,0,35.2835845947266,0,11.5120496749878,11.6589155197144,5.56660079956055,28.2665424346924,30.1905574798584,8.39261054992676,-0.761681795120239,87.7036285400391,-858.23955761392,-2392.48932304778,"StriatedCaracara",10
2168,0,26.6259536743164,0,11.715124130249,11.3274116516113,2.5401303768158,32.3329086303711,23.5611038208008,4.81646537780762,-1.27485918998718,69.246223449707,-848.23955761392,-2392.48932304778,"StriatedCaracara",10
2169,0,17.8947715759277,0,11.7964000701904,11.2637062072754,1.27968049049377,32.1765060424805,19.6104431152344,3.48976683616638,0.55329442024231,56.2891845703125,-838.23955761392,-2392.48932304778,"StriatedCaracara",10
2170,0,9.21235752105713,0,12.5381317138672,12.4893379211426,0.685538589954376,37.2456817626953,9.60981750488281,2.28165912628174,-2.93967628479004,54.6348571777344,-828.23955761392,-2392.48932304778,"StriatedCaracara",10
2171,1,1.77031350135803,0,13.0625696182251,13.1903610229492,3.52296471595764,27.6621627807617,15.4924230575562,3.25310468673706,-0.266857832670212,29.5359363555908,-818.23955761392,-2392.48932304778,"StriatedCaracara",10
2172,0,24.0178852081299,0,13.6139907836914,16.9007911682129,2.91838121414185,23.5736312866211,18.65647315979,3.61432242393494,-0.0931260660290718,11.8591384887695,-788.23955761392,-2392.48932304778,"StriatedCaracara",10
2173,0,24.0178852081299,0,13.6139907836914,16.9007911682129,2.91838121414185,23.5736312866211,18.65647315979,3.61432242393494,-0.0931260660290718,11.8591384887695,-778.23955761392,-2392.48932304778,"StriatedCaracara",10
2174,0,2.74496269226074,0,13.0392713546753,17.1719532012939,0.306591480970383,25.2203159332275,17.4657554626465,1.33287382125854,0.437748521566391,26.2856311798096,-748.23955761392,-2392.48932304778,"StriatedCaracara",10
2175,1,1.66491913795471,0,14.2055425643921,17.3886127471924,6.05187702178955,15.8919696807861,22.632080078125,1.59319734573364,-0.706284880638123,9.61338233947754,-738.23955761392,-2392.48932304778,"StriatedCaracara",10
2176,1,1.66491913795471,0,14.2055425643921,17.3886127471924,6.05187702178955,15.8919696807861,22.632080078125,1.59319734573364,-0.706284880638123,9.61338233947754,-728.23955761392,-2392.48932304778,"StriatedCaracara",10
2177,1,2.32406735420227,0,14.1518831253052,16.6660919189453,16.6100444793701,22.3636665344238,43.7633209228516,2.71260213851929,0.175817534327507,13.0787296295166,-718.23955761392,-2392.48932304778,"StriatedCaracara",10
2178,1,2.58197546005249,0,13.9056539535522,15.7876977920532,6.21276521682739,32.173942565918,48.7929458618164,4.0528621673584,0.339721858501434,12.0443668365479,-708.23955761392,-2392.48932304778,"StriatedCaracara",10
2179,1,4.30309820175171,0,13.549072265625,15.8022060394287,12.7475996017456,13.2971591949463,52.0486068725586,15.2663106918335,0.442222267389297,10.1902074813843,-698.23955761392,-2392.48932304778,"StriatedCaracara",10
2180,0,3.22018527984619,0,13.2257995605469,16.3870944976807,20.6273078918457,16.3657741546631,48.9128532409668,9.49026012420654,0.620094180107117,15.9007635116577,-688.23955761392,-2392.48932304778,"StriatedCaracara",10
2181,0,1.66253221035004,0,13.2608919143677,16.5441455841064,6.99108409881592,17.882209777832,51.3584136962891,16.8710479736328,1.22096276283264,19.4205169677734,-678.23955761392,-2392.48932304778,"StriatedCaracara",10
2182,0,2.84575033187866,0,13.6043186187744,16.588493347168,4.08214282989502,15.1021823883057,54.0060653686523,14.9667100906372,0.419163137674332,19.4350509643555,-668.23955761392,-2392.48932304778,"StriatedCaracara",10
2183,0,6.28163480758667,0,14.0902137756348,16.8224849700928,4.96663045883179,15.1369600296021,51.265926361084,18.7219009399414,-0.159855008125305,15.1199254989624,-658.23955761392,-2392.48932304778,"StriatedCaracara",10
2184,1,7.98006820678711,0,14.6343803405762,17.2046356201172,11.1498565673828,3.86142420768738,53.8889236450195,27.6543197631836,0.253357201814651,11.8573360443115,-648.23955761392,-2392.48932304778,"StriatedCaracara",10
2185,0,6.34632396697998,0,15.0602359771729,17.7231578826904,19.7009506225586,0.407419979572296,51.9142990112305,27.6352062225342,-0.528031885623932,11.1443729400635,-638.23955761392,-2392.48932304778,"StriatedCaracara",10
2186,0,7.12834739685059,0,15.1870994567871,18.3476028442383,22.5980281829834,0,51.665412902832,25.4483089447021,0.25603386759758,15.1947784423828,-628.23955761392,-2392.48932304778,"StriatedCaracara",10
2187,1,5.80874538421631,0,15.4323482513428,19.2035140991211,25.5191612243652,0.073186419904232,49.1015014648438,19.9450073242188,-0.0345401167869568,12.4484386444092,-618.23955761392,-2392.48932304778,"StriatedCaracara",10
2188,1,4.85901021957397,0,15.4055938720703,20.3193130493164,18.3970813751221,0.00388721935451031,51.7165756225586,29.2308406829834,0.847240030765533,14.3790874481201,-608.23955761392,-2392.48932304778,"StriatedCaracara",10
2189,1,2.39927911758423,0,15.4386529922485,21.6149139404297,19.1638603210449,0,52.1786308288574,28.2360210418701,0.380480885505676,12.7976627349854,-598.23955761392,-2392.48932304778,"StriatedCaracara",10
2190,1,2.30683660507202,0,15.6107540130615,22.7110366821289,26.0450038909912,1.14891564846039,47.8901519775391,18.8994464874268,-0.245427682995796,7.91431522369385,-588.23955761392,-2392.48932304778,"StriatedCaracara",10
2191,1,0.996288418769836,0,15.6359777450562,23.1564197540283,9.67110443115234,0.170036047697067,24.4194221496582,18.8734951019287,0.0472717769443989,2.72180223464966,-578.23955761392,-2392.48932304778,"StriatedCaracara",10
2192,1,1.4650582075119,0,15.343035697937,23.0562210083008,13.5569114685059,0.245281726121902,39.7064094543457,20.628059387207,0.0775834023952484,4.37362289428711,-568.23955761392,-2392.48932304778,"StriatedCaracara",10
2193,0,153.279479980469,0,12.5630311965942,9.79372787475586,0.0574709214270115,0.493738412857056,29.9557971954346,3.36274576187134,0.449300467967987,76.8779983520508,-1038.23955761392,-2402.48932304778,"StriatedCaracara",10
2194,0,153.279479980469,0,12.5630311965942,9.79372787475586,0.0574709214270115,0.493738412857056,29.9557971954346,3.36274576187134,0.449300467967987,76.8779983520508,-1028.23955761392,-2402.48932304778,"StriatedCaracara",10
2195,0,140.733825683594,0,12.6039037704468,9.31625175476074,0,1.43442583084106,45.8940353393555,6.84872674942017,5.51809215545654,101.755218505859,-1018.23955761392,-2402.48932304778,"StriatedCaracara",10
2196,0,140.733825683594,0,12.6039037704468,9.31625175476074,0,1.43442583084106,45.8940353393555,6.84872674942017,5.51809215545654,101.755218505859,-1008.23955761392,-2402.48932304778,"StriatedCaracara",10
2197,0,125.888427734375,0,12.2991943359375,10.3187713623047,0.373664885759354,0.850642800331116,31.5127468109131,5.81670761108398,2.18076491355896,120.424865722656,-998.23955761392,-2402.48932304778,"StriatedCaracara",10
2198,0,125.888427734375,0,12.2991943359375,10.3187713623047,0.373664885759354,0.850642800331116,31.5127468109131,5.81670761108398,2.18076491355896,120.424865722656,-988.23955761392,-2402.48932304778,"StriatedCaracara",10
2199,0,118.097290039062,0,11.9314117431641,10.909065246582,0.582434356212616,0.789138734340668,40.5999221801758,7.13212299346924,1.10722994804382,153.39338684082,-978.23955761392,-2402.48932304778,"StriatedCaracara",10
2200,0,110.484237670898,0,12.1314544677734,10.7472772598267,1.36507534980774,1.55521380901337,51.2859344482422,6.61370468139648,1.3499481678009,138.432968139648,-968.23955761392,-2402.48932304778,"StriatedCaracara",10
2201,0,98.0525436401367,0,12.5161390304565,10.4338283538818,0.0689664930105209,0.542478144168854,52.8888664245605,5.78289222717285,-1.19555187225342,55.2566986083984,-958.23955761392,-2402.48932304778,"StriatedCaracara",10
2202,0,88.6971740722656,0,12.5321397781372,10.2783708572388,1.18792080879211,1.90366542339325,40.8612403869629,13.0925559997559,3.63242864608765,86.1210632324219,-948.23955761392,-2402.48932304778,"StriatedCaracara",10
2203,0,88.6971740722656,0,12.5321397781372,10.2783708572388,1.18792080879211,1.90366542339325,40.8612403869629,13.0925559997559,3.63242864608765,86.1210632324219,-938.23955761392,-2402.48932304778,"StriatedCaracara",10
2204,0,70.3792114257812,0,12.6713581085205,10.7480764389038,0,1.10560870170593,21.1135482788086,6.58569192886353,-0.979335248470306,14.8680429458618,-928.23955761392,-2402.48932304778,"StriatedCaracara",10
2205,1,70.3792114257812,1,12.6713581085205,10.7480764389038,0,1.10560870170593,21.1135482788086,6.58569192886353,-0.979335248470306,14.8680429458618,-918.23955761392,-2402.48932304778,"StriatedCaracara",10
2206,0,68.7172698974609,0,12.4960250854492,10.8478937149048,0.0695576742291451,13.7401466369629,29.1572666168213,7.27181053161621,-0.365209370851517,71.5582656860352,-908.23955761392,-2402.48932304778,"StriatedCaracara",10
2207,0,64.2277145385742,0,11.6611433029175,11.4387845993042,1.35486018657684,7.88467407226562,36.4468574523926,7.44551134109497,7.47774267196655,132.555572509766,-898.23955761392,-2402.48932304778,"StriatedCaracara",10
2208,0,59.4650611877441,0,11.6987161636353,11.7744140625,0.797573626041412,10.3963098526001,38.4895362854004,8.30573844909668,3.02968168258667,132.92578125,-888.23955761392,-2402.48932304778,"StriatedCaracara",10
2209,0,53.2285423278809,0,11.4430379867554,12.2614641189575,2.24050378799438,15.4968614578247,30.0661392211914,7.28752040863037,1.6819099187851,125.202102661133,-878.23955761392,-2402.48932304778,"StriatedCaracara",10
2210,0,45.0912857055664,0,11.597412109375,12.4546175003052,2.51369595527649,21.3291091918945,23.0520935058594,12.9932136535645,5.28881216049194,120.525741577148,-868.23955761392,-2402.48932304778,"StriatedCaracara",10
2211,0,36.4900512695312,0,11.2489500045776,12.5025882720947,5.49987125396729,19.5770664215088,28.3142585754395,15.8991556167603,3.04456686973572,107.061462402344,-858.23955761392,-2402.48932304778,"StriatedCaracara",10
2212,0,28.0160694122314,0,11.5006113052368,11.519983291626,4.26258182525635,27.0814914703369,25.2958946228027,9.97134208679199,1.57392454147339,108.334854125977,-848.23955761392,-2402.48932304778,"StriatedCaracara",10
2213,0,19.7903118133545,0,11.8636665344238,11.3847560882568,2.36688947677612,33.2987632751465,22.4345359802246,5.35243844985962,-3.01841402053833,71.2532730102539,-838.23955761392,-2402.48932304778,"StriatedCaracara",10
2214,0,12.2764167785645,0,11.9590291976929,11.4274606704712,2.16334629058838,35.2325439453125,19.6879978179932,2.49591493606567,1.2978630065918,66.5905456542969,-828.23955761392,-2402.48932304778,"StriatedCaracara",10
2215,1,6.64579677581787,0,12.7197484970093,12.1907215118408,0.708502113819122,22.933910369873,16.6099891662598,2.01126599311829,0.547330677509308,25.850212097168,-818.23955761392,-2402.48932304778,"StriatedCaracara",10
2216,0,20.1674251556396,0,13.0266132354736,14.743185043335,0.983963072299957,32.0991897583008,13.8926029205322,6.76299858093262,-0.190497368574142,14.7204284667969,-798.23955761392,-2402.48932304778,"StriatedCaracara",10
2217,0,24.6544723510742,0,12.7900972366333,15.9153480529785,0.598288297653198,40.3342056274414,14.5548982620239,3.3799877166748,1.61841547489166,25.2860527038574,-788.23955761392,-2402.48932304778,"StriatedCaracara",10
2218,0,20.8634929656982,0,13.2114810943604,17.5985927581787,1.61514472961426,26.7687358856201,17.8900718688965,0.681412398815155,-0.457982897758484,10.6636400222778,-778.23955761392,-2402.48932304778,"StriatedCaracara",10
2219,1,2.74496269226074,0,13.0392713546753,17.1719532012939,0.306591480970383,25.2203159332275,17.4657554626465,1.33287382125854,0.437748521566391,26.2856311798096,-758.23955761392,-2402.48932304778,"StriatedCaracara",10
2220,0,2.74496269226074,0,13.0392713546753,17.1719532012939,0.306591480970383,25.2203159332275,17.4657554626465,1.33287382125854,0.437748521566391,26.2856311798096,-748.23955761392,-2402.48932304778,"StriatedCaracara",10
2221,0,6.92069149017334,0,13.5338611602783,16.6804161071777,3.81345891952515,32.4918212890625,36.4339256286621,2.68817257881165,-0.866495013237,17.9487724304199,-738.23955761392,-2402.48932304778,"StriatedCaracara",10
2222,0,10.5236444473267,0,13.3867435455322,16.1950950622559,4.95087385177612,32.5510063171387,45.310131072998,2.12739896774292,0.475875735282898,14.8064479827881,-728.23955761392,-2402.48932304778,"StriatedCaracara",10
2223,0,11.0626125335693,0,13.2543640136719,15.9791030883789,1.47564899921417,32.470085144043,45.196102142334,3.62576365470886,0.601590752601624,11.3331527709961,-718.23955761392,-2402.48932304778,"StriatedCaracara",10
2224,0,8.8634147644043,0,13.3047828674316,15.6983604431152,4.83142471313477,31.5995979309082,43.141845703125,2.76026368141174,0.0194601826369762,12.0126600265503,-708.23955761392,-2402.48932304778,"StriatedCaracara",10
2225,0,6.54003429412842,0,13.6951456069946,15.7065382003784,9.29918384552002,17.8567810058594,50.7001304626465,17.6852416992188,-0.159607842564583,8.99954891204834,-698.23955761392,-2402.48932304778,"StriatedCaracara",10
2226,1,4.29006099700928,0,13.8471069335938,15.6507196426392,6.92947912216187,10.7280750274658,52.8564186096191,24.9642238616943,-0.308042794466019,12.332989692688,-688.23955761392,-2402.48932304778,"StriatedCaracara",10
2227,0,2.29356908798218,0,13.9810962677002,16.0417995452881,5.2563214302063,8.99288845062256,54.0490798950195,22.8370418548584,-0.503376424312592,14.9451913833618,-678.23955761392,-2402.48932304778,"StriatedCaracara",10
2228,0,3.45338535308838,0,14.1944828033447,16.2960815429688,5.98642539978027,7.05211448669434,54.967643737793,25.9035396575928,-0.101031690835953,12.5216903686523,-668.23955761392,-2402.48932304778,"StriatedCaracara",10
2229,0,8.96462059020996,0,14.584979057312,16.4229507446289,8.32039451599121,1.96522164344788,55.6832084655762,28.5726337432861,0.0420281887054443,9.85130500793457,-658.23955761392,-2402.48932304778,"StriatedCaracara",10
2230,1,14.3600854873657,0,14.8848075866699,16.6664447784424,10.917329788208,1.19970011711121,54.2681198120117,32.0045776367188,0.481490284204483,8.7467041015625,-648.23955761392,-2402.48932304778,"StriatedCaracara",10
2231,0,13.6003684997559,0,15.0659065246582,16.7650737762451,19.1394634246826,0.189964130520821,52.1929168701172,27.4174041748047,0.107495039701462,9.4835729598999,-638.23955761392,-2402.48932304778,"StriatedCaracara",10
2232,0,10.2528715133667,0,15.24827003479,17.3716602325439,17.7826461791992,0,50.6170043945312,29.8321933746338,0.155201062560081,10.0386095046997,-628.23955761392,-2402.48932304778,"StriatedCaracara",10
2233,0,9.44154262542725,0,15.4275932312012,18.3344688415527,8.62233734130859,0.0233187507838011,54.7986717224121,35.4743614196777,0.194279849529266,9.31962108612061,-618.23955761392,-2402.48932304778,"StriatedCaracara",10
2234,0,9.71287059783936,0,15.5739421844482,19.3932285308838,11.9066219329834,0,52.021858215332,33.8757286071777,-0.278268486261368,7.42073583602905,-608.23955761392,-2402.48932304778,"StriatedCaracara",10
2235,1,5.45294952392578,0,15.5853176116943,20.6743469238281,20.694787979126,0.183282762765884,51.5396881103516,27.1118507385254,-0.378041297197342,10.2869443893433,-598.23955761392,-2402.48932304778,"StriatedCaracara",10
2236,1,1.80943071842194,0,15.5857048034668,21.6998805999756,25.3072242736816,0.35758775472641,50.4631996154785,23.0387096405029,0.149905800819397,10.2483596801758,-588.23955761392,-2402.48932304778,"StriatedCaracara",10
2237,1,1.41005766391754,0,15.552303314209,22.8207626342773,20.0408058166504,0.711477816104889,47.6793823242188,23.3542366027832,-0.105436220765114,8.4649486541748,-578.23955761392,-2402.48932304778,"StriatedCaracara",10
2238,1,1.4650582075119,0,15.343035697937,23.0562210083008,13.5569114685059,0.245281726121902,39.7064094543457,20.628059387207,0.0775834023952484,4.37362289428711,-568.23955761392,-2402.48932304778,"StriatedCaracara",10
2239,0,1.5465362071991,0,14.9826698303223,22.6749801635742,13.8338871002197,16.608304977417,49.0377883911133,5.60227727890015,-0.38386407494545,6.78984498977661,-558.23955761392,-2402.48932304778,"StriatedCaracara",10
2240,0,153.279479980469,0,12.5630311965942,9.79372787475586,0.0574709214270115,0.493738412857056,29.9557971954346,3.36274576187134,0.449300467967987,76.8779983520508,-1038.23955761392,-2412.48932304778,"StriatedCaracara",10
2241,0,153.279479980469,0,12.5630311965942,9.79372787475586,0.0574709214270115,0.493738412857056,29.9557971954346,3.36274576187134,0.449300467967987,76.8779983520508,-1028.23955761392,-2412.48932304778,"StriatedCaracara",10
2242,0,146.088775634766,0,13.0095586776733,9.47361373901367,0,0.795923113822937,20.0800914764404,2.96662282943726,-3.10061526298523,31.7483673095703,-1018.23955761392,-2412.48932304778,"StriatedCaracara",10
2243,0,146.088775634766,0,13.0095586776733,9.47361373901367,0,0.795923113822937,20.0800914764404,2.96662282943726,-3.10061526298523,31.7483673095703,-1008.23955761392,-2412.48932304778,"StriatedCaracara",10
2244,0,138.576950073242,0,12.9026098251343,9.84702777862549,0,0.524459600448608,22.7276611328125,2.94572615623474,3.7491283416748,44.932373046875,-998.23955761392,-2412.48932304778,"StriatedCaracara",10
2245,0,130.81575012207,0,12.7259750366211,10.0955715179443,0,0.267642229795456,22.8518142700195,3.44091749191284,-2.49984550476074,49.4002456665039,-988.23955761392,-2412.48932304778,"StriatedCaracara",10
2246,0,123.391738891602,0,12.483738899231,10.146354675293,0.00189850607421249,0.515779197216034,26.4961395263672,2.03413105010986,-1.52070116996765,67.4888610839844,-978.23955761392,-2412.48932304778,"StriatedCaracara",10
2247,0,115.980567932129,0,12.1644725799561,10.3103351593018,0.889702439308167,2.75455403327942,37.7829666137695,1.84570443630219,1.84165847301483,104.237831115723,-968.23955761392,-2412.48932304778,"StriatedCaracara",10
2248,0,108.944938659668,0,11.7426128387451,11.1655044555664,0.811516344547272,2.59611248970032,43.1374816894531,7.65094900131226,1.85517311096191,156.468292236328,-958.23955761392,-2412.48932304778,"StriatedCaracara",10
2249,0,102.161819458008,0,10.9453678131104,11.7963161468506,0.120937824249268,1.28400456905365,53.9981689453125,1.49439752101898,-4.09183025360107,177.412704467773,-948.23955761392,-2412.48932304778,"StriatedCaracara",10
2250,0,95.579460144043,0,11.1530866622925,11.7388582229614,0.573901236057281,1.71281468868256,45.8796234130859,4.78337907791138,1.34386873245239,160.227081298828,-938.23955761392,-2412.48932304778,"StriatedCaracara",10
2251,0,90.1176071166992,0,12.1897211074829,10.3823614120483,2.8039927482605,1.04538214206696,46.5874786376953,4.91636228561401,-3.3876850605011,82.8301010131836,-928.23955761392,-2412.48932304778,"StriatedCaracara",10
2252,0,84.5363693237305,0,12.26695728302,10.3094005584717,2.06632900238037,4.47113847732544,34.7704696655273,4.89838314056396,4.47766923904419,83.8361434936523,-918.23955761392,-2412.48932304778,"StriatedCaracara",10
2253,0,68.7172698974609,0,12.4960250854492,10.8478937149048,0.0695576742291451,13.7401466369629,29.1572666168213,7.27181053161621,-0.365209370851517,71.5582656860352,-908.23955761392,-2412.48932304778,"StriatedCaracara",10
2254,0,64.2277145385742,0,11.6611433029175,11.4387845993042,1.35486018657684,7.88467407226562,36.4468574523926,7.44551134109497,7.47774267196655,132.555572509766,-898.23955761392,-2412.48932304778,"StriatedCaracara",10
2255,0,55.6656188964844,0,12.7310228347778,10.6213607788086,0.0431058369576931,13.391149520874,25.5721893310547,14.4819250106812,1.306920170784,48.7794342041016,-888.23955761392,-2412.48932304778,"StriatedCaracara",10
2256,1,55.6656188964844,0,12.7310228347778,10.6213607788086,0.0431058369576931,13.391149520874,25.5721893310547,14.4819250106812,1.306920170784,48.7794342041016,-878.23955761392,-2412.48932304778,"StriatedCaracara",10
2257,0,47.9346885681152,0,12.4091577529907,11.261754989624,0.296486884355545,13.669695854187,31.1066131591797,11.2272338867188,-8.63142013549805,95.2773971557617,-868.23955761392,-2412.48932304778,"StriatedCaracara",10
2258,0,40.014404296875,0,11.5203466415405,11.6864404678345,2.24056243896484,12.0267305374146,38.4842529296875,7.67726612091064,1.99365305900574,120.193435668945,-858.23955761392,-2412.48932304778,"StriatedCaracara",10
2259,0,32.5456962585449,0,12.0110912322998,11.1532049179077,3.72651267051697,31.8613986968994,27.2138824462891,6.67889785766602,0.513120055198669,73.1062469482422,-848.23955761392,-2412.48932304778,"StriatedCaracara",10
2260,0,25.8136825561523,0,11.9426469802856,11.2150955200195,3.07695889472961,33.9599380493164,18.8356437683105,5.66362762451172,-0.337490946054459,78.7748489379883,-838.23955761392,-2412.48932304778,"StriatedCaracara",10
2261,1,20.5433292388916,0,12.1382541656494,11.8749094009399,1.85358965396881,35.6536064147949,11.8234539031982,6.60815715789795,-0.0853233188390732,74.1509017944336,-828.23955761392,-2412.48932304778,"StriatedCaracara",10
2262,1,6.64579677581787,0,12.7197484970093,12.1907215118408,0.708502113819122,22.933910369873,16.6099891662598,2.01126599311829,0.547330677509308,25.850212097168,-818.23955761392,-2412.48932304778,"StriatedCaracara",10
2263,0,31.6310005187988,0,11.8678588867188,12.6784963607788,3.08466386795044,22.838903427124,15.9897994995117,9.78714466094971,1.99327337741852,86.621826171875,-808.23955761392,-2412.48932304778,"StriatedCaracara",10
2264,0,26.5110702514648,0,13.0873279571533,15.944806098938,0.25200092792511,37.3971138000488,14.6858043670654,2.18090415000916,-0.190800711512566,15.9984712600708,-798.23955761392,-2412.48932304778,"StriatedCaracara",10
2265,0,26.5110702514648,0,13.0873279571533,15.944806098938,0.25200092792511,37.3971138000488,14.6858043670654,2.18090415000916,-0.190800711512566,15.9984712600708,-788.23955761392,-2412.48932304778,"StriatedCaracara",10
2266,0,20.8634929656982,0,13.2114810943604,17.5985927581787,1.61514472961426,26.7687358856201,17.8900718688965,0.681412398815155,-0.457982897758484,10.6636400222778,-778.23955761392,-2412.48932304778,"StriatedCaracara",10
2267,1,1.57232785224915,0,13.1267738342285,17.3783397674561,0.701849281787872,24.0459671020508,13.3031129837036,5.31979370117188,-1.01130020618439,20.2334136962891,-758.23955761392,-2412.48932304778,"StriatedCaracara",10
2268,0,4.22165250778198,0,12.1017894744873,15.939227104187,1.07800114154816,37.9558944702148,15.9556140899658,4.26007461547852,2.90746569633484,70.3191604614258,-748.23955761392,-2412.48932304778,"StriatedCaracara",10
2269,0,12.4997625350952,0,11.891077041626,15.1970930099487,1.26985597610474,30.2927513122559,37.7304649353027,7.72426748275757,0.264550477266312,58.290096282959,-738.23955761392,-2412.48932304778,"StriatedCaracara",10
2270,0,19.7334251403809,0,12.4158544540405,15.8883390426636,0.825465798377991,27.476282119751,42.3057518005371,7.040696144104,-0.788548052310944,31.4473361968994,-728.23955761392,-2412.48932304778,"StriatedCaracara",10
2271,1,21.7380485534668,0,12.6477861404419,15.8126125335693,1.69172084331512,33.196174621582,36.7337265014648,1.02973461151123,-0.28877854347229,23.294002532959,-718.23955761392,-2412.48932304778,"StriatedCaracara",10
2272,1,19.4206008911133,0,13.2572603225708,15.9057750701904,4.06779956817627,28.702127456665,46.980598449707,3.62682962417603,-0.241106107831001,9.28174686431885,-708.23955761392,-2412.48932304778,"StriatedCaracara",10
2273,1,17.0233707427979,0,13.4435176849365,15.6481523513794,4.18840217590332,18.165599822998,39.6840362548828,11.6734094619751,0.010625833645463,12.7982311248779,-698.23955761392,-2412.48932304778,"StriatedCaracara",10
2274,0,13.8811740875244,0,13.781566619873,15.5506906509399,7.69101285934448,12.8795166015625,47.409049987793,20.7956390380859,0.0128916651010513,14.9129867553711,-688.23955761392,-2412.48932304778,"StriatedCaracara",10
2275,0,9.83822536468506,0,14.1955738067627,15.8220672607422,3.47279787063599,7.56728315353394,52.2832984924316,23.9922676086426,-0.359610140323639,9.62088012695312,-678.23955761392,-2412.48932304778,"StriatedCaracara",10
2276,1,4.23682260513306,0,14.201060295105,15.7155780792236,2.01028656959534,19.1379451751709,49.1944923400879,14.4399223327637,-0.0417348705232143,11.9528999328613,-668.23955761392,-2412.48932304778,"StriatedCaracara",10
2277,1,3.26218485832214,0,14.5956716537476,15.7663202285767,3.6926372051239,9.28646850585938,55.5021820068359,20.9023342132568,-0.542713344097137,9.37557125091553,-658.23955761392,-2412.48932304778,"StriatedCaracara",10
2278,0,8.47457695007324,0,14.8269948959351,15.8050203323364,5.99059343338013,1.79904747009277,55.9170227050781,34.8608665466309,-0.628020286560059,10.4820909500122,-648.23955761392,-2412.48932304778,"StriatedCaracara",10
2279,0,7.52840757369995,0,14.8730697631836,15.8732166290283,12.0709714889526,1.98451995849609,53.3056373596191,30.3996696472168,0.0967668890953064,12.6581373214722,-638.23955761392,-2412.48932304778,"StriatedCaracara",10
2280,1,2.99448704719543,0,15.0743637084961,16.6821384429932,8.75571632385254,4.29272937774658,54.5530853271484,31.757511138916,-0.211037889122963,12.3963832855225,-628.23955761392,-2412.48932304778,"StriatedCaracara",10
2281,1,2.72299480438232,0,15.1609754562378,17.391918182373,24.8212661743164,6.35047960281372,50.650749206543,17.7900085449219,0.0879960209131241,11.7267065048218,-618.23955761392,-2412.48932304778,"StriatedCaracara",10
2282,0,2.6028995513916,0,15.4187355041504,18.3133544921875,19.9924201965332,1.77204596996307,52.1709022521973,26.033504486084,0.039070051163435,7.99688625335693,-608.23955761392,-2412.48932304778,"StriatedCaracara",10
2283,0,2.58168745040894,0,15.3097229003906,19.537618637085,15.6329679489136,0.130263358354568,53.1444053649902,31.0003814697266,-0.0512045286595821,11.6840877532959,-598.23955761392,-2412.48932304778,"StriatedCaracara",10
2284,0,5.91950416564941,0,15.3241519927979,20.8381214141846,23.9454116821289,0.648764193058014,50.6545333862305,24.4843330383301,0.291816979646683,12.1364879608154,-588.23955761392,-2412.48932304778,"StriatedCaracara",10
2285,0,3.82853174209595,0,15.0679702758789,22.6212139129639,9.369140625,11.1761875152588,51.8570594787598,21.5846614837646,0.0915345698595047,14.5648212432861,-578.23955761392,-2412.48932304778,"StriatedCaracara",10
2286,1,2.85712194442749,0,15.0304431915283,22.8914699554443,12.3500595092773,16.5777492523193,45.042781829834,12.5824966430664,-0.332289546728134,14.1432685852051,-568.23955761392,-2412.48932304778,"StriatedCaracara",10
2287,1,1.5465362071991,0,14.9826698303223,22.6749801635742,13.8338871002197,16.608304977417,49.0377883911133,5.60227727890015,-0.38386407494545,6.78984498977661,-558.23955761392,-2412.48932304778,"StriatedCaracara",10
2288,1,2.03857278823853,0,14.488353729248,23.0238838195801,5.0914158821106,27.616626739502,45.0025939941406,4.0656681060791,0.938274323940277,12.3636331558228,-548.23955761392,-2412.48932304778,"StriatedCaracara",10
2289,0,153.279479980469,0,12.5630311965942,9.79372787475586,0.0574709214270115,0.493738412857056,29.9557971954346,3.36274576187134,0.449300467967987,76.8779983520508,-1028.23955761392,-2422.48932304778,"StriatedCaracara",10
2290,0,146.088775634766,0,13.0095586776733,9.47361373901367,0,0.795923113822937,20.0800914764404,2.96662282943726,-3.10061526298523,31.7483673095703,-1018.23955761392,-2422.48932304778,"StriatedCaracara",10
2291,0,146.088775634766,0,13.0095586776733,9.47361373901367,0,0.795923113822937,20.0800914764404,2.96662282943726,-3.10061526298523,31.7483673095703,-1008.23955761392,-2422.48932304778,"StriatedCaracara",10
2292,0,138.576950073242,0,12.9026098251343,9.84702777862549,0,0.524459600448608,22.7276611328125,2.94572615623474,3.7491283416748,44.932373046875,-998.23955761392,-2422.48932304778,"StriatedCaracara",10
2293,0,129.442794799805,0,12.7168045043945,10.1213388442993,0,0.375144571065903,17.3838157653809,2.1696949005127,-4.59486484527588,42.3955879211426,-988.23955761392,-2422.48932304778,"StriatedCaracara",10
2294,0,129.442794799805,0,12.7168045043945,10.1213388442993,0,0.375144571065903,17.3838157653809,2.1696949005127,-4.59486484527588,42.3955879211426,-978.23955761392,-2422.48932304778,"StriatedCaracara",10
2295,0,122.463233947754,0,12.1463060379028,10.4840173721313,0.0998423993587494,1.33481299877167,38.0817718505859,3.7018256187439,-0.705187976360321,120.393859863281,-968.23955761392,-2422.48932304778,"StriatedCaracara",10
2296,0,115.810981750488,0,12.2838516235352,10.7892942428589,0.969428837299347,1.06192123889923,36.2516174316406,7.17910194396973,-0.85256689786911,112.548789978027,-958.23955761392,-2422.48932304778,"StriatedCaracara",10
2297,0,109.332145690918,0,10.696590423584,11.776647567749,2.36881375312805,0.753065168857574,47.2626876831055,5.91452693939209,-1.0654354095459,180.549453735352,-948.23955761392,-2422.48932304778,"StriatedCaracara",10
2298,0,103.26091003418,0,8.2451286315918,13.6817588806152,1.77406716346741,0.525614321231842,47.3276519775391,0.240276962518692,7.27000141143799,108.51823425293,-938.23955761392,-2422.48932304778,"StriatedCaracara",10
2299,1,97.5048217773438,0,10.3554458618164,12.260232925415,0.488316565752029,1.73865497112274,49.0012321472168,2.59108185768127,0.652372896671295,144.901428222656,-928.23955761392,-2422.48932304778,"StriatedCaracara",10
2300,1,91.6061096191406,0,11.9768867492676,10.4105463027954,1.56684935092926,3.54817843437195,30.6187324523926,3.45749711990356,-6.94585275650024,116.141548156738,-918.23955761392,-2422.48932304778,"StriatedCaracara",10
2301,0,88.9992370605469,0,12.2310638427734,10.1604709625244,5.92637395858765,13.6293849945068,46.897102355957,5.04035520553589,-1.55674278736115,51.007999420166,-908.23955761392,-2422.48932304778,"StriatedCaracara",10
2302,0,73.5847015380859,0,11.7019319534302,10.8657608032227,1.99588179588318,5.40447521209717,56.0585861206055,5.99591827392578,3.67454552650452,116.336280822754,-898.23955761392,-2422.48932304778,"StriatedCaracara",10
2303,0,73.5847015380859,0,11.7019319534302,10.8657608032227,1.99588179588318,5.40447521209717,56.0585861206055,5.99591827392578,3.67454552650452,116.336280822754,-888.23955761392,-2422.48932304778,"StriatedCaracara",10
2304,0,55.6656188964844,0,12.7310228347778,10.6213607788086,0.0431058369576931,13.391149520874,25.5721893310547,14.4819250106812,1.306920170784,48.7794342041016,-878.23955761392,-2422.48932304778,"StriatedCaracara",10
2305,0,47.9346885681152,0,12.4091577529907,11.261754989624,0.296486884355545,13.669695854187,31.1066131591797,11.2272338867188,-8.63142013549805,95.2773971557617,-868.23955761392,-2422.48932304778,"StriatedCaracara",10
2306,0,54.433219909668,0,12.1765642166138,11.4926853179932,4.91393661499023,7.23237037658691,30.0191707611084,6.59585809707642,0.633913040161133,72.2597198486328,-858.23955761392,-2422.48932304778,"StriatedCaracara",10
2307,0,32.211784362793,0,11.5263519287109,11.3500957489014,1.21544146537781,31.629093170166,18.7072925567627,9.52793216705322,1.80437421798706,54.3434982299805,-848.23955761392,-2422.48932304778,"StriatedCaracara",10
2308,0,32.211784362793,0,11.5263519287109,11.3500957489014,1.21544146537781,31.629093170166,18.7072925567627,9.52793216705322,1.80437421798706,54.3434982299805,-838.23955761392,-2422.48932304778,"StriatedCaracara",10
2309,0,20.5433292388916,0,12.1382541656494,11.8749094009399,1.85358965396881,35.6536064147949,11.8234539031982,6.60815715789795,-0.0853233188390732,74.1509017944336,-828.23955761392,-2422.48932304778,"StriatedCaracara",10
2310,0,31.6310005187988,0,11.8678588867188,12.6784963607788,3.08466386795044,22.838903427124,15.9897994995117,9.78714466094971,1.99327337741852,86.621826171875,-808.23955761392,-2422.48932304778,"StriatedCaracara",10
2311,0,34.4213371276855,0,12.2987585067749,13.6864643096924,3.95518326759338,30.5754985809326,21.7747287750244,4.24770975112915,-0.926395297050476,72.2558746337891,-798.23955761392,-2422.48932304778,"StriatedCaracara",10
2312,0,29.797327041626,0,12.7515449523926,14.8390140533447,0.0571027249097824,30.315299987793,20.1207008361816,8.40329551696777,0.410033404827118,28.5485248565674,-788.23955761392,-2422.48932304778,"StriatedCaracara",10
2313,0,22.3239994049072,0,12.312891960144,15.8958654403687,0.70990264415741,29.0540046691895,22.0215225219727,3.39067697525024,2.2271671295166,39.6968383789062,-778.23955761392,-2422.48932304778,"StriatedCaracara",10
2314,0,22.3239994049072,0,12.312891960144,15.8958654403687,0.70990264415741,29.0540046691895,22.0215225219727,3.39067697525024,2.2271671295166,39.6968383789062,-768.23955761392,-2422.48932304778,"StriatedCaracara",10
2315,1,9.1828670501709,0,12.9470415115356,16.6623191833496,0.590682804584503,36.6454315185547,12.8007822036743,5.21220016479492,-0.936532557010651,30.9238948822021,-758.23955761392,-2422.48932304778,"StriatedCaracara",10
2316,1,9.1828670501709,0,12.9470415115356,16.6623191833496,0.590682804584503,36.6454315185547,12.8007822036743,5.21220016479492,-0.936532557010651,30.9238948822021,-748.23955761392,-2422.48932304778,"StriatedCaracara",10
2317,1,15.9853429794312,0,12.2210855484009,15.4909830093384,0.875829994678497,36.9718399047852,17.3953266143799,6.03406858444214,-0.80292683839798,68.4488372802734,-738.23955761392,-2422.48932304778,"StriatedCaracara",10
2318,1,23.9585571289062,0,12.2449426651001,15.0547485351562,1.80216073989868,32.8098907470703,24.7901649475098,7.84464168548584,-1.69380581378937,69.0620727539062,-728.23955761392,-2422.48932304778,"StriatedCaracara",10
2319,1,30.6549072265625,0,12.0291767120361,14.8354806900024,1.63029706478119,35.5092620849609,23.5751762390137,5.53016090393066,1.32426309585571,55.212890625,-718.23955761392,-2422.48932304778,"StriatedCaracara",10
2320,0,30.2262859344482,0,12.7166938781738,15.3206310272217,1.12145507335663,32.7039909362793,22.1999206542969,3.84658360481262,1.15480065345764,25.9499855041504,-708.23955761392,-2422.48932304778,"StriatedCaracara",10
2321,0,27.4299697875977,0,12.9342451095581,15.4477548599243,0.632142722606659,20.2394886016846,15.4320707321167,5.51688003540039,0.151260107755661,25.5129718780518,-698.23955761392,-2422.48932304778,"StriatedCaracara",10
2322,0,22.531852722168,0,13.4911756515503,15.2318134307861,4.02380418777466,20.0338134765625,38.0424766540527,8.78997039794922,-1.11579394340515,13.2650871276855,-688.23955761392,-2422.48932304778,"StriatedCaracara",10
2323,0,15.1154832839966,0,13.4814987182617,15.478048324585,3.81168103218079,19.4565849304199,28.4127349853516,3.23134136199951,-0.666184544563293,13.5059175491333,-678.23955761392,-2422.48932304778,"StriatedCaracara",10
2324,1,7.03526926040649,0,13.3126621246338,16.7563419342041,0.79652202129364,7.93054628372192,14.8865222930908,3.81825304031372,-0.436900407075882,7.25841903686523,-668.23955761392,-2422.48932304778,"StriatedCaracara",10
2325,1,1.69938230514526,0,13.850775718689,15.5043487548828,3.44407415390015,21.8218517303467,46.4419403076172,11.8868503570557,0.375474989414215,11.5306091308594,-658.23955761392,-2422.48932304778,"StriatedCaracara",10
2326,0,2.44607496261597,0,14.2692937850952,15.4644718170166,1.92678356170654,15.0593719482422,53.4621620178223,17.4078178405762,0.173838555812836,9.26625156402588,-648.23955761392,-2422.48932304778,"StriatedCaracara",10
2327,1,2.89529848098755,0,14.3122510910034,15.699688911438,3.52149939537048,16.9175910949707,49.6664085388184,18.6649913787842,-0.705288827419281,17.844030380249,-638.23955761392,-2422.48932304778,"StriatedCaracara",10
2328,0,6.44937467575073,0,14.3334817886353,16.6455020904541,2.20222473144531,21.4055614471436,49.4779434204102,18.1988697052002,0.686523199081421,16.9280872344971,-628.23955761392,-2422.48932304778,"StriatedCaracara",10
2329,0,7.22248792648315,0,14.7162704467773,17.0102233886719,5.38386678695679,12.9605131149292,53.0304832458496,24.0960941314697,-0.136787131428719,11.399619102478,-618.23955761392,-2422.48932304778,"StriatedCaracara",10
2330,0,2.68813395500183,0,15.0201740264893,17.4642658233643,19.0273475646973,4.53844881057739,51.7119064331055,24.5702228546143,-0.0563192442059517,10.0199365615845,-608.23955761392,-2422.48932304778,"StriatedCaracara",10
2331,0,6.57783699035645,0,14.8327407836914,18.4398288726807,15.264289855957,6.94876050949097,51.3480644226074,24.6996841430664,0.16548864543438,13.8789911270142,-598.23955761392,-2422.48932304778,"StriatedCaracara",10
2332,0,11.6954936981201,0,14.674711227417,20.0887680053711,7.76959371566772,16.5362071990967,49.4004936218262,18.5240364074707,0.115323692560196,14.2858381271362,-588.23955761392,-2422.48932304778,"StriatedCaracara",10
2333,0,5.39451456069946,0,14.6299991607666,21.967981338501,0.92512583732605,30.6770687103271,46.8355712890625,7.83613014221191,-0.657530546188354,16.6586208343506,-578.23955761392,-2422.48932304778,"StriatedCaracara",10
2334,1,2.9881157875061,0,15.0582990646362,21.8334674835205,2.55162477493286,15.4411115646362,52.038818359375,24.7102642059326,-1.23071992397308,13.2740745544434,-568.23955761392,-2422.48932304778,"StriatedCaracara",10
2335,0,6.30923795700073,0,14.3587274551392,23.4717578887939,2.70438170433044,28.9990692138672,46.0157890319824,5.84953165054321,0.817017734050751,18.6796131134033,-558.23955761392,-2422.48932304778,"StriatedCaracara",10
2336,1,2.03857278823853,0,14.488353729248,23.0238838195801,5.0914158821106,27.616626739502,45.0025939941406,4.0656681060791,0.938274323940277,12.3636331558228,-548.23955761392,-2422.48932304778,"StriatedCaracara",10
2337,0,2.86710119247437,0,14.3540697097778,22.8869705200195,3.24894404411316,19.3867855072021,51.2469139099121,14.5242757797241,-0.21360856294632,14.2490711212158,-538.23955761392,-2422.48932304778,"StriatedCaracara",10
2338,0,3.69813346862793,0,14.0154447555542,23.4661712646484,1.84750068187714,25.2553844451904,45.3639602661133,8.90473747253418,-0.0060476828366518,20.7824325561523,-528.23955761392,-2422.48932304778,"StriatedCaracara",10
2339,0,142.236755371094,0,12.8553886413574,9.5749568939209,0,0.586316108703613,26.9107513427734,2.56336903572083,2.37938022613525,24.885383605957,-988.23955761392,-2432.48932304778,"StriatedCaracara",10
2340,0,136.250854492188,0,12.5826473236084,9.72947406768799,0.863781809806824,1.02281868457794,37.3146095275879,6.30384063720703,3.32066941261292,54.971622467041,-978.23955761392,-2432.48932304778,"StriatedCaracara",10
2341,0,122.127494812012,0,11.4354572296143,10.9417610168457,0.573351502418518,2.49491000175476,38.8260192871094,5.90776252746582,-0.701559364795685,28.0662612915039,-968.23955761392,-2432.48932304778,"StriatedCaracara",10
2342,0,122.127494812012,0,11.4354572296143,10.9417610168457,0.573351502418518,2.49491000175476,38.8260192871094,5.90776252746582,-0.701559364795685,28.0662612915039,-958.23955761392,-2432.48932304778,"StriatedCaracara",10
2343,0,117.506805419922,0,11.4968681335449,11.2920179367065,0,1.11658978462219,40.3865013122559,5.96323776245117,-1.23501169681549,98.486213684082,-948.23955761392,-2432.48932304778,"StriatedCaracara",10
2344,0,111.245048522949,0,11.0987987518311,11.6664733886719,2.78823471069336,3.15381288528442,43.5073471069336,5.84099864959717,0.736830174922943,124.967498779297,-938.23955761392,-2432.48932304778,"StriatedCaracara",10
2345,0,104.590972900391,0,11.8255558013916,10.2701368331909,1.17237520217896,1.77028596401215,45.9588813781738,8.71334362030029,-2.40869808197021,117.414489746094,-928.23955761392,-2432.48932304778,"StriatedCaracara",10
2346,0,101.506072998047,0,12.0631256103516,9.96851921081543,2.22589945793152,2.15053009986877,51.9383583068848,12.6612167358398,-2.96611094474792,14.1699390411377,-918.23955761392,-2432.48932304778,"StriatedCaracara",10
2347,0,88.9992370605469,0,12.2310638427734,10.1604709625244,5.92637395858765,13.6293849945068,46.897102355957,5.04035520553589,-1.55674278736115,51.007999420166,-908.23955761392,-2432.48932304778,"StriatedCaracara",10
2348,0,73.5847015380859,0,11.7019319534302,10.8657608032227,1.99588179588318,5.40447521209717,56.0585861206055,5.99591827392578,3.67454552650452,116.336280822754,-898.23955761392,-2432.48932304778,"StriatedCaracara",10
2349,0,73.5847015380859,0,11.7019319534302,10.8657608032227,1.99588179588318,5.40447521209717,56.0585861206055,5.99591827392578,3.67454552650452,116.336280822754,-888.23955761392,-2432.48932304778,"StriatedCaracara",10
2350,0,73.4784851074219,0,11.6009922027588,10.9483613967896,1.82594335079193,2.51721334457397,43.4759674072266,9.5341968536377,1.42257571220398,124.785552978516,-878.23955761392,-2432.48932304778,"StriatedCaracara",10
2351,0,54.433219909668,0,12.1765642166138,11.4926853179932,4.91393661499023,7.23237037658691,30.0191707611084,6.59585809707642,0.633913040161133,72.2597198486328,-868.23955761392,-2432.48932304778,"StriatedCaracara",10
2352,0,54.433219909668,0,12.1765642166138,11.4926853179932,4.91393661499023,7.23237037658691,30.0191707611084,6.59585809707642,0.633913040161133,72.2597198486328,-858.23955761392,-2432.48932304778,"StriatedCaracara",10
2353,0,58.2249183654785,0,11.7409029006958,11.1668167114258,5.51284265518188,15.262396812439,25.2683372497559,6.48505353927612,1.86839544773102,97.2457122802734,-848.23955761392,-2432.48932304778,"StriatedCaracara",10
2354,0,32.211784362793,0,11.5263519287109,11.3500957489014,1.21544146537781,31.629093170166,18.7072925567627,9.52793216705322,1.80437421798706,54.3434982299805,-838.23955761392,-2432.48932304778,"StriatedCaracara",10
2355,0,41.7875099182129,0,11.4555997848511,12.8320322036743,3.66637015342712,17.2515201568604,21.3510475158691,12.0485105514526,2.21960735321045,84.7419128417969,-808.23955761392,-2432.48932304778,"StriatedCaracara",10
2356,0,41.7005882263184,0,11.5536060333252,13.019401550293,6.18269348144531,29.8172264099121,27.4658966064453,6.48526430130005,1.25212550163269,123.332809448242,-798.23955761392,-2432.48932304778,"StriatedCaracara",10
2357,0,34.8741760253906,0,11.957293510437,14.0416774749756,2.38626194000244,27.1755752563477,14.5522422790527,9.39498710632324,-0.110082343220711,61.0755844116211,-788.23955761392,-2432.48932304778,"StriatedCaracara",10
2358,0,27.7616939544678,0,12.0048360824585,14.9588718414307,0.0288563128560781,22.6426200866699,13.0918941497803,10.9684200286865,-1.62304162979126,62.499641418457,-778.23955761392,-2432.48932304778,"StriatedCaracara",10
2359,0,31.8632068634033,0,12.1193218231201,14.7467517852783,0.665715754032135,13.0599546432495,9.24667358398438,11.2067623138428,0.231953501701355,47.6883239746094,-768.23955761392,-2432.48932304778,"StriatedCaracara",10
2360,1,23.5385818481445,0,12.0079879760742,15.2963466644287,1.8798520565033,31.3973617553711,29.6755275726318,9.00215911865234,3.18940925598145,57.6832275390625,-748.23955761392,-2432.48932304778,"StriatedCaracara",10
2361,0,23.5385818481445,0,12.0079879760742,15.2963466644287,1.8798520565033,31.3973617553711,29.6755275726318,9.00215911865234,3.18940925598145,57.6832275390625,-738.23955761392,-2432.48932304778,"StriatedCaracara",10
2362,0,29.7454643249512,0,12.1891574859619,14.7250556945801,2.66086196899414,26.5397853851318,43.0817337036133,10.3460302352905,1.75445973873138,45.3527374267578,-728.23955761392,-2432.48932304778,"StriatedCaracara",10
2363,0,36.9620056152344,0,11.9527082443237,14.5648460388184,2.42427897453308,29.9422569274902,37.905647277832,6.01608800888062,1.16446828842163,59.6624298095703,-718.23955761392,-2432.48932304778,"StriatedCaracara",10
2364,0,40.086669921875,0,12.5329837799072,15.1578931808472,1.42197227478027,34.2027206420898,35.8479804992676,2.48219180107117,-2.33078289031982,29.9744911193848,-708.23955761392,-2432.48932304778,"StriatedCaracara",10
2365,1,34.1929321289062,0,12.1294288635254,14.6159648895264,2.62776160240173,32.5282135009766,26.7658653259277,4.02560567855835,-0.456087082624435,43.1176795959473,-698.23955761392,-2432.48932304778,"StriatedCaracara",10
2366,0,26.2185745239258,0,12.6935367584229,14.92112159729,1.57422149181366,31.8574848175049,26.3768749237061,2.94632625579834,-0.51002436876297,46.607479095459,-688.23955761392,-2432.48932304778,"StriatedCaracara",10
2367,0,18.681755065918,0,12.8406963348389,15.7233600616455,0.638326048851013,21.5079498291016,13.7892665863037,4.65658521652222,0.791650056838989,41.4775085449219,-678.23955761392,-2432.48932304778,"StriatedCaracara",10
2368,1,12.3413972854614,0,12.3476629257202,15.8521156311035,0.244035705924034,19.420446395874,17.41139793396,9.58441543579102,1.32563018798828,56.0348358154297,-668.23955761392,-2432.48932304778,"StriatedCaracara",10
2369,1,6.15742254257202,0,12.5927629470825,15.2068500518799,0.383290618658066,31.112621307373,27.5268516540527,9.16488456726074,0.0655968487262726,49.6796188354492,-658.23955761392,-2432.48932304778,"StriatedCaracara",10
2370,1,2.37798118591309,0,13.7330341339111,15.0448446273804,2.8331561088562,28.0785102844238,43.890510559082,9.64390182495117,-1.17706668376923,21.926586151123,-648.23955761392,-2432.48932304778,"StriatedCaracara",10
2371,1,7.68798828125,0,13.8615188598633,15.3221855163574,1.18178737163544,32.3323097229004,47.2863578796387,6.64624881744385,0.208680927753448,25.3420734405518,-638.23955761392,-2432.48932304778,"StriatedCaracara",10
2372,0,8.89258480072021,0,14.2819671630859,16.0763168334961,0.852027356624603,23.0355262756348,48.1571884155273,18.117639541626,-0.421103894710541,13.4567899703979,-628.23955761392,-2432.48932304778,"StriatedCaracara",10
2373,0,3.35035037994385,0,14.3776397705078,16.1030006408691,4.61221504211426,15.5336780548096,52.4255867004395,23.0970840454102,-0.294090181589127,14.9266080856323,-618.23955761392,-2432.48932304778,"StriatedCaracara",10
2374,0,4.05409574508667,0,14.4205331802368,16.8831901550293,7.42304706573486,18.1367034912109,50.4926300048828,18.7467555999756,-0.226177215576172,18.0353164672852,-608.23955761392,-2432.48932304778,"StriatedCaracara",10
2375,0,10.6721887588501,0,14.434760093689,17.7556552886963,9.13882923126221,9.91072940826416,52.3582000732422,24.9386749267578,0.677431046962738,14.8069744110107,-598.23955761392,-2432.48932304778,"StriatedCaracara",10
2376,0,11.1797533035278,0,14.1341981887817,18.9694786071777,2.23212790489197,29.0296058654785,48.8394241333008,9.51211929321289,-0.0334884710609913,11.6251583099365,-588.23955761392,-2432.48932304778,"StriatedCaracara",10
2377,0,4.24270439147949,0,14.2781066894531,20.5355224609375,2.16953873634338,29.5745258331299,45.0007591247559,7.59219074249268,0.39751473069191,14.4750576019287,-578.23955761392,-2432.48932304778,"StriatedCaracara",10
2378,1,4.02302265167236,0,14.4529790878296,21.8223628997803,1.95598959922791,22.9632225036621,47.7607612609863,14.4740514755249,0.333854258060455,18.9010009765625,-568.23955761392,-2432.48932304778,"StriatedCaracara",10
2379,0,10.0438852310181,0,13.8074560165405,23.0379695892334,3.4801504611969,29.398416519165,39.6017913818359,5.31357192993164,-0.307321667671204,22.1297988891602,-558.23955761392,-2432.48932304778,"StriatedCaracara",10
2380,1,5.15662002563477,0,14.018482208252,23.3002433776855,5.40201091766357,31.7654838562012,41.2643547058105,2.41975092887878,-0.517837524414062,17.8682556152344,-548.23955761392,-2432.48932304778,"StriatedCaracara",10
2381,1,2.86710119247437,0,14.3540697097778,22.8869705200195,3.24894404411316,19.3867855072021,51.2469139099121,14.5242757797241,-0.21360856294632,14.2490711212158,-538.23955761392,-2432.48932304778,"StriatedCaracara",10
2382,0,3.69813346862793,0,14.0154447555542,23.4661712646484,1.84750068187714,25.2553844451904,45.3639602661133,8.90473747253418,-0.0060476828366518,20.7824325561523,-528.23955761392,-2432.48932304778,"StriatedCaracara",10
2383,0,0.832125067710876,0,13.8963594436646,24.4179153442383,2.28969120979309,21.1708087921143,42.040771484375,4.48331499099731,-0.495771318674088,9.99784374237061,-518.23955761392,-2432.48932304778,"StriatedCaracara",10
2384,0,3.47922468185425,0,13.5409507751465,23.6627616882324,3.85063123703003,29.1952285766602,42.9197082519531,3.48786425590515,0.0450807735323906,18.3444976806641,-508.23955761392,-2432.48932304778,"StriatedCaracara",10
2385,0,150.85139465332,0,12.5883302688599,9.66237449645996,0,0.201827958226204,15.4732894897461,3.75241208076477,0.0858045369386673,9.42581844329834,-998.23955761392,-2442.48932304778,"StriatedCaracara",10
2386,0,150.85139465332,0,12.5883302688599,9.66237449645996,0,0.201827958226204,15.4732894897461,3.75241208076477,0.0858045369386673,9.42581844329834,-988.23955761392,-2442.48932304778,"StriatedCaracara",10
2387,0,143.320556640625,0,12.7379474639893,9.53110122680664,0,0.0435288548469543,3.90069222450256,0.582949995994568,-0.531711101531982,6.17153549194336,-978.23955761392,-2442.48932304778,"StriatedCaracara",10
2388,0,142.330917358398,0,12.4550371170044,9.60698795318604,0.276304304599762,4.66998481750488,34.7113342285156,2.08979296684265,-0.508204996585846,10.162127494812,-968.23955761392,-2442.48932304778,"StriatedCaracara",10
2389,0,124.354225158691,0,11.6216821670532,10.6757659912109,0.502448797225952,1.8576203584671,43.8646125793457,6.43695545196533,-1.39553773403168,121.598678588867,-958.23955761392,-2442.48932304778,"StriatedCaracara",10
2390,0,124.354225158691,0,11.6216821670532,10.6757659912109,0.502448797225952,1.8576203584671,43.8646125793457,6.43695545196533,-1.39553773403168,121.598678588867,-948.23955761392,-2442.48932304778,"StriatedCaracara",10
2391,0,116.866119384766,0,12.0385103225708,10.3105850219727,0.0743360593914986,1.8330614566803,40.9941024780273,6.76325702667236,-2.60038924217224,101.824478149414,-938.23955761392,-2442.48932304778,"StriatedCaracara",10
2392,0,103.041007995605,0,12.4633646011353,10.0214586257935,5.75648880004883,9.95725917816162,28.3542957305908,9.8912181854248,-1.45275616645813,32.3975486755371,-928.23955761392,-2442.48932304778,"StriatedCaracara",10
2393,0,103.041007995605,0,12.4633646011353,10.0214586257935,5.75648880004883,9.95725917816162,28.3542957305908,9.8912181854248,-1.45275616645813,32.3975486755371,-918.23955761392,-2442.48932304778,"StriatedCaracara",10
2394,0,93.5040283203125,0,11.637225151062,10.7526006698608,4.75868892669678,4.91646242141724,47.8732452392578,6.28203010559082,2.64361357688904,90.7268142700195,-908.23955761392,-2442.48932304778,"StriatedCaracara",10
2395,0,86.9178466796875,0,11.947642326355,10.5496273040771,11.2116861343384,5.47306489944458,48.2311248779297,6.30909967422485,2.38412404060364,85.9330749511719,-898.23955761392,-2442.48932304778,"StriatedCaracara",10
2396,0,80.1639709472656,0,11.8334817886353,10.6926879882812,2.35636734962463,4.47418975830078,43.6005020141602,8.43325519561768,-2.4243860244751,92.3582000732422,-888.23955761392,-2442.48932304778,"StriatedCaracara",10
2397,0,73.4784851074219,0,11.6009922027588,10.9483613967896,1.82594335079193,2.51721334457397,43.4759674072266,9.5341968536377,1.42257571220398,124.785552978516,-878.23955761392,-2442.48932304778,"StriatedCaracara",10
2398,0,62.527214050293,0,11.3706789016724,11.7843990325928,1.27090978622437,8.29833030700684,34.9936447143555,4.95018672943115,3.29733514785767,133.546737670898,-868.23955761392,-2442.48932304778,"StriatedCaracara",10
2399,0,62.527214050293,0,11.3706789016724,11.7843990325928,1.27090978622437,8.29833030700684,34.9936447143555,4.95018672943115,3.29733514785767,133.546737670898,-858.23955761392,-2442.48932304778,"StriatedCaracara",10
2400,0,58.2249183654785,0,11.7409029006958,11.1668167114258,5.51284265518188,15.262396812439,25.2683372497559,6.48505353927612,1.86839544773102,97.2457122802734,-848.23955761392,-2442.48932304778,"StriatedCaracara",10
2401,0,55.3522567749023,0,11.8983364105225,11.3284969329834,4.40538644790649,13.4166584014893,19.9561672210693,3.81391048431396,-3.01837348937988,67.9261474609375,-838.23955761392,-2442.48932304778,"StriatedCaracara",10
2402,0,54.2336196899414,0,11.1638517379761,11.8075428009033,3.71416735649109,11.6812086105347,28.3980503082275,4.92358732223511,1.23051595687866,57.3212852478027,-828.23955761392,-2442.48932304778,"StriatedCaracara",10
2403,0,54.2336196899414,0,11.1638517379761,11.8075428009033,3.71416735649109,11.6812086105347,28.3980503082275,4.92358732223511,1.23051595687866,57.3212852478027,-818.23955761392,-2442.48932304778,"StriatedCaracara",10
2404,0,48.0190963745117,0,11.3399448394775,12.8383684158325,4.22211170196533,19.2201404571533,33.0377922058105,7.5614275932312,-1.13164377212524,126.765724182129,-808.23955761392,-2442.48932304778,"StriatedCaracara",10
2405,0,48.0190963745117,0,11.3399448394775,12.8383684158325,4.22211170196533,19.2201404571533,33.0377922058105,7.5614275932312,-1.13164377212524,126.765724182129,-798.23955761392,-2442.48932304778,"StriatedCaracara",10
2406,0,41.9064712524414,0,11.9550971984863,13.5967082977295,2.97573900222778,27.2830848693848,24.7135963439941,5.12977409362793,0.261249005794525,75.5017471313477,-788.23955761392,-2442.48932304778,"StriatedCaracara",10
2407,0,31.8632068634033,0,12.1193218231201,14.7467517852783,0.665715754032135,13.0599546432495,9.24667358398438,11.2067623138428,0.231953501701355,47.6883239746094,-778.23955761392,-2442.48932304778,"StriatedCaracara",10
2408,0,31.8632068634033,0,12.1193218231201,14.7467517852783,0.665715754032135,13.0599546432495,9.24667358398438,11.2067623138428,0.231953501701355,47.6883239746094,-768.23955761392,-2442.48932304778,"StriatedCaracara",10
2409,0,44.0184478759766,0,12.2219944000244,14.8462438583374,0.924324572086334,18.9977512359619,16.1478958129883,8.31839752197266,-0.209133669734001,38.8961791992188,-748.23955761392,-2442.48932304778,"StriatedCaracara",10
2410,0,37.286678314209,0,11.9209566116333,15.0842227935791,2.38468146324158,13.0180225372314,26.1911201477051,20.7215919494629,-0.296029925346375,69.7959136962891,-738.23955761392,-2442.48932304778,"StriatedCaracara",10
2411,0,37.286678314209,0,11.9209566116333,15.0842227935791,2.38468146324158,13.0180225372314,26.1911201477051,20.7215919494629,-0.296029925346375,69.7959136962891,-728.23955761392,-2442.48932304778,"StriatedCaracara",10
2412,0,43.6911659240723,0,11.8272161483765,14.7757940292358,1.69537281990051,25.8927059173584,27.3286361694336,11.8264646530151,1.86085534095764,90.1467666625977,-718.23955761392,-2442.48932304778,"StriatedCaracara",10
2413,0,45.9890747070312,0,11.8584804534912,14.5605440139771,2.9693078994751,27.6360054016113,26.0623455047607,10.3453340530396,1.55840849876404,92.7230758666992,-708.23955761392,-2442.48932304778,"StriatedCaracara",10
2414,0,39.0679168701172,0,11.370831489563,13.5547342300415,3.95468711853027,27.994945526123,37.4031105041504,8.53512287139893,4.16617679595947,72.8945465087891,-698.23955761392,-2442.48932304778,"StriatedCaracara",10
2415,0,32.2485656738281,0,12.183934211731,14.3794269561768,1.17899632453918,31.5088214874268,30.1987171173096,4.72107601165771,-0.1345075070858,60.5051689147949,-688.23955761392,-2442.48932304778,"StriatedCaracara",10
2416,0,25.9225101470947,0,12.8160257339478,14.742618560791,2.62294435501099,29.610860824585,30.1394882202148,4.50128507614136,-1.86734330654144,42.5664329528809,-678.23955761392,-2442.48932304778,"StriatedCaracara",10
2417,0,18.6820812225342,0,11.9348392486572,14.3993816375732,1.95494198799133,29.6818180084229,21.0652885437012,10.012490272522,-2.23247742652893,73.3226699829102,-668.23955761392,-2442.48932304778,"StriatedCaracara",10
2418,1,11.0912551879883,0,11.6315650939941,13.1020565032959,1.00719106197357,26.0503597259521,29.9896144866943,12.9570722579956,4.74300241470337,68.75830078125,-658.23955761392,-2442.48932304778,"StriatedCaracara",10
2419,1,6.37469291687012,0,12.8762607574463,14.7832269668579,2.15021872520447,32.5575256347656,32.6076278686523,5.57573413848877,1.27627897262573,45.4312438964844,-648.23955761392,-2442.48932304778,"StriatedCaracara",10
2420,0,10.2019748687744,0,12.9352684020996,14.8206005096436,1.98230826854706,28.4168300628662,37.522346496582,9.41526508331299,1.32650637626648,44.7645416259766,-638.23955761392,-2442.48932304778,"StriatedCaracara",10
2421,0,9.29583740234375,0,13.8859128952026,15.2703943252563,2.71955466270447,22.130578994751,44.9510879516602,16.400972366333,-0.580955386161804,28.4537620544434,-628.23955761392,-2442.48932304778,"StriatedCaracara",10
2422,0,6.39148426055908,0,13.4935321807861,15.4499244689941,5.81982421875,29.1136112213135,42.0058898925781,9.62371063232422,0.150656566023827,31.6180229187012,-618.23955761392,-2442.48932304778,"StriatedCaracara",10
2423,0,11.1665172576904,0,13.8284759521484,16.6348495483398,3.21852564811707,24.619592666626,45.622673034668,14.9833316802979,0.122355952858925,24.7477531433105,-608.23955761392,-2442.48932304778,"StriatedCaracara",10
2424,0,12.829381942749,0,14.2828750610352,17.950174331665,5.55056190490723,3.0698766708374,55.6720733642578,34.0058708190918,-0.766371190547943,12.1033000946045,-598.23955761392,-2442.48932304778,"StriatedCaracara",10
2425,0,5.95840787887573,0,13.9091329574585,18.6079349517822,1.75027298927307,27.3883438110352,47.8811988830566,10.6526126861572,-0.144641682505608,16.8407573699951,-588.23955761392,-2442.48932304778,"StriatedCaracara",10
2426,0,2.68219900131226,0,14.5072870254517,19.9691677093506,3.918297290802,26.5082893371582,48.552375793457,11.3824796676636,-0.405341029167175,8.9417552947998,-578.23955761392,-2442.48932304778,"StriatedCaracara",10
2427,0,6.8743782043457,0,13.8303728103638,21.3266544342041,1.18901264667511,28.0877285003662,45.6976661682129,12.7115173339844,-0.0766635537147522,18.9400177001953,-568.23955761392,-2442.48932304778,"StriatedCaracara",10
2428,0,8.65223503112793,0,13.381908416748,21.9568252563477,0,33.1118125915527,36.3407592773438,3.30848264694214,-0.0587708950042725,20.7765216827393,-558.23955761392,-2442.48932304778,"StriatedCaracara",10
2429,1,6.1448655128479,0,13.8705139160156,22.2606792449951,0.309612303972244,32.4383697509766,45.0445327758789,6.29259443283081,0.526366353034973,17.9622802734375,-548.23955761392,-2442.48932304778,"StriatedCaracara",10
2430,1,1.90822398662567,0,13.8800964355469,22.9326057434082,0.160568356513977,28.3011016845703,46.171012878418,9.01270389556885,0.157113075256348,20.1950912475586,-538.23955761392,-2442.48932304778,"StriatedCaracara",10
2431,0,2.23496079444885,0,13.5066413879395,23.4846630096436,0.533467650413513,30.0330410003662,39.4267387390137,7.39081048965454,0.227280914783478,20.1525688171387,-528.23955761392,-2442.48932304778,"StriatedCaracara",10
2432,0,3.4223256111145,0,13.437611579895,23.4521675109863,3.86997723579407,30.9560203552246,41.5836601257324,4.03690719604492,0.380283683538437,21.1455268859863,-518.23955761392,-2442.48932304778,"StriatedCaracara",10
2433,1,3.47922468185425,0,13.5409507751465,23.6627616882324,3.85063123703003,29.1952285766602,42.9197082519531,3.48786425590515,0.0450807735323906,18.3444976806641,-508.23955761392,-2442.48932304778,"StriatedCaracara",10
2434,1,1.57812345027924,0,13.692684173584,23.595796585083,4.11730146408081,14.9603700637817,36.095573425293,3.98559474945068,-0.267138332128525,12.6353540420532,-498.23955761392,-2442.48932304778,"StriatedCaracara",10
2435,0,1.79487419128418,0,13.5072898864746,23.8590564727783,2.04490518569946,19.5451793670654,31.9561100006104,3.45258641242981,-0.243514567613602,10.8986806869507,-488.23955761392,-2442.48932304778,"StriatedCaracara",10
2436,0,161.398895263672,0,12.1710901260376,9.62321662902832,0,1.82771980762482,20.2211303710938,1.4700038433075,-0.408260971307755,27.8704509735107,-998.23955761392,-2452.48932304778,"StriatedCaracara",10
2437,0,157.37565612793,0,12.2356758117676,9.80523300170898,0.197829306125641,0.864932239055634,29.6831226348877,6.01433277130127,0.742350578308105,60.8462944030762,-988.23955761392,-2452.48932304778,"StriatedCaracara",10
2438,0,142.330917358398,0,12.4550371170044,9.60698795318604,0.276304304599762,4.66998481750488,34.7113342285156,2.08979296684265,-0.508204996585846,10.162127494812,-978.23955761392,-2452.48932304778,"StriatedCaracara",10
2439,0,142.330917358398,0,12.4550371170044,9.60698795318604,0.276304304599762,4.66998481750488,34.7113342285156,2.08979296684265,-0.508204996585846,10.162127494812,-968.23955761392,-2452.48932304778,"StriatedCaracara",10
2440,0,142.330917358398,0,12.4550371170044,9.60698795318604,0.276304304599762,4.66998481750488,34.7113342285156,2.08979296684265,-0.508204996585846,10.162127494812,-958.23955761392,-2452.48932304778,"StriatedCaracara",10
2441,0,124.354225158691,0,11.6216821670532,10.6757659912109,0.502448797225952,1.8576203584671,43.8646125793457,6.43695545196533,-1.39553773403168,121.598678588867,-948.23955761392,-2452.48932304778,"StriatedCaracara",10
2442,0,116.866119384766,0,12.0385103225708,10.3105850219727,0.0743360593914986,1.8330614566803,40.9941024780273,6.76325702667236,-2.60038924217224,101.824478149414,-938.23955761392,-2452.48932304778,"StriatedCaracara",10
2443,0,107.23299407959,0,12.2627172470093,10.2077598571777,5.84437847137451,8.14535522460938,24.6477375030518,8.24040412902832,0.0912696123123169,63.5309867858887,-928.23955761392,-2452.48932304778,"StriatedCaracara",10
2444,0,107.23299407959,0,12.2627172470093,10.2077598571777,5.84437847137451,8.14535522460938,24.6477375030518,8.24040412902832,0.0912696123123169,63.5309867858887,-918.23955761392,-2452.48932304778,"StriatedCaracara",10
2445,0,100.485939025879,0,12.5117521286011,10.4036893844604,0.746312439441681,3.36732339859009,13.3685636520386,4.51670408248901,-1.9465080499649,21.4216461181641,-908.23955761392,-2452.48932304778,"StriatedCaracara",10
2446,0,92.8775634765625,0,12.0046710968018,10.6727275848389,0.223889917135239,5.45891761779785,31.0765399932861,1.75870311260223,-3.7596230506897,83.2972412109375,-898.23955761392,-2452.48932304778,"StriatedCaracara",10
2447,0,87.6009826660156,0,11.7659997940063,10.8225994110107,1.46884083747864,3.23051333427429,51.3637161254883,6.43842267990112,3.44176244735718,102.864593505859,-888.23955761392,-2452.48932304778,"StriatedCaracara",10
2448,0,81.7654724121094,0,11.8018531799316,10.9078598022461,0.635275542736053,2.86956834793091,39.8015670776367,6.00890493392944,-0.901683866977692,72.4678726196289,-878.23955761392,-2452.48932304778,"StriatedCaracara",10
2449,0,71.7072143554688,0,11.5334825515747,11.4236335754395,3.90553498268127,5.96652746200562,31.0485324859619,8.85334396362305,0.234599769115448,98.7259216308594,-868.23955761392,-2452.48932304778,"StriatedCaracara",10
2450,0,71.7072143554688,0,11.5334825515747,11.4236335754395,3.90553498268127,5.96652746200562,31.0485324859619,8.85334396362305,0.234599769115448,98.7259216308594,-858.23955761392,-2452.48932304778,"StriatedCaracara",10
2451,0,67.7669067382812,0,11.2384948730469,11.8145885467529,1.8816237449646,6.59729099273682,32.19677734375,4.354172706604,0.188398659229279,93.2823715209961,-848.23955761392,-2452.48932304778,"StriatedCaracara",10
2452,0,65.7195205688477,0,11.5307664871216,12.0296821594238,3.43619823455811,10.790488243103,28.4442176818848,3.36743330955505,0.763419806957245,96.6167755126953,-838.23955761392,-2452.48932304778,"StriatedCaracara",10
2453,0,64.2223587036133,0,11.4765348434448,12.2494850158691,2.58594965934753,16.1251564025879,25.4919853210449,5.62213945388794,-1.99799525737762,99.0772171020508,-828.23955761392,-2452.48932304778,"StriatedCaracara",10
2454,0,63.6747932434082,0,11.4741172790527,12.2236614227295,0.951271235942841,11.2057905197144,22.1176223754883,3.36619281768799,-2.42395853996277,80.6258850097656,-818.23955761392,-2452.48932304778,"StriatedCaracara",10
2455,0,60.3701667785645,0,11.3783826828003,12.7357559204102,1.56855607032776,8.26401805877686,24.3059997558594,12.4991731643677,-0.0850432217121124,80.0555953979492,-808.23955761392,-2452.48932304778,"StriatedCaracara",10
2456,0,55.552131652832,0,10.370493888855,14.3006715774536,0.670488774776459,5.02015686035156,36.8451843261719,5.26182746887207,-0.585084795951843,136.434799194336,-798.23955761392,-2452.48932304778,"StriatedCaracara",10
2457,1,41.9064712524414,0,11.9550971984863,13.5967082977295,2.97573900222778,27.2830848693848,24.7135963439941,5.12977409362793,0.261249005794525,75.5017471313477,-788.23955761392,-2452.48932304778,"StriatedCaracara",10
2458,0,41.7248725891113,0,11.7628345489502,13.9418544769287,4.1813817024231,16.0535335540771,23.780065536499,6.91703796386719,1.88768696784973,83.496711730957,-778.23955761392,-2452.48932304778,"StriatedCaracara",10
2459,0,41.7248725891113,0,11.7628345489502,13.9418544769287,4.1813817024231,16.0535335540771,23.780065536499,6.91703796386719,1.88768696784973,83.496711730957,-768.23955761392,-2452.48932304778,"StriatedCaracara",10
2460,0,44.0184478759766,0,12.2219944000244,14.8462438583374,0.924324572086334,18.9977512359619,16.1478958129883,8.31839752197266,-0.209133669734001,38.8961791992188,-758.23955761392,-2452.48932304778,"StriatedCaracara",10
2461,0,44.0184478759766,0,12.2219944000244,14.8462438583374,0.924324572086334,18.9977512359619,16.1478958129883,8.31839752197266,-0.209133669734001,38.8961791992188,-748.23955761392,-2452.48932304778,"StriatedCaracara",10
2462,0,47.131965637207,0,12.3834018707275,14.8009223937988,0.124806642532349,10.6787929534912,13.4515027999878,2.360755443573,0.355379968881607,11.5164737701416,-738.23955761392,-2452.48932304778,"StriatedCaracara",10
2463,0,58.6211280822754,0,11.4301490783691,13.8987264633179,0.650204658508301,6.37008762359619,42.5941467285156,12.3143358230591,-0.329982817173004,79.7015228271484,-728.23955761392,-2452.48932304778,"StriatedCaracara",10
2464,0,61.9065589904785,0,11.4583854675293,13.3962421417236,2.64656043052673,8.98418712615967,30.0362529754639,13.6472606658936,4.84727954864502,106.484130859375,-718.23955761392,-2452.48932304778,"StriatedCaracara",10
2465,0,44.5769500732422,0,11.3479099273682,13.8502244949341,0.845542907714844,12.2745552062988,31.5342979431152,13.1253395080566,-1.15536034107208,89.8541107177734,-708.23955761392,-2452.48932304778,"StriatedCaracara",10
2466,0,44.5769500732422,0,11.3479099273682,13.8502244949341,0.845542907714844,12.2745552062988,31.5342979431152,13.1253395080566,-1.15536034107208,89.8541107177734,-698.23955761392,-2452.48932304778,"StriatedCaracara",10
2467,0,38.4943962097168,0,11.3279619216919,13.9452810287476,1.9709061384201,13.1137924194336,36.4412689208984,9.71992874145508,0.80389791727066,110.231025695801,-688.23955761392,-2452.48932304778,"StriatedCaracara",10
2468,1,31.3965148925781,0,11.5129737854004,13.5568580627441,2.10771679878235,21.3498249053955,26.9895286560059,11.7346544265747,5.87587213516235,113.556053161621,-678.23955761392,-2452.48932304778,"StriatedCaracara",10
2469,0,24.502498626709,0,11.613694190979,14.3254709243774,3.60221314430237,25.3317642211914,28.3720455169678,7.40289974212646,-0.303265511989594,113.918800354004,-668.23955761392,-2452.48932304778,"StriatedCaracara",10
2470,1,19.1343288421631,0,11.7806854248047,13.0144786834717,2.42366433143616,28.6120948791504,31.8690071105957,7.05807542800903,-6.00870275497437,89.790283203125,-658.23955761392,-2452.48932304778,"StriatedCaracara",10
2471,1,16.9575443267822,0,11.9880781173706,13.4391679763794,3.79179716110229,24.2285575866699,30.6904640197754,11.2361316680908,-7.21477842330933,88.052604675293,-648.23955761392,-2452.48932304778,"StriatedCaracara",10
2472,0,18.8712253570557,0,12.5093097686768,14.5801305770874,3.76550126075745,27.5913391113281,28.334831237793,7.71460962295532,-3.11428213119507,68.9074554443359,-638.23955761392,-2452.48932304778,"StriatedCaracara",10
2473,0,18.1396465301514,0,13.0399150848389,14.6432781219482,9.95387172698975,25.3642673492432,36.7962532043457,8.22832202911377,1.86641097068787,53.0104484558105,-628.23955761392,-2452.48932304778,"StriatedCaracara",10
2474,0,17.0092868804932,0,12.2634162902832,14.5607013702393,7.48097324371338,20.8592681884766,36.9573974609375,13.9563102722168,1.86571002006531,67.1486587524414,-618.23955761392,-2452.48932304778,"StriatedCaracara",10
2475,1,18.4657821655273,0,12.7167463302612,16.0217590332031,3.74764585494995,27.176420211792,34.1200637817383,9.94591045379639,-0.14777946472168,46.6287612915039,-608.23955761392,-2452.48932304778,"StriatedCaracara",10
2476,0,12.7737607955933,0,13.3576040267944,17.3415908813477,6.12762308120728,23.2094573974609,41.5843391418457,12.9341049194336,-1.05826377868652,31.5974674224854,-598.23955761392,-2452.48932304778,"StriatedCaracara",10
2477,1,5.46080636978149,0,13.4281845092773,18.5784301757812,2.30274987220764,28.3285293579102,37.6133117675781,7.82715606689453,0.806333482265472,37.7598609924316,-588.23955761392,-2452.48932304778,"StriatedCaracara",10
2478,1,3.08297777175903,0,14.2229537963867,20.130313873291,0.6038538813591,18.9849185943604,31.6841011047363,9.63977527618408,-1.47042453289032,16.7560253143311,-578.23955761392,-2452.48932304778,"StriatedCaracara",10
2479,0,3.44294500350952,0,13.6722898483276,20.9141483306885,1.069087266922,17.5731449127197,28.2022495269775,6.90126466751099,0.544930338859558,27.9104442596436,-568.23955761392,-2452.48932304778,"StriatedCaracara",10
2480,0,4.61749076843262,0,13.8620948791504,21.4321022033691,0.431722670793533,24.9040679931641,38.1063766479492,7.779709815979,-0.57157176733017,12.883264541626,-558.23955761392,-2452.48932304778,"StriatedCaracara",10
2481,1,3.64929914474487,0,13.9396142959595,21.9341716766357,1.89144229888916,24.0849914550781,45.0732917785645,13.0062446594238,-0.817753911018372,19.1935634613037,-548.23955761392,-2452.48932304778,"StriatedCaracara",10
2482,1,3.35704350471497,0,13.5938606262207,23.2157211303711,0.966751873493195,27.2180805206299,42.2465171813965,9.26070976257324,-0.595466911792755,20.1758098602295,-538.23955761392,-2452.48932304778,"StriatedCaracara",10
2483,0,7.4824743270874,0,13.1949596405029,23.23095703125,0.101270370185375,32.5081901550293,41.857666015625,5.03864765167236,-0.688135623931885,17.5538005828857,-528.23955761392,-2452.48932304778,"StriatedCaracara",10
2484,0,12.1890258789062,0,12.9255361557007,23.2881660461426,1.56857478618622,30.797945022583,35.9505157470703,4.18204975128174,-0.499796986579895,23.512825012207,-518.23955761392,-2452.48932304778,"StriatedCaracara",10
2485,0,12.1175003051758,0,13.2874603271484,23.4436340332031,3.53310108184814,31.5254364013672,43.6779174804688,5.09888362884521,-0.617512822151184,17.8484592437744,-508.23955761392,-2452.48932304778,"StriatedCaracara",10
2486,0,6.35744524002075,0,13.2720966339111,23.4962139129639,2.25382161140442,29.8987979888916,43.2498931884766,7.59922933578491,0.487234175205231,22.9286727905273,-498.23955761392,-2452.48932304778,"StriatedCaracara",10
2487,1,1.79487419128418,0,13.5072898864746,23.8590564727783,2.04490518569946,19.5451793670654,31.9561100006104,3.45258641242981,-0.243514567613602,10.8986806869507,-488.23955761392,-2452.48932304778,"StriatedCaracara",10
2488,0,5.17733192443848,0,13.0482492446899,23.557746887207,2.2313494682312,21.5083789825439,34.8994789123535,12.215069770813,0.52904886007309,21.9780349731445,-478.23955761392,-2452.48932304778,"StriatedCaracara",10
2489,0,2.20744633674622,0,13.0055665969849,23.3394584655762,0.336980104446411,18.7155418395996,32.4739723205566,10.923731803894,1.25188648700714,13.7621517181396,-468.23955761392,-2452.48932304778,"StriatedCaracara",10
2490,0,157.37565612793,0,12.2356758117676,9.80523300170898,0.197829306125641,0.864932239055634,29.6831226348877,6.01433277130127,0.742350578308105,60.8462944030762,-988.23955761392,-2462.48932304778,"StriatedCaracara",10
2491,0,142.330917358398,0,12.4550371170044,9.60698795318604,0.276304304599762,4.66998481750488,34.7113342285156,2.08979296684265,-0.508204996585846,10.162127494812,-978.23955761392,-2462.48932304778,"StriatedCaracara",10
2492,0,142.330917358398,0,12.4550371170044,9.60698795318604,0.276304304599762,4.66998481750488,34.7113342285156,2.08979296684265,-0.508204996585846,10.162127494812,-968.23955761392,-2462.48932304778,"StriatedCaracara",10
2493,0,142.330917358398,0,12.4550371170044,9.60698795318604,0.276304304599762,4.66998481750488,34.7113342285156,2.08979296684265,-0.508204996585846,10.162127494812,-958.23955761392,-2462.48932304778,"StriatedCaracara",10
2494,0,113.539772033691,0,12.143630027771,9.94095706939697,6.78429698944092,3.46225190162659,22.2765483856201,10.0294933319092,1.49829840660095,66.5647735595703,-938.23955761392,-2462.48932304778,"StriatedCaracara",10
2495,0,113.539772033691,0,12.143630027771,9.94095706939697,6.78429698944092,3.46225190162659,22.2765483856201,10.0294933319092,1.49829840660095,66.5647735595703,-928.23955761392,-2462.48932304778,"StriatedCaracara",10
2496,0,113.539772033691,0,12.143630027771,9.94095706939697,6.78429698944092,3.46225190162659,22.2765483856201,10.0294933319092,1.49829840660095,66.5647735595703,-918.23955761392,-2462.48932304778,"StriatedCaracara",10
2497,0,100.485939025879,0,12.5117521286011,10.4036893844604,0.746312439441681,3.36732339859009,13.3685636520386,4.51670408248901,-1.9465080499649,21.4216461181641,-908.23955761392,-2462.48932304778,"StriatedCaracara",10
2498,0,92.8775634765625,0,12.0046710968018,10.6727275848389,0.223889917135239,5.45891761779785,31.0765399932861,1.75870311260223,-3.7596230506897,83.2972412109375,-898.23955761392,-2462.48932304778,"StriatedCaracara",10
2499,0,90.4107818603516,0,12.1110877990723,10.7372846603394,5.89792680740356,6.78618192672729,26.2756652832031,7.40653467178345,1.99411082267761,66.5453033447266,-888.23955761392,-2462.48932304778,"StriatedCaracara",10
2500,0,90.4107818603516,0,12.1110877990723,10.7372846603394,5.89792680740356,6.78618192672729,26.2756652832031,7.40653467178345,1.99411082267761,66.5453033447266,-878.23955761392,-2462.48932304778,"StriatedCaracara",10
2501,0,90.4107818603516,0,12.1110877990723,10.7372846603394,5.89792680740356,6.78618192672729,26.2756652832031,7.40653467178345,1.99411082267761,66.5453033447266,-868.23955761392,-2462.48932304778,"StriatedCaracara",10
2502,0,73.4678802490234,0,11.4639701843262,11.7565765380859,1.03615701198578,1.83452677726746,13.5600461959839,0.0260045174509287,-2.38738894462585,13.9911327362061,-858.23955761392,-2462.48932304778,"StriatedCaracara",10
2503,0,73.4678802490234,0,11.4639701843262,11.7565765380859,1.03615701198578,1.83452677726746,13.5600461959839,0.0260045174509287,-2.38738894462585,13.9911327362061,-848.23955761392,-2462.48932304778,"StriatedCaracara",10
2504,0,75.3491973876953,0,11.504566192627,11.9655990600586,7.60935401916504,20.1951141357422,32.9632453918457,5.59549713134766,5.91057586669922,93.3517608642578,-838.23955761392,-2462.48932304778,"StriatedCaracara",10
2505,0,75.3491973876953,0,11.504566192627,11.9655990600586,7.60935401916504,20.1951141357422,32.9632453918457,5.59549713134766,5.91057586669922,93.3517608642578,-828.23955761392,-2462.48932304778,"StriatedCaracara",10
2506,0,63.6747932434082,0,11.4741172790527,12.2236614227295,0.951271235942841,11.2057905197144,22.1176223754883,3.36619281768799,-2.42395853996277,80.6258850097656,-818.23955761392,-2462.48932304778,"StriatedCaracara",10
2507,0,62.5106315612793,0,10.5989437103271,13.7996253967285,0.516687035560608,2.66809797286987,24.0247344970703,3.28428769111633,-0.166527345776558,55.8624610900879,-808.23955761392,-2462.48932304778,"StriatedCaracara",10
2508,0,62.5106315612793,0,10.5989437103271,13.7996253967285,0.516687035560608,2.66809797286987,24.0247344970703,3.28428769111633,-0.166527345776558,55.8624610900879,-798.23955761392,-2462.48932304778,"StriatedCaracara",10
2509,0,56.0113868713379,0,11.3721952438354,13.3978414535522,1.37843573093414,8.16713714599609,33.5278663635254,10.0950088500977,4.79939222335815,90.6056289672852,-788.23955761392,-2462.48932304778,"StriatedCaracara",10
2510,0,56.0113868713379,0,11.3721952438354,13.3978414535522,1.37843573093414,8.16713714599609,33.5278663635254,10.0950088500977,4.79939222335815,90.6056289672852,-778.23955761392,-2462.48932304778,"StriatedCaracara",10
2511,0,53.3659019470215,0,10.9679565429688,14.5633525848389,2.28453993797302,6.37216949462891,34.4549789428711,6.87972211837769,0.826242923736572,123.880508422852,-768.23955761392,-2462.48932304778,"StriatedCaracara",10
2512,0,52.5877494812012,0,11.3352956771851,13.7434692382812,3.600994348526,6.52578830718994,44.7086639404297,6.32256603240967,-0.169989541172981,105.685646057129,-758.23955761392,-2462.48932304778,"StriatedCaracara",10
2513,0,52.5877494812012,0,11.3352956771851,13.7434692382812,3.600994348526,6.52578830718994,44.7086639404297,6.32256603240967,-0.169989541172981,105.685646057129,-748.23955761392,-2462.48932304778,"StriatedCaracara",10
2514,0,54.5009269714355,0,12.0461750030518,13.978196144104,1.60067999362946,11.2456617355347,23.6181735992432,4.75455379486084,-4.94989824295044,72.4057083129883,-738.23955761392,-2462.48932304778,"StriatedCaracara",10
2515,0,58.6211280822754,0,11.4301490783691,13.8987264633179,0.650204658508301,6.37008762359619,42.5941467285156,12.3143358230591,-0.329982817173004,79.7015228271484,-728.23955761392,-2462.48932304778,"StriatedCaracara",10
2516,1,61.9065589904785,0,11.4583854675293,13.3962421417236,2.64656043052673,8.98418712615967,30.0362529754639,13.6472606658936,4.84727954864502,106.484130859375,-718.23955761392,-2462.48932304778,"StriatedCaracara",10
2517,1,59.4410934448242,0,11.9484415054321,13.5115308761597,0.100820958614349,11.268367767334,21.067756652832,10.2818717956543,0.902472496032715,65.1693115234375,-708.23955761392,-2462.48932304778,"StriatedCaracara",10
2518,0,53.7001495361328,0,11.512619972229,13.7113790512085,3.86133217811584,19.8599052429199,41.7110900878906,7.827073097229,-0.925761640071869,72.518440246582,-698.23955761392,-2462.48932304778,"StriatedCaracara",10
2519,0,38.4943962097168,0,11.3279619216919,13.9452810287476,1.9709061384201,13.1137924194336,36.4412689208984,9.71992874145508,0.80389791727066,110.231025695801,-688.23955761392,-2462.48932304778,"StriatedCaracara",10
2520,0,33.2940063476562,0,10.3568458557129,17.9635848999023,1.56743693351746,4.74368381500244,28.3909091949463,2.56610798835754,7.77705574035645,144.534683227539,-678.23955761392,-2462.48932304778,"StriatedCaracara",10
2521,1,33.2940063476562,0,10.3568458557129,17.9635848999023,1.56743693351746,4.74368381500244,28.3909091949463,2.56610798835754,7.77705574035645,144.534683227539,-668.23955761392,-2462.48932304778,"StriatedCaracara",10
2522,0,29.4696254730225,0,10.6957902908325,15.7473964691162,3.33451056480408,7.81980228424072,30.6696853637695,12.096700668335,1.96498656272888,151.303466796875,-658.23955761392,-2462.48932304778,"StriatedCaracara",10
2523,1,28.2432498931885,0,10.7323150634766,14.2810754776001,5.55193614959717,10.863431930542,32.965160369873,22.0436477661133,11.6357002258301,140.982498168945,-648.23955761392,-2462.48932304778,"StriatedCaracara",10
2524,0,29.4596920013428,0,10.6976766586304,15.543906211853,4.66331386566162,10.5523128509521,31.4841766357422,22.2053394317627,6.06855440139771,144.392471313477,-638.23955761392,-2462.48932304778,"StriatedCaracara",10
2525,0,28.6023807525635,0,11.0099115371704,14.9505090713501,6.26045179367065,14.6102876663208,35.4164810180664,20.4184913635254,-1.05671286582947,118.451248168945,-628.23955761392,-2462.48932304778,"StriatedCaracara",10
2526,0,27.4434814453125,0,11.2166929244995,14.7639493942261,7.83189678192139,16.4861869812012,41.7963790893555,19.0342216491699,1.23203182220459,95.2684020996094,-618.23955761392,-2462.48932304778,"StriatedCaracara",10
2527,0,24.6749172210693,0,11.6049518585205,15.2736864089966,6.77350044250488,18.02685546875,37.3402137756348,16.0234527587891,0.903238534927368,90.191650390625,-608.23955761392,-2462.48932304778,"StriatedCaracara",10
2528,0,18.5774040222168,0,11.9141263961792,16.8684482574463,3.06597089767456,20.4572238922119,28.7239532470703,13.6054716110229,0.985123634338379,83.512565612793,-598.23955761392,-2462.48932304778,"StriatedCaracara",10
2529,0,13.8072452545166,0,12.4267053604126,18.2859210968018,1.66418254375458,26.8586292266846,34.2470779418945,8.01816082000732,0.87787926197052,60.8658714294434,-588.23955761392,-2462.48932304778,"StriatedCaracara",10
2530,0,11.305850982666,0,13.3002758026123,20.3581161499023,0.319316536188126,25.7413558959961,20.2305793762207,7.97964954376221,-0.495524972677231,35.6732177734375,-578.23955761392,-2462.48932304778,"StriatedCaracara",10
2531,1,10.7092790603638,0,13.0465993881226,20.8966007232666,0.160290151834488,16.9095687866211,16.8333683013916,14.1036148071289,0.624120831489563,39.9635276794434,-568.23955761392,-2462.48932304778,"StriatedCaracara",10
2532,1,11.1458473205566,0,12.5870227813721,21.2561359405518,0.317302316427231,25.8158187866211,28.7476806640625,9.53479766845703,0.701764345169067,57.5114440917969,-558.23955761392,-2462.48932304778,"StriatedCaracara",10
2533,0,7.74507093429565,0,12.2901382446289,21.8881225585938,0.203920409083366,27.3169116973877,23.2584075927734,7.28445148468018,0.574831962585449,55.9897232055664,-548.23955761392,-2462.48932304778,"StriatedCaracara",10
2534,1,2.63849687576294,0,12.8415384292603,22.5054798126221,0.764577746391296,23.1508274078369,29.3510437011719,11.3538799285889,1.01818454265594,30.5072059631348,-538.23955761392,-2462.48932304778,"StriatedCaracara",10
2535,1,6.28841543197632,0,13.1104164123535,22.9042816162109,0.0935640558600426,27.8849029541016,38.6707992553711,12.1684341430664,0.372051000595093,15.2931842803955,-528.23955761392,-2462.48932304778,"StriatedCaracara",10
2536,0,14.8939456939697,0,13.0121212005615,22.8196105957031,2.51857089996338,32.1867332458496,41.8608741760254,5.13181781768799,0.221847653388977,15.5753984451294,-518.23955761392,-2462.48932304778,"StriatedCaracara",10
2537,0,19.2184314727783,0,12.705680847168,23.083703994751,0.661137104034424,31.7899074554443,35.4268074035645,6.10221195220947,0.743479251861572,22.9457836151123,-508.23955761392,-2462.48932304778,"StriatedCaracara",10
2538,0,13.9509792327881,0,12.7767295837402,23.1269493103027,0.0267004370689392,30.8073863983154,42.9344139099121,9.31791305541992,0.471537202596664,23.4663581848145,-498.23955761392,-2462.48932304778,"StriatedCaracara",10
2539,0,9.22381496429443,0,12.9768190383911,23.2845153808594,2.64177393913269,31.8988876342773,42.8919525146484,6.9536657333374,0.40722981095314,18.6791458129883,-488.23955761392,-2462.48932304778,"StriatedCaracara",10
2540,1,5.17733192443848,0,13.0482492446899,23.557746887207,2.2313494682312,21.5083789825439,34.8994789123535,12.215069770813,0.52904886007309,21.9780349731445,-478.23955761392,-2462.48932304778,"StriatedCaracara",10
2541,0,2.20744633674622,0,13.0055665969849,23.3394584655762,0.336980104446411,18.7155418395996,32.4739723205566,10.923731803894,1.25188648700714,13.7621517181396,-468.23955761392,-2462.48932304778,"StriatedCaracara",10
2542,0,6.06971883773804,0,12.6168336868286,23.8879222869873,0,28.3246192932129,35.0572204589844,9.9218635559082,0.0252824574708939,25.5993957519531,-458.23955761392,-2462.48932304778,"StriatedCaracara",10
2543,0,3.0212836265564,0,12.8263969421387,23.8145065307617,0.124405726790428,24.327693939209,36.5572967529297,15.9872961044312,-0.201511934399605,16.4040012359619,-448.23955761392,-2462.48932304778,"StriatedCaracara",10
2544,0,72.50048828125,0,10.235405921936,27.8280353546143,3.77856969833374,7.57636690139771,26.8152866363525,15.3864421844482,0.473050564527512,73.2016220092773,-308.23955761392,-2462.48932304778,"StriatedCaracara",10
2545,0,122.15104675293,0,12.2647762298584,9.89999961853027,0.394048184156418,0.545242726802826,15.8340425491333,6.18569850921631,0.260466396808624,28.7012004852295,-938.23955761392,-2472.48932304778,"StriatedCaracara",10
2546,0,122.15104675293,0,12.2647762298584,9.89999961853027,0.394048184156418,0.545242726802826,15.8340425491333,6.18569850921631,0.260466396808624,28.7012004852295,-928.23955761392,-2472.48932304778,"StriatedCaracara",10
2547,0,122.15104675293,0,12.2647762298584,9.89999961853027,0.394048184156418,0.545242726802826,15.8340425491333,6.18569850921631,0.260466396808624,28.7012004852295,-918.23955761392,-2472.48932304778,"StriatedCaracara",10
2548,0,122.15104675293,0,12.2647762298584,9.89999961853027,0.394048184156418,0.545242726802826,15.8340425491333,6.18569850921631,0.260466396808624,28.7012004852295,-908.23955761392,-2472.48932304778,"StriatedCaracara",10
2549,0,115.276039123535,0,11.6700067520142,11.213020324707,0.00973647832870483,0.18237379193306,35.659839630127,8.64718914031982,-1.00647795200348,33.1004867553711,-898.23955761392,-2472.48932304778,"StriatedCaracara",10
2550,0,115.276039123535,0,11.6700067520142,11.213020324707,0.00973647832870483,0.18237379193306,35.659839630127,8.64718914031982,-1.00647795200348,33.1004867553711,-888.23955761392,-2472.48932304778,"StriatedCaracara",10
2551,0,90.4107818603516,0,12.1110877990723,10.7372846603394,5.89792680740356,6.78618192672729,26.2756652832031,7.40653467178345,1.99411082267761,66.5453033447266,-878.23955761392,-2472.48932304778,"StriatedCaracara",10
2552,0,90.4107818603516,0,12.1110877990723,10.7372846603394,5.89792680740356,6.78618192672729,26.2756652832031,7.40653467178345,1.99411082267761,66.5453033447266,-868.23955761392,-2472.48932304778,"StriatedCaracara",10
2553,0,73.4678802490234,0,11.4639701843262,11.7565765380859,1.03615701198578,1.83452677726746,13.5600461959839,0.0260045174509287,-2.38738894462585,13.9911327362061,-858.23955761392,-2472.48932304778,"StriatedCaracara",10
2554,0,88.9387054443359,0,11.1816234588623,11.9965038299561,0.862076818943024,4.18713045120239,56.2141990661621,8.58367729187012,-3.82880187034607,93.6923294067383,-848.23955761392,-2472.48932304778,"StriatedCaracara",10
2555,0,88.9387054443359,0,11.1816234588623,11.9965038299561,0.862076818943024,4.18713045120239,56.2141990661621,8.58367729187012,-3.82880187034607,93.6923294067383,-838.23955761392,-2472.48932304778,"StriatedCaracara",10
2556,0,75.3491973876953,0,11.504566192627,11.9655990600586,7.60935401916504,20.1951141357422,32.9632453918457,5.59549713134766,5.91057586669922,93.3517608642578,-828.23955761392,-2472.48932304778,"StriatedCaracara",10
2557,0,77.7700042724609,0,10.5680475234985,13.7525434494019,0.783659160137177,1.85461688041687,33.1975784301758,3.3246054649353,-1.09279990196228,129.30126953125,-818.23955761392,-2472.48932304778,"StriatedCaracara",10
2558,0,77.7700042724609,0,10.5680475234985,13.7525434494019,0.783659160137177,1.85461688041687,33.1975784301758,3.3246054649353,-1.09279990196228,129.30126953125,-808.23955761392,-2472.48932304778,"StriatedCaracara",10
2559,0,73.6081390380859,0,9.54977798461914,15.1074562072754,0.390677690505981,3.43844723701477,44.4101028442383,0.733020901679993,1.47575497627258,168.996002197266,-798.23955761392,-2472.48932304778,"StriatedCaracara",10
2560,0,70.3725204467773,0,10.7834959030151,13.8558807373047,2.12650489807129,5.15305805206299,21.4114418029785,3.53104686737061,0.933002948760986,75.1977920532227,-788.23955761392,-2472.48932304778,"StriatedCaracara",10
2561,1,66.4636840820312,0,10.4227457046509,14.2859573364258,1.75242924690247,5.67013788223267,35.1589241027832,3.82610630989075,-7.18583297729492,90.175163269043,-778.23955761392,-2472.48932304778,"StriatedCaracara",10
2562,0,64.590576171875,0,10.980076789856,13.6563348770142,0.0389031358063221,3.40827441215515,27.6186599731445,5.82209157943726,-3.05038070678711,109.6162109375,-768.23955761392,-2472.48932304778,"StriatedCaracara",10
2563,0,63.7163124084473,0,10.4678869247437,15.2806425094604,0.990506768226624,2.08311414718628,34.5952529907227,3.9810483455658,8.13503551483154,129.676727294922,-758.23955761392,-2472.48932304778,"StriatedCaracara",10
2564,0,64.4108352661133,0,10.8650369644165,15.0543880462646,3.68888545036316,3.74818134307861,42.737621307373,3.20919179916382,2.18741416931152,100.944869995117,-748.23955761392,-2472.48932304778,"StriatedCaracara",10
2565,0,65.9015808105469,0,10.2830352783203,15.5768775939941,0.464254260063171,4.04962873458862,41.37353515625,2.65129065513611,4.94622659683228,125.131492614746,-738.23955761392,-2472.48932304778,"StriatedCaracara",10
2566,0,70.6619110107422,0,11.1558790206909,14.639121055603,1.54490745067596,3.67372703552246,34.6435508728027,6.88090324401855,-3.00240135192871,112.850967407227,-728.23955761392,-2472.48932304778,"StriatedCaracara",10
2567,0,70.6619110107422,0,11.1558790206909,14.639121055603,1.54490745067596,3.67372703552246,34.6435508728027,6.88090324401855,-3.00240135192871,112.850967407227,-718.23955761392,-2472.48932304778,"StriatedCaracara",10
2568,0,65.2291946411133,0,10.4514389038086,16.3700485229492,0.692727446556091,2.1977915763855,36.8428573608398,3.84007549285889,1.88567745685577,131.448623657227,-708.23955761392,-2472.48932304778,"StriatedCaracara",10
2569,0,58.5127944946289,0,10.1756763458252,17.1695384979248,0.546880006790161,4.10601472854614,38.4765892028809,4.16427993774414,-3.57286882400513,159.330932617188,-698.23955761392,-2472.48932304778,"StriatedCaracara",10
2570,0,52.492000579834,0,11.1042585372925,14.7861385345459,0.619774758815765,8.82323741912842,27.853006362915,4.5024209022522,-4.08171892166138,121.535652160645,-688.23955761392,-2472.48932304778,"StriatedCaracara",10
2571,0,47.5375022888184,0,11.4602537155151,14.7588386535645,1.16939342021942,5.95511341094971,24.9479961395264,3.56195044517517,1.14828824996948,84.6249008178711,-678.23955761392,-2472.48932304778,"StriatedCaracara",10
2572,1,43.2066421508789,0,11.0742921829224,17.2809906005859,3.40514159202576,8.09967422485352,40.1879043579102,5.27166366577148,-0.817522168159485,139.938827514648,-668.23955761392,-2472.48932304778,"StriatedCaracara",10
2573,1,40.3125457763672,0,11.1395378112793,17.0779724121094,3.58522772789001,15.5835618972778,40.4359931945801,7.13317632675171,-3.23511338233948,152.143280029297,-658.23955761392,-2472.48932304778,"StriatedCaracara",10
2574,1,37.8150024414062,0,12.19114112854,14.8515853881836,2.56701469421387,16.0076427459717,26.5019931793213,8.6055908203125,-3.86822700500488,108.670875549316,-648.23955761392,-2472.48932304778,"StriatedCaracara",10
2575,0,34.2863388061523,0,12.6740570068359,15.2910842895508,1.02688145637512,15.6517581939697,14.2718086242676,7.23481607437134,-5.87002372741699,67.823127746582,-638.23955761392,-2472.48932304778,"StriatedCaracara",10
2576,0,29.0226802825928,0,12.4727935791016,16.2531127929688,0.828607976436615,4.80360221862793,11.5409317016602,8.1489953994751,-4.59918403625488,69.5126495361328,-628.23955761392,-2472.48932304778,"StriatedCaracara",10
2577,0,23.9389114379883,0,12.4126024246216,15.6952333450317,1.82451140880585,6.94605398178101,14.446925163269,10.5563364028931,-3.84003829956055,75.3180541992188,-618.23955761392,-2472.48932304778,"StriatedCaracara",10
2578,0,20.4973640441895,0,12.1183567047119,16.0869235992432,3.14761877059937,3.84972286224365,15.872633934021,11.7257146835327,-4.7992696762085,90.8292770385742,-608.23955761392,-2472.48932304778,"StriatedCaracara",10
2579,1,18.2407817840576,0,12.3247680664062,17.0793609619141,1.12193953990936,5.92623519897461,13.9491901397705,9.72507190704346,-10.7445764541626,83.2460174560547,-598.23955761392,-2472.48932304778,"StriatedCaracara",10
2580,1,14.2521371841431,0,12.6513223648071,18.22998046875,0.589205265045166,8.21778583526611,11.138219833374,6.09207391738892,-5.95640659332275,56.8620529174805,-588.23955761392,-2472.48932304778,"StriatedCaracara",10
2581,1,7.27211809158325,0,12.996603012085,19.7277240753174,0.171628579497337,12.7118349075317,9.17313861846924,2.13258266448975,-4.03620290756226,30.2433853149414,-578.23955761392,-2472.48932304778,"StriatedCaracara",10
2582,1,3.73019528388977,0,13.1925535202026,20.9949951171875,0.0856625065207481,12.8331861495972,14.4354200363159,5.33962440490723,-1.13205015659332,17.7720489501953,-568.23955761392,-2472.48932304778,"StriatedCaracara",10
2583,1,4.02346038818359,0,13.1164512634277,21.5650939941406,0.220851838588715,10.3745622634888,15.2927255630493,5.68507289886475,-0.981306374073029,22.5182552337646,-558.23955761392,-2472.48932304778,"StriatedCaracara",10
2584,1,3.25086760520935,0,13.0153713226318,22.0882873535156,0.0652956515550613,11.4956188201904,14.8157434463501,6.09260988235474,-0.007724329829216,23.6105995178223,-548.23955761392,-2472.48932304778,"StriatedCaracara",10
2585,1,2.38057804107666,0,12.6955833435059,22.5552368164062,0.170293927192688,18.7356128692627,25.2728061676025,11.7378158569336,-1.0553777217865,36.1782646179199,-538.23955761392,-2472.48932304778,"StriatedCaracara",10
2586,0,8.75900363922119,0,11.9648561477661,22.9580535888672,0.617431163787842,26.5866889953613,27.4523448944092,11.9535036087036,2.22868847846985,47.486213684082,-528.23955761392,-2472.48932304778,"StriatedCaracara",10
2587,0,16.9474983215332,0,11.487663269043,22.6946964263916,1.63158285617828,24.3628845214844,34.2477111816406,13.9117469787598,2.3827543258667,55.0003280639648,-518.23955761392,-2472.48932304778,"StriatedCaracara",10
2588,0,24.4212608337402,0,11.7112970352173,22.899435043335,1.1959422826767,27.7501678466797,31.6010875701904,9.58847045898438,-0.804819166660309,46.056640625,-508.23955761392,-2472.48932304778,"StriatedCaracara",10
2589,0,23.1768836975098,0,12.3418159484863,23.2303924560547,0.0896246656775475,31.2345314025879,36.2400741577148,5.52009248733521,-0.784189224243164,24.4300727844238,-498.23955761392,-2472.48932304778,"StriatedCaracara",10
2590,0,19.1190490722656,0,12.013053894043,23.9662132263184,0.779572784900665,31.495906829834,23.8210468292236,6.44097995758057,0.534014344215393,41.0666542053223,-488.23955761392,-2472.48932304778,"StriatedCaracara",10
2591,0,14.4679336547852,0,11.9911041259766,23.8358993530273,0.483436316251755,27.357084274292,23.7822895050049,11.9854621887207,0.953774869441986,36.4919166564941,-478.23955761392,-2472.48932304778,"StriatedCaracara",10
2592,0,9.73196125030518,0,12.21142578125,23.987174987793,0.0922284796833992,31.7167530059814,27.109504699707,6.35244560241699,-0.422325253486633,39.8841361999512,-468.23955761392,-2472.48932304778,"StriatedCaracara",10
2593,0,6.06971883773804,0,12.6168336868286,23.8879222869873,0,28.3246192932129,35.0572204589844,9.9218635559082,0.0252824574708939,25.5993957519531,-458.23955761392,-2472.48932304778,"StriatedCaracara",10
2594,0,3.0212836265564,0,12.8263969421387,23.8145065307617,0.124405726790428,24.327693939209,36.5572967529297,15.9872961044312,-0.201511934399605,16.4040012359619,-448.23955761392,-2472.48932304778,"StriatedCaracara",10
2595,0,1.5594733953476,0,12.8704061508179,23.6568393707275,0.117260083556175,14.3714637756348,43.009708404541,24.7681083679199,0.746543049812317,11.2418689727783,-438.23955761392,-2472.48932304778,"StriatedCaracara",10
2596,0,7.42958831787109,0,12.6427526473999,24.342321395874,0.119048863649368,31.4697017669678,40.5157012939453,14.0039949417114,-0.61468094587326,10.6635818481445,-428.23955761392,-2472.48932304778,"StriatedCaracara",10
2597,0,7.18543672561646,1,12.3850021362305,24.410327911377,1.53484332561493,34.4571685791016,37.2836799621582,5.07468795776367,-0.483593642711639,16.8895282745361,-418.23955761392,-2472.48932304778,"StriatedCaracara",10
2598,0,8.52796363830566,0,12.1811752319336,24.4154472351074,2.47626686096191,43.1963195800781,34.6114883422852,4.75070667266846,0.508139908313751,21.0456562042236,-408.23955761392,-2472.48932304778,"StriatedCaracara",10
2599,1,3.69365978240967,1,12.1169395446777,24.8672180175781,2.70081686973572,28.58473777771,28.0917587280273,6.39401388168335,-0.629979133605957,14.2090425491333,-398.23955761392,-2472.48932304778,"StriatedCaracara",10
2600,1,3.69365978240967,0,12.1169395446777,24.8672180175781,2.70081686973572,28.58473777771,28.0917587280273,6.39401388168335,-0.629979133605957,14.2090425491333,-388.23955761392,-2472.48932304778,"StriatedCaracara",10
2601,0,3.69365978240967,1,12.1169395446777,24.8672180175781,2.70081686973572,28.58473777771,28.0917587280273,6.39401388168335,-0.629979133605957,14.2090425491333,-378.23955761392,-2472.48932304778,"StriatedCaracara",10
2602,0,56.0647659301758,0,10.0626811981201,28.3685646057129,0.857647001743317,3.06575798988342,36.3546981811523,7.6822395324707,-0.394779771566391,65.3992156982422,-338.23955761392,-2472.48932304778,"StriatedCaracara",10
2603,0,56.0647659301758,0,10.0626811981201,28.3685646057129,0.857647001743317,3.06575798988342,36.3546981811523,7.6822395324707,-0.394779771566391,65.3992156982422,-328.23955761392,-2472.48932304778,"StriatedCaracara",10
2604,0,72.50048828125,0,10.235405921936,27.8280353546143,3.77856969833374,7.57636690139771,26.8152866363525,15.3864421844482,0.473050564527512,73.2016220092773,-318.23955761392,-2472.48932304778,"StriatedCaracara",10
2605,0,72.50048828125,0,10.235405921936,27.8280353546143,3.77856969833374,7.57636690139771,26.8152866363525,15.3864421844482,0.473050564527512,73.2016220092773,-308.23955761392,-2472.48932304778,"StriatedCaracara",10
2606,0,80.8377532958984,0,10.0979013442993,27.710693359375,0.416454672813416,11.1425676345825,20.1370410919189,9.11104869842529,2.5132372379303,63.9990921020508,-298.23955761392,-2472.48932304778,"StriatedCaracara",10
2607,0,88.5079345703125,0,9.94602203369141,27.4744911193848,1.55081593990326,13.4745349884033,23.4580268859863,14.0445919036865,3.12956047058105,56.8624992370605,-288.23955761392,-2472.48932304778,"StriatedCaracara",10
2608,0,88.5079345703125,1,9.94602203369141,27.4744911193848,1.55081593990326,13.4745349884033,23.4580268859863,14.0445919036865,3.12956047058105,56.8624992370605,-278.23955761392,-2472.48932304778,"StriatedCaracara",10
2609,0,128.113891601562,0,12.0001487731934,10.2808847427368,0,2.3290011882782,6.47964382171631,3.00715708732605,-0.49036917090416,5.50365924835205,-928.23955761392,-2482.48932304778,"StriatedCaracara",10
2610,0,128.113891601562,0,12.0001487731934,10.2808847427368,0,2.3290011882782,6.47964382171631,3.00715708732605,-0.49036917090416,5.50365924835205,-918.23955761392,-2482.48932304778,"StriatedCaracara",10
2611,0,128.113891601562,0,12.0001487731934,10.2808847427368,0,2.3290011882782,6.47964382171631,3.00715708732605,-0.49036917090416,5.50365924835205,-908.23955761392,-2482.48932304778,"StriatedCaracara",10
2612,0,115.276039123535,0,11.6700067520142,11.213020324707,0.00973647832870483,0.18237379193306,35.659839630127,8.64718914031982,-1.00647795200348,33.1004867553711,-898.23955761392,-2482.48932304778,"StriatedCaracara",10
2613,0,115.276039123535,0,11.6700067520142,11.213020324707,0.00973647832870483,0.18237379193306,35.659839630127,8.64718914031982,-1.00647795200348,33.1004867553711,-888.23955761392,-2482.48932304778,"StriatedCaracara",10
2614,0,110.811264038086,0,11.3648509979248,11.1436080932617,0.147526130080223,1.00425100326538,52.485767364502,5.88781499862671,0.481047570705414,47.1807441711426,-878.23955761392,-2482.48932304778,"StriatedCaracara",10
2615,0,117.346908569336,0,10.914231300354,11.9176254272461,0,0,39.3595581054688,5.20987701416016,-2.77373075485229,90.4913101196289,-868.23955761392,-2482.48932304778,"StriatedCaracara",10
2616,0,100.654067993164,0,11.1329755783081,11.6773071289062,1.54667448997498,2.73679971694946,51.7392272949219,7.87403917312622,3.87176442146301,114.779594421387,-858.23955761392,-2482.48932304778,"StriatedCaracara",10
2617,0,100.654067993164,0,11.1329755783081,11.6773071289062,1.54667448997498,2.73679971694946,51.7392272949219,7.87403917312622,3.87176442146301,114.779594421387,-848.23955761392,-2482.48932304778,"StriatedCaracara",10
2618,0,98.7328948974609,0,10.3496685028076,12.9861888885498,0.0962106287479401,0.29059299826622,42.6841735839844,9.20583057403564,7.15318489074707,128.4580078125,-838.23955761392,-2482.48932304778,"StriatedCaracara",10
2619,0,97.1057739257812,0,9.60101699829102,14.2456665039062,1.0328004360199,0.501546680927277,49.0040168762207,3.50771355628967,2.4005560874939,170.290191650391,-828.23955761392,-2482.48932304778,"StriatedCaracara",10
2620,0,92.4269180297852,0,9.31454753875732,14.5945301055908,1.15572547912598,1.36777019500732,46.6374282836914,1.47329485416412,0.391533255577087,154.18391418457,-818.23955761392,-2482.48932304778,"StriatedCaracara",10
2621,0,87.6507568359375,0,10.0132465362549,14.093132019043,0.454698890447617,0.848552346229553,47.7146415710449,1.64490675926208,-1.17111682891846,144.307739257812,-808.23955761392,-2482.48932304778,"StriatedCaracara",10
2622,0,83.5991287231445,0,10.2720890045166,13.8779048919678,0.203088745474815,4.72427272796631,35.8780975341797,2.83564281463623,0.662160038948059,119.599029541016,-798.23955761392,-2482.48932304778,"StriatedCaracara",10
2623,0,80.1230545043945,0,10.2452249526978,14.1742630004883,3.34554362297058,1.40738785266876,30.3681755065918,6.72365570068359,-2.21911120414734,139.256652832031,-788.23955761392,-2482.48932304778,"StriatedCaracara",10
2624,0,77.5701599121094,0,7.65455627441406,17.7199230194092,2.63098168373108,2.47787261009216,41.9686164855957,0.70665717124939,8.8876838684082,164.595336914062,-778.23955761392,-2482.48932304778,"StriatedCaracara",10
2625,1,76.1848907470703,0,9.02904319763184,16.388484954834,0.0281257666647434,6.36221837997437,38.8009643554688,0.466858804225922,3.43483233451843,150.236999511719,-768.23955761392,-2482.48932304778,"StriatedCaracara",10
2626,1,76.6089782714844,0,10.2286767959595,15.3867473602295,0.0340726338326931,7.06637191772461,37.9911346435547,1.80257105827332,-3.31721162796021,98.2685241699219,-758.23955761392,-2482.48932304778,"StriatedCaracara",10
2627,0,75.6624603271484,0,8.23615837097168,17.9093055725098,0.357048273086548,2.17946696281433,39.0166053771973,0.625406980514526,-0.521018266677856,144.750762939453,-748.23955761392,-2482.48932304778,"StriatedCaracara",10
2628,0,77.1011810302734,0,5.9635705947876,20.9327621459961,1.86088752746582,0,46.6096649169922,0,-3.16435432434082,126.175254821777,-738.23955761392,-2482.48932304778,"StriatedCaracara",10
2629,0,79.443115234375,0,7.68770027160645,19.4497413635254,4.72659111022949,1.67400479316711,36.7882423400879,0.036716066300869,2.86957025527954,188.015060424805,-728.23955761392,-2482.48932304778,"StriatedCaracara",10
2630,0,78.5978088378906,0,7.92733478546143,19.7863616943359,5.11675834655762,1.55516147613525,32.1553840637207,1.23497354984283,0.878926634788513,165.264709472656,-718.23955761392,-2482.48932304778,"StriatedCaracara",10
2631,0,72.3882675170898,0,6.08742094039917,22.7547187805176,7.5288257598877,0.504613876342773,39.9406051635742,0,3.41268491744995,118.371566772461,-708.23955761392,-2482.48932304778,"StriatedCaracara",10
2632,1,66.5034637451172,0,8.21075344085693,19.6783809661865,3.59190773963928,0.642757773399353,36.0179138183594,1.02277743816376,3.7649884223938,142.67448425293,-698.23955761392,-2482.48932304778,"StriatedCaracara",10
2633,0,61.1036529541016,0,10.8566541671753,15.9968948364258,0.209940820932388,4.71318674087524,39.1363754272461,5.72846078872681,3.15264701843262,94.6976852416992,-688.23955761392,-2482.48932304778,"StriatedCaracara",10
2634,1,56.049129486084,0,10.8817253112793,17.143482208252,1.30127453804016,7.210618019104,38.4932899475098,7.58342456817627,-6.26857566833496,131.959457397461,-678.23955761392,-2482.48932304778,"StriatedCaracara",10
2635,0,50.1610412597656,0,9.3392448425293,20.5585670471191,0.381789177656174,3.22202491760254,38.7072105407715,2.92276477813721,1.60870957374573,149.797164916992,-668.23955761392,-2482.48932304778,"StriatedCaracara",10
2636,0,42.9300994873047,0,9.85029792785645,18.9863510131836,1.04436862468719,12.223165512085,34.9682312011719,4.80086898803711,2.15097832679749,163.064559936523,-658.23955761392,-2482.48932304778,"StriatedCaracara",10
2637,0,35.0160942077637,0,10.1994571685791,18.5993385314941,3.29517602920532,10.1218204498291,38.8404693603516,8.70818519592285,0.501116275787354,138.172409057617,-648.23955761392,-2482.48932304778,"StriatedCaracara",10
2638,0,27.5270767211914,0,10.6948947906494,15.6379337310791,4.22416400909424,12.3744068145752,33.519775390625,15.4742612838745,2.39064908027649,125.031951904297,-638.23955761392,-2482.48932304778,"StriatedCaracara",10
2639,0,20.8194541931152,0,10.6974420547485,17.3693084716797,5.0726432800293,12.821925163269,38.3549613952637,12.8520269393921,1.42542695999146,118.629135131836,-628.23955761392,-2482.48932304778,"StriatedCaracara",10
2640,0,14.6225366592407,0,10.5791349411011,18.9120559692383,3.55573558807373,9.70154190063477,39.5148429870605,9.60672569274902,7.10175132751465,153.69157409668,-618.23955761392,-2482.48932304778,"StriatedCaracara",10
2641,0,9.76959609985352,0,10.4500560760498,19.6009960174561,2.76702475547791,8.74319839477539,41.516429901123,14.9267797470093,6.28516054153442,168.8427734375,-608.23955761392,-2482.48932304778,"StriatedCaracara",10
2642,1,7.33322429656982,0,10.7474765777588,19.7481231689453,3.49122643470764,13.4022064208984,32.4535293579102,13.9468297958374,8.31727600097656,155.721496582031,-598.23955761392,-2482.48932304778,"StriatedCaracara",10
2643,1,6.89448070526123,0,10.9450588226318,20.1808280944824,5.33515214920044,12.981707572937,34.8081970214844,19.138786315918,4.24281597137451,142.561126708984,-588.23955761392,-2482.48932304778,"StriatedCaracara",10
2644,1,2.59848165512085,0,11.4078683853149,20.3099822998047,3.27037572860718,16.4350166320801,27.7042102813721,18.0594577789307,4.95651388168335,127.72346496582,-578.23955761392,-2482.48932304778,"StriatedCaracara",10
2645,0,5.81172847747803,0,11.7857570648193,21.7347431182861,0.906021237373352,23.2710075378418,31.5739593505859,8.47255229949951,2.23542952537537,85.979850769043,-568.23955761392,-2482.48932304778,"StriatedCaracara",10
2646,0,7.09445858001709,0,11.703592300415,22.5744972229004,1.22402882575989,22.8303985595703,32.5235061645508,11.2224311828613,-1.06283700466156,77.0216064453125,-558.23955761392,-2482.48932304778,"StriatedCaracara",10
2647,0,3.33480739593506,0,11.3119888305664,23.3315868377686,1.68388712406158,20.2661476135254,41.0210418701172,11.5247354507446,0.408570110797882,79.5257797241211,-548.23955761392,-2482.48932304778,"StriatedCaracara",10
2648,0,4.55852890014648,0,11.2771339416504,23.3193244934082,3.33890318870544,20.8549995422363,36.1864242553711,16.6002883911133,3.36787843704224,92.4956741333008,-538.23955761392,-2482.48932304778,"StriatedCaracara",10
2649,0,12.6225872039795,0,10.8641881942749,23.0597305297852,4.80102443695068,17.8541259765625,39.639274597168,18.3447608947754,4.23708152770996,104.898696899414,-528.23955761392,-2482.48932304778,"StriatedCaracara",10
2650,0,20.8379802703857,0,10.9110565185547,23.0496406555176,3.52914547920227,20.503324508667,39.7151565551758,17.637580871582,-1.70917785167694,95.2021560668945,-518.23955761392,-2482.48932304778,"StriatedCaracara",10
2651,0,28.9868202209473,0,11.1282539367676,23.3464336395264,3.52437829971313,23.6444835662842,33.732250213623,13.0443172454834,-0.535299777984619,101.744682312012,-508.23955761392,-2482.48932304778,"StriatedCaracara",10
2652,0,32.8336906433105,0,11.4218292236328,23.4714241027832,2.33998107910156,30.8024005889893,37.478515625,7.79015827178955,-2.37564492225647,63.2989120483398,-498.23955761392,-2482.48932304778,"StriatedCaracara",10
2653,0,28.625036239624,0,11.6103839874268,23.7918186187744,1.02667999267578,30.7063102722168,37.5227317810059,8.43749332427979,-1.50531530380249,41.3424682617188,-488.23955761392,-2482.48932304778,"StriatedCaracara",10
2654,0,23.8533535003662,0,11.6686630249023,23.6114883422852,0.941697716712952,24.6133918762207,38.4401397705078,15.1611652374268,-0.953262209892273,45.4555015563965,-478.23955761392,-2482.48932304778,"StriatedCaracara",10
2655,0,19.6546211242676,0,12.0046195983887,24.2294750213623,0,17.6907691955566,39.3249702453613,23.9252014160156,0.373852849006653,35.4158668518066,-468.23955761392,-2482.48932304778,"StriatedCaracara",10
2656,0,16.1319847106934,0,12.0335254669189,24.2585716247559,0.301394373178482,30.4305362701416,29.7328567504883,10.7352123260498,-0.966274976730347,51.0008125305176,-458.23955761392,-2482.48932304778,"StriatedCaracara",10
2657,0,12.5873012542725,0,12.3455667495728,24.2816982269287,0.235836431384087,39.854907989502,29.0920391082764,8.81723117828369,-2.07859206199646,35.5998840332031,-448.23955761392,-2482.48932304778,"StriatedCaracara",10
2658,0,10.2185935974121,0,12.7125673294067,24.13916015625,0.173804432153702,30.9964370727539,40.2133598327637,19.2895736694336,-1.38855016231537,14.0499181747437,-438.23955761392,-2482.48932304778,"StriatedCaracara",10
2659,0,7.42958831787109,0,12.6427526473999,24.342321395874,0.119048863649368,31.4697017669678,40.5157012939453,14.0039949417114,-0.61468094587326,10.6635818481445,-428.23955761392,-2482.48932304778,"StriatedCaracara",10
2660,0,7.18543672561646,0,12.3850021362305,24.410327911377,1.53484332561493,34.4571685791016,37.2836799621582,5.07468795776367,-0.483593642711639,16.8895282745361,-418.23955761392,-2482.48932304778,"StriatedCaracara",10
2661,1,8.52796363830566,0,12.1811752319336,24.4154472351074,2.47626686096191,43.1963195800781,34.6114883422852,4.75070667266846,0.508139908313751,21.0456562042236,-408.23955761392,-2482.48932304778,"StriatedCaracara",10
2662,0,9.58036422729492,0,11.7066459655762,25.1837348937988,1.70916724205017,47.7638702392578,28.2270030975342,6.47051239013672,0.420240670442581,30.5954189300537,-398.23955761392,-2482.48932304778,"StriatedCaracara",10
2663,0,12.3809537887573,1,11.3845739364624,25.460901260376,0.269903749227524,34.9649353027344,15.107081413269,4.36598300933838,1.47219920158386,38.2674369812012,-388.23955761392,-2482.48932304778,"StriatedCaracara",10
2664,0,50.3994178771973,0,10.5835056304932,26.3200454711914,10.8346014022827,11.0904922485352,36.359806060791,12.3901472091675,1.35696172714233,43.2611885070801,-348.23955761392,-2482.48932304778,"StriatedCaracara",10
2665,0,56.0647659301758,0,10.0626811981201,28.3685646057129,0.857647001743317,3.06575798988342,36.3546981811523,7.6822395324707,-0.394779771566391,65.3992156982422,-338.23955761392,-2482.48932304778,"StriatedCaracara",10
2666,0,56.0647659301758,1,10.0626811981201,28.3685646057129,0.857647001743317,3.06575798988342,36.3546981811523,7.6822395324707,-0.394779771566391,65.3992156982422,-328.23955761392,-2482.48932304778,"StriatedCaracara",10
2667,1,72.50048828125,0,10.235405921936,27.8280353546143,3.77856969833374,7.57636690139771,26.8152866363525,15.3864421844482,0.473050564527512,73.2016220092773,-318.23955761392,-2482.48932304778,"StriatedCaracara",10
2668,1,72.50048828125,0,10.235405921936,27.8280353546143,3.77856969833374,7.57636690139771,26.8152866363525,15.3864421844482,0.473050564527512,73.2016220092773,-308.23955761392,-2482.48932304778,"StriatedCaracara",10
2669,1,80.8377532958984,0,10.0979013442993,27.710693359375,0.416454672813416,11.1425676345825,20.1370410919189,9.11104869842529,2.5132372379303,63.9990921020508,-298.23955761392,-2482.48932304778,"StriatedCaracara",10
2670,0,88.5079345703125,1,9.94602203369141,27.4744911193848,1.55081593990326,13.4745349884033,23.4580268859863,14.0445919036865,3.12956047058105,56.8624992370605,-288.23955761392,-2482.48932304778,"StriatedCaracara",10
2671,0,88.5079345703125,0,9.94602203369141,27.4744911193848,1.55081593990326,13.4745349884033,23.4580268859863,14.0445919036865,3.12956047058105,56.8624992370605,-278.23955761392,-2482.48932304778,"StriatedCaracara",10
2672,0,142.330917358398,0,12.4550371170044,9.60698795318604,0.276304304599762,4.66998481750488,34.7113342285156,2.08979296684265,-0.508204996585846,10.162127494812,-968.23955761392,-2492.48932304778,"StriatedCaracara",10
2673,1,128.113891601562,0,12.0001487731934,10.2808847427368,0,2.3290011882782,6.47964382171631,3.00715708732605,-0.49036917090416,5.50365924835205,-958.23955761392,-2492.48932304778,"StriatedCaracara",10
2674,0,123.024543762207,0,11.7137184143066,10.7985219955444,0.000630692287813872,0.587418794631958,30.472541809082,0.553564965724945,0.51790988445282,45.451831817627,-898.23955761392,-2492.48932304778,"StriatedCaracara",10
2675,0,123.024543762207,0,11.7137184143066,10.7985219955444,0.000630692287813872,0.587418794631958,30.472541809082,0.553564965724945,0.51790988445282,45.451831817627,-888.23955761392,-2492.48932304778,"StriatedCaracara",10
2676,0,120.170677185059,0,10.9469547271729,11.7879314422607,0.00955618545413017,0,45.0464935302734,8.54637145996094,2.9161593914032,132.796081542969,-878.23955761392,-2492.48932304778,"StriatedCaracara",10
2677,0,117.346908569336,0,10.914231300354,11.9176254272461,0,0,39.3595581054688,5.20987701416016,-2.77373075485229,90.4913101196289,-868.23955761392,-2492.48932304778,"StriatedCaracara",10
2678,0,110.737007141113,0,11.1321067810059,11.2962112426758,0.140015661716461,0.414975464344025,45.6464004516602,4.42951631546021,1.67610645294189,84.0572662353516,-858.23955761392,-2492.48932304778,"StriatedCaracara",10
2679,0,110.737007141113,0,11.1321067810059,11.2962112426758,0.140015661716461,0.414975464344025,45.6464004516602,4.42951631546021,1.67610645294189,84.0572662353516,-848.23955761392,-2492.48932304778,"StriatedCaracara",10
2680,0,106.44312286377,0,10.6049365997314,12.3806133270264,0.809144914150238,4.96419763565063,27.3220272064209,3.5959906578064,-3.84722089767456,142.041000366211,-838.23955761392,-2492.48932304778,"StriatedCaracara",10
2681,0,106.44312286377,0,10.6049365997314,12.3806133270264,0.809144914150238,4.96419763565063,27.3220272064209,3.5959906578064,-3.84722089767456,142.041000366211,-828.23955761392,-2492.48932304778,"StriatedCaracara",10
2682,0,101.564117431641,0,10.6364154815674,12.5914840698242,1.18859481811523,1.0466171503067,37.8322601318359,6.33503389358521,1.81931269168854,113.203155517578,-818.23955761392,-2492.48932304778,"StriatedCaracara",10
2683,0,97.3398361206055,0,10.7176990509033,12.7897043228149,0.375179827213287,0.249072656035423,44.0845985412598,15.9171409606934,1.10915064811707,123.457054138184,-808.23955761392,-2492.48932304778,"StriatedCaracara",10
2684,0,93.7718811035156,0,10.9234066009521,12.4704790115356,2.36396265029907,9.95741844177246,44.5368919372559,10.8262491226196,-1.36582219600677,104.204833984375,-798.23955761392,-2492.48932304778,"StriatedCaracara",10
2685,0,90.9317398071289,0,10.6908702850342,13.2977294921875,3.87498784065247,5.82711505889893,35.828556060791,3.44077396392822,1.34425604343414,130.687927246094,-788.23955761392,-2492.48932304778,"StriatedCaracara",10
2686,0,87.2413101196289,0,10.012731552124,15.4005479812622,0.996649622917175,4.87199592590332,37.1188201904297,1.31478381156921,2.23244953155518,171.617324829102,-778.23955761392,-2492.48932304778,"StriatedCaracara",10
2687,0,87.2413101196289,0,10.012731552124,15.4005479812622,0.996649622917175,4.87199592590332,37.1188201904297,1.31478381156921,2.23244953155518,171.617324829102,-768.23955761392,-2492.48932304778,"StriatedCaracara",10
2688,0,86.6538162231445,0,9.55221748352051,16.2387828826904,1.0811265707016,1.20773088932037,36.3975219726562,1.18938994407654,-5.48794841766357,170.945877075195,-758.23955761392,-2492.48932304778,"StriatedCaracara",10
2689,0,87.1314239501953,0,7.60934972763062,18.5676002502441,0.00218417402356863,0,48.2378196716309,0,-7.2111759185791,104.670745849609,-748.23955761392,-2492.48932304778,"StriatedCaracara",10
2690,1,88.3708953857422,0,7.02364778518677,19.5000076293945,1.11219882965088,0.10127105563879,43.178882598877,1.20943999290466,-7.7473349571228,157.174835205078,-738.23955761392,-2492.48932304778,"StriatedCaracara",10
2691,0,90.0440063476562,0,5.32955598831177,22.075590133667,2.67137956619263,0.171925216913223,44.2733154296875,0.273774087429047,2.65109133720398,176.447616577148,-728.23955761392,-2492.48932304778,"StriatedCaracara",10
2692,0,86.1755065917969,0,6.63777875900269,21.0996379852295,4.97614479064941,0.278753131628036,30.6963081359863,0.230832666158676,-0.890892267227173,219.720687866211,-718.23955761392,-2492.48932304778,"StriatedCaracara",10
2693,0,80.1861343383789,0,6.08859205245972,22.7326049804688,2.10123586654663,0.24751777946949,42.1165199279785,0,-0.647436499595642,223.908340454102,-708.23955761392,-2492.48932304778,"StriatedCaracara",10
2694,1,73.4493026733398,0,8.36751651763916,20.0457153320312,2.0199613571167,0.700460493564606,43.9346580505371,0.406170040369034,-10.5288763046265,179.640518188477,-698.23955761392,-2492.48932304778,"StriatedCaracara",10
2695,0,65.590202331543,0,8.01882266998291,21.2160835266113,2.45036721229553,0.915147244930267,42.9198379516602,1.47655963897705,3.25984263420105,193.342224121094,-688.23955761392,-2492.48932304778,"StriatedCaracara",10
2696,0,57.1360855102539,0,5.30783653259277,25.6171684265137,1.26861000061035,0.246502071619034,47.2006759643555,0.0338567607104778,8.80596542358398,165.136581420898,-678.23955761392,-2492.48932304778,"StriatedCaracara",10
2697,0,48.4971084594727,0,8.42342853546143,21.357364654541,0.253663957118988,2.36936545372009,40.1024780273438,0.722337424755096,2.05168437957764,149.742218017578,-668.23955761392,-2492.48932304778,"StriatedCaracara",10
2698,1,39.8766174316406,0,10.8294372558594,13.9943857192993,4.92868709564209,14.493218421936,33.065860748291,12.4206676483154,0.687795460224152,158.240173339844,-658.23955761392,-2492.48932304778,"StriatedCaracara",10
2699,1,31.2920570373535,0,11.3075466156006,14.0250587463379,5.38131332397461,18.5549068450928,32.2126007080078,14.6538925170898,-3.29274845123291,145.374572753906,-648.23955761392,-2492.48932304778,"StriatedCaracara",10
2700,0,22.7783107757568,0,10.6845111846924,14.6121473312378,4.51609516143799,11.8677968978882,29.8081836700439,19.2433128356934,2.42966651916504,149.948471069336,-638.23955761392,-2492.48932304778,"StriatedCaracara",10
2701,0,14.4641590118408,0,9.72833633422852,18.002836227417,2.35206747055054,6.95856094360352,36.936206817627,14.4139308929443,2.66423630714417,145.942840576172,-628.23955761392,-2492.48932304778,"StriatedCaracara",10
2702,1,6.80442810058594,0,10.3178243637085,18.1519927978516,1.22567915916443,11.8518924713135,31.8307189941406,9.07833671569824,4.32600402832031,168.989898681641,-618.23955761392,-2492.48932304778,"StriatedCaracara",10
2703,1,2.37618541717529,1,11.5218334197998,17.5126953125,2.38668084144592,20.2103958129883,25.4751930236816,13.6428604125977,-0.113859973847866,134.232452392578,-608.23955761392,-2492.48932304778,"StriatedCaracara",10
2704,1,3.24570798873901,0,10.5522451400757,20.0448703765869,2.26964282989502,12.7325286865234,34.5219993591309,13.5403575897217,5.81093120574951,147.338134765625,-598.23955761392,-2492.48932304778,"StriatedCaracara",10
2705,1,3.23766803741455,0,10.5930948257446,21.2025566101074,6.70259618759155,9.47459888458252,38.8523788452148,14.6075735092163,5.10562562942505,122.882179260254,-588.23955761392,-2492.48932304778,"StriatedCaracara",10
2706,1,3.4910101890564,0,11.0139446258545,21.5955848693848,6.55659103393555,10.2195892333984,41.3419761657715,15.5549964904785,-1.55142712593079,120.90795135498,-578.23955761392,-2492.48932304778,"StriatedCaracara",10
2707,1,8.13267135620117,0,10.8120307922363,22.5981464385986,4.21667957305908,10.2038688659668,36.2941856384277,17.2653694152832,2.91735696792603,143.805862426758,-568.23955761392,-2492.48932304778,"StriatedCaracara",10
2708,1,7.78570127487183,0,11.2044248580933,22.7480068206787,4.62191247940063,15.8211059570312,31.6703834533691,16.0229930877686,-3.76359605789185,117.812133789062,-558.23955761392,-2492.48932304778,"StriatedCaracara",10
2709,0,2.43178296089172,0,11.5008773803711,23.2640132904053,1.49039328098297,14.6349334716797,38.0228958129883,17.4605007171631,4.9885139465332,84.5495758056641,-548.23955761392,-2492.48932304778,"StriatedCaracara",10
2710,0,6.46886301040649,0,11.7458333969116,23.0119209289551,1.04604196548462,21.7949047088623,36.513111114502,15.4453277587891,0.0899349227547646,70.8473281860352,-538.23955761392,-2492.48932304778,"StriatedCaracara",10
2711,0,14.2127885818481,0,11.7190971374512,23.1968383789062,3.02655220031738,21.6965866088867,34.1173400878906,14.8748550415039,-7.46158838272095,85.164680480957,-528.23955761392,-2492.48932304778,"StriatedCaracara",10
2712,0,22.3983821868896,0,11.7875375747681,23.380521774292,2.63047504425049,22.7419242858887,38.1072578430176,15.8965110778809,-5.11989784240723,65.5082092285156,-518.23955761392,-2492.48932304778,"StriatedCaracara",10
2713,0,30.6930713653564,0,11.5825843811035,23.7739524841309,2.30537509918213,21.9085235595703,32.1494178771973,18.5766658782959,-3.4840259552002,79.5536575317383,-508.23955761392,-2492.48932304778,"StriatedCaracara",10
2714,0,38.2576370239258,0,10.946478843689,23.5807361602783,4.09120798110962,21.3421325683594,34.0361862182617,17.5237312316895,-4.53274202346802,95.037841796875,-498.23955761392,-2492.48932304778,"StriatedCaracara",10
2715,0,37.9453277587891,0,11.2708377838135,23.3412857055664,4.31887865066528,25.9667053222656,38.6385765075684,10.7601108551025,3.92145395278931,74.0719299316406,-488.23955761392,-2492.48932304778,"StriatedCaracara",10
2716,0,33.5262565612793,0,12.0186853408813,23.8226089477539,0.459403812885284,30.1159381866455,38.6745147705078,9.83285903930664,0.0124799087643623,35.8927993774414,-478.23955761392,-2492.48932304778,"StriatedCaracara",10
2717,0,30.0419807434082,0,12.2367963790894,24.2583885192871,0.144007116556168,21.1382484436035,42.4478988647461,20.7591972351074,-0.258778423070908,25.0189018249512,-468.23955761392,-2492.48932304778,"StriatedCaracara",10
2718,0,26.1609306335449,0,11.4681196212769,24.2327690124512,0.894511103630066,27.4299621582031,37.6683616638184,14.6258544921875,4.24751663208008,51.7711372375488,-458.23955761392,-2492.48932304778,"StriatedCaracara",10
2719,0,23.5168075561523,0,11.4276638031006,24.1757392883301,1.25466442108154,35.5774230957031,25.4509563446045,11.7947521209717,1.18754351139069,48.2442665100098,-448.23955761392,-2492.48932304778,"StriatedCaracara",10
2720,0,20.6574802398682,0,11.8498792648315,25.0914459228516,0.296112358570099,47.4501876831055,22.5929508209229,7.89424705505371,3.59922528266907,34.3118705749512,-438.23955761392,-2492.48932304778,"StriatedCaracara",10
2721,0,18.6976299285889,0,12.0229625701904,25.09840965271,0.0646567344665527,40.6154289245605,31.277904510498,6.28923511505127,3.03102207183838,28.1786251068115,-428.23955761392,-2492.48932304778,"StriatedCaracara",10
2722,0,18.5487899780273,0,11.7075548171997,24.8735771179199,0.315175175666809,39.0711326599121,34.0899963378906,7.75204658508301,-1.07925009727478,32.4470252990723,-418.23955761392,-2492.48932304778,"StriatedCaracara",10
2723,0,19.7676181793213,0,11.4158248901367,25.2793769836426,0.154013976454735,39.1050567626953,25.0187187194824,9.88047695159912,1.24618768692017,45.9065933227539,-408.23955761392,-2492.48932304778,"StriatedCaracara",10
2724,0,20.4704456329346,0,10.9847545623779,25.7482280731201,1.50555980205536,31.3758373260498,23.3403663635254,12.0257959365845,0.925528705120087,63.9773216247559,-398.23955761392,-2492.48932304778,"StriatedCaracara",10
2725,0,12.3809537887573,0,11.3845739364624,25.460901260376,0.269903749227524,34.9649353027344,15.107081413269,4.36598300933838,1.47219920158386,38.2674369812012,-388.23955761392,-2492.48932304778,"StriatedCaracara",10
2726,1,50.3994178771973,1,10.5835056304932,26.3200454711914,10.8346014022827,11.0904922485352,36.359806060791,12.3901472091675,1.35696172714233,43.2611885070801,-348.23955761392,-2492.48932304778,"StriatedCaracara",10
2727,0,50.3994178771973,0,10.5835056304932,26.3200454711914,10.8346014022827,11.0904922485352,36.359806060791,12.3901472091675,1.35696172714233,43.2611885070801,-338.23955761392,-2492.48932304778,"StriatedCaracara",10
2728,1,56.0647659301758,0,10.0626811981201,28.3685646057129,0.857647001743317,3.06575798988342,36.3546981811523,7.6822395324707,-0.394779771566391,65.3992156982422,-328.23955761392,-2492.48932304778,"StriatedCaracara",10
2729,0,72.50048828125,0,10.235405921936,27.8280353546143,3.77856969833374,7.57636690139771,26.8152866363525,15.3864421844482,0.473050564527512,73.2016220092773,-318.23955761392,-2492.48932304778,"StriatedCaracara",10
2730,0,127.502960205078,0,11.5373392105103,10.9900426864624,0,0,2.09962034225464,0.312311947345734,-0.948181509971619,3.97089099884033,-898.23955761392,-2502.48932304778,"StriatedCaracara",10
2731,0,127.502960205078,0,11.5373392105103,10.9900426864624,0,0,2.09962034225464,0.312311947345734,-0.948181509971619,3.97089099884033,-888.23955761392,-2502.48932304778,"StriatedCaracara",10
2732,0,120.170677185059,0,10.9469547271729,11.7879314422607,0.00955618545413017,0,45.0464935302734,8.54637145996094,2.9161593914032,132.796081542969,-878.23955761392,-2502.48932304778,"StriatedCaracara",10
2733,0,119.159484863281,0,11.2565422058105,11.4082822799683,0,0.293634712696075,5.004150390625,1.05641293525696,-1.05282068252563,12.8454999923706,-868.23955761392,-2502.48932304778,"StriatedCaracara",10
2734,1,119.159484863281,0,11.2565422058105,11.4082822799683,0,0.293634712696075,5.004150390625,1.05641293525696,-1.05282068252563,12.8454999923706,-858.23955761392,-2502.48932304778,"StriatedCaracara",10
2735,0,110.737007141113,0,11.1321067810059,11.2962112426758,0.140015661716461,0.414975464344025,45.6464004516602,4.42951631546021,1.67610645294189,84.0572662353516,-848.23955761392,-2502.48932304778,"StriatedCaracara",10
2736,0,111.909683227539,0,11.3991746902466,11.3566913604736,1.56670665740967,5.11829376220703,22.1748809814453,8.44450759887695,-0.948142945766449,29.3316078186035,-838.23955761392,-2502.48932304778,"StriatedCaracara",10
2737,0,111.909683227539,0,11.3991746902466,11.3566913604736,1.56670665740967,5.11829376220703,22.1748809814453,8.44450759887695,-0.948142945766449,29.3316078186035,-828.23955761392,-2502.48932304778,"StriatedCaracara",10
2738,0,101.564117431641,0,10.6364154815674,12.5914840698242,1.18859481811523,1.0466171503067,37.8322601318359,6.33503389358521,1.81931269168854,113.203155517578,-818.23955761392,-2502.48932304778,"StriatedCaracara",10
2739,0,104.11181640625,0,11.0900421142578,12.2692785263062,3.27195477485657,7.59737491607666,39.8304595947266,18.6004161834717,0.103238344192505,78.8873596191406,-808.23955761392,-2502.48932304778,"StriatedCaracara",10
2740,0,104.11181640625,0,11.0900421142578,12.2692785263062,3.27195477485657,7.59737491607666,39.8304595947266,18.6004161834717,0.103238344192505,78.8873596191406,-798.23955761392,-2502.48932304778,"StriatedCaracara",10
2741,0,99.6886138916016,0,11.0365676879883,12.700309753418,4.10075712203979,3.69574975967407,32.6783828735352,11.2957468032837,1.36409783363342,128.449523925781,-788.23955761392,-2502.48932304778,"StriatedCaracara",10
2742,0,99.6886138916016,0,11.0365676879883,12.700309753418,4.10075712203979,3.69574975967407,32.6783828735352,11.2957468032837,1.36409783363342,128.449523925781,-778.23955761392,-2502.48932304778,"StriatedCaracara",10
2743,0,98.4554901123047,0,9.99287414550781,14.6902523040771,0.816731333732605,1.60276210308075,38.131290435791,4.52054452896118,-0.836111068725586,159.155624389648,-768.23955761392,-2502.48932304778,"StriatedCaracara",10
2744,0,98.2385940551758,0,10.2458477020264,14.7587299346924,1.35975730419159,2.79645299911499,26.0672378540039,3.73005318641663,3.6576828956604,151.777618408203,-758.23955761392,-2502.48932304778,"StriatedCaracara",10
2745,1,98.5842971801758,0,9.71470069885254,15.6919593811035,0.209961339831352,0.778475046157837,35.1435737609863,3.49991416931152,6.38089752197266,167.983367919922,-748.23955761392,-2502.48932304778,"StriatedCaracara",10
2746,1,99.6438903808594,0,9.73298072814941,15.9632396697998,0.83590304851532,1.8392196893692,34.8997459411621,4.41876316070557,10.8185062408447,179.71435546875,-738.23955761392,-2502.48932304778,"StriatedCaracara",10
2747,0,98.6546783447266,0,8.20461082458496,18.4534969329834,1.083944439888,0.610097467899323,37.6885528564453,1.31937670707703,0.949996888637543,152.375396728516,-728.23955761392,-2502.48932304778,"StriatedCaracara",10
2748,0,82.678337097168,0,9.45311069488525,18.1463928222656,1.94935846328735,0.604566156864166,27.9578380584717,1.14832496643066,4.06513690948486,154.85432434082,-718.23955761392,-2502.48932304778,"StriatedCaracara",10
2749,1,82.678337097168,0,9.45311069488525,18.1463928222656,1.94935846328735,0.604566156864166,27.9578380584717,1.14832496643066,4.06513690948486,154.85432434082,-708.23955761392,-2502.48932304778,"StriatedCaracara",10
2750,0,74.2967147827148,0,7.19558143615723,21.2275676727295,0.490025520324707,0.531835556030273,36.5242385864258,1.20794320106506,15.1120891571045,184.226638793945,-698.23955761392,-2502.48932304778,"StriatedCaracara",10
2751,0,65.6836242675781,0,7.8888635635376,21.318416595459,1.31511795520782,0.472926944494247,28.3637580871582,1.11388325691223,-2.01387119293213,140.213180541992,-688.23955761392,-2502.48932304778,"StriatedCaracara",10
2752,0,57.0904769897461,0,5.41393709182739,24.7224426269531,6.61882877349854,0,41.3844032287598,0,-4.25294256210327,165.562911987305,-678.23955761392,-2502.48932304778,"StriatedCaracara",10
2753,0,48.5276985168457,0,8.77317810058594,19.1068859100342,1.64728903770447,1.79021883010864,47.2107429504395,1.83716511726379,-2.84009122848511,144.86767578125,-668.23955761392,-2502.48932304778,"StriatedCaracara",10
2754,1,40.0470275878906,0,10.7843770980835,14.9129467010498,3.99005508422852,12.8096370697021,40.5086288452148,7.37507438659668,-3.2991099357605,149.88508605957,-658.23955761392,-2502.48932304778,"StriatedCaracara",10
2755,1,31.415412902832,0,10.4862365722656,14.8551330566406,4.17992401123047,6.90962266921997,28.9789848327637,10.0558042526245,5.63195753097534,140.393035888672,-648.23955761392,-2502.48932304778,"StriatedCaracara",10
2756,1,23.209867477417,0,11.6654052734375,14.1079063415527,0.273669481277466,13.8760690689087,23.4803943634033,9.15170764923096,-5.65698146820068,125.15966796875,-638.23955761392,-2502.48932304778,"StriatedCaracara",10
2757,1,14.7716484069824,0,11.8746633529663,14.5614824295044,1.89788901805878,21.8737831115723,20.1983318328857,9.12947463989258,-1.73050379753113,85.8792266845703,-628.23955761392,-2502.48932304778,"StriatedCaracara",10
2758,1,6.80442810058594,0,10.3178243637085,18.1519927978516,1.22567915916443,11.8518924713135,31.8307189941406,9.07833671569824,4.32600402832031,168.989898681641,-618.23955761392,-2502.48932304778,"StriatedCaracara",10
2759,1,15.6430311203003,0,11.9289255142212,17.5117244720459,0.490665316581726,20.8628807067871,21.0739593505859,12.6057147979736,1.90229260921478,75.5387496948242,-608.23955761392,-2502.48932304778,"StriatedCaracara",10
2760,1,14.0136909484863,0,11.5814933776855,19.2565250396729,0.23391729593277,24.8898162841797,41.0127372741699,13.9250907897949,2.57026767730713,43.8402366638184,-598.23955761392,-2502.48932304778,"StriatedCaracara",10
2761,1,12.9655303955078,0,11.800464630127,21.1284866333008,0.3597531914711,25.526216506958,41.1352081298828,13.9837560653687,0.796048283576965,40.6219329833984,-588.23955761392,-2502.48932304778,"StriatedCaracara",10
2762,1,3.50279402732849,0,11.6611833572388,22.4127197265625,2.04442524909973,15.6570806503296,19.9316158294678,13.1576766967773,-4.97388029098511,81.7635116577148,-578.23955761392,-2502.48932304778,"StriatedCaracara",10
2763,1,3.50279402732849,0,11.6611833572388,22.4127197265625,2.04442524909973,15.6570806503296,19.9316158294678,13.1576766967773,-4.97388029098511,81.7635116577148,-568.23955761392,-2502.48932304778,"StriatedCaracara",10
2764,1,12.6710767745972,0,10.7695064544678,22.7665882110596,5.44107961654663,14.2627334594727,39.3525543212891,17.9067192077637,5.77699089050293,105.558448791504,-558.23955761392,-2502.48932304778,"StriatedCaracara",10
2765,1,14.11607837677,0,11.1196451187134,22.9613361358643,3.64759159088135,20.1435260772705,38.7872924804688,15.0298461914062,4.99115657806396,63.2233543395996,-548.23955761392,-2502.48932304778,"StriatedCaracara",10
2766,1,12.7971992492676,0,11.519476890564,22.7776412963867,2.85793161392212,12.5594520568848,34.486442565918,19.6815567016602,0.973982036113739,56.3699035644531,-538.23955761392,-2502.48932304778,"StriatedCaracara",10
2767,0,12.7971992492676,0,11.519476890564,22.7776412963867,2.85793161392212,12.5594520568848,34.486442565918,19.6815567016602,0.973982036113739,56.3699035644531,-528.23955761392,-2502.48932304778,"StriatedCaracara",10
2768,0,21.0718040466309,0,10.9250736236572,22.767858505249,2.86740183830261,17.1226825714111,46.3716468811035,22.2072582244873,4.40292501449585,60.5396423339844,-518.23955761392,-2502.48932304778,"StriatedCaracara",10
2769,0,29.9480323791504,0,11.8986225128174,23.6891975402832,0.676557004451752,32.1968994140625,28.414701461792,9.89888858795166,0.957708775997162,47.5063629150391,-508.23955761392,-2502.48932304778,"StriatedCaracara",10
2770,0,38.5390434265137,0,11.8240871429443,23.9629173278809,0.920531153678894,30.7186889648438,24.3750095367432,12.9101009368896,4.488356590271,64.5768966674805,-498.23955761392,-2502.48932304778,"StriatedCaracara",10
2771,0,45.221794128418,0,11.1066608428955,23.6937007904053,4.69040250778198,22.0464706420898,32.8038520812988,16.6561851501465,-2.86067056655884,89.4437561035156,-488.23955761392,-2502.48932304778,"StriatedCaracara",10
2772,0,43.8864860534668,0,11.879903793335,23.7192478179932,3.29681491851807,32.4880180358887,35.0113105773926,10.3317222595215,0.435290038585663,51.6613883972168,-478.23955761392,-2502.48932304778,"StriatedCaracara",10
2773,0,40.0739974975586,0,11.934513092041,24.7592868804932,2.84433674812317,25.8613014221191,34.0997123718262,15.8367547988892,-1.2241108417511,57.2894134521484,-468.23955761392,-2502.48932304778,"StriatedCaracara",10
2774,0,36.5946388244629,0,11.3410387039185,24.4400672912598,7.0799822807312,21.7352333068848,36.1294555664062,15.3747062683105,-1.06191098690033,75.9220352172852,-458.23955761392,-2502.48932304778,"StriatedCaracara",10
2775,0,33.7623558044434,1,11.3546848297119,24.111515045166,4.43770980834961,25.8800430297852,26.9149017333984,13.2407884597778,-0.9603590965271,76.623161315918,-448.23955761392,-2502.48932304778,"StriatedCaracara",10
2776,1,20.6574802398682,0,11.8498792648315,25.0914459228516,0.296112358570099,47.4501876831055,22.5929508209229,7.89424705505371,3.59922528266907,34.3118705749512,-438.23955761392,-2502.48932304778,"StriatedCaracara",10
2777,1,25.495979309082,0,10.9328880310059,24.9272804260254,2.93224883079529,26.1193351745605,38.5287551879883,13.4882822036743,1.60853064060211,40.1095008850098,-428.23955761392,-2502.48932304778,"StriatedCaracara",10
2778,0,25.495979309082,0,10.9328880310059,24.9272804260254,2.93224883079529,26.1193351745605,38.5287551879883,13.4882822036743,1.60853064060211,40.1095008850098,-418.23955761392,-2502.48932304778,"StriatedCaracara",10
2779,0,19.7676181793213,0,11.4158248901367,25.2793769836426,0.154013976454735,39.1050567626953,25.0187187194824,9.88047695159912,1.24618768692017,45.9065933227539,-408.23955761392,-2502.48932304778,"StriatedCaracara",10
2780,0,20.4704456329346,0,10.9847545623779,25.7482280731201,1.50555980205536,31.3758373260498,23.3403663635254,12.0257959365845,0.925528705120087,63.9773216247559,-398.23955761392,-2502.48932304778,"StriatedCaracara",10
2781,0,20.4704456329346,0,10.9847545623779,25.7482280731201,1.50555980205536,31.3758373260498,23.3403663635254,12.0257959365845,0.925528705120087,63.9773216247559,-388.23955761392,-2502.48932304778,"StriatedCaracara",10
2782,0,127.502960205078,0,11.5373392105103,10.9900426864624,0,0,2.09962034225464,0.312311947345734,-0.948181509971619,3.97089099884033,-888.23955761392,-2512.48932304778,"StriatedCaracara",10
2783,0,127.502960205078,0,11.5373392105103,10.9900426864624,0,0,2.09962034225464,0.312311947345734,-0.948181509971619,3.97089099884033,-878.23955761392,-2512.48932304778,"StriatedCaracara",10
2784,0,119.159484863281,0,11.2565422058105,11.4082822799683,0,0.293634712696075,5.004150390625,1.05641293525696,-1.05282068252563,12.8454999923706,-868.23955761392,-2512.48932304778,"StriatedCaracara",10
2785,1,119.159484863281,0,11.2565422058105,11.4082822799683,0,0.293634712696075,5.004150390625,1.05641293525696,-1.05282068252563,12.8454999923706,-858.23955761392,-2512.48932304778,"StriatedCaracara",10
2786,0,119.159484863281,0,11.2565422058105,11.4082822799683,0,0.293634712696075,5.004150390625,1.05641293525696,-1.05282068252563,12.8454999923706,-848.23955761392,-2512.48932304778,"StriatedCaracara",10
2787,0,111.909683227539,0,11.3991746902466,11.3566913604736,1.56670665740967,5.11829376220703,22.1748809814453,8.44450759887695,-0.948142945766449,29.3316078186035,-838.23955761392,-2512.48932304778,"StriatedCaracara",10
2788,0,111.909683227539,0,11.3991746902466,11.3566913604736,1.56670665740967,5.11829376220703,22.1748809814453,8.44450759887695,-0.948142945766449,29.3316078186035,-828.23955761392,-2512.48932304778,"StriatedCaracara",10
2789,0,130.671234130859,0,10.6035823822021,12.0519580841064,1.6148669719696,0.741643309593201,36.4847946166992,7.64347696304321,1.53640532493591,95.8517227172852,-818.23955761392,-2512.48932304778,"StriatedCaracara",10
2790,0,104.11181640625,0,11.0900421142578,12.2692785263062,3.27195477485657,7.59737491607666,39.8304595947266,18.6004161834717,0.103238344192505,78.8873596191406,-808.23955761392,-2512.48932304778,"StriatedCaracara",10
2791,0,112.555160522461,0,11.3092775344849,12.2834873199463,7.82036781311035,9.15680027008057,29.5958347320557,10.3381614685059,2.24963927268982,76.3147811889648,-798.23955761392,-2512.48932304778,"StriatedCaracara",10
2792,0,112.555160522461,0,11.3092775344849,12.2834873199463,7.82036781311035,9.15680027008057,29.5958347320557,10.3381614685059,2.24963927268982,76.3147811889648,-788.23955761392,-2512.48932304778,"StriatedCaracara",10
2793,0,111.378616333008,0,11.0824689865112,12.4886665344238,6.49516105651855,7.20310735702515,32.0147552490234,15.1424531936646,1.45781993865967,89.829345703125,-778.23955761392,-2512.48932304778,"StriatedCaracara",10
2794,1,109.565376281738,0,10.9733114242554,13.0699510574341,4.69269514083862,1.773681640625,34.9501953125,14.1524620056152,-4.88862895965576,50.5242805480957,-768.23955761392,-2512.48932304778,"StriatedCaracara",10
2795,0,98.2385940551758,0,10.2458477020264,14.7587299346924,1.35975730419159,2.79645299911499,26.0672378540039,3.73005318641663,3.6576828956604,151.777618408203,-758.23955761392,-2512.48932304778,"StriatedCaracara",10
2796,0,119.824211120605,0,11.1783428192139,12.9487342834473,8.66832733154297,10.7422771453857,28.5599937438965,12.8534698486328,0.162832707166672,49.288200378418,-748.23955761392,-2512.48932304778,"StriatedCaracara",10
2797,0,100.862319946289,0,10.9606857299805,14.259765625,3.30603981018066,2.68409466743469,21.1882095336914,5.36034250259399,-1.49004805088043,54.1637992858887,-738.23955761392,-2512.48932304778,"StriatedCaracara",10
2798,0,100.862319946289,0,10.9606857299805,14.259765625,3.30603981018066,2.68409466743469,21.1882095336914,5.36034250259399,-1.49004805088043,54.1637992858887,-728.23955761392,-2512.48932304778,"StriatedCaracara",10
2799,1,92.6616134643555,0,11.2017803192139,13.8372077941895,2.0806896686554,2.01500797271729,18.6544971466064,2.23808479309082,-3.08182549476624,71.5223007202148,-718.23955761392,-2512.48932304778,"StriatedCaracara",10
2800,0,84.3401641845703,0,10.7382879257202,14.8926553726196,1.25745356082916,5.51181364059448,23.7194328308105,3.58260107040405,2.22879076004028,116.255599975586,-708.23955761392,-2512.48932304778,"StriatedCaracara",10
2801,0,75.960563659668,0,10.4498691558838,15.6370878219604,0.741410732269287,4.92279958724976,18.8793449401855,2.73068404197693,-8.68019866943359,114.214767456055,-698.23955761392,-2512.48932304778,"StriatedCaracara",10
2802,1,59.2771377563477,0,8.16173553466797,18.5805072784424,0.819166839122772,3.07564067840576,24.4975280761719,0.76558917760849,3.12228941917419,186.970352172852,-688.23955761392,-2512.48932304778,"StriatedCaracara",10
2803,0,59.2771377563477,0,8.16173553466797,18.5805072784424,0.819166839122772,3.07564067840576,24.4975280761719,0.76558917760849,3.12228941917419,186.970352172852,-678.23955761392,-2512.48932304778,"StriatedCaracara",10
2804,0,51.0593109130859,0,9.35299015045166,16.3069496154785,0.407572120428085,2.62365508079529,31.4575786590576,4.44726133346558,-2.46732258796692,146.05354309082,-668.23955761392,-2512.48932304778,"StriatedCaracara",10
2805,0,43.2339401245117,0,9.44527530670166,16.9519309997559,0.640622198581696,2.92384815216064,29.3379669189453,5.48840236663818,1.01858258247375,140.704315185547,-658.23955761392,-2512.48932304778,"StriatedCaracara",10
2806,0,29.2542495727539,0,12.0086698532104,14.1325063705444,2.18707990646362,16.336935043335,18.9766330718994,3.78171515464783,-0.0753420293331146,64.9361343383789,-648.23955761392,-2512.48932304778,"StriatedCaracara",10
2807,0,29.2542495727539,0,12.0086698532104,14.1325063705444,2.18707990646362,16.336935043335,18.9766330718994,3.78171515464783,-0.0753420293331146,64.9361343383789,-638.23955761392,-2512.48932304778,"StriatedCaracara",10
2808,0,23.7279090881348,0,11.2907629013062,15.7014255523682,3.77973341941833,19.7055644989014,25.3443374633789,4.56863498687744,-2.48671722412109,81.7079238891602,-628.23955761392,-2512.48932304778,"StriatedCaracara",10
2809,1,15.6430311203003,0,11.9289255142212,17.5117244720459,0.490665316581726,20.8628807067871,21.0739593505859,12.6057147979736,1.90229260921478,75.5387496948242,-618.23955761392,-2512.48932304778,"StriatedCaracara",10
2810,1,15.6430311203003,0,11.9289255142212,17.5117244720459,0.490665316581726,20.8628807067871,21.0739593505859,12.6057147979736,1.90229260921478,75.5387496948242,-608.23955761392,-2512.48932304778,"StriatedCaracara",10
2811,0,14.0136909484863,0,11.5814933776855,19.2565250396729,0.23391729593277,24.8898162841797,41.0127372741699,13.9250907897949,2.57026767730713,43.8402366638184,-598.23955761392,-2512.48932304778,"StriatedCaracara",10
2812,0,12.9655303955078,0,11.800464630127,21.1284866333008,0.3597531914711,25.526216506958,41.1352081298828,13.9837560653687,0.796048283576965,40.6219329833984,-588.23955761392,-2512.48932304778,"StriatedCaracara",10
2813,1,12.0201988220215,0,10.7253847122192,22.2330703735352,1.26006674766541,12.6897811889648,37.6619300842285,21.70334815979,5.80588102340698,88.1769409179688,-578.23955761392,-2512.48932304778,"StriatedCaracara",10
2814,1,11.1684789657593,0,10.6806478500366,22.9196453094482,2.12238383293152,11.506031036377,36.5855178833008,21.3657932281494,5.80232524871826,107.071105957031,-568.23955761392,-2512.48932304778,"StriatedCaracara",10
2815,1,12.6710767745972,0,10.7695064544678,22.7665882110596,5.44107961654663,14.2627334594727,39.3525543212891,17.9067192077637,5.77699089050293,105.558448791504,-558.23955761392,-2512.48932304778,"StriatedCaracara",10
2816,0,14.11607837677,0,11.1196451187134,22.9613361358643,3.64759159088135,20.1435260772705,38.7872924804688,15.0298461914062,4.99115657806396,63.2233543395996,-548.23955761392,-2512.48932304778,"StriatedCaracara",10
2817,0,14.599588394165,0,11.7244558334351,23.7513732910156,2.37546682357788,24.2208881378174,25.8048419952393,11.8067932128906,0.840213537216187,44.6628036499023,-538.23955761392,-2512.48932304778,"StriatedCaracara",10
2818,0,19.0823268890381,0,11.6326417922974,23.0652313232422,5.81571960449219,16.1043395996094,25.1084632873535,6.69357919692993,2.13758993148804,47.671817779541,-528.23955761392,-2512.48932304778,"StriatedCaracara",10
2819,0,26.1080932617188,0,11.9270820617676,24.3061904907227,0,14.5393304824829,13.721981048584,9.43731307983398,0.535247325897217,22.3282775878906,-518.23955761392,-2512.48932304778,"StriatedCaracara",10
2820,0,29.9480323791504,0,11.8986225128174,23.6891975402832,0.676557004451752,32.1968994140625,28.414701461792,9.89888858795166,0.957708775997162,47.5063629150391,-508.23955761392,-2512.48932304778,"StriatedCaracara",10
2821,0,49.1854667663574,0,11.9961957931519,23.6840152740479,0.433323860168457,26.9981727600098,17.4560794830322,13.5198011398315,-1.01374971866608,38.7065238952637,-498.23955761392,-2512.48932304778,"StriatedCaracara",10
2822,1,49.1854667663574,0,11.9961957931519,23.6840152740479,0.433323860168457,26.9981727600098,17.4560794830322,13.5198011398315,-1.01374971866608,38.7065238952637,-488.23955761392,-2512.48932304778,"StriatedCaracara",10
2823,0,53.2331352233887,0,11.465784072876,23.7586994171143,3.43079614639282,30.5711288452148,20.0897521972656,11.7476711273193,-1.18807220458984,57.5481452941895,-478.23955761392,-2512.48932304778,"StriatedCaracara",10
2824,0,40.0739974975586,0,11.934513092041,24.7592868804932,2.84433674812317,25.8613014221191,34.0997123718262,15.8367547988892,-1.2241108417511,57.2894134521484,-468.23955761392,-2512.48932304778,"StriatedCaracara",10
2825,0,36.5946388244629,0,11.3410387039185,24.4400672912598,7.0799822807312,21.7352333068848,36.1294555664062,15.3747062683105,-1.06191098690033,75.9220352172852,-458.23955761392,-2512.48932304778,"StriatedCaracara",10
2826,0,119.159484863281,0,11.2565422058105,11.4082822799683,0,0.293634712696075,5.004150390625,1.05641293525696,-1.05282068252563,12.8454999923706,-848.23955761392,-2522.48932304778,"StriatedCaracara",10
2827,0,130.671234130859,0,10.6035823822021,12.0519580841064,1.6148669719696,0.741643309593201,36.4847946166992,7.64347696304321,1.53640532493591,95.8517227172852,-838.23955761392,-2522.48932304778,"StriatedCaracara",10
2828,0,130.671234130859,0,10.6035823822021,12.0519580841064,1.6148669719696,0.741643309593201,36.4847946166992,7.64347696304321,1.53640532493591,95.8517227172852,-828.23955761392,-2522.48932304778,"StriatedCaracara",10
2829,0,130.671234130859,0,10.6035823822021,12.0519580841064,1.6148669719696,0.741643309593201,36.4847946166992,7.64347696304321,1.53640532493591,95.8517227172852,-818.23955761392,-2522.48932304778,"StriatedCaracara",10
2830,0,137.831497192383,0,10.7100448608398,12.3111915588379,1.00067400932312,3.1708824634552,24.6925678253174,12.5926055908203,-1.53709506988525,75.1737365722656,-808.23955761392,-2522.48932304778,"StriatedCaracara",10
2831,1,136.345626831055,0,10.1587734222412,12.8312244415283,0.609664976596832,1.51322507858276,28.320743560791,8.30854606628418,5.02424764633179,91.5421295166016,-798.23955761392,-2522.48932304778,"StriatedCaracara",10
2832,0,121.763816833496,0,10.9426050186157,12.6807641983032,6.3169093132019,4.43174743652344,33.6165237426758,10.3007688522339,-0.568303406238556,76.490966796875,-788.23955761392,-2522.48932304778,"StriatedCaracara",10
2833,0,121.763816833496,0,10.9426050186157,12.6807641983032,6.3169093132019,4.43174743652344,33.6165237426758,10.3007688522339,-0.568303406238556,76.490966796875,-778.23955761392,-2522.48932304778,"StriatedCaracara",10
2834,0,116.528137207031,0,10.5145196914673,13.0384769439697,5.48394012451172,2.81089305877686,42.9569702148438,15.0702285766602,-1.26405298709869,40.9025421142578,-768.23955761392,-2522.48932304778,"StriatedCaracara",10
2835,0,119.824211120605,0,11.1783428192139,12.9487342834473,8.66832733154297,10.7422771453857,28.5599937438965,12.8534698486328,0.162832707166672,49.288200378418,-758.23955761392,-2522.48932304778,"StriatedCaracara",10
2836,0,119.824211120605,0,11.1783428192139,12.9487342834473,8.66832733154297,10.7422771453857,28.5599937438965,12.8534698486328,0.162832707166672,49.288200378418,-748.23955761392,-2522.48932304778,"StriatedCaracara",10
2837,0,103.284484863281,0,10.8903684616089,14.2822284698486,1.37776720523834,3.84751725196838,35.8996925354004,7.53854322433472,2.74326992034912,125.592056274414,-738.23955761392,-2522.48932304778,"StriatedCaracara",10
2838,0,103.284484863281,0,10.8903684616089,14.2822284698486,1.37776720523834,3.84751725196838,35.8996925354004,7.53854322433472,2.74326992034912,125.592056274414,-728.23955761392,-2522.48932304778,"StriatedCaracara",10
2839,0,95.246696472168,0,10.7305822372437,15.0231447219849,2.3574481010437,1.97248244285583,35.2443008422852,5.5169563293457,8.28129291534424,157.618392944336,-718.23955761392,-2522.48932304778,"StriatedCaracara",10
2840,0,87.221549987793,0,10.8035411834717,15.1828908920288,1.83451056480408,2.04753923416138,28.0830173492432,4.17459011077881,-8.66274833679199,156.49494934082,-708.23955761392,-2522.48932304778,"StriatedCaracara",10
2841,0,71.1820831298828,0,10.8442821502686,14.7583122253418,2.15251684188843,3.36635732650757,26.6185874938965,5.02738094329834,-4.05468845367432,136.924224853516,-698.23955761392,-2522.48932304778,"StriatedCaracara",10
2842,0,71.1820831298828,0,10.8442821502686,14.7583122253418,2.15251684188843,3.36635732650757,26.6185874938965,5.02738094329834,-4.05468845367432,136.924224853516,-688.23955761392,-2522.48932304778,"StriatedCaracara",10
2843,0,63.5821533203125,0,10.6850318908691,14.5602893829346,2.72382664680481,4.96763610839844,28.8645114898682,4.53166913986206,1.47593116760254,118.34765625,-678.23955761392,-2522.48932304778,"StriatedCaracara",10
2844,0,56.3634796142578,0,11.1789321899414,13.1983871459961,3.20448637008667,10.4823551177979,27.6256046295166,7.35826015472412,-2.93295764923096,89.1319046020508,-668.23955761392,-2522.48932304778,"StriatedCaracara",10
2845,0,48.5427017211914,0,10.6099328994751,14.8300819396973,0.869114518165588,5.73572111129761,35.8534545898438,5.45961236953735,1.16460108757019,124.771392822266,-658.23955761392,-2522.48932304778,"StriatedCaracara",10
2846,0,42.6726493835449,0,10.5813694000244,16.1330718994141,2.01698589324951,7.6887412071228,35.9995918273926,5.1584005355835,6.82265186309814,144.247772216797,-648.23955761392,-2522.48932304778,"StriatedCaracara",10
2847,0,37.1513824462891,0,10.4643783569336,16.4626636505127,3.13651895523071,7.80306959152222,38.1934432983398,4.99007081985474,-4.65361499786377,161.640411376953,-638.23955761392,-2522.48932304778,"StriatedCaracara",10
2848,0,32.4972991943359,0,9.994553565979,17.9562530517578,3.42685723304749,6.9440336227417,30.18994140625,5.53319072723389,1.32853138446808,158.409912109375,-628.23955761392,-2522.48932304778,"StriatedCaracara",10
2849,0,28.1025657653809,0,10.5083875656128,16.5643882751465,5.47266530990601,9.85758781433105,27.422420501709,11.8240327835083,1.08895027637482,105.764724731445,-618.23955761392,-2522.48932304778,"StriatedCaracara",10
2850,0,25.0702476501465,0,11.3670101165771,21.4647731781006,1.15851652622223,19.5990982055664,31.5951194763184,12.7224578857422,3.06734204292297,53.3736419677734,-608.23955761392,-2522.48932304778,"StriatedCaracara",10
2851,1,25.0702476501465,0,11.3670101165771,21.4647731781006,1.15851652622223,19.5990982055664,31.5951194763184,12.7224578857422,3.06734204292297,53.3736419677734,-598.23955761392,-2522.48932304778,"StriatedCaracara",10
2852,0,24.3244667053223,0,11.7600746154785,22.5926113128662,1.50699961185455,30.1470470428467,33.5429611206055,9.66940021514893,-1.48278295993805,53.957405090332,-588.23955761392,-2522.48932304778,"StriatedCaracara",10
2853,0,23.2828731536865,0,11.0681848526001,23.230619430542,0.955295205116272,21.5775241851807,33.897647857666,18.2565383911133,-1.71109664440155,73.1264343261719,-578.23955761392,-2522.48932304778,"StriatedCaracara",10
2854,0,22.5560665130615,0,11.4488525390625,23.3337745666504,1.4497447013855,25.2540645599365,34.3292350769043,14.533974647522,-3.45391774177551,61.6575355529785,-568.23955761392,-2522.48932304778,"StriatedCaracara",10
2855,1,23.7304668426514,0,11.5828895568848,24.1344356536865,2.93968200683594,17.478946685791,27.9304218292236,13.5832853317261,1.35048019886017,59.360652923584,-558.23955761392,-2522.48932304778,"StriatedCaracara",10
2856,0,25.4045562744141,0,12.1398124694824,24.2362365722656,1.10542809963226,25.4183902740479,32.1678848266602,13.4508657455444,0.520395815372467,40.6828536987305,-548.23955761392,-2522.48932304778,"StriatedCaracara",10
2857,0,25.7353458404541,0,12.3833093643188,24.3678245544434,0.372197151184082,20.0239315032959,21.5326976776123,8.93509864807129,-1.56228196620941,24.253023147583,-538.23955761392,-2522.48932304778,"StriatedCaracara",10
2858,0,28.4989128112793,0,12.0411796569824,23.4881248474121,1.26769351959229,32.8046798706055,40.209716796875,8.39115428924561,-0.29526874423027,32.8037643432617,-528.23955761392,-2522.48932304778,"StriatedCaracara",10
2859,1,26.1080932617188,0,11.9270820617676,24.3061904907227,0,14.5393304824829,13.721981048584,9.43731307983398,0.535247325897217,22.3282775878906,-518.23955761392,-2522.48932304778,"StriatedCaracara",10
2860,0,50.3758010864258,0,12.1256685256958,22.2132148742676,0.341102957725525,26.3235359191895,29.7533416748047,3.65343809127808,-0.418803721666336,11.5990629196167,-508.23955761392,-2522.48932304778,"StriatedCaracara",10
2861,1,61.4789123535156,0,11.7881488800049,22.57448387146,1.09484302997589,39.2187042236328,20.8700695037842,3.45731019973755,0.46247810125351,24.0121421813965,-498.23955761392,-2522.48932304778,"StriatedCaracara",10
2862,0,61.4789123535156,0,11.7881488800049,22.57448387146,1.09484302997589,39.2187042236328,20.8700695037842,3.45731019973755,0.46247810125351,24.0121421813965,-488.23955761392,-2522.48932304778,"StriatedCaracara",10
2863,0,66.2831573486328,0,11.4841833114624,22.4259662628174,0.652394115924835,20.4021625518799,13.6619901657104,6.11193799972534,2.71826601028442,45.5127182006836,-478.23955761392,-2522.48932304778,"StriatedCaracara",10
2864,0,130.671234130859,0,10.6035823822021,12.0519580841064,1.6148669719696,0.741643309593201,36.4847946166992,7.64347696304321,1.53640532493591,95.8517227172852,-828.23955761392,-2532.48932304778,"StriatedCaracara",10
2865,0,137.831497192383,0,10.7100448608398,12.3111915588379,1.00067400932312,3.1708824634552,24.6925678253174,12.5926055908203,-1.53709506988525,75.1737365722656,-818.23955761392,-2532.48932304778,"StriatedCaracara",10
2866,0,137.831497192383,0,10.7100448608398,12.3111915588379,1.00067400932312,3.1708824634552,24.6925678253174,12.5926055908203,-1.53709506988525,75.1737365722656,-808.23955761392,-2532.48932304778,"StriatedCaracara",10
2867,0,136.345626831055,0,10.1587734222412,12.8312244415283,0.609664976596832,1.51322507858276,28.320743560791,8.30854606628418,5.02424764633179,91.5421295166016,-798.23955761392,-2532.48932304778,"StriatedCaracara",10
2868,0,135.070251464844,0,10.7334899902344,12.1691570281982,2.31694602966309,2.16385102272034,23.9481582641602,16.7144012451172,-5.63228130340576,83.2145462036133,-788.23955761392,-2532.48932304778,"StriatedCaracara",10
2869,0,134.0546875,0,10.8162288665771,12.4095258712769,3.84540224075317,2.23177099227905,26.0324001312256,13.6001453399658,0.459455966949463,78.268913269043,-778.23955761392,-2532.48932304778,"StriatedCaracara",10
2870,0,133.471160888672,0,11.1149835586548,12.5814619064331,2.16965866088867,5.3638744354248,18.3927459716797,13.284387588501,1.5644371509552,68.275146484375,-768.23955761392,-2532.48932304778,"StriatedCaracara",10
2871,0,133.471160888672,0,11.1149835586548,12.5814619064331,2.16965866088867,5.3638744354248,18.3927459716797,13.284387588501,1.5644371509552,68.275146484375,-758.23955761392,-2532.48932304778,"StriatedCaracara",10
2872,0,119.824211120605,0,11.1783428192139,12.9487342834473,8.66832733154297,10.7422771453857,28.5599937438965,12.8534698486328,0.162832707166672,49.288200378418,-748.23955761392,-2532.48932304778,"StriatedCaracara",10
2873,0,106.978904724121,0,10.2922449111938,15.0308361053467,0.103285744786263,1.58604574203491,24.7748775482178,5.0192346572876,-1.33851587772369,109.533821105957,-738.23955761392,-2532.48932304778,"StriatedCaracara",10
2874,0,106.978904724121,0,10.2922449111938,15.0308361053467,0.103285744786263,1.58604574203491,24.7748775482178,5.0192346572876,-1.33851587772369,109.533821105957,-728.23955761392,-2532.48932304778,"StriatedCaracara",10
2875,0,99.1478958129883,0,8.78145980834961,16.950345993042,0.0294337756931782,0.205500572919846,33.9725570678711,2.88563203811646,-9.76271152496338,120.679992675781,-718.23955761392,-2532.48932304778,"StriatedCaracara",10
2876,0,91.4351654052734,0,9.37385749816895,16.6303482055664,1.79457950592041,0.140783786773682,40.149055480957,3.39109086990356,10.6334257125854,156.785949707031,-708.23955761392,-2532.48932304778,"StriatedCaracara",10
2877,0,83.7402496337891,0,10.2531127929688,16.2000503540039,0.516861081123352,2.48543477058411,39.2109336853027,7.55545616149902,3.82743191719055,165.262634277344,-698.23955761392,-2532.48932304778,"StriatedCaracara",10
2878,0,76.4437408447266,0,10.6058444976807,15.0227556228638,2.00893878936768,3.88285207748413,51.0571937561035,6.22986793518066,2.95093512535095,143.254180908203,-688.23955761392,-2532.48932304778,"StriatedCaracara",10
2879,0,69.3066024780273,0,10.9019422531128,13.5394191741943,1.80072355270386,7.63218545913696,36.5269393920898,6.41611480712891,-3.49614238739014,110.585891723633,-678.23955761392,-2532.48932304778,"StriatedCaracara",10
2880,0,62.788143157959,0,10.8192186355591,13.8849725723267,3.41219282150269,4.57889842987061,41.8038101196289,8.21681594848633,7.127516746521,132.741912841797,-668.23955761392,-2532.48932304778,"StriatedCaracara",10
2881,0,57.134391784668,0,10.7951593399048,15.0283222198486,1.60039043426514,7.60019016265869,30.6726779937744,2.44569373130798,-2.75146579742432,108.807800292969,-658.23955761392,-2532.48932304778,"StriatedCaracara",10
2882,0,42.6726493835449,0,10.5813694000244,16.1330718994141,2.01698589324951,7.6887412071228,35.9995918273926,5.1584005355835,6.82265186309814,144.247772216797,-648.23955761392,-2532.48932304778,"StriatedCaracara",10
2883,0,37.1513824462891,0,10.4643783569336,16.4626636505127,3.13651895523071,7.80306959152222,38.1934432983398,4.99007081985474,-4.65361499786377,161.640411376953,-638.23955761392,-2532.48932304778,"StriatedCaracara",10
2884,0,53.3085517883301,0,10.62744140625,19.1608085632324,4.02315855026245,3.96605682373047,34.4687118530273,6.3500394821167,8.60198879241943,150.642120361328,-628.23955761392,-2532.48932304778,"StriatedCaracara",10
2885,0,28.1025657653809,0,10.5083875656128,16.5643882751465,5.47266530990601,9.85758781433105,27.422420501709,11.8240327835083,1.08895027637482,105.764724731445,-618.23955761392,-2532.48932304778,"StriatedCaracara",10
2886,0,48.8228149414062,0,11.9922351837158,22.209056854248,1.30252838134766,19.5664710998535,20.9182929992676,6.25797414779663,-0.246237456798553,27.4508438110352,-608.23955761392,-2532.48932304778,"StriatedCaracara",10
2887,0,35.1013641357422,0,12.1979236602783,25.0631561279297,1.46310877799988,33.8771438598633,22.1658248901367,7.0161075592041,-0.565116584300995,48.0750617980957,-598.23955761392,-2532.48932304778,"StriatedCaracara",10
2888,0,35.1013641357422,0,12.1979236602783,25.0631561279297,1.46310877799988,33.8771438598633,22.1658248901367,7.0161075592041,-0.565116584300995,48.0750617980957,-588.23955761392,-2532.48932304778,"StriatedCaracara",10
2889,0,34.1648139953613,0,11.7780647277832,24.3783531188965,0.883578598499298,25.7332820892334,19.6319141387939,11.9340648651123,3.17842960357666,54.7356071472168,-578.23955761392,-2532.48932304778,"StriatedCaracara",10
2890,0,34.0443458557129,0,12.3044652938843,24.7055225372314,0.768327355384827,27.6043853759766,36.4196357727051,6.95816802978516,-0.635847687721252,24.3139686584473,-568.23955761392,-2532.48932304778,"StriatedCaracara",10
2891,0,23.7304668426514,0,11.5828895568848,24.1344356536865,2.93968200683594,17.478946685791,27.9304218292236,13.5832853317261,1.35048019886017,59.360652923584,-558.23955761392,-2532.48932304778,"StriatedCaracara",10
2892,0,37.1509056091309,0,12.2890739440918,23.615234375,0.759551048278809,33.7746391296387,35.0717353820801,4.34095668792725,1.82453215122223,32.0249404907227,-548.23955761392,-2532.48932304778,"StriatedCaracara",10
2893,0,37.1509056091309,0,12.2890739440918,23.615234375,0.759551048278809,33.7746391296387,35.0717353820801,4.34095668792725,1.82453215122223,32.0249404907227,-538.23955761392,-2532.48932304778,"StriatedCaracara",10
2894,0,38.6232147216797,0,12.1533098220825,22.7820434570312,2.11862301826477,28.9609832763672,30.1392002105713,7.13908767700195,1.34031009674072,40.8568344116211,-528.23955761392,-2532.48932304778,"StriatedCaracara",10
2895,0,50.3758010864258,0,12.1256685256958,22.2132148742676,0.341102957725525,26.3235359191895,29.7533416748047,3.65343809127808,-0.418803721666336,11.5990629196167,-518.23955761392,-2532.48932304778,"StriatedCaracara",10
2896,0,50.3758010864258,0,12.1256685256958,22.2132148742676,0.341102957725525,26.3235359191895,29.7533416748047,3.65343809127808,-0.418803721666336,11.5990629196167,-508.23955761392,-2532.48932304778,"StriatedCaracara",10
2897,0,61.4789123535156,0,11.7881488800049,22.57448387146,1.09484302997589,39.2187042236328,20.8700695037842,3.45731019973755,0.46247810125351,24.0121421813965,-498.23955761392,-2532.48932304778,"StriatedCaracara",10
2898,0,61.4789123535156,0,11.7881488800049,22.57448387146,1.09484302997589,39.2187042236328,20.8700695037842,3.45731019973755,0.46247810125351,24.0121421813965,-488.23955761392,-2532.48932304778,"StriatedCaracara",10
2899,0,66.2831573486328,0,11.4841833114624,22.4259662628174,0.652394115924835,20.4021625518799,13.6619901657104,6.11193799972534,2.71826601028442,45.5127182006836,-478.23955761392,-2532.48932304778,"StriatedCaracara",10
2900,0,66.2831573486328,0,11.4841833114624,22.4259662628174,0.652394115924835,20.4021625518799,13.6619901657104,6.11193799972534,2.71826601028442,45.5127182006836,-468.23955761392,-2532.48932304778,"StriatedCaracara",10
2901,0,135.070251464844,0,10.7334899902344,12.1691570281982,2.31694602966309,2.16385102272034,23.9481582641602,16.7144012451172,-5.63228130340576,83.2145462036133,-788.23955761392,-2542.48932304778,"StriatedCaracara",10
2902,0,134.0546875,0,10.8162288665771,12.4095258712769,3.84540224075317,2.23177099227905,26.0324001312256,13.6001453399658,0.459455966949463,78.268913269043,-778.23955761392,-2542.48932304778,"StriatedCaracara",10
2903,0,133.471160888672,0,11.1149835586548,12.5814619064331,2.16965866088867,5.3638744354248,18.3927459716797,13.284387588501,1.5644371509552,68.275146484375,-768.23955761392,-2542.48932304778,"StriatedCaracara",10
2904,0,133.471160888672,0,11.1149835586548,12.5814619064331,2.16965866088867,5.3638744354248,18.3927459716797,13.284387588501,1.5644371509552,68.275146484375,-758.23955761392,-2542.48932304778,"StriatedCaracara",10
2905,0,119.824211120605,0,11.1783428192139,12.9487342834473,8.66832733154297,10.7422771453857,28.5599937438965,12.8534698486328,0.162832707166672,49.288200378418,-748.23955761392,-2542.48932304778,"StriatedCaracara",10
2906,0,106.978904724121,0,10.2922449111938,15.0308361053467,0.103285744786263,1.58604574203491,24.7748775482178,5.0192346572876,-1.33851587772369,109.533821105957,-738.23955761392,-2542.48932304778,"StriatedCaracara",10
2907,0,104.08863067627,0,9.07835483551025,17.0385437011719,0.104881353676319,0.219294562935829,31.8556537628174,2.81678485870361,3.37925338745117,101.026954650879,-728.23955761392,-2542.48932304778,"StriatedCaracara",10
2908,0,104.08863067627,0,9.07835483551025,17.0385437011719,0.104881353676319,0.219294562935829,31.8556537628174,2.81678485870361,3.37925338745117,101.026954650879,-718.23955761392,-2542.48932304778,"StriatedCaracara",10
2909,0,96.8484802246094,0,9.17880630493164,16.9004306793213,1.00630438327789,0.594547033309937,32.9738349914551,2.54359602928162,0.832191705703735,172.559509277344,-708.23955761392,-2542.48932304778,"StriatedCaracara",10
2910,0,89.7584075927734,0,10.489200592041,15.1875114440918,0.657092034816742,3.04674506187439,30.1444606781006,6.56635665893555,-6.27052783966064,173.903869628906,-698.23955761392,-2542.48932304778,"StriatedCaracara",10
2911,0,92.0757293701172,0,10.9174728393555,13.4428424835205,1.5161315202713,2.53718042373657,43.9040718078613,11.1181364059448,3.05843782424927,75.8801651000977,-688.23955761392,-2542.48932304778,"StriatedCaracara",10
2912,0,69.3066024780273,0,10.9019422531128,13.5394191741943,1.80072355270386,7.63218545913696,36.5269393920898,6.41611480712891,-3.49614238739014,110.585891723633,-678.23955761392,-2542.48932304778,"StriatedCaracara",10
2913,0,62.788143157959,0,10.8192186355591,13.8849725723267,3.41219282150269,4.57889842987061,41.8038101196289,8.21681594848633,7.127516746521,132.741912841797,-668.23955761392,-2542.48932304778,"StriatedCaracara",10
2914,0,60.7467193603516,0,11.4063177108765,15.0356760025024,1.9841490983963,9.6842098236084,31.4991607666016,8.98020935058594,0.392600148916245,101.229339599609,-658.23955761392,-2542.48932304778,"StriatedCaracara",10
2915,0,60.7467193603516,0,11.4063177108765,15.0356760025024,1.9841490983963,9.6842098236084,31.4991607666016,8.98020935058594,0.392600148916245,101.229339599609,-648.23955761392,-2542.48932304778,"StriatedCaracara",10
2916,1,53.3085517883301,0,10.62744140625,19.1608085632324,4.02315855026245,3.96605682373047,34.4687118530273,6.3500394821167,8.60198879241943,150.642120361328,-638.23955761392,-2542.48932304778,"StriatedCaracara",10
2917,0,53.3085517883301,0,10.62744140625,19.1608085632324,4.02315855026245,3.96605682373047,34.4687118530273,6.3500394821167,8.60198879241943,150.642120361328,-628.23955761392,-2542.48932304778,"StriatedCaracara",10
2918,0,50.800365447998,0,11.0531187057495,18.945873260498,4.95646858215332,14.4703893661499,32.0045394897461,9.59704875946045,2.38716983795166,104.76439666748,-618.23955761392,-2542.48932304778,"StriatedCaracara",10
2919,0,48.8228149414062,0,11.9922351837158,22.209056854248,1.30252838134766,19.5664710998535,20.9182929992676,6.25797414779663,-0.246237456798553,27.4508438110352,-608.23955761392,-2542.48932304778,"StriatedCaracara",10
2920,0,48.8228149414062,0,11.9922351837158,22.209056854248,1.30252838134766,19.5664710998535,20.9182929992676,6.25797414779663,-0.246237456798553,27.4508438110352,-598.23955761392,-2542.48932304778,"StriatedCaracara",10
2921,0,35.1013641357422,0,12.1979236602783,25.0631561279297,1.46310877799988,33.8771438598633,22.1658248901367,7.0161075592041,-0.565116584300995,48.0750617980957,-588.23955761392,-2542.48932304778,"StriatedCaracara",10
2922,0,34.1648139953613,0,11.7780647277832,24.3783531188965,0.883578598499298,25.7332820892334,19.6319141387939,11.9340648651123,3.17842960357666,54.7356071472168,-578.23955761392,-2542.48932304778,"StriatedCaracara",10
2923,0,34.0443458557129,0,12.3044652938843,24.7055225372314,0.768327355384827,27.6043853759766,36.4196357727051,6.95816802978516,-0.635847687721252,24.3139686584473,-568.23955761392,-2542.48932304778,"StriatedCaracara",10
2924,0,34.0443458557129,0,12.3044652938843,24.7055225372314,0.768327355384827,27.6043853759766,36.4196357727051,6.95816802978516,-0.635847687721252,24.3139686584473,-558.23955761392,-2542.48932304778,"StriatedCaracara",10
2925,0,37.1509056091309,0,12.2890739440918,23.615234375,0.759551048278809,33.7746391296387,35.0717353820801,4.34095668792725,1.82453215122223,32.0249404907227,-548.23955761392,-2542.48932304778,"StriatedCaracara",10
2926,0,37.1509056091309,0,12.2890739440918,23.615234375,0.759551048278809,33.7746391296387,35.0717353820801,4.34095668792725,1.82453215122223,32.0249404907227,-538.23955761392,-2542.48932304778,"StriatedCaracara",10
2927,0,51.2752456665039,0,11.6688194274902,22.0441379547119,0.650782227516174,18.0136737823486,11.2867021560669,4.61980533599854,0.17391163110733,19.2155857086182,-528.23955761392,-2542.48932304778,"StriatedCaracara",10
2928,0,51.2752456665039,0,11.6688194274902,22.0441379547119,0.650782227516174,18.0136737823486,11.2867021560669,4.61980533599854,0.17391163110733,19.2155857086182,-518.23955761392,-2542.48932304778,"StriatedCaracara",10
2929,0,55.4856834411621,0,11.8631744384766,22.1333293914795,0.326381266117096,30.9336585998535,24.1531963348389,5.75581789016724,-0.147587493062019,19.9296894073486,-508.23955761392,-2542.48932304778,"StriatedCaracara",10
2930,0,55.4856834411621,0,11.8631744384766,22.1333293914795,0.326381266117096,30.9336585998535,24.1531963348389,5.75581789016724,-0.147587493062019,19.9296894073486,-498.23955761392,-2542.48932304778,"StriatedCaracara",10
2931,0,61.4789123535156,0,11.7881488800049,22.57448387146,1.09484302997589,39.2187042236328,20.8700695037842,3.45731019973755,0.46247810125351,24.0121421813965,-488.23955761392,-2542.48932304778,"StriatedCaracara",10
2932,0,106.978904724121,0,10.2922449111938,15.0308361053467,0.103285744786263,1.58604574203491,24.7748775482178,5.0192346572876,-1.33851587772369,109.533821105957,-748.23955761392,-2552.48932304778,"StriatedCaracara",10
2933,0,107.268058776855,0,10.2078075408936,14.7320594787598,0,0,28.1676502227783,11.5479393005371,-2.30571341514587,14.0116176605225,-738.23955761392,-2552.48932304778,"StriatedCaracara",10
2934,0,107.268058776855,0,10.2078075408936,14.7320594787598,0,0,28.1676502227783,11.5479393005371,-2.30571341514587,14.0116176605225,-728.23955761392,-2552.48932304778,"StriatedCaracara",10
2935,0,107.268058776855,0,10.2078075408936,14.7320594787598,0,0,28.1676502227783,11.5479393005371,-2.30571341514587,14.0116176605225,-718.23955761392,-2552.48932304778,"StriatedCaracara",10
2936,0,102.621658325195,0,10.2246322631836,15.0726585388184,0.802396416664124,1.00198328495026,29.3347721099854,9.67072105407715,1.72247290611267,129.357574462891,-708.23955761392,-2552.48932304778,"StriatedCaracara",10
2937,0,96.7637329101562,0,10.5223331451416,14.6291971206665,1.97155487537384,3.46484661102295,31.3154182434082,9.09749603271484,3.48817014694214,137.23518371582,-698.23955761392,-2552.48932304778,"StriatedCaracara",10
2938,0,92.0757293701172,0,10.9174728393555,13.4428424835205,1.5161315202713,2.53718042373657,43.9040718078613,11.1181364059448,3.05843782424927,75.8801651000977,-688.23955761392,-2552.48932304778,"StriatedCaracara",10
2939,0,92.0757293701172,0,10.9174728393555,13.4428424835205,1.5161315202713,2.53718042373657,43.9040718078613,11.1181364059448,3.05843782424927,75.8801651000977,-678.23955761392,-2552.48932304778,"StriatedCaracara",10
2940,0,62.788143157959,0,10.8192186355591,13.8849725723267,3.41219282150269,4.57889842987061,41.8038101196289,8.21681594848633,7.127516746521,132.741912841797,-668.23955761392,-2552.48932304778,"StriatedCaracara",10
2941,0,60.7467193603516,0,11.4063177108765,15.0356760025024,1.9841490983963,9.6842098236084,31.4991607666016,8.98020935058594,0.392600148916245,101.229339599609,-658.23955761392,-2552.48932304778,"StriatedCaracara",10
2942,0,67.2461090087891,0,10.9702777862549,17.0837802886963,1.5062757730484,2.358971118927,51.6971740722656,5.95638418197632,5.32059717178345,134.067565917969,-648.23955761392,-2552.48932304778,"StriatedCaracara",10
2943,0,67.2461090087891,0,10.9702777862549,17.0837802886963,1.5062757730484,2.358971118927,51.6971740722656,5.95638418197632,5.32059717178345,134.067565917969,-638.23955761392,-2552.48932304778,"StriatedCaracara",10
2944,0,64.4839782714844,0,10.8387594223022,17.9379215240479,4.79237985610962,4.15013694763184,40.6017761230469,4.40766143798828,-9.84661102294922,110.094512939453,-628.23955761392,-2552.48932304778,"StriatedCaracara",10
2945,0,62.7455711364746,0,11.1679067611694,18.8848838806152,3.90704989433289,17.8919258117676,36.6173706054688,6.66230297088623,1.73910748958588,85.3570327758789,-618.23955761392,-2552.48932304778,"StriatedCaracara",10
2946,0,71.5245208740234,0,11.7089061737061,20.5668525695801,1.31259703636169,29.7854404449463,26.6925315856934,6.1885814666748,0.181920111179352,31.497838973999,-608.23955761392,-2552.48932304778,"StriatedCaracara",10
2947,0,71.417106628418,0,11.7385425567627,22.0526542663574,2.66971397399902,30.4299716949463,40.7544403076172,2.34138703346252,-0.911396741867065,32.0597686767578,-598.23955761392,-2552.48932304778,"StriatedCaracara",10
2948,0,107.268058776855,0,10.2078075408936,14.7320594787598,0,0,28.1676502227783,11.5479393005371,-2.30571341514587,14.0116176605225,-738.23955761392,-2562.48932304778,"StriatedCaracara",10
2949,0,107.268058776855,0,10.2078075408936,14.7320594787598,0,0,28.1676502227783,11.5479393005371,-2.30571341514587,14.0116176605225,-718.23955761392,-2562.48932304778,"StriatedCaracara",10
2950,0,102.18083190918,0,11.1982316970825,13.118522644043,0.787393033504486,3.53987622261047,20.0111999511719,11.0102338790894,-2.03167510032654,26.9358291625977,-708.23955761392,-2562.48932304778,"StriatedCaracara",10
2951,0,102.18083190918,0,11.1982316970825,13.118522644043,0.787393033504486,3.53987622261047,20.0111999511719,11.0102338790894,-2.03167510032654,26.9358291625977,-698.23955761392,-2562.48932304778,"StriatedCaracara",10
2952,0,92.0757293701172,0,10.9174728393555,13.4428424835205,1.5161315202713,2.53718042373657,43.9040718078613,11.1181364059448,3.05843782424927,75.8801651000977,-688.23955761392,-2562.48932304778,"StriatedCaracara",10
2953,0,92.0757293701172,0,10.9174728393555,13.4428424835205,1.5161315202713,2.53718042373657,43.9040718078613,11.1181364059448,3.05843782424927,75.8801651000977,-678.23955761392,-2562.48932304778,"StriatedCaracara",10
2954,0,80.9172973632812,0,10.8692455291748,14.9985332489014,4.00712823867798,9.14913272857666,30.2711639404297,12.3154067993164,-0.0563260316848755,99.5160446166992,-668.23955761392,-2562.48932304778,"StriatedCaracara",10
2955,0,80.9172973632812,0,10.8692455291748,14.9985332489014,4.00712823867798,9.14913272857666,30.2711639404297,12.3154067993164,-0.0563260316848755,99.5160446166992,-658.23955761392,-2562.48932304778,"StriatedCaracara",10
2956,0,80.9172973632812,0,10.8692455291748,14.9985332489014,4.00712823867798,9.14913272857666,30.2711639404297,12.3154067993164,-0.0563260316848755,99.5160446166992,-648.23955761392,-2562.48932304778,"StriatedCaracara",10
2957,0,67.2461090087891,0,10.9702777862549,17.0837802886963,1.5062757730484,2.358971118927,51.6971740722656,5.95638418197632,5.32059717178345,134.067565917969,-638.23955761392,-2562.48932304778,"StriatedCaracara",10
2958,0,72.7462844848633,0,11.6519556045532,18.6379642486572,2.01461505889893,10.8771266937256,35.4200325012207,16.9362907409668,0.185627400875092,35.4446983337402,-628.23955761392,-2562.48932304778,"StriatedCaracara",10
2959,0,72.7462844848633,0,11.6519556045532,18.6379642486572,2.01461505889893,10.8771266937256,35.4200325012207,16.9362907409668,0.185627400875092,35.4446983337402,-618.23955761392,-2562.48932304778,"StriatedCaracara",10
2960,0,71.5245208740234,0,11.7089061737061,20.5668525695801,1.31259703636169,29.7854404449463,26.6925315856934,6.1885814666748,0.181920111179352,31.497838973999,-608.23955761392,-2562.48932304778,"StriatedCaracara",10
2961,0,71.417106628418,0,11.7385425567627,22.0526542663574,2.66971397399902,30.4299716949463,40.7544403076172,2.34138703346252,-0.911396741867065,32.0597686767578,-598.23955761392,-2562.48932304778,"StriatedCaracara",10
2962,0,83.0200805664062,0,11.0732126235962,21.0893688201904,5.81469631195068,15.5305070877075,34.6644821166992,4.23170757293701,0.825061321258545,38.8512153625488,-588.23955761392,-2562.48932304778,"StriatedCaracara",10
2963,0,82.0799102783203,0,11.319390296936,21.8334465026855,0.938264131546021,19.9124011993408,23.2270774841309,10.9981479644775,-0.201793760061264,6.03168153762817,-568.23955761392,-2562.48932304778,"StriatedCaracara",10
2964,0,82.0799102783203,0,11.319390296936,21.8334465026855,0.938264131546021,19.9124011993408,23.2270774841309,10.9981479644775,-0.201793760061264,6.03168153762817,-558.23955761392,-2562.48932304778,"StriatedCaracara",10
2965,0,83.6045989990234,0,10.9994697570801,21.7136535644531,0.56564462184906,5.91605806350708,4.68864059448242,3.64731335639954,0.452583014965057,27.6410312652588,-538.23955761392,-2562.48932304778,"StriatedCaracara",10
2966,0,102.18083190918,0,11.1982316970825,13.118522644043,0.787393033504486,3.53987622261047,20.0111999511719,11.0102338790894,-2.03167510032654,26.9358291625977,-698.23955761392,-2572.48932304778,"StriatedCaracara",10
2967,0,102.18083190918,0,11.1982316970825,13.118522644043,0.787393033504486,3.53987622261047,20.0111999511719,11.0102338790894,-2.03167510032654,26.9358291625977,-688.23955761392,-2572.48932304778,"StriatedCaracara",10
2968,0,92.0757293701172,0,10.9174728393555,13.4428424835205,1.5161315202713,2.53718042373657,43.9040718078613,11.1181364059448,3.05843782424927,75.8801651000977,-678.23955761392,-2572.48932304778,"StriatedCaracara",10
2969,0,80.9172973632812,0,10.8692455291748,14.9985332489014,4.00712823867798,9.14913272857666,30.2711639404297,12.3154067993164,-0.0563260316848755,99.5160446166992,-668.23955761392,-2572.48932304778,"StriatedCaracara",10
2970,0,80.9172973632812,0,10.8692455291748,14.9985332489014,4.00712823867798,9.14913272857666,30.2711639404297,12.3154067993164,-0.0563260316848755,99.5160446166992,-658.23955761392,-2572.48932304778,"StriatedCaracara",10
2971,0,80.9172973632812,0,10.8692455291748,14.9985332489014,4.00712823867798,9.14913272857666,30.2711639404297,12.3154067993164,-0.0563260316848755,99.5160446166992,-648.23955761392,-2572.48932304778,"StriatedCaracara",10
2972,0,80.9172973632812,0,10.8692455291748,14.9985332489014,4.00712823867798,9.14913272857666,30.2711639404297,12.3154067993164,-0.0563260316848755,99.5160446166992,-638.23955761392,-2572.48932304778,"StriatedCaracara",10
2973,0,72.7462844848633,0,11.6519556045532,18.6379642486572,2.01461505889893,10.8771266937256,35.4200325012207,16.9362907409668,0.185627400875092,35.4446983337402,-628.23955761392,-2572.48932304778,"StriatedCaracara",10
2974,0,82.0776672363281,0,11.4341850280762,20.5316562652588,5.3445873260498,19.2443370819092,33.7458534240723,6.95443248748779,0.4069744348526,40.0501747131348,-608.23955761392,-2572.48932304778,"StriatedCaracara",10
2975,0,82.0776672363281,0,11.4341850280762,20.5316562652588,5.3445873260498,19.2443370819092,33.7458534240723,6.95443248748779,0.4069744348526,40.0501747131348,-598.23955761392,-2572.48932304778,"StriatedCaracara",10
2976,0,83.0200805664062,0,11.0732126235962,21.0893688201904,5.81469631195068,15.5305070877075,34.6644821166992,4.23170757293701,0.825061321258545,38.8512153625488,-588.23955761392,-2572.48932304778,"StriatedCaracara",10
2977,0,82.0799102783203,0,11.319390296936,21.8334465026855,0.938264131546021,19.9124011993408,23.2270774841309,10.9981479644775,-0.201793760061264,6.03168153762817,-568.23955761392,-2572.48932304778,"StriatedCaracara",10
2978,0,82.0799102783203,0,11.319390296936,21.8334465026855,0.938264131546021,19.9124011993408,23.2270774841309,10.9981479644775,-0.201793760061264,6.03168153762817,-558.23955761392,-2572.48932304778,"StriatedCaracara",10
2979,0,83.6045989990234,0,10.9994697570801,21.7136535644531,0.56564462184906,5.91605806350708,4.68864059448242,3.64731335639954,0.452583014965057,27.6410312652588,-548.23955761392,-2572.48932304778,"StriatedCaracara",10
2980,0,83.6045989990234,0,10.9994697570801,21.7136535644531,0.56564462184906,5.91605806350708,4.68864059448242,3.64731335639954,0.452583014965057,27.6410312652588,-538.23955761392,-2572.48932304778,"StriatedCaracara",10
2981,0,102.18083190918,0,11.1982316970825,13.118522644043,0.787393033504486,3.53987622261047,20.0111999511719,11.0102338790894,-2.03167510032654,26.9358291625977,-678.23955761392,-2582.48932304778,"StriatedCaracara",10
2982,0,80.9172973632812,0,10.8692455291748,14.9985332489014,4.00712823867798,9.14913272857666,30.2711639404297,12.3154067993164,-0.0563260316848755,99.5160446166992,-668.23955761392,-2582.48932304778,"StriatedCaracara",10
2983,0,80.9172973632812,0,10.8692455291748,14.9985332489014,4.00712823867798,9.14913272857666,30.2711639404297,12.3154067993164,-0.0563260316848755,99.5160446166992,-658.23955761392,-2582.48932304778,"StriatedCaracara",10
2984,0,82.0776672363281,0,11.4341850280762,20.5316562652588,5.3445873260498,19.2443370819092,33.7458534240723,6.95443248748779,0.4069744348526,40.0501747131348,-598.23955761392,-2582.48932304778,"StriatedCaracara",10
2985,0,83.0200805664062,0,11.0732126235962,21.0893688201904,5.81469631195068,15.5305070877075,34.6644821166992,4.23170757293701,0.825061321258545,38.8512153625488,-588.23955761392,-2582.48932304778,"StriatedCaracara",10
2986,0,93.0010223388672,0,10.6488437652588,22.5674343109131,2.67472052574158,12.6395215988159,27.8792667388916,5.91899585723877,1.03424513339996,70.5275421142578,-558.23955761392,-2582.48932304778,"StriatedCaracara",10
2987,0,93.0010223388672,0,10.6488437652588,22.5674343109131,2.67472052574158,12.6395215988159,27.8792667388916,5.91899585723877,1.03424513339996,70.5275421142578,-548.23955761392,-2582.48932304778,"StriatedCaracara",10
2988,1,94.9798965454102,0,10.9242811203003,21.7689170837402,0.721872627735138,16.1428146362305,17.6434001922607,4.46228790283203,0.0202242471277714,59.0475883483887,-538.23955761392,-2582.48932304778,"StriatedCaracara",10
2989,0,94.9798965454102,0,10.9242811203003,21.7689170837402,0.721872627735138,16.1428146362305,17.6434001922607,4.46228790283203,0.0202242471277714,59.0475883483887,-528.23955761392,-2582.48932304778,"StriatedCaracara",10
2990,0,94.9798965454102,0,10.9242811203003,21.7689170837402,0.721872627735138,16.1428146362305,17.6434001922607,4.46228790283203,0.0202242471277714,59.0475883483887,-518.23955761392,-2582.48932304778,"StriatedCaracara",10
2991,0,105.553047180176,0,11.0453872680664,20.0476360321045,0.739863812923431,18.0612354278564,19.5498371124268,5.16404008865356,-0.294641971588135,22.23486328125,-578.23955761392,-2592.48932304778,"StriatedCaracara",10
2992,0,105.553047180176,0,11.0453872680664,20.0476360321045,0.739863812923431,18.0612354278564,19.5498371124268,5.16404008865356,-0.294641971588135,22.23486328125,-568.23955761392,-2592.48932304778,"StriatedCaracara",10
2993,0,106.127334594727,0,10.5416278839111,20.2852153778076,0.752779901027679,15.3535289764404,17.8987216949463,9.7924108505249,-0.568389654159546,39.2698631286621,-558.23955761392,-2592.48932304778,"StriatedCaracara",10
2994,0,93.0010223388672,0,10.6488437652588,22.5674343109131,2.67472052574158,12.6395215988159,27.8792667388916,5.91899585723877,1.03424513339996,70.5275421142578,-548.23955761392,-2592.48932304778,"StriatedCaracara",10
2995,1,94.9798965454102,0,10.9242811203003,21.7689170837402,0.721872627735138,16.1428146362305,17.6434001922607,4.46228790283203,0.0202242471277714,59.0475883483887,-538.23955761392,-2592.48932304778,"StriatedCaracara",10
2996,0,94.9798965454102,0,10.9242811203003,21.7689170837402,0.721872627735138,16.1428146362305,17.6434001922607,4.46228790283203,0.0202242471277714,59.0475883483887,-528.23955761392,-2592.48932304778,"StriatedCaracara",10
2997,0,94.9798965454102,0,10.9242811203003,21.7689170837402,0.721872627735138,16.1428146362305,17.6434001922607,4.46228790283203,0.0202242471277714,59.0475883483887,-518.23955761392,-2592.48932304778,"StriatedCaracara",10
2998,0,105.553047180176,0,11.0453872680664,20.0476360321045,0.739863812923431,18.0612354278564,19.5498371124268,5.16404008865356,-0.294641971588135,22.23486328125,-568.23955761392,-2602.48932304778,"StriatedCaracara",10
2999,0,106.127334594727,0,10.5416278839111,20.2852153778076,0.752779901027679,15.3535289764404,17.8987216949463,9.7924108505249,-0.568389654159546,39.2698631286621,-558.23955761392,-2602.48932304778,"StriatedCaracara",10
3000,0,106.127334594727,0,10.5416278839111,20.2852153778076,0.752779901027679,15.3535289764404,17.8987216949463,9.7924108505249,-0.568389654159546,39.2698631286621,-548.23955761392,-2602.48932304778,"StriatedCaracara",10
3001,1,94.9798965454102,0,10.9242811203003,21.7689170837402,0.721872627735138,16.1428146362305,17.6434001922607,4.46228790283203,0.0202242471277714,59.0475883483887,-538.23955761392,-2602.48932304778,"StriatedCaracara",10
3002,1,94.9798965454102,0,10.9242811203003,21.7689170837402,0.721872627735138,16.1428146362305,17.6434001922607,4.46228790283203,0.0202242471277714,59.0475883483887,-528.23955761392,-2602.48932304778,"StriatedCaracara",10
3003,0,94.9798965454102,0,10.9242811203003,21.7689170837402,0.721872627735138,16.1428146362305,17.6434001922607,4.46228790283203,0.0202242471277714,59.0475883483887,-518.23955761392,-2602.48932304778,"StriatedCaracara",10
