"site","dummy","distRoad","occ","temp","precp","barren","crop","decBroad","mixed","herb","shrub","elev","tpi","tri","X","Y","species","resolution"
1,1,3.40597295761108,0,14.5345325469971,5.03169679641724,4.94483423233032,26.1998291015625,1.00902938842773,7.51112604141235,11.3144502639771,46.8430976867676,692.588806152344,-1.77692902088165,105.612525939941,-1003.23955761392,-137.48932304778,"WhiteTroatedCaracara",20
2,1,3.40597295761108,0,14.5345325469971,5.03169679641724,4.94483423233032,26.1998291015625,1.00902938842773,7.51112604141235,11.3144502639771,46.8430976867676,692.588806152344,-1.77692902088165,105.612525939941,-983.23955761392,-137.48932304778,"WhiteTroatedCaracara",20
3,1,2.95191812515259,0,14.4327764511108,10.9366264343262,9.37242603302002,14.4470653533936,0.104449488222599,10.5533113479614,3.76758313179016,60.2687797546387,1027.7451171875,1.70047724246979,94.8684539794922,-963.23955761392,-137.48932304778,"WhiteTroatedCaracara",20
4,0,10.5720539093018,0,9.87659931182861,15.7710628509521,19.6969337463379,0.864776909351349,0.00627399515360594,10.1739168167114,4.42140913009644,64.63037109375,1861.82946777344,-0.732836484909058,127.43611907959,-943.23955761392,-137.48932304778,"WhiteTroatedCaracara",20
5,0,2.69329047203064,0,14.454779624939,4.40160942077637,3.28324890136719,22.6059474945068,0.45226725935936,8.95801830291748,21.3699321746826,35.3911552429199,460.353332519531,-1.02667772769928,96.6897277832031,-1023.23955761392,-157.48932304778,"WhiteTroatedCaracara",20
6,1,2.69329047203064,0,14.454779624939,4.40160942077637,3.28324890136719,22.6059474945068,0.45226725935936,8.95801830291748,21.3699321746826,35.3911552429199,460.353332519531,-1.02667772769928,96.6897277832031,-1003.23955761392,-157.48932304778,"WhiteTroatedCaracara",20
7,1,2.43870186805725,0,13.239673614502,9.45937347412109,2.07903242111206,19.2707958221436,0.317575752735138,9.74859619140625,17.7374649047852,47.8352317810059,1024.68786621094,1.32490694522858,122.399284362793,-983.23955761392,-157.48932304778,"WhiteTroatedCaracara",20
8,1,10.5720539093018,0,9.87659931182861,15.7710628509521,19.6969337463379,0.864776909351349,0.00627399515360594,10.1739168167114,4.42140913009644,64.63037109375,1861.82946777344,-0.732836484909058,127.43611907959,-963.23955761392,-157.48932304778,"WhiteTroatedCaracara",20
9,1,10.5720539093018,0,9.87659931182861,15.7710628509521,19.6969337463379,0.864776909351349,0.00627399515360594,10.1739168167114,4.42140913009644,64.63037109375,1861.82946777344,-0.732836484909058,127.43611907959,-943.23955761392,-157.48932304778,"WhiteTroatedCaracara",20
10,0,2.69329047203064,0,14.454779624939,4.40160942077637,3.28324890136719,22.6059474945068,0.45226725935936,8.95801830291748,21.3699321746826,35.3911552429199,460.353332519531,-1.02667772769928,96.6897277832031,-1023.23955761392,-177.48932304778,"WhiteTroatedCaracara",20
11,1,4.63057994842529,0,12.7647933959961,9.99276065826416,2.42030572891235,16.360408782959,0.256955027580261,8.4003324508667,20.5811710357666,45.2717742919922,1070.10192871094,-0.330278158187866,151.669387817383,-1003.23955761392,-177.48932304778,"WhiteTroatedCaracara",20
12,1,4.63057994842529,0,12.7647933959961,9.99276065826416,2.42030572891235,16.360408782959,0.256955027580261,8.4003324508667,20.5811710357666,45.2717742919922,1070.10192871094,-0.330278158187866,151.669387817383,-983.23955761392,-177.48932304778,"WhiteTroatedCaracara",20
13,1,7.42057943344116,0,12.0522003173828,14.6282720565796,6.7084584236145,4.97106122970581,0.0639855787158012,11.5948724746704,6.06696557998657,69.075309753418,1400.84814453125,1.31971526145935,113.384246826172,-963.23955761392,-177.48932304778,"WhiteTroatedCaracara",20
14,1,7.42057943344116,0,12.0522003173828,14.6282720565796,6.7084584236145,4.97106122970581,0.0639855787158012,11.5948724746704,6.06696557998657,69.075309753418,1400.84814453125,1.31971526145935,113.384246826172,-943.23955761392,-177.48932304778,"WhiteTroatedCaracara",20
15,1,6.96293210983276,0,7.88713455200195,18.4845142364502,28.5636749267578,0.505823910236359,0,10.1017904281616,8.30448341369629,51.5602836608887,2220.65112304688,3.76166844367981,161.872467041016,-923.23955761392,-177.48932304778,"WhiteTroatedCaracara",20
16,1,5.37841987609863,0,3.56158375740051,20.2324237823486,58.5551567077637,0.0175836011767387,0,3.93625855445862,3.11075639724731,34.0578536987305,2857.01806640625,-3.95363545417786,254.436264038086,-903.23955761392,-177.48932304778,"WhiteTroatedCaracara",20
17,1,2.32764291763306,0,13.4568500518799,83.2735443115234,4.55289316177368,11.3392705917358,0.926465392112732,11.9161767959595,2.72300696372986,66.5558090209961,1199.22314453125,-0.825612664222717,18.7557849884033,-823.23955761392,-177.48932304778,"WhiteTroatedCaracara",20
18,0,2.32764291763306,0,13.4568500518799,83.2735443115234,4.55289316177368,11.3392705917358,0.926465392112732,11.9161767959595,2.72300696372986,66.5558090209961,1199.22314453125,-0.825612664222717,18.7557849884033,-803.23955761392,-177.48932304778,"WhiteTroatedCaracara",20
19,1,4.2048807144165,0,14.3305568695068,8.62335395812988,2.87973594665527,25.1317176818848,0.305698901414871,10.9408702850342,17.6188106536865,36.921875,659.569946289062,1.65297591686249,115.005805969238,-983.23955761392,-197.48932304778,"WhiteTroatedCaracara",20
20,1,2.86020851135254,0,14.386176109314,11.8031139373779,2.91189861297607,4.30047798156738,0.0720181539654732,4.34776163101196,5.36187028884888,30.5018177032471,842.481689453125,-3.04074716567993,66.6033554077148,-963.23955761392,-197.48932304778,"WhiteTroatedCaracara",20
21,1,2.86020851135254,0,14.386176109314,11.8031139373779,2.91189861297607,4.30047798156738,0.0720181539654732,4.34776163101196,5.36187028884888,30.5018177032471,842.481689453125,-3.04074716567993,66.6033554077148,-943.23955761392,-197.48932304778,"WhiteTroatedCaracara",20
22,1,6.96293210983276,0,7.88713455200195,18.4845142364502,28.5636749267578,0.505823910236359,0,10.1017904281616,8.30448341369629,51.5602836608887,2220.65112304688,3.76166844367981,161.872467041016,-923.23955761392,-197.48932304778,"WhiteTroatedCaracara",20
23,1,5.37841987609863,0,3.56158375740051,20.2324237823486,58.5551567077637,0.0175836011767387,0,3.93625855445862,3.11075639724731,34.0578536987305,2857.01806640625,-3.95363545417786,254.436264038086,-903.23955761392,-197.48932304778,"WhiteTroatedCaracara",20
24,0,5.37841987609863,0,3.56158375740051,20.2324237823486,58.5551567077637,0.0175836011767387,0,3.93625855445862,3.11075639724731,34.0578536987305,2857.01806640625,-3.95363545417786,254.436264038086,-883.23955761392,-197.48932304778,"WhiteTroatedCaracara",20
25,1,2.32764291763306,0,13.4568500518799,83.2735443115234,4.55289316177368,11.3392705917358,0.926465392112732,11.9161767959595,2.72300696372986,66.5558090209961,1199.22314453125,-0.825612664222717,18.7557849884033,-823.23955761392,-197.48932304778,"WhiteTroatedCaracara",20
26,0,2.32764291763306,0,13.4568500518799,83.2735443115234,4.55289316177368,11.3392705917358,0.926465392112732,11.9161767959595,2.72300696372986,66.5558090209961,1199.22314453125,-0.825612664222717,18.7557849884033,-803.23955761392,-197.48932304778,"WhiteTroatedCaracara",20
27,1,2.38649082183838,0,14.7026100158691,13.2334604263306,6.71365451812744,22.967643737793,0.644395351409912,6.00969123840332,6.37699604034424,29.6694946289062,774.987915039062,0.0880371481180191,46.4214668273926,-943.23955761392,-217.48932304778,"WhiteTroatedCaracara",20
28,1,3.45108985900879,0,11.0948848724365,18.2694797515869,11.0034341812134,3.53754210472107,0.0468673855066299,11.4771308898926,10.5136766433716,59.7511215209961,1667.27233886719,-4.29239559173584,178.202911376953,-923.23955761392,-217.48932304778,"WhiteTroatedCaracara",20
29,1,5.37841987609863,0,3.56158375740051,20.2324237823486,58.5551567077637,0.0175836011767387,0,3.93625855445862,3.11075639724731,34.0578536987305,2857.01806640625,-3.95363545417786,254.436264038086,-903.23955761392,-217.48932304778,"WhiteTroatedCaracara",20
30,1,3.74419021606445,0,12.9658908843994,86.3530578613281,3.02084636688232,12.1417779922485,1.72734642028809,10.7567195892334,3.91811752319336,65.2913589477539,1262.93530273438,-1.44282567501068,34.3107299804688,-823.23955761392,-217.48932304778,"WhiteTroatedCaracara",20
31,1,3.74419021606445,0,12.9658908843994,86.3530578613281,3.02084636688232,12.1417779922485,1.72734642028809,10.7567195892334,3.91811752319336,65.2913589477539,1262.93530273438,-1.44282567501068,34.3107299804688,-803.23955761392,-217.48932304778,"WhiteTroatedCaracara",20
32,1,5.52540445327759,0,14.7480764389038,13.5136947631836,3.79683995246887,35.0662078857422,1.02733647823334,7.48599243164062,13.4024410247803,33.5717544555664,843.1142578125,-1.40760612487793,80.8483047485352,-943.23955761392,-237.48932304778,"WhiteTroatedCaracara",20
33,1,8.79123401641846,0,8.60809135437012,17.9035339355469,27.5331439971924,3.25169062614441,0.0279640778899193,9.85909175872803,11.9407720565796,44.8240432739258,2070.1484375,0.924949645996094,176.499160766602,-923.23955761392,-237.48932304778,"WhiteTroatedCaracara",20
34,1,3.82690525054932,0,5.9832124710083,21.134859085083,44.1214637756348,1.94400227069855,0,7.38893508911133,5.39412069320679,40.556583404541,2529.212890625,0.408506572246552,234.625396728516,-903.23955761392,-237.48932304778,"WhiteTroatedCaracara",20
35,0,3.82690525054932,0,5.9832124710083,21.134859085083,44.1214637756348,1.94400227069855,0,7.38893508911133,5.39412069320679,40.556583404541,2529.212890625,0.408506572246552,234.625396728516,-883.23955761392,-237.48932304778,"WhiteTroatedCaracara",20
36,0,4.81380844116211,0,11.2803630828857,78.7359848022461,5.2957615852356,1.6761519908905,0.133883073925972,9.81501770019531,1.11629581451416,81.7990112304688,1582.75988769531,-1.90337729454041,90.5515747070312,-823.23955761392,-237.48932304778,"WhiteTroatedCaracara",20
37,1,4.81380844116211,0,11.2803630828857,78.7359848022461,5.2957615852356,1.6761519908905,0.133883073925972,9.81501770019531,1.11629581451416,81.7990112304688,1582.75988769531,-1.90337729454041,90.5515747070312,-803.23955761392,-237.48932304778,"WhiteTroatedCaracara",20
38,1,4.03362607955933,0,15.0245265960693,13.3992004394531,3.44194650650024,34.0228118896484,1.14217889308929,8.74757957458496,13.4150857925415,32.5806999206543,918.420471191406,-0.345733046531677,98.8162078857422,-943.23955761392,-257.48932304778,"WhiteTroatedCaracara",20
39,1,3.96613121032715,0,3.72055125236511,23.6224212646484,58.0246543884277,0.141413509845734,0,4.37953090667725,2.26811909675598,34.353385925293,2857.14331054688,3.62845635414124,248.413909912109,-923.23955761392,-257.48932304778,"WhiteTroatedCaracara",20
40,1,3.96613121032715,0,3.72055125236511,23.6224212646484,58.0246543884277,0.141413509845734,0,4.37953090667725,2.26811909675598,34.353385925293,2857.14331054688,3.62845635414124,248.413909912109,-903.23955761392,-257.48932304778,"WhiteTroatedCaracara",20
41,0,4.51262903213501,0,0.647509336471558,29.3971633911133,67.6327438354492,0.0121191274374723,0,2.98241066932678,5.36676073074341,23.0577220916748,3301.40380859375,-1.57635939121246,221.25846862793,-883.23955761392,-257.48932304778,"WhiteTroatedCaracara",20
42,0,2.99061131477356,0,8.98091125488281,67.4246368408203,5.67790174484253,0.442874789237976,0.000392865011235699,9.47430419921875,0.25235903263092,84.1476440429688,2017.12719726562,-1.92673981189728,96.7627944946289,-823.23955761392,-257.48932304778,"WhiteTroatedCaracara",20
43,1,2.99061131477356,0,8.98091125488281,67.4246368408203,5.67790174484253,0.442874789237976,0.000392865011235699,9.47430419921875,0.25235903263092,84.1476440429688,2017.12719726562,-1.92673981189728,96.7627944946289,-803.23955761392,-257.48932304778,"WhiteTroatedCaracara",20
44,1,2.4045045375824,0,14.9068355560303,12.8243169784546,2.15724277496338,21.1153621673584,5.58610153198242,5.73785877227783,24.9885196685791,25.1671562194824,297.781646728516,-0.166572034358978,21.0862197875977,-1063.23955761392,-277.48932304778,"WhiteTroatedCaracara",20
45,1,2.47640347480774,0,16.1458435058594,14.8927659988403,3.18373680114746,31.4737949371338,1.99489009380341,4.51842498779297,12.3339557647705,34.0455780029297,795.384399414062,-1.04550683498383,59.1849670410156,-943.23955761392,-277.48932304778,"WhiteTroatedCaracara",20
46,1,4.81758117675781,0,7.5528712272644,20.6892642974854,51.2983512878418,0.752460896968842,0.0233000069856644,5.25557851791382,5.96981954574585,36.1094055175781,2231.56982421875,0.916942059993744,152.067687988281,-923.23955761392,-277.48932304778,"WhiteTroatedCaracara",20
47,0,4.65122127532959,0,1.30971574783325,26.3588981628418,71.7389373779297,0.0425240062177181,0,1.63810932636261,1.78863441944122,23.4399185180664,3207.61450195312,8.37800979614258,262.860778808594,-903.23955761392,-277.48932304778,"WhiteTroatedCaracara",20
48,0,4.51262903213501,0,0.647509336471558,29.3971633911133,67.6327438354492,0.0121191274374723,0,2.98241066932678,5.36676073074341,23.0577220916748,3301.40380859375,-1.57635939121246,221.25846862793,-883.23955761392,-277.48932304778,"WhiteTroatedCaracara",20
49,1,2.99061131477356,0,8.98091125488281,67.4246368408203,5.67790174484253,0.442874789237976,0.000392865011235699,9.47430419921875,0.25235903263092,84.1476440429688,2017.12719726562,-1.92673981189728,96.7627944946289,-823.23955761392,-277.48932304778,"WhiteTroatedCaracara",20
50,1,2.99061131477356,0,8.98091125488281,67.4246368408203,5.67790174484253,0.442874789237976,0.000392865011235699,9.47430419921875,0.25235903263092,84.1476440429688,2017.12719726562,-1.92673981189728,96.7627944946289,-803.23955761392,-277.48932304778,"WhiteTroatedCaracara",20
51,1,2.4045045375824,0,14.9068355560303,12.8243169784546,2.15724277496338,21.1153621673584,5.58610153198242,5.73785877227783,24.9885196685791,25.1671562194824,297.781646728516,-0.166572034358978,21.0862197875977,-1063.23955761392,-297.48932304778,"WhiteTroatedCaracara",20
52,1,2.4045045375824,0,14.9068355560303,12.8243169784546,2.15724277496338,21.1153621673584,5.58610153198242,5.73785877227783,24.9885196685791,25.1671562194824,297.781646728516,-0.166572034358978,21.0862197875977,-1043.23955761392,-297.48932304778,"WhiteTroatedCaracara",20
53,1,5.45442008972168,0,14.8351678848267,19.061731338501,5.36169099807739,26.0696926116943,0.816112458705902,7.09352540969849,16.5537815093994,33.9272270202637,888.917419433594,-1.64554524421692,101.429290771484,-963.23955761392,-297.48932304778,"WhiteTroatedCaracara",20
54,1,5.45442008972168,0,14.8351678848267,19.061731338501,5.36169099807739,26.0696926116943,0.816112458705902,7.09352540969849,16.5537815093994,33.9272270202637,888.917419433594,-1.64554524421692,101.429290771484,-943.23955761392,-297.48932304778,"WhiteTroatedCaracara",20
55,1,2.67010188102722,0,10.5966510772705,22.2810478210449,19.9745140075684,9.86261940002441,0.48654842376709,9.15205955505371,14.1533327102661,40.665599822998,1674.96459960938,-1.1181355714798,181.481735229492,-923.23955761392,-297.48932304778,"WhiteTroatedCaracara",20
56,1,4.65122127532959,0,1.30971574783325,26.3588981628418,71.7389373779297,0.0425240062177181,0,1.63810932636261,1.78863441944122,23.4399185180664,3207.61450195312,8.37800979614258,262.860778808594,-903.23955761392,-297.48932304778,"WhiteTroatedCaracara",20
57,0,4.51262903213501,0,0.647509336471558,29.3971633911133,67.6327438354492,0.0121191274374723,0,2.98241066932678,5.36676073074341,23.0577220916748,3301.40380859375,-1.57635939121246,221.25846862793,-883.23955761392,-297.48932304778,"WhiteTroatedCaracara",20
58,0,5.04187774658203,0,8.96937370300293,60.3354301452637,4.09710693359375,0.0974580571055412,0,14.1739654541016,0,81.6196517944336,2019.58117675781,-0.698625564575195,26.2670288085938,-823.23955761392,-297.48932304778,"WhiteTroatedCaracara",20
59,0,3.81965708732605,0,10.9359836578369,74.0565414428711,4.54844188690186,0,0,14.4497175216675,0.153083443641663,80.2574691772461,1572.90393066406,-0.394658863544464,28.0962963104248,-803.23955761392,-297.48932304778,"WhiteTroatedCaracara",20
60,1,2.46415209770203,0,15.1026268005371,17.794132232666,4.20633220672607,13.3754844665527,1.69416880607605,7.6153392791748,8.35067939758301,15.5378942489624,92.4739608764648,-0.501868426799774,14.0182075500488,-1063.23955761392,-317.48932304778,"WhiteTroatedCaracara",20
61,1,2.14419102668762,0,14.3771820068359,16.8559761047363,2.95864510536194,19.5098495483398,4.19687557220459,7.72965955734253,15.3740282058716,17.1142330169678,310.530731201172,0.801473319530487,34.6387748718262,-1043.23955761392,-317.48932304778,"WhiteTroatedCaracara",20
62,1,14.734917640686,0,11.4453353881836,22.2863693237305,12.404200553894,13.7965517044067,0.639543533325195,9.93701362609863,14.8374166488647,38.5767593383789,1405.08142089844,-2.06367564201355,151.963684082031,-963.23955761392,-317.48932304778,"WhiteTroatedCaracara",20
63,1,14.734917640686,0,11.4453353881836,22.2863693237305,12.404200553894,13.7965517044067,0.639543533325195,9.93701362609863,14.8374166488647,38.5767593383789,1405.08142089844,-2.06367564201355,151.963684082031,-943.23955761392,-317.48932304778,"WhiteTroatedCaracara",20
64,1,5.15891265869141,0,4.85942935943604,25.4931240081787,59.0198783874512,0.91439688205719,0.00180601119063795,4.4708137512207,4.66552209854126,26.2449035644531,2574.81225585938,2.62716937065125,236.342544555664,-923.23955761392,-317.48932304778,"WhiteTroatedCaracara",20
65,1,5.15891265869141,0,4.85942935943604,25.4931240081787,59.0198783874512,0.91439688205719,0.00180601119063795,4.4708137512207,4.66552209854126,26.2449035644531,2574.81225585938,2.62716937065125,236.342544555664,-903.23955761392,-317.48932304778,"WhiteTroatedCaracara",20
66,0,4.85312223434448,0,8.92551803588867,58.2537117004395,8.369215965271,0,0,13.886754989624,0,77.7718353271484,2013.81994628906,0.686457216739655,34.037540435791,-823.23955761392,-317.48932304778,"WhiteTroatedCaracara",20
67,0,3.81965708732605,0,10.9359836578369,74.0565414428711,4.54844188690186,0,0,14.4497175216675,0.153083443641663,80.2574691772461,1572.90393066406,-0.394658863544464,28.0962963104248,-803.23955761392,-317.48932304778,"WhiteTroatedCaracara",20
68,1,2.0274293422699,0,14.7572002410889,21.0008945465088,2.92616081237793,17.2458629608154,3.53184151649475,5.01753997802734,14.5186939239502,16.0078392028809,74.5756225585938,-0.396253556013107,18.8478851318359,-1063.23955761392,-337.48932304778,"WhiteTroatedCaracara",20
69,1,3.20378232002258,0,14.5393342971802,20.3814830780029,5.09443807601929,20.1090717315674,2.9646635055542,7.76713943481445,21.0243225097656,20.0215034484863,202.96501159668,0.222910195589066,41.168342590332,-1043.23955761392,-337.48932304778,"WhiteTroatedCaracara",20
70,1,11.8898105621338,0,9.34375858306885,24.9744567871094,18.4014282226562,7.68275928497314,0.601228773593903,11.2147169113159,13.7600708007812,37.9007606506348,1741.63586425781,0.470148324966431,187.617736816406,-963.23955761392,-337.48932304778,"WhiteTroatedCaracara",20
71,1,11.8898105621338,0,9.34375858306885,24.9744567871094,18.4014282226562,7.68275928497314,0.601228773593903,11.2147169113159,13.7600708007812,37.9007606506348,1741.63586425781,0.470148324966431,187.617736816406,-943.23955761392,-337.48932304778,"WhiteTroatedCaracara",20
72,1,5.15891265869141,0,4.85942935943604,25.4931240081787,59.0198783874512,0.91439688205719,0.00180601119063795,4.4708137512207,4.66552209854126,26.2449035644531,2574.81225585938,2.62716937065125,236.342544555664,-923.23955761392,-337.48932304778,"WhiteTroatedCaracara",20
73,0,6.43325233459473,0,11.1755809783936,71.727783203125,4.2454571723938,0,0,14.1245012283325,0,81.6320037841797,1512.02160644531,-0.375742822885513,17.7881011962891,-823.23955761392,-337.48932304778,"WhiteTroatedCaracara",20
74,0,6.43325233459473,0,11.1755809783936,71.727783203125,4.2454571723938,0,0,14.1245012283325,0,81.6320037841797,1512.02160644531,-0.375742822885513,17.7881011962891,-803.23955761392,-337.48932304778,"WhiteTroatedCaracara",20
75,1,2.22781538963318,0,14.3968448638916,21.6578998565674,3.98582625389099,15.0833377838135,2.59333777427673,6.31683015823364,11.4528179168701,15.142017364502,68.9358825683594,-0.350133091211319,24.1757831573486,-1063.23955761392,-357.48932304778,"WhiteTroatedCaracara",20
76,0,3.20378232002258,0,14.5393342971802,20.3814830780029,5.09443807601929,20.1090717315674,2.9646635055542,7.76713943481445,21.0243225097656,20.0215034484863,202.96501159668,0.222910195589066,41.168342590332,-1043.23955761392,-357.48932304778,"WhiteTroatedCaracara",20
77,1,6.74687385559082,0,13.0345020294189,24.9478569030762,1.11908876895905,46.3183975219727,3.06796646118164,7.94955158233643,4.998459815979,17.5043125152588,666.863647460938,1.25750637054443,80.7131881713867,-963.23955761392,-357.48932304778,"WhiteTroatedCaracara",20
78,1,5.43252325057983,0,10.1476163864136,27.1506004333496,12.4517908096313,15.6284332275391,1.09169220924377,12.3798980712891,15.6964082717896,29.1085033416748,1493.8388671875,-2.87890553474426,155.884841918945,-943.23955761392,-357.48932304778,"WhiteTroatedCaracara",20
79,1,3.8322491645813,0,5.063636302948,29.1082668304443,51.1379852294922,1.25609087944031,0.0149224540218711,8.03372478485107,6.86755514144897,29.3913345336914,2476.84545898438,-0.63927435874939,219.363174438477,-923.23955761392,-357.48932304778,"WhiteTroatedCaracara",20
80,0,2.69437408447266,0,10.4298887252808,49.2913665771484,22.3041896820068,0.576850771903992,0.0587156713008881,9.42676734924316,0.10001764446497,67.2821426391602,1656.27319335938,-0.822934567928314,25.6384105682373,-863.23955761392,-357.48932304778,"WhiteTroatedCaracara",20
81,0,2.69437408447266,0,10.4298887252808,49.2913665771484,22.3041896820068,0.576850771903992,0.0587156713008881,9.42676734924316,0.10001764446497,67.2821426391602,1656.27319335938,-0.822934567928314,25.6384105682373,-843.23955761392,-357.48932304778,"WhiteTroatedCaracara",20
82,0,3.52427816390991,0,11.3191251754761,57.6613502502441,28.0393009185791,11.2115163803101,0.0397755056619644,4.98925876617432,1.6257598400116,54.1267585754395,1424.88806152344,-0.44091010093689,8.15442752838135,-823.23955761392,-357.48932304778,"WhiteTroatedCaracara",20
83,0,6.43325233459473,0,11.1755809783936,71.727783203125,4.2454571723938,0,0,14.1245012283325,0,81.6320037841797,1512.02160644531,-0.375742822885513,17.7881011962891,-803.23955761392,-357.48932304778,"WhiteTroatedCaracara",20
84,1,2.43345212936401,0,13.5849571228027,20.8111743927002,2.84743642807007,8.14159488677979,2.76265048980713,9.13996124267578,5.0368480682373,12.5257272720337,168.715789794922,1.1624219417572,47.8793830871582,-1063.23955761392,-377.48932304778,"WhiteTroatedCaracara",20
85,1,2.65233492851257,0,14.0255031585693,18.9778938293457,3.30882096290588,17.1079063415527,4.0210919380188,7.33969736099243,10.6731338500977,14.0578346252441,148.723785400391,-1.03066504001617,44.160888671875,-1043.23955761392,-377.48932304778,"WhiteTroatedCaracara",20
86,1,2.65233492851257,0,14.0255031585693,18.9778938293457,3.30882096290588,17.1079063415527,4.0210919380188,7.33969736099243,10.6731338500977,14.0578346252441,148.723785400391,-1.03066504001617,44.160888671875,-1023.23955761392,-377.48932304778,"WhiteTroatedCaracara",20
87,1,8.33901309967041,0,12.445086479187,27.1217880249023,2.6750590801239,34.5833930969238,3.4659948348999,10.0030584335327,5.20736598968506,18.1154117584229,728.59423828125,0.436736971139908,85.4009246826172,-963.23955761392,-377.48932304778,"WhiteTroatedCaracara",20
88,1,17.6186256408691,0,8.86447715759277,29.3728618621826,21.144416809082,8.83609294891357,0.988299190998077,15.3211946487427,12.2327175140381,26.7999706268311,1687.19848632812,0.590759634971619,186.536422729492,-943.23955761392,-377.48932304778,"WhiteTroatedCaracara",20
89,1,7.22556447982788,0,5.67133522033691,30.6605777740479,52.5982627868652,0.700758576393127,0,8.15254974365234,6.38082456588745,31.4625053405762,2335.75634765625,-6.42409610748291,203.550689697266,-923.23955761392,-377.48932304778,"WhiteTroatedCaracara",20
90,0,7.22556447982788,0,5.67133522033691,30.6605777740479,52.5982627868652,0.700758576393127,0,8.15254974365234,6.38082456588745,31.4625053405762,2335.75634765625,-6.42409610748291,203.550689697266,-903.23955761392,-377.48932304778,"WhiteTroatedCaracara",20
91,0,2.69437408447266,0,10.4298887252808,49.2913665771484,22.3041896820068,0.576850771903992,0.0587156713008881,9.42676734924316,0.10001764446497,67.2821426391602,1656.27319335938,-0.822934567928314,25.6384105682373,-863.23955761392,-377.48932304778,"WhiteTroatedCaracara",20
92,1,2.69437408447266,0,10.4298887252808,49.2913665771484,22.3041896820068,0.576850771903992,0.0587156713008881,9.42676734924316,0.10001764446497,67.2821426391602,1656.27319335938,-0.822934567928314,25.6384105682373,-843.23955761392,-377.48932304778,"WhiteTroatedCaracara",20
93,1,3.52427816390991,0,11.3191251754761,57.6613502502441,28.0393009185791,11.2115163803101,0.0397755056619644,4.98925876617432,1.6257598400116,54.1267585754395,1424.88806152344,-0.44091010093689,8.15442752838135,-823.23955761392,-377.48932304778,"WhiteTroatedCaracara",20
94,0,3.55969333648682,0,11.4840564727783,63.5051193237305,29.870210647583,5.12430143356323,0,4.08525657653809,0.416517943143845,60.5408058166504,1348.68078613281,-0.0101497089490294,1.12773478031158,-803.23955761392,-377.48932304778,"WhiteTroatedCaracara",20
95,1,2.4804060459137,0,13.5215044021606,20.004940032959,5.35371446609497,21.3555374145508,2.8447413444519,7.44578981399536,8.13608264923096,15.9482088088989,147.998565673828,-0.559729993343353,49.2731170654297,-1083.23955761392,-397.48932304778,"WhiteTroatedCaracara",20
96,1,2.4804060459137,0,13.5215044021606,20.004940032959,5.35371446609497,21.3555374145508,2.8447413444519,7.44578981399536,8.13608264923096,15.9482088088989,147.998565673828,-0.559729993343353,49.2731170654297,-1063.23955761392,-397.48932304778,"WhiteTroatedCaracara",20
97,1,3.97831869125366,0,13.4405059814453,19.2984275817871,7.11307525634766,29.3896465301514,3.39302730560303,5.57808876037598,21.7732219696045,19.7507762908936,231.655380249023,0.676839828491211,58.7580261230469,-1043.23955761392,-397.48932304778,"WhiteTroatedCaracara",20
98,1,3.97831869125366,0,13.4405059814453,19.2984275817871,7.11307525634766,29.3896465301514,3.39302730560303,5.57808876037598,21.7732219696045,19.7507762908936,231.655380249023,0.676839828491211,58.7580261230469,-1023.23955761392,-397.48932304778,"WhiteTroatedCaracara",20
99,1,14.1353759765625,0,11.0247526168823,30.0135726928711,4.05559396743774,16.4431419372559,2.40818667411804,15.5368967056274,7.88198280334473,20.317699432373,1027.18005371094,-1.65053403377533,124.9033203125,-983.23955761392,-397.48932304778,"WhiteTroatedCaracara",20
100,1,14.1353759765625,0,11.0247526168823,30.0135726928711,4.05559396743774,16.4431419372559,2.40818667411804,15.5368967056274,7.88198280334473,20.317699432373,1027.18005371094,-1.65053403377533,124.9033203125,-963.23955761392,-397.48932304778,"WhiteTroatedCaracara",20
101,0,18.3056049346924,0,7.57140398025513,31.4077682495117,37.7597885131836,3.75870943069458,0.242342233657837,10.7425022125244,11.6986150741577,28.0404396057129,1895.52758789062,-1.06752955913544,179.773406982422,-943.23955761392,-397.48932304778,"WhiteTroatedCaracara",20
102,1,10.6998491287231,0,3.98267960548401,32.2520599365234,62.9631958007812,0.852276086807251,0,4.35192728042603,4.9842700958252,25.5268115997314,2597.62744140625,1.6450160741806,169.809722900391,-923.23955761392,-397.48932304778,"WhiteTroatedCaracara",20
103,0,10.6998491287231,0,3.98267960548401,32.2520599365234,62.9631958007812,0.852276086807251,0,4.35192728042603,4.9842700958252,25.5268115997314,2597.62744140625,1.6450160741806,169.809722900391,-903.23955761392,-397.48932304778,"WhiteTroatedCaracara",20
104,0,2.69437408447266,0,10.4298887252808,49.2913665771484,22.3041896820068,0.576850771903992,0.0587156713008881,9.42676734924316,0.10001764446497,67.2821426391602,1656.27319335938,-0.822934567928314,25.6384105682373,-863.23955761392,-397.48932304778,"WhiteTroatedCaracara",20
105,0,2.69437408447266,0,10.4298887252808,49.2913665771484,22.3041896820068,0.576850771903992,0.0587156713008881,9.42676734924316,0.10001764446497,67.2821426391602,1656.27319335938,-0.822934567928314,25.6384105682373,-843.23955761392,-397.48932304778,"WhiteTroatedCaracara",20
106,0,3.85231685638428,0,11.1821508407593,55.2700729370117,17.6974983215332,21.1901473999023,0.00607176218181849,5.23823595046997,4.44131278991699,51.4465637207031,1395.80212402344,-0.0305161867290735,2.48929572105408,-823.23955761392,-397.48932304778,"WhiteTroatedCaracara",20
107,0,3.55969333648682,0,11.4840564727783,63.5051193237305,29.870210647583,5.12430143356323,0,4.08525657653809,0.416517943143845,60.5408058166504,1348.68078613281,-0.0101497089490294,1.12773478031158,-803.23955761392,-397.48932304778,"WhiteTroatedCaracara",20
108,0,7.85468864440918,0,10.8575839996338,67.7898788452148,23.211088180542,0,0,9.11662578582764,0.00965240690857172,67.6801986694336,1478.45690917969,0.230603247880936,21.2921161651611,-783.23955761392,-397.48932304778,"WhiteTroatedCaracara",20
109,0,4.28436899185181,0,10.138599395752,74.9646148681641,7.39221143722534,0,0,11.6770887374878,0,80.9260711669922,1614.7001953125,-0.0288748443126678,24.0644817352295,-763.23955761392,-397.48932304778,"WhiteTroatedCaracara",20
110,1,3.21871161460876,0,13.2745704650879,24.8648357391357,2.27806901931763,6.97867870330811,1.63642764091492,9.1125955581665,4.34576559066772,17.9531745910645,89.7172622680664,-0.225652828812599,18.1375598907471,-1083.23955761392,-417.48932304778,"WhiteTroatedCaracara",20
111,0,3.15460205078125,0,12.916802406311,21.754638671875,2.34813332557678,8.00955867767334,2.46085476875305,7.56343269348145,3.92120742797852,9.72422027587891,247.886032104492,-0.0132395029067993,54.8315277099609,-1063.23955761392,-417.48932304778,"WhiteTroatedCaracara",20
112,1,6.16266822814941,0,12.9620475769043,21.041711807251,4.0067024230957,22.1174507141113,5.18571043014526,8.87667560577393,15.3007526397705,14.1713495254517,294.696990966797,0.0118779167532921,63.8445777893066,-1043.23955761392,-417.48932304778,"WhiteTroatedCaracara",20
113,1,3.63980007171631,0,10.4320487976074,33.1110649108887,5.44368124008179,16.4736824035645,3.0612428188324,18.0660419464111,5.62292957305908,12.8094539642334,1117.70617675781,-0.206747174263,114.91854095459,-983.23955761392,-417.48932304778,"WhiteTroatedCaracara",20
114,0,3.63980007171631,0,10.4320487976074,33.1110649108887,5.44368124008179,16.4736824035645,3.0612428188324,18.0660419464111,5.62292957305908,12.8094539642334,1117.70617675781,-0.206747174263,114.91854095459,-963.23955761392,-417.48932304778,"WhiteTroatedCaracara",20
115,0,4.78262281417847,0,6.35789394378662,33.5984306335449,44.2614135742188,3.16714715957642,0.448424696922302,12.0456781387329,9.1440258026123,24.8362636566162,2090.31665039062,4.94504642486572,190.675140380859,-943.23955761392,-417.48932304778,"WhiteTroatedCaracara",20
116,0,3.27554059028625,0,3.00074791908264,34.0012741088867,73.9579467773438,0.72674971818924,0,3.37674999237061,2.72656488418579,16.2243194580078,2724.17553710938,1.95868539810181,135.976943969727,-923.23955761392,-417.48932304778,"WhiteTroatedCaracara",20
117,0,4.53458213806152,0,10.6860933303833,48.2873420715332,6.82358121871948,12.4934720993042,0.570715129375458,8.75834465026855,2.11568450927734,66.5394897460938,1495.16162109375,-0.779127061367035,14.6456804275513,-863.23955761392,-417.48932304778,"WhiteTroatedCaracara",20
118,1,4.53458213806152,0,10.6860933303833,48.2873420715332,6.82358121871948,12.4934720993042,0.570715129375458,8.75834465026855,2.11568450927734,66.5394897460938,1495.16162109375,-0.779127061367035,14.6456804275513,-843.23955761392,-417.48932304778,"WhiteTroatedCaracara",20
119,0,5.43914747238159,0,11.194354057312,54.5877151489258,25.6261672973633,9.67469120025635,0.110168807208538,5.02518463134766,1.07305526733398,58.5034027099609,1369.48474121094,-0.0371363162994385,1.39417052268982,-823.23955761392,-417.48932304778,"WhiteTroatedCaracara",20
120,0,2.61198377609253,0,11.4570083618164,61.3910255432129,28.4567928314209,0.248552650213242,0.00997538212686777,6.30685520172119,0.63322651386261,63.6418495178223,1346.25927734375,-0.0298309475183487,0.995258569717407,-803.23955761392,-417.48932304778,"WhiteTroatedCaracara",20
121,0,7.85468864440918,0,10.8575839996338,67.7898788452148,23.211088180542,0,0,9.11662578582764,0.00965240690857172,67.6801986694336,1478.45690917969,0.230603247880936,21.2921161651611,-783.23955761392,-417.48932304778,"WhiteTroatedCaracara",20
122,0,4.28436899185181,0,10.138599395752,74.9646148681641,7.39221143722534,0,0,11.6770887374878,0,80.9260711669922,1614.7001953125,-0.0288748443126678,24.0644817352295,-763.23955761392,-417.48932304778,"WhiteTroatedCaracara",20
123,0,8.91922950744629,0,9.95855808258057,83.2663116455078,4.29614639282227,0,0,12.4091997146606,0.000410569016821682,83.3035583496094,1635.93176269531,-1.9393914937973,40.5511665344238,-743.23955761392,-417.48932304778,"WhiteTroatedCaracara",20
124,1,3.06839227676392,0,12.3790378570557,26.4376640319824,0.572298049926758,3.06660914421082,1.07397711277008,10.7654399871826,2.40368509292603,14.347318649292,282.178741455078,0.759433746337891,46.5188598632812,-1103.23955761392,-437.48932304778,"WhiteTroatedCaracara",20
125,1,3.06839227676392,0,12.3790378570557,26.4376640319824,0.572298049926758,3.06660914421082,1.07397711277008,10.7654399871826,2.40368509292603,14.347318649292,282.178741455078,0.759433746337891,46.5188598632812,-1083.23955761392,-437.48932304778,"WhiteTroatedCaracara",20
126,1,4.17568063735962,0,12.716365814209,24.3245830535889,2.02862334251404,11.78542137146,3.79156947135925,7.20591974258423,7.79954433441162,15.1415042877197,287.998626708984,-0.240751206874847,57.5636825561523,-1063.23955761392,-437.48932304778,"WhiteTroatedCaracara",20
127,1,6.16266822814941,0,12.9620475769043,21.041711807251,4.0067024230957,22.1174507141113,5.18571043014526,8.87667560577393,15.3007526397705,14.1713495254517,294.696990966797,0.0118779167532921,63.8445777893066,-1043.23955761392,-437.48932304778,"WhiteTroatedCaracara",20
128,1,4.20822286605835,0,8.51670932769775,35.9787521362305,16.5710926055908,12.1625242233276,1.98963284492493,19.0236988067627,10.2151832580566,16.0275497436523,1513.75646972656,1.64708709716797,128.769454956055,-983.23955761392,-437.48932304778,"WhiteTroatedCaracara",20
129,1,4.20822286605835,0,8.51670932769775,35.9787521362305,16.5710926055908,12.1625242233276,1.98963284492493,19.0236988067627,10.2151832580566,16.0275497436523,1513.75646972656,1.64708709716797,128.769454956055,-963.23955761392,-437.48932304778,"WhiteTroatedCaracara",20
130,1,5.38762998580933,0,4.89465284347534,35.6661796569824,75.7395401000977,1.04563438892365,0.00751019734889269,4.47238063812256,5.75643539428711,10.4112138748169,2273.24853515625,-2.24169707298279,143.195816040039,-943.23955761392,-437.48932304778,"WhiteTroatedCaracara",20
131,0,6.50441074371338,0,2.83556771278381,35.7666893005371,89.7441101074219,0,0,1.37199985980988,1.08430969715118,7.27714538574219,2697.02587890625,1.81697046756744,80.3012466430664,-923.23955761392,-437.48932304778,"WhiteTroatedCaracara",20
132,0,6.50441074371338,0,2.83556771278381,35.7666893005371,89.7441101074219,0,0,1.37199985980988,1.08430969715118,7.27714538574219,2697.02587890625,1.81697046756744,80.3012466430664,-903.23955761392,-437.48932304778,"WhiteTroatedCaracara",20
133,0,4.53458213806152,0,10.6860933303833,48.2873420715332,6.82358121871948,12.4934720993042,0.570715129375458,8.75834465026855,2.11568450927734,66.5394897460938,1495.16162109375,-0.779127061367035,14.6456804275513,-843.23955761392,-437.48932304778,"WhiteTroatedCaracara",20
134,0,2.79454827308655,0,11.1601686477661,53.5772743225098,7.58272790908813,9.58102607727051,0.224403902888298,10.8157482147217,0.613979935646057,71.2061538696289,1368.28479003906,-0.191672429442406,3.54709506034851,-823.23955761392,-437.48932304778,"WhiteTroatedCaracara",20
135,1,8.86970710754395,0,11.1300220489502,57.8086318969727,35.4671478271484,2.53075289726257,0.10925667732954,3.3537175655365,5.91643571853638,28.9908695220947,1339.20300292969,-0.0456681549549103,1.70996236801147,-803.23955761392,-437.48932304778,"WhiteTroatedCaracara",20
136,0,17.3678703308105,0,10.692723274231,65.8542404174805,16.2600288391113,0,0.0100618163123727,8.26789665222168,0.213990822434425,75.2715530395508,1484.33129882812,-0.165106207132339,16.3559265136719,-783.23955761392,-437.48932304778,"WhiteTroatedCaracara",20
137,0,5.94477605819702,0,8.65875911712646,71.3894958496094,5.68573760986328,0,0,7.41797733306885,0,86.9027862548828,1887.24353027344,-0.492447555065155,37.2589073181152,-763.23955761392,-437.48932304778,"WhiteTroatedCaracara",20
138,0,15.8778953552246,0,5.67102766036987,78.4324493408203,5.52062702178955,0,0,12.5925731658936,0.585789620876312,79.7548370361328,2445.0849609375,3.10887598991394,81.3118438720703,-743.23955761392,-437.48932304778,"WhiteTroatedCaracara",20
139,0,18.5139579772949,0,11.5029106140137,82.9078674316406,0.690620720386505,0.0519614294171333,0,13.7296762466431,0,85.5376586914062,1307.32446289062,-0.492454826831818,27.9825305938721,-723.23955761392,-437.48932304778,"WhiteTroatedCaracara",20
140,1,1.83260083198547,0,13.0793743133545,28.9249477386475,1.11627185344696,14.5406866073608,3.48993563652039,8.67559623718262,3.72146368026733,11.4093055725098,67.0215377807617,0.082317478954792,14.1001539230347,-1103.23955761392,-457.48932304778,"WhiteTroatedCaracara",20
141,1,3.05290365219116,0,12.233268737793,27.8632793426514,0.250861197710037,2.48591804504395,2.28928542137146,6.9333028793335,2.07665777206421,9.02451229095459,337.290679931641,0.223239243030548,36.9478073120117,-1083.23955761392,-457.48932304778,"WhiteTroatedCaracara",20
142,1,2.27793145179749,0,12.7227411270142,27.3745613098145,3.14238262176514,17.5877990722656,4.85786962509155,7.71182680130005,13.2154703140259,15.0124416351318,320.349517822266,0.0175217911601067,40.5984687805176,-1063.23955761392,-457.48932304778,"WhiteTroatedCaracara",20
143,1,3.31417369842529,0,13.3398504257202,26.8997211456299,3.99291944503784,34.0002136230469,3.38734769821167,7.74650430679321,13.9298372268677,16.3963241577148,236.865447998047,0.221407800912857,50.3705406188965,-1043.23955761392,-457.48932304778,"WhiteTroatedCaracara",20
144,0,3.17383885383606,0,11.8049755096436,39.0158996582031,1.43187594413757,18.8010005950928,2.39629435539246,14.6657075881958,3.71343183517456,12.1860427856445,664.356140136719,-0.665755569934845,83.9879837036133,-1003.23955761392,-457.48932304778,"WhiteTroatedCaracara",20
145,1,3.17383885383606,0,11.8049755096436,39.0158996582031,1.43187594413757,18.8010005950928,2.39629435539246,14.6657075881958,3.71343183517456,12.1860427856445,664.356140136719,-0.665755569934845,83.9879837036133,-983.23955761392,-457.48932304778,"WhiteTroatedCaracara",20
146,1,6.69994163513184,0,9.25994396209717,39.1975135803223,9.16720104217529,9.3137149810791,1.42786622047424,20.4061012268066,10.3398284912109,25.7398548126221,1332.75244140625,-3.96281862258911,166.034622192383,-963.23955761392,-457.48932304778,"WhiteTroatedCaracara",20
147,0,7.64565181732178,0,5.44593143463135,37.3537521362305,71.0822830200195,0.174522951245308,0.0227443762123585,3.28903579711914,5.02242374420166,18.4487781524658,2180.63598632812,1.02594792842865,186.582077026367,-943.23955761392,-457.48932304778,"WhiteTroatedCaracara",20
148,0,4.7225022315979,0,4.27768182754517,37.7390365600586,83.3206024169922,0.0517561584711075,0,1.62541377544403,2.76793813705444,11.0000238418579,2437.28051757812,-1.28150260448456,170.20166015625,-923.23955761392,-457.48932304778,"WhiteTroatedCaracara",20
149,0,4.7225022315979,0,4.27768182754517,37.7390365600586,83.3206024169922,0.0517561584711075,0,1.62541377544403,2.76793813705444,11.0000238418579,2437.28051757812,-1.28150260448456,170.20166015625,-903.23955761392,-457.48932304778,"WhiteTroatedCaracara",20
150,0,2.89337754249573,0,10.2616968154907,52.8536109924316,12.8190727233887,0.669218838214874,0,9.90937232971191,0.0546348355710506,76.5605850219727,1558.19897460938,-0.610771179199219,27.0392971038818,-843.23955761392,-457.48932304778,"WhiteTroatedCaracara",20
151,1,2.89337754249573,0,10.2616968154907,52.8536109924316,12.8190727233887,0.669218838214874,0,9.90937232971191,0.0546348355710506,76.5605850219727,1558.19897460938,-0.610771179199219,27.0392971038818,-823.23955761392,-457.48932304778,"WhiteTroatedCaracara",20
152,1,5.15036392211914,0,11.0153121948242,56.372486114502,30.7758464813232,2.62607192993164,0,4.41217374801636,2.31260204315186,54.2572441101074,1375.19970703125,-0.331860065460205,8.25876522064209,-803.23955761392,-457.48932304778,"WhiteTroatedCaracara",20
153,0,16.2865905761719,0,10.1187381744385,62.9658737182617,19.6682643890381,0,0,7.59621667861938,0.324269741773605,72.4175262451172,1573.01684570312,0.572138011455536,24.9045696258545,-783.23955761392,-457.48932304778,"WhiteTroatedCaracara",20
154,0,5.91457605361938,0,8.50405788421631,69.9987487792969,7.0728178024292,0,0,8.90633487701416,0,84.0303802490234,1894.25756835938,-0.317941039800644,24.038366317749,-763.23955761392,-457.48932304778,"WhiteTroatedCaracara",20
155,0,12.3038368225098,0,8.22466659545898,77.5352630615234,1.98355066776276,0.011576016433537,0,13.7775459289551,0,84.2289428710938,1958.5390625,0.562068223953247,39.3416023254395,-743.23955761392,-457.48932304778,"WhiteTroatedCaracara",20
156,0,18.5139579772949,0,11.5029106140137,82.9078674316406,0.690620720386505,0.0519614294171333,0,13.7296762466431,0,85.5376586914062,1307.32446289062,-0.492454826831818,27.9825305938721,-723.23955761392,-457.48932304778,"WhiteTroatedCaracara",20
157,1,1.83260083198547,0,13.0793743133545,28.9249477386475,1.11627185344696,14.5406866073608,3.48993563652039,8.67559623718262,3.72146368026733,11.4093055725098,67.0215377807617,0.082317478954792,14.1001539230347,-1103.23955761392,-477.48932304778,"WhiteTroatedCaracara",20
158,1,3.73410820960999,0,12.4367532730103,29.8858909606934,0.611808478832245,5.7643723487854,6.3552417755127,8.36496162414551,5.95521783828735,11.2066068649292,338.387969970703,0.499341547489166,39.7739524841309,-1083.23955761392,-477.48932304778,"WhiteTroatedCaracara",20
159,1,2.97418928146362,0,13.5158653259277,29.6449241638184,2.69481706619263,22.9546012878418,3.97766184806824,4.92023992538452,25.3500728607178,23.8655624389648,212.159408569336,-0.431540548801422,26.6805458068848,-1063.23955761392,-477.48932304778,"WhiteTroatedCaracara",20
160,1,3.31417369842529,0,13.3398504257202,26.8997211456299,3.99291944503784,34.0002136230469,3.38734769821167,7.74650430679321,13.9298372268677,16.3963241577148,236.865447998047,0.221407800912857,50.3705406188965,-1043.23955761392,-477.48932304778,"WhiteTroatedCaracara",20
161,1,3.8274519443512,0,10.3227376937866,44.0418548583984,4.61178922653198,14.2838773727417,2.28958225250244,19.8952484130859,5.78759908676147,16.2189140319824,998.724487304688,1.30409777164459,153.611587524414,-1003.23955761392,-477.48932304778,"WhiteTroatedCaracara",20
162,1,3.8274519443512,0,10.3227376937866,44.0418548583984,4.61178922653198,14.2838773727417,2.28958225250244,19.8952484130859,5.78759908676147,16.2189140319824,998.724487304688,1.30409777164459,153.611587524414,-983.23955761392,-477.48932304778,"WhiteTroatedCaracara",20
163,1,3.59946060180664,0,9.53387451171875,42.6346206665039,7.43476247787476,16.220142364502,1.75818729400635,17.1427059173584,14.3495292663574,24.3251438140869,1259.86791992188,-2.50432324409485,179.853561401367,-963.23955761392,-477.48932304778,"WhiteTroatedCaracara",20
164,1,4.87784004211426,0,7.49325609207153,40.8521690368652,29.7812366485596,3.65913319587708,0.418839812278748,14.4911613464355,11.1763744354248,30.5087947845459,1756.56567382812,-1.07352828979492,202.002792358398,-943.23955761392,-477.48932304778,"WhiteTroatedCaracara",20
165,1,5.80848979949951,0,5.16531372070312,39.7662048339844,57.906177520752,0.412069231271744,0,9.41116523742676,6.169753074646,25.9723720550537,2253.42529296875,-1.64992141723633,174.622009277344,-923.23955761392,-477.48932304778,"WhiteTroatedCaracara",20
166,1,8.67586421966553,0,3.02419304847717,41.3319511413574,76.2301635742188,0.808728635311127,0,2.56008338928223,8.68720149993896,10.7336483001709,2644.50659179688,0.549944818019867,116.023727416992,-903.23955761392,-477.48932304778,"WhiteTroatedCaracara",20
167,0,2.86657357215881,0,7.57803201675415,51.9973411560059,4.72035694122314,0.446316868066788,0,12.8558769226074,0.0492351204156876,81.9428634643555,2056.85083007812,0.96028345823288,60.5446815490723,-843.23955761392,-477.48932304778,"WhiteTroatedCaracara",20
168,0,2.86657357215881,0,7.57803201675415,51.9973411560059,4.72035694122314,0.446316868066788,0,12.8558769226074,0.0492351204156876,81.9428634643555,2056.85083007812,0.96028345823288,60.5446815490723,-823.23955761392,-477.48932304778,"WhiteTroatedCaracara",20
169,0,2.71884536743164,0,10.5645370483398,55.5660781860352,10.7616214752197,0,0,9.28484344482422,0.00995263364166021,79.9481887817383,1487.17431640625,-0.108435340225697,22.1032104492188,-803.23955761392,-477.48932304778,"WhiteTroatedCaracara",20
170,0,5.04822158813477,0,10.3834190368652,60.6929550170898,15.211109161377,0,0,8.3904390335083,0.0159295685589314,76.3979721069336,1515.447265625,-0.42979696393013,20.9439315795898,-783.23955761392,-477.48932304778,"WhiteTroatedCaracara",20
171,0,2.65828227996826,0,8.72157382965088,68.0545349121094,6.92283868789673,0,0,8.68356513977051,0,84.403076171875,1836.25390625,0.289279103279114,22.0463256835938,-763.23955761392,-477.48932304778,"WhiteTroatedCaracara",20
172,0,4.04039669036865,0,9.20672798156738,75.1725158691406,2.2761504650116,0.105382941663265,0,13.9895505905151,0,83.6238174438477,1754.2578125,-0.0392644591629505,32.2458076477051,-743.23955761392,-477.48932304778,"WhiteTroatedCaracara",20
173,0,8.25230693817139,0,11.8855695724487,79.6126251220703,0.673214435577393,0.0053923255763948,0,13.7494821548462,0,85.5773849487305,1215.84716796875,-0.176191851496696,21.1300163269043,-723.23955761392,-477.48932304778,"WhiteTroatedCaracara",20
174,1,3.77773976325989,0,12.3976917266846,32.8548049926758,0.75505530834198,2.71144461631775,3.26688742637634,15.1248683929443,2.62602806091309,12.9249591827393,278.224090576172,0.136801987886429,46.7268333435059,-1123.23955761392,-497.48932304778,"WhiteTroatedCaracara",20
175,1,3.77773976325989,0,12.3976917266846,32.8548049926758,0.75505530834198,2.71144461631775,3.26688742637634,15.1248683929443,2.62602806091309,12.9249591827393,278.224090576172,0.136801987886429,46.7268333435059,-1103.23955761392,-497.48932304778,"WhiteTroatedCaracara",20
176,1,2.85656881332397,0,12.8688306808472,29.4818325042725,1.90759432315826,15.1823053359985,4.04664421081543,5.72046566009521,14.9837675094604,18.2884788513184,304.746337890625,-0.205349564552307,41.7128410339355,-1083.23955761392,-497.48932304778,"WhiteTroatedCaracara",20
177,1,2.97418928146362,0,13.5158653259277,29.6449241638184,2.69481706619263,22.9546012878418,3.97766184806824,4.92023992538452,25.3500728607178,23.8655624389648,212.159408569336,-0.431540548801422,26.6805458068848,-1063.23955761392,-497.48932304778,"WhiteTroatedCaracara",20
178,1,2.2269561290741,0,13.0040216445923,50.6892433166504,1.69589674472809,35.5627708435059,4.94090604782104,7.91206169128418,5.600905418396,14.3707523345947,330.478576660156,-0.243264138698578,38.7904205322266,-1003.23955761392,-497.48932304778,"WhiteTroatedCaracara",20
179,1,5.92157125473022,0,9.51432323455811,48.3895530700684,10.6380090713501,8.44051456451416,2.40277171134949,17.618293762207,8.50604248046875,22.129243850708,1171.55834960938,-0.805281758308411,156.129196166992,-983.23955761392,-497.48932304778,"WhiteTroatedCaracara",20
180,0,4.66703605651855,0,6.97130727767944,43.846435546875,30.4592838287354,4.88515377044678,0.364826321601868,15.1255598068237,12.6294221878052,29.4329071044922,1786.41357421875,2.34267139434814,198.376419067383,-963.23955761392,-497.48932304778,"WhiteTroatedCaracara",20
181,0,15.5608625411987,0,5.23942184448242,42.2504501342773,50.7808418273926,1.79091060161591,0.238181784749031,9.26047706604004,6.82063627243042,28.4838123321533,2162.97607421875,2.67404413223267,172.222122192383,-943.23955761392,-497.48932304778,"WhiteTroatedCaracara",20
182,1,6.90820932388306,0,4.47770071029663,40.8207244873047,62.9361915588379,0.667578279972076,0.0832545533776283,5.13205718994141,7.10412693023682,16.708459854126,2340.45849609375,0.0181371234357357,104.882888793945,-923.23955761392,-497.48932304778,"WhiteTroatedCaracara",20
183,1,8.67586421966553,0,3.02419304847717,41.3319511413574,76.2301635742188,0.808728635311127,0,2.56008338928223,8.68720149993896,10.7336483001709,2644.50659179688,0.549944818019867,116.023727416992,-903.23955761392,-497.48932304778,"WhiteTroatedCaracara",20
184,0,11.615608215332,0,6.34863567352295,44.055290222168,29.9248638153076,3.69752049446106,0.0297817327082157,9.14947986602783,12.3644495010376,44.8449401855469,2203.70654296875,2.84271001815796,98.9181900024414,-883.23955761392,-497.48932304778,"WhiteTroatedCaracara",20
185,0,11.615608215332,0,6.34863567352295,44.055290222168,29.9248638153076,3.69752049446106,0.0297817327082157,9.14947986602783,12.3644495010376,44.8449401855469,2203.70654296875,2.84271001815796,98.9181900024414,-863.23955761392,-497.48932304778,"WhiteTroatedCaracara",20
186,0,2.47256398200989,0,9.94091892242432,45.8437652587891,24.5454540252686,2.87495875358582,0.180488362908363,7.69726657867432,0.152926072478294,64.2107925415039,1580.81396484375,-0.849033534526825,46.319164276123,-843.23955761392,-497.48932304778,"WhiteTroatedCaracara",20
187,0,2.09568214416504,0,7.01217651367188,50.314136505127,10.7493801116943,0.0637536868453026,0,13.233078956604,0.038209393620491,75.8749084472656,2157.5380859375,1.49351847171783,65.7441787719727,-823.23955761392,-497.48932304778,"WhiteTroatedCaracara",20
188,1,6.95656824111938,0,10.2890462875366,54.1037063598633,20.744758605957,0,0,6.20713043212891,0,73.0457458496094,1535.17590332031,-0.521344244480133,21.5031700134277,-803.23955761392,-497.48932304778,"WhiteTroatedCaracara",20
189,0,12.5985250473022,0,10.461874961853,58.810791015625,14.3341646194458,0,0,8.82751178741455,0.0559865050017834,76.7776107788086,1488.41223144531,-0.609435319900513,15.8269329071045,-783.23955761392,-497.48932304778,"WhiteTroatedCaracara",20
190,0,5.32029914855957,0,9.22265720367432,64.9650573730469,12.4656848907471,0,0,10.1667509078979,0,77.3637542724609,1739.22668457031,1.37599968910217,30.4102611541748,-763.23955761392,-497.48932304778,"WhiteTroatedCaracara",20
191,1,5.70576047897339,0,10.5328207015991,71.8996276855469,2.08348751068115,0.0499176420271397,0,13.4150724411011,0,84.4489440917969,1486.16186523438,-0.323282718658447,28.2363166809082,-743.23955761392,-497.48932304778,"WhiteTroatedCaracara",20
192,1,2.69080996513367,0,12.1835803985596,76.2808380126953,0.987205564975739,0.0659400150179863,0,12.9737319946289,0,85.7468109130859,1135.08728027344,0.110709309577942,16.4555835723877,-723.23955761392,-497.48932304778,"WhiteTroatedCaracara",20
193,1,2.75580358505249,0,11.9786033630371,35.6582679748535,0.273584067821503,3.27577304840088,4.34604263305664,11.7798347473145,2.34995031356812,7.76525735855103,381.769226074219,0.805203318595886,56.883129119873,-1123.23955761392,-517.48932304778,"WhiteTroatedCaracara",20
194,1,2.75580358505249,0,11.9786033630371,35.6582679748535,0.273584067821503,3.27577304840088,4.34604263305664,11.7798347473145,2.34995031356812,7.76525735855103,381.769226074219,0.805203318595886,56.883129119873,-1103.23955761392,-517.48932304778,"WhiteTroatedCaracara",20
195,1,3.0670108795166,0,13.2138824462891,34.112663269043,4.58893203735352,27.1473999023438,3.4515016078949,4.31492471694946,23.1073436737061,20.750997543335,256.324615478516,-0.198750734329224,33.8498916625977,-1083.23955761392,-517.48932304778,"WhiteTroatedCaracara",20
196,0,3.0670108795166,0,13.2138824462891,34.112663269043,4.58893203735352,27.1473999023438,3.4515016078949,4.31492471694946,23.1073436737061,20.750997543335,256.324615478516,-0.198750734329224,33.8498916625977,-1063.23955761392,-517.48932304778,"WhiteTroatedCaracara",20
197,0,3.32043218612671,0,12.5102958679199,58.843822479248,0.662043631076813,25.673921585083,5.46367502212524,9.7193546295166,5.13848733901978,12.8954830169678,420.861663818359,-0.145938992500305,34.4597625732422,-1023.23955761392,-517.48932304778,"WhiteTroatedCaracara",20
198,1,3.32043218612671,0,12.5102958679199,58.843822479248,0.662043631076813,25.673921585083,5.46367502212524,9.7193546295166,5.13848733901978,12.8954830169678,420.861663818359,-0.145938992500305,34.4597625732422,-1003.23955761392,-517.48932304778,"WhiteTroatedCaracara",20
199,1,3.69613432884216,0,9.66413116455078,53.9951553344727,2.86934089660645,8.69332504272461,3.32760405540466,22.9744510650635,7.26820230484009,14.7172060012817,1113.56286621094,-3.75925517082214,150.421524047852,-983.23955761392,-517.48932304778,"WhiteTroatedCaracara",20
200,1,11.2617635726929,0,6.27099227905273,46.3149833679199,29.7294445037842,6.088942527771,0.515961825847626,16.5067958831787,15.3305006027222,27.7564964294434,1888.87707519531,0.640007615089417,177.219268798828,-963.23955761392,-517.48932304778,"WhiteTroatedCaracara",20
201,0,16.2725086212158,0,6.49504899978638,45.0102767944336,35.4998321533203,2.12494230270386,0.056297555565834,13.1468315124512,8.97762680053711,39.0461082458496,1911.45959472656,-3.19521284103394,150.799423217773,-943.23955761392,-517.48932304778,"WhiteTroatedCaracara",20
202,0,10.5350770950317,0,3.37647294998169,42.9569396972656,57.7585830688477,2.29955267906189,0,6.28280448913574,7.91270875930786,23.4296455383301,2529.73999023438,4.31016635894775,144.441390991211,-923.23955761392,-517.48932304778,"WhiteTroatedCaracara",20
203,0,14.3120603561401,0,4.87100219726562,41.7983703613281,61.9442596435547,2.40020275115967,0,4.8662576675415,13.7118072509766,16.7958717346191,2332.80224609375,-0.77288955450058,113.740798950195,-903.23955761392,-517.48932304778,"WhiteTroatedCaracara",20
204,0,2.52666354179382,0,10.5617876052856,44.4479675292969,33.4965553283691,2.87225461006165,0.295466363430023,6.61695194244385,0.247411623597145,56.4940338134766,1446.96362304688,-1.41663932800293,40.6717681884766,-863.23955761392,-517.48932304778,"WhiteTroatedCaracara",20
205,1,2.52666354179382,0,10.5617876052856,44.4479675292969,33.4965553283691,2.87225461006165,0.295466363430023,6.61695194244385,0.247411623597145,56.4940338134766,1446.96362304688,-1.41663932800293,40.6717681884766,-843.23955761392,-517.48932304778,"WhiteTroatedCaracara",20
206,1,6.02755117416382,0,9.02880477905273,48.085620880127,32.4186210632324,0.0454780198633671,0.038843922317028,5.88237953186035,0.308265149593353,60.237060546875,1770.0205078125,-0.989501297473907,47.2578392028809,-823.23955761392,-517.48932304778,"WhiteTroatedCaracara",20
207,0,16.1192264556885,0,8.85530853271484,53.3356132507324,18.4982070922852,0,0.0134061798453331,7.64734888076782,0.389610379934311,72.3268814086914,1803.58386230469,-3.19119572639465,42.9415893554688,-803.23955761392,-517.48932304778,"WhiteTroatedCaracara",20
208,0,27.4704856872559,0,8.87519550323486,57.7487297058105,12.8581981658936,0,0,11.9972438812256,0.097478486597538,74.353759765625,1790.5439453125,0.163144126534462,33.3775291442871,-783.23955761392,-517.48932304778,"WhiteTroatedCaracara",20
209,0,14.4763259887695,0,10.3385677337646,62.3598251342773,6.89866209030151,0,0,11.2948026657104,0,81.7972564697266,1507.953125,-0.664047956466675,20.9799690246582,-763.23955761392,-517.48932304778,"WhiteTroatedCaracara",20
210,0,3.50014805793762,0,11.4578828811646,68.7468872070312,7.87686634063721,0.399758636951447,0,9.43569374084473,0,82.2888641357422,1280.80798339844,0.34755066037178,15.4288673400879,-743.23955761392,-517.48932304778,"WhiteTroatedCaracara",20
211,0,7.51428604125977,0,12.5268211364746,74.1394271850586,0.874308466911316,1.3074471950531,0,13.6160068511963,0,84.2029113769531,1052.16918945312,-0.228894904255867,12.0488681793213,-723.23955761392,-517.48932304778,"WhiteTroatedCaracara",20
212,1,2.52219247817993,0,12.2024021148682,40.0501365661621,1.45106852054596,9.8660717010498,5.79130840301514,15.3969764709473,6.18689680099487,9.5419454574585,329.764617919922,0.73354434967041,46.8029861450195,-1123.23955761392,-537.48932304778,"WhiteTroatedCaracara",20
213,1,2.52219247817993,0,12.2024021148682,40.0501365661621,1.45106852054596,9.8660717010498,5.79130840301514,15.3969764709473,6.18689680099487,9.5419454574585,329.764617919922,0.73354434967041,46.8029861450195,-1103.23955761392,-537.48932304778,"WhiteTroatedCaracara",20
214,1,2.29770517349243,0,12.974084854126,42.2387313842773,3.0830283164978,20.7633075714111,6.50410175323486,7.91648960113525,20.2346954345703,17.8622264862061,269.115844726562,-0.172483146190643,40.2965507507324,-1083.23955761392,-537.48932304778,"WhiteTroatedCaracara",20
215,1,6.52489948272705,0,11.9301795959473,65.3947448730469,0.765166580677032,7.74074840545654,4.56446552276611,18.4796524047852,3.05393481254578,15.2044343948364,527.036071777344,-1.19710683822632,58.1882095336914,-1023.23955761392,-537.48932304778,"WhiteTroatedCaracara",20
216,0,6.52489948272705,0,11.9301795959473,65.3947448730469,0.765166580677032,7.74074840545654,4.56446552276611,18.4796524047852,3.05393481254578,15.2044343948364,527.036071777344,-1.19710683822632,58.1882095336914,-1003.23955761392,-537.48932304778,"WhiteTroatedCaracara",20
217,1,12.7600526809692,0,8.59712886810303,55.9828453063965,3.33834648132324,11.8748636245728,3.36730623245239,24.4007320404053,9.7861852645874,15.588791847229,1328.77502441406,2.4211745262146,156.998519897461,-983.23955761392,-537.48932304778,"WhiteTroatedCaracara",20
218,0,15.1479215621948,0,6.08730840682983,49.2283897399902,36.2297973632812,5.93296003341675,0.931362986564636,15.5135898590088,15.7290086746216,24.0316486358643,1897.34619140625,1.46323180198669,154.165435791016,-963.23955761392,-537.48932304778,"WhiteTroatedCaracara",20
219,1,5.16179180145264,0,6.38056421279907,47.369327545166,35.4456672668457,2.87620162963867,0,14.713508605957,10.6116647720337,35.248607635498,1914.23376464844,0.953084588050842,163.153839111328,-943.23955761392,-537.48932304778,"WhiteTroatedCaracara",20
220,1,5.03072500228882,0,4.15995168685913,44.5928001403809,52.8860168457031,2.3927264213562,0,7.09825563430786,10.2187881469727,24.4934062957764,2357.87939453125,0.881498098373413,128.877288818359,-923.23955761392,-537.48932304778,"WhiteTroatedCaracara",20
221,1,8.45967292785645,0,4.02103281021118,43.8007659912109,48.584098815918,3.67416143417358,0,11.1669988632202,7.82917881011963,28.2521991729736,2459.56591796875,-3.3847177028656,139.011520385742,-903.23955761392,-537.48932304778,"WhiteTroatedCaracara",20
222,0,9.26215648651123,0,4.70408058166504,44.4951629638672,20.6168308258057,1.02953898906708,0,12.1443290710449,2.44152617454529,63.6348075866699,2467.84326171875,1.13308262825012,96.4009399414062,-883.23955761392,-537.48932304778,"WhiteTroatedCaracara",20
223,0,9.26215648651123,0,4.70408058166504,44.4951629638672,20.6168308258057,1.02953898906708,0,12.1443290710449,2.44152617454529,63.6348075866699,2467.84326171875,1.13308262825012,96.4009399414062,-863.23955761392,-537.48932304778,"WhiteTroatedCaracara",20
224,0,3.16475415229797,0,9.90071868896484,43.411434173584,31.7423801422119,0.290189683437347,0.0357431247830391,8.03528881072998,0.325376093387604,59.5207824707031,1551.90356445312,-0.0970109403133392,67.0310134887695,-843.23955761392,-537.48932304778,"WhiteTroatedCaracara",20
225,1,11.8350992202759,0,7.98728704452515,46.790901184082,34.4546127319336,0.112560868263245,0.00391129683703184,4.24240207672119,0.705219686031342,60.0727462768555,1935.23986816406,-0.0413523688912392,48.0533485412598,-823.23955761392,-537.48932304778,"WhiteTroatedCaracara",20
226,1,20.3882846832275,0,4.02565145492554,53.0663032531738,32.2176895141602,0.18602566421032,0.00802111253142357,4.22516775131226,0.894305288791656,60.607536315918,2654.29345703125,7.08004140853882,99.3612670898438,-803.23955761392,-537.48932304778,"WhiteTroatedCaracara",20
227,0,24.6136379241943,0,8.58115768432617,55.1791839599609,21.8544731140137,0,0.00573971820995212,9.47790622711182,0.107835367321968,68.4904632568359,1823.18627929688,0.533051490783691,46.0981483459473,-783.23955761392,-537.48932304778,"WhiteTroatedCaracara",20
228,0,18.856559753418,0,11.2019443511963,59.5536499023438,6.96054887771606,0,0,10.5564861297607,0.529161214828491,81.9557571411133,1324.78125,0.0785967111587524,15.5209999084473,-763.23955761392,-537.48932304778,"WhiteTroatedCaracara",20
229,0,4.14275026321411,0,11.9817352294922,65.4221420288086,1.3915890455246,0,0,12.4898614883423,0,86.1069030761719,1158.14892578125,-0.040313933044672,11.4633779525757,-743.23955761392,-537.48932304778,"WhiteTroatedCaracara",20
230,0,7.51428604125977,0,12.5268211364746,74.1394271850586,0.874308466911316,1.3074471950531,0,13.6160068511963,0,84.2029113769531,1052.16918945312,-0.228894904255867,12.0488681793213,-723.23955761392,-537.48932304778,"WhiteTroatedCaracara",20
231,1,2.72199010848999,0,12.8393001556396,42.8993988037109,1.3215126991272,13.5288143157959,6.31538200378418,13.5419082641602,6.99493265151978,11.2099323272705,185.668151855469,-0.105751074850559,43.6279716491699,-1123.23955761392,-557.48932304778,"WhiteTroatedCaracara",20
232,1,2.72199010848999,0,12.8393001556396,42.8993988037109,1.3215126991272,13.5288143157959,6.31538200378418,13.5419082641602,6.99493265151978,11.2099323272705,185.668151855469,-0.105751074850559,43.6279716491699,-1103.23955761392,-557.48932304778,"WhiteTroatedCaracara",20
233,1,3.08200454711914,0,13.5101699829102,48.5112648010254,3.51776647567749,26.2027263641357,2.96380543708801,7.30938673019409,30.164571762085,23.8290157318115,143.823654174805,0.229492694139481,31.1544723510742,-1083.23955761392,-557.48932304778,"WhiteTroatedCaracara",20
234,0,4.65937948226929,0,10.5905265808105,68.4272842407227,0.890435755252838,10.4480247497559,5.73388528823853,22.5527210235596,3.76930904388428,7.71566104888916,806.227844238281,2.10379576683044,98.8137359619141,-1023.23955761392,-557.48932304778,"WhiteTroatedCaracara",20
235,1,4.65937948226929,0,10.5905265808105,68.4272842407227,0.890435755252838,10.4480247497559,5.73388528823853,22.5527210235596,3.76930904388428,7.71566104888916,806.227844238281,2.10379576683044,98.8137359619141,-1003.23955761392,-557.48932304778,"WhiteTroatedCaracara",20
236,1,13.4619770050049,0,7.81476449966431,58.729320526123,5.19781732559204,14.4426536560059,6.35482311248779,22.9375305175781,15.2069997787476,22.2795505523682,1474.40673828125,0.138484925031662,165.451400756836,-983.23955761392,-557.48932304778,"WhiteTroatedCaracara",20
237,1,18.4948768615723,0,6.69946384429932,53.0972328186035,22.2207183837891,8.32244396209717,1.72538471221924,17.8401679992676,13.0243892669678,34.5559425354004,1750.38256835938,-1.66787874698639,148.069473266602,-963.23955761392,-557.48932304778,"WhiteTroatedCaracara",20
238,1,5.705641746521,0,6.25856113433838,49.1638107299805,32.8913917541504,4.88216161727905,0.0632757619023323,16.7901096343994,9.68924522399902,35.3799438476562,1915.08569335938,-4.6167426109314,145.964904785156,-943.23955761392,-557.48932304778,"WhiteTroatedCaracara",20
239,1,4.90036106109619,0,4.6769232749939,46.3069076538086,44.0129661560059,4.63958740234375,0.00527086015790701,13.1139583587646,8.49815368652344,29.58371925354,2270.814453125,0.82285213470459,139.310119628906,-923.23955761392,-557.48932304778,"WhiteTroatedCaracara",20
240,0,9.22001647949219,0,1.51551711559296,46.9797744750977,50.2983207702637,2.46323108673096,0,6.60957479476929,11.9417600631714,23.4891490936279,2872.04956054688,3.65548706054688,171.131912231445,-903.23955761392,-557.48932304778,"WhiteTroatedCaracara",20
241,0,4.24448585510254,0,5.77302169799805,43.4259338378906,29.3783721923828,2.03925538063049,0.0861548408865929,14.8490982055664,3.83985233306885,49.3881607055664,2194.09301757812,-1.97412812709808,133.799179077148,-883.23955761392,-557.48932304778,"WhiteTroatedCaracara",20
242,1,5.11197805404663,0,7.06420183181763,42.7001075744629,25.4271621704102,0.19779971241951,0.026131883263588,10.306565284729,0.554234504699707,63.3698577880859,2059.1748046875,0.721734285354614,107.285293579102,-863.23955761392,-557.48932304778,"WhiteTroatedCaracara",20
243,1,6.61161994934082,0,11.083197593689,41.18896484375,47.403865814209,0.339777112007141,0.0275753904134035,4.1938419342041,0.256087958812714,47.7085609436035,1310.04260253906,-1.30813336372375,55.7399291992188,-843.23955761392,-557.48932304778,"WhiteTroatedCaracara",20
244,0,4.06712675094604,0,8.65514659881592,45.2874488830566,32.6059608459473,0,0.0655059143900871,5.97058725357056,0.0803115516901016,61.2549438476562,1783.3115234375,0.579006612300873,53.2975044250488,-823.23955761392,-557.48932304778,"WhiteTroatedCaracara",20
245,0,5.28815793991089,0,8.97598266601562,48.3375473022461,13.8325519561768,0,0.000593637872952968,11.7704257965088,0.117342308163643,74.2876892089844,1740.93518066406,-2.15479445457458,26.4987373352051,-803.23955761392,-557.48932304778,"WhiteTroatedCaracara",20
246,0,7.91789960861206,0,11.1182413101196,51.6471900939941,24.3592414855957,0,0,6.7110652923584,0.732477843761444,68.2061309814453,1332.04675292969,-0.388773173093796,14.6230525970459,-783.23955761392,-557.48932304778,"WhiteTroatedCaracara",20
247,0,9.3346700668335,0,12.0144748687744,56.5934066772461,14.1392517089844,0,0,11.8116006851196,0.364549696445465,73.6201400756836,1139.36486816406,-0.189069285988808,6.90735292434692,-763.23955761392,-557.48932304778,"WhiteTroatedCaracara",20
248,0,2.84208345413208,0,12.5180635452271,63.0577507019043,15.4922800064087,0.251111477613449,0,10.3703756332397,0.108509488403797,73.3311920166016,1030.75549316406,-0.105921603739262,7.37723255157471,-743.23955761392,-557.48932304778,"WhiteTroatedCaracara",20
249,0,2.84208345413208,0,12.5180635452271,63.0577507019043,15.4922800064087,0.251111477613449,0,10.3703756332397,0.108509488403797,73.3311920166016,1030.75549316406,-0.105921603739262,7.37723255157471,-723.23955761392,-557.48932304778,"WhiteTroatedCaracara",20
250,1,1.73565113544464,0,12.2130069732666,47.5502624511719,0.231099337339401,1.55060410499573,2.071697473526,23.3613719940186,0.790308654308319,4.97087144851685,186.309265136719,0.147737666964531,22.4588298797607,-1143.23955761392,-577.48932304778,"WhiteTroatedCaracara",20
251,1,1.73565113544464,0,12.2130069732666,47.5502624511719,0.231099337339401,1.55060410499573,2.071697473526,23.3613719940186,0.790308654308319,4.97087144851685,186.309265136719,0.147737666964531,22.4588298797607,-1123.23955761392,-577.48932304778,"WhiteTroatedCaracara",20
252,1,1.8156373500824,0,12.4917793273926,48.2766799926758,1.85862338542938,11.9359674453735,9.62078475952148,12.1709852218628,5.88570547103882,6.50855255126953,219.961837768555,0.0685452818870544,26.6571559906006,-1103.23955761392,-577.48932304778,"WhiteTroatedCaracara",20
253,1,3.08200454711914,0,13.5101699829102,48.5112648010254,3.51776647567749,26.2027263641357,2.96380543708801,7.30938673019409,30.164571762085,23.8290157318115,143.823654174805,0.229492694139481,31.1544723510742,-1083.23955761392,-577.48932304778,"WhiteTroatedCaracara",20
254,0,8.33784103393555,0,9.61979389190674,72.410888671875,0.603010535240173,8.64975070953369,4.35895586013794,25.7337055206299,2.88143467903137,6.66323661804199,979.956176757812,-1.27743792533875,115.381134033203,-1023.23955761392,-577.48932304778,"WhiteTroatedCaracara",20
255,1,8.33784103393555,0,9.61979389190674,72.410888671875,0.603010535240173,8.64975070953369,4.35895586013794,25.7337055206299,2.88143467903137,6.66323661804199,979.956176757812,-1.27743792533875,115.381134033203,-1003.23955761392,-577.48932304778,"WhiteTroatedCaracara",20
256,1,4.70036840438843,0,8.52286529541016,66.4618988037109,5.02126693725586,15.9189071655273,5.48745346069336,26.0081577301025,9.49735546112061,16.4008502960205,1288.80163574219,-2.14038634300232,172.950729370117,-983.23955761392,-577.48932304778,"WhiteTroatedCaracara",20
257,1,8.03604412078857,0,5.97922039031982,55.5920944213867,23.1231384277344,8.03363132476807,2.33239054679871,18.8312091827393,13.5166110992432,30.8077239990234,1888.34802246094,1.83049809932709,144.988037109375,-963.23955761392,-577.48932304778,"WhiteTroatedCaracara",20
258,1,7.25113487243652,0,6.50297212600708,51.3330879211426,28.409517288208,2.75318908691406,0.592901051044464,20.0080890655518,7.21103239059448,40.4637298583984,1862,0.411496639251709,97.5481033325195,-943.23955761392,-577.48932304778,"WhiteTroatedCaracara",20
259,1,4.64903163909912,0,6.92070436477661,48.1782722473145,21.7024078369141,2.04472351074219,0.241150736808777,16.2209491729736,5.00582122802734,54.603759765625,1871.22143554688,0.632792592048645,93.2939224243164,-923.23955761392,-577.48932304778,"WhiteTroatedCaracara",20
260,1,6.77181577682495,0,2.42970395088196,46.6718101501465,41.0813865661621,2.43433356285095,0,8.474534034729,15.3418865203857,32.2778015136719,2718.68530273438,0.510666966438293,119.424896240234,-903.23955761392,-577.48932304778,"WhiteTroatedCaracara",20
261,0,10.4097080230713,0,4.581223487854,44.5988273620605,21.7236518859863,2.02714085578918,0,13.1209630966187,3.45712399482727,59.2015953063965,2400.490234375,0.449399203062057,122.52352142334,-883.23955761392,-577.48932304778,"WhiteTroatedCaracara",20
262,1,4.27561473846436,0,10.3165769577026,39.413688659668,32.3328514099121,0.25961109995842,0.00156510982196778,8.04587745666504,0.284441620111465,59.0451011657715,1431.50219726562,-2.06003475189209,73.2770538330078,-863.23955761392,-577.48932304778,"WhiteTroatedCaracara",20
263,0,9.66449069976807,0,11.4128894805908,38.7740135192871,52.6775169372559,0.0373491309583187,0,2.01158404350281,0.290687620639801,44.9922294616699,1221.05078125,-0.83999228477478,50.1452674865723,-843.23955761392,-577.48932304778,"WhiteTroatedCaracara",20
264,0,5.33725500106812,0,9.39584350585938,42.9410743713379,28.4471530914307,0.0354153849184513,0.0828449726104736,8.66978740692139,0.0892908647656441,62.6507530212402,1634.01623535156,0.579239308834076,37.6813774108887,-823.23955761392,-577.48932304778,"WhiteTroatedCaracara",20
265,0,11.8537473678589,0,9.48642349243164,46.0909271240234,17.8870429992676,0,0.0595148727297783,11.0942516326904,0.169831559062004,70.7634353637695,1626.42456054688,1.19343042373657,31.8662452697754,-803.23955761392,-577.48932304778,"WhiteTroatedCaracara",20
266,0,9.18992233276367,0,11.3358535766602,49.1357116699219,15.2030382156372,0,0,11.9353771209717,0.200583502650261,72.6695251464844,1261.29504394531,-0.204041048884392,11.1518297195435,-783.23955761392,-577.48932304778,"WhiteTroatedCaracara",20
267,0,2.87767505645752,0,12.0964078903198,54.5060768127441,17.5447311401367,0,0,9.39050483703613,1.13821697235107,71.8547210693359,1100.02380371094,-0.26850825548172,6.36996841430664,-763.23955761392,-577.48932304778,"WhiteTroatedCaracara",20
268,0,3.89349317550659,0,12.4149856567383,60.9737205505371,15.0148801803589,0,0,8.00801086425781,1.3373007774353,75.632698059082,1036.15539550781,0.167032033205032,7.14602422714233,-743.23955761392,-577.48932304778,"WhiteTroatedCaracara",20
269,1,1.19846701622009,0,12.8108530044556,51.6438980102539,5.56633758544922,13.5937404632568,0.993770718574524,5.75051879882812,3.3905930519104,15.4248428344727,33.3584518432617,0.0208693519234657,3.24858427047729,-1143.23955761392,-597.48932304778,"WhiteTroatedCaracara",20
270,1,2.56865262985229,0,12.4270820617676,53.702507019043,2.36724305152893,6.93452882766724,2.46714758872986,11.760703086853,0.789064526557922,6.27114677429199,132.640594482422,-0.353071242570877,28.1107940673828,-1123.23955761392,-597.48932304778,"WhiteTroatedCaracara",20
271,1,1.83673763275146,0,12.305118560791,55.0997772216797,2.51592588424683,15.2404413223267,12.7246580123901,11.0721015930176,6.16278505325317,5.58901023864746,229.756851196289,0.216822758316994,23.347541809082,-1103.23955761392,-597.48932304778,"WhiteTroatedCaracara",20
272,1,2.83833837509155,0,13.063497543335,62.4009399414062,2.61170625686646,28.2936630249023,8.59597110748291,10.522741317749,8.32856845855713,13.1508264541626,155.895141601562,0.479140192270279,28.4281940460205,-1083.23955761392,-597.48932304778,"WhiteTroatedCaracara",20
273,1,2.92294764518738,0,11.5439033508301,80.9844284057617,0.102046459913254,42.038200378418,6.19864130020142,11.9912242889404,5.53312158584595,14.382378578186,490.689147949219,-0.205870121717453,27.4805736541748,-1023.23955761392,-597.48932304778,"WhiteTroatedCaracara",20
274,1,4.53171825408936,0,8.73395729064941,76.9663238525391,1.44037890434265,9.56993389129639,5.23437929153442,27.4963207244873,2.97890400886536,5.66009759902954,1150.48303222656,0.649929702281952,121.181297302246,-1003.23955761392,-597.48932304778,"WhiteTroatedCaracara",20
275,1,8.10995483398438,0,5.07926464080811,64.8604583740234,21.4118003845215,8.46931648254395,4.32342052459717,20.156322479248,9.33170890808105,19.0752410888672,1953.5634765625,0.969428062438965,153.649002075195,-983.23955761392,-597.48932304778,"WhiteTroatedCaracara",20
276,1,9.37745094299316,0,6.16446352005005,60.2279853820801,17.2904186248779,10.6237525939941,4.26244354248047,20.5238075256348,15.3873701095581,24.9588603973389,1811.16662597656,1.04444313049316,146.945022583008,-963.23955761392,-597.48932304778,"WhiteTroatedCaracara",20
277,1,4.08846235275269,0,7.57921075820923,55.3629302978516,16.4616966247559,5.17394638061523,1.57757365703583,20.2267246246338,5.79522514343262,50.3707389831543,1643.84655761719,0.473744958639145,59.3848457336426,-943.23955761392,-597.48932304778,"WhiteTroatedCaracara",20
278,1,4.53941106796265,0,7.85322570800781,50.6364631652832,16.0137100219727,1.99628472328186,0.178919792175293,15.9189767837524,1.98658680915833,63.5598907470703,1687.06713867188,0.62751567363739,87.8121795654297,-923.23955761392,-597.48932304778,"WhiteTroatedCaracara",20
279,1,5.66125249862671,0,6.04002380371094,46.2650680541992,24.6170711517334,6.45728635787964,0.0493668206036091,14.8970241546631,7.21115684509277,46.5333442687988,2066.77416992188,-2.84520530700684,127.95849609375,-903.23955761392,-597.48932304778,"WhiteTroatedCaracara",20
280,0,11.6277265548706,0,4.62827348709106,45.2748413085938,20.2478427886963,2.31009531021118,0,15.758828163147,3.8770763874054,57.7448577880859,2372.78100585938,1.57023274898529,73.6438980102539,-883.23955761392,-597.48932304778,"WhiteTroatedCaracara",20
281,1,3.90768051147461,0,8.04408550262451,41.2238616943359,17.3982067108154,1.01496124267578,0,12.4469919204712,0.0357309840619564,69.0606689453125,1827.36706542969,0.983061492443085,56.561393737793,-863.23955761392,-597.48932304778,"WhiteTroatedCaracara",20
282,0,6.39043951034546,0,11.0806379318237,37.4252624511719,45.8523254394531,0.529483437538147,0.177790522575378,3.98435759544373,0.232771337032318,49.0773315429688,1286.74865722656,1.16487693786621,69.8887481689453,-843.23955761392,-597.48932304778,"WhiteTroatedCaracara",20
283,0,8.97430992126465,0,11.4639892578125,38.9835510253906,41.424446105957,0.0350852273404598,0,4.42879772186279,0.0485417097806931,53.3692321777344,1226.21533203125,-0.821714043617249,33.9029197692871,-823.23955761392,-597.48932304778,"WhiteTroatedCaracara",20
284,0,8.07219409942627,0,11.9326915740967,42.2804641723633,31.6871089935303,0.0102932890877128,0.0146661177277565,7.37915945053101,1.14059257507324,59.7687187194824,1123.37353515625,-0.307402610778809,30.9066314697266,-803.23955761392,-597.48932304778,"WhiteTroatedCaracara",20
285,0,13.3592309951782,0,11.2242183685303,47.0454139709473,22.8713874816895,0,0.0366152450442314,8.6744966506958,0.429138332605362,67.9273681640625,1259.40441894531,0.469939351081848,26.7614841461182,-783.23955761392,-597.48932304778,"WhiteTroatedCaracara",20
286,0,6.02838706970215,0,11.0214204788208,52.65283203125,18.8060111999512,0,0,10.0479774475098,0.237689673900604,70.8742294311523,1307.16540527344,1.02965784072876,28.0298118591309,-763.23955761392,-597.48932304778,"WhiteTroatedCaracara",20
287,0,3.89349317550659,0,12.4149856567383,60.9737205505371,15.0148801803589,0,0,8.00801086425781,1.3373007774353,75.632698059082,1036.15539550781,0.167032033205032,7.14602422714233,-743.23955761392,-597.48932304778,"WhiteTroatedCaracara",20
288,0,1.19846701622009,0,12.8108530044556,51.6438980102539,5.56633758544922,13.5937404632568,0.993770718574524,5.75051879882812,3.3905930519104,15.4248428344727,33.3584518432617,0.0208693519234657,3.24858427047729,-1163.23955761392,-617.48932304778,"WhiteTroatedCaracara",20
289,1,1.19846701622009,0,12.8108530044556,51.6438980102539,5.56633758544922,13.5937404632568,0.993770718574524,5.75051879882812,3.3905930519104,15.4248428344727,33.3584518432617,0.0208693519234657,3.24858427047729,-1143.23955761392,-617.48932304778,"WhiteTroatedCaracara",20
290,1,1.74602091312408,0,12.2070446014404,58.9770584106445,1.01209878921509,4.74251413345337,2.4424729347229,18.6562252044678,0.501751661300659,7.40677452087402,177.396728515625,0.67245751619339,48.5116882324219,-1123.23955761392,-617.48932304778,"WhiteTroatedCaracara",20
291,1,2.27727818489075,0,12.2526702880859,60.3460998535156,2.23571133613586,14.9361782073975,9.84854507446289,9.14727973937988,6.71784496307373,7.2910099029541,236.960739135742,0.56595915555954,25.7608604431152,-1103.23955761392,-617.48932304778,"WhiteTroatedCaracara",20
292,1,2.83833837509155,0,13.063497543335,62.4009399414062,2.61170625686646,28.2936630249023,8.59597110748291,10.522741317749,8.32856845855713,13.1508264541626,155.895141601562,0.479140192270279,28.4281940460205,-1083.23955761392,-617.48932304778,"WhiteTroatedCaracara",20
293,0,5.20376253128052,0,7.96487140655518,82.6556396484375,1.64564967155457,7.67897653579712,7.35954904556274,26.9880542755127,5.5005955696106,7.9538893699646,1297.51098632812,1.15264999866486,122.37638092041,-1023.23955761392,-617.48932304778,"WhiteTroatedCaracara",20
294,1,5.20376253128052,0,7.96487140655518,82.6556396484375,1.64564967155457,7.67897653579712,7.35954904556274,26.9880542755127,5.5005955696106,7.9538893699646,1297.51098632812,1.15264999866486,122.37638092041,-1003.23955761392,-617.48932304778,"WhiteTroatedCaracara",20
295,0,6.56318807601929,0,6.65098333358765,73.1639556884766,5.28931140899658,10.8347482681274,11.3705778121948,25.4357681274414,16.9163684844971,19.0804901123047,1632.63110351562,-2.34501910209656,156.539642333984,-983.23955761392,-617.48932304778,"WhiteTroatedCaracara",20
296,0,20.2510738372803,0,4.71558809280396,62.0879745483398,26.0426158905029,7.33743619918823,1.58077704906464,16.3361263275146,15.0642280578613,30.9591598510742,2082.71411132812,1.14411091804504,138.335876464844,-963.23955761392,-617.48932304778,"WhiteTroatedCaracara",20
297,1,13.8646936416626,0,6.41279077529907,57.5582656860352,26.6450309753418,4.90202188491821,1.47401034832001,18.5583381652832,7.91669034957886,39.9635276794434,1862.65246582031,0.247342064976692,103.503021240234,-943.23955761392,-617.48932304778,"WhiteTroatedCaracara",20
298,1,3.0000364780426,0,8.88843059539795,52.9064445495605,11.7800598144531,2.01162242889404,0.204336956143379,13.9352540969849,1.57890701293945,70.1160278320312,1490.65283203125,-1.86508440971375,91.0211639404297,-923.23955761392,-617.48932304778,"WhiteTroatedCaracara",20
299,0,4.87356567382812,0,7.88815212249756,45.6890525817871,18.732349395752,4.99622631072998,0.101398751139641,11.9209308624268,2.50727438926697,61.6173362731934,1742.06982421875,1.49202930927277,100.643447875977,-903.23955761392,-617.48932304778,"WhiteTroatedCaracara",20
300,1,3.10900092124939,0,7.09602880477905,43.3646354675293,12.8610067367554,2.12671566009521,0.24154157936573,16.6819000244141,0.800777792930603,67.1167297363281,1937.42504882812,0.000628821551799774,70.1419906616211,-883.23955761392,-617.48932304778,"WhiteTroatedCaracara",20
301,1,7.38749074935913,0,5.82043647766113,43.3579177856445,25.3007354736328,0.951750218868256,0.0198756586760283,9.0909309387207,1.10950207710266,62.4932060241699,2211.57446289062,1.79967319965363,94.6510314941406,-863.23955761392,-617.48932304778,"WhiteTroatedCaracara",20
302,0,6.39043951034546,0,11.0806379318237,37.4252624511719,45.8523254394531,0.529483437538147,0.177790522575378,3.98435759544373,0.232771337032318,49.0773315429688,1286.74865722656,1.16487693786621,69.8887481689453,-843.23955761392,-617.48932304778,"WhiteTroatedCaracara",20
303,0,4.18896627426147,0,13.3643798828125,41.2563171386719,34.879337310791,0.150401368737221,0.163751542568207,6.64150094985962,0.00519753620028496,58.1678695678711,816.49658203125,-1.16018772125244,24.2320995330811,-823.23955761392,-617.48932304778,"WhiteTroatedCaracara",20
304,1,4.18896627426147,0,13.3643798828125,41.2563171386719,34.879337310791,0.150401368737221,0.163751542568207,6.64150094985962,0.00519753620028496,58.1678695678711,816.49658203125,-1.16018772125244,24.2320995330811,-803.23955761392,-617.48932304778,"WhiteTroatedCaracara",20
305,1,4.23774576187134,0,13.0419931411743,45.9291000366211,34.6887397766113,0.138285204768181,0.0673664659261703,6.17158317565918,0.162317723035812,58.5406684875488,873.645263671875,-1.03348743915558,27.7551345825195,-783.23955761392,-617.48932304778,"WhiteTroatedCaracara",20
306,0,6.02838706970215,0,11.0214204788208,52.65283203125,18.8060111999512,0,0,10.0479774475098,0.237689673900604,70.8742294311523,1307.16540527344,1.02965784072876,28.0298118591309,-763.23955761392,-617.48932304778,"WhiteTroatedCaracara",20
307,0,2.50601720809937,0,12.645131111145,81.426643371582,0.370612978935242,9.83284664154053,8.12863636016846,23.4042892456055,1.09572219848633,5.99936628341675,95.6857147216797,0.0149280279874802,29.0759944915771,-1183.23955761392,-637.48932304778,"WhiteTroatedCaracara",20
308,1,2.50601720809937,0,12.645131111145,81.426643371582,0.370612978935242,9.83284664154053,8.12863636016846,23.4042892456055,1.09572219848633,5.99936628341675,95.6857147216797,0.0149280279874802,29.0759944915771,-1163.23955761392,-637.48932304778,"WhiteTroatedCaracara",20
309,1,3.04252505302429,0,11.9993448257446,65.5157241821289,0.449692100286484,4.61200618743896,4.65933227539062,21.4077930450439,1.66004920005798,9.85547733306885,238.342224121094,0.378303647041321,54.2495803833008,-1143.23955761392,-637.48932304778,"WhiteTroatedCaracara",20
310,1,3.04252505302429,0,11.9993448257446,65.5157241821289,0.449692100286484,4.61200618743896,4.65933227539062,21.4077930450439,1.66004920005798,9.85547733306885,238.342224121094,0.378303647041321,54.2495803833008,-1123.23955761392,-637.48932304778,"WhiteTroatedCaracara",20
311,1,2.36346340179443,0,12.621729850769,63.3624877929688,1.84091448783875,12.1701993942261,9.71800327301025,10.2893667221069,5.78002738952637,9.6167049407959,180.034820556641,0.0955269187688828,30.5822849273682,-1103.23955761392,-637.48932304778,"WhiteTroatedCaracara",20
312,1,2.36346340179443,0,12.621729850769,63.3624877929688,1.84091448783875,12.1701993942261,9.71800327301025,10.2893667221069,5.78002738952637,9.6167049407959,180.034820556641,0.0955269187688828,30.5822849273682,-1083.23955761392,-637.48932304778,"WhiteTroatedCaracara",20
313,1,7.31447076797485,0,8.04857540130615,92.2877655029297,0.600589156150818,8.96985626220703,5.86015462875366,29.1711006164551,4.29426860809326,7.34989881515503,1253.86022949219,2.19821357727051,133.83512878418,-1023.23955761392,-637.48932304778,"WhiteTroatedCaracara",20
314,1,7.31447076797485,0,8.04857540130615,92.2877655029297,0.600589156150818,8.96985626220703,5.86015462875366,29.1711006164551,4.29426860809326,7.34989881515503,1253.86022949219,2.19821357727051,133.83512878418,-1003.23955761392,-637.48932304778,"WhiteTroatedCaracara",20
315,0,5.52868556976318,0,7.00490951538086,83.1381683349609,5.70043754577637,9.78905487060547,6.22716999053955,24.4543037414551,13.3387308120728,14.7035150527954,1540.42236328125,0.00320099294185638,142.032592773438,-983.23955761392,-637.48932304778,"WhiteTroatedCaracara",20
316,0,20.4031276702881,0,5.68223810195923,69.0443115234375,14.6929149627686,8.59432697296143,3.77627491950989,18.7830619812012,12.5535297393799,36.4633941650391,1885.87976074219,-0.607532978057861,123.464340209961,-963.23955761392,-637.48932304778,"WhiteTroatedCaracara",20
317,1,23.5934658050537,0,6.39335680007935,61.6377983093262,25.04931640625,5.19385814666748,0.908621251583099,17.8088188171387,5.04805707931519,45.1765365600586,1861.56298828125,1.69472575187683,121.063552856445,-943.23955761392,-637.48932304778,"WhiteTroatedCaracara",20
318,1,7.54331493377686,0,9.77453804016113,56.0771408081055,9.38300323486328,2.3855926990509,0.765500545501709,14.6387977600098,1.22327721118927,71.2798156738281,1324.42102050781,-1.07681000232697,72.5548858642578,-923.23955761392,-637.48932304778,"WhiteTroatedCaracara",20
319,1,3.7243435382843,0,9.73765659332275,44.6176834106445,15.5137939453125,1.35461688041687,0.0548600144684315,12.9143476486206,0.845043003559113,68.8984146118164,1424.46337890625,2.17591428756714,93.4962463378906,-903.23955761392,-637.48932304778,"WhiteTroatedCaracara",20
320,1,3.03838634490967,0,10.3967895507812,37.4440765380859,13.595552444458,2.18390464782715,0.0304870959371328,11.4925165176392,0.243315503001213,71.8231811523438,1350.27416992188,-0.90531975030899,60.2529983520508,-883.23955761392,-637.48932304778,"WhiteTroatedCaracara",20
321,1,5.78856134414673,0,7.78708648681641,39.3202362060547,18.4473876953125,1.47898769378662,0,10.4871778488159,0.883683443069458,68.4178924560547,1848.873046875,0.842313408851624,74.5581130981445,-863.23955761392,-637.48932304778,"WhiteTroatedCaracara",20
322,0,7.00579023361206,0,10.5142650604248,33.5503921508789,17.1854763031006,0.00552715500816703,0.023788008838892,10.3338890075684,0.0485873408615589,72.3442077636719,1344.95654296875,2.17663598060608,43.3165664672852,-843.23955761392,-637.48932304778,"WhiteTroatedCaracara",20
323,0,15.7599754333496,0,11.8457765579224,34.5500221252441,21.2657527923584,0,0.0154671110212803,10.0391855239868,0.171451330184937,68.4981994628906,1097.76318359375,0.129858523607254,35.5916633605957,-823.23955761392,-637.48932304778,"WhiteTroatedCaracara",20
324,1,4.18896627426147,0,13.3643798828125,41.2563171386719,34.879337310791,0.150401368737221,0.163751542568207,6.64150094985962,0.00519753620028496,58.1678695678711,816.49658203125,-1.16018772125244,24.2320995330811,-803.23955761392,-637.48932304778,"WhiteTroatedCaracara",20
325,0,4.23774576187134,0,13.0419931411743,45.9291000366211,34.6887397766113,0.138285204768181,0.0673664659261703,6.17158317565918,0.162317723035812,58.5406684875488,873.645263671875,-1.03348743915558,27.7551345825195,-783.23955761392,-637.48932304778,"WhiteTroatedCaracara",20
326,0,2.50601720809937,0,12.645131111145,81.426643371582,0.370612978935242,9.83284664154053,8.12863636016846,23.4042892456055,1.09572219848633,5.99936628341675,95.6857147216797,0.0149280279874802,29.0759944915771,-1183.23955761392,-657.48932304778,"WhiteTroatedCaracara",20
327,1,2.50601720809937,0,12.645131111145,81.426643371582,0.370612978935242,9.83284664154053,8.12863636016846,23.4042892456055,1.09572219848633,5.99936628341675,95.6857147216797,0.0149280279874802,29.0759944915771,-1163.23955761392,-657.48932304778,"WhiteTroatedCaracara",20
328,1,2.81399536132812,0,12.436695098877,84.7565689086914,0.353590369224548,5.31211948394775,6.01493453979492,19.0317726135254,0.716581881046295,4.9366602897644,141.184295654297,-0.254651814699173,37.5701332092285,-1143.23955761392,-657.48932304778,"WhiteTroatedCaracara",20
329,0,4.96931791305542,0,11.1149024963379,73.1424026489258,0.00159243983216584,4.39732074737549,5.23184013366699,23.1085510253906,1.99922728538513,7.86397504806519,421.360046386719,1.77550339698792,67.1166534423828,-1123.23955761392,-657.48932304778,"WhiteTroatedCaracara",20
330,1,3.80200743675232,0,12.8491544723511,66.4727554321289,1.41724967956543,16.5315189361572,11.1529884338379,13.8738946914673,4.33771181106567,10.5119256973267,147.471313476562,0.191218852996826,27.9128170013428,-1103.23955761392,-657.48932304778,"WhiteTroatedCaracara",20
331,1,3.80200743675232,0,12.8491544723511,66.4727554321289,1.41724967956543,16.5315189361572,11.1529884338379,13.8738946914673,4.33771181106567,10.5119256973267,147.471313476562,0.191218852996826,27.9128170013428,-1083.23955761392,-657.48932304778,"WhiteTroatedCaracara",20
332,1,2.55371522903442,0,11.3293304443359,99.6509323120117,0.756441056728363,35.006721496582,7.76113176345825,16.3483867645264,3.47393393516541,18.0340061187744,474.984283447266,-0.149226367473602,25.1307811737061,-1023.23955761392,-657.48932304778,"WhiteTroatedCaracara",20
333,1,4.66333484649658,0,9.18868064880371,110.362327575684,1.77903199195862,12.0687694549561,2.94000554084778,27.0493354797363,2.70205879211426,16.4407596588135,971.340759277344,-4.42626333236694,116.786415100098,-1003.23955761392,-657.48932304778,"WhiteTroatedCaracara",20
334,1,3.5770275592804,0,6.44070625305176,91.0956802368164,10.5774250030518,5.92331075668335,2.60797929763794,18.7699337005615,10.3522386550903,14.4244318008423,1628.10705566406,1.31327712535858,153.865692138672,-983.23955761392,-657.48932304778,"WhiteTroatedCaracara",20
335,1,10.3744335174561,0,6.33243227005005,77.8133163452148,19.0944519042969,3.37704825401306,3.29322385787964,19.8357639312744,13.7948608398438,25.8656673431396,1748.38549804688,-1.97218084335327,118.918815612793,-963.23955761392,-657.48932304778,"WhiteTroatedCaracara",20
336,1,22.4981708526611,0,6.41702795028687,66.2923431396484,24.4771289825439,5.8068380355835,1.38678872585297,18.8623466491699,7.65086269378662,40.8967971801758,1822.94836425781,-1.39469528198242,106.473960876465,-943.23955761392,-657.48932304778,"WhiteTroatedCaracara",20
337,1,17.1417331695557,0,9.67791557312012,58.8777084350586,5.83794784545898,3.69805693626404,0.432289689779282,11.689582824707,0.733609318733215,77.5570526123047,1316.36401367188,-1.47515761852264,61.6718139648438,-923.23955761392,-657.48932304778,"WhiteTroatedCaracara",20
338,1,6.07045745849609,0,10.1047105789185,45.8885498046875,8.67115497589111,3.04616808891296,0.000256300059845671,12.9451494216919,1.70278906822205,73.6356048583984,1319.27819824219,-2.81413292884827,80.8671112060547,-903.23955761392,-657.48932304778,"WhiteTroatedCaracara",20
339,1,3.24111557006836,0,11.9663419723511,33.4557266235352,20.3095760345459,1.91377604007721,0.243562296032906,10.0212450027466,0.187462851405144,66.013298034668,1036.79846191406,-0.770206451416016,54.4555816650391,-883.23955761392,-657.48932304778,"WhiteTroatedCaracara",20
340,0,3.88247990608215,0,11.4109792709351,31.9941482543945,25.7988872528076,0.319259941577911,0,7.51829767227173,0.244697362184525,66.1173477172852,1168.43115234375,-0.892566680908203,60.3007011413574,-863.23955761392,-657.48932304778,"WhiteTroatedCaracara",20
341,0,7.00579023361206,0,10.5142650604248,33.5503921508789,17.1854763031006,0.00552715500816703,0.023788008838892,10.3338890075684,0.0485873408615589,72.3442077636719,1344.95654296875,2.17663598060608,43.3165664672852,-843.23955761392,-657.48932304778,"WhiteTroatedCaracara",20
342,0,15.7599754333496,0,11.8457765579224,34.5500221252441,21.2657527923584,0,0.0154671110212803,10.0391855239868,0.171451330184937,68.4981994628906,1097.76318359375,0.129858523607254,35.5916633605957,-823.23955761392,-657.48932304778,"WhiteTroatedCaracara",20
343,0,15.7599754333496,0,11.8457765579224,34.5500221252441,21.2657527923584,0,0.0154671110212803,10.0391855239868,0.171451330184937,68.4981994628906,1097.76318359375,0.129858523607254,35.5916633605957,-803.23955761392,-657.48932304778,"WhiteTroatedCaracara",20
344,1,2.36135911941528,0,12.3098049163818,100.377136230469,0.945581018924713,5.46914672851562,6.20827770233154,28.4169139862061,1.98770010471344,2.61781740188599,136.887908935547,0.362796545028687,25.6187477111816,-1183.23955761392,-677.48932304778,"WhiteTroatedCaracara",20
345,1,2.36135911941528,0,12.3098049163818,100.377136230469,0.945581018924713,5.46914672851562,6.20827770233154,28.4169139862061,1.98770010471344,2.61781740188599,136.887908935547,0.362796545028687,25.6187477111816,-1163.23955761392,-677.48932304778,"WhiteTroatedCaracara",20
346,1,2.84122538566589,0,11.4979000091553,94.2475128173828,0.398257404565811,1.73719358444214,2.88043832778931,20.6637935638428,1.09370458126068,8.87954235076904,306.855285644531,-0.951322674751282,50.6000671386719,-1143.23955761392,-677.48932304778,"WhiteTroatedCaracara",20
347,0,4.14054155349731,0,10.4006519317627,81.1083297729492,0,2.47779011726379,3.51887583732605,25.0256404876709,0.451284319162369,4.03001260757446,544.984375,-0.829004406929016,71.072135925293,-1123.23955761392,-677.48932304778,"WhiteTroatedCaracara",20
348,0,2.98119068145752,0,12.1597557067871,71.1435165405273,0.24566750228405,11.0454540252686,7.05646324157715,14.6911106109619,2.55872058868408,4.98737812042236,254.172180175781,0.1035987585783,52.6977233886719,-1103.23955761392,-677.48932304778,"WhiteTroatedCaracara",20
349,1,2.98119068145752,0,12.1597557067871,71.1435165405273,0.24566750228405,11.0454540252686,7.05646324157715,14.6911106109619,2.55872058868408,4.98737812042236,254.172180175781,0.1035987585783,52.6977233886719,-1083.23955761392,-677.48932304778,"WhiteTroatedCaracara",20
350,1,2.30091762542725,0,11.2727384567261,108.458526611328,1.02124559879303,22.8826808929443,9.0969409942627,16.9901924133301,4.70115327835083,9.59285831451416,481.09033203125,0.697337508201599,29.9041996002197,-1023.23955761392,-677.48932304778,"WhiteTroatedCaracara",20
351,1,3.43901467323303,0,8.88211250305176,124.464431762695,0.322013705968857,6.94196319580078,4.31470966339111,32.9842338562012,1.34981250762939,4.68650817871094,1040.25598144531,-1.44610130786896,132.019454956055,-1003.23955761392,-677.48932304778,"WhiteTroatedCaracara",20
352,0,6.68667411804199,0,6.21638107299805,97.6278991699219,10.2211084365845,8.701416015625,6.56421327590942,26.7874240875244,12.7147960662842,14.1357946395874,1661.1376953125,2.39044189453125,165.804580688477,-983.23955761392,-677.48932304778,"WhiteTroatedCaracara",20
353,1,4.46778345108032,0,5.81185436248779,81.8749465942383,19.7686500549316,4.92560768127441,1.82363390922546,19.7595272064209,13.4855499267578,35.3753051757812,1826.30407714844,-0.7580406665802,126.228134155273,-963.23955761392,-677.48932304778,"WhiteTroatedCaracara",20
354,1,6.59214162826538,0,7.14062118530273,73.3052825927734,22.2152519226074,2.06961798667908,0.748852252960205,20.9228534698486,4.77954912185669,47.8217163085938,1677.55603027344,-0.206960320472717,109.15406036377,-943.23955761392,-677.48932304778,"WhiteTroatedCaracara",20
355,1,8.35215187072754,0,8.11525344848633,61.3076820373535,15.6422338485718,2.83620691299438,0.841223001480103,20.3186302185059,1.01345896720886,59.0357894897461,1592.47326660156,1.66985869407654,62.9854049682617,-923.23955761392,-677.48932304778,"WhiteTroatedCaracara",20
356,1,6.16450071334839,0,8.43105220794678,49.7292175292969,8.88419628143311,3.16949796676636,0.119142264127731,14.6844501495361,2.47472906112671,70.5342483520508,1590.25830078125,1.02095568180084,82.5005035400391,-903.23955761392,-677.48932304778,"WhiteTroatedCaracara",20
357,0,8.8134183883667,0,10.4341077804565,38.3482055664062,9.18443012237549,0.866627514362335,0,12.2315015792847,0.147384062409401,77.5196075439453,1286.96398925781,0.912982881069183,74.4011917114258,-883.23955761392,-677.48932304778,"WhiteTroatedCaracara",20
358,0,4.27822875976562,0,11.8053789138794,30.9285507202148,21.8507862091064,0.115673676133156,0.0499146431684494,9.53560066223145,0.105707235634327,68.3313064575195,1066.2353515625,-0.608228743076324,44.5931205749512,-863.23955761392,-677.48932304778,"WhiteTroatedCaracara",20
359,0,4.27822875976562,0,11.8053789138794,30.9285507202148,21.8507862091064,0.115673676133156,0.0499146431684494,9.53560066223145,0.105707235634327,68.3313064575195,1066.2353515625,-0.608228743076324,44.5931205749512,-843.23955761392,-677.48932304778,"WhiteTroatedCaracara",20
360,0,15.7599754333496,0,11.8457765579224,34.5500221252441,21.2657527923584,0,0.0154671110212803,10.0391855239868,0.171451330184937,68.4981994628906,1097.76318359375,0.129858523607254,35.5916633605957,-823.23955761392,-677.48932304778,"WhiteTroatedCaracara",20
361,1,2.10234355926514,0,12.2280778884888,115.791191101074,0.248178467154503,3.67452168464661,5.14876365661621,25.405309677124,0.390241593122482,1.9871506690979,136.867660522461,0.264114141464233,27.5492839813232,-1183.23955761392,-697.48932304778,"WhiteTroatedCaracara",20
362,1,2.10234355926514,0,12.2280778884888,115.791191101074,0.248178467154503,3.67452168464661,5.14876365661621,25.405309677124,0.390241593122482,1.9871506690979,136.867660522461,0.264114141464233,27.5492839813232,-1163.23955761392,-697.48932304778,"WhiteTroatedCaracara",20
363,1,2.16483068466187,0,10.5941133499146,101.168884277344,0.242204368114471,1.33280313014984,1.86515522003174,32.5105628967285,0.492954343557358,8.48836708068848,462.305297851562,1.11083781719208,77.3266525268555,-1143.23955761392,-697.48932304778,"WhiteTroatedCaracara",20
364,1,4.1270489692688,0,8.61405467987061,86.692626953125,0.0489996075630188,2.49863886833191,4.55743169784546,32.6779479980469,0.707149744033813,1.46621322631836,879.677001953125,0.03100511059165,68.760856628418,-1123.23955761392,-697.48932304778,"WhiteTroatedCaracara",20
365,0,5.2494330406189,0,10.5836114883423,81.3928680419922,0.121287621557713,7.2892050743103,7.07340860366821,19.8307819366455,2.98967218399048,4.16713619232178,521.92724609375,-0.248937845230103,77.3675994873047,-1103.23955761392,-697.48932304778,"WhiteTroatedCaracara",20
366,1,3.06417226791382,0,12.7738151550293,66.9197235107422,0.537121593952179,37.8687133789062,5.40450477600098,12.7143936157227,0.940280258655548,4.42636585235596,152.972671508789,0.57848858833313,24.1837253570557,-1083.23955761392,-697.48932304778,"WhiteTroatedCaracara",20
367,1,3.11758327484131,0,11.7303247451782,128.816162109375,0.328369408845901,30.4680194854736,9.25376605987549,18.4927673339844,3.11148190498352,9.43051433563232,388.855133056641,-1.06549060344696,30.1425457000732,-1023.23955761392,-697.48932304778,"WhiteTroatedCaracara",20
368,1,3.71641707420349,0,9.31291198730469,139.503768920898,0.678529798984528,14.1002216339111,6.21952724456787,27.0854034423828,5.50140523910522,8.86649894714355,943.159912109375,0.326499938964844,141.396347045898,-1003.23955761392,-697.48932304778,"WhiteTroatedCaracara",20
369,1,3.21425819396973,0,8.14210987091064,129.370178222656,2.56784081459045,10.7895545959473,6.81791114807129,29.7662982940674,7.52740621566772,8.86118602752686,1247.00317382812,-0.516656577587128,158.701797485352,-983.23955761392,-697.48932304778,"WhiteTroatedCaracara",20
370,1,2.96079611778259,0,6.41921901702881,95.8374938964844,10.7322568893433,8.01000785827637,5.42121028900146,23.8435306549072,12.9688673019409,24.1126480102539,1669.880859375,-1.59096324443817,148.402572631836,-963.23955761392,-697.48932304778,"WhiteTroatedCaracara",20
371,1,4.26631355285645,0,6.29170846939087,75.7577362060547,19.1573028564453,5.39344072341919,1.92955589294434,19.2610111236572,10.3303108215332,41.063850402832,1805.60559082031,0.563459277153015,93.2487182617188,-943.23955761392,-697.48932304778,"WhiteTroatedCaracara",20
372,1,2.16710114479065,0,9.16492652893066,65.6602096557617,6.20993041992188,4.30018138885498,0.493404477834702,8.10359668731689,1.40043115615845,78.7701873779297,1362.55151367188,-2.22837972640991,41.4720687866211,-923.23955761392,-697.48932304778,"WhiteTroatedCaracara",20
373,0,11.6726627349854,0,9.20765495300293,51.4855651855469,5.41525888442993,2.51462817192078,0.0837877541780472,10.7589378356934,0.446278005838394,80.7424240112305,1426.61401367188,1.16464602947235,71.7292709350586,-903.23955761392,-697.48932304778,"WhiteTroatedCaracara",20
374,0,14.3735723495483,0,10.2120456695557,39.6065788269043,15.3553476333618,0.430938720703125,0,10.4116611480713,0.0562476180493832,73.6433792114258,1292.18005371094,-0.962972044944763,75.0283355712891,-883.23955761392,-697.48932304778,"WhiteTroatedCaracara",20
375,0,4.23175477981567,0,11.8227891921997,32.4319076538086,34.6254615783691,0.0321155600249767,0,4.62119197845459,0.925846338272095,59.7393074035645,1013.32019042969,0.284548878669739,49.4179725646973,-863.23955761392,-697.48932304778,"WhiteTroatedCaracara",20
376,0,4.27822875976562,0,11.8053789138794,30.9285507202148,21.8507862091064,0.115673676133156,0.0499146431684494,9.53560066223145,0.105707235634327,68.3313064575195,1066.2353515625,-0.608228743076324,44.5931205749512,-843.23955761392,-697.48932304778,"WhiteTroatedCaracara",20
377,0,7.42383718490601,0,11.3881959915161,32.3851470947266,3.68549203872681,0,0.000583209854084998,10.2424287796021,0,86.0925750732422,1128.32763671875,0.935039043426514,31.0481071472168,-823.23955761392,-697.48932304778,"WhiteTroatedCaracara",20
378,0,9.84617614746094,0,12.6049900054932,124.517219543457,0.724124133586884,21.7408542633057,9.05055999755859,13.8005628585815,3.23375296592712,12.7744073867798,66.080810546875,-0.143571123480797,13.5463809967041,-1183.23955761392,-717.48932304778,"WhiteTroatedCaracara",20
379,1,9.84617614746094,0,12.6049900054932,124.517219543457,0.724124133586884,21.7408542633057,9.05055999755859,13.8005628585815,3.23375296592712,12.7744073867798,66.080810546875,-0.143571123480797,13.5463809967041,-1163.23955761392,-717.48932304778,"WhiteTroatedCaracara",20
380,1,2.89030814170837,0,11.4404468536377,115.283729553223,0.248690351843834,12.7926292419434,5.44990968704224,23.2656841278076,0.940154552459717,8.1223726272583,290.505157470703,0.0740794464945793,76.5506973266602,-1143.23955761392,-717.48932304778,"WhiteTroatedCaracara",20
381,1,5.34233713150024,0,8.54345226287842,95.2129898071289,0.255516529083252,4.24586534500122,1.97248947620392,29.5005893707275,1.57848167419434,3.22523403167725,867.48828125,0.279102951288223,76.7391510009766,-1123.23955761392,-717.48932304778,"WhiteTroatedCaracara",20
382,1,4.02168226242065,0,9.80815505981445,88.4168243408203,1.11859667301178,18.2878646850586,7.50652980804443,20.4830074310303,6.71140241622925,7.44793939590454,648.352600097656,0.516287744045258,77.7051696777344,-1103.23955761392,-717.48932304778,"WhiteTroatedCaracara",20
383,1,1.95283639431,0,12.5570650100708,72.7013854980469,1.25618851184845,33.8431510925293,7.07552671432495,15.4684019088745,2.91175293922424,9.86349582672119,134.659561157227,-1.31636691093445,23.1395454406738,-1083.23955761392,-717.48932304778,"WhiteTroatedCaracara",20
384,0,4.37038087844849,0,9.07487010955811,160.908813476562,0.121300414204597,9.74282741546631,5.4994649887085,34.0031433105469,0.837898075580597,3.26133441925049,979.583862304688,-0.548281967639923,132.070388793945,-1023.23955761392,-717.48932304778,"WhiteTroatedCaracara",20
385,1,4.37038087844849,0,9.07487010955811,160.908813476562,0.121300414204597,9.74282741546631,5.4994649887085,34.0031433105469,0.837898075580597,3.26133441925049,979.583862304688,-0.548281967639923,132.070388793945,-1003.23955761392,-717.48932304778,"WhiteTroatedCaracara",20
386,1,4.54166555404663,0,6.81307935714722,127.653350830078,4.41860342025757,5.37831544876099,5.4427342414856,31.9787521362305,8.92714309692383,10.358455657959,1494.66271972656,4.05958557128906,153.374267578125,-983.23955761392,-717.48932304778,"WhiteTroatedCaracara",20
387,1,4.96199131011963,0,6.27318048477173,102.929260253906,11.8842821121216,4.20217275619507,7.12714099884033,27.300651550293,11.800407409668,21.8351211547852,1686.80700683594,0.172593325376511,128.515151977539,-963.23955761392,-717.48932304778,"WhiteTroatedCaracara",20
388,1,12.2222309112549,0,5.86494827270508,78.8104476928711,22.4159088134766,4.81257963180542,2.17435812950134,20.2252998352051,11.2268495559692,32.6330146789551,1850.41540527344,0.593594014644623,107.87483215332,-943.23955761392,-717.48932304778,"WhiteTroatedCaracara",20
389,1,8.5551929473877,0,9.21511268615723,69.3714218139648,9.00415992736816,4.54180812835693,1.36925446987152,11.8514165878296,1.12338578701019,71.578857421875,1328.08093261719,-0.137798681855202,28.3777332305908,-923.23955761392,-717.48932304778,"WhiteTroatedCaracara",20
390,1,9.50979232788086,0,9.83406066894531,53.0103225708008,2.96851658821106,3.49804902076721,0.143754526972771,10.0097169876099,0.395061284303665,82.7482223510742,1266.61328125,-0.210631549358368,54.0661239624023,-903.23955761392,-717.48932304778,"WhiteTroatedCaracara",20
391,1,17.9740695953369,0,10.0376310348511,40.2386093139648,8.52665424346924,0.480141818523407,0,11.7950248718262,0.0483535677194595,79.1588668823242,1288.2216796875,0.0246510803699493,52.8171615600586,-883.23955761392,-717.48932304778,"WhiteTroatedCaracara",20
392,1,4.80914974212646,0,11.3016128540039,32.4073944091797,26.5298557281494,0.299846768379211,0,5.27512979507446,1.32853424549103,66.5592727661133,1083.53283691406,0.0891216769814491,37.5331077575684,-863.23955761392,-717.48932304778,"WhiteTroatedCaracara",20
393,0,4.84484481811523,0,11.119026184082,31.424337387085,8.09392929077148,0,0.0040995180606842,10.194393157959,0,81.7191162109375,1144.9140625,0.687095046043396,35.1550750732422,-843.23955761392,-717.48932304778,"WhiteTroatedCaracara",20
394,0,4.84484481811523,0,11.119026184082,31.424337387085,8.09392929077148,0,0.0040995180606842,10.194393157959,0,81.7191162109375,1144.9140625,0.687095046043396,35.1550750732422,-823.23955761392,-717.48932304778,"WhiteTroatedCaracara",20
395,0,4.84484481811523,0,11.119026184082,31.424337387085,8.09392929077148,0,0.0040995180606842,10.194393157959,0,81.7191162109375,1144.9140625,0.687095046043396,35.1550750732422,-803.23955761392,-717.48932304778,"WhiteTroatedCaracara",20
396,0,9.84617614746094,0,12.6049900054932,124.517219543457,0.724124133586884,21.7408542633057,9.05055999755859,13.8005628585815,3.23375296592712,12.7744073867798,66.080810546875,-0.143571123480797,13.5463809967041,-1163.23955761392,-737.48932304778,"WhiteTroatedCaracara",20
397,1,2.7932710647583,0,12.0484914779663,123.544090270996,1.16265189647675,16.0682983398438,6.10497570037842,22.0751552581787,0.755940973758698,6.75025272369385,163.269729614258,-1.23809742927551,61.403377532959,-1143.23955761392,-737.48932304778,"WhiteTroatedCaracara",20
398,1,3.99646139144897,0,10.7809076309204,100.740005493164,0.597067654132843,17.3162841796875,4.80638456344604,18.8281936645508,3.12061095237732,5.20767593383789,385.991790771484,0.401190876960754,74.2148056030273,-1123.23955761392,-737.48932304778,"WhiteTroatedCaracara",20
399,1,2.91500449180603,0,11.9640197753906,81.1304397583008,3.14633178710938,44.0788803100586,3.15209650993347,10.4065971374512,9.77791976928711,12.4769039154053,180.956008911133,-0.526341557502747,31.7216682434082,-1103.23955761392,-737.48932304778,"WhiteTroatedCaracara",20
400,0,5.97449064254761,0,11.7668018341064,88.9616317749023,1.14304339885712,29.3452014923096,5.76247692108154,18.6722068786621,4.00770998001099,8.84055233001709,237.660430908203,0.274843394756317,38.7787322998047,-1083.23955761392,-737.48932304778,"WhiteTroatedCaracara",20
401,0,8.97004508972168,0,8.12101173400879,164.70588684082,0.490488588809967,6.54172945022583,5.1186671257019,37.7629661560059,2.55405592918396,6.27215051651001,1173.40234375,1.45704984664917,135.499389648438,-1023.23955761392,-737.48932304778,"WhiteTroatedCaracara",20
402,1,8.97004508972168,0,8.12101173400879,164.70588684082,0.490488588809967,6.54172945022583,5.1186671257019,37.7629661560059,2.55405592918396,6.27215051651001,1173.40234375,1.45704984664917,135.499389648438,-1003.23955761392,-737.48932304778,"WhiteTroatedCaracara",20
403,0,2.95463585853577,0,8.4925012588501,158.925796508789,0.951673567295074,6.89770698547363,5.48907423019409,31.4511299133301,6.46821594238281,6.46884918212891,1146.09716796875,-2.57340526580811,128.901519775391,-983.23955761392,-737.48932304778,"WhiteTroatedCaracara",20
404,0,6.82049560546875,0,7.32410144805908,119.762191772461,4.94381666183472,7.65277814865112,9.7039098739624,30.7137184143066,12.7443227767944,13.4201974868774,1454.87878417969,0.22360771894455,141.623565673828,-963.23955761392,-737.48932304778,"WhiteTroatedCaracara",20
405,0,23.2497615814209,0,5.5436577796936,82.9394454956055,17.5614204406738,6.89419460296631,4.24940538406372,20.3925704956055,16.9564380645752,28.0295715332031,1860.29650878906,0.399303376674652,138.719375610352,-943.23955761392,-737.48932304778,"WhiteTroatedCaracara",20
406,1,14.4142656326294,0,8.68826007843018,69.7076568603516,9.16590213775635,5.60502958297729,1.70933020114899,7.57098150253296,5.81962013244629,69.1619338989258,1395.58972167969,-1.89013540744781,50.8398170471191,-923.23955761392,-737.48932304778,"WhiteTroatedCaracara",20
407,1,6.21874475479126,0,9.91293430328369,53.7385406494141,6.3023738861084,3.42905402183533,0.336286813020706,10.7977237701416,0.834254801273346,77.8109283447266,1226.74230957031,0.644502520561218,55.2445793151855,-903.23955761392,-737.48932304778,"WhiteTroatedCaracara",20
408,0,16.3762760162354,0,10.5093326568604,39.1091651916504,14.3055171966553,0.266185075044632,0,9.32512855529785,0.288732647895813,75.8415756225586,1165.04479980469,-0.407525420188904,56.6342964172363,-883.23955761392,-737.48932304778,"WhiteTroatedCaracara",20
409,1,4.83173704147339,0,11.7996644973755,31.0147380828857,41.2371635437012,0.0851440504193306,0,2.72770690917969,2.44881582260132,53.5028533935547,938.3408203125,-0.13183981180191,37.1788635253906,-863.23955761392,-737.48932304778,"WhiteTroatedCaracara",20
410,0,8.72969722747803,0,11.5840997695923,30.0677890777588,7.51012086868286,0.0136333266273141,0.0201064422726631,11.7104063034058,0.108083792030811,80.6505737304688,1009.44549560547,0.431221842765808,26.4513530731201,-843.23955761392,-737.48932304778,"WhiteTroatedCaracara",20
411,0,8.72969722747803,0,11.5840997695923,30.0677890777588,7.51012086868286,0.0136333266273141,0.0201064422726631,11.7104063034058,0.108083792030811,80.6505737304688,1009.44549560547,0.431221842765808,26.4513530731201,-823.23955761392,-737.48932304778,"WhiteTroatedCaracara",20
412,0,8.72969722747803,0,11.5840997695923,30.0677890777588,7.51012086868286,0.0136333266273141,0.0201064422726631,11.7104063034058,0.108083792030811,80.6505737304688,1009.44549560547,0.431221842765808,26.4513530731201,-803.23955761392,-737.48932304778,"WhiteTroatedCaracara",20
413,1,2.9665892124176,0,12.1763477325439,117.734039306641,0.45202100276947,18.3583068847656,5.22965621948242,18.7854480743408,1.40058135986328,6.65766143798828,134.947799682617,-0.271543502807617,47.7999382019043,-1143.23955761392,-757.48932304778,"WhiteTroatedCaracara",20
414,1,2.81653332710266,0,10.4749889373779,101.855728149414,0,4.63432598114014,4.6346263885498,22.8553504943848,0.180493593215942,1.26044499874115,436.1689453125,-0.537477910518646,77.300666809082,-1123.23955761392,-757.48932304778,"WhiteTroatedCaracara",20
415,1,2.9358081817627,0,11.6708068847656,86.311149597168,2.06885266304016,25.8871726989746,7.7315034866333,14.2949295043945,8.61602878570557,12.6117601394653,225.696960449219,-0.41344478726387,37.8642997741699,-1103.23955761392,-757.48932304778,"WhiteTroatedCaracara",20
416,1,1.90196025371552,0,11.8113880157471,96.9989395141602,0.71821254491806,47.8894424438477,4.62778615951538,16.4622993469238,2.94147157669067,9.8067741394043,229.197525024414,-0.383017838001251,20.0027732849121,-1083.23955761392,-757.48932304778,"WhiteTroatedCaracara",20
417,1,2.15914630889893,0,9.32562446594238,174.604141235352,0.326779156923294,6.79785585403442,7.19142198562622,39.1178245544434,1.20327460765839,2.95106410980225,821.094909667969,-0.868441164493561,45.5240898132324,-1023.23955761392,-757.48932304778,"WhiteTroatedCaracara",20
418,1,3.53555774688721,0,7.16145801544189,156.805038452148,1.86201870441437,6.30326271057129,5.54338932037354,34.7628860473633,4.66994905471802,7.47618103027344,1351.74487304688,-1.21700954437256,126.075958251953,-1003.23955761392,-757.48932304778,"WhiteTroatedCaracara",20
419,1,3.67907929420471,0,7.05351877212524,142.258773803711,4.7814884185791,4.46724939346313,4.59508943557739,34.6738014221191,9.27019691467285,9.30289554595947,1428.61047363281,1.85461139678955,122.071739196777,-983.23955761392,-757.48932304778,"WhiteTroatedCaracara",20
420,0,4.95083332061768,0,7.84945917129517,128.887008666992,2.3154468536377,7.05136203765869,9.47028923034668,32.8803329467773,11.7086086273193,11.2607402801514,1341.50646972656,-1.70500791072845,131.479400634766,-963.23955761392,-757.48932304778,"WhiteTroatedCaracara",20
421,0,20.9233169555664,0,5.61871480941772,85.7250518798828,13.5566997528076,6.20240449905396,6.43362903594971,22.4955940246582,15.6415328979492,28.0652179718018,1819.34716796875,0.494751930236816,144.860290527344,-943.23955761392,-757.48932304778,"WhiteTroatedCaracara",20
422,1,16.2640342712402,0,7.32988548278809,67.2112655639648,14.494556427002,1.85695266723633,0.136649250984192,11.2766942977905,4.47356939315796,66.5912170410156,1617.71435546875,2.49014782905579,78.8955459594727,-923.23955761392,-757.48932304778,"WhiteTroatedCaracara",20
423,1,4.78839349746704,0,10.8214979171753,51.052906036377,7.6656641960144,2.21556520462036,0.164362907409668,13.0853881835938,0.148511737585068,76.6773986816406,1025.38818359375,-1.21882843971252,43.0771484375,-903.23955761392,-757.48932304778,"WhiteTroatedCaracara",20
424,0,15.0025367736816,0,9.80331611633301,39.0423278808594,9.19981002807617,0.255446672439575,0,11.3392734527588,0.121421277523041,79.0653991699219,1279.14270019531,0.967831909656525,54.8909225463867,-883.23955761392,-757.48932304778,"WhiteTroatedCaracara",20
425,1,5.70588827133179,0,11.569694519043,30.2511024475098,28.946683883667,0.48762845993042,0,4.06673145294189,3.93689846992493,62.5642776489258,941.623718261719,0.453728646039963,44.2007331848145,-863.23955761392,-757.48932304778,"WhiteTroatedCaracara",20
426,0,5.70588827133179,0,11.569694519043,30.2511024475098,28.946683883667,0.48762845993042,0,4.06673145294189,3.93689846992493,62.5642776489258,941.623718261719,0.453728646039963,44.2007331848145,-843.23955761392,-757.48932304778,"WhiteTroatedCaracara",20
427,0,8.72969722747803,0,11.5840997695923,30.0677890777588,7.51012086868286,0.0136333266273141,0.0201064422726631,11.7104063034058,0.108083792030811,80.6505737304688,1009.44549560547,0.431221842765808,26.4513530731201,-823.23955761392,-757.48932304778,"WhiteTroatedCaracara",20
428,1,3.00924181938171,0,11.2173480987549,107.911758422852,0.812912225723267,6.60173273086548,6.5144190788269,22.8100528717041,2.13924384117126,5.39248085021973,301.786224365234,1.42950189113617,71.0906600952148,-1183.23955761392,-777.48932304778,"WhiteTroatedCaracara",20
429,1,3.00924181938171,0,11.2173480987549,107.911758422852,0.812912225723267,6.60173273086548,6.5144190788269,22.8100528717041,2.13924384117126,5.39248085021973,301.786224365234,1.42950189113617,71.0906600952148,-1163.23955761392,-777.48932304778,"WhiteTroatedCaracara",20
430,1,3.00924181938171,0,11.2173480987549,107.911758422852,0.812912225723267,6.60173273086548,6.5144190788269,22.8100528717041,2.13924384117126,5.39248085021973,301.786224365234,1.42950189113617,71.0906600952148,-1143.23955761392,-777.48932304778,"WhiteTroatedCaracara",20
431,1,2.50471615791321,0,10.693413734436,98.6976547241211,0.0777347162365913,4.53506565093994,6.52323913574219,22.7916164398193,1.22586143016815,2.36253380775452,386.911682128906,0.847771763801575,93.0022125244141,-1123.23955761392,-777.48932304778,"WhiteTroatedCaracara",20
432,1,3.91252207756042,0,11.5834121704102,83.9100952148438,1.40069043636322,16.9311389923096,10.9804277420044,17.4289531707764,2.9063241481781,8.86105060577393,233.974136352539,-0.199438974261284,55.523365020752,-1103.23955761392,-777.48932304778,"WhiteTroatedCaracara",20
433,1,1.90196025371552,0,11.8113880157471,96.9989395141602,0.71821254491806,47.8894424438477,4.62778615951538,16.4622993469238,2.94147157669067,9.8067741394043,229.197525024414,-0.383017838001251,20.0027732849121,-1083.23955761392,-777.48932304778,"WhiteTroatedCaracara",20
434,1,2.77108883857727,0,10.2848472595215,179.78889465332,0.385445982217789,35.3047256469727,4.41753578186035,27.4332885742188,2.8992326259613,1.39150214195251,576.892150878906,-0.591232657432556,28.2102394104004,-1023.23955761392,-777.48932304778,"WhiteTroatedCaracara",20
435,1,3.7518937587738,0,8.59621524810791,179.905578613281,1.84081387519836,13.4002733230591,5.30709457397461,34.7571449279785,2.00766730308533,6.38919305801392,1033.00512695312,0.0920497626066208,82.1432266235352,-1003.23955761392,-777.48932304778,"WhiteTroatedCaracara",20
436,1,3.11792373657227,0,6.82368516921997,141.298233032227,5.16468095779419,4.6305193901062,4.35326766967773,37.3781967163086,5.34463310241699,12.4283494949341,1466.76818847656,1.89088451862335,120.229766845703,-983.23955761392,-777.48932304778,"WhiteTroatedCaracara",20
437,1,2.71455454826355,0,8.69359970092773,136.257339477539,6.26123762130737,8.44610118865967,11.0752153396606,27.6468906402588,10.8664646148682,19.9111404418945,1169.29760742188,-2.55717372894287,88.5716171264648,-963.23955761392,-777.48932304778,"WhiteTroatedCaracara",20
438,1,13.0807199478149,0,6.18063735961914,88.4863586425781,11.9981527328491,4.2882776260376,6.6830005645752,20.2330570220947,11.7240619659424,38.5427894592285,1702.25317382812,1.41455221176147,104.534515380859,-943.23955761392,-777.48932304778,"WhiteTroatedCaracara",20
439,1,13.7663602828979,0,6.95428323745728,66.6979904174805,12.640679359436,3.90813899040222,0.869458258152008,13.2109212875366,5.85410785675049,62.2040901184082,1642.92846679688,-0.718745768070221,103.673789978027,-923.23955761392,-777.48932304778,"WhiteTroatedCaracara",20
440,1,4.39688873291016,0,11.00901222229,47.8166694641113,5.78458404541016,1.99266064167023,0.0371443629264832,13.4767379760742,0.061447199434042,78.6416931152344,956.542907714844,-0.407024741172791,30.9657859802246,-903.23955761392,-777.48932304778,"WhiteTroatedCaracara",20
441,1,4.68452596664429,0,11.6515312194824,32.5581741333008,20.3391056060791,3.24802446365356,0.230837464332581,8.68576908111572,0.399700462818146,66.201042175293,858.034362792969,-0.973985373973846,35.3687744140625,-883.23955761392,-777.48932304778,"WhiteTroatedCaracara",20
442,1,5.70588827133179,0,11.569694519043,30.2511024475098,28.946683883667,0.48762845993042,0,4.06673145294189,3.93689846992493,62.5642776489258,941.623718261719,0.453728646039963,44.2007331848145,-863.23955761392,-777.48932304778,"WhiteTroatedCaracara",20
443,0,5.70588827133179,0,11.569694519043,30.2511024475098,28.946683883667,0.48762845993042,0,4.06673145294189,3.93689846992493,62.5642776489258,941.623718261719,0.453728646039963,44.2007331848145,-843.23955761392,-777.48932304778,"WhiteTroatedCaracara",20
444,1,7.65923023223877,0,10.5697050094604,111.805397033691,0.256626784801483,9.04024505615234,7.24270677566528,24.3772373199463,2.16355133056641,3.34884405136108,409.500610351562,-0.111309871077538,67.9800338745117,-1183.23955761392,-797.48932304778,"WhiteTroatedCaracara",20
445,1,7.65923023223877,0,10.5697050094604,111.805397033691,0.256626784801483,9.04024505615234,7.24270677566528,24.3772373199463,2.16355133056641,3.34884405136108,409.500610351562,-0.111309871077538,67.9800338745117,-1163.23955761392,-797.48932304778,"WhiteTroatedCaracara",20
446,1,7.65923023223877,0,10.5697050094604,111.805397033691,0.256626784801483,9.04024505615234,7.24270677566528,24.3772373199463,2.16355133056641,3.34884405136108,409.500610351562,-0.111309871077538,67.9800338745117,-1143.23955761392,-797.48932304778,"WhiteTroatedCaracara",20
447,1,4.82466888427734,0,9.67186164855957,110.315765380859,0,2.4935929775238,4.38948202133179,35.439510345459,0.754288136959076,1.97394144535065,575.099548339844,-0.149573564529419,56.1806678771973,-1123.23955761392,-797.48932304778,"WhiteTroatedCaracara",20
448,1,3.3244411945343,0,11.6137275695801,90.4683837890625,1.52896285057068,19.755464553833,10.4335403442383,22.8607540130615,1.83444261550903,9.58035278320312,213.554611206055,0.382549971342087,43.6573143005371,-1103.23955761392,-797.48932304778,"WhiteTroatedCaracara",20
449,0,3.3244411945343,0,11.6137275695801,90.4683837890625,1.52896285057068,19.755464553833,10.4335403442383,22.8607540130615,1.83444261550903,9.58035278320312,213.554611206055,0.382549971342087,43.6573143005371,-1083.23955761392,-797.48932304778,"WhiteTroatedCaracara",20
450,0,5.31256866455078,0,9.77393245697021,185.35920715332,0.0157134663313627,21.766996383667,6.06159687042236,33.7740287780762,2.0960795879364,0.779342710971832,663.03759765625,-0.272725224494934,44.3785133361816,-1043.23955761392,-797.48932304778,"WhiteTroatedCaracara",20
451,1,5.31256866455078,0,9.77393245697021,185.35920715332,0.0157134663313627,21.766996383667,6.06159687042236,33.7740287780762,2.0960795879364,0.779342710971832,663.03759765625,-0.272725224494934,44.3785133361816,-1023.23955761392,-797.48932304778,"WhiteTroatedCaracara",20
452,1,4.6184344291687,0,7.74072217941284,169.027191162109,3.65540766716003,7.75723791122437,4.5557017326355,31.2362117767334,3.03888463973999,8.22941970825195,1181.82238769531,-0.748017072677612,104.271537780762,-1003.23955761392,-797.48932304778,"WhiteTroatedCaracara",20
453,1,4.42999792098999,0,6.82816886901855,142.101287841797,3.38009595870972,3.14246726036072,5.37153959274292,34.815673828125,4.96229028701782,12.472806930542,1414.37365722656,-1.81326103210449,127.246711730957,-983.23955761392,-797.48932304778,"WhiteTroatedCaracara",20
454,1,4.19844579696655,0,7.51205921173096,120.214736938477,7.6800537109375,3.31695246696472,8.01917362213135,28.4177589416504,8.15977954864502,21.6740531921387,1354.48364257812,-1.84389185905457,84.5635375976562,-963.23955761392,-797.48932304778,"WhiteTroatedCaracara",20
455,1,3.09190440177917,0,8.01694679260254,94.088493347168,12.463267326355,2.52088642120361,7.54611873626709,19.6050872802734,7.15786552429199,46.2111053466797,1334.787109375,-1.63275718688965,63.3428840637207,-943.23955761392,-797.48932304778,"WhiteTroatedCaracara",20
456,1,3.91991710662842,0,6.03876447677612,66.1117324829102,16.4059772491455,1.72142541408539,2.24146366119385,15.3199148178101,9.85426235198975,53.1535797119141,1754.32214355469,1.13980829715729,90.8658218383789,-923.23955761392,-797.48932304778,"WhiteTroatedCaracara",20
457,1,10.6819858551025,0,8.81196880340576,47.6582717895508,4.17092084884644,1.56631445884705,0.0558316186070442,8.87314319610596,0.959644377231598,84.0711822509766,1334.654296875,-1.14145612716675,55.3729248046875,-903.23955761392,-797.48932304778,"WhiteTroatedCaracara",20
458,1,5.05788564682007,0,10.3626270294189,34.0557823181152,15.6788511276245,0.0922472923994064,0,11.1774196624756,0,73.0896682739258,1083.08837890625,0.308080345392227,27.4228782653809,-883.23955761392,-797.48932304778,"WhiteTroatedCaracara",20
459,1,6.02533960342407,0,10.8750896453857,28.3358840942383,11.7678413391113,1.40277314186096,0.0228375345468521,9.99619007110596,0.221992716193199,76.3121109008789,1004.20880126953,0.218548238277435,35.2326545715332,-863.23955761392,-797.48932304778,"WhiteTroatedCaracara",20
460,0,6.02533960342407,0,10.8750896453857,28.3358840942383,11.7678413391113,1.40277314186096,0.0228375345468521,9.99619007110596,0.221992716193199,76.3121109008789,1004.20880126953,0.218548238277435,35.2326545715332,-843.23955761392,-797.48932304778,"WhiteTroatedCaracara",20
461,1,2.29557251930237,0,12.4120187759399,109.306541442871,0.961930394172668,20.2819709777832,10.4279251098633,19.1055965423584,2.859614610672,7.64698505401611,75.8066024780273,-0.600947082042694,21.9690551757812,-1143.23955761392,-817.48932304778,"WhiteTroatedCaracara",20
462,1,3.08955216407776,0,11.9867076873779,98.6969985961914,0.625432848930359,27.3840637207031,15.4203767776489,16.5424404144287,1.12453758716583,5.75104236602783,155.916549682617,0.0375048294663429,38.4086799621582,-1123.23955761392,-817.48932304778,"WhiteTroatedCaracara",20
463,0,3.3244411945343,0,11.6137275695801,90.4683837890625,1.52896285057068,19.755464553833,10.4335403442383,22.8607540130615,1.83444261550903,9.58035278320312,213.554611206055,0.382549971342087,43.6573143005371,-1103.23955761392,-817.48932304778,"WhiteTroatedCaracara",20
464,0,6.39142751693726,0,9.41708946228027,192.819610595703,0.0443403571844101,12.7713451385498,3.77199912071228,39.2197074890137,0.982598304748535,1.23612952232361,719.867309570312,1.698002576828,70.3925247192383,-1043.23955761392,-817.48932304778,"WhiteTroatedCaracara",20
465,1,6.39142751693726,0,9.41708946228027,192.819610595703,0.0443403571844101,12.7713451385498,3.77199912071228,39.2197074890137,0.982598304748535,1.23612952232361,719.867309570312,1.698002576828,70.3925247192383,-1023.23955761392,-817.48932304778,"WhiteTroatedCaracara",20
466,1,4.3766770362854,0,8.00110054016113,169.865219116211,2.77808308601379,5.74490451812744,3.14176034927368,32.00390625,2.34731864929199,8.15776062011719,1104.3173828125,0.107047908008099,85.8831024169922,-1003.23955761392,-817.48932304778,"WhiteTroatedCaracara",20
467,1,2.23019242286682,0,7.78376388549805,146.122024536133,2.32122921943665,6.9617977142334,3.6115288734436,35.6004486083984,2.57922339439392,11.0072965621948,1201.65124511719,0.709264874458313,156.029235839844,-983.23955761392,-817.48932304778,"WhiteTroatedCaracara",20
468,1,2.68729829788208,0,6.96313714981079,108.996566772461,4.83464479446411,1.17435264587402,5.78693771362305,31.3583526611328,5.70768070220947,14.1928606033325,1422.462890625,1.61333131790161,97.4451751708984,-963.23955761392,-817.48932304778,"WhiteTroatedCaracara",20
469,1,2.26748514175415,0,7.16368055343628,83.666748046875,20.1927471160889,0.835288465023041,1.97043359279633,19.5612697601318,9.83280372619629,40.5495948791504,1456.20837402344,0.737290024757385,51.6164360046387,-943.23955761392,-817.48932304778,"WhiteTroatedCaracara",20
470,1,5.14166784286499,0,6.04411697387695,63.7455978393555,26.0715637207031,0.857243597507477,0.343964129686356,19.5310020446777,4.27965450286865,48.4097633361816,1720.41967773438,-1.3659952878952,69.9311447143555,-923.23955761392,-817.48932304778,"WhiteTroatedCaracara",20
471,1,5.30816793441772,0,6.02760934829712,50.3724021911621,20.8395442962646,1.51415181159973,0.0219230558723211,17.2511463165283,3.96334791183472,55.0421104431152,1791.89038085938,0.68793123960495,70.8509826660156,-903.23955761392,-817.48932304778,"WhiteTroatedCaracara",20
472,1,5.60192060470581,0,9.32548236846924,35.1260528564453,10.8312206268311,0.972847700119019,0.00415922841057181,10.2111225128174,0.306774318218231,77.6133270263672,1239.4716796875,0.63281124830246,37.0053749084473,-883.23955761392,-817.48932304778,"WhiteTroatedCaracara",20
473,1,4.08501195907593,0,10.5215702056885,28.29612159729,19.6462821960449,1.32003366947174,0.0698664113879204,9.51629829406738,0.0915002971887589,66.0955123901367,1036.30883789062,-0.463210254907608,18.8547420501709,-863.23955761392,-817.48932304778,"WhiteTroatedCaracara",20
474,1,2.29557251930237,0,12.4120187759399,109.306541442871,0.961930394172668,20.2819709777832,10.4279251098633,19.1055965423584,2.859614610672,7.64698505401611,75.8066024780273,-0.600947082042694,21.9690551757812,-1143.23955761392,-837.48932304778,"WhiteTroatedCaracara",20
475,1,4.83570575714111,0,12.2419738769531,118.683990478516,0.209485441446304,25.7068042755127,9.83966064453125,17.109525680542,1.62883484363556,4.24594497680664,97.8872604370117,0.401972621679306,23.8886775970459,-1123.23955761392,-837.48932304778,"WhiteTroatedCaracara",20
476,0,4.83570575714111,0,12.2419738769531,118.683990478516,0.209485441446304,25.7068042755127,9.83966064453125,17.109525680542,1.62883484363556,4.24594497680664,97.8872604370117,0.401972621679306,23.8886775970459,-1103.23955761392,-837.48932304778,"WhiteTroatedCaracara",20
477,0,3.36209416389465,0,10.3017492294312,223.197479248047,0.530810952186584,35.2411613464355,3.25951981544495,21.48850440979,1.71758496761322,1.73315751552582,498.912689208984,-0.60345184803009,57.3419380187988,-1043.23955761392,-837.48932304778,"WhiteTroatedCaracara",20
478,1,3.36209416389465,0,10.3017492294312,223.197479248047,0.530810952186584,35.2411613464355,3.25951981544495,21.48850440979,1.71758496761322,1.73315751552582,498.912689208984,-0.60345184803009,57.3419380187988,-1023.23955761392,-837.48932304778,"WhiteTroatedCaracara",20
479,1,4.50399875640869,0,8.49488735198975,176.560134887695,0.294549345970154,11.6638584136963,4.09795236587524,37.9818725585938,1.13745653629303,4.96570777893066,956.552673339844,2.55461359024048,117.081809997559,-1003.23955761392,-837.48932304778,"WhiteTroatedCaracara",20
480,1,6.6820650100708,0,6.4657096862793,132.228851318359,7.19062662124634,4.81291532516479,4.90005826950073,32.9496231079102,5.73549747467041,12.0995960235596,1423.66845703125,1.52717339992523,131.688995361328,-983.23955761392,-837.48932304778,"WhiteTroatedCaracara",20
481,1,4.52913904190063,0,6.22605991363525,100.61710357666,2.95604228973389,4.27722406387329,6.85018682479858,32.467342376709,10.9756021499634,14.0722036361694,1526.57958984375,-0.350202143192291,118.755561828613,-963.23955761392,-837.48932304778,"WhiteTroatedCaracara",20
482,1,5.17472410202026,0,7.2931752204895,75.7922592163086,11.9587993621826,1.55826342105865,6.72334337234497,20.2871608734131,9.89987373352051,33.6448936462402,1393.93957519531,2.13641452789307,59.6255111694336,-943.23955761392,-837.48932304778,"WhiteTroatedCaracara",20
483,1,4.17729091644287,0,7.42613554000854,57.9707489013672,17.9895477294922,3.9817967414856,1.76732647418976,19.7122993469238,6.91443157196045,48.9084091186523,1442.02478027344,-0.456740766763687,68.5335388183594,-923.23955761392,-837.48932304778,"WhiteTroatedCaracara",20
484,1,11.7983560562134,0,5.11343431472778,50.6317291259766,21.9136848449707,2.70922875404358,0.470704764127731,13.0528593063354,14.9275579452515,46.1558876037598,1904.75024414062,1.99259150028229,115.188507080078,-903.23955761392,-837.48932304778,"WhiteTroatedCaracara",20
485,1,6.4011926651001,0,8.30845928192139,36.0585517883301,19.000431060791,0.452258080244064,0.0256032273173332,11.2360143661499,0.944975852966309,65.061164855957,1398.705078125,-0.417095482349396,36.7427825927734,-883.23955761392,-837.48932304778,"WhiteTroatedCaracara",20
486,1,4.28273868560791,0,9.70633506774902,29.2157592773438,33.306812286377,0.923015296459198,0.00628133816644549,7.05313587188721,0.0834101736545563,58.3511619567871,1159.40344238281,0.367132574319839,23.8574638366699,-863.23955761392,-837.48932304778,"WhiteTroatedCaracara",20
487,0,6.23251962661743,0,10.9224729537964,27.5402507781982,30.1351127624512,0.118074156343937,0.00459550973027945,6.63360500335693,0.120780862867832,63.0094413757324,907.898498535156,0.412293434143066,34.9743385314941,-843.23955761392,-837.48932304778,"WhiteTroatedCaracara",20
488,0,3.55004572868347,0,12.4006681442261,147.863693237305,1.468674659729,36.0087089538574,5.85932540893555,16.5961494445801,3.91640400886536,4.45790576934814,35.1712608337402,-0.35644918680191,11.4414596557617,-1143.23955761392,-857.48932304778,"WhiteTroatedCaracara",20
489,1,3.55004572868347,0,12.4006681442261,147.863693237305,1.468674659729,36.0087089538574,5.85932540893555,16.5961494445801,3.91640400886536,4.45790576934814,35.1712608337402,-0.35644918680191,11.4414596557617,-1123.23955761392,-857.48932304778,"WhiteTroatedCaracara",20
490,1,2.84623718261719,0,11.8815679550171,149.496200561523,0.26717734336853,31.4800281524658,7.87895107269287,23.0973453521729,0.318100303411484,1.91922700405121,107.584030151367,-0.532459497451782,33.234748840332,-1103.23955761392,-857.48932304778,"WhiteTroatedCaracara",20
491,0,2.84623718261719,0,11.8815679550171,149.496200561523,0.26717734336853,31.4800281524658,7.87895107269287,23.0973453521729,0.318100303411484,1.91922700405121,107.584030151367,-0.532459497451782,33.234748840332,-1083.23955761392,-857.48932304778,"WhiteTroatedCaracara",20
492,0,3.71270561218262,0,9.83431720733643,231.388153076172,0.124840542674065,12.5950832366943,3.17983365058899,34.0104522705078,1.22778964042664,2.20734143257141,572.408874511719,1.49172055721283,79.5554046630859,-1043.23955761392,-857.48932304778,"WhiteTroatedCaracara",20
493,1,3.71270561218262,0,9.83431720733643,231.388153076172,0.124840542674065,12.5950832366943,3.17983365058899,34.0104522705078,1.22778964042664,2.20734143257141,572.408874511719,1.49172055721283,79.5554046630859,-1023.23955761392,-857.48932304778,"WhiteTroatedCaracara",20
494,1,2.65736961364746,0,9.11681938171387,192.714996337891,0.134534388780594,4.19568634033203,1.64931809902191,39.0018882751465,0.762222707271576,5.34068918228149,793.840148925781,-1.84580290317535,129.605224609375,-1003.23955761392,-857.48932304778,"WhiteTroatedCaracara",20
495,1,12.4396781921387,0,7.33879518508911,135.469512939453,1.19011223316193,5.49547004699707,4.61488676071167,41.0775756835938,2.67271780967712,7.67620229721069,1223.10424804688,-1.78604865074158,152.726760864258,-983.23955761392,-857.48932304778,"WhiteTroatedCaracara",20
496,1,7.42782115936279,0,6.41256666183472,99.2118225097656,2.19295954704285,4.1650824546814,4.16982889175415,36.405101776123,7.15547180175781,12.345874786377,1455.65161132812,2.73496127128601,142.598403930664,-963.23955761392,-857.48932304778,"WhiteTroatedCaracara",20
497,1,5.03247165679932,0,7.03939056396484,71.3251113891602,8.57771110534668,3.75265073776245,8.02418613433838,24.4364433288574,11.8450565338135,28.8615646362305,1409.07141113281,-1.88185620307922,99.5514984130859,-943.23955761392,-857.48932304778,"WhiteTroatedCaracara",20
498,1,4.68378305435181,0,8.07248306274414,52.9154243469238,15.3912353515625,2.70564699172974,3.34550142288208,17.8385925292969,5.6944522857666,53.0440864562988,1282.66564941406,-1.90646708011627,70.3106002807617,-923.23955761392,-857.48932304778,"WhiteTroatedCaracara",20
499,0,8.05800819396973,0,6.04861736297607,47.1537933349609,15.4109678268433,4.44646883010864,0.563232719898224,20.0728244781494,8.2212495803833,48.7510261535645,1717.10620117188,2.17768883705139,111.242897033691,-903.23955761392,-857.48932304778,"WhiteTroatedCaracara",20
500,1,7.26180934906006,0,8.40453910827637,35.5096778869629,10.133152961731,1.17068958282471,0,13.4303426742554,0.530087172985077,74.6846542358398,1348.57153320312,-1.13886308670044,56.9794425964355,-883.23955761392,-857.48932304778,"WhiteTroatedCaracara",20
501,1,7.98335218429565,0,10.0479869842529,30.1603584289551,37.7858772277832,0.37445804476738,0.046115156263113,4.49455308914185,0.171035155653954,56.7392272949219,1053.0390625,0.0153118846938014,43.6014709472656,-863.23955761392,-857.48932304778,"WhiteTroatedCaracara",20
502,1,6.23251962661743,0,10.9224729537964,27.5402507781982,30.1351127624512,0.118074156343937,0.00459550973027945,6.63360500335693,0.120780862867832,63.0094413757324,907.898498535156,0.412293434143066,34.9743385314941,-843.23955761392,-857.48932304778,"WhiteTroatedCaracara",20
503,0,6.09506702423096,0,12.3509359359741,27.6604785919189,22.1048851013184,0.613143563270569,0.00996507052332163,10.8839015960693,0.0339280962944031,66.3375396728516,601.527770996094,-0.195465192198753,9.75045585632324,-823.23955761392,-857.48932304778,"WhiteTroatedCaracara",20
504,1,3.55004572868347,0,12.4006681442261,147.863693237305,1.468674659729,36.0087089538574,5.85932540893555,16.5961494445801,3.91640400886536,4.45790576934814,35.1712608337402,-0.35644918680191,11.4414596557617,-1123.23955761392,-877.48932304778,"WhiteTroatedCaracara",20
505,1,5.88480377197266,0,11.0211553573608,175.284896850586,0.0866004601120949,7.27175998687744,6.95482206344604,36.1647338867188,0.0412437878549099,3.19416284561157,241.51579284668,0.952930450439453,78.8898696899414,-1103.23955761392,-877.48932304778,"WhiteTroatedCaracara",20
506,0,3.75339841842651,0,10.9716930389404,184.639846801758,0.0514490269124508,5.9709906578064,9.06453227996826,32.5956726074219,0.345455527305603,0.833912014961243,233.128646850586,-0.728585839271545,61.9898414611816,-1083.23955761392,-877.48932304778,"WhiteTroatedCaracara",20
507,1,3.75339841842651,0,10.9716930389404,184.639846801758,0.0514490269124508,5.9709906578064,9.06453227996826,32.5956726074219,0.345455527305603,0.833912014961243,233.128646850586,-0.728585839271545,61.9898414611816,-1063.23955761392,-877.48932304778,"WhiteTroatedCaracara",20
508,1,3.72645545005798,0,10.6538715362549,247.69645690918,0.375198394060135,17.4293327331543,2.49353647232056,13.903263092041,2.16714358329773,2.32468724250793,382.746398925781,-2.25114870071411,35.1461029052734,-1043.23955761392,-877.48932304778,"WhiteTroatedCaracara",20
509,1,3.72645545005798,0,10.6538715362549,247.69645690918,0.375198394060135,17.4293327331543,2.49353647232056,13.903263092041,2.16714358329773,2.32468724250793,382.746398925781,-2.25114870071411,35.1461029052734,-1023.23955761392,-877.48932304778,"WhiteTroatedCaracara",20
510,1,3.70539903640747,0,9.55363845825195,204.771911621094,0.727641224861145,11.4259338378906,5.70641994476318,31.6194629669189,1.86260914802551,5.0868501663208,665.259460449219,-2.28501200675964,98.9327163696289,-1003.23955761392,-877.48932304778,"WhiteTroatedCaracara",20
511,1,4.80456352233887,0,8.80114936828613,156.144729614258,0.967677474021912,6.41384220123291,5.16614627838135,40.3026390075684,2.04217219352722,5.41317510604858,882.5732421875,-1.60689747333527,135.289855957031,-983.23955761392,-877.48932304778,"WhiteTroatedCaracara",20
512,1,4.66905498504639,1,7.12996625900269,103.505241394043,1.242546916008,3.70389628410339,2.06398391723633,40.6400108337402,3.80895900726318,10.0507307052612,1271.29077148438,-1.41230285167694,137.216262817383,-963.23955761392,-877.48932304778,"WhiteTroatedCaracara",20
513,1,5.03864765167236,0,6.83577060699463,72.7800140380859,6.66115236282349,3.39498448371887,9.48203277587891,27.706298828125,13.1960706710815,19.4325504302979,1399.36022949219,-0.171683102846146,97.9840316772461,-943.23955761392,-877.48932304778,"WhiteTroatedCaracara",20
514,1,3.26561832427979,0,7.89816570281982,53.9000015258789,12.7178583145142,3.39490294456482,3.76730227470398,16.435905456543,7.71171712875366,50.9446220397949,1273.76989746094,0.010920275002718,70.7562942504883,-923.23955761392,-877.48932304778,"WhiteTroatedCaracara",20
515,1,4.78366184234619,0,7.8673620223999,42.9663925170898,12.6258535385132,3.20644402503967,0.563051581382751,15.4571390151978,5.22750186920166,62.519847869873,1346.22387695312,-0.835229158401489,73.7791290283203,-903.23955761392,-877.48932304778,"WhiteTroatedCaracara",20
516,0,13.0721416473389,0,8.6389102935791,35.3780708312988,5.15149211883545,0.836552679538727,0,13.7745513916016,0.195665404200554,79.9676971435547,1266.75769042969,-0.151758059859276,56.9963493347168,-883.23955761392,-877.48932304778,"WhiteTroatedCaracara",20
517,1,4.51749515533447,0,10.3309574127197,31.5146942138672,25.5360660552979,0.0868210420012474,0.0690363198518753,7.79491710662842,0.283013880252838,66.1940612792969,957.772644042969,-0.0674807131290436,29.4444980621338,-863.23955761392,-877.48932304778,"WhiteTroatedCaracara",20
518,0,6.98377418518066,0,11.7113437652588,29.2572078704834,18.5047836303711,0.231529921293259,0.00655440939590335,10.8173694610596,0.224643647670746,70.0922164916992,712.222534179688,-0.151455774903297,10.2210540771484,-843.23955761392,-877.48932304778,"WhiteTroatedCaracara",20
519,1,6.09506702423096,0,12.3509359359741,27.6604785919189,22.1048851013184,0.613143563270569,0.00996507052332163,10.8839015960693,0.0339280962944031,66.3375396728516,601.527770996094,-0.195465192198753,9.75045585632324,-823.23955761392,-877.48932304778,"WhiteTroatedCaracara",20
520,1,3.51430559158325,0,10.8915643692017,186.969635009766,0.0548176392912865,4.16649103164673,6.95363569259644,39.247486114502,0.400304317474365,1.67017507553101,222.434677124023,0.285095930099487,73.157958984375,-1123.23955761392,-897.48932304778,"WhiteTroatedCaracara",20
521,1,3.51430559158325,0,10.8915643692017,186.969635009766,0.0548176392912865,4.16649103164673,6.95363569259644,39.247486114502,0.400304317474365,1.67017507553101,222.434677124023,0.285095930099487,73.157958984375,-1103.23955761392,-897.48932304778,"WhiteTroatedCaracara",20
522,1,3.54751443862915,0,11.0495824813843,194.706344604492,0.118141703307629,13.0825815200806,9.33476638793945,28.4100780487061,1.02394139766693,1.06826770305634,193.020690917969,-0.362473219633102,49.4310111999512,-1083.23955761392,-897.48932304778,"WhiteTroatedCaracara",20
523,1,2.98965859413147,0,10.6861228942871,214.913665771484,0.292996376752853,18.0273475646973,5.42523574829102,30.9962882995605,1.02968037128448,2.49060440063477,275.700836181641,-0.165947690606117,59.2235641479492,-1063.23955761392,-897.48932304778,"WhiteTroatedCaracara",20
524,1,2.90290641784668,0,10.3099889755249,239.023223876953,0.317659676074982,20.5801486968994,6.56324481964111,24.9445018768311,2.32286214828491,1.48287582397461,374.115509033203,0.492673933506012,49.599983215332,-1043.23955761392,-897.48932304778,"WhiteTroatedCaracara",20
525,1,3.39119911193848,0,9.62618350982666,231.120666503906,0.614814579486847,7.65917348861694,4.84331274032593,28.7487907409668,3.54844808578491,4.35167837142944,578.833923339844,-0.924684643745422,67.160888671875,-1023.23955761392,-897.48932304778,"WhiteTroatedCaracara",20
526,1,5.37056922912598,0,6.61997270584106,160.024963378906,4.69769191741943,3.0163209438324,2.69428133964539,37.6193656921387,2.47307085990906,9.77043342590332,1286.92944335938,2.79820370674133,109.493469238281,-1003.23955761392,-897.48932304778,"WhiteTroatedCaracara",20
527,1,5.46067905426025,0,6.67027139663696,134.576950073242,5.56229400634766,6.16875123977661,3.99789643287659,35.8270950317383,3.65448307991028,9.53730869293213,1288.10180664062,0.7768315076828,134.268447875977,-983.23955761392,-897.48932304778,"WhiteTroatedCaracara",20
528,1,7.52571964263916,0,7.00004625320435,102.739669799805,0.986763536930084,3.13128209114075,4.65724277496338,37.1967163085938,4.97280359268188,8.5416202545166,1273.13134765625,-0.969750285148621,105.83935546875,-963.23955761392,-897.48932304778,"WhiteTroatedCaracara",20
529,1,10.5490026473999,0,6.58358144760132,72.9803009033203,4.51261472702026,2.4074342250824,7.06130790710449,30.2446155548096,10.3729162216187,20.5853061676025,1433.60278320312,2.00695109367371,79.0697402954102,-943.23955761392,-897.48932304778,"WhiteTroatedCaracara",20
530,1,4.95769500732422,0,7.58090257644653,57.7919960021973,14.1588859558105,3.22220683097839,3.19758915901184,17.7227535247803,7.41127443313599,52.5972595214844,1321.79833984375,1.89054930210114,90.3013534545898,-923.23955761392,-897.48932304778,"WhiteTroatedCaracara",20
531,1,14.0551300048828,0,8.55404853820801,44.5059623718262,15.3332433700562,1.63328349590302,0.512944936752319,15.3508787155151,2.08378577232361,64.3666687011719,1190.99975585938,-0.436763286590576,41.7314033508301,-903.23955761392,-897.48932304778,"WhiteTroatedCaracara",20
532,1,7.94935035705566,0,9.19275665283203,36.8934936523438,3.71202921867371,0.380112528800964,0,14.9456958770752,0.0766713917255402,80.9086837768555,1112.83178710938,0.0857931971549988,38.7705993652344,-883.23955761392,-897.48932304778,"WhiteTroatedCaracara",20
533,0,7.42439889907837,0,10.3499946594238,33.2954330444336,5.08654642105103,0.205589070916176,0.00486233597621322,13.2808294296265,0,81.3970336914062,924.027038574219,0.168219566345215,27.5383052825928,-863.23955761392,-897.48932304778,"WhiteTroatedCaracara",20
534,0,4.12833833694458,0,11.4764385223389,31.0588455200195,7.87259817123413,0,0,14.4513826370239,0,77.7019958496094,727.540893554688,-0.254228204488754,12.9087553024292,-843.23955761392,-897.48932304778,"WhiteTroatedCaracara",20
535,0,6.09506702423096,0,12.3509359359741,27.6604785919189,22.1048851013184,0.613143563270569,0.00996507052332163,10.8839015960693,0.0339280962944031,66.3375396728516,601.527770996094,-0.195465192198753,9.75045585632324,-823.23955761392,-897.48932304778,"WhiteTroatedCaracara",20
536,1,3.65602421760559,0,11.5964822769165,182.194793701172,0.0334483422338963,28.0623512268066,5.01377964019775,24.6721343994141,2.09669256210327,1.75423729419708,52.0938606262207,-1.15069389343262,15.2023649215698,-1123.23955761392,-917.48932304778,"WhiteTroatedCaracara",20
537,1,3.65602421760559,0,11.5964822769165,182.194793701172,0.0334483422338963,28.0623512268066,5.01377964019775,24.6721343994141,2.09669256210327,1.75423729419708,52.0938606262207,-1.15069389343262,15.2023649215698,-1103.23955761392,-917.48932304778,"WhiteTroatedCaracara",20
538,1,2.95230865478516,0,10.9892406463623,199.030502319336,0.0584026053547859,10.0646667480469,7.90629100799561,30.7535305023193,0.732739806175232,2.40845346450806,176.877548217773,0.894924819469452,43.0228576660156,-1083.23955761392,-917.48932304778,"WhiteTroatedCaracara",20
539,1,4.46376657485962,0,10.207615852356,222.470718383789,0.0659399330615997,15.9513816833496,3.81495690345764,34.591178894043,2.91293144226074,2.95720529556274,341.859710693359,0.270190566778183,65.2875366210938,-1063.23955761392,-917.48932304778,"WhiteTroatedCaracara",20
540,1,2.83416080474854,0,10.8363933563232,238.490844726562,0.111898742616177,36.910327911377,3.18943428993225,15.2221384048462,4.30475854873657,0.479722589254379,245.014053344727,-1.51439535617828,29.107666015625,-1043.23955761392,-917.48932304778,"WhiteTroatedCaracara",20
541,1,6.88765382766724,0,8.92890548706055,219.235260009766,0,5.97493267059326,2.40377116203308,42.4788551330566,2.37720060348511,9.66892337799072,693.983215332031,4.32286596298218,124.843765258789,-1023.23955761392,-917.48932304778,"WhiteTroatedCaracara",20
542,1,3.84455585479736,0,8.85732841491699,197.432388305664,0.0945379808545113,3.68165969848633,1.66504490375519,46.5912971496582,1.02737295627594,7.7910418510437,768.093017578125,-2.34665584564209,131.364044189453,-1003.23955761392,-917.48932304778,"WhiteTroatedCaracara",20
543,1,4.17278099060059,0,6.3347601890564,131.763427734375,3.6704249382019,3.63763809204102,2.4846785068512,39.4040946960449,3.05402064323425,10.7422246932983,1334.96154785156,1.31017529964447,133.293640136719,-983.23955761392,-917.48932304778,"WhiteTroatedCaracara",20
544,1,3.00443482398987,0,6.31351709365845,102.174560546875,7.97686529159546,4.82961082458496,5.64256477355957,22.4562473297119,11.1901931762695,16.6460380554199,1401.20947265625,-1.43115127086639,120.44758605957,-963.23955761392,-917.48932304778,"WhiteTroatedCaracara",20
545,1,3.67350053787231,0,8.14564895629883,82.5687026977539,9.51463603973389,3.20330691337585,3.79682874679565,16.0886669158936,12.7462511062622,44.168327331543,1125.0810546875,-1.1456972360611,69.3557510375977,-943.23955761392,-917.48932304778,"WhiteTroatedCaracara",20
546,1,5.5333890914917,0,8.87944984436035,64.1798782348633,13.1965579986572,1.81172454357147,0.528622567653656,13.8921146392822,2.55185437202454,67.9245147705078,1055.50634765625,-0.292313575744629,68.7513198852539,-923.23955761392,-917.48932304778,"WhiteTroatedCaracara",20
547,1,8.50798988342285,0,9.34057998657227,50.6460380554199,13.9335708618164,1.44890642166138,0.159930512309074,12.8723945617676,0.766232550144196,70.7887191772461,1005.79437255859,-0.690976619720459,41.3570404052734,-903.23955761392,-917.48932304778,"WhiteTroatedCaracara",20
548,1,4.52079725265503,0,9.26530647277832,40.5406875610352,12.5525312423706,0.347369819879532,0,12.71848487854,0.0797873735427856,74.3243942260742,1056.07629394531,-0.290290385484695,29.8738327026367,-883.23955761392,-917.48932304778,"WhiteTroatedCaracara",20
549,1,10.6382341384888,0,9.81569385528564,35.0106964111328,18.3394508361816,0.251838624477386,0.0551024749875069,10.9831056594849,0.043998945504427,69.8170852661133,978.131042480469,0.00874312594532967,23.0510215759277,-863.23955761392,-917.48932304778,"WhiteTroatedCaracara",20
550,0,4.12833833694458,0,11.4764385223389,31.0588455200195,7.87259817123413,0,0,14.4513826370239,0,77.7019958496094,727.540893554688,-0.254228204488754,12.9087553024292,-843.23955761392,-917.48932304778,"WhiteTroatedCaracara",20
551,1,7.46663045883179,0,10.9763984680176,214.271759033203,0.294698506593704,6.2566032409668,2.0687198638916,38.2978820800781,0.708045363426208,6.63191318511963,137.321914672852,-0.7967689037323,38.3691825866699,-1123.23955761392,-937.48932304778,"WhiteTroatedCaracara",20
552,1,1.92358934879303,0,11.1768980026245,197.272888183594,0.0399330146610737,11.500958442688,6.73530769348145,28.8221759796143,0.794745564460754,2.69369077682495,103.119956970215,0.902475237846375,33.1585006713867,-1103.23955761392,-937.48932304778,"WhiteTroatedCaracara",20
553,1,1.94956171512604,0,11.2593355178833,194.122680664062,0.125527173280716,13.6966228485107,7.86440563201904,26.556510925293,1.41213750839233,2.54524159431458,109.180809020996,-1.26321089267731,33.3420944213867,-1083.23955761392,-937.48932304778,"WhiteTroatedCaracara",20
554,1,2.1566367149353,0,10.8390655517578,218.441482543945,0.130241647362709,25.5921058654785,5.77066946029663,27.4722061157227,4.02628898620605,1.43114578723907,218.118530273438,-0.406115710735321,33.7817916870117,-1063.23955761392,-937.48932304778,"WhiteTroatedCaracara",20
555,1,7.54993629455566,0,9.66776466369629,226.75325012207,0.321697801351547,7.87022972106934,2.73905253410339,36.3328285217285,1.88100731372833,6.97942590713501,496.17626953125,0.656795263290405,103.719924926758,-1043.23955761392,-937.48932304778,"WhiteTroatedCaracara",20
556,1,6.05483341217041,0,9.58858585357666,226.162841796875,0.422280997037888,3.38029456138611,1.40412092208862,39.3634796142578,0.723292410373688,7.396409034729,550.031066894531,-6.38082361221313,132.510070800781,-1023.23955761392,-937.48932304778,"WhiteTroatedCaracara",20
557,1,3.91324353218079,0,8.17597007751465,189.226303100586,0.449828624725342,2.77521324157715,1.27043199539185,42.0702705383301,1.15420162677765,7.53727769851685,892.0205078125,1.29137229919434,122.337112426758,-1003.23955761392,-937.48932304778,"WhiteTroatedCaracara",20
558,1,5.66702461242676,0,6.6346173286438,138.75862121582,2.60353136062622,3.13228797912598,3.08338737487793,41.4216423034668,3.1969199180603,9.94612979888916,1247.36096191406,-2.64223909378052,137.029602050781,-983.23955761392,-937.48932304778,"WhiteTroatedCaracara",20
559,1,4.31948518753052,0,5.83759307861328,101.667274475098,3.67734122276306,6.23908615112305,6.88581418991089,29.557788848877,13.9925355911255,14.5798072814941,1461.40283203125,7.32655096054077,154.23274230957,-963.23955761392,-937.48932304778,"WhiteTroatedCaracara",20
560,1,2.69229483604431,0,8.54462337493896,90.7394104003906,5.77706384658813,5.99698257446289,5.3760929107666,9.60989093780518,21.525749206543,44.4013938903809,1011.16668701172,-0.716484367847443,55.5370025634766,-943.23955761392,-937.48932304778,"WhiteTroatedCaracara",20
561,1,4.87681531906128,0,9.43014335632324,73.1762847900391,4.28463840484619,3.6647412776947,0.801489114761353,9.30848121643066,4.39725589752197,76.8998260498047,916.512390136719,-1.78403770923615,55.2959899902344,-923.23955761392,-937.48932304778,"WhiteTroatedCaracara",20
562,1,4.50402450561523,0,9.04404067993164,54.966194152832,16.58176612854,1.50506675243378,0.155646547675133,12.3513631820679,1.06171703338623,67.8816757202148,1033.71728515625,1.14178597927094,34.4942016601562,-903.23955761392,-937.48932304778,"WhiteTroatedCaracara",20
563,0,4.76000070571899,0,9.41981601715088,44.1452827453613,2.98975920677185,0.332463353872299,0.0734385550022125,12.0123195648193,0.13365726172924,84.3648681640625,996.208984375,-0.449742883443832,36.7125930786133,-883.23955761392,-937.48932304778,"WhiteTroatedCaracara",20
564,1,10.5991172790527,0,10.2853536605835,39.1380348205566,21.8373260498047,0.0996159166097641,0.00344828842207789,10.841381072998,0,67.1886672973633,853.659973144531,0.816101431846619,24.4412631988525,-863.23955761392,-937.48932304778,"WhiteTroatedCaracara",20
565,1,10.5991172790527,0,10.2853536605835,39.1380348205566,21.8373260498047,0.0996159166097641,0.00344828842207789,10.841381072998,0,67.1886672973633,853.659973144531,0.816101431846619,24.4412631988525,-843.23955761392,-937.48932304778,"WhiteTroatedCaracara",20
566,0,6.31545448303223,0,10.3812046051025,34.6214561462402,12.9751863479614,0,0.0610791854560375,11.9978828430176,0,75.0005416870117,839.969543457031,-0.172676429152489,36.1280670166016,-823.23955761392,-937.48932304778,"WhiteTroatedCaracara",20
567,0,10.2056274414062,0,9.92204189300537,32.9101181030273,3.73826479911804,0,0.00028244371060282,15.2968034744263,0.00501115107908845,80.9691848754883,950.106506347656,0.189517661929131,24.745735168457,-803.23955761392,-937.48932304778,"WhiteTroatedCaracara",20
568,0,9.88543033599854,0,11.1044931411743,34.7096366882324,0.691330552101135,0,0,12.348014831543,0.1108593121171,86.8511505126953,787.37109375,-0.486728757619858,14.3557577133179,-783.23955761392,-937.48932304778,"WhiteTroatedCaracara",20
569,0,9.88543033599854,0,11.1044931411743,34.7096366882324,0.691330552101135,0,0,12.348014831543,0.1108593121171,86.8511505126953,787.37109375,-0.486728757619858,14.3557577133179,-763.23955761392,-937.48932304778,"WhiteTroatedCaracara",20
570,0,4.34260416030884,0,10.14333152771,40.2089691162109,0.612243294715881,0.0625520572066307,0,11.7357082366943,0.0898747891187668,87.5013046264648,959.3310546875,-0.260094612836838,13.3770732879639,-743.23955761392,-937.48932304778,"WhiteTroatedCaracara",20
571,0,3.9131772518158,0,9.98283958435059,43.6792411804199,5.00128555297852,0,0,12.7281818389893,0.0254851654171944,82.2508544921875,1017.99304199219,0.382627964019775,15.1073665618896,-723.23955761392,-937.48932304778,"WhiteTroatedCaracara",20
572,0,8.904296875,0,10.4824361801147,47.7295303344727,3.72012734413147,0,0,12.3995599746704,0,83.8859329223633,937.304382324219,0.10868651419878,12.1991386413574,-703.23955761392,-937.48932304778,"WhiteTroatedCaracara",20
573,0,2.14974308013916,0,9.5185432434082,209.298034667969,0.0696021467447281,3.98498797416687,0.2742899954319,38.2772254943848,0.751090228557587,6.02601099014282,363.545227050781,-0.056193184107542,57.727596282959,-1163.23955761392,-957.48932304778,"WhiteTroatedCaracara",20
574,1,5.97028875350952,0,10.5525197982788,214.896575927734,0.23505824804306,4.21979904174805,0.758750736713409,33.0159454345703,0.227892264723778,5.08980083465576,197.720901489258,0.291793316602707,64.6266860961914,-1143.23955761392,-957.48932304778,"WhiteTroatedCaracara",20
575,1,5.97028875350952,0,10.5525197982788,214.896575927734,0.23505824804306,4.21979904174805,0.758750736713409,33.0159454345703,0.227892264723778,5.08980083465576,197.720901489258,0.291793316602707,64.6266860961914,-1123.23955761392,-957.48932304778,"WhiteTroatedCaracara",20
576,1,2.94799184799194,0,10.5116605758667,200.437286376953,0.00038430280983448,2.59092998504639,3.45176410675049,34.5259742736816,0.553273439407349,3.20128035545349,217.97705078125,-0.341300129890442,58.0136489868164,-1103.23955761392,-957.48932304778,"WhiteTroatedCaracara",20
577,1,2.60009431838989,0,10.5981407165527,192.787490844727,0.286622077226639,12.4913272857666,4.32478713989258,29.885612487793,2.20890045166016,4.04938888549805,232.811233520508,0.626577734947205,54.5895614624023,-1083.23955761392,-957.48932304778,"WhiteTroatedCaracara",20
578,1,2.20870971679688,0,10.9243440628052,213.192611694336,0.240239679813385,26.9454116821289,6.07062387466431,22.7575569152832,4.89105081558228,1.41708016395569,207.397872924805,-0.716023147106171,24.2652435302734,-1063.23955761392,-957.48932304778,"WhiteTroatedCaracara",20
579,1,4.22516536712646,0,8.42147541046143,220.183181762695,0,4.03198289871216,0.715135872364044,50.9561195373535,0.475009918212891,10.8755702972412,766.399475097656,4.24454307556152,121.832809448242,-1043.23955761392,-957.48932304778,"WhiteTroatedCaracara",20
580,1,6.57441329956055,0,7.28173208236694,200.657943725586,0.609623491764069,2.62817525863647,1.03685915470123,48.3288116455078,0.637190580368042,9.52754497528076,1034.90393066406,5.77777528762817,163.404968261719,-1023.23955761392,-957.48932304778,"WhiteTroatedCaracara",20
581,1,11.7426776885986,0,7.01473426818848,177.391845703125,0.644564390182495,2.42581963539124,1.61201250553131,47.0787124633789,1.32196974754333,10.36057472229,1118.72216796875,-0.151490643620491,134.442810058594,-1003.23955761392,-957.48932304778,"WhiteTroatedCaracara",20
582,1,5.48282241821289,0,6.74937391281128,145.097274780273,0.310507625341415,5.23087501525879,2.76904368400574,41.3772583007812,3.82862281799316,9.08369064331055,1198.9072265625,-0.550927996635437,147.770492553711,-983.23955761392,-957.48932304778,"WhiteTroatedCaracara",20
583,1,6.44223165512085,0,6.82061529159546,113.097770690918,1.19319295883179,2.14790868759155,6.77459907531738,34.8254928588867,7.72304439544678,9.39625453948975,1246.51037597656,-2.74379587173462,124.26537322998,-963.23955761392,-957.48932304778,"WhiteTroatedCaracara",20
584,1,2.4701361656189,0,8.50260925292969,97.0450668334961,6.80436849594116,7.46243476867676,8.64807510375977,13.7465677261353,19.5247344970703,34.0312576293945,989.721740722656,-0.746129989624023,61.212574005127,-943.23955761392,-957.48932304778,"WhiteTroatedCaracara",20
585,1,3.40189981460571,0,9.52869892120361,79.3628616333008,3.12850952148438,4.35246562957764,1.65267491340637,8.35403060913086,6.38827705383301,75.4204406738281,864.409301757812,-0.531025230884552,48.9186782836914,-923.23955761392,-957.48932304778,"WhiteTroatedCaracara",20
586,1,2.52704215049744,0,9.88432216644287,63.4834938049316,7.26376867294312,1.86275398731232,0.0942194610834122,13.7343626022339,0.453329831361771,76.4030303955078,843.003967285156,-1.13947141170502,41.4731369018555,-903.23955761392,-957.48932304778,"WhiteTroatedCaracara",20
587,1,3.82106590270996,0,9.22138404846191,46.4710884094238,3.04876375198364,0.0459626205265522,0.0668982490897179,15.137300491333,0.122337311506271,81.5807876586914,1005.58935546875,0.745099067687988,33.839786529541,-883.23955761392,-957.48932304778,"WhiteTroatedCaracara",20
588,1,3.06668758392334,0,10.4971704483032,43.1464653015137,4.59785413742065,1.07397592067719,0,13.6577825546265,0.0346628837287426,80.6240386962891,782.481750488281,-1.04934370517731,35.5243644714355,-863.23955761392,-957.48932304778,"WhiteTroatedCaracara",20
589,1,9.67478561401367,0,11.2259120941162,40.3770370483398,15.7711086273193,0.294064849615097,0.0456915460526943,10.2772531509399,0.377710461616516,68.5391235351562,653.654296875,-0.471646130084991,32.671802520752,-843.23955761392,-957.48932304778,"WhiteTroatedCaracara",20
590,0,6.31545448303223,0,10.3812046051025,34.6214561462402,12.9751863479614,0,0.0610791854560375,11.9978828430176,0,75.0005416870117,839.969543457031,-0.172676429152489,36.1280670166016,-823.23955761392,-957.48932304778,"WhiteTroatedCaracara",20
591,1,10.2056274414062,0,9.92204189300537,32.9101181030273,3.73826479911804,0,0.00028244371060282,15.2968034744263,0.00501115107908845,80.9691848754883,950.106506347656,0.189517661929131,24.745735168457,-803.23955761392,-957.48932304778,"WhiteTroatedCaracara",20
592,0,6.14001655578613,0,9.73905658721924,33.9415893554688,7.36728286743164,0.000475499051390216,0,14.26291847229,0.0513602904975414,78.3478546142578,1006.42419433594,0.220007836818695,19.3337631225586,-783.23955761392,-957.48932304778,"WhiteTroatedCaracara",20
593,0,3.62416839599609,0,9.92949771881104,36.5462951660156,7.72335147857666,0.142726272344589,0,12.0249042510986,0.579052567481995,79.5363006591797,983.221252441406,-0.319505095481873,15.9415531158447,-763.23955761392,-957.48932304778,"WhiteTroatedCaracara",20
594,0,4.34260416030884,0,10.14333152771,40.2089691162109,0.612243294715881,0.0625520572066307,0,11.7357082366943,0.0898747891187668,87.5013046264648,959.3310546875,-0.260094612836838,13.3770732879639,-743.23955761392,-957.48932304778,"WhiteTroatedCaracara",20
595,0,3.9131772518158,0,9.98283958435059,43.6792411804199,5.00128555297852,0,0,12.7281818389893,0.0254851654171944,82.2508544921875,1017.99304199219,0.382627964019775,15.1073665618896,-723.23955761392,-957.48932304778,"WhiteTroatedCaracara",20
596,0,8.904296875,0,10.4824361801147,47.7295303344727,3.72012734413147,0,0,12.3995599746704,0,83.8859329223633,937.304382324219,0.10868651419878,12.1991386413574,-703.23955761392,-957.48932304778,"WhiteTroatedCaracara",20
597,0,19.8414745330811,0,11.110182762146,51.4276161193848,3.85125517845154,0.0875723585486412,0,9.69464683532715,0,86.3698196411133,839.509521484375,0.0389069356024265,10.1084499359131,-683.23955761392,-957.48932304778,"WhiteTroatedCaracara",20
598,0,6.96053886413574,0,11.266939163208,53.5300178527832,2.17312932014465,0,0,15.7078380584717,0,81.9497375488281,807.951232910156,0.0771146416664124,10.6447944641113,-663.23955761392,-957.48932304778,"WhiteTroatedCaracara",20
599,0,2.14974308013916,0,9.5185432434082,209.298034667969,0.0696021467447281,3.98498797416687,0.2742899954319,38.2772254943848,0.751090228557587,6.02601099014282,363.545227050781,-0.056193184107542,57.727596282959,-1163.23955761392,-977.48932304778,"WhiteTroatedCaracara",20
600,1,2.14974308013916,0,9.5185432434082,209.298034667969,0.0696021467447281,3.98498797416687,0.2742899954319,38.2772254943848,0.751090228557587,6.02601099014282,363.545227050781,-0.056193184107542,57.727596282959,-1143.23955761392,-977.48932304778,"WhiteTroatedCaracara",20
601,1,3.36143445968628,0,9.00559902191162,200.230712890625,0,0.846892058849335,0.856796860694885,41.4230575561523,0.0606384463608265,4.07076120376587,483.442291259766,-0.175950884819031,66.3835754394531,-1123.23955761392,-977.48932304778,"WhiteTroatedCaracara",20
602,1,3.14717602729797,0,10.2700471878052,179.126373291016,0,4.20865535736084,5.07417774200439,28.934944152832,0.653496921062469,1.98405849933624,252.377563476562,0.319797188043594,44.9915962219238,-1103.23955761392,-977.48932304778,"WhiteTroatedCaracara",20
603,1,3.2009117603302,0,11.0748014450073,167.349685668945,0.336632817983627,38.7957763671875,1.6462709903717,18.1033935546875,5.06835699081421,1.15725934505463,140.680511474609,-0.277856856584549,24.5588550567627,-1083.23955761392,-977.48932304778,"WhiteTroatedCaracara",20
604,1,3.01220273971558,0,11.1405973434448,205.32975769043,0.28349643945694,43.5158386230469,1.34756124019623,16.3624267578125,4.73589611053467,0.560802578926086,188.368774414062,0.183339133858681,13.8882427215576,-1063.23955761392,-977.48932304778,"WhiteTroatedCaracara",20
605,1,4.2726936340332,0,11.7649211883545,239.146774291992,0.0102104693651199,13.2269811630249,0.992118120193481,11.9326333999634,1.78452932834625,1.61885833740234,156.371505737305,-1.43434011936188,30.8507061004639,-1043.23955761392,-977.48932304778,"WhiteTroatedCaracara",20
606,1,5.56653213500977,0,9.77889919281006,242.084686279297,0.0316395498812199,6.41248559951782,1.98129606246948,42.4766159057617,1.24194419384003,8.3394832611084,551.931091308594,-1.27053678035736,155.237182617188,-1023.23955761392,-977.48932304778,"WhiteTroatedCaracara",20
607,1,18.1748428344727,0,8.14651107788086,204.953659057617,1.36996710300446,5.09488916397095,2.14824414253235,43.9272079467773,3.83081698417664,13.0762844085693,898.46630859375,0.411714911460876,169.876861572266,-1003.23955761392,-977.48932304778,"WhiteTroatedCaracara",20
608,1,10.8056306838989,0,6.37198638916016,144.520324707031,1.43929576873779,3.91124796867371,3.72856593132019,38.7392387390137,6.32372283935547,11.2491140365601,1259.42333984375,0.383144319057465,163.402679443359,-983.23955761392,-977.48932304778,"WhiteTroatedCaracara",20
609,1,4.54914426803589,0,6.98066759109497,120.643707275391,0.543955028057098,2.17706513404846,5.96197319030762,36.3610153198242,6.05510902404785,7.227463722229,1181.72692871094,0.45713883638382,122.873863220215,-963.23955761392,-977.48932304778,"WhiteTroatedCaracara",20
610,1,8.13731575012207,0,5.54092502593994,83.0031051635742,7.97778367996216,5.34320497512817,9.98072242736816,26.1141395568848,14.4783592224121,20.667501449585,1533.83471679688,2.52582120895386,124.552642822266,-943.23955761392,-977.48932304778,"WhiteTroatedCaracara",20
611,0,6.24272394180298,0,8.62776756286621,74.7359161376953,15.4448528289795,0.564381659030914,1.30196356773376,13.4303274154663,4.00833368301392,64.9521408081055,1026.79309082031,-0.180045634508133,39.3935356140137,-923.23955761392,-977.48932304778,"WhiteTroatedCaracara",20
612,1,1.98622632026672,0,10.1820869445801,68.9118118286133,19.1368389129639,0.769017517566681,0.105132102966309,11.9608926773071,1.75959026813507,66.1976699829102,758.719909667969,0.153686732053757,25.8388671875,-903.23955761392,-977.48932304778,"WhiteTroatedCaracara",20
613,1,5.31835079193115,0,9.29698276519775,50.9062461853027,10.3784475326538,0.122540354728699,0.140182808041573,15.0650949478149,1.34479832649231,72.9165115356445,951.775146484375,0.392037153244019,33.0421485900879,-883.23955761392,-977.48932304778,"WhiteTroatedCaracara",20
614,1,5.89874124526978,0,9.59640789031982,42.9628067016602,4.88603639602661,0.689366698265076,0.0276248659938574,13.9409513473511,0.266559720039368,80.0810546875,921.690673828125,0.639925479888916,28.0380916595459,-863.23955761392,-977.48932304778,"WhiteTroatedCaracara",20
615,0,17.949161529541,0,10.5430688858032,41.4651374816895,13.8504819869995,0.0903701856732368,0.00236960616894066,9.57488346099854,2.4269642829895,58.3596801757812,747.906372070312,-0.493119806051254,39.5041313171387,-843.23955761392,-977.48932304778,"WhiteTroatedCaracara",20
616,0,14.8593673706055,0,9.06284141540527,35.2605247497559,4.05969953536987,0.0884546935558319,0.00548811862245202,13.4329900741577,0.13388267159462,82.2904510498047,1071.58349609375,0.783523678779602,41.4115219116211,-823.23955761392,-977.48932304778,"WhiteTroatedCaracara",20
617,0,3.78352308273315,0,8.64229774475098,34.2090263366699,12.6672248840332,1.19079422950745,0.00317686679773033,13.208101272583,5.15814352035522,67.5828475952148,1166.09741210938,0.118830122053623,19.2035503387451,-803.23955761392,-977.48932304778,"WhiteTroatedCaracara",20
618,0,5.37765169143677,0,8.63341903686523,35.3511009216309,14.2638120651245,0.129684031009674,0.131115272641182,13.0028762817383,3.75884675979614,68.7312545776367,1187.99255371094,0.124402947723866,17.260913848877,-783.23955761392,-977.48932304778,"WhiteTroatedCaracara",20
619,0,3.08354115486145,0,8.88644790649414,38.0116004943848,9.53334712982178,0.0545346327126026,0.0235324427485466,13.7313261032104,2.95786118507385,73.7221984863281,1157.63415527344,0.0122149046510458,10.6302690505981,-763.23955761392,-977.48932304778,"WhiteTroatedCaracara",20
620,0,3.67278456687927,0,9.10067272186279,41.0384368896484,12.4154891967773,0,0.031316589564085,13.1757392883301,3.74393057823181,70.6214981079102,1131.98413085938,0.024990176782012,10.1499347686768,-743.23955761392,-977.48932304778,"WhiteTroatedCaracara",20
621,1,4.84233379364014,0,9.30059051513672,44.1025238037109,21.8049812316895,0,0.0130054904147983,8.86848831176758,0.364462524652481,68.9477005004883,1119.00244140625,0.174900382757187,12.2900371551514,-723.23955761392,-977.48932304778,"WhiteTroatedCaracara",20
622,1,4.90760326385498,0,9.82378196716309,47.7512855529785,12.6327075958252,0,0.00696605676785111,9.43621826171875,0.00782192964106798,77.904541015625,1035.8623046875,-0.234191060066223,11.9657421112061,-703.23955761392,-977.48932304778,"WhiteTroatedCaracara",20
623,0,11.9918413162231,0,10.2381620407104,50.4119148254395,22.7745494842529,0.0982130542397499,0.064087338745594,9.76578998565674,0.013628164306283,67.3166351318359,992.688110351562,0.239473417401314,16.8196125030518,-683.23955761392,-977.48932304778,"WhiteTroatedCaracara",20
624,0,6.96053886413574,0,11.266939163208,53.5300178527832,2.17312932014465,0,0,15.7078380584717,0,81.9497375488281,807.951232910156,0.0771146416664124,10.6447944641113,-663.23955761392,-977.48932304778,"WhiteTroatedCaracara",20
625,0,8.11668872833252,0,12.0930528640747,55.4541816711426,1.53407979011536,0,0,15.8075580596924,0,82.6317367553711,667.940673828125,0.211204886436462,7.03253793716431,-643.23955761392,-977.48932304778,"WhiteTroatedCaracara",20
626,0,8.11668872833252,0,12.0930528640747,55.4541816711426,1.53407979011536,0,0,15.8075580596924,0,82.6317367553711,667.940673828125,0.211204886436462,7.03253793716431,-623.23955761392,-977.48932304778,"WhiteTroatedCaracara",20
627,1,3.22651791572571,0,9.02075386047363,203.758895874023,0,1.18506240844727,0.106196396052837,47.4058609008789,0.0732416287064552,6.78693246841431,448.404541015625,0.152087405323982,116.911613464355,-1163.23955761392,-997.48932304778,"WhiteTroatedCaracara",20
628,1,3.22651791572571,0,9.02075386047363,203.758895874023,0,1.18506240844727,0.106196396052837,47.4058609008789,0.0732416287064552,6.78693246841431,448.404541015625,0.152087405323982,116.911613464355,-1143.23955761392,-997.48932304778,"WhiteTroatedCaracara",20
629,1,2.36426496505737,0,10.0453605651855,181.452651977539,0.247411385178566,8.98642921447754,3.61386132240295,32.2759323120117,0.616660892963409,3.75114297866821,265.008880615234,-0.478454828262329,71.2912139892578,-1123.23955761392,-997.48932304778,"WhiteTroatedCaracara",20
630,1,2.56829571723938,0,11.0415496826172,149.319351196289,0.0934713557362556,35.7002182006836,6.47670745849609,14.9024152755737,0.979013800621033,2.06454586982727,100.028694152832,0.705746352672577,27.5999450683594,-1103.23955761392,-997.48932304778,"WhiteTroatedCaracara",20
631,1,2.2549889087677,0,11.337345123291,147.055801391602,0.0924625769257545,58.9149360656738,0.531052112579346,9.74936771392822,4.14700555801392,0.593148231506348,84.09521484375,-0.0420615039765835,6.54154634475708,-1083.23955761392,-997.48932304778,"WhiteTroatedCaracara",20
632,1,4.35349369049072,0,11.2278842926025,202.381896972656,0.318071603775024,53.5976028442383,1.32469868659973,11.1740703582764,10.0949659347534,0.286367833614349,176.715454101562,0.0827719122171402,12.0696563720703,-1063.23955761392,-997.48932304778,"WhiteTroatedCaracara",20
633,1,4.90258836746216,0,10.4410409927368,245.428421020508,0.0440436527132988,11.1310539245605,1.53810834884644,26.5889911651611,2.31650876998901,4.44772529602051,393.512725830078,0.192871063947678,52.968807220459,-1043.23955761392,-997.48932304778,"WhiteTroatedCaracara",20
634,1,5.65368318557739,0,9.76537704467773,262.391845703125,0.250744342803955,8.7627067565918,1.91890752315521,39.656982421875,2.03511571884155,4.95250844955444,547.656494140625,-1.4185186624527,112.749725341797,-1023.23955761392,-997.48932304778,"WhiteTroatedCaracara",20
635,1,17.9951992034912,0,8.64995288848877,228.509063720703,0.774679481983185,3.68741130828857,1.3727411031723,43.8230476379395,2.88402533531189,12.3767805099487,789.934509277344,-0.648405134677887,143.049560546875,-1003.23955761392,-997.48932304778,"WhiteTroatedCaracara",20
636,0,13.0179281234741,0,6.15181159973145,149.12353515625,1.97194087505341,4.40273332595825,2.9289698600769,40.8427543640137,8.15995025634766,14.5731201171875,1286.84985351562,-0.732802748680115,167.527633666992,-983.23955761392,-997.48932304778,"WhiteTroatedCaracara",20
637,1,4.69628953933716,0,5.98771286010742,113.406455993652,2.09486246109009,4.67425632476807,6.91406106948853,36.1366996765137,10.257363319397,11.2741136550903,1355.57104492188,0.523972153663635,138.516571044922,-963.23955761392,-997.48932304778,"WhiteTroatedCaracara",20
638,1,4.09393262863159,0,6.35727024078369,88.1860885620117,4.82346296310425,6.19877004623413,8.42431354522705,26.3431987762451,13.9329986572266,17.7423610687256,1349.15295410156,-0.718467235565186,122.582557678223,-943.23955761392,-997.48932304778,"WhiteTroatedCaracara",20
639,1,4.97753190994263,0,8.43469429016113,76.1989135742188,11.3977336883545,1.85142385959625,1.93167233467102,17.4970035552979,5.153235912323,60.5807495117188,1042.05639648438,0.129331082105637,66.3679885864258,-923.23955761392,-997.48932304778,"WhiteTroatedCaracara",20
640,1,3.12191319465637,0,10.0569171905518,70.9475631713867,13.5290460586548,0.0454905666410923,0.000190987790119834,13.1298809051514,2.54221510887146,67.6759185791016,760.527709960938,-0.2851622402668,28.514949798584,-903.23955761392,-997.48932304778,"WhiteTroatedCaracara",20
641,0,3.10121989250183,0,9.79546642303467,56.0544013977051,15.530125617981,0.0698092579841614,0.0257852375507355,12.2650957107544,1.50996255874634,64.6531143188477,831.646545410156,-0.097690649330616,40.1321220397949,-883.23955761392,-997.48932304778,"WhiteTroatedCaracara",20
642,0,8.47616672515869,0,10.2523784637451,48.8833999633789,14.4275922775269,0,0.00892864167690277,8.84519481658936,2.42381834983826,60.0592269897461,766.429748535156,-0.713412821292877,36.4074478149414,-863.23955761392,-997.48932304778,"WhiteTroatedCaracara",20
643,0,6.81523609161377,0,9.84341812133789,41.7771987915039,12.1066379547119,0,0,12.3402471542358,0.548527121543884,69.1780548095703,875.280883789062,-0.193352296948433,50.6904678344727,-843.23955761392,-997.48932304778,"WhiteTroatedCaracara",20
644,1,6.06675910949707,0,8.48572731018066,36.4363327026367,11.2718954086304,0.0689835399389267,0.0689899772405624,13.9694747924805,1.42770719528198,73.2125549316406,1154.14599609375,-0.10353097319603,53.6734428405762,-823.23955761392,-997.48932304778,"WhiteTroatedCaracara",20
645,0,6.17942523956299,0,7.96047306060791,35.2582244873047,26.9756298065186,0.00471143191680312,0.00301389861851931,10.136058807373,6.66259431838989,56.2001190185547,1269.03662109375,0.0910637751221657,15.3506116867065,-803.23955761392,-997.48932304778,"WhiteTroatedCaracara",20
646,0,5.87805986404419,0,8.15246200561523,37.1035804748535,27.2973365783691,0.452201306819916,0.0996191650629044,8.9381628036499,5.98662090301514,56.5977935791016,1256.04919433594,0.260588616132736,11.1344661712646,-783.23955761392,-997.48932304778,"WhiteTroatedCaracara",20
647,0,3.36383199691772,0,8.57798862457275,39.82470703125,14.1937694549561,0.0241939034312963,0.156999364495277,11.4938268661499,1.50032365322113,72.4616470336914,1187.39318847656,-0.0490154549479485,9.19966125488281,-763.23955761392,-997.48932304778,"WhiteTroatedCaracara",20
648,0,5.39905595779419,0,8.59652137756348,42.7758750915527,29.6064338684082,0.246235385537148,0.0543323568999767,6.06683158874512,1.02264130115509,62.8209915161133,1206.1494140625,-0.1817686855793,17.6826133728027,-743.23955761392,-997.48932304778,"WhiteTroatedCaracara",20
649,0,9.17354583740234,0,9.01972198486328,45.5633239746094,24.1820106506348,0.0934019312262535,0.139762431383133,9.2213020324707,0.366872727870941,65.7351150512695,1154.00952148438,-0.066094197332859,19.2831325531006,-723.23955761392,-997.48932304778,"WhiteTroatedCaracara",20
650,1,3.90140962600708,0,9.56793785095215,49.2291297912598,9.43621063232422,0,0.0183230321854353,10.9665079116821,0.0301840826869011,79.5032043457031,1064.55102539062,-0.0546149089932442,10.5130767822266,-703.23955761392,-997.48932304778,"WhiteTroatedCaracara",20
651,0,5.6053900718689,0,9.94030380249023,51.1513061523438,29.3587207794189,0,0.0808474346995354,8.57128143310547,0.118110656738281,61.7472038269043,1026.37658691406,0.382210820913315,20.1059608459473,-683.23955761392,-997.48932304778,"WhiteTroatedCaracara",20
652,1,4.1922402381897,0,11.2185678482056,53.488224029541,5.32833099365234,0.0775290578603745,0.0239991992712021,15.0886716842651,0,79.2973937988281,794.089965820312,-0.118548110127449,12.5967931747437,-663.23955761392,-997.48932304778,"WhiteTroatedCaracara",20
653,1,4.83545827865601,0,11.9837446212769,55.2174263000488,5.46564912796021,0,0.108703963458538,15.0694313049316,0,78.6526718139648,659.656311035156,-0.142527788877487,10.4785299301147,-643.23955761392,-997.48932304778,"WhiteTroatedCaracara",20
654,0,4.83545827865601,0,11.9837446212769,55.2174263000488,5.46564912796021,0,0.108703963458538,15.0694313049316,0,78.6526718139648,659.656311035156,-0.142527788877487,10.4785299301147,-623.23955761392,-997.48932304778,"WhiteTroatedCaracara",20
655,1,8.90836524963379,0,9.02307987213135,200.488220214844,0,1.027339220047,0.842857778072357,46.6761856079102,0.070857472717762,4.311110496521,426.417877197266,1.96874022483826,83.9078063964844,-1163.23955761392,-1017.48932304778,"WhiteTroatedCaracara",20
656,1,8.90836524963379,0,9.02307987213135,200.488220214844,0,1.027339220047,0.842857778072357,46.6761856079102,0.070857472717762,4.311110496521,426.417877197266,1.96874022483826,83.9078063964844,-1143.23955761392,-1017.48932304778,"WhiteTroatedCaracara",20
657,1,2.61308288574219,0,10.648871421814,172.346755981445,0.525898516178131,29.8903884887695,3.90678358078003,19.1032466888428,1.76220893859863,2.29793667793274,128.449554443359,-0.537220060825348,42.6267929077148,-1123.23955761392,-1017.48932304778,"WhiteTroatedCaracara",20
658,1,3.54420471191406,0,11.0120153427124,150.924911499023,0.0977331921458244,54.9993553161621,2.33859539031982,11.9281911849976,1.94531297683716,0.975044310092926,79.2562789916992,-0.250422090291977,14.2386627197266,-1103.23955761392,-1017.48932304778,"WhiteTroatedCaracara",20
659,1,3.20321440696716,0,11.2021064758301,157.731918334961,0,58.4344787597656,0.382212996482849,11.2226514816284,9.82831859588623,0.064994640648365,92.8938140869141,-0.0345895029604435,4.43991041183472,-1083.23955761392,-1017.48932304778,"WhiteTroatedCaracara",20
660,1,7.47962188720703,0,11.1603736877441,211.742919921875,0.119581863284111,48.3479614257812,0.457760095596313,17.2375564575195,8.91477966308594,0.174584552645683,181.841384887695,-0.0665560513734818,6.97851657867432,-1063.23955761392,-1017.48932304778,"WhiteTroatedCaracara",20
661,1,10.3448305130005,0,9.51755809783936,262.131958007812,0.0887197256088257,12.8757266998291,1.9099018573761,40.545825958252,1.69742667675018,4.48054265975952,559.554809570312,0.822247624397278,49.3992080688477,-1043.23955761392,-1017.48932304778,"WhiteTroatedCaracara",20
662,1,12.4529705047607,0,6.21650695800781,213.32258605957,11.0439262390137,2.08024835586548,2.07964396476746,32.9366874694824,11.1401414871216,11.8717288970947,1242.3408203125,4.34578990936279,107.875854492188,-1023.23955761392,-1017.48932304778,"WhiteTroatedCaracara",20
663,0,13.8413057327271,0,6.53779411315918,195.04573059082,4.90863752365112,3.96003127098083,3.57819437980652,39.0479621887207,5.30668210983276,12.0018701553345,1180.32971191406,0.851154327392578,116.359756469727,-1003.23955761392,-1017.48932304778,"WhiteTroatedCaracara",20
664,1,5.23037338256836,0,6.80023956298828,163.657043457031,0.299203634262085,4.42409133911133,3.46228814125061,38.2869720458984,6.47833347320557,13.3747243881226,1150.19836425781,1.4691469669342,128.312973022461,-983.23955761392,-1017.48932304778,"WhiteTroatedCaracara",20
665,1,5.30465936660767,0,6.1134819984436,118.205711364746,2.89516520500183,5.61227321624756,5.32667064666748,29.5783615112305,11.8635311126709,12.3846969604492,1314.9921875,-1.05560207366943,148.709030151367,-963.23955761392,-1017.48932304778,"WhiteTroatedCaracara",20
666,1,4.68119049072266,0,6.6001501083374,89.392448425293,6.16470956802368,4.7693076133728,5.0293607711792,22.9193153381348,16.4468097686768,24.0912837982178,1279.88134765625,-1.01921844482422,114.784217834473,-943.23955761392,-1017.48932304778,"WhiteTroatedCaracara",20
667,1,4.68591022491455,0,7.82919979095459,73.6961517333984,10.1860809326172,3.16110014915466,3.07094979286194,17.6606063842773,10.5278930664062,49.8546295166016,1125.31945800781,2.36287260055542,72.4102401733398,-923.23955761392,-1017.48932304778,"WhiteTroatedCaracara",20
668,1,4.51983833312988,0,9.64646816253662,68.4073715209961,13.1681222915649,0.113999553024769,0.0704908892512321,12.996485710144,4.35144662857056,59.562572479248,805.275146484375,-0.778707206249237,34.6330375671387,-903.23955761392,-1017.48932304778,"WhiteTroatedCaracara",20
669,0,2.69405841827393,0,9.55509757995605,56.0774688720703,14.2602987289429,0.184265062212944,0,13.1698970794678,0.274332523345947,70.1271896362305,847.994750976562,-0.00774140981957316,32.2867164611816,-883.23955761392,-1017.48932304778,"WhiteTroatedCaracara",20
670,1,4.95640420913696,0,9.62665367126465,47.8559646606445,9.25729942321777,0.114670746028423,0.0482058562338352,13.449257850647,0.0691123008728027,76.2162628173828,867.087951660156,0.740956485271454,43.1565399169922,-863.23955761392,-1017.48932304778,"WhiteTroatedCaracara",20
671,0,6.48031520843506,0,9.31266784667969,42.3477058410645,12.5905866622925,0.475879013538361,0.0084690423682332,12.9183750152588,0.0821712985634804,73.8437957763672,954.072082519531,-0.288114815950394,39.3705177307129,-843.23955761392,-1017.48932304778,"WhiteTroatedCaracara",20
672,0,3.36147665977478,0,7.7532639503479,36.7650718688965,10.443696975708,0,0.0118005406111479,12.8786764144897,3.15110993385315,73.5306396484375,1265.49951171875,0.693832218647003,22.0565338134766,-823.23955761392,-1017.48932304778,"WhiteTroatedCaracara",20
673,0,5.34481382369995,0,8.22743701934814,37.053337097168,29.4970283508301,0,0.00832255836576223,8.32306289672852,1.14072906970978,60.9884414672852,1201.86645507812,0.101849861443043,15.9035053253174,-803.23955761392,-1017.48932304778,"WhiteTroatedCaracara",20
674,0,8.77343845367432,0,8.63691806793213,39.019889831543,28.7832984924316,0.068578414618969,0.204440280795097,8.4877405166626,1.46616446971893,60.7861671447754,1139.76806640625,0.133378013968468,12.7950839996338,-783.23955761392,-1017.48932304778,"WhiteTroatedCaracara",20
675,0,5.16093683242798,0,8.64440441131592,42.1316604614258,35.5417366027832,0,0.279706031084061,5.32618141174316,2.31795477867126,56.401725769043,1157.79724121094,0.101547218859196,15.993088722229,-763.23955761392,-1017.48932304778,"WhiteTroatedCaracara",20
676,0,7.10108375549316,0,8.25748729705811,43.8893127441406,41.1726036071777,0.289862722158432,0.0759404525160789,5.42008686065674,3.49794054031372,49.027400970459,1257.82165527344,-0.362685918807983,31.1480579376221,-743.23955761392,-1017.48932304778,"WhiteTroatedCaracara",20
677,0,8.31293392181396,0,9.05593299865723,47.6957206726074,18.3106250762939,0.0402318984270096,0.0652159750461578,10.8086032867432,0.233677834272385,70.5286407470703,1131.57336425781,0.153623029589653,21.4951133728027,-723.23955761392,-1017.48932304778,"WhiteTroatedCaracara",20
678,0,9.7579231262207,0,9.72006893157959,50.9448661804199,33.4892959594727,0,0.0159983206540346,7.03260707855225,0.113641515374184,59.3051872253418,1018.13848876953,-0.048480000346899,11.9479179382324,-703.23955761392,-1017.48932304778,"WhiteTroatedCaracara",20
679,1,4.92926406860352,0,10.4790887832642,52.7418670654297,33.9640274047852,0,0.0259524583816528,7.08388471603394,0,58.5657997131348,896.248474121094,-0.370482236146927,15.4931631088257,-683.23955761392,-1017.48932304778,"WhiteTroatedCaracara",20
680,1,4.91289663314819,0,11.0029621124268,54.1100158691406,8.23648166656494,0.0768027454614639,0,13.1454820632935,0,78.5186767578125,807.601440429688,-0.0795761123299599,14.6982870101929,-663.23955761392,-1017.48932304778,"WhiteTroatedCaracara",20
681,0,13.9847726821899,0,11.4596080780029,54.9632415771484,23.8251571655273,0,0,9.66210842132568,0,66.2765579223633,734.277038574219,0.167872503399849,10.2281732559204,-643.23955761392,-1017.48932304778,"WhiteTroatedCaracara",20
682,0,13.9847726821899,0,11.4596080780029,54.9632415771484,23.8251571655273,0,0,9.66210842132568,0,66.2765579223633,734.277038574219,0.167872503399849,10.2281732559204,-623.23955761392,-1017.48932304778,"WhiteTroatedCaracara",20
683,0,12.7855081558228,0,12.5492706298828,57.1988563537598,42.6367263793945,0,0,3.56573152542114,0,53.7919731140137,560.832641601562,-0.0974543839693069,16.4908256530762,-543.23955761392,-1017.48932304778,"WhiteTroatedCaracara",20
684,0,2.66556549072266,0,13.0302438735962,58.2800445556641,37.2467765808105,0.0809878185391426,0,5.37528228759766,0,57.1757965087891,463.46875,0.137369573116302,13.7189989089966,-523.23955761392,-1017.48932304778,"WhiteTroatedCaracara",20
685,1,4.91072416305542,0,9.3343505859375,200.958068847656,0,1.34308576583862,0.84075802564621,42.7560615539551,0.0550865903496742,2.92334532737732,333.932525634766,1.18179309368134,76.2498550415039,-1163.23955761392,-1037.48932304778,"WhiteTroatedCaracara",20
686,1,4.91072416305542,0,9.3343505859375,200.958068847656,0,1.34308576583862,0.84075802564621,42.7560615539551,0.0550865903496742,2.92334532737732,333.932525634766,1.18179309368134,76.2498550415039,-1143.23955761392,-1037.48932304778,"WhiteTroatedCaracara",20
687,1,2.91972661018372,0,10.2399597167969,177.64323425293,0.0640560686588287,26.7718029022217,4.69884538650513,21.4896659851074,1.85418021678925,0.327031791210175,184.246322631836,-0.418793052434921,30.6187114715576,-1123.23955761392,-1037.48932304778,"WhiteTroatedCaracara",20
688,1,1.94523048400879,0,10.8871822357178,161.030471801758,0.0617272108793259,49.836669921875,1.15409421920776,15.3826780319214,3.43068194389343,0.619963824748993,86.4916229248047,0.160530850291252,12.8431549072266,-1103.23955761392,-1037.48932304778,"WhiteTroatedCaracara",20
689,1,2.60294914245605,0,11.1192235946655,174.072509765625,0,52.2924118041992,0.753349781036377,13.3381280899048,12.7062187194824,0.0341264307498932,100.291351318359,-0.111690580844879,4.26468753814697,-1083.23955761392,-1037.48932304778,"WhiteTroatedCaracara",20
690,1,2.38867592811584,0,11.1947107315063,225.805053710938,0.0704935938119888,43.277645111084,0.561886072158813,15.6578321456909,12.6012268066406,0.23684087395668,186.954315185547,0.00231796060688794,8.94531440734863,-1063.23955761392,-1037.48932304778,"WhiteTroatedCaracara",20
691,1,2.71454215049744,0,11.2826194763184,292.66455078125,0.109768614172935,15.941611289978,1.41458559036255,18.1477832794189,4.5358681678772,1.55024600028992,253.382659912109,-1.03626120090485,26.0219402313232,-1043.23955761392,-1037.48932304778,"WhiteTroatedCaracara",20
692,1,2.59254217147827,0,8.20904445648193,273.137176513672,2.16326236724854,3.42131304740906,2.53442072868347,42.0493392944336,1.22610449790955,7.24437427520752,834.168640136719,-2.59630703926086,107.152992248535,-1023.23955761392,-1037.48932304778,"WhiteTroatedCaracara",20
693,1,4.19846296310425,0,6.28708505630493,198.464981079102,4.89799976348877,1.81383812427521,4.93756580352783,39.5307579040527,6.77201986312866,13.0036687850952,1209.41442871094,-0.109168626368046,91.7257766723633,-1003.23955761392,-1037.48932304778,"WhiteTroatedCaracara",20
694,1,3.93564653396606,0,7.49231863021851,181.652694702148,0.969565629959106,2.74844074249268,2.96366786956787,31.1468372344971,6.28123426437378,10.4713573455811,1013.90930175781,0.0661956518888474,110.051208496094,-983.23955761392,-1037.48932304778,"WhiteTroatedCaracara",20
695,1,5.94770002365112,0,5.53295803070068,115.531784057617,5.32367324829102,4.64489984512329,5.69046831130981,30.8786468505859,14.8509483337402,15.1767311096191,1413.50244140625,1.84729850292206,128.213745117188,-963.23955761392,-1037.48932304778,"WhiteTroatedCaracara",20
696,1,6.94893598556519,0,6.00754690170288,85.510124206543,8.46539211273193,6.70174646377563,5.76992034912109,20.5221843719482,15.0422191619873,30.6899700164795,1365.66052246094,0.552150726318359,121.751899719238,-943.23955761392,-1037.48932304778,"WhiteTroatedCaracara",20
697,1,4.66983032226562,0,7.77032375335693,72.0307693481445,13.7444229125977,1.11471831798553,0.367670565843582,17.9850387573242,2.64631962776184,59.3422813415527,1096.73254394531,-0.63400137424469,88.3367309570312,-923.23955761392,-1037.48932304778,"WhiteTroatedCaracara",20
698,1,12.7364482879639,0,8.12405204772949,58.4573097229004,18.407543182373,0.809369742870331,0.164328068494797,20.2565937042236,0.28603583574295,59.8626441955566,1066.869140625,-0.313026249408722,50.3564643859863,-903.23955761392,-1037.48932304778,"WhiteTroatedCaracara",20
699,0,4.10366535186768,0,8.30140972137451,50.1694183349609,11.7664222717285,0.260200798511505,0.0953880995512009,17.9960289001465,0.731534659862518,69.1437911987305,1060.30310058594,-0.103247843682766,41.752628326416,-883.23955761392,-1037.48932304778,"WhiteTroatedCaracara",20
700,1,4.41885280609131,0,9.02145767211914,46.7667961120605,15.336856842041,0.351028591394424,0.0856523066759109,14.6532745361328,0.900355577468872,68.5118408203125,950.670471191406,-0.971197843551636,46.9596328735352,-863.23955761392,-1037.48932304778,"WhiteTroatedCaracara",20
701,1,5.73712778091431,0,8.57634162902832,41.6720733642578,20.3926830291748,0.220599934458733,0.050550814718008,11.3937587738037,1.83084118366241,66.0584335327148,1066.73889160156,0.471003621816635,38.7158470153809,-843.23955761392,-1037.48932304778,"WhiteTroatedCaracara",20
702,0,3.65818166732788,0,8.00907707214355,38.5352210998535,32.5281372070312,0.0238975025713444,0.0169514045119286,7.30218553543091,1.45894074440002,58.4536209106445,1198.77075195312,0.282208979129791,20.524528503418,-823.23955761392,-1037.48932304778,"WhiteTroatedCaracara",20
703,0,6.92903757095337,0,8.91625022888184,40.1064300537109,38.6885299682617,0,0.216513603925705,6.00043106079102,4.62996578216553,50.4119758605957,1050.0126953125,-0.815431833267212,19.4793491363525,-803.23955761392,-1037.48932304778,"WhiteTroatedCaracara",20
704,0,5.40406036376953,0,9.32352447509766,42.2775840759277,28.8907375335693,0,0.096421055495739,8.44859504699707,2.64735198020935,59.8882827758789,995.092712402344,-0.213026314973831,18.5907802581787,-783.23955761392,-1037.48932304778,"WhiteTroatedCaracara",20
705,0,8.85228252410889,0,8.96218585968018,44.8467063903809,38.6447868347168,0,0.308694899082184,5.69878101348877,2.15095925331116,52.9821548461914,1077.45935058594,-0.20051833987236,25.5547485351562,-763.23955761392,-1037.48932304778,"WhiteTroatedCaracara",20
706,0,5.59120321273804,0,7.57873868942261,44.4830551147461,42.9574432373047,0.0806312635540962,0,7.23895740509033,1.57674086093903,47.8433609008789,1366.77819824219,0.863415062427521,32.0903358459473,-743.23955761392,-1037.48932304778,"WhiteTroatedCaracara",20
707,0,6.12878370285034,0,8.53153800964355,48.523796081543,35.3634376525879,0.0858416929841042,0.039515919983387,7.68705654144287,0.410417199134827,56.4164886474609,1209.47802734375,0.603976130485535,27.4349784851074,-723.23955761392,-1037.48932304778,"WhiteTroatedCaracara",20
708,0,6.21893072128296,0,9.76470947265625,52.4651298522949,31.4114971160889,0,0.0238931719213724,7.92332124710083,0.095945879817009,60.4664459228516,984.544555664062,-0.113681204617023,13.5761947631836,-703.23955761392,-1037.48932304778,"WhiteTroatedCaracara",20
709,1,3.82164144515991,0,10.3790407180786,53.7692794799805,26.9019889831543,0,0.0295249354094267,8.53032875061035,0,63.8896713256836,882.121032714844,0.041897639632225,15.6646146774292,-683.23955761392,-1037.48932304778,"WhiteTroatedCaracara",20
710,0,3.76777863502502,0,10.6624898910522,54.136474609375,24.9066104888916,0,0,9.64189434051514,0,65.1543884277344,847.159729003906,-0.0794089287519455,14.0457897186279,-663.23955761392,-1037.48932304778,"WhiteTroatedCaracara",20
711,0,6.72866106033325,0,11.2337188720703,54.6234741210938,22.4747638702393,0,0.0351354405283928,10.2946910858154,0.0271148439496756,66.911003112793,752.262939453125,-0.284540683031082,13.3727903366089,-643.23955761392,-1037.48932304778,"WhiteTroatedCaracara",20
712,0,14.5863924026489,0,11.544207572937,54.7812881469727,25.5737400054932,0.0363580659031868,0,9.44079208374023,0.0418486036360264,64.2505722045898,728.604248046875,-0.315090328454971,22.099006652832,-603.23955761392,-1037.48932304778,"WhiteTroatedCaracara",20
713,0,16.7613868713379,0,11.6174783706665,55.3296356201172,33.4187126159668,0.263400554656982,0,7.25109100341797,0,59.0724411010742,729.6171875,0.122852519154549,18.0789813995361,-583.23955761392,-1037.48932304778,"WhiteTroatedCaracara",20
714,1,19.3735618591309,0,12.1105575561523,56.4043617248535,40.6751022338867,0,0,5.03228092193604,0,54.3092842102051,642.918884277344,-0.230398654937744,18.7023010253906,-563.23955761392,-1037.48932304778,"WhiteTroatedCaracara",20
715,1,12.7855081558228,0,12.5492706298828,57.1988563537598,42.6367263793945,0,0,3.56573152542114,0,53.7919731140137,560.832641601562,-0.0974543839693069,16.4908256530762,-543.23955761392,-1037.48932304778,"WhiteTroatedCaracara",20
716,0,2.66556549072266,0,13.0302438735962,58.2800445556641,37.2467765808105,0.0809878185391426,0,5.37528228759766,0,57.1757965087891,463.46875,0.137369573116302,13.7189989089966,-523.23955761392,-1037.48932304778,"WhiteTroatedCaracara",20
717,1,25.2235984802246,0,9.38584041595459,229.175140380859,0,1.1237895488739,0.172575190663338,19.2148571014404,0.0943188071250916,3.39486169815063,150.251281738281,-0.313978731632233,41.3855743408203,-1163.23955761392,-1057.48932304778,"WhiteTroatedCaracara",20
718,1,14.1183757781982,0,8.22170352935791,214.86457824707,0,1.98153126239777,0.318969815969467,46.7500686645508,0.000183245254447684,4.99275064468384,550.491271972656,-0.257730722427368,102.602577209473,-1143.23955761392,-1057.48932304778,"WhiteTroatedCaracara",20
719,1,3.54697275161743,0,9.9393138885498,189.667465209961,0.016926484182477,25.1151657104492,2.90868806838989,25.5152187347412,1.95017969608307,0.993916153907776,232.073516845703,-0.302854269742966,38.976188659668,-1123.23955761392,-1057.48932304778,"WhiteTroatedCaracara",20
720,1,2.36712908744812,0,10.8335494995117,174.153732299805,0,48.6223258972168,0.445705592632294,16.6643371582031,8.3019847869873,0.112610146403313,97.1162567138672,-0.325393468141556,10.0183334350586,-1103.23955761392,-1057.48932304778,"WhiteTroatedCaracara",20
721,1,3.40174913406372,0,11.0071048736572,191.582565307617,0.125338688492775,46.5986518859863,0.50385993719101,15.1793565750122,10.3915491104126,0.22096312046051,125.272300720215,0.0503542944788933,5.13661527633667,-1083.23955761392,-1057.48932304778,"WhiteTroatedCaracara",20
722,1,3.04129838943481,0,11.0849227905273,243.392913818359,0.152943760156631,29.3222484588623,2.35705280303955,23.6437969207764,5.42432737350464,0.237360134720802,190.782577514648,-0.0876504629850388,10.5966625213623,-1063.23955761392,-1057.48932304778,"WhiteTroatedCaracara",20
723,1,3.93671536445618,0,10.8501682281494,314.638122558594,0.0307273752987385,8.83918952941895,1.05851316452026,26.2261047363281,2.08027362823486,4.30492734909058,307.606079101562,-2.40501999855042,60.580207824707,-1043.23955761392,-1057.48932304778,"WhiteTroatedCaracara",20
724,1,3.48773097991943,0,8.77571582794189,315.467315673828,1.37587440013885,2.85157585144043,1.22687637805939,40.8029747009277,1.14564657211304,9.1974048614502,735.752502441406,0.756454646587372,133.961639404297,-1023.23955761392,-1057.48932304778,"WhiteTroatedCaracara",20
725,0,9.99196529388428,0,6.9194803237915,234.94953918457,2.18224787712097,3.69440650939941,3.57120275497437,43.3511085510254,5.55883646011353,14.5728282928467,1091.59411621094,2.19855356216431,169.939849853516,-1003.23955761392,-1057.48932304778,"WhiteTroatedCaracara",20
726,1,12.4255905151367,0,5.75107431411743,156.520980834961,5.6085786819458,3.80806922912598,4.26175832748413,32.6786155700684,13.9155073165894,17.1434841156006,1322.294921875,0.668142199516296,178.133285522461,-983.23955761392,-1057.48932304778,"WhiteTroatedCaracara",20
727,1,5.56225109100342,0,7.95033645629883,137.422546386719,0.958492279052734,1.51417469978333,2.64210057258606,22.3784790039062,4.70667743682861,7.72329950332642,951.212341308594,-0.76600706577301,77.6953811645508,-963.23955761392,-1057.48932304778,"WhiteTroatedCaracara",20
728,1,4.57729482650757,0,6.28307104110718,85.6759643554688,8.36393642425537,7.66866970062256,5.59813737869263,21.6766471862793,17.2235145568848,21.8678722381592,1297.00805664062,3.49377512931824,90.0281372070312,-943.23955761392,-1057.48932304778,"WhiteTroatedCaracara",20
729,1,3.84255313873291,0,7.71402359008789,69.3805694580078,17.1704406738281,1.10312151908875,0.797821044921875,19.0115737915039,3.35131025314331,57.2943077087402,1080.29406738281,0.211017668247223,73.29296875,-923.23955761392,-1057.48932304778,"WhiteTroatedCaracara",20
730,1,9.14424324035645,0,7.7899341583252,56.2741889953613,19.7607860565186,0.220827654004097,0.163048714399338,21.1277847290039,1.9856276512146,56.1964111328125,1099.78601074219,-0.872643411159515,55.7843017578125,-903.23955761392,-1057.48932304778,"WhiteTroatedCaracara",20
731,1,3.4384548664093,0,7.90272617340088,48.4569816589355,20.3809471130371,0.477870285511017,0.134436786174774,16.3476886749268,3.83870577812195,58.6227111816406,1103.96887207031,0.720424652099609,32.4068832397461,-883.23955761392,-1057.48932304778,"WhiteTroatedCaracara",20
732,1,4.20629739761353,0,8.461012840271,44.7554740905762,20.0338554382324,0.850775837898254,0.0837610587477684,14.1816530227661,3.27567744255066,60.9492530822754,1035.02514648438,0.672614693641663,55.4080696105957,-863.23955761392,-1057.48932304778,"WhiteTroatedCaracara",20
733,0,7.20021772384644,0,8.42629146575928,41.7808532714844,30.7316436767578,0.256858587265015,0.0252414587885141,7.51846218109131,2.32498741149902,59.0560836791992,1067.82421875,-0.0978445261716843,36.284595489502,-843.23955761392,-1057.48932304778,"WhiteTroatedCaracara",20
734,0,8.44652938842773,0,7.82272005081177,38.733325958252,49.1460075378418,0.00208375719375908,0.0840060263872147,2.14791870117188,3.99796080589294,44.1389465332031,1209.79113769531,0.0341764017939568,22.7337036132812,-823.23955761392,-1057.48932304778,"WhiteTroatedCaracara",20
735,0,6.74297666549683,0,8.56900215148926,40.4277420043945,47.7348823547363,0.0522677004337311,0.0440461337566376,1.92926585674286,1.74490296840668,48.2892837524414,1101.45593261719,1.37738728523254,25.5826816558838,-803.23955761392,-1057.48932304778,"WhiteTroatedCaracara",20
736,0,4.81329154968262,0,9.93901538848877,44.9251136779785,32.7387390136719,0.110015116631985,0.673612236976624,5.74124717712402,4.18218040466309,50.3686218261719,851.90673828125,-0.0726982802152634,9.05858421325684,-783.23955761392,-1057.48932304778,"WhiteTroatedCaracara",20
737,0,13.2423000335693,0,9.63101005554199,47.9004707336426,38.8842887878418,0,1.60120069980621,4.87048768997192,2.10918426513672,52.4950904846191,927.937683105469,-0.48125222325325,15.4952449798584,-763.23955761392,-1057.48932304778,"WhiteTroatedCaracara",20
738,0,7.63004922866821,0,8.64337539672852,48.8324203491211,50.3921737670898,0,0,1.02502632141113,0.981187105178833,47.5112915039062,1138.962890625,0.112843126058578,20.0643844604492,-743.23955761392,-1057.48932304778,"WhiteTroatedCaracara",20
739,1,7.0254807472229,0,9.17755603790283,52.8411407470703,39.495532989502,0,0,5.19106435775757,0.485054016113281,54.748046875,1051.98583984375,0.0614523999392986,18.402437210083,-723.23955761392,-1057.48932304778,"WhiteTroatedCaracara",20
740,1,4.20184850692749,0,9.75177669525146,53.9832801818848,38.4839363098145,0.0396286845207214,0.00393790658563375,4.71814012527466,0.458752810955048,55.8454208374023,956.283935546875,0.0547989793121815,16.4562110900879,-703.23955761392,-1057.48932304778,"WhiteTroatedCaracara",20
741,0,10.5272302627563,0,10.12903881073,53.8664741516113,44.2582702636719,0,0.0326469652354717,4.00217151641846,0.504625916481018,51.05712890625,904.451171875,-0.154150426387787,17.1286678314209,-683.23955761392,-1057.48932304778,"WhiteTroatedCaracara",20
742,1,3.14899706840515,0,10.4647388458252,53.3673896789551,36.4460411071777,0,0,6.1165885925293,0.0630406960844994,57.3027038574219,860.45361328125,0.0881552770733833,13.0458612442017,-663.23955761392,-1057.48932304778,"WhiteTroatedCaracara",20
743,0,5.24100828170776,0,10.4625205993652,53.4252853393555,27.7122611999512,0,0.0566588416695595,8.67365837097168,0.115103363990784,63.0523910522461,878.789306640625,-0.0637350082397461,21.2253341674805,-643.23955761392,-1057.48932304778,"WhiteTroatedCaracara",20
744,0,24.3798580169678,0,10.030891418457,52.8547554016113,41.1784400939941,0,0.147256925702095,4.90518712997437,0.0200109034776688,53.586109161377,991.804382324219,0.520668983459473,11.1510610580444,-623.23955761392,-1057.48932304778,"WhiteTroatedCaracara",20
745,0,24.3798580169678,0,10.030891418457,52.8547554016113,41.1784400939941,0,0.147256925702095,4.90518712997437,0.0200109034776688,53.586109161377,991.804382324219,0.520668983459473,11.1510610580444,-603.23955761392,-1057.48932304778,"WhiteTroatedCaracara",20
746,0,35.8312911987305,0,10.147421836853,53.4788284301758,40.534839630127,0,0,4.41743898391724,0,54.9489974975586,979.932800292969,-0.0643030628561974,11.9666404724121,-583.23955761392,-1057.48932304778,"WhiteTroatedCaracara",20
747,0,30.9728565216064,0,10.5272445678711,54.2343673706055,42.2820281982422,0,0,2.13822054862976,0,54.6098747253418,921.300170898438,-0.0913441255688667,14.1912832260132,-563.23955761392,-1057.48932304778,"WhiteTroatedCaracara",20
748,0,12.8982048034668,0,11.3094911575317,55.4923286437988,37.3704833984375,0,0,2.97188687324524,0,59.6468734741211,782.359558105469,0.109854005277157,11.9395036697388,-543.23955761392,-1057.48932304778,"WhiteTroatedCaracara",20
749,0,2.2101993560791,0,12.4175128936768,56.9317817687988,29.1989841461182,0,0,7.50468587875366,0,63.2881393432617,565.164733886719,-0.0728808492422104,17.3333969116211,-523.23955761392,-1057.48932304778,"WhiteTroatedCaracara",20
750,1,25.2235984802246,0,9.38584041595459,229.175140380859,0,1.1237895488739,0.172575190663338,19.2148571014404,0.0943188071250916,3.39486169815063,150.251281738281,-0.313978731632233,41.3855743408203,-1163.23955761392,-1077.48932304778,"WhiteTroatedCaracara",20
751,1,10.5153398513794,0,8.58797168731689,224.547164916992,0.0606824047863483,8.96892356872559,0.744335412979126,38.1153602600098,0.787073075771332,3.80592799186707,461.765350341797,0.758439242839813,79.2237396240234,-1143.23955761392,-1077.48932304778,"WhiteTroatedCaracara",20
752,1,2.13237071037292,0,10.0643882751465,206.884399414062,0.0354969315230846,35.3466911315918,2.00310873985291,19.8200073242188,2.8363196849823,0.178654626011848,195.776672363281,-0.664907336235046,23.5009441375732,-1123.23955761392,-1077.48932304778,"WhiteTroatedCaracara",20
753,1,3.32304835319519,0,10.6019620895386,197.029632568359,0,49.5663299560547,0.475179851055145,14.1933174133301,8.25299835205078,0.0121942684054375,127.844009399414,-0.0991813540458679,8.34194946289062,-1103.23955761392,-1077.48932304778,"WhiteTroatedCaracara",20
754,1,3.30964159965515,0,10.9870939254761,214.333480834961,0,33.1381149291992,0.826174855232239,13.5211200714111,9.79428577423096,0.101220607757568,123.409370422363,0.135095283389091,8.31053829193115,-1083.23955761392,-1077.48932304778,"WhiteTroatedCaracara",20
755,1,5.6932692527771,0,11.5898723602295,251.810409545898,8.54273748700507e-05,9.53086757659912,0.749767541885376,13.065544128418,2.04953932762146,0.365299105644226,99.3246231079102,-0.34051725268364,9.87511444091797,-1063.23955761392,-1077.48932304778,"WhiteTroatedCaracara",20
756,1,6.92532968521118,0,8.51851081848145,302.271392822266,2.21597933769226,4.71797752380371,1.76529908180237,40.8447494506836,1.49680495262146,10.5084133148193,716.3779296875,3.88895964622498,113.900077819824,-1043.23955761392,-1077.48932304778,"WhiteTroatedCaracara",20
757,1,12.2750396728516,0,9.3956127166748,363.716369628906,0.716985464096069,3.0885763168335,0.815351188182831,33.4473571777344,1.45274424552917,6.81840801239014,601.850524902344,-3.70388913154602,129.668212890625,-1023.23955761392,-1077.48932304778,"WhiteTroatedCaracara",20
758,1,7.27535820007324,0,7.86134052276611,295.440155029297,2.27722549438477,3.69670963287354,1.0877925157547,41.1455497741699,4.06255865097046,13.0861110687256,907.9833984375,-1.24089300632477,221.054077148438,-1003.23955761392,-1077.48932304778,"WhiteTroatedCaracara",20
759,1,5.23548460006714,0,5.59216022491455,169.783447265625,3.93048906326294,4.83500623703003,3.1562294960022,32.7085571289062,10.5559816360474,12.3242120742798,1326.37329101562,2.49205350875854,197.668395996094,-983.23955761392,-1077.48932304778,"WhiteTroatedCaracara",20
760,1,4.70305776596069,1,6.33648586273193,125.818580627441,5.82584762573242,4.80313730239868,4.75596904754639,22.6005554199219,13.4442338943481,13.6447811126709,1227.58752441406,0.230821430683136,134.753295898438,-963.23955761392,-1077.48932304778,"WhiteTroatedCaracara",20
761,1,2.3109438419342,0,8.14113330841064,97.3062591552734,5.32290410995483,3.71545004844666,3.9951376914978,11.4348268508911,10.5320358276367,15.4369897842407,899.716979980469,-1.24867296218872,46.5284042358398,-943.23955761392,-1077.48932304778,"WhiteTroatedCaracara",20
762,1,2.81238698959351,0,8.02167987823486,66.931037902832,13.1352701187134,6.92161417007446,1.45920205116272,11.0171089172363,13.7985916137695,50.938892364502,968.579345703125,-0.961435675621033,37.8549613952637,-923.23955761392,-1077.48932304778,"WhiteTroatedCaracara",20
763,1,4.41523885726929,0,7.57251310348511,53.5097770690918,20.7792472839355,0.90533035993576,0.799405634403229,21.4644889831543,1.50941824913025,53.8657684326172,1106.6650390625,-0.270861327648163,42.8759155273438,-903.23955761392,-1077.48932304778,"WhiteTroatedCaracara",20
764,1,5.21572875976562,0,7.81825637817383,46.9458656311035,19.3948459625244,1.29886972904205,0.617473125457764,19.807580947876,2.86942744255066,55.5801162719727,1091.91174316406,-0.356479644775391,32.2959442138672,-883.23955761392,-1077.48932304778,"WhiteTroatedCaracara",20
765,1,4.52216625213623,0,8.36942100524902,44.434684753418,33.4667663574219,0.518324851989746,0.093785397708416,9.04696178436279,7.12179088592529,49.6736946105957,1021.4384765625,-0.216649755835533,33.4873199462891,-863.23955761392,-1077.48932304778,"WhiteTroatedCaracara",20
766,1,4.71241331100464,0,7.99473476409912,40.3863334655762,39.8167343139648,0.0340960323810577,0.0406400226056576,6.14920425415039,7.20652627944946,46.5816993713379,1122.62353515625,0.399309992790222,31.6399326324463,-843.23955761392,-1077.48932304778,"WhiteTroatedCaracara",20
767,0,7.74195241928101,0,7.95742225646973,38.6504516601562,46.7254791259766,0.00683333398774266,0.0878105089068413,2.89329123497009,3.54887056350708,46.0926666259766,1163.55383300781,-0.32719150185585,21.0540142059326,-823.23955761392,-1077.48932304778,"WhiteTroatedCaracara",20
768,0,4.33830308914185,0,8.8603687286377,41.0528831481934,42.4264335632324,0.137619435787201,0.0163045730441809,3.79381227493286,2.54766368865967,50.6877288818359,1022.30224609375,-0.660647988319397,29.9704055786133,-803.23955761392,-1077.48932304778,"WhiteTroatedCaracara",20
769,1,3.38582921028137,0,9.78154945373535,45.2351608276367,28.8223743438721,0.0810082629323006,0.12410045415163,7.07807016372681,2.02395415306091,57.6427307128906,853.495422363281,-0.0632695704698563,11.3693284988403,-783.23955761392,-1077.48932304778,"WhiteTroatedCaracara",20
770,1,6.3354640007019,0,9.80526638031006,48.7912750244141,35.4748764038086,0.0961399525403976,0.488385945558548,6.85658359527588,2.1557412147522,54.4890441894531,865.402099609375,0.0402875542640686,7.53778505325317,-763.23955761392,-1077.48932304778,"WhiteTroatedCaracara",20
771,1,5.27907037734985,0,9.64276695251465,53.0318832397461,38.4988021850586,0.975669741630554,0.328905522823334,6.06618309020996,0.139273643493652,53.8556098937988,912.639770507812,-0.313197940587997,13.4964752197266,-743.23955761392,-1077.48932304778,"WhiteTroatedCaracara",20
772,1,2.43097805976868,0,9.76260185241699,56.931526184082,28.5475368499756,0.281003952026367,0.0456986837089062,9.1026029586792,0.434678107500076,60.9317016601562,900.992126464844,-0.364963203668594,10.8217391967773,-723.23955761392,-1077.48932304778,"WhiteTroatedCaracara",20
773,0,12.6604948043823,0,9.50581550598145,54.0362510681152,43.4536285400391,0,0,3.95623755455017,0.391221135854721,52.0722465515137,973.595581054688,0.328298926353455,12.8217430114746,-703.23955761392,-1077.48932304778,"WhiteTroatedCaracara",20
774,0,18.3282985687256,0,9.48039817810059,52.6375770568848,46.6567573547363,0,0.000602898362558335,2.79266309738159,0.320004671812057,49.9258499145508,999.94189453125,0.114665411412716,15.5637245178223,-683.23955761392,-1077.48932304778,"WhiteTroatedCaracara",20
775,1,4.61640501022339,0,9.64695358276367,52.0491256713867,28.3182430267334,0.0185381341725588,0.048262283205986,8.81440830230713,0.155293643474579,62.1150932312012,991.261535644531,-0.136192634701729,19.9004192352295,-663.23955761392,-1077.48932304778,"WhiteTroatedCaracara",20
776,0,15.6152000427246,0,9.10908031463623,51.215991973877,48.1972045898438,0,0.0857345834374428,2.25105810165405,0.169459193944931,48.9451866149902,1113.71691894531,0.109347797930241,11.3568506240845,-643.23955761392,-1077.48932304778,"WhiteTroatedCaracara",20
777,0,27.0134048461914,0,9.25267028808594,51.4406547546387,50.1543045043945,0,0.0370716080069542,1.1560777425766,0.304232984781265,47.7378578186035,1101.30078125,0.0256421696394682,6.58858823776245,-623.23955761392,-1077.48932304778,"WhiteTroatedCaracara",20
778,0,36.8129768371582,0,9.16082096099854,51.203296661377,49.7960205078125,0,0.100534066557884,0.138901114463806,0.174699485301971,49.3444595336914,1128.19897460938,-0.00440451223403215,7.84605360031128,-603.23955761392,-1077.48932304778,"WhiteTroatedCaracara",20
779,0,48.6046524047852,0,8.54133224487305,51.2307472229004,47.7083282470703,0,0,0.291088253259659,0.736737608909607,51.0435600280762,1253.73303222656,0.318912178277969,13.0139589309692,-583.23955761392,-1077.48932304778,"WhiteTroatedCaracara",20
780,1,37.9681739807129,0,8.94671249389648,52.2385025024414,46.6657829284668,0,0,0.229278907179832,0.257286041975021,52.2637977600098,1194.25817871094,0.501149356365204,13.8534727096558,-563.23955761392,-1077.48932304778,"WhiteTroatedCaracara",20
781,0,21.6390342712402,0,10.4083728790283,54.313892364502,45.091682434082,0,0,1.63170611858368,0,53.2638778686523,932.340454101562,0.168155670166016,11.34583568573,-543.23955761392,-1077.48932304778,"WhiteTroatedCaracara",20
782,0,11.0205850601196,0,11.7177772521973,55.3013191223145,36.8966522216797,0,0,2.17770290374756,0,60.908073425293,684.43115234375,0.412764549255371,10.3133478164673,-523.23955761392,-1077.48932304778,"WhiteTroatedCaracara",20
783,0,16.2381973266602,0,9.35199546813965,239.88932800293,0.0962563753128052,10.5498208999634,2.36913633346558,27.5955944061279,0.634951889514923,4.68041181564331,297.160583496094,-0.144167959690094,61.8234176635742,-1163.23955761392,-1097.48932304778,"WhiteTroatedCaracara",20
784,1,16.2381973266602,0,9.35199546813965,239.88932800293,0.0962563753128052,10.5498208999634,2.36913633346558,27.5955944061279,0.634951889514923,4.68041181564331,297.160583496094,-0.144167959690094,61.8234176635742,-1143.23955761392,-1097.48932304778,"WhiteTroatedCaracara",20
785,1,3.62234497070312,0,10.169695854187,231.295654296875,0,36.6218681335449,1.85001218318939,18.6112594604492,4.30650424957275,0.073939137160778,157.300354003906,0.522483110427856,22.8840007781982,-1123.23955761392,-1097.48932304778,"WhiteTroatedCaracara",20
786,1,2.82334637641907,0,10.3084774017334,230.350128173828,0.0474461130797863,44.9264068603516,0.464869469404221,14.2625675201416,13.1312026977539,0.0570796392858028,156.45866394043,0.289168328046799,5.75280237197876,-1103.23955761392,-1097.48932304778,"WhiteTroatedCaracara",20
787,1,4.65249443054199,0,11.0254325866699,244.144546508789,0.0826031640172005,19.4979610443115,0.845620632171631,10.9517087936401,7.95066976547241,0.271068811416626,88.5926284790039,-0.317892134189606,8.58805084228516,-1083.23955761392,-1097.48932304778,"WhiteTroatedCaracara",20
788,1,4.99379920959473,0,11.1663198471069,269.718902587891,0.00236176513135433,3.94647741317749,0.670145750045776,15.978325843811,1.53103709220886,0.384015262126923,132.657119750977,-0.426171869039536,18.1485614776611,-1063.23955761392,-1097.48932304778,"WhiteTroatedCaracara",20
789,1,3.32661628723145,0,10.2712326049805,321.364501953125,0.23130938410759,4.28231191635132,1.56379723548889,37.0441017150879,0.481663882732391,6.52567005157471,344.5341796875,-2.79039072990417,94.5597076416016,-1043.23955761392,-1097.48932304778,"WhiteTroatedCaracara",20
790,1,10.3534440994263,0,8.16071319580078,325.236785888672,0.615452647209167,3.24719834327698,0.944223582744598,46.7715797424316,1.97809767723083,11.9306774139404,796.013366699219,2.77575087547302,164.100372314453,-1023.23955761392,-1097.48932304778,"WhiteTroatedCaracara",20
791,1,14.0231781005859,0,7.13069677352905,258.556182861328,2.00996685028076,4.10561037063599,1.94732475280762,44.8564414978027,5.88066720962524,13.6583185195923,1014.83148193359,-2.03571033477783,200.683792114258,-1003.23955761392,-1097.48932304778,"WhiteTroatedCaracara",20
792,1,5.27220249176025,1,5.90602588653564,164.212921142578,2.16488695144653,4.78936910629272,3.45370101928711,41.4952011108398,4.84785270690918,9.95703506469727,1257.73425292969,-0.413057446479797,160.609786987305,-983.23955761392,-1097.48932304778,"WhiteTroatedCaracara",20
793,1,2.72789120674133,0,5.98465871810913,125.433731079102,4.00558710098267,4.61481428146362,5.46833276748657,30.6999263763428,11.8008108139038,13.7337684631348,1262.95739746094,-2.16733527183533,167.814025878906,-963.23955761392,-1097.48932304778,"WhiteTroatedCaracara",20
794,1,5.93044805526733,1,4.65368890762329,82.9434051513672,11.0929718017578,5.60433673858643,6.99432468414307,23.7961101531982,16.7778663635254,22.1325492858887,1545.36767578125,2.15678906440735,128.454406738281,-943.23955761392,-1097.48932304778,"WhiteTroatedCaracara",20
795,1,2.46433758735657,0,6.62146902084351,64.2491683959961,18.5625438690186,2.53753638267517,3.7341251373291,20.9566307067871,9.52946281433105,42.3802375793457,1227.462890625,-0.287519961595535,46.0702133178711,-923.23955761392,-1097.48932304778,"WhiteTroatedCaracara",20
796,1,4.20163059234619,0,7.1904673576355,52.1718826293945,21.0141639709473,0.901543915271759,0.386234194040298,21.1542987823486,2.65912461280823,52.9357223510742,1165.5224609375,0.400409340858459,32.2558898925781,-903.23955761392,-1097.48932304778,"WhiteTroatedCaracara",20
797,1,5.01477766036987,0,7.10291957855225,44.8243408203125,27.1213474273682,1.32981944084167,0.727823674678802,18.6185874938965,5.04628801345825,46.1019439697266,1218.955078125,1.03454113006592,35.5999565124512,-883.23955761392,-1097.48932304778,"WhiteTroatedCaracara",20
798,0,6.08081579208374,0,7.15055704116821,41.3144416809082,32.638053894043,1.34158647060394,0.159054413437843,17.4528789520264,4.79473352432251,43.1271591186523,1238.50927734375,-0.115726120769978,38.8673667907715,-863.23955761392,-1097.48932304778,"WhiteTroatedCaracara",20
799,0,13.1484889984131,0,6.87253284454346,38.0156326293945,34.5399322509766,0.262901425361633,0.0274026580154896,18.4793605804443,5.05419206619263,40.8557014465332,1322.60974121094,0.28553768992424,38.1969108581543,-843.23955761392,-1097.48932304778,"WhiteTroatedCaracara",20
800,1,5.95731973648071,0,8.37314796447754,39.6145362854004,36.9852561950684,0.31998747587204,0,10.325023651123,8.07993316650391,44.0221290588379,1067.62451171875,0.154234603047371,27.2686996459961,-823.23955761392,-1097.48932304778,"WhiteTroatedCaracara",20
801,1,4.84746646881104,0,8.70710277557373,41.0203170776367,37.85791015625,0.110259026288986,0.0235068872570992,7.38821697235107,5.75565671920776,47.2991027832031,1025.62890625,0.161514595150948,27.9687023162842,-803.23955761392,-1097.48932304778,"WhiteTroatedCaracara",20
802,1,4.51017093658447,0,9.4614953994751,44.5117225646973,28.9668502807617,0.0936068966984749,0.0517922751605511,7.55561923980713,6.59074211120605,56.4629287719727,897.373168945312,-0.564617037773132,15.5529127120972,-783.23955761392,-1097.48932304778,"WhiteTroatedCaracara",20
803,0,11.7882308959961,0,9.35147380828857,47.4176063537598,48.5276260375977,0.0464665107429028,0,3.10949325561523,2.68313908576965,45.538013458252,931.363403320312,-0.080080084502697,11.4338645935059,-763.23955761392,-1097.48932304778,"WhiteTroatedCaracara",20
804,0,13.7520227432251,0,9.26268100738525,50.8036117553711,40.8854522705078,0,0.0044507272541523,5.3761157989502,1.81485915184021,51.2325744628906,966.080871582031,-0.157752767205238,20.5574684143066,-743.23955761392,-1097.48932304778,"WhiteTroatedCaracara",20
805,1,3.4021258354187,0,9.54846477508545,54.2094345092773,41.2512855529785,0.381105005741119,0.327971577644348,4.98835945129395,1.39868068695068,50.3219871520996,923.240234375,-0.189540460705757,7.48048877716064,-723.23955761392,-1097.48932304778,"WhiteTroatedCaracara",20
806,1,7.41705513000488,0,9.2045373916626,52.7644538879395,46.5656051635742,0.186331570148468,0.044902678579092,2.55175018310547,1.08399331569672,49.1161613464355,1016.27197265625,0.0479509010910988,11.9170551300049,-703.23955761392,-1097.48932304778,"WhiteTroatedCaracara",20
807,0,14.7086572647095,0,9.23473262786865,51.2608375549316,49.9340972900391,0.382843285799026,0.0935032293200493,1.00813412666321,1.11913371086121,45.7331504821777,1030.52941894531,-0.126114785671234,13.45530128479,-683.23955761392,-1097.48932304778,"WhiteTroatedCaracara",20
808,0,4.77933406829834,0,8.99675941467285,49.9519691467285,51.724967956543,0,0.0515164993703365,0.853286862373352,0.688431620597839,46.2031326293945,1102.21765136719,0.336207568645477,12.000114440918,-663.23955761392,-1097.48932304778,"WhiteTroatedCaracara",20
809,0,18.6092662811279,0,9.1398458480835,50.4735870361328,53.5999641418457,0,0.175904422998428,0.00608234712854028,0.0259741190820932,46.0978698730469,1092.091796875,-0.178893893957138,5.27923917770386,-643.23955761392,-1097.48932304778,"WhiteTroatedCaracara",20
810,1,36.2593841552734,0,8.83104133605957,49.5522651672363,51.5948028564453,0,0.468672007322311,0.486343204975128,0.209153488278389,47.1280212402344,1162.52209472656,-0.0296871419996023,8.37144947052002,-623.23955761392,-1097.48932304778,"WhiteTroatedCaracara",20
811,0,44.3722763061523,0,8.7531795501709,49.2772216796875,46.7351722717285,0,0.0389207564294338,0.425092369318008,0.571134746074677,52.1182250976562,1193.17419433594,0.172019496560097,9.6577672958374,-603.23955761392,-1097.48932304778,"WhiteTroatedCaracara",20
812,0,40.6585693359375,0,8.12320709228516,49.8565788269043,41.1340217590332,0.31514111161232,0.119335271418095,1.07193005084991,1.37908160686493,55.1783103942871,1322.75769042969,0.206492274999619,18.5085830688477,-583.23955761392,-1097.48932304778,"WhiteTroatedCaracara",20
813,0,34.6456680297852,0,9.07479000091553,51.2637176513672,36.6749954223633,0,0.0218496918678284,1.66979360580444,0.191892206668854,60.935474395752,1162.54211425781,0.00432635471224785,17.6628837585449,-563.23955761392,-1097.48932304778,"WhiteTroatedCaracara",20
814,0,25.1856441497803,0,10.5357837677002,53.057975769043,48.8133201599121,0,0,1.53404152393341,0,49.636775970459,889.05078125,0.00551551207900047,13.3976831436157,-543.23955761392,-1097.48932304778,"WhiteTroatedCaracara",20
815,0,15.5576906204224,0,11.6983413696289,54.0615348815918,36.8846817016602,0,0,5.21286296844482,0,57.8791580200195,668.956481933594,-0.0300637446343899,20.6270751953125,-523.23955761392,-1097.48932304778,"WhiteTroatedCaracara",20
816,0,15.5576906204224,0,11.6983413696289,54.0615348815918,36.8846817016602,0,0,5.21286296844482,0,57.8791580200195,668.956481933594,-0.0300637446343899,20.6270751953125,-503.23955761392,-1097.48932304778,"WhiteTroatedCaracara",20
817,0,5.11161947250366,0,9.61477184295654,263.300567626953,0.14693509042263,7.16464900970459,3.23834729194641,25.958215713501,0.382391214370728,2.81911110877991,236.175018310547,1.00538563728333,43.1865272521973,-1163.23955761392,-1117.48932304778,"WhiteTroatedCaracara",20
818,1,5.11161947250366,0,9.61477184295654,263.300567626953,0.14693509042263,7.16464900970459,3.23834729194641,25.958215713501,0.382391214370728,2.81911110877991,236.175018310547,1.00538563728333,43.1865272521973,-1143.23955761392,-1117.48932304778,"WhiteTroatedCaracara",20
819,1,2.68729209899902,0,10.1662263870239,258.825012207031,0,37.3810272216797,0.9223712682724,18.4298000335693,9.07926464080811,0,147.681045532227,-0.0588272660970688,14.5681953430176,-1123.23955761392,-1117.48932304778,"WhiteTroatedCaracara",20
820,1,1.91601991653442,0,10.5689277648926,259.731323242188,0.0145084802061319,34.4843521118164,1.02519583702087,17.916353225708,8.1547679901123,0.0420294441282749,80.49560546875,-0.338533520698547,10.7238388061523,-1103.23955761392,-1117.48932304778,"WhiteTroatedCaracara",20
821,1,2.03943467140198,0,10.6879968643188,274.845489501953,1.53788244724274,18.7870635986328,4.95569610595703,19.9759540557861,6.00493621826172,4.4463586807251,90.5905609130859,0.137801572680473,10.6550359725952,-1083.23955761392,-1117.48932304778,"WhiteTroatedCaracara",20
822,1,4.22537851333618,0,10.4235773086548,300.929748535156,0.156934052705765,4.43686628341675,3.60600066184998,36.0360717773438,0.629736125469208,2.615727186203,215.718444824219,-0.576287448406219,34.7826728820801,-1063.23955761392,-1117.48932304778,"WhiteTroatedCaracara",20
823,1,6.17533445358276,0,8.57963371276855,315.5322265625,0.579714298248291,1.70433402061462,0.606465995311737,44.2971572875977,1.49052107334137,9.75150871276855,643.121887207031,2.25148987770081,144.87890625,-1043.23955761392,-1117.48932304778,"WhiteTroatedCaracara",20
824,1,3.30787634849548,0,8.82662105560303,327.598846435547,1.3862212896347,3.45484685897827,1.38980746269226,42.6366882324219,2.75853991508484,11.9101305007935,618.298889160156,-1.91477882862091,182.957809448242,-1023.23955761392,-1117.48932304778,"WhiteTroatedCaracara",20
825,1,4.28711414337158,0,6.49857711791992,229.550628662109,4.29412508010864,4.00282192230225,2.17107391357422,39.8079414367676,9.11451148986816,16.7996788024902,1110.34680175781,2.1535017490387,221.910705566406,-1003.23955761392,-1117.48932304778,"WhiteTroatedCaracara",20
826,1,2.63508677482605,0,6.45249557495117,181.753082275391,1.5485132932663,5.93132400512695,2.87071561813354,43.5456352233887,5.17520999908447,10.7943801879883,1132.3076171875,-0.207006603479385,177.744323730469,-983.23955761392,-1117.48932304778,"WhiteTroatedCaracara",20
827,1,3.06348538398743,0,6.34854745864868,132.309066772461,2.66305994987488,5.42282962799072,5.76375961303711,38.2311820983887,8.61648273468018,14.3575496673584,1169.33129882812,1.88466477394104,173.813873291016,-963.23955761392,-1117.48932304778,"WhiteTroatedCaracara",20
828,1,4.06786584854126,1,4.71884679794312,87.783447265625,10.584303855896,3.5549738407135,6.97170686721802,26.8354434967041,17.0582599639893,21.1650447845459,1517.66064453125,1.08845567703247,141.942260742188,-943.23955761392,-1117.48932304778,"WhiteTroatedCaracara",20
829,1,6.62509679794312,0,5.11992597579956,64.2191009521484,15.9434957504272,4.39370489120483,2.92965388298035,19.0837287902832,16.8364810943604,38.6239967346191,1503.09045410156,-1.09013819694519,76.0625534057617,-923.23955761392,-1117.48932304778,"WhiteTroatedCaracara",20
830,1,2.66851711273193,0,6.94075202941895,52.0337715148926,27.8713188171387,0.736467838287354,0.207088023424149,21.2524261474609,3.00315642356873,46.8745498657227,1203.54577636719,0.0520302392542362,37.2128562927246,-903.23955761392,-1117.48932304778,"WhiteTroatedCaracara",20
831,1,2.57202219963074,0,7.70984649658203,45.5313873291016,41.3508682250977,0.730010747909546,0.421723395586014,6.84499311447144,5.48552083969116,44.1394805908203,1087.11669921875,-0.774771988391876,28.3148536682129,-883.23955761392,-1117.48932304778,"WhiteTroatedCaracara",20
832,0,10.866828918457,0,7.02875709533691,40.2190437316895,36.7028388977051,0.261365562677383,0.122457638382912,8.31693267822266,8.46256828308105,45.7379150390625,1253.09252929688,-0.0470329150557518,30.3171577453613,-863.23955761392,-1117.48932304778,"WhiteTroatedCaracara",20
833,0,12.3038883209229,0,6.60718536376953,37.1606292724609,37.352466583252,0.315347582101822,0.027448458597064,12.2223491668701,7.40629434585571,42.127326965332,1361.17443847656,0.557476818561554,31.6699333190918,-843.23955761392,-1117.48932304778,"WhiteTroatedCaracara",20
834,0,4.23795461654663,0,7.52025413513184,37.5726699829102,37.1527366638184,0.415371775627136,0.00957307312637568,9.20638179779053,10.4636363983154,42.1712646484375,1208.72668457031,-0.149607852101326,29.328010559082,-823.23955761392,-1117.48932304778,"WhiteTroatedCaracara",20
835,0,5.30687522888184,0,7.45611238479614,38.1206474304199,39.8346290588379,0.00292948330752552,0.0230080857872963,10.7138690948486,6.3107328414917,42.9266014099121,1247.60632324219,0.759257197380066,33.2990264892578,-803.23955761392,-1117.48932304778,"WhiteTroatedCaracara",20
836,0,3.74585890769958,0,8.41081809997559,41.2174987792969,29.4990158081055,0.484186619520187,0.382151514291763,14.3051500320435,7.66630268096924,47.4559020996094,1084.34802246094,-0.723787069320679,28.9309043884277,-783.23955761392,-1117.48932304778,"WhiteTroatedCaracara",20
837,0,16.8643379211426,0,7.86687755584717,42.5301818847656,39.9860534667969,0.0604659020900726,0.0455377101898193,13.4770402908325,2.65738368034363,43.2146377563477,1207.2939453125,0.487731575965881,31.9409370422363,-763.23955761392,-1117.48932304778,"WhiteTroatedCaracara",20
838,0,22.2796573638916,0,7.84973049163818,44.5647392272949,29.9860534667969,0.143661350011826,0,20.1896362304688,1.64458751678467,47.9956283569336,1233.36486816406,-0.402560442686081,36.7318382263184,-743.23955761392,-1117.48932304778,"WhiteTroatedCaracara",20
839,0,5.61186075210571,0,9.08579730987549,49.6987190246582,37.9172744750977,0.758703589439392,0.138942882418633,8.00777721405029,5.25226306915283,47.299186706543,1008.61981201172,-0.00815404113382101,12.5109062194824,-723.23955761392,-1117.48932304778,"WhiteTroatedCaracara",20
840,0,6.67753076553345,0,8.58773708343506,48.8640327453613,48.8750801086426,0.0770618468523026,0.168521225452423,2.30761766433716,1.2021496295929,47.1092300415039,1125.9541015625,0.075254037976265,16.5945491790771,-703.23955761392,-1117.48932304778,"WhiteTroatedCaracara",20
841,0,4.79694795608521,0,8.91963481903076,49.1164054870605,29.5489177703857,0.094512440264225,0.289683699607849,10.2056665420532,4.14520978927612,55.306209564209,1086.27038574219,-0.603304922580719,34.3216361999512,-683.23955761392,-1117.48932304778,"WhiteTroatedCaracara",20
842,0,3.22519636154175,0,9.2656831741333,48.7807769775391,43.3611221313477,0.209003493189812,0.207375660538673,3.29384756088257,3.48380613327026,47.8841400146484,1039.8798828125,-0.113850668072701,20.9431819915771,-663.23955761392,-1117.48932304778,"WhiteTroatedCaracara",20
843,0,11.3909578323364,0,9.24872970581055,48.6183776855469,49.7559394836426,0.534528017044067,0.111688606441021,1.20625400543213,0.681106269359589,47.5651206970215,1054.88159179688,-0.17937371134758,5.65965366363525,-643.23955761392,-1117.48932304778,"WhiteTroatedCaracara",20
844,0,23.8057765960693,0,8.77658843994141,48.4030952453613,52.4392051696777,0,0.0121619589626789,0.145731851458549,0.182716712355614,46.5847702026367,1161.07702636719,0.253236353397369,9.25538158416748,-623.23955761392,-1117.48932304778,"WhiteTroatedCaracara",20
845,0,27.5569972991943,0,9.35210514068604,48.8654289245605,45.1303215026855,0,0.026783736422658,2.54504561424255,0.124716386198997,50.9902534484863,1067.63012695312,0.682165920734406,18.9404525756836,-603.23955761392,-1117.48932304778,"WhiteTroatedCaracara",20
846,0,21.7975807189941,0,9.31295776367188,49.6467361450195,44.6169586181641,0,0,1.93641996383667,0.0403536111116409,53.2887306213379,1083.85205078125,0.250381261110306,20.9980430603027,-583.23955761392,-1117.48932304778,"WhiteTroatedCaracara",20
847,0,17.2691421508789,0,9.65577793121338,50.5368843078613,45.8079376220703,0,0.0505547560751438,1.92087769508362,0,52.1969528198242,1033.05065917969,0.761089503765106,18.5740013122559,-563.23955761392,-1117.48932304778,"WhiteTroatedCaracara",20
848,0,8.12904644012451,0,10.9994401931763,51.9908638000488,40.0432014465332,0,0,5.13618516921997,0,54.825553894043,781.518737792969,-0.0499758832156658,22.421293258667,-543.23955761392,-1117.48932304778,"WhiteTroatedCaracara",20
849,0,15.5576906204224,0,11.6983413696289,54.0615348815918,36.8846817016602,0,0,5.21286296844482,0,57.8791580200195,668.956481933594,-0.0300637446343899,20.6270751953125,-523.23955761392,-1117.48932304778,"WhiteTroatedCaracara",20
850,0,15.5576906204224,0,11.6983413696289,54.0615348815918,36.8846817016602,0,0,5.21286296844482,0,57.8791580200195,668.956481933594,-0.0300637446343899,20.6270751953125,-503.23955761392,-1117.48932304778,"WhiteTroatedCaracara",20
851,1,3.37173795700073,0,10.5341062545776,284.618835449219,0.47365203499794,10.748706817627,3.19316363334656,25.2842597961426,1.64745700359344,2.29706263542175,49.3341979980469,-0.152737736701965,16.3411293029785,-1143.23955761392,-1137.48932304778,"WhiteTroatedCaracara",20
852,1,3.08708524703979,0,10.7029056549072,283.660034179688,0.431021869182587,24.6723918914795,2.47120261192322,18.3730983734131,3.60815167427063,1.81551945209503,45.4508323669434,-0.187155082821846,14.7403364181519,-1123.23955761392,-1137.48932304778,"WhiteTroatedCaracara",20
853,1,2.65625095367432,0,10.6538848876953,283.353881835938,0.0795191377401352,15.9952821731567,7.21831130981445,19.5164108276367,2.36236381530762,1.36081397533417,57.9499664306641,0.0374683067202568,9.5719633102417,-1103.23955761392,-1137.48932304778,"WhiteTroatedCaracara",20
854,1,1.65973114967346,0,10.8018360137939,306.926696777344,0.184841319918633,6.47058582305908,9.00338172912598,34.7600975036621,0.676589548587799,1.13402760028839,68.1611022949219,-0.0614351481199265,7.14706563949585,-1083.23955761392,-1137.48932304778,"WhiteTroatedCaracara",20
855,1,4.22537851333618,0,10.4235773086548,300.929748535156,0.156934052705765,4.43686628341675,3.60600066184998,36.0360717773438,0.629736125469208,2.615727186203,215.718444824219,-0.576287448406219,34.7826728820801,-1063.23955761392,-1137.48932304778,"WhiteTroatedCaracara",20
856,1,15.6393814086914,0,8.30003356933594,308.294647216797,0.0406394079327583,0.448943763971329,0.759373724460602,50.5068054199219,0.511801838874817,14.9578285217285,660.010986328125,1.73897004127502,141.667587280273,-1043.23955761392,-1137.48932304778,"WhiteTroatedCaracara",20
857,1,14.3015766143799,0,9.28018093109131,317.169372558594,0.523900866508484,2.28443765640259,1.43264627456665,40.8099403381348,1.54248189926147,11.3477296829224,487.992614746094,-0.504326581954956,133.950149536133,-1023.23955761392,-1137.48932304778,"WhiteTroatedCaracara",20
858,1,14.0342588424683,0,7.49407005310059,243.011840820312,1.47817754745483,4.27463674545288,1.31463873386383,45.451000213623,3.98992609977722,15.035795211792,892.564880371094,0.438596487045288,205.26628112793,-1003.23955761392,-1137.48932304778,"WhiteTroatedCaracara",20
859,1,8.75239849090576,0,6.7841010093689,185.460632324219,1.32573735713959,7.17526245117188,2.21162390708923,43.4017601013184,4.51893138885498,10.5010528564453,1048.02783203125,-0.289199978113174,192.763946533203,-983.23955761392,-1137.48932304778,"WhiteTroatedCaracara",20
860,1,5.65620708465576,0,7.27101802825928,138.834182739258,2.42695903778076,7.19916725158691,7.19268369674683,37.4582481384277,6.14827537536621,10.7764339447021,976.315063476562,-0.560595333576202,155.246383666992,-963.23955761392,-1137.48932304778,"WhiteTroatedCaracara",20
861,1,3.3615448474884,0,5.79895401000977,93.8423309326172,4.46208000183105,4.17217397689819,10.042441368103,34.8473892211914,7.30926942825317,15.4893293380737,1275.37329101562,-0.850322306156158,129.903503417969,-943.23955761392,-1137.48932304778,"WhiteTroatedCaracara",20
862,0,6.23809003829956,0,4.87074661254883,65.9334869384766,9.13923454284668,5.34427404403687,6.30955600738525,21.0971260070801,18.6244792938232,32.946346282959,1515.96447753906,-0.474393546581268,102.543838500977,-923.23955761392,-1137.48932304778,"WhiteTroatedCaracara",20
863,0,4.84966659545898,0,6.6657509803772,52.1683654785156,28.3072490692139,0.968702912330627,0.618777334690094,16.8654880523682,5.36636400222778,47.5522804260254,1252.08740234375,1.04210829734802,47.6131286621094,-903.23955761392,-1137.48932304778,"WhiteTroatedCaracara",20
864,0,2.93846249580383,0,7.89257669448853,46.0925369262695,39.2030258178711,0.259014070034027,0.218898952007294,6.97526502609253,7.95774173736572,43.618236541748,1046.68432617188,0.0801110863685608,17.770357131958,-883.23955761392,-1137.48932304778,"WhiteTroatedCaracara",20
865,0,4.80979442596436,0,7.78056335449219,41.2199668884277,36.5779724121094,0.457671225070953,0.225207328796387,6.44951105117798,7.70916366577148,48.1404762268066,1097.10961914062,0.0921836793422699,36.1944465637207,-863.23955761392,-1137.48932304778,"WhiteTroatedCaracara",20
866,0,3.66402006149292,0,7.76419973373413,38.6205444335938,35.8071022033691,1.04809939861298,0.241305366158485,6.1203670501709,7.42675924301147,49.1753196716309,1123.96069335938,-0.791640639305115,27.721658706665,-843.23955761392,-1137.48932304778,"WhiteTroatedCaracara",20
867,0,9.4473762512207,0,7.34043502807617,36.4912261962891,47.0726852416992,0.156282737851143,0.0689136609435081,3.16046166419983,7.34065008163452,41.996940612793,1231.83312988281,0.283831983804703,29.7182693481445,-823.23955761392,-1137.48932304778,"WhiteTroatedCaracara",20
868,0,7.26520967483521,0,7.2910852432251,36.8182678222656,44.8146324157715,0.000740909192245454,0.0321489498019218,4.90790271759033,8.19271659851074,41.8950271606445,1261.01416015625,0.171885415911674,23.4969367980957,-803.23955761392,-1137.48932304778,"WhiteTroatedCaracara",20
869,0,3.38060641288757,0,7.78141784667969,39.026050567627,44.8874931335449,0.503971338272095,0.0417513959109783,5.15890407562256,7.0560188293457,42.3417015075684,1182.07360839844,-0.48896536231041,23.2795085906982,-783.23955761392,-1137.48932304778,"WhiteTroatedCaracara",20
870,0,13.6925582885742,0,7.0901403427124,39.7052345275879,47.1028175354004,0.229298949241638,0.00340942479670048,6.48621797561646,5.57181978225708,40.4376945495605,1336.13928222656,0.370178163051605,31.5208110809326,-763.23955761392,-1137.48932304778,"WhiteTroatedCaracara",20
871,0,20.8861713409424,0,7.28071880340576,41.4814987182617,33.299690246582,0.137973472476006,0,17.630220413208,4.66714286804199,44.1585731506348,1327.74719238281,0.585332274436951,37.1901092529297,-743.23955761392,-1137.48932304778,"WhiteTroatedCaracara",20
872,0,5.41716766357422,0,8.4873161315918,45.5973129272461,38.1415214538574,0.630854666233063,0.232206299901009,10.3866806030273,5.22983837127686,44.8138465881348,1108.90161132812,-0.520077109336853,26.4170513153076,-723.23955761392,-1137.48932304778,"WhiteTroatedCaracara",20
873,0,4.27174949645996,0,8.3937292098999,46.4183540344238,32.4285850524902,0.0622106157243252,0.157971188426018,10.3504981994629,3.92676711082458,52.7321548461914,1147.71618652344,-0.129633843898773,31.1166343688965,-703.23955761392,-1137.48932304778,"WhiteTroatedCaracara",20
874,0,4.17936611175537,0,7.67921209335327,44.9891052246094,30.259162902832,0.682232081890106,0.00893650949001312,17.8167381286621,1.10237085819244,50.0108184814453,1312.06958007812,0.0477448105812073,39.6260299682617,-683.23955761392,-1137.48932304778,"WhiteTroatedCaracara",20
875,1,5.86838912963867,0,8.87656402587891,46.5112190246582,24.2564220428467,0.0700280740857124,0.0140752326697111,9.93259716033936,4.374840259552,61.106689453125,1096.47509765625,-0.146997258067131,13.3202209472656,-663.23955761392,-1137.48932304778,"WhiteTroatedCaracara",20
876,0,5.35320854187012,0,9.10210609436035,46.866771697998,47.7629928588867,0.00548744294792414,0,1.69617557525635,1.1425918340683,49.2748680114746,1063.93103027344,-0.153340741991997,4.97405433654785,-643.23955761392,-1137.48932304778,"WhiteTroatedCaracara",20
877,0,23.8057765960693,0,8.77658843994141,48.4030952453613,52.4392051696777,0,0.0121619589626789,0.145731851458549,0.182716712355614,46.5847702026367,1161.07702636719,0.253236353397369,9.25538158416748,-623.23955761392,-1137.48932304778,"WhiteTroatedCaracara",20
878,0,17.2691421508789,0,9.65577793121338,50.5368843078613,45.8079376220703,0,0.0505547560751438,1.92087769508362,0,52.1969528198242,1033.05065917969,0.761089503765106,18.5740013122559,-563.23955761392,-1137.48932304778,"WhiteTroatedCaracara",20
879,0,8.12904644012451,0,10.9994401931763,51.9908638000488,40.0432014465332,0,0,5.13618516921997,0,54.825553894043,781.518737792969,-0.0499758832156658,22.421293258667,-543.23955761392,-1137.48932304778,"WhiteTroatedCaracara",20
880,0,2.72358131408691,0,10.5007648468018,344.755554199219,0.516083717346191,10.5476989746094,2.99085116386414,22.432056427002,1.68685138225555,1.97262859344482,51.329044342041,0.452523708343506,15.2906513214111,-1163.23955761392,-1157.48932304778,"WhiteTroatedCaracara",20
881,1,2.72358131408691,0,10.5007648468018,344.755554199219,0.516083717346191,10.5476989746094,2.99085116386414,22.432056427002,1.68685138225555,1.97262859344482,51.329044342041,0.452523708343506,15.2906513214111,-1143.23955761392,-1157.48932304778,"WhiteTroatedCaracara",20
882,1,2.59943127632141,0,10.7956829071045,302.279266357422,0.319072842597961,10.2990245819092,4.39911937713623,25.7976303100586,0.474677532911301,1.28164267539978,28.1545543670654,-0.0451141335070133,5.80609178543091,-1123.23955761392,-1157.48932304778,"WhiteTroatedCaracara",20
883,1,3.31199789047241,0,10.6987676620483,299.418182373047,0.0432761721313,6.13198137283325,6.57452058792114,24.0047931671143,0.716671288013458,1.58635568618774,62.9334487915039,0.100175075232983,9.6451244354248,-1103.23955761392,-1157.48932304778,"WhiteTroatedCaracara",20
884,1,1.65973114967346,0,10.8018360137939,306.926696777344,0.184841319918633,6.47058582305908,9.00338172912598,34.7600975036621,0.676589548587799,1.13402760028839,68.1611022949219,-0.0614351481199265,7.14706563949585,-1083.23955761392,-1157.48932304778,"WhiteTroatedCaracara",20
885,1,30.9204235076904,0,8.96854496002197,311.928527832031,0.0307471975684166,0.683385610580444,0.142439872026443,43.6531753540039,0.289431184530258,13.8186264038086,485.104034423828,-0.853319406509399,121.501502990723,-1063.23955761392,-1157.48932304778,"WhiteTroatedCaracara",20
886,1,30.9204235076904,0,8.96854496002197,311.928527832031,0.0307471975684166,0.683385610580444,0.142439872026443,43.6531753540039,0.289431184530258,13.8186264038086,485.104034423828,-0.853319406509399,121.501502990723,-1043.23955761392,-1157.48932304778,"WhiteTroatedCaracara",20
887,1,33.4398918151855,0,7.17775201797485,266.279968261719,4.24031162261963,1.76501715183258,1.96051299571991,40.2734375,4.00351047515869,14.7910680770874,900.879089355469,1.20773565769196,169.881820678711,-1023.23955761392,-1157.48932304778,"WhiteTroatedCaracara",20
888,1,31.431526184082,0,8.0956974029541,243.037719726562,1.92939472198486,5.02846240997314,2.19576025009155,42.2314262390137,6.40434598922729,12.4140338897705,751.1962890625,0.176222667098045,204.501312255859,-1003.23955761392,-1157.48932304778,"WhiteTroatedCaracara",20
889,1,24.2943592071533,0,6.51859664916992,173.593017578125,3.75910758972168,6.30101108551025,3.45051550865173,40.2238807678223,10.0866231918335,15.1707229614258,1082.90771484375,-0.573420464992523,203.232116699219,-983.23955761392,-1157.48932304778,"WhiteTroatedCaracara",20
890,1,8.5686092376709,0,6.41966581344604,122.185401916504,4.05024814605713,3.93692326545715,7.97806739807129,39.2856636047363,7.39540672302246,13.0652084350586,1125.67358398438,-0.908816337585449,162.640960693359,-963.23955761392,-1157.48932304778,"WhiteTroatedCaracara",20
891,1,4.57771921157837,0,6.27992391586304,92.3460311889648,6.09409236907959,7.76793432235718,8.04122924804688,26.4846782684326,11.4780941009521,22.6312217712402,1192.73291015625,2.1144917011261,130.837051391602,-943.23955761392,-1157.48932304778,"WhiteTroatedCaracara",20
892,0,4.2986741065979,0,6.98428630828857,67.5724334716797,13.0228595733643,2.80723333358765,3.76932787895203,20.4110355377197,10.4784536361694,45.1329574584961,1123.18371582031,-2.08652901649475,80.1262512207031,-923.23955761392,-1157.48932304778,"WhiteTroatedCaracara",20
893,1,3.21014261245728,0,7.95438623428345,54.8461265563965,18.2089424133301,0.7339026927948,0.229081660509109,12.5798377990723,7.03631782531738,60.6717224121094,1003.23400878906,0.20531664788723,40.0328979492188,-903.23955761392,-1157.48932304778,"WhiteTroatedCaracara",20
894,0,4.96953678131104,0,8.22363948822021,46.57568359375,33.8773384094238,0.0256982930004597,0.0990120768547058,7.64280414581299,6.55810928344727,50.6100006103516,979.720764160156,0.0283351242542267,18.7989120483398,-883.23955761392,-1157.48932304778,"WhiteTroatedCaracara",20
895,0,5.36713695526123,0,8.44016361236572,41.6399116516113,38.2068367004395,0.256562918424606,0.17406140267849,6.47011184692383,6.10650110244751,48.5235786437988,957.024353027344,0.0182237774133682,22.3948249816895,-863.23955761392,-1157.48932304778,"WhiteTroatedCaracara",20
896,0,10.1897802352905,0,8.48479843139648,38.9302406311035,37.1984672546387,0.00709108635783195,0.0125857479870319,4.94620227813721,3.54807066917419,54.1402473449707,975.331420898438,-0.0940069481730461,20.2110195159912,-843.23955761392,-1157.48932304778,"WhiteTroatedCaracara",20
897,0,4.40938282012939,0,8.35249519348145,37.5606880187988,25.1410274505615,0.0409549213945866,0.0293358061462641,8.6618595123291,3.73446989059448,62.1435813903809,1022.26416015625,-0.359975755214691,21.3241386413574,-823.23955761392,-1157.48932304778,"WhiteTroatedCaracara",20
898,0,4.65370845794678,0,7.58270788192749,36.0330276489258,29.6761894226074,0.0512961335480213,0.164975181221962,8.18733215332031,8.13988304138184,53.6275672912598,1193.87561035156,0.573158323764801,30.3243579864502,-803.23955761392,-1157.48932304778,"WhiteTroatedCaracara",20
899,0,5.00455713272095,0,7.37069606781006,37.065128326416,44.2082023620605,1.07441473007202,0.0495220869779587,5.45811462402344,7.99460601806641,40.9683227539062,1246.24682617188,-0.601447820663452,24.7941589355469,-783.23955761392,-1157.48932304778,"WhiteTroatedCaracara",20
900,0,11.2612810134888,0,6.77629470825195,37.0881233215332,41.464485168457,0.0624012835323811,0,8.3521671295166,8.23725891113281,40.219165802002,1380.44030761719,-0.273488789796829,36.0097351074219,-763.23955761392,-1157.48932304778,"WhiteTroatedCaracara",20
901,0,9.28445529937744,0,7.30309867858887,39.7725143432617,46.3009147644043,0.099637895822525,0,6.14635610580444,5.4824013710022,41.515308380127,1301.72827148438,-0.615229725837708,34.2674522399902,-743.23955761392,-1157.48932304778,"WhiteTroatedCaracara",20
902,0,5.8028678894043,0,6.900315284729,40.3372993469238,36.4296417236328,0.128372833132744,0.0517858192324638,17.1930141448975,3.64293241500854,42.308464050293,1399.83801269531,0.250205099582672,44.4751434326172,-723.23955761392,-1157.48932304778,"WhiteTroatedCaracara",20
903,0,15.0442934036255,0,7.75332975387573,42.6265411376953,30.8216438293457,0.0995579585433006,0.190683662891388,18.9185371398926,2.8309338092804,46.5980911254883,1256.3369140625,-0.927635014057159,32.5262756347656,-703.23955761392,-1157.48932304778,"WhiteTroatedCaracara",20
904,0,7.72248935699463,0,6.56013774871826,41.4930686950684,29.0828037261963,0.296712130308151,0.0054587023332715,23.389181137085,2.32788801193237,44.3363990783691,1512.44030761719,0.631878554821014,44.6898002624512,-683.23955761392,-1157.48932304778,"WhiteTroatedCaracara",20
905,0,8.64881992340088,0,7.99995803833008,43.8360786437988,46.1641960144043,0.0644166246056557,0.00741616683080792,2.80322885513306,1.87344086170197,48.6356544494629,1255.47045898438,-0.314709424972534,17.3847408294678,-663.23955761392,-1157.48932304778,"WhiteTroatedCaracara",20
906,0,17.90260887146,0,8.4437952041626,44.7438659667969,51.5832328796387,0,0.00594322616234422,0.710413038730621,0.667809188365936,46.9613418579102,1179.98303222656,0.0594981797039509,12.0431880950928,-643.23955761392,-1157.48932304778,"WhiteTroatedCaracara",20
907,0,17.90260887146,0,8.4437952041626,44.7438659667969,51.5832328796387,0,0.00594322616234422,0.710413038730621,0.667809188365936,46.9613418579102,1179.98303222656,0.0594981797039509,12.0431880950928,-623.23955761392,-1157.48932304778,"WhiteTroatedCaracara",20
908,1,2.72358131408691,0,10.5007648468018,344.755554199219,0.516083717346191,10.5476989746094,2.99085116386414,22.432056427002,1.68685138225555,1.97262859344482,51.329044342041,0.452523708343506,15.2906513214111,-1163.23955761392,-1177.48932304778,"WhiteTroatedCaracara",20
909,1,2.72358131408691,0,10.5007648468018,344.755554199219,0.516083717346191,10.5476989746094,2.99085116386414,22.432056427002,1.68685138225555,1.97262859344482,51.329044342041,0.452523708343506,15.2906513214111,-1143.23955761392,-1177.48932304778,"WhiteTroatedCaracara",20
910,1,2.80506372451782,0,10.7502746582031,330.335479736328,0.159086167812347,11.4260911941528,4.72650146484375,24.7787132263184,2.15850877761841,0.621554553508759,38.0258636474609,0.0710012689232826,6.45366907119751,-1123.23955761392,-1177.48932304778,"WhiteTroatedCaracara",20
911,1,1.65973114967346,0,10.8018360137939,306.926696777344,0.184841319918633,6.47058582305908,9.00338172912598,34.7600975036621,0.676589548587799,1.13402760028839,68.1611022949219,-0.0614351481199265,7.14706563949585,-1083.23955761392,-1177.48932304778,"WhiteTroatedCaracara",20
912,1,47.0151672363281,0,9.69236373901367,322.0791015625,0.0644060000777245,0.883606731891632,1.44994592666626,48.7617225646973,0.26721665263176,9.22809791564941,363.274658203125,0.623266220092773,89.659797668457,-1063.23955761392,-1177.48932304778,"WhiteTroatedCaracara",20
913,1,47.0151672363281,0,9.69236373901367,322.0791015625,0.0644060000777245,0.883606731891632,1.44994592666626,48.7617225646973,0.26721665263176,9.22809791564941,363.274658203125,0.623266220092773,89.659797668457,-1043.23955761392,-1177.48932304778,"WhiteTroatedCaracara",20
914,1,52.6931419372559,0,7.21257781982422,260.945190429688,6.91427707672119,2.10309553146362,0.761652827262878,32.3161087036133,8.61658668518066,13.357795715332,858.986633300781,2.20278859138489,190.43229675293,-1023.23955761392,-1177.48932304778,"WhiteTroatedCaracara",20
915,1,43.3395843505859,0,5.79233360290527,203.750061035156,8.98811721801758,3.0851047039032,2.7616822719574,24.5575275421143,16.2159156799316,9.32818412780762,1170.48107910156,0.780364096164703,248.700698852539,-1003.23955761392,-1177.48932304778,"WhiteTroatedCaracara",20
916,1,24.5143756866455,0,8.25811004638672,182.054534912109,1.83130919933319,5.96655225753784,3.10957503318787,40.0848960876465,6.607017993927,10.8773059844971,726.248657226562,-3.56205034255981,165.802368164062,-983.23955761392,-1177.48932304778,"WhiteTroatedCaracara",20
917,1,6.55939722061157,1,7.46330976486206,121.794418334961,4.54001522064209,5.80607175827026,6.2817850112915,35.9936218261719,7.64114427566528,12.43079662323,914.601379394531,0.546277761459351,149.51513671875,-963.23955761392,-1177.48932304778,"WhiteTroatedCaracara",20
918,1,4.23443031311035,0,6.69759130477905,91.0282135009766,4.79857110977173,7.70634937286377,6.7498779296875,29.4739818572998,12.3031034469604,20.7267837524414,1087.27026367188,0.725865721702576,144.278121948242,-943.23955761392,-1177.48932304778,"WhiteTroatedCaracara",20
919,1,3.49710130691528,0,7.53309679031372,69.3236389160156,12.9866886138916,4.01292657852173,5.18443059921265,20.8646755218506,8.90368843078613,42.193416595459,993.169982910156,0.438242435455322,66.5660400390625,-923.23955761392,-1177.48932304778,"WhiteTroatedCaracara",20
920,1,3.67775821685791,0,8.14557838439941,54.6029891967773,14.6763553619385,0.251202166080475,0.555408239364624,14.9704732894897,3.75892114639282,65.4343109130859,950.599365234375,-0.995619654655457,34.0752182006836,-903.23955761392,-1177.48932304778,"WhiteTroatedCaracara",20
921,0,2.97905540466309,0,9.01648235321045,48.5663566589355,28.4863014221191,0.603973865509033,0.518012166023254,9.00973510742188,9.97940921783447,51.3919067382812,819.511962890625,-0.065687395632267,24.6516666412354,-883.23955761392,-1177.48932304778,"WhiteTroatedCaracara",20
922,0,7.37358903884888,0,8.7775182723999,41.8017349243164,44.4690246582031,0,0.309729784727097,4.4884877204895,6.6542797088623,43.6745262145996,881.16455078125,-0.272048562765121,29.7847194671631,-863.23955761392,-1177.48932304778,"WhiteTroatedCaracara",20
923,0,4.90820598602295,0,8.29618644714355,37.2149276733398,42.0781898498535,0,0.0186893604695797,4.89273452758789,6.59147930145264,45.9234657287598,999.039672851562,1.06639266014099,28.1016120910645,-843.23955761392,-1177.48932304778,"WhiteTroatedCaracara",20
924,0,6.6025767326355,0,8.93122863769531,37.0360794067383,37.6418724060059,0,0.0281480550765991,5.62167024612427,6.79350709915161,49.2703323364258,895.501708984375,-0.580137073993683,14.1091527938843,-823.23955761392,-1177.48932304778,"WhiteTroatedCaracara",20
925,0,4.58682680130005,0,8.59992599487305,36.045841217041,24.6118412017822,0.00182676501572132,0.0239973701536655,9.40159130096436,5.64333295822144,59.9750938415527,986.18359375,-0.358879804611206,23.1490516662598,-803.23955761392,-1177.48932304778,"WhiteTroatedCaracara",20
926,1,4.59945487976074,0,7.66291999816895,35.3385124206543,23.2876319885254,0.478035867214203,0.051705926656723,12.6145553588867,6.98061895370483,54.7457885742188,1185.04077148438,0.876678049564362,39.4880523681641,-783.23955761392,-1177.48932304778,"WhiteTroatedCaracara",20
927,0,6.70654916763306,0,6.66967582702637,35.135124206543,32.3289260864258,0.513160347938538,0.0949134081602097,15.7912425994873,7.98326349258423,42.2185935974121,1392.44323730469,1.2859650850296,48.5518417358398,-763.23955761392,-1177.48932304778,"WhiteTroatedCaracara",20
928,0,6.35229921340942,0,6.77407121658325,36.5267906188965,41.383186340332,0.347236037254333,0,8.31643390655518,8.5665111541748,40.4781112670898,1390.52624511719,-0.633616209030151,32.0011901855469,-743.23955761392,-1177.48932304778,"WhiteTroatedCaracara",20
929,0,16.0826683044434,0,5.89590454101562,36.8618774414062,31.8385925292969,0.746487855911255,0,18.3320064544678,5.4098482131958,42.4712104797363,1578.74133300781,1.23423099517822,49.1725807189941,-723.23955761392,-1177.48932304778,"WhiteTroatedCaracara",20
930,0,16.0999908447266,0,6.26673316955566,38.1748046875,29.4625511169434,0.332156985998154,0.0601462610065937,22.2744827270508,4.66639852523804,42.2196502685547,1529.79772949219,1.16144394874573,50.6674041748047,-703.23955761392,-1177.48932304778,"WhiteTroatedCaracara",20
931,0,4.81249475479126,0,6.75801849365234,40.1586837768555,37.4284858703613,0.00454739760607481,0.0458665601909161,12.1627788543701,1.37598621845245,48.5956268310547,1454.8818359375,0.303021639585495,35.1420936584473,-683.23955761392,-1177.48932304778,"WhiteTroatedCaracara",20
932,0,16.9918365478516,0,7.02394199371338,40.5727462768555,42.0991401672363,0.0574253089725971,0,5.96352958679199,4.00772285461426,46.6161804199219,1434.87255859375,0.505799531936646,30.2359733581543,-663.23955761392,-1177.48932304778,"WhiteTroatedCaracara",20
933,0,5.92187738418579,0,8.95343399047852,41.0999298095703,40.3811569213867,0,0,2.38755464553833,0.324714034795761,56.439151763916,1061.40441894531,-0.502826035022736,15.171181678772,-643.23955761392,-1177.48932304778,"WhiteTroatedCaracara",20
934,1,15.9717712402344,0,8.8064136505127,320.264923095703,0,0.286754012107849,0,36.1000175476074,0.23899582028389,8.67057132720947,260.197570800781,1.28543043136597,54.5050849914551,-1163.23955761392,-1197.48932304778,"WhiteTroatedCaracara",20
935,1,2.65454292297363,0,10.4373369216919,348.783203125,0.377801239490509,12.7058095932007,6.4901385307312,21.3925228118896,0.319720983505249,2.30821561813354,59.0083808898926,-0.937380611896515,17.1648483276367,-1143.23955761392,-1197.48932304778,"WhiteTroatedCaracara",20
936,1,3.72587156295776,0,10.4716920852661,351.576873779297,0.214218348264694,6.65068817138672,3.68481063842773,26.8561191558838,0.708859324455261,0.873168110847473,96.5959243774414,0.163755789399147,11.5732908248901,-1123.23955761392,-1197.48932304778,"WhiteTroatedCaracara",20
937,1,3.72587156295776,0,10.4716920852661,351.576873779297,0.214218348264694,6.65068817138672,3.68481063842773,26.8561191558838,0.708859324455261,0.873168110847473,96.5959243774414,0.163755789399147,11.5732908248901,-1103.23955761392,-1197.48932304778,"WhiteTroatedCaracara",20
938,1,58.6349487304688,0,8.83845710754395,310.489105224609,0,0.847215890884399,1.10149538516998,51.0971450805664,1.01552975177765,12.3770542144775,504.179870605469,3.8765664100647,131.981597900391,-1043.23955761392,-1197.48932304778,"WhiteTroatedCaracara",20
939,1,64.8642883300781,0,8.22297668457031,273.638000488281,3.18598628044128,0.948350012302399,0.357605785131454,34.309139251709,8.39498138427734,13.4751806259155,623.709411621094,-4.04208183288574,198.496170043945,-1023.23955761392,-1197.48932304778,"WhiteTroatedCaracara",20
940,0,47.2092399597168,0,4.73227119445801,193.913604736328,12.700478553772,1.39091634750366,1.46910798549652,15.8535919189453,15.9032564163208,7.32787990570068,1344.4111328125,1.20478665828705,227.580047607422,-1003.23955761392,-1197.48932304778,"WhiteTroatedCaracara",20
941,1,29.7387504577637,0,5.9309778213501,158.913391113281,4.87299394607544,4.23792552947998,4.71559619903564,32.8609466552734,12.1167135238647,15.3490076065063,1155.67919921875,8.33219242095947,209.262130737305,-983.23955761392,-1197.48932304778,"WhiteTroatedCaracara",20
942,1,16.767463684082,0,7.85223197937012,129.855850219727,2.76729607582092,7.16078329086304,6.46209001541138,32.8884124755859,8.53995800018311,9.85214710235596,807.886291503906,-2.1691997051239,171.952331542969,-963.23955761392,-1197.48932304778,"WhiteTroatedCaracara",20
943,1,5.10749673843384,0,7.98160457611084,94.392333984375,4.91146039962769,8.95447731018066,8.98371982574463,26.5230731964111,11.8533296585083,19.2140884399414,832.684143066406,-1.89167392253876,137.524291992188,-943.23955761392,-1197.48932304778,"WhiteTroatedCaracara",20
944,1,2.92846131324768,0,8.55585098266602,71.5429306030273,18.2511730194092,3.4256227016449,2.89865469932556,18.0462989807129,7.77941465377808,46.7036056518555,784.864868164062,-1.35419130325317,44.6936492919922,-923.23955761392,-1197.48932304778,"WhiteTroatedCaracara",20
945,0,4.03014230728149,0,8.21963596343994,55.0143623352051,17.8027591705322,0.560774326324463,0.875772833824158,15.2523288726807,6.55060958862305,58.3244514465332,922.276672363281,2.51773118972778,48.6265144348145,-903.23955761392,-1197.48932304778,"WhiteTroatedCaracara",20
946,0,2.47152876853943,0,9.20699405670166,48.2655754089355,34.5563049316406,0.181503787636757,0.134696677327156,7.74087333679199,9.11140251159668,47.9567642211914,769.550537109375,0.112493291497231,31.4781742095947,-883.23955761392,-1197.48932304778,"WhiteTroatedCaracara",20
947,0,11.5629434585571,0,9.42177200317383,42.5630378723145,44.2154121398926,0.0229172091931105,0.496247828006744,5.41920900344849,6.46387958526611,42.6213569641113,749.317138671875,0.214799895882607,33.6956825256348,-863.23955761392,-1197.48932304778,"WhiteTroatedCaracara",20
948,0,13.4121398925781,0,8.38758659362793,36.3044853210449,40.7545585632324,0.0445235855877399,0.21877084672451,5.61420488357544,7.60170555114746,45.193229675293,966.421020507812,-1.21576774120331,38.9921836853027,-843.23955761392,-1197.48932304778,"WhiteTroatedCaracara",20
949,0,4.74194383621216,0,8.34480857849121,34.1853218078613,37.1330986022949,0,0.165425315499306,6.57646560668945,9.92788314819336,45.3266868591309,1001.02026367188,0.0924607738852501,29.9163665771484,-823.23955761392,-1197.48932304778,"WhiteTroatedCaracara",20
950,0,5.73293733596802,0,8.79842662811279,34.3015899658203,35.5043869018555,0.0424862802028656,0.011513258330524,6.54430866241455,8.50118732452393,47.8189163208008,936.457702636719,-0.625774264335632,19.1519184112549,-803.23955761392,-1197.48932304778,"WhiteTroatedCaracara",20
951,0,2.10534238815308,0,8.96999645233154,35.1884956359863,32.0666465759277,0,0.0218952056020498,7.41593456268311,8.30174255371094,51.9089736938477,919.386413574219,-0.79299932718277,12.7424764633179,-783.23955761392,-1197.48932304778,"WhiteTroatedCaracara",20
952,1,2.55502843856812,0,8.42441272735596,35.3463821411133,29.197021484375,0.216902002692223,0.0216647498309612,7.8096137046814,2.95842742919922,59.2170524597168,1052.83374023438,0.121520727872849,17.1653385162354,-763.23955761392,-1197.48932304778,"WhiteTroatedCaracara",20
953,0,6.98415946960449,0,7.14178276062012,34.5568466186523,29.3628082275391,0.259524911642075,0,10.2930955886841,7.94748735427856,51.5597648620605,1314.15295410156,-0.342700481414795,37.6919631958008,-743.23955761392,-1197.48932304778,"WhiteTroatedCaracara",20
954,0,8.86220264434814,0,7.86293172836304,36.406681060791,33.5983657836914,0.0173176638782024,0.0137561876326799,7.94655752182007,2.66266632080078,55.4545860290527,1204.67565917969,-0.480904370546341,22.6293067932129,-723.23955761392,-1197.48932304778,"WhiteTroatedCaracara",20
955,0,8.12987995147705,0,8.14427661895752,37.8416900634766,36.7587547302246,0.1578768491745,0.125300258398056,6.12179565429688,3.02891945838928,53.2984504699707,1177.05444335938,-0.904125571250916,29.4269542694092,-703.23955761392,-1197.48932304778,"WhiteTroatedCaracara",20
956,0,8.77175426483154,0,8.21619319915771,39.2446670532227,47.8962860107422,0.0264825578778982,0.0266300588846207,1.42063212394714,1.03985393047333,49.3995552062988,1179.25854492188,-0.0133947525173426,18.3816776275635,-683.23955761392,-1197.48932304778,"WhiteTroatedCaracara",20
957,0,15.2419624328613,0,8.01706886291504,39.469310760498,47.9135627746582,0,0,2.1080629825592,0.399546176195145,49.4145011901855,1236.51721191406,0.159759342670441,24.4080352783203,-663.23955761392,-1197.48932304778,"WhiteTroatedCaracara",20
958,0,5.92187738418579,0,8.95343399047852,41.0999298095703,40.3811569213867,0,0,2.38755464553833,0.324714034795761,56.439151763916,1061.40441894531,-0.502826035022736,15.171181678772,-643.23955761392,-1197.48932304778,"WhiteTroatedCaracara",20
959,0,5.11414670944214,0,9.68096542358398,42.6165390014648,41.4747047424316,0.108270116150379,0.00452767685055733,4.57135629653931,0.0760646685957909,53.6555366516113,947.402160644531,0.628344118595123,21.7465877532959,-623.23955761392,-1197.48932304778,"WhiteTroatedCaracara",20
960,0,5.09468507766724,0,11.1280651092529,45.1745262145996,48.3270416259766,0.109297007322311,0.00107728259172291,1.63982617855072,0.0186837613582611,49.7066345214844,682.426574707031,-0.580665528774261,13.0730266571045,-603.23955761392,-1197.48932304778,"WhiteTroatedCaracara",20
961,0,13.3580799102783,0,12.2262516021729,45.1134643554688,22.5553665161133,0.072803221642971,0,10.1479787826538,0.0368089824914932,67.1461563110352,465.372436523438,0.275670349597931,21.7013149261475,-583.23955761392,-1197.48932304778,"WhiteTroatedCaracara",20
962,1,15.9717712402344,0,8.8064136505127,320.264923095703,0,0.286754012107849,0,36.1000175476074,0.23899582028389,8.67057132720947,260.197570800781,1.28543043136597,54.5050849914551,-1163.23955761392,-1217.48932304778,"WhiteTroatedCaracara",20
963,1,3.82522487640381,0,9.22770023345947,331.384094238281,0.00313219567760825,1.10131287574768,1.59425091743469,28.6445064544678,0.371009051799774,3.2284631729126,275.452056884766,0.342764765024185,47.945987701416,-1143.23955761392,-1217.48932304778,"WhiteTroatedCaracara",20
964,1,3.6204617023468,0,10.256275177002,349.101135253906,0,7.88449192047119,7.24139595031738,22.366039276123,0.182715073227882,0.930427253246307,143.033645629883,0.374257326126099,15.0228042602539,-1123.23955761392,-1217.48932304778,"WhiteTroatedCaracara",20
965,1,2.07811737060547,0,10.6842184066772,357.45751953125,0,14.943208694458,5.50945997238159,34.7006187438965,0.532929420471191,2.57841730117798,94.1994476318359,0.0517640933394432,11.2477397918701,-1103.23955761392,-1217.48932304778,"WhiteTroatedCaracara",20
966,0,2.07811737060547,0,10.6842184066772,357.45751953125,0,14.943208694458,5.50945997238159,34.7006187438965,0.532929420471191,2.57841730117798,94.1994476318359,0.0517640933394432,11.2477397918701,-1083.23955761392,-1217.48932304778,"WhiteTroatedCaracara",20
967,1,58.6349487304688,0,8.83845710754395,310.489105224609,0,0.847215890884399,1.10149538516998,51.0971450805664,1.01552975177765,12.3770542144775,504.179870605469,3.8765664100647,131.981597900391,-1063.23955761392,-1217.48932304778,"WhiteTroatedCaracara",20
968,1,58.6349487304688,0,8.83845710754395,310.489105224609,0,0.847215890884399,1.10149538516998,51.0971450805664,1.01552975177765,12.3770542144775,504.179870605469,3.8765664100647,131.981597900391,-1043.23955761392,-1217.48932304778,"WhiteTroatedCaracara",20
969,1,65.8229141235352,0,8.25306797027588,275.554412841797,3.47991156578064,2.15510129928589,1.51200151443481,37.3623275756836,8.45213603973389,13.5515508651733,611.098754882812,-3.07716774940491,174.031845092773,-1023.23955761392,-1217.48932304778,"WhiteTroatedCaracara",20
970,0,50.2466812133789,0,5.2533745765686,200.294479370117,17.6179981231689,1.33465301990509,0.809301912784576,15.2273464202881,15.2143335342407,7.83926582336426,1239.77600097656,4.16423034667969,242.561676025391,-1003.23955761392,-1217.48932304778,"WhiteTroatedCaracara",20
971,0,33.6463508605957,0,5.52198171615601,157.67529296875,9.74897480010986,2.94891905784607,3.47240138053894,28.4112663269043,11.9709148406982,14.9943904876709,1209.9033203125,-4.41759824752808,220.358703613281,-983.23955761392,-1217.48932304778,"WhiteTroatedCaracara",20
972,0,20.1290340423584,0,5.87693452835083,121.243171691895,6.18946123123169,4.33960008621216,6.40122318267822,31.0894546508789,12.9169301986694,16.741605758667,1206.42175292969,0.566665232181549,182.721923828125,-963.23955761392,-1217.48932304778,"WhiteTroatedCaracara",20
973,1,5.18403673171997,0,7.56438970565796,94.778678894043,8.13750457763672,5.93609380722046,7.91924524307251,24.1221561431885,13.4050006866455,26.7557334899902,914.929382324219,1.02259492874146,86.3594665527344,-943.23955761392,-1217.48932304778,"WhiteTroatedCaracara",20
974,1,3.24634861946106,0,7.49554538726807,71.5521011352539,14.3360595703125,5.52883672714233,2.63683414459229,18.2677307128906,12.0628213882446,45.6256256103516,981.976196289062,0.367840439081192,73.5110168457031,-923.23955761392,-1217.48932304778,"WhiteTroatedCaracara",20
975,0,4.53158187866211,0,8.31532001495361,56.506031036377,17.2324256896973,2.9211413860321,0.735192835330963,15.0649633407593,6.45646953582764,57.0399436950684,873.89453125,-0.817426919937134,47.9280090332031,-903.23955761392,-1217.48932304778,"WhiteTroatedCaracara",20
976,1,5.24745559692383,0,9.43660163879395,48.924259185791,24.5529193878174,2.75562977790833,0.241809368133545,10.4163045883179,9.18978595733643,52.2262840270996,705.81689453125,-0.180791020393372,30.0390644073486,-883.23955761392,-1217.48932304778,"WhiteTroatedCaracara",20
977,1,5.84074115753174,0,9.47749710083008,43.0724487304688,33.4377174377441,1.43855810165405,0.331622004508972,7.94836044311523,7.12278032302856,48.9474792480469,725.102661132812,0.430525124073029,38.0205116271973,-863.23955761392,-1217.48932304778,"WhiteTroatedCaracara",20
978,1,15.946647644043,0,7.72017002105713,34.1594924926758,37.9588470458984,0.266341894865036,0.143481776118279,6.27481508255005,10.0228853225708,43.520923614502,1086.66381835938,0.656172096729279,57.0133819580078,-843.23955761392,-1217.48932304778,"WhiteTroatedCaracara",20
979,0,10.5253477096558,0,8.29590892791748,32.7118186950684,35.0643653869629,0.325760692358017,0.221577107906342,7.13247442245483,10.6484088897705,45.6735916137695,1007.89831542969,0.22355429828167,42.6823310852051,-823.23955761392,-1217.48932304778,"WhiteTroatedCaracara",20
980,0,4.26924276351929,0,9.23642635345459,33.4260673522949,38.2133712768555,0,0.0464838854968548,5.86724233627319,8.66897869110107,46.1783676147461,857.449645996094,0.285034835338593,30.8911666870117,-803.23955761392,-1217.48932304778,"WhiteTroatedCaracara",20
981,0,8.50969886779785,0,8.61314868927002,32.0658149719238,41.0727386474609,0.0876590609550476,0,5.28030586242676,9.44733905792236,42.4149932861328,993.613464355469,0.932601094245911,24.0563640594482,-783.23955761392,-1217.48932304778,"WhiteTroatedCaracara",20
982,0,3.26568746566772,0,9.10960388183594,34.1028938293457,46.4399490356445,0.0446218922734261,0.0461146906018257,2.85656118392944,4.59774160385132,45.6900939941406,907.591735839844,-0.218219250440598,7.36555624008179,-763.23955761392,-1217.48932304778,"WhiteTroatedCaracara",20
983,0,5.13791513442993,0,8.04783058166504,33.4134292602539,17.9353828430176,0.800557494163513,0.0232699643820524,11.978588104248,5.70208024978638,63.4526672363281,1134.76806640625,0.328269898891449,38.6176567077637,-743.23955761392,-1217.48932304778,"WhiteTroatedCaracara",20
984,0,4.20145797729492,0,8.20251846313477,34.6308746337891,23.3400859832764,0,0.00102945242542773,10.4284029006958,4.36859130859375,61.5152473449707,1126.64624023438,0.323463886976242,26.4738521575928,-723.23955761392,-1217.48932304778,"WhiteTroatedCaracara",20
985,0,6.07299137115479,0,8.86974430084229,36.5035095214844,23.9003829956055,0.194175705313683,0.116506852209568,10.0726585388184,4.75495052337646,60.1958923339844,1017.68664550781,-0.0613018274307251,10.6197271347046,-703.23955761392,-1217.48932304778,"WhiteTroatedCaracara",20
986,1,3.85194277763367,0,9.34160041809082,37.7390747070312,36.0521621704102,0.459593266248703,0.0907183215022087,6.48952150344849,5.64438199996948,50.1945304870605,943.261535644531,-0.562831044197083,12.4768571853638,-683.23955761392,-1217.48932304778,"WhiteTroatedCaracara",20
987,0,5.21902751922607,0,9.23643112182617,38.7717132568359,41.7224502563477,0,0.0643332898616791,4.17509174346924,4.42742586135864,48.1655807495117,973.11328125,-0.817129373550415,20.4197273254395,-663.23955761392,-1217.48932304778,"WhiteTroatedCaracara",20
988,0,11.1629257202148,0,8.36506080627441,39.0873680114746,33.3681259155273,0,0.0304224845021963,7.96394729614258,2.56008124351501,55.8776664733887,1151.70788574219,-0.118305899202824,29.8237285614014,-643.23955761392,-1217.48932304778,"WhiteTroatedCaracara",20
989,0,20.3076210021973,0,9.23894786834717,40.6200828552246,35.7716484069824,0,0,6.4339075088501,0.209003195166588,57.5247421264648,1021.45367431641,0.287656605243683,42.764533996582,-623.23955761392,-1217.48932304778,"WhiteTroatedCaracara",20
990,0,17.0935325622559,0,11.0852575302124,43.6878471374512,36.3482627868652,0.0130015090107918,0.00326096010394394,6.3329701423645,0.0644398555159569,56.9220123291016,678.596313476562,1.08405876159668,10.0545959472656,-603.23955761392,-1217.48932304778,"WhiteTroatedCaracara",20
991,0,13.3580799102783,0,12.2262516021729,45.1134643554688,22.5553665161133,0.072803221642971,0,10.1479787826538,0.0368089824914932,67.1461563110352,465.372436523438,0.275670349597931,21.7013149261475,-583.23955761392,-1217.48932304778,"WhiteTroatedCaracara",20
992,0,24.3701496124268,0,8.38636302947998,316.747711181641,0,0.760871231555939,0.13859361410141,36.1499099731445,0.116129621863365,9.30969715118408,322.379943847656,-1.12981271743774,62.2499198913574,-1163.23955761392,-1237.48932304778,"WhiteTroatedCaracara",20
993,1,6.91286993026733,0,8.74706172943115,324.427642822266,0.142679497599602,5.65377426147461,2.10395956039429,32.9209594726562,0.0988478437066078,4.19833517074585,349.107666015625,-0.240319356322289,56.5315246582031,-1143.23955761392,-1237.48932304778,"WhiteTroatedCaracara",20
994,1,3.6204617023468,0,10.256275177002,349.101135253906,0,7.88449192047119,7.24139595031738,22.366039276123,0.182715073227882,0.930427253246307,143.033645629883,0.374257326126099,15.0228042602539,-1123.23955761392,-1237.48932304778,"WhiteTroatedCaracara",20
995,1,2.07811737060547,0,10.6842184066772,357.45751953125,0,14.943208694458,5.50945997238159,34.7006187438965,0.532929420471191,2.57841730117798,94.1994476318359,0.0517640933394432,11.2477397918701,-1103.23955761392,-1237.48932304778,"WhiteTroatedCaracara",20
996,1,2.07811737060547,0,10.6842184066772,357.45751953125,0,14.943208694458,5.50945997238159,34.7006187438965,0.532929420471191,2.57841730117798,94.1994476318359,0.0517640933394432,11.2477397918701,-1083.23955761392,-1237.48932304778,"WhiteTroatedCaracara",20
997,0,28.6634197235107,0,8.57570171356201,323.23291015625,0,1.44136393070221,0.319485306739807,52.1798706054688,1.32471036911011,14.4623746871948,527.09130859375,1.56865561008453,164.589660644531,-1063.23955761392,-1237.48932304778,"WhiteTroatedCaracara",20
998,1,28.6634197235107,0,8.57570171356201,323.23291015625,0,1.44136393070221,0.319485306739807,52.1798706054688,1.32471036911011,14.4623746871948,527.09130859375,1.56865561008453,164.589660644531,-1043.23955761392,-1237.48932304778,"WhiteTroatedCaracara",20
999,1,51.5864868164062,0,8.02114772796631,276.142578125,2.76548147201538,2.25679683685303,1.03843319416046,40.9273262023926,7.4761438369751,13.1291742324829,653.335571289062,2.05727934837341,187.661819458008,-1023.23955761392,-1237.48932304778,"WhiteTroatedCaracara",20
1000,0,43.1592178344727,0,6.67253255844116,225.032867431641,6.84177875518799,1.50051593780518,1.2036520242691,35.6024436950684,13.0405654907227,12.5976362228394,932.168823242188,1.34216952323914,256.084655761719,-1003.23955761392,-1237.48932304778,"WhiteTroatedCaracara",20
1001,1,24.7342624664307,0,5.56914186477661,164.29248046875,4.1478443145752,3.47020530700684,4.04328870773315,33.2071113586426,11.623833656311,12.7311735153198,1185.24853515625,-3.46991181373596,205.641342163086,-983.23955761392,-1237.48932304778,"WhiteTroatedCaracara",20
1002,1,7.70124673843384,0,6.17212629318237,126.059196472168,4.30043745040894,4.51668977737427,6.76382541656494,30.2967586517334,11.2868337631226,13.9044237136841,1116.20727539062,-0.944619596004486,167.455108642578,-963.23955761392,-1237.48932304778,"WhiteTroatedCaracara",20
1003,1,6.27841949462891,0,7.17442417144775,96.6812896728516,5.72640991210938,5.09216690063477,14.1561737060547,27.7392654418945,16.6837501525879,13.5206642150879,960.339477539062,0.101772665977478,56.5958404541016,-943.23955761392,-1237.48932304778,"WhiteTroatedCaracara",20
1004,0,10.8028163909912,0,6.03410053253174,67.6944351196289,15.1111030578613,4.96452617645264,4.50511169433594,20.1850147247314,16.4517650604248,36.0382423400879,1253.27893066406,-1.72023904323578,79.1879501342773,-923.23955761392,-1237.48932304778,"WhiteTroatedCaracara",20
1005,0,5.7770881652832,0,8.29713344573975,56.1664085388184,28.5216617584229,0.900537848472595,0.30912983417511,15.6664762496948,6.83841466903687,47.5326347351074,881.285278320312,-0.660441815853119,33.699089050293,-903.23955761392,-1237.48932304778,"WhiteTroatedCaracara",20
1006,0,8.77354145050049,0,9.22041320800781,48.189136505127,31.795726776123,0.24104443192482,0.00493653258308768,8.14204692840576,11.2498340606689,47.2760810852051,745.228637695312,0.49676725268364,29.4305305480957,-883.23955761392,-1237.48932304778,"WhiteTroatedCaracara",20
1007,1,3.28780937194824,0,10.2370595932007,45.1395034790039,31.124174118042,1.28680801391602,0.344151586294174,7.42419528961182,5.85045051574707,53.6196823120117,575.759155273438,-1.00378131866455,25.4441165924072,-863.23955761392,-1237.48932304778,"WhiteTroatedCaracara",20
1008,1,4.75243425369263,0,9.51365280151367,37.0137634277344,41.1898040771484,0.187884911894798,0.386129468679428,6.24275207519531,7.91678953170776,43.436450958252,742.534301757812,0.547288417816162,61.6133460998535,-843.23955761392,-1237.48932304778,"WhiteTroatedCaracara",20
1009,1,4.9801025390625,0,9.85520362854004,35.1507720947266,42.9939842224121,0.723256170749664,0.169488802552223,4.86799621582031,7.86183881759644,42.6644172668457,700.284240722656,-0.963047444820404,61.0877571105957,-823.23955761392,-1237.48932304778,"WhiteTroatedCaracara",20
1010,0,3.01592612266541,0,10.3394536972046,34.4656829833984,43.1534423828125,0.106684513390064,0.0548881217837334,4.26119995117188,7.58524465560913,43.536506652832,639.123474121094,-1.86393809318542,51.4604568481445,-803.23955761392,-1237.48932304778,"WhiteTroatedCaracara",20
1011,0,9.37883377075195,0,8.82806873321533,30.6589603424072,36.4550018310547,0.0820387676358223,0.0743720009922981,5.92175626754761,8.72174072265625,47.1698226928711,943.811767578125,0.669899463653564,41.9496841430664,-783.23955761392,-1237.48932304778,"WhiteTroatedCaracara",20
1012,0,8.49236679077148,0,8.89688587188721,31.0405178070068,34.6108093261719,0,0.0745441019535065,8.11917018890381,10.9058122634888,46.0858688354492,938.692810058594,-0.357270687818527,20.3288440704346,-763.23955761392,-1237.48932304778,"WhiteTroatedCaracara",20
1013,0,3.2547779083252,0,8.48387622833252,31.6390151977539,32.6286239624023,0.0783193781971931,0.061191488057375,8.02463245391846,7.27737808227539,51.8705368041992,1041.56359863281,0.549162924289703,32.808177947998,-743.23955761392,-1237.48932304778,"WhiteTroatedCaracara",20
1014,0,7.74295711517334,0,7.47648048400879,32.1139945983887,22.6247520446777,0.654443681240082,0.036617424339056,15.98766040802,10.9191246032715,49.2523193359375,1250.57873535156,0.48821634054184,48.8277359008789,-723.23955761392,-1237.48932304778,"WhiteTroatedCaracara",20
1015,0,14.5603895187378,0,7.72711086273193,33.1281433105469,27.3270015716553,0.316698759794235,0.0285198427736759,10.9686460494995,11.8627185821533,49.0101013183594,1226.52722167969,0.517436265945435,37.2130737304688,-703.23955761392,-1237.48932304778,"WhiteTroatedCaracara",20
1016,0,4.29231119155884,0,8.19380664825439,34.7154197692871,34.1063003540039,0.200535282492638,0.0834531784057617,8.25770950317383,7.76734638214111,49.0540771484375,1151.29895019531,-0.0236437879502773,39.3956985473633,-683.23955761392,-1237.48932304778,"WhiteTroatedCaracara",20
1017,0,9.9664363861084,0,8.21483612060547,35.8015327453613,36.5961265563965,0.143610000610352,0.0660382062196732,7.58885049819946,3.8716344833374,51.3086967468262,1166.02319335938,1.03223657608032,43.0367240905762,-663.23955761392,-1237.48932304778,"WhiteTroatedCaracara",20
1018,0,16.6259670257568,0,8.77130699157715,37.3228073120117,29.5089302062988,0.0571023896336555,0.00640828162431717,9.51471614837646,1.33853781223297,59.3232231140137,1077.68664550781,0.253241300582886,43.4379234313965,-643.23955761392,-1237.48932304778,"WhiteTroatedCaracara",20
1019,0,15.0809631347656,0,10.4017105102539,40.4387092590332,24.242467880249,0.0331671312451363,0.0110305864363909,10.5387630462646,0.144003927707672,64.9454956054688,793.296020507812,0.0101048862561584,36.2587356567383,-623.23955761392,-1237.48932304778,"WhiteTroatedCaracara",20
1020,0,17.73854637146,0,12.2527046203613,43.443244934082,35.7040367126465,0.0220330208539963,0,6.23852109909058,0.179782047867775,57.8611488342285,444.476318359375,-0.354992240667343,34.8386650085449,-603.23955761392,-1237.48932304778,"WhiteTroatedCaracara",20
1021,0,19.3570823669434,0,13.7021789550781,45.4140548706055,23.1285533905029,0.234378814697266,0.0829445943236351,8.23771858215332,0.0705076828598976,68.2415237426758,156.593505859375,-0.413627594709396,9.31761741638184,-583.23955761392,-1237.48932304778,"WhiteTroatedCaracara",20
1022,1,22.9739894866943,0,8.88322734832764,324.512390136719,0.636603057384491,0.544266581535339,0.771923184394836,34.519474029541,1.3582409620285,9.49926662445068,204.357864379883,0.778457880020142,33.1419372558594,-1163.23955761392,-1257.48932304778,"WhiteTroatedCaracara",20
1023,1,6.7218222618103,0,9.35242557525635,331.433654785156,0.115967564284801,14.8485555648804,2.46918749809265,31.0757102966309,1.4106627702713,4.15377187728882,216.324676513672,-1.09961378574371,45.1720848083496,-1143.23955761392,-1257.48932304778,"WhiteTroatedCaracara",20
1024,1,0.925700008869171,0,10.2500982284546,342.672576904297,0,27.4142894744873,2.71744823455811,24.0898895263672,5.23508548736572,0.453402280807495,121.71524810791,-0.12148193269968,5.79501819610596,-1123.23955761392,-1257.48932304778,"WhiteTroatedCaracara",20
1025,1,0.925700008869171,0,10.2500982284546,342.672576904297,0,27.4142894744873,2.71744823455811,24.0898895263672,5.23508548736572,0.453402280807495,121.71524810791,-0.12148193269968,5.79501819610596,-1103.23955761392,-1257.48932304778,"WhiteTroatedCaracara",20
1026,1,0.925700008869171,0,10.2500982284546,342.672576904297,0,27.4142894744873,2.71744823455811,24.0898895263672,5.23508548736572,0.453402280807495,121.71524810791,-0.12148193269968,5.79501819610596,-1083.23955761392,-1257.48932304778,"WhiteTroatedCaracara",20
1027,1,28.6634197235107,0,8.57570171356201,323.23291015625,0,1.44136393070221,0.319485306739807,52.1798706054688,1.32471036911011,14.4623746871948,527.09130859375,1.56865561008453,164.589660644531,-1063.23955761392,-1257.48932304778,"WhiteTroatedCaracara",20
1028,1,28.6634197235107,0,8.57570171356201,323.23291015625,0,1.44136393070221,0.319485306739807,52.1798706054688,1.32471036911011,14.4623746871948,527.09130859375,1.56865561008453,164.589660644531,-1043.23955761392,-1257.48932304778,"WhiteTroatedCaracara",20
1029,1,34.1773910522461,0,8.0450611114502,287.286071777344,1.23823237419128,2.906818151474,0.469881892204285,47.7067718505859,3.43396234512329,10.9269390106201,637.634521484375,-3.43673014640808,157.854263305664,-1023.23955761392,-1257.48932304778,"WhiteTroatedCaracara",20
1030,0,36.607421875,0,6.35723400115967,229.348724365234,5.62954139709473,2.32378363609314,1.48782968521118,36.3822631835938,11.6653251647949,14.6409864425659,976.967651367188,-0.145555064082146,201.96369934082,-1003.23955761392,-1257.48932304778,"WhiteTroatedCaracara",20
1031,0,18.5413074493408,0,6.04489898681641,180.286712646484,4.13150405883789,3.53317523002625,2.79755997657776,34.6969718933105,11.2394933700562,11.6039199829102,1065.0595703125,-0.999517142772675,190.206298828125,-983.23955761392,-1257.48932304778,"WhiteTroatedCaracara",20
1032,1,4.25045442581177,0,6.67063522338867,140.395126342773,2.31523704528809,4.31749391555786,5.73747158050537,36.0455284118652,6.74364900588989,8.26887798309326,991.986389160156,1.54675114154816,141.374114990234,-963.23955761392,-1257.48932304778,"WhiteTroatedCaracara",20
1033,1,11.7800722122192,0,5.76135587692261,94.106086730957,9.37081813812256,3.42267203330994,10.3786134719849,27.5071411132812,17.1107997894287,16.4225006103516,1225.66809082031,0.888075292110443,80.0493469238281,-943.23955761392,-1257.48932304778,"WhiteTroatedCaracara",20
1034,1,12.3623752593994,0,5.33325529098511,68.9942626953125,19.8440113067627,4.16567897796631,1.54074239730835,17.0076065063477,21.0479049682617,35.5759429931641,1378.77709960938,2.75403833389282,93.7872619628906,-923.23955761392,-1257.48932304778,"WhiteTroatedCaracara",20
1035,1,2.88130903244019,0,8.35679244995117,56.2056884765625,23.5382041931152,0.648127257823944,0.0558625385165215,13.2051439285278,8.16773796081543,52.78369140625,860.11181640625,-0.461400508880615,28.9379615783691,-903.23955761392,-1257.48932304778,"WhiteTroatedCaracara",20
1036,1,2.87971758842468,0,8.93515205383301,47.1546401977539,26.0453510284424,0.797856748104095,0.142585411667824,10.2783031463623,11.4767112731934,50.1132164001465,785.807922363281,0.140923038125038,35.400333404541,-883.23955761392,-1257.48932304778,"WhiteTroatedCaracara",20
1037,1,4.13675022125244,0,9.53976058959961,42.3885231018066,26.0671825408936,2.90482711791992,0.414220094680786,8.8071985244751,9.00457668304443,47.821418762207,693.401733398438,-0.119136780500412,36.4915046691895,-863.23955761392,-1257.48932304778,"WhiteTroatedCaracara",20
1038,0,7.315505027771,0,8.32034111022949,32.670036315918,37.4936218261719,0.0439627878367901,0.185589730739594,6.94259023666382,11.6386470794678,40.5810852050781,958.270935058594,0.758879363536835,52.423641204834,-843.23955761392,-1257.48932304778,"WhiteTroatedCaracara",20
1039,0,5.98215436935425,0,7.76515054702759,29.0326766967773,42.1802253723145,0.163574978709221,0.286664992570877,5.80060195922852,9.92171382904053,40.871021270752,1088.47497558594,1.49308884143829,60.458309173584,-823.23955761392,-1257.48932304778,"WhiteTroatedCaracara",20
1040,0,4.56223964691162,0,9.02358627319336,29.5658416748047,37.2642402648926,0.0229597445577383,0.219924092292786,6.32684993743896,8.64640235900879,46.4514045715332,889.364196777344,-0.242594510316849,56.0600357055664,-803.23955761392,-1257.48932304778,"WhiteTroatedCaracara",20
1041,0,4.45657014846802,0,10.0821552276611,31.3564567565918,39.7309799194336,0.301388740539551,0.0953154861927032,5.07218933105469,4.99179124832153,48.9617958068848,707.435241699219,-0.891428709030151,59.9098205566406,-783.23955761392,-1257.48932304778,"WhiteTroatedCaracara",20
1042,0,5.66867351531982,0,8.45396709442139,28.2677192687988,31.0601062774658,0.0672614350914955,0.0153514556586742,7.97107791900635,9.08365917205811,51.2581672668457,1031.62121582031,1.32397723197937,45.0572280883789,-763.23955761392,-1257.48932304778,"WhiteTroatedCaracara",20
1043,0,11.0628719329834,0,8.86213207244873,29.7975788116455,32.786304473877,0.0236415304243565,0.171963721513748,7.14649200439453,5.2108850479126,53.8169403076172,976.827392578125,-0.3987757563591,42.2021827697754,-743.23955761392,-1257.48932304778,"WhiteTroatedCaracara",20
1044,0,7.27640819549561,0,9.25558757781982,31.4945888519287,25.1642875671387,0.118919141590595,0.162178859114647,9.05548763275146,1.69534385204315,63.2430877685547,928.491333007812,0.47472071647644,35.1445274353027,-723.23955761392,-1257.48932304778,"WhiteTroatedCaracara",20
1045,0,4.52269649505615,0,8.911940574646,32.5940361022949,23.3453483581543,0,0.0285052321851254,9.21553325653076,1.43084216117859,65.4756164550781,1000.94848632812,-0.644005835056305,31.6469669342041,-703.23955761392,-1257.48932304778,"WhiteTroatedCaracara",20
1046,0,6.16684770584106,0,8.07204055786133,32.6843032836914,44.1602439880371,0,0.0536014549434185,3.75276613235474,2.20199227333069,49.3728828430176,1171.15844726562,0.48346483707428,33.2975807189941,-683.23955761392,-1257.48932304778,"WhiteTroatedCaracara",20
1047,0,6.46001148223877,0,9.48016834259033,35.0001220703125,36.7207145690918,0.0677466467022896,0,6.23313140869141,0.475500464439392,56.2905654907227,933.94482421875,-1.31370055675507,39.071704864502,-663.23955761392,-1257.48932304778,"WhiteTroatedCaracara",20
1048,0,4.46009016036987,0,10.5790739059448,37.4101371765137,37.7662467956543,0.0370154455304146,0.00315230269916356,5.98259353637695,0.0761632174253464,56.0708465576172,736.815673828125,0.300982505083084,25.2671566009521,-643.23955761392,-1257.48932304778,"WhiteTroatedCaracara",20
1049,0,5.83576774597168,0,11.6454792022705,40.1466979980469,27.1296768188477,0,0.0534811206161976,8.729079246521,0.660989165306091,62.9092025756836,546.708862304688,0.487140625715256,33.486141204834,-623.23955761392,-1257.48932304778,"WhiteTroatedCaracara",20
1050,0,4.74561214447021,0,13.2799634933472,43.3582305908203,27.3238639831543,0,0.019744336605072,8.87893772125244,0.0928559377789497,63.6752777099609,226.148651123047,-0.479636013507843,13.8183193206787,-603.23955761392,-1257.48932304778,"WhiteTroatedCaracara",20
1051,0,14.170352935791,0,13.8384876251221,45.4515342712402,41.2050323486328,0.120715133845806,0.167522519826889,1.3470960855484,0.777671575546265,56.2449378967285,90.5986404418945,-0.164782509207726,3.33242845535278,-583.23955761392,-1257.48932304778,"WhiteTroatedCaracara",20
1052,1,34.1122436523438,0,8.88600063323975,336.532379150391,0.14148873090744,0.0351202785968781,0.115796662867069,42.5348167419434,0.12757083773613,4.40920925140381,81.4803771972656,-0.124442130327225,17.5029354095459,-1163.23955761392,-1277.48932304778,"WhiteTroatedCaracara",20
1053,1,9.95892143249512,0,9.56779193878174,344.068267822266,0,2.17299270629883,1.37546813488007,39.9924201965332,0.149144992232323,1.8946487903595,125.611473083496,-0.216310054063797,28.1334800720215,-1143.23955761392,-1277.48932304778,"WhiteTroatedCaracara",20
1054,1,3.03317308425903,0,10.1139678955078,361.123657226562,0.0324513055384159,4.34119033813477,2.73151755332947,40.1681365966797,0.0670083090662956,1.79449951648712,114.922050476074,0.221906512975693,29.4623107910156,-1123.23955761392,-1277.48932304778,"WhiteTroatedCaracara",20
1055,1,3.40933561325073,0,10.4873886108398,390.721862792969,0.114773660898209,5.76224660873413,1.6136634349823,41.135871887207,0.325016379356384,2.22796154022217,71.7591247558594,-0.0940983071923256,3.44506502151489,-1103.23955761392,-1277.48932304778,"WhiteTroatedCaracara",20
1056,1,10.0717830657959,0,9.30870342254639,343.079437255859,0.0447808504104614,1.16664755344391,0.413744211196899,44.9417495727539,1.74471509456635,10.1376447677612,345.870452880859,-0.813886642456055,107.89200592041,-1063.23955761392,-1277.48932304778,"WhiteTroatedCaracara",20
1057,1,10.0717830657959,0,9.30870342254639,343.079437255859,0.0447808504104614,1.16664755344391,0.413744211196899,44.9417495727539,1.74471509456635,10.1376447677612,345.870452880859,-0.813886642456055,107.89200592041,-1043.23955761392,-1277.48932304778,"WhiteTroatedCaracara",20
1058,1,18.712911605835,0,6.03864049911499,268.877349853516,4.46217012405396,2.36054134368896,0.878090918064117,36.0196342468262,8.46623611450195,11.4787998199463,1004.70764160156,0.864184558391571,152.806243896484,-1023.23955761392,-1277.48932304778,"WhiteTroatedCaracara",20
1059,0,29.4267654418945,0,5.84335803985596,226.274841308594,4.2314658164978,2.31640458106995,1.8515796661377,36.8387298583984,11.9720191955566,15.3791522979736,1067.81860351562,2.10743951797485,209.807159423828,-1003.23955761392,-1277.48932304778,"WhiteTroatedCaracara",20
1060,0,20.044132232666,0,5.33631658554077,180.381271362305,6.43637323379517,3.61339473724365,3.13188815116882,33.585132598877,11.1199207305908,13.5193300247192,1199.79943847656,2.32437086105347,200.833343505859,-983.23955761392,-1277.48932304778,"WhiteTroatedCaracara",20
1061,1,4.97365808486938,0,5.9596848487854,143.32666015625,5.62256383895874,4.85985279083252,5.38529634475708,34.4346885681152,8.16741275787354,12.1359844207764,1116.80029296875,1.4356814622879,164.300384521484,-963.23955761392,-1277.48932304778,"WhiteTroatedCaracara",20
1062,1,3.15124702453613,0,7.85747241973877,114.691108703613,4.98602628707886,7.17954540252686,9.99124622344971,27.7610683441162,15.2413892745972,17.6239814758301,822.466918945312,-2.23040413856506,64.2213592529297,-943.23955761392,-1277.48932304778,"WhiteTroatedCaracara",20
1063,1,3.28911995887756,0,7.55303525924683,78.5304718017578,16.1776332855225,5.67725992202759,2.38859748840332,17.2479820251465,13.3054256439209,39.6165924072266,945.050903320312,-0.606073796749115,87.5162353515625,-923.23955761392,-1277.48932304778,"WhiteTroatedCaracara",20
1064,1,3.339510679245,0,7.93183946609497,56.407543182373,26.6988372802734,0.456589013338089,0.56676322221756,15.5706424713135,7.25631666183472,48.6870269775391,925.966735839844,0.492904782295227,39.4985847473145,-903.23955761392,-1277.48932304778,"WhiteTroatedCaracara",20
1065,0,3.10599160194397,0,8.85615539550781,47.0060729980469,28.2452831268311,1.41758966445923,0.136548548936844,11.3050374984741,7.32790565490723,51.0231513977051,786.948913574219,0.235484093427658,40.0648422241211,-883.23955761392,-1277.48932304778,"WhiteTroatedCaracara",20
1066,0,2.91241121292114,0,9.94655227661133,42.5943298339844,42.9370727539062,0.700052499771118,0.0631145760416985,3.37529468536377,4.32618188858032,48.0363883972168,596.61376953125,-0.294590473175049,5.95380067825317,-863.23955761392,-1277.48932304778,"WhiteTroatedCaracara",20
1067,0,2.75047755241394,0,9.53980731964111,33.6885681152344,51.067081451416,0,0.106665126979351,2.2885627746582,3.74084067344666,42.0931510925293,704.029663085938,-0.449594914913177,22.4742259979248,-843.23955761392,-1277.48932304778,"WhiteTroatedCaracara",20
1068,0,3.12625432014465,0,8.17711734771729,27.7564926147461,48.3510932922363,0.00674140453338623,0.027907332405448,3.03451728820801,5.99788999557495,42.0094909667969,997.3125,0.480154603719711,34.3360939025879,-823.23955761392,-1277.48932304778,"WhiteTroatedCaracara",20
1069,0,3.70355343818665,0,7.610595703125,25.8410797119141,41.859561920166,0.521511733531952,0.0446424260735512,5.97843170166016,9.76005172729492,40.8775024414062,1122.54467773438,1.13242828845978,37.3404083251953,-803.23955761392,-1277.48932304778,"WhiteTroatedCaracara",20
1070,0,4.44751930236816,0,8.60701084136963,26.6417503356934,40.2707481384277,0.261359333992004,0.225947961211205,5.64195537567139,8.05620288848877,44.6174774169922,971.601867675781,-0.551035046577454,51.244987487793,-783.23955761392,-1277.48932304778,"WhiteTroatedCaracara",20
1071,0,2.9068295955658,0,10.218090057373,29.3255519866943,31.7174949645996,0.271927922964096,0.0506333410739899,7.04563570022583,3.6997377872467,56.7884407043457,710.649719238281,-0.0804949849843979,60.1859512329102,-763.23955761392,-1277.48932304778,"WhiteTroatedCaracara",20
1072,0,11.4470405578613,0,9.82973957061768,28.9371967315674,40.3147583007812,0.0801646709442139,0.543345868587494,4.02732801437378,4.56079626083374,50.2766723632812,806.9619140625,0.386110603809357,44.7050666809082,-743.23955761392,-1277.48932304778,"WhiteTroatedCaracara",20
1073,0,15.4181623458862,0,10.0941848754883,30.6261177062988,40.1570472717285,0.360471159219742,0.266601949930191,4.3805890083313,3.09262275695801,51.6541786193848,770.819580078125,-0.431447088718414,31.7692070007324,-723.23955761392,-1277.48932304778,"WhiteTroatedCaracara",20
1074,0,4.13840246200562,0,9.61511516571045,31.2641716003418,35.1997833251953,0,0.0075322724878788,6.52702808380127,0.858229696750641,57.0689926147461,871.916809082031,0.182419568300247,36.2238235473633,-703.23955761392,-1277.48932304778,"WhiteTroatedCaracara",20
1075,0,16.2521209716797,0,9.79935550689697,32.5451965332031,26.986047744751,0,0.0148455230519176,8.78277778625488,0.71415650844574,63.2291870117188,855.957275390625,-0.265181392431259,41.0794944763184,-683.23955761392,-1277.48932304778,"WhiteTroatedCaracara",20
1076,0,23.5369758605957,0,10.7463464736938,35.0871734619141,27.0984039306641,0.0121996384114027,0.0153765473514795,8.47242832183838,0.442004173994064,63.9189529418945,693.125305175781,0.25996133685112,41.571346282959,-663.23955761392,-1277.48932304778,"WhiteTroatedCaracara",20
1077,0,18.3390979766846,0,11.4985427856445,36.9989471435547,27.7834510803223,0.040149737149477,0.0266724266111851,8.24756526947021,0.257930845022202,63.6517028808594,547.732238769531,0.173347428441048,43.0124244689941,-643.23955761392,-1277.48932304778,"WhiteTroatedCaracara",20
1078,0,20.7314853668213,0,12.8538722991943,40.0211143493652,26.2025451660156,0.0256259255111217,0.0186740923672915,7.29227781295776,0.132956206798553,66.2999114990234,290.575073242188,-0.546929538249969,22.890157699585,-623.23955761392,-1277.48932304778,"WhiteTroatedCaracara",20
1079,0,11.3039302825928,0,13.4929456710815,42.6206665039062,34.0857391357422,0.455346196889877,0.206448718905449,1.73965060710907,0.973815619945526,62.5382537841797,146.162567138672,-0.14748027920723,3.06390643119812,-603.23955761392,-1277.48932304778,"WhiteTroatedCaracara",20
1080,0,14.170352935791,0,13.8384876251221,45.4515342712402,41.2050323486328,0.120715133845806,0.167522519826889,1.3470960855484,0.777671575546265,56.2449378967285,90.5986404418945,-0.164782509207726,3.33242845535278,-583.23955761392,-1277.48932304778,"WhiteTroatedCaracara",20
1081,0,34.1122436523438,0,8.88600063323975,336.532379150391,0.14148873090744,0.0351202785968781,0.115796662867069,42.5348167419434,0.12757083773613,4.40920925140381,81.4803771972656,-0.124442130327225,17.5029354095459,-1163.23955761392,-1297.48932304778,"WhiteTroatedCaracara",20
1082,1,19.1042251586914,0,8.77700424194336,353.591247558594,0.505440771579742,0.0676333382725716,0.572495698928833,36.1062660217285,0.0173617098480463,10.9625759124756,224.726745605469,0.674372017383575,28.5612869262695,-1143.23955761392,-1297.48932304778,"WhiteTroatedCaracara",20
1083,1,5.360032081604,0,9.85320472717285,377.075927734375,0.00826933234930038,2.86710667610168,1.77413725852966,44.936092376709,0.225052416324615,3.16328048706055,138.777206420898,0.427082121372223,29.6397609710693,-1123.23955761392,-1297.48932304778,"WhiteTroatedCaracara",20
1084,1,3.40933561325073,0,10.4873886108398,390.721862792969,0.114773660898209,5.76224660873413,1.6136634349823,41.135871887207,0.325016379356384,2.22796154022217,71.7591247558594,-0.0940983071923256,3.44506502151489,-1103.23955761392,-1297.48932304778,"WhiteTroatedCaracara",20
1085,0,3.40933561325073,0,10.4873886108398,390.721862792969,0.114773660898209,5.76224660873413,1.6136634349823,41.135871887207,0.325016379356384,2.22796154022217,71.7591247558594,-0.0940983071923256,3.44506502151489,-1083.23955761392,-1297.48932304778,"WhiteTroatedCaracara",20
1086,0,9.17318344116211,0,9.33691501617432,357.000335693359,0.018649073317647,2.19136548042297,0.315585732460022,44.1211585998535,2.50987315177917,11.3970069885254,319.633453369141,-0.597703576087952,120.516708374023,-1063.23955761392,-1297.48932304778,"WhiteTroatedCaracara",20
1087,1,9.17318344116211,0,9.33691501617432,357.000335693359,0.018649073317647,2.19136548042297,0.315585732460022,44.1211585998535,2.50987315177917,11.3970069885254,319.633453369141,-0.597703576087952,120.516708374023,-1043.23955761392,-1297.48932304778,"WhiteTroatedCaracara",20
1088,1,5.66741800308228,0,8.69274044036865,316.634979248047,0.693941652774811,2.66916251182556,0.614335954189301,48.765064239502,3.88874912261963,11.8130407333374,490.931243896484,1.1773282289505,171.274429321289,-1023.23955761392,-1297.48932304778,"WhiteTroatedCaracara",20
1089,0,17.4920978546143,0,6.04819297790527,241.908721923828,5.29680585861206,2.13466477394104,2.30656981468201,30.6388111114502,15.9451026916504,12.457103729248,1015.81970214844,-1.34301733970642,230.933059692383,-1003.23955761392,-1297.48932304778,"WhiteTroatedCaracara",20
1090,1,10.0305576324463,0,6.31730222702026,201.510665893555,3.04833126068115,6.57379198074341,3.82100582122803,35.7829360961914,10.5233726501465,14.1640720367432,996.662414550781,-1.72471070289612,198.090560913086,-983.23955761392,-1297.48932304778,"WhiteTroatedCaracara",20
1091,1,3.96863746643066,0,6.80255937576294,163.803894042969,5.39431285858154,4.57824373245239,4.28590869903564,30.7743244171143,10.4019250869751,12.0042324066162,953.489074707031,-1.50552940368652,156.977584838867,-963.23955761392,-1297.48932304778,"WhiteTroatedCaracara",20
1092,1,2.40356183052063,0,9.01779747009277,142.734405517578,1.81677627563477,20.4542064666748,10.6157884597778,23.7460193634033,14.0167446136475,13.2278995513916,584.1005859375,-1.08775210380554,48.6134948730469,-943.23955761392,-1297.48932304778,"WhiteTroatedCaracara",20
1093,1,7.48638916015625,0,7.95532560348511,88.276496887207,9.33395004272461,9.64014720916748,7.22488927841187,19.6039714813232,18.0075664520264,31.0628967285156,846.525573730469,1.30869936943054,86.8221435546875,-923.23955761392,-1297.48932304778,"WhiteTroatedCaracara",20
1094,0,2.85371804237366,0,8.41306591033936,61.5616874694824,24.7746429443359,1.45898461341858,1.11601662635803,15.4469146728516,6.59650278091431,48.9799652099609,811.196655273438,-0.575426399707794,45.0057716369629,-903.23955761392,-1297.48932304778,"WhiteTroatedCaracara",20
1095,1,4.73088264465332,0,8.3417387008667,46.4728813171387,34.2288284301758,0.667062401771545,0.183553412556648,11.2684993743896,7.54174470901489,45.9240570068359,857.713684082031,-0.355357617139816,49.0162734985352,-883.23955761392,-1297.48932304778,"WhiteTroatedCaracara",20
1096,1,3.55443167686462,0,9.24142074584961,39.0813865661621,38.7840538024902,0.232058793306351,0.0227379035204649,5.31663799285889,7.87956619262695,44.0504379272461,714.920959472656,-0.28746771812439,25.1271457672119,-863.23955761392,-1297.48932304778,"WhiteTroatedCaracara",20
1097,0,6.60701751708984,0,9.3076114654541,32.7549285888672,47.0369911193848,0,0.0314410142600536,2.66792678833008,5.60755968093872,42.8333053588867,730.085388183594,-0.0116072203963995,25.8623085021973,-843.23955761392,-1297.48932304778,"WhiteTroatedCaracara",20
1098,0,4.13747262954712,0,8.33785724639893,26.6768035888672,43.4293899536133,0.0387787371873856,0.0541402474045753,5.08588790893555,7.8909912109375,43.1318244934082,947.750061035156,-0.491176903247833,37.2573013305664,-823.23955761392,-1297.48932304778,"WhiteTroatedCaracara",20
1099,0,5.01106405258179,0,8.14235305786133,24.9202156066895,42.9099769592285,0.000600092287641019,0.262063145637512,4.66944074630737,8.3520565032959,43.235408782959,1014.61456298828,-0.609610378742218,32.7006568908691,-803.23955761392,-1297.48932304778,"WhiteTroatedCaracara",20
1100,0,13.2784671783447,0,6.88000631332397,24.0075702667236,32.9452514648438,0.587032437324524,0.310174912214279,9.53338241577148,11.9739542007446,43.2755393981934,1272.94189453125,0.013946782797575,53.8042068481445,-783.23955761392,-1297.48932304778,"WhiteTroatedCaracara",20
1101,0,7.28109884262085,0,9.84622859954834,26.8115348815918,36.180549621582,0.324209988117218,0.137808576226234,6.66028356552124,4.7982349395752,51.2117729187012,774.985961914062,0.157924681901932,53.7301597595215,-763.23955761392,-1297.48932304778,"WhiteTroatedCaracara",20
1102,0,8.80777549743652,0,10.8968677520752,29.494758605957,41.6579666137695,0.130939647555351,0.136191636323929,3.31632876396179,3.15293741226196,51.5308837890625,599.334045410156,-0.30240598320961,37.2306785583496,-743.23955761392,-1297.48932304778,"WhiteTroatedCaracara",20
1103,0,11.5096054077148,0,10.2985906600952,29.0966396331787,37.025203704834,0.0762517601251602,0.185228154063225,4.51965951919556,1.94609296321869,56.2022895812988,727.851806640625,-0.137756407260895,27.8209533691406,-723.23955761392,-1297.48932304778,"WhiteTroatedCaracara",20
1104,0,3.72527098655701,0,11.0396718978882,31.7047443389893,36.4876289367676,0.155359879136086,0.0804647505283356,4.3747239112854,1.09765589237213,57.6078910827637,598.38671875,0.0246769413352013,22.1525440216064,-703.23955761392,-1297.48932304778,"WhiteTroatedCaracara",20
1105,0,16.9802742004395,0,10.9107332229614,32.5990409851074,21.1605014801025,0.0343229956924915,0.032670509070158,9.53945255279541,0.585215985774994,68.6675872802734,634.599853515625,0.340453445911407,30.068775177002,-683.23955761392,-1297.48932304778,"WhiteTroatedCaracara",20
1106,0,27.7178993225098,0,12.1698179244995,35.5139198303223,29.9146423339844,0.0333385542035103,0.229083746671677,4.27711009979248,0.729836404323578,64.8133163452148,404.625793457031,0.00767743028700352,18.2926387786865,-663.23955761392,-1297.48932304778,"WhiteTroatedCaracara",20
1107,0,21.6131210327148,0,12.5753211975098,37.335391998291,34.394702911377,0.0746221914887428,0.00550041487440467,3.41713213920593,0.348661959171295,61.7485122680664,320.662750244141,0.0806092992424965,19.600757598877,-643.23955761392,-1297.48932304778,"WhiteTroatedCaracara",20
1108,0,11.6814460754395,0,12.9580993652344,39.3839416503906,42.8631401062012,0.345190554857254,0.215326175093651,1.2771714925766,0.239236816763878,55.0716819763184,234.636505126953,-0.264141231775284,10.0656366348267,-623.23955761392,-1297.48932304778,"WhiteTroatedCaracara",20
1109,0,11.3039302825928,0,13.4929456710815,42.6206665039062,34.0857391357422,0.455346196889877,0.206448718905449,1.73965060710907,0.973815619945526,62.5382537841797,146.162567138672,-0.14748027920723,3.06390643119812,-603.23955761392,-1297.48932304778,"WhiteTroatedCaracara",20
1110,0,43.8549461364746,0,8.36241817474365,342.124633789062,0.0647113472223282,0.269702225923538,0.380291432142258,39.4350242614746,0.0198136046528816,5.91039609909058,99.5317916870117,-0.211621969938278,17.9578056335449,-1183.23955761392,-1317.48932304778,"WhiteTroatedCaracara",20
1111,1,43.8549461364746,0,8.36241817474365,342.124633789062,0.0647113472223282,0.269702225923538,0.380291432142258,39.4350242614746,0.0198136046528816,5.91039609909058,99.5317916870117,-0.211621969938278,17.9578056335449,-1163.23955761392,-1317.48932304778,"WhiteTroatedCaracara",20
1112,1,25.3995704650879,0,8.51587104797363,368.792785644531,0.475316554307938,0.0261218771338463,0.701899409294128,27.0560836791992,0.136678040027618,9.21108341217041,224.281616210938,0.40010404586792,21.5353240966797,-1143.23955761392,-1317.48932304778,"WhiteTroatedCaracara",20
1113,1,23.1053142547607,0,9.19932556152344,413.2080078125,0,0.446340948343277,0.602692782878876,44.6049995422363,0.0589036867022514,4.36883401870728,147.614074707031,-0.179119318723679,29.9774265289307,-1123.23955761392,-1317.48932304778,"WhiteTroatedCaracara",20
1114,1,3.40933561325073,0,10.4873886108398,390.721862792969,0.114773660898209,5.76224660873413,1.6136634349823,41.135871887207,0.325016379356384,2.22796154022217,71.7591247558594,-0.0940983071923256,3.44506502151489,-1103.23955761392,-1317.48932304778,"WhiteTroatedCaracara",20
1115,0,50.4089202880859,0,9.98298835754395,416.603454589844,0,0.331136524677277,0.744390428066254,40.9865417480469,0.79373824596405,6.01380491256714,127.234756469727,-0.588215827941895,46.8041229248047,-1063.23955761392,-1317.48932304778,"WhiteTroatedCaracara",20
1116,0,23.6970272064209,0,8.00569725036621,347.909484863281,1.05197238922119,1.12263965606689,0.859250724315643,44.1685256958008,6.40196943283081,12.7690753936768,577.951538085938,-0.300717085599899,126.49503326416,-1043.23955761392,-1317.48932304778,"WhiteTroatedCaracara",20
1117,1,10.6904373168945,0,7.3805251121521,307.448150634766,3.26350259780884,2.64504384994507,1.83181321620941,37.6659355163574,7.7553334236145,10.4363975524902,710.168212890625,-1.72814786434174,183.329376220703,-1023.23955761392,-1317.48932304778,"WhiteTroatedCaracara",20
1118,0,15.9600963592529,0,6.94185066223145,261.581481933594,5.33235216140747,1.6857670545578,1.91318500041962,31.8607616424561,12.7756328582764,11.4849843978882,829.623840332031,2.42149972915649,206.663238525391,-1003.23955761392,-1317.48932304778,"WhiteTroatedCaracara",20
1119,1,9.49722671508789,0,6.65729188919067,216.621231079102,3.79624509811401,7.70059585571289,4.47658777236938,33.215763092041,10.23277759552,8.69884872436523,918.101013183594,0.0965500175952911,197.298706054688,-983.23955761392,-1317.48932304778,"WhiteTroatedCaracara",20
1120,1,9.35576343536377,0,5.49143218994141,154.076599121094,6.68034982681274,6.4134955406189,6.69273996353149,31.7486095428467,12.1077318191528,15.2402219772339,1188.34460449219,5.7937912940979,183.973175048828,-963.23955761392,-1317.48932304778,"WhiteTroatedCaracara",20
1121,1,4.34690761566162,0,7.67751455307007,127.370529174805,3.7884783744812,4.28682613372803,14.2766637802124,31.7376079559326,15.3765678405762,6.51240491867065,807.961791992188,-0.499765545129776,48.2575340270996,-943.23955761392,-1317.48932304778,"WhiteTroatedCaracara",20
1122,1,10.4180822372437,0,6.01865386962891,79.872314453125,4.08674669265747,2.79300117492676,10.3122758865356,28.903636932373,16.4716987609863,16.5146903991699,1168.81860351562,1.14612948894501,87.1163482666016,-923.23955761392,-1317.48932304778,"WhiteTroatedCaracara",20
1123,0,9.82857131958008,0,7.22521686553955,57.8582992553711,17.7878856658936,1.49155616760254,2.72527742385864,18.5959930419922,10.3494243621826,45.8305892944336,1017.36938476562,-0.572368502616882,53.9307594299316,-903.23955761392,-1317.48932304778,"WhiteTroatedCaracara",20
1124,1,3.58462882041931,0,7.79142570495605,44.8391227722168,35.8659400939941,0.923574566841125,0.454565197229385,12.792929649353,6.05819606781006,43.4396781921387,951.635192871094,-0.0195911377668381,46.4521064758301,-883.23955761392,-1317.48932304778,"WhiteTroatedCaracara",20
1125,0,3.38510751724243,0,8.60001659393311,35.586254119873,26.7142772674561,0.675780773162842,0.175838336348534,10.8236150741577,9.30395412445068,51.9765777587891,826.432067871094,-0.653583288192749,24.0786190032959,-863.23955761392,-1317.48932304778,"WhiteTroatedCaracara",20
1126,0,9.89492702484131,0,8.54117870330811,29.9718627929688,45.1315307617188,0.267818570137024,0.0400954037904739,3.84633803367615,6.68200397491455,43.5597877502441,865.828674316406,-0.378939211368561,31.3377342224121,-843.23955761392,-1317.48932304778,"WhiteTroatedCaracara",20
1127,0,13.9692258834839,0,7.52654981613159,23.8286113739014,40.7599716186523,0.326200425624847,0.0220230333507061,6.60804843902588,9.77343654632568,41.8695831298828,1086.19470214844,0.855692505836487,50.3567390441895,-823.23955761392,-1317.48932304778,"WhiteTroatedCaracara",20
1128,0,5.13501071929932,0,8.75709629058838,23.7086963653564,38.8877334594727,0.647608280181885,0.826496541500092,5.59997272491455,8.78767490386963,44.3039436340332,887.427124023438,-0.279961735010147,23.3118362426758,-803.23955761392,-1317.48932304778,"WhiteTroatedCaracara",20
1129,0,19.8470993041992,0,7.55226898193359,22.2965965270996,37.2262992858887,0.610062718391418,0.542262732982635,7.60900259017944,9.73734474182129,42.1306800842285,1141.27087402344,0.783157885074615,43.4272270202637,-783.23955761392,-1317.48932304778,"WhiteTroatedCaracara",20
1130,0,14.0351085662842,0,9.63967323303223,24.4566173553467,41.1738014221191,0.228939935564995,0.0566253662109375,4.89247465133667,5.12646436691284,47.0714225769043,807.19580078125,-1.12951743602753,52.9104270935059,-763.23955761392,-1317.48932304778,"WhiteTroatedCaracara",20
1131,1,5.72475385665894,0,10.8388586044312,28.196590423584,37.6321182250977,0.224579006433487,0.132822006940842,5.40961885452271,1.18217420578003,55.2052841186523,603.708190917969,-0.1045191437006,40.7123794555664,-743.23955761392,-1317.48932304778,"WhiteTroatedCaracara",20
1132,0,5.77396011352539,0,10.0413541793823,26.9521236419678,19.1315021514893,0.0637475326657295,0.0376033633947372,10.2700576782227,0.208651766180992,70.2104644775391,774.398071289062,0.91753101348877,27.7307300567627,-723.23955761392,-1317.48932304778,"WhiteTroatedCaracara",20
1133,0,6.34223175048828,0,11.3525648117065,30.6312046051025,31.5766372680664,0.0254314355552197,0.0291780270636082,5.30139493942261,0.303756207227707,62.6890754699707,536.866271972656,-0.319164395332336,13.6037445068359,-703.23955761392,-1317.48932304778,"WhiteTroatedCaracara",20
1134,0,6.10912942886353,0,12.0435485839844,32.9090957641602,44.8288726806641,0.92417585849762,0.153804197907448,1.72747421264648,1.91748976707458,50.0541114807129,396.192138671875,-0.310116440057755,8.72214126586914,-683.23955761392,-1317.48932304778,"WhiteTroatedCaracara",20
1135,0,9.34034538269043,0,12.3652238845825,34.5605735778809,49.2419662475586,1.10365188121796,0.158742725849152,0.278776466846466,2.76828098297119,46.1771240234375,337.624694824219,-0.00376432854682207,12.8277797698975,-663.23955761392,-1317.48932304778,"WhiteTroatedCaracara",20
1136,0,6.3191065788269,0,12.3821630477905,35.8745498657227,35.6239624023438,0.541967034339905,0.118505835533142,3.13663935661316,0.6213299036026,59.8959274291992,329.565887451172,-0.353080362081528,13.6982460021973,-643.23955761392,-1317.48932304778,"WhiteTroatedCaracara",20
1137,0,3.09704923629761,0,12.2941637039185,36.777099609375,23.4304885864258,0.118912555277348,0.0129246572032571,4.38081645965576,0.0813102871179581,71.8964233398438,347.932830810547,0.434822469949722,10.3111305236816,-623.23955761392,-1317.48932304778,"WhiteTroatedCaracara",20
1138,0,48.6248779296875,0,8.11512756347656,351.543670654297,0.0326464660465717,0.209795862436295,0.441428899765015,47.552791595459,0.0223742108792067,4.95483255386353,99.1506271362305,0.226252183318138,18.2850532531738,-1183.23955761392,-1337.48932304778,"WhiteTroatedCaracara",20
1139,1,48.6248779296875,0,8.11512756347656,351.543670654297,0.0326464660465717,0.209795862436295,0.441428899765015,47.552791595459,0.0223742108792067,4.95483255386353,99.1506271362305,0.226252183318138,18.2850532531738,-1163.23955761392,-1337.48932304778,"WhiteTroatedCaracara",20
1140,0,33.1288909912109,0,8.82062339782715,390.057525634766,0.311899304389954,0.136523097753525,0.760334670543671,40.6746139526367,0.224907666444778,6.90440320968628,109.381317138672,0.00783482100814581,21.4810523986816,-1143.23955761392,-1337.48932304778,"WhiteTroatedCaracara",20
1141,0,23.1053142547607,0,9.19932556152344,413.2080078125,0,0.446340948343277,0.602692782878876,44.6049995422363,0.0589036867022514,4.36883401870728,147.614074707031,-0.179119318723679,29.9774265289307,-1123.23955761392,-1337.48932304778,"WhiteTroatedCaracara",20
1142,0,23.1053142547607,0,9.19932556152344,413.2080078125,0,0.446340948343277,0.602692782878876,44.6049995422363,0.0589036867022514,4.36883401870728,147.614074707031,-0.179119318723679,29.9774265289307,-1103.23955761392,-1337.48932304778,"WhiteTroatedCaracara",20
1143,0,50.4089202880859,0,9.98298835754395,416.603454589844,0,0.331136524677277,0.744390428066254,40.9865417480469,0.79373824596405,6.01380491256714,127.234756469727,-0.588215827941895,46.8041229248047,-1063.23955761392,-1337.48932304778,"WhiteTroatedCaracara",20
1144,0,37.4150238037109,0,7.98182344436646,359.433288574219,2.34316062927246,2.40478014945984,0.691617667675018,41.7832221984863,4.92176914215088,9.04714870452881,560.522155761719,3.75728607177734,154.901245117188,-1043.23955761392,-1337.48932304778,"WhiteTroatedCaracara",20
1145,0,28.3482265472412,0,6.03332328796387,294.46044921875,6.79108762741089,2.46947431564331,1.20686507225037,28.7268486022949,10.5418081283569,9.79741382598877,936.647827148438,2.09654903411865,205.20198059082,-1023.23955761392,-1337.48932304778,"WhiteTroatedCaracara",20
1146,1,30.0415496826172,0,7.5108208656311,277.708892822266,3.93789553642273,1.61988031864166,2.33716487884521,35.3474159240723,8.63131523132324,9.25697326660156,701.478942871094,-1.31038510799408,184.315048217773,-1003.23955761392,-1337.48932304778,"WhiteTroatedCaracara",20
1147,1,22.8565692901611,0,6.40376663208008,214.319488525391,2.60300278663635,4.84648036956787,4.09823703765869,39.1767234802246,9.24029922485352,12.3154344558716,943.682678222656,1.81946957111359,192.514266967773,-983.23955761392,-1337.48932304778,"WhiteTroatedCaracara",20
1148,0,14.3023405075073,0,6.00383567810059,156.760635375977,3.10941290855408,4.43424892425537,7.3469181060791,37.9836349487305,7.21890783309937,8.44100189208984,1068.9404296875,0.688264906406403,150.49430847168,-963.23955761392,-1337.48932304778,"WhiteTroatedCaracara",20
1149,1,3.32033252716064,0,8.24193477630615,140.143096923828,4.12868356704712,6.08592367172241,11.7953729629517,37.2455215454102,9.86594486236572,5.89198398590088,687.981262207031,-3.40250587463379,53.634220123291,-943.23955761392,-1337.48932304778,"WhiteTroatedCaracara",20
1150,0,4.72652530670166,0,6.57647228240967,83.7002487182617,5.53887796401978,2.16733741760254,14.1657285690308,30.2392749786377,16.5253086090088,12.7248115539551,1036.18420410156,-0.622563481330872,57.9138259887695,-923.23955761392,-1337.48932304778,"WhiteTroatedCaracara",20
1151,0,7.28498029708862,0,6.88093328475952,57.2640953063965,19.8945388793945,1.41417098045349,3.44604134559631,17.041187286377,10.6610689163208,44.0739860534668,1066.72106933594,1.82450294494629,52.6942481994629,-903.23955761392,-1337.48932304778,"WhiteTroatedCaracara",20
1152,1,2.38468551635742,0,8.1605281829834,45.3295593261719,37.5406532287598,2.46734213829041,0.459345042705536,9.40830039978027,7.77444648742676,41.5972557067871,857.528991699219,-0.942812383174896,32.3713264465332,-883.23955761392,-1337.48932304778,"WhiteTroatedCaracara",20
1153,0,4.25289630889893,0,7.93168687820435,32.4127044677734,31.2767314910889,0.562452733516693,0.00882944837212563,10.4598426818848,13.3529615402222,43.7585411071777,934.968505859375,0.723863959312439,35.3343086242676,-863.23955761392,-1337.48932304778,"WhiteTroatedCaracara",20
1154,1,4.30333375930786,0,8.21033668518066,26.4763469696045,44.101936340332,0.255490869283676,0.0447589866816998,4.77280855178833,8.42048263549805,41.902515411377,916.582641601562,0.734567880630493,36.3291206359863,-843.23955761392,-1337.48932304778,"WhiteTroatedCaracara",20
1155,0,6.35599040985107,0,8.36439514160156,22.9629421234131,44.1790733337402,2.3450014591217,0.0523671731352806,3.98518538475037,8.77120971679688,39.978630065918,929.609497070312,0.210367426276207,39.4986724853516,-823.23955761392,-1337.48932304778,"WhiteTroatedCaracara",20
1156,0,3.79274606704712,0,9.23464202880859,22.6434307098389,44.3580017089844,0.419815957546234,0.840032935142517,2.1017746925354,6.8851490020752,43.7429695129395,792.840942382812,-0.370993763208389,25.8116359710693,-803.23955761392,-1337.48932304778,"WhiteTroatedCaracara",20
1157,0,15.6740465164185,0,8.14676284790039,21.0326957702637,46.7760314941406,0.696645081043243,1.17206847667694,0.948537647724152,6.71704292297363,42.0422325134277,1020.77203369141,0.934570968151093,27.6284141540527,-783.23955761392,-1337.48932304778,"WhiteTroatedCaracara",20
1158,0,16.5034408569336,0,8.75951957702637,21.381950378418,26.2061805725098,0.125611066818237,0.0129562197253108,9.66836071014404,5.80807161331177,58.0452346801758,942.772399902344,0.936381459236145,41.0816841125488,-763.23955761392,-1337.48932304778,"WhiteTroatedCaracara",20
1159,0,6.17758655548096,0,10.9722442626953,26.1884822845459,31.634651184082,0.159907624125481,0.144931524991989,7.25230312347412,2.17305827140808,57.5408744812012,576.425231933594,0.030180100351572,37.1608238220215,-743.23955761392,-1337.48932304778,"WhiteTroatedCaracara",20
1160,0,5.25304841995239,0,11.9108600616455,29.748046875,36.384937286377,0.257808834314346,0.0682419389486313,5.100172996521,1.12795257568359,56.555290222168,411.370025634766,-0.774667859077454,16.144401550293,-723.23955761392,-1337.48932304778,"WhiteTroatedCaracara",20
1161,0,15.8064947128296,0,11.3738117218018,29.2950134277344,38.9556121826172,0.127535879611969,0.0246366709470749,4.59303855895996,0.454673796892166,55.515754699707,529.072509765625,0.976493954658508,23.3738079071045,-703.23955761392,-1337.48932304778,"WhiteTroatedCaracara",20
1162,0,13.061053276062,0,11.8485527038574,31.5990467071533,44.5105590820312,0.713924884796143,0.183736726641655,2.12505722045898,1.66092753410339,50.6832008361816,422.961944580078,-0.470053911209106,17.5088710784912,-683.23955761392,-1337.48932304778,"WhiteTroatedCaracara",20
1163,0,9.43190383911133,0,12.2463150024414,33.4645233154297,48.1142578125,1.71920275688171,0.19123712182045,0.42264848947525,3.36137986183167,45.460636138916,337.912384033203,0.0426137410104275,10.4191694259644,-663.23955761392,-1337.48932304778,"WhiteTroatedCaracara",20
1164,0,12.0246839523315,0,12.0326662063599,34.2657585144043,38.0490913391113,0.544413805007935,0.0447960719466209,2.85254859924316,1.07964134216309,57.3454322814941,381.801086425781,-0.158591523766518,13.3942565917969,-643.23955761392,-1337.48932304778,"WhiteTroatedCaracara",20
1165,0,10.6656827926636,0,12.2308626174927,35.9650764465332,41.0857543945312,0.892080962657928,0.0385460145771503,2.64064764976501,1.10441279411316,54.2505912780762,349.950225830078,-0.257723718881607,19.9864730834961,-623.23955761392,-1337.48932304778,"WhiteTroatedCaracara",20
1166,0,10.6656827926636,0,12.2308626174927,35.9650764465332,41.0857543945312,0.892080962657928,0.0385460145771503,2.64064764976501,1.10441279411316,54.2505912780762,349.950225830078,-0.257723718881607,19.9864730834961,-603.23955761392,-1337.48932304778,"WhiteTroatedCaracara",20
1167,0,3.52647280693054,0,11.9992237091064,42.7904396057129,53.1059417724609,0.0915984958410263,0,0.295242965221405,0.0134211713448167,46.1016044616699,274.765411376953,-0.000249017670284957,1.93352127075195,-463.23955761392,-1337.48932304778,"WhiteTroatedCaracara",20
1168,1,3.50343561172485,0,12.1834325790405,42.6004104614258,33.4893569946289,0,0,6.21536779403687,0.17562510073185,59.343994140625,222.828247070312,0.236718982458115,11.1231899261475,-443.23955761392,-1337.48932304778,"WhiteTroatedCaracara",20
1169,0,3.50343561172485,0,12.1834325790405,42.6004104614258,33.4893569946289,0,0,6.21536779403687,0.17562510073185,59.343994140625,222.828247070312,0.236718982458115,11.1231899261475,-423.23955761392,-1337.48932304778,"WhiteTroatedCaracara",20
1170,0,102.139099121094,0,7.10722351074219,270.916717529297,0,4.65771913528442,0.0902179554104805,33.142879486084,0.969927728176117,1.2693897485733,105.090293884277,0.0489708296954632,14.6176767349243,-1203.23955761392,-1357.48932304778,"WhiteTroatedCaracara",20
1171,0,48.6248779296875,0,8.11512756347656,351.543670654297,0.0326464660465717,0.209795862436295,0.441428899765015,47.552791595459,0.0223742108792067,4.95483255386353,99.1506271362305,0.226252183318138,18.2850532531738,-1163.23955761392,-1357.48932304778,"WhiteTroatedCaracara",20
1172,0,33.1288909912109,0,8.82062339782715,390.057525634766,0.311899304389954,0.136523097753525,0.760334670543671,40.6746139526367,0.224907666444778,6.90440320968628,109.381317138672,0.00783482100814581,21.4810523986816,-1143.23955761392,-1357.48932304778,"WhiteTroatedCaracara",20
1173,0,23.1053142547607,0,9.19932556152344,413.2080078125,0,0.446340948343277,0.602692782878876,44.6049995422363,0.0589036867022514,4.36883401870728,147.614074707031,-0.179119318723679,29.9774265289307,-1123.23955761392,-1357.48932304778,"WhiteTroatedCaracara",20
1174,0,53.8941879272461,0,8.30753993988037,376.302459716797,1.93998885154724,2.10737276077271,1.18436050415039,41.7463874816895,3.3610942363739,7.72740936279297,478.860046386719,-1.59979450702667,146.124572753906,-1063.23955761392,-1357.48932304778,"WhiteTroatedCaracara",20
1175,1,53.8941879272461,0,8.30753993988037,376.302459716797,1.93998885154724,2.10737276077271,1.18436050415039,41.7463874816895,3.3610942363739,7.72740936279297,478.860046386719,-1.59979450702667,146.124572753906,-1043.23955761392,-1357.48932304778,"WhiteTroatedCaracara",20
1176,0,47.9143409729004,0,5.64620447158813,289.956878662109,8.19452857971191,2.40977501869202,2.19243907928467,28.4573135375977,11.6206083297729,9.77808094024658,992.5458984375,1.49205207824707,178.410705566406,-1023.23955761392,-1357.48932304778,"WhiteTroatedCaracara",20
1177,1,39.8446846008301,0,6.36507654190063,262.333465576172,4.94080305099487,2.00863933563232,1.5503534078598,39.3449440002441,8.2320384979248,9.58431434631348,899.259094238281,1.65525674819946,195.513046264648,-1003.23955761392,-1357.48932304778,"WhiteTroatedCaracara",20
1178,1,21.4295749664307,0,7.65553617477417,236.573532104492,0.827850580215454,7.5031418800354,3.39705777168274,42.9070663452148,4.95147323608398,6.9737753868103,699.545043945312,-1.63664388656616,182.211013793945,-983.23955761392,-1357.48932304778,"WhiteTroatedCaracara",20
1179,1,6.83280181884766,0,7.51101493835449,183.078552246094,1.46630549430847,9.76532936096191,7.49530124664307,35.9662628173828,8.67134189605713,7.09074974060059,767.717529296875,-1.94150185585022,139.072326660156,-963.23955761392,-1357.48932304778,"WhiteTroatedCaracara",20
1180,0,9.28332996368408,0,5.49226140975952,115.975379943848,5.66618156433105,7.11586141586304,8.56057071685791,27.6644744873047,13.121636390686,15.3957843780518,1175.220703125,4.06817388534546,131.046875,-943.23955761392,-1357.48932304778,"WhiteTroatedCaracara",20
1181,0,6.73911333084106,0,7.45959424972534,87.5727767944336,10.4950132369995,5.04696321487427,9.19764041900635,25.1026668548584,15.2854032516479,24.9213199615479,871.451416015625,-2.54747605323792,58.4333000183105,-923.23955761392,-1357.48932304778,"WhiteTroatedCaracara",20
1182,1,2.5849289894104,0,7.60525798797607,59.3442344665527,23.5260887145996,1.66622340679169,0.394055753946304,15.9728698730469,8.86821460723877,48.9811363220215,903.954956054688,-0.600890576839447,27.6728115081787,-903.23955761392,-1357.48932304778,"WhiteTroatedCaracara",20
1183,1,4.34574460983276,0,6.96793937683105,41.9448776245117,27.9314823150635,0.859338343143463,0.00300921383313835,13.8876686096191,12.2718992233276,43.8703842163086,1059.97033691406,1.24805581569672,37.2962074279785,-883.23955761392,-1357.48932304778,"WhiteTroatedCaracara",20
1184,0,5.11372041702271,0,7.4910454750061,30.3574562072754,26.461446762085,0.42218092083931,0.0124391373246908,11.4863395690918,15.1101331710815,46.1334686279297,994.674926757812,-0.278556942939758,39.3525085449219,-863.23955761392,-1357.48932304778,"WhiteTroatedCaracara",20
1185,0,8.48066806793213,0,8.49275970458984,25.0710124969482,44.2542915344238,0.820782065391541,0.0196241140365601,4.82558584213257,8.33831405639648,41.7050285339355,848.107482910156,-0.41064178943634,28.2209911346436,-843.23955761392,-1357.48932304778,"WhiteTroatedCaracara",20
1186,1,4.08925819396973,0,8.73372745513916,21.5131969451904,47.0635528564453,1.12304317951202,0.063970573246479,2.76316213607788,6.33825159072876,42.2525520324707,834.184692382812,-0.713129818439484,31.2132663726807,-823.23955761392,-1357.48932304778,"WhiteTroatedCaracara",20
1187,0,3.69808673858643,0,9.36769962310791,21.174919128418,47.1342468261719,0.590740859508514,0.308433085680008,1.39296555519104,5.76121187210083,44.079662322998,750.52099609375,-0.0738612338900566,22.8947372436523,-803.23955761392,-1357.48932304778,"WhiteTroatedCaracara",20
1188,0,3.79140067100525,0,9.54646396636963,21.2846832275391,45.728271484375,1.90918731689453,0.236112236976624,1.83506429195404,6.64437770843506,40.5455474853516,734.856872558594,-0.392400056123734,17.4773712158203,-783.23955761392,-1357.48932304778,"WhiteTroatedCaracara",20
1189,1,5.27793073654175,0,9.48475360870361,20.9793567657471,30.3429508209229,0.338335424661636,0.0157261341810226,8.27727508544922,3.68098616600037,57.1214828491211,792.40625,-0.506640017032623,27.4100131988525,-763.23955761392,-1357.48932304778,"WhiteTroatedCaracara",20
1190,1,6.07581520080566,0,10.7293462753296,24.4518985748291,19.8160266876221,0.063640758395195,0,11.0815343856812,0.266891837120056,68.5351257324219,597.745056152344,-0.113569371402264,21.5710124969482,-743.23955761392,-1357.48932304778,"WhiteTroatedCaracara",20
1191,0,3.88924860954285,0,12.102427482605,28.9038581848145,33.3391761779785,0.780943512916565,0.308162748813629,6.42915105819702,3.29088878631592,55.8248329162598,357.870910644531,-0.262352973222733,18.775764465332,-723.23955761392,-1357.48932304778,"WhiteTroatedCaracara",20
1192,0,5.7946662902832,0,12.2609233856201,30.3069305419922,41.4652252197266,1.90115642547607,0.29274445772171,3.43319296836853,3.29487013816833,49.5915832519531,327.940795898438,-0.490760445594788,19.3055248260498,-703.23955761392,-1357.48932304778,"WhiteTroatedCaracara",20
1193,1,7.38455867767334,0,11.8704881668091,30.5873908996582,40.4521026611328,0.124516047537327,0.102927662432194,4.68543386459351,3.2077579498291,51.4136199951172,403.2158203125,-0.231297552585602,36.1610145568848,-683.23955761392,-1357.48932304778,"WhiteTroatedCaracara",20
1194,1,5.93065214157104,0,12.426929473877,32.7257652282715,45.3006706237793,1.7841614484787,0.0799093171954155,2.27870154380798,3.87234616279602,46.3575668334961,285.374938964844,-0.768858373165131,15.7147026062012,-663.23955761392,-1357.48932304778,"WhiteTroatedCaracara",20
1195,1,5.34069347381592,0,12.0928010940552,33.3540077209473,30.5198364257812,0.506715476512909,0.0896337181329727,7.43392086029053,2.05577874183655,59.3455047607422,356.244689941406,0.938230276107788,32.406192779541,-643.23955761392,-1357.48932304778,"WhiteTroatedCaracara",20
1196,0,5.12684059143066,0,12.5558729171753,35.926139831543,44.3004341125488,1.4274719953537,0.00701929116621614,1.85788464546204,1.63744032382965,50.4525451660156,259.343994140625,-0.309626519680023,12.0778293609619,-623.23955761392,-1357.48932304778,"WhiteTroatedCaracara",20
1197,0,7.56500434875488,0,12.3962554931641,36.5117263793945,27.9620380401611,0.576166272163391,0.000553663063328713,4.96319007873535,1.07169306278229,65.1104583740234,265.694274902344,0.0897170007228851,4.99152040481567,-603.23955761392,-1357.48932304778,"WhiteTroatedCaracara",20
1198,0,3.52647280693054,0,11.9992237091064,42.7904396057129,53.1059417724609,0.0915984958410263,0,0.295242965221405,0.0134211713448167,46.1016044616699,274.765411376953,-0.000249017670284957,1.93352127075195,-483.23955761392,-1357.48932304778,"WhiteTroatedCaracara",20
1199,0,3.52647280693054,0,11.9992237091064,42.7904396057129,53.1059417724609,0.0915984958410263,0,0.295242965221405,0.0134211713448167,46.1016044616699,274.765411376953,-0.000249017670284957,1.93352127075195,-463.23955761392,-1357.48932304778,"WhiteTroatedCaracara",20
1200,1,3.50343561172485,0,12.1834325790405,42.6004104614258,33.4893569946289,0,0,6.21536779403687,0.17562510073185,59.343994140625,222.828247070312,0.236718982458115,11.1231899261475,-443.23955761392,-1357.48932304778,"WhiteTroatedCaracara",20
1201,1,3.50343561172485,0,12.1834325790405,42.6004104614258,33.4893569946289,0,0,6.21536779403687,0.17562510073185,59.343994140625,222.828247070312,0.236718982458115,11.1231899261475,-423.23955761392,-1357.48932304778,"WhiteTroatedCaracara",20
1202,1,102.139099121094,0,7.10722351074219,270.916717529297,0,4.65771913528442,0.0902179554104805,33.142879486084,0.969927728176117,1.2693897485733,105.090293884277,0.0489708296954632,14.6176767349243,-1203.23955761392,-1377.48932304778,"WhiteTroatedCaracara",20
1203,0,102.139099121094,0,7.10722351074219,270.916717529297,0,4.65771913528442,0.0902179554104805,33.142879486084,0.969927728176117,1.2693897485733,105.090293884277,0.0489708296954632,14.6176767349243,-1183.23955761392,-1377.48932304778,"WhiteTroatedCaracara",20
1204,0,83.6609039306641,0,8.9874792098999,508.028686523438,0.292728841304779,0.198012441396713,5.31693840026855,36.7836227416992,2.46071004867554,6.48056173324585,70.899528503418,-0.0583399198949337,8.1007194519043,-1123.23955761392,-1377.48932304778,"WhiteTroatedCaracara",20
1205,1,58.7441749572754,0,9.07038307189941,449.725891113281,0,2.61910533905029,0.288170367479324,37.0030364990234,1.90415191650391,8.42973327636719,192.886032104492,0.591610968112946,93.2980346679688,-1063.23955761392,-1377.48932304778,"WhiteTroatedCaracara",20
1206,1,59.6668014526367,0,8.41476345062256,390.426635742188,0.0501110441982746,4.24188709259033,0.291691720485687,44.3271064758301,2.80632948875427,10.2076025009155,386.858337402344,-0.0130019681528211,157.036605834961,-1043.23955761392,-1377.48932304778,"WhiteTroatedCaracara",20
1207,0,49.2726936340332,0,6.15751314163208,306.623901367188,5.19386863708496,2.20784425735474,1.76588928699493,37.7544631958008,9.5968770980835,14.3884429931641,886.722351074219,1.91559565067291,175.71565246582,-1023.23955761392,-1377.48932304778,"WhiteTroatedCaracara",20
1208,1,41.3049697875977,0,7.0957670211792,280.3603515625,3.29301595687866,3.0683445930481,2.80264186859131,42.6332130432129,6.70288896560669,10.1615304946899,734.109924316406,-1.15004420280457,193.342666625977,-1003.23955761392,-1377.48932304778,"WhiteTroatedCaracara",20
1209,1,30.2576999664307,0,5.64250755310059,210.013671875,6.57410001754761,2.86968493461609,3.61695337295532,33.0674514770508,13.109185218811,13.1540670394897,1038.14709472656,1.52076315879822,226.779388427734,-983.23955761392,-1377.48932304778,"WhiteTroatedCaracara",20
1210,1,20.8995838165283,0,5.30553340911865,155.854156494141,4.70348024368286,4.00933885574341,7.25651168823242,28.7913131713867,13.812331199646,16.1042327880859,1149.26037597656,0.758634924888611,159.21696472168,-963.23955761392,-1377.48932304778,"WhiteTroatedCaracara",20
1211,0,14.7026062011719,0,5.06986236572266,108.389785766602,5.04124689102173,2.55502104759216,8.57069396972656,28.820484161377,12.1485910415649,17.5194873809814,1244.78356933594,1.04867804050446,121.57942199707,-943.23955761392,-1377.48932304778,"WhiteTroatedCaracara",20
1212,0,5.82934713363647,0,6.86048984527588,81.1153945922852,18.3403778076172,2.39783954620361,4.70541191101074,22.0720977783203,17.2627029418945,30.5463275909424,966.65576171875,-0.26445996761322,29.2728500366211,-923.23955761392,-1377.48932304778,"WhiteTroatedCaracara",20
1213,0,5.63159608840942,0,6.80565595626831,56.3829727172852,21.38112449646,0.861742913722992,0.271698564291,19.2919731140137,11.7209367752075,46.1202239990234,1031.98901367188,0.404814958572388,31.6565418243408,-903.23955761392,-1377.48932304778,"WhiteTroatedCaracara",20
1214,0,4.91953754425049,0,6.66893625259399,40.1135139465332,22.0161609649658,1.66490650177002,0.0866519883275032,19.8231735229492,11.9009408950806,43.7298736572266,1101.74865722656,0.50329577922821,54.4984512329102,-883.23955761392,-1377.48932304778,"WhiteTroatedCaracara",20
1215,0,4.76439619064331,0,7.62259387969971,28.7359104156494,29.5256862640381,1.87230598926544,0.101561218500137,11.8617162704468,13.7332096099854,42.8761787414551,957.155578613281,-0.309589385986328,38.0016441345215,-863.23955761392,-1377.48932304778,"WhiteTroatedCaracara",20
1216,1,4.73269414901733,0,7.64110374450684,22.6083431243896,35.4548950195312,0.845074832439423,0.0247747711837292,8.22812652587891,12.7468299865723,42.4985046386719,991.948425292969,0.561457872390747,43.1852264404297,-843.23955761392,-1377.48932304778,"WhiteTroatedCaracara",20
1217,0,12.8974933624268,0,7.21067523956299,19.4410934448242,38.5888214111328,0.263782292604446,0.0432447716593742,8.29777908325195,9.98331832885742,41.7354049682617,1098.56311035156,0.542896509170532,39.9920463562012,-823.23955761392,-1377.48932304778,"WhiteTroatedCaracara",20
1218,0,15.5110683441162,0,8.05157852172852,18.2719287872314,47.0047187805176,0.0808926671743393,0.000533946906216443,3.68501830101013,6.06130504608154,42.8421478271484,980.692443847656,0.0266898237168789,37.7981872558594,-803.23955761392,-1377.48932304778,"WhiteTroatedCaracara",20
1219,0,4.11527395248413,0,9.0228099822998,19.714038848877,35.509162902832,0.738752365112305,0.0685984566807747,6.51467084884644,11.4873046875,44.3112945556641,816.196716308594,-0.0374783575534821,24.4818058013916,-783.23955761392,-1377.48932304778,"WhiteTroatedCaracara",20
1220,0,11.9997968673706,0,9.43838500976562,20.1306552886963,23.1121864318848,0.0676255002617836,0.029285529628396,11.3413257598877,4.76037502288818,60.5302772521973,781.370056152344,-0.198570862412453,24.9639854431152,-763.23955761392,-1377.48932304778,"WhiteTroatedCaracara",20
1221,0,5.59661960601807,0,10.9419212341309,23.9506168365479,25.1709976196289,0.0527928732335567,0.00803965982049704,9.72030353546143,3.9441659450531,60.6735000610352,531.746154785156,-0.411664009094238,11.082221031189,-743.23955761392,-1377.48932304778,"WhiteTroatedCaracara",20
1222,0,3.56415224075317,0,11.4858512878418,26.7102718353271,22.2567958831787,0.11510694026947,0.0350533463060856,9.2821798324585,2.0984902381897,66.0969696044922,448.785034179688,0.0248192176222801,12.8449697494507,-723.23955761392,-1377.48932304778,"WhiteTroatedCaracara",20
1223,0,8.39212894439697,0,11.4628047943115,27.7947406768799,29.0217781066895,0.0240054484456778,0.0107909059152007,7.07715082168579,1.23857223987579,62.6001625061035,458.619171142578,-0.144138172268867,17.2850933074951,-703.23955761392,-1377.48932304778,"WhiteTroatedCaracara",20
1224,0,9.13373756408691,0,11.5362892150879,28.4832897186279,38.1040344238281,0,0.0304112751036882,5.76531648635864,3.12282848358154,52.9600601196289,447.445037841797,0.428880959749222,20.6872062683105,-683.23955761392,-1377.48932304778,"WhiteTroatedCaracara",20
1225,0,10.0091619491577,0,11.5960378646851,30.4294128417969,39.799560546875,0.190421283245087,0.119032502174377,4.0562915802002,3.93219017982483,51.8207092285156,427.882843017578,0.270060688257217,22.9932804107666,-663.23955761392,-1377.48932304778,"WhiteTroatedCaracara",20
1226,0,7.47602701187134,0,11.6710815429688,31.8764038085938,24.7162685394287,0.0135708302259445,0.0137040987610817,7.12370729446411,1.31602883338928,66.8201217651367,420.211944580078,0.00525552965700626,24.8026351928711,-643.23955761392,-1377.48932304778,"WhiteTroatedCaracara",20
1227,0,5.319495677948,0,12.0387134552002,34.4343490600586,31.7008247375488,0.076080784201622,0.0733345746994019,4.9634485244751,0.411800146102905,62.552116394043,344.973663330078,-0.0721047446131706,13.7103462219238,-623.23955761392,-1377.48932304778,"WhiteTroatedCaracara",20
1228,0,7.56500434875488,0,12.3962554931641,36.5117263793945,27.9620380401611,0.576166272163391,0.000553663063328713,4.96319007873535,1.07169306278229,65.1104583740234,265.694274902344,0.0897170007228851,4.99152040481567,-603.23955761392,-1377.48932304778,"WhiteTroatedCaracara",20
1229,0,10.700065612793,0,12.0882682800293,36.9007034301758,35.4091491699219,0.597003996372223,0.227038398385048,4.68764734268188,3.1856837272644,55.7530097961426,286.145965576172,-0.0376364402472973,7.34260892868042,-583.23955761392,-1377.48932304778,"WhiteTroatedCaracara",20
1230,0,5.79880380630493,0,12.0836668014526,37.9925308227539,36.6835556030273,0,0.0481458231806755,6.58122396469116,3.07962203025818,53.5559425354004,277.626342773438,-0.180413216352463,12.1332387924194,-543.23955761392,-1377.48932304778,"WhiteTroatedCaracara",20
1231,0,4.55400562286377,0,11.8366136550903,40.2548980712891,44.785961151123,0,0.0103140771389008,3.8767716884613,2.30432653427124,48.976634979248,315.448333740234,0.0282336995005608,4.28183078765869,-523.23955761392,-1377.48932304778,"WhiteTroatedCaracara",20
1232,0,4.55400562286377,0,11.8366136550903,40.2548980712891,44.785961151123,0,0.0103140771389008,3.8767716884613,2.30432653427124,48.976634979248,315.448333740234,0.0282336995005608,4.28183078765869,-503.23955761392,-1377.48932304778,"WhiteTroatedCaracara",20
1233,0,5.27961587905884,0,11.7919025421143,40.5955200195312,52.4290466308594,0.00940866861492395,0,0.686048269271851,0.00672047724947333,46.8226051330566,311.865386962891,0.00497247884050012,1.01979434490204,-483.23955761392,-1377.48932304778,"WhiteTroatedCaracara",20
1234,0,5.34174823760986,0,11.7849998474121,41.3156814575195,52.7880477905273,0.0241897236555815,0,0.101343020796776,0.0265186335891485,46.8849411010742,293.224517822266,0.0073286471888423,1.47897124290466,-463.23955761392,-1377.48932304778,"WhiteTroatedCaracara",20
1235,1,3.12806081771851,0,12.198558807373,41.416446685791,20.8502368927002,0.120734252035618,0.00914621166884899,9.2844066619873,0.0217617638409138,69.5248336791992,207.527221679688,0.352361291646957,12.7934112548828,-443.23955761392,-1377.48932304778,"WhiteTroatedCaracara",20
1236,1,3.12806081771851,0,12.198558807373,41.416446685791,20.8502368927002,0.120734252035618,0.00914621166884899,9.2844066619873,0.0217617638409138,69.5248336791992,207.527221679688,0.352361291646957,12.7934112548828,-423.23955761392,-1377.48932304778,"WhiteTroatedCaracara",20
1237,0,87.5195693969727,0,8.62844848632812,456.416687011719,0.244346007704735,0.858453869819641,0.705296277999878,27.5763912200928,5.1441445350647,4.63844919204712,49.631046295166,0.407016813755035,16.033073425293,-1143.23955761392,-1397.48932304778,"WhiteTroatedCaracara",20
1238,1,83.6609039306641,0,8.9874792098999,508.028686523438,0.292728841304779,0.198012441396713,5.31693840026855,36.7836227416992,2.46071004867554,6.48056173324585,70.899528503418,-0.0583399198949337,8.1007194519043,-1123.23955761392,-1397.48932304778,"WhiteTroatedCaracara",20
1239,0,83.6609039306641,0,8.9874792098999,508.028686523438,0.292728841304779,0.198012441396713,5.31693840026855,36.7836227416992,2.46071004867554,6.48056173324585,70.899528503418,-0.0583399198949337,8.1007194519043,-1103.23955761392,-1397.48932304778,"WhiteTroatedCaracara",20
1240,0,58.7441749572754,0,9.07038307189941,449.725891113281,0,2.61910533905029,0.288170367479324,37.0030364990234,1.90415191650391,8.42973327636719,192.886032104492,0.591610968112946,93.2980346679688,-1083.23955761392,-1397.48932304778,"WhiteTroatedCaracara",20
1241,1,58.7441749572754,0,9.07038307189941,449.725891113281,0,2.61910533905029,0.288170367479324,37.0030364990234,1.90415191650391,8.42973327636719,192.886032104492,0.591610968112946,93.2980346679688,-1063.23955761392,-1397.48932304778,"WhiteTroatedCaracara",20
1242,1,46.2080307006836,0,8.45544624328613,404.733032226562,0.115329995751381,6.33442401885986,0.367640107870102,48.6700897216797,0.868579566478729,8.43642616271973,377.385131835938,-1.83774411678314,146.046951293945,-1043.23955761392,-1397.48932304778,"WhiteTroatedCaracara",20
1243,1,32.2202339172363,0,7.76678085327148,344.439575195312,0.698818802833557,5.97806215286255,1.88993608951569,45.6998825073242,3.38240528106689,10.1299133300781,544.296447753906,-1.52998173236847,144.59651184082,-1023.23955761392,-1397.48932304778,"WhiteTroatedCaracara",20
1244,1,25.060152053833,0,8.73277854919434,315.556793212891,0.172374039888382,7.11519622802734,2.48916125297546,45.6322364807129,2.32572364807129,6.41180610656738,387.163055419922,-2.05140113830566,141.588897705078,-1003.23955761392,-1397.48932304778,"WhiteTroatedCaracara",20
1245,0,29.5210189819336,0,5.87563228607178,218.163696289062,4.78298377990723,2.23524618148804,2.13957357406616,39.4219627380371,8.64541912078857,12.2437448501587,966.696594238281,-2.39930772781372,224.632202148438,-983.23955761392,-1397.48932304778,"WhiteTroatedCaracara",20
1246,1,22.343786239624,0,4.89919996261597,153.586730957031,6.48996162414551,3.84921026229858,8.1627025604248,30.7472305297852,12.3472242355347,13.58141040802,1194.70581054688,-0.581969141960144,173.835067749023,-963.23955761392,-1397.48932304778,"WhiteTroatedCaracara",20
1247,1,9.00103092193604,0,5.53459167480469,109.035331726074,5.79010677337646,3.77133846282959,10.5320692062378,23.1886692047119,13.8355321884155,11.0091991424561,1139.796875,0.929580569267273,91.7548446655273,-943.23955761392,-1397.48932304778,"WhiteTroatedCaracara",20
1248,0,8.12570571899414,0,6.02941465377808,76.6505432128906,15.5098867416382,3.53754734992981,5.75881147384644,22.7847919464111,16.8592090606689,29.2800979614258,1105.41394042969,0.908307433128357,28.6560935974121,-923.23955761392,-1397.48932304778,"WhiteTroatedCaracara",20
1249,0,9.00731372833252,0,6.87620449066162,55.0009117126465,22.6528244018555,1.86989748477936,1.07963836193085,19.8066558837891,12.8248205184937,40.7682685852051,1000.71887207031,0.517255067825317,35.8221778869629,-903.23955761392,-1397.48932304778,"WhiteTroatedCaracara",20
1250,1,2.95357513427734,0,7.8909797668457,40.1832847595215,27.4327239990234,2.45793223381042,0.340274274349213,13.8506698608398,10.9848203659058,44.6424827575684,846.764404296875,-0.523502826690674,20.8509845733643,-883.23955761392,-1397.48932304778,"WhiteTroatedCaracara",20
1251,1,3.94584989547729,0,8.20326328277588,28.0752544403076,24.1687355041504,4.68380165100098,0.609142899513245,13.9511671066284,12.2162446975708,44.0133438110352,822.614074707031,-0.255543947219849,33.0389823913574,-863.23955761392,-1397.48932304778,"WhiteTroatedCaracara",20
1252,1,2.69241714477539,0,8.44476222991943,21.3633289337158,32.7674331665039,6.78170537948608,0.468971252441406,8.60005760192871,10.5259685516357,40.2108917236328,815.983154296875,-0.58265346288681,29.2875137329102,-843.23955761392,-1397.48932304778,"WhiteTroatedCaracara",20
1253,0,10.2421684265137,0,6.98744106292725,18.8803157806396,39.1041450500488,0.688762187957764,0,8.85980224609375,8.85818862915039,39.5156402587891,1124.06994628906,0.533238887786865,40.0764846801758,-823.23955761392,-1397.48932304778,"WhiteTroatedCaracara",20
1254,0,16.5565433502197,0,7.01842641830444,16.9737586975098,43.443531036377,1.03235161304474,0,4.63958168029785,8.63144111633301,40.796760559082,1155.14794921875,1.63493061065674,36.2351150512695,-803.23955761392,-1397.48932304778,"WhiteTroatedCaracara",20
1255,0,6.69056034088135,0,7.91895151138306,17.8522644042969,40.6883316040039,0.874243974685669,0.0130900517106056,5.20176362991333,11.2465152740479,39.8159828186035,1008.09741210938,0.472868263721466,32.6508255004883,-783.23955761392,-1397.48932304778,"WhiteTroatedCaracara",20
1256,0,8.40976524353027,0,8.88980674743652,19.1790351867676,31.2332878112793,0.309222489595413,0.1120890006423,8.24601268768311,10.0491609573364,48.784049987793,860.440979003906,-0.111369349062443,31.5254096984863,-763.23955761392,-1397.48932304778,"WhiteTroatedCaracara",20
1257,0,4.74676465988159,0,10.4497261047363,22.7184066772461,34.9966316223145,0.221913501620293,0.169171452522278,6.93933486938477,5.94759941101074,50.8139953613281,599.775695800781,0.259233891963959,18.8711853027344,-743.23955761392,-1397.48932304778,"WhiteTroatedCaracara",20
1258,0,10.717700958252,0,11.1032276153564,25.2254199981689,21.511697769165,0.0821321755647659,0.163615629076958,8.73009300231934,3.95046997070312,65.0714416503906,486.566345214844,-0.26731550693512,18.210277557373,-723.23955761392,-1397.48932304778,"WhiteTroatedCaracara",20
1259,0,5.56016254425049,0,10.8636999130249,26.0390701293945,28.7725429534912,0.132783979177475,0.134795963764191,6.73711442947388,2.57721447944641,61.5015487670898,535.979675292969,0.108178868889809,21.7037315368652,-703.23955761392,-1397.48932304778,"WhiteTroatedCaracara",20
1260,0,4.27577304840088,0,10.3685426712036,26.0125122070312,33.4908294677734,0.149476364254951,0.147069334983826,7.15779495239258,3.0174880027771,56.0381851196289,638.198364257812,0.659828364849091,28.1263961791992,-683.23955761392,-1397.48932304778,"WhiteTroatedCaracara",20
1261,0,4.6696457862854,0,11.1452884674072,29.1860599517822,23.8376789093018,0.501084387302399,0.102835148572922,8.80746746063232,3.43563890457153,63.0642318725586,495.675689697266,-0.0780825763940811,17.2223453521729,-663.23955761392,-1397.48932304778,"WhiteTroatedCaracara",20
1262,0,8.75396347045898,0,11.2275590896606,30.8811531066895,24.9832859039307,0.029881039634347,0,9.25635242462158,0.564674556255341,65.1361694335938,488.649505615234,0.662922501564026,24.1945896148682,-643.23955761392,-1397.48932304778,"WhiteTroatedCaracara",20
1263,0,3.99177098274231,0,11.8384733200073,33.6876220703125,23.3407154083252,0.0947818383574486,0.114957302808762,8.34170913696289,0.73885703086853,67.3051910400391,368.848358154297,0.299949616193771,17.1813945770264,-623.23955761392,-1397.48932304778,"WhiteTroatedCaracara",20
1264,0,14.3326740264893,0,12.2328615188599,36.1241455078125,37.1889495849609,1.90725266933441,0.156960815191269,1.38403511047363,1.96577370166779,57.0399284362793,276.571197509766,0.0279934275895357,7.12361669540405,-603.23955761392,-1397.48932304778,"WhiteTroatedCaracara",20
1265,0,10.700065612793,0,12.0882682800293,36.9007034301758,35.4091491699219,0.597003996372223,0.227038398385048,4.68764734268188,3.1856837272644,55.7530097961426,286.145965576172,-0.0376364402472973,7.34260892868042,-583.23955761392,-1397.48932304778,"WhiteTroatedCaracara",20
1266,0,5.13706827163696,0,11.9482793807983,37.1429100036621,30.1672840118408,0,0.00183701608330011,8.20748710632324,3.03932619094849,58.5450706481934,314.086242675781,0.197835311293602,4.74856901168823,-563.23955761392,-1397.48932304778,"WhiteTroatedCaracara",20
1267,0,5.79880380630493,0,12.0836668014526,37.9925308227539,36.6835556030273,0,0.0481458231806755,6.58122396469116,3.07962203025818,53.5559425354004,277.626342773438,-0.180413216352463,12.1332387924194,-543.23955761392,-1397.48932304778,"WhiteTroatedCaracara",20
1268,0,11.7428913116455,0,11.6187009811401,38.2168121337891,46.2534103393555,0.0599269010126591,0.0246168561279774,2.64181447029114,1.01096785068512,49.9012985229492,349.241821289062,0.108228169381618,6.60651588439941,-523.23955761392,-1397.48932304778,"WhiteTroatedCaracara",20
1269,1,3.41544675827026,0,11.5684871673584,39.0234565734863,50.8280487060547,0,0,1.37078511714935,0.543455421924591,46.8772430419922,346.999633789062,0.00759507343173027,2.58289408683777,-503.23955761392,-1397.48932304778,"WhiteTroatedCaracara",20
1270,0,9.60731029510498,0,11.5928974151611,39.8877105712891,53.6978797912598,0,0,0.143150448799133,0.0129110850393772,46.1492919921875,328.441802978516,-0.0304879061877728,1.40400719642639,-483.23955761392,-1397.48932304778,"WhiteTroatedCaracara",20
1271,0,4.58227920532227,0,11.6085004806519,39.922550201416,42.8560256958008,0,0,3.12691116333008,0.129319593310356,53.8781700134277,307.762664794922,0.048501905053854,2.8104510307312,-463.23955761392,-1397.48932304778,"WhiteTroatedCaracara",20
1272,1,6.41045951843262,0,12.2897787094116,40.1092910766602,9.75738525390625,0.0326663516461849,0.0192580986768007,10.2745714187622,0,79.9375152587891,169.478164672852,-0.193450570106506,12.8209390640259,-443.23955761392,-1397.48932304778,"WhiteTroatedCaracara",20
1273,1,6.41045951843262,0,12.2897787094116,40.1092910766602,9.75738525390625,0.0326663516461849,0.0192580986768007,10.2745714187622,0,79.9375152587891,169.478164672852,-0.193450570106506,12.8209390640259,-423.23955761392,-1397.48932304778,"WhiteTroatedCaracara",20
1274,0,118.201515197754,0,7.95614194869995,465.94482421875,0,1.87150537967682,0.0333532951772213,32.5640335083008,2.40864777565002,7.74509525299072,151.910995483398,-0.0512535125017166,45.9005088806152,-1163.23955761392,-1417.48932304778,"WhiteTroatedCaracara",20
1275,0,87.5195693969727,0,8.62844848632812,456.416687011719,0.244346007704735,0.858453869819641,0.705296277999878,27.5763912200928,5.1441445350647,4.63844919204712,49.631046295166,0.407016813755035,16.033073425293,-1143.23955761392,-1417.48932304778,"WhiteTroatedCaracara",20
1276,0,83.6609039306641,0,8.9874792098999,508.028686523438,0.292728841304779,0.198012441396713,5.31693840026855,36.7836227416992,2.46071004867554,6.48056173324585,70.899528503418,-0.0583399198949337,8.1007194519043,-1123.23955761392,-1417.48932304778,"WhiteTroatedCaracara",20
1277,0,83.6609039306641,0,8.9874792098999,508.028686523438,0.292728841304779,0.198012441396713,5.31693840026855,36.7836227416992,2.46071004867554,6.48056173324585,70.899528503418,-0.0583399198949337,8.1007194519043,-1103.23955761392,-1417.48932304778,"WhiteTroatedCaracara",20
1278,1,48.5669441223145,0,8.53539943695068,453.805755615234,0,2.85583233833313,0.22970324754715,42.3936729431152,1.89901626110077,7.54672431945801,279.233001708984,0.806867718696594,119.904449462891,-1083.23955761392,-1417.48932304778,"WhiteTroatedCaracara",20
1279,1,48.5669441223145,0,8.53539943695068,453.805755615234,0,2.85583233833313,0.22970324754715,42.3936729431152,1.89901626110077,7.54672431945801,279.233001708984,0.806867718696594,119.904449462891,-1063.23955761392,-1417.48932304778,"WhiteTroatedCaracara",20
1280,0,32.0443649291992,0,6.1088924407959,363.200469970703,3.03391623497009,5.65624380111694,1.03632712364197,39.6615715026855,6.95142126083374,6.56460762023926,820.232421875,1.06864035129547,171.620895385742,-1043.23955761392,-1417.48932304778,"WhiteTroatedCaracara",20
1281,1,18.1686668395996,0,6.31357669830322,323.616668701172,0.775812864303589,6.64286994934082,1.93530404567719,43.927791595459,3.51415872573853,7.24217462539673,796.590942382812,0.673288106918335,137.377655029297,-1023.23955761392,-1417.48932304778,"WhiteTroatedCaracara",20
1282,1,7.83931970596313,0,6.9545783996582,290.606048583984,1.68142008781433,4.18747568130493,2.87571811676025,41.9062957763672,7.42514085769653,11.3527908325195,693.684326171875,-0.328671276569366,192.97770690918,-1003.23955761392,-1417.48932304778,"WhiteTroatedCaracara",20
1283,1,16.1712608337402,0,6.38892793655396,228.860763549805,3.4693386554718,3.55727076530457,2.16528558731079,42.4874420166016,9.28870010375977,14.24534034729,843.154235839844,-0.0364882573485374,200.278060913086,-983.23955761392,-1417.48932304778,"WhiteTroatedCaracara",20
1284,1,8.46836280822754,0,6.94957590103149,177.003494262695,1.66166818141937,5.34723329544067,4.87051391601562,39.276309967041,6.67895126342773,9.85813331604004,791.529907226562,-0.870166957378387,151.174407958984,-963.23955761392,-1417.48932304778,"WhiteTroatedCaracara",20
1285,1,5.66944885253906,0,7.501877784729,123.646789550781,3.58389282226562,4.6677131652832,12.5593395233154,30.878101348877,12.3166027069092,8.75056838989258,739.421142578125,-0.741470396518707,65.8426284790039,-943.23955761392,-1417.48932304778,"WhiteTroatedCaracara",20
1286,1,3.70964193344116,0,7.82309293746948,82.6979141235352,18.2558631896973,6.02261161804199,3.7245306968689,21.3875370025635,19.438928604126,27.1975574493408,743.559448242188,-1.29289162158966,33.1268157958984,-923.23955761392,-1417.48932304778,"WhiteTroatedCaracara",20
1287,0,4.21600866317749,0,7.76955270767212,56.6909408569336,17.1421184539795,4.04610395431519,0.924863278865814,18.7062644958496,11.1665115356445,46.2091827392578,795.452697753906,-0.978783845901489,20.45143699646,-903.23955761392,-1417.48932304778,"WhiteTroatedCaracara",20
1288,0,3.47721648216248,0,7.51366996765137,38.5331192016602,24.8533363342285,1.5369964838028,0.420443952083588,19.2852363586426,8.92116451263428,44.5546569824219,885.125183105469,-0.0634033679962158,16.5195045471191,-883.23955761392,-1417.48932304778,"WhiteTroatedCaracara",20
1289,0,10.1294193267822,0,8.13386154174805,27.5452499389648,26.4258689880371,0.97038471698761,0.174273774027824,15.9636249542236,9.16487979888916,46.8427314758301,820.150207519531,0.0752740949392319,38.2398872375488,-863.23955761392,-1417.48932304778,"WhiteTroatedCaracara",20
1290,1,3.34374737739563,0,8.8936939239502,21.9137325286865,22.2565002441406,9.45660972595215,1.5155553817749,13.74831199646,9.12826156616211,41.7867317199707,711.516906738281,-0.213715314865112,21.2554740905762,-843.23955761392,-1417.48932304778,"WhiteTroatedCaracara",20
1291,0,5.0211877822876,0,8.24982452392578,18.370698928833,40.5104064941406,3.11510467529297,0.110355988144875,4.45448875427246,9.10733032226562,39.7269058227539,872.794189453125,-0.0927548184990883,36.0997200012207,-823.23955761392,-1417.48932304778,"WhiteTroatedCaracara",20
1292,0,4.7743501663208,0,8.52210712432861,17.7276992797852,44.5049476623535,0.426495939493179,0.0189026780426502,3.72596287727356,7.64240741729736,42.7009506225586,848.563720703125,-0.0554968491196632,25.2224617004395,-803.23955761392,-1417.48932304778,"WhiteTroatedCaracara",20
1293,0,3.27227258682251,0,8.16558933258057,17.3848209381104,43.3565063476562,0.409242242574692,0.11496227234602,5.11266279220581,9.35923194885254,41.4268531799316,938.022155761719,0.111224621534348,33.6927146911621,-783.23955761392,-1417.48932304778,"WhiteTroatedCaracara",20
1294,0,3.64707493782043,0,8.74629211425781,18.3004837036133,41.9595832824707,0.913575828075409,0,5.28064250946045,7.98022794723511,41.8294296264648,863.084350585938,0.0463829189538956,34.3103485107422,-763.23955761392,-1417.48932304778,"WhiteTroatedCaracara",20
1295,0,4.35099220275879,0,10.5997486114502,22.6634101867676,42.1924858093262,0.126175433397293,0.283831864595413,4.56652355194092,6.49739408493042,44.3891563415527,541.694519042969,-0.994966924190521,32.6369667053223,-743.23955761392,-1417.48932304778,"WhiteTroatedCaracara",20
1296,0,7.88976335525513,0,10.7057228088379,23.5538482666016,40.8094825744629,0.124918594956398,0.644106268882751,5.38175201416016,6.8548526763916,45.18798828125,538.756774902344,0.431331247091293,36.9455871582031,-723.23955761392,-1417.48932304778,"WhiteTroatedCaracara",20
1297,0,8.56853675842285,0,9.86001682281494,24.1240825653076,42.227165222168,0.347350269556046,0.439306885004044,4.85314083099365,4.87374353408813,46.6752586364746,694.995666503906,-0.406318038702011,32.7631530761719,-703.23955761392,-1417.48932304778,"WhiteTroatedCaracara",20
1298,0,4.58064460754395,0,10.1838006973267,25.0600090026855,32.1842880249023,0.313495308160782,0.0755418539047241,11.549485206604,5.32957315444946,49.8118782043457,657.202758789062,-0.130696952342987,29.8047695159912,-683.23955761392,-1417.48932304778,"WhiteTroatedCaracara",20
1299,0,13.2583904266357,0,11.4339542388916,29.3518962860107,28.2297649383545,0.475673943758011,0.0494145788252354,6.16400146484375,2.21409964561462,62.6442031860352,417.953399658203,-0.329984545707703,9.71374797821045,-663.23955761392,-1417.48932304778,"WhiteTroatedCaracara",20
1300,0,15.3956146240234,0,11.7128562927246,31.4872760772705,30.0815353393555,0.586877405643463,0.0993304699659348,6.58889675140381,0.9344602227211,61.605037689209,369.949340820312,-0.166672736406326,10.9683198928833,-643.23955761392,-1417.48932304778,"WhiteTroatedCaracara",20
1301,0,5.11429262161255,0,12.1179418563843,34.2013282775879,34.7540817260742,0.321696102619171,0.136575788259506,4.36465406417847,1.3883866071701,58.8683624267578,283.040985107422,-0.172378912568092,6.00936269760132,-623.23955761392,-1417.48932304778,"WhiteTroatedCaracara",20
1302,0,17.8584308624268,0,12.1945037841797,36.0469207763672,55.3590126037598,1.35990476608276,0.634520411491394,0.319892376661301,6.71498966217041,32.9287185668945,244.264312744141,-0.17806276679039,2.74361491203308,-603.23955761392,-1417.48932304778,"WhiteTroatedCaracara",20
1303,0,15.462571144104,0,11.778431892395,36.1517219543457,33.4081764221191,0,0.279012560844421,7.44160890579224,4.39021396636963,54.20703125,322.490447998047,0.082715630531311,3.83430004119873,-583.23955761392,-1417.48932304778,"WhiteTroatedCaracara",20
1304,0,4.09880638122559,0,12.0001220703125,37.0363693237305,39.2842178344727,0,0.016367370262742,5.92281198501587,4.19194412231445,50.2440528869629,287.39697265625,-0.088739849627018,8.92739200592041,-563.23955761392,-1417.48932304778,"WhiteTroatedCaracara",20
1305,0,7.40089702606201,0,11.6371593475342,37.0177116394043,44.8026161193848,0.136188551783562,0.0884932726621628,3.77254319190979,2.22448539733887,48.509651184082,343.812835693359,0.168031692504883,10.6289806365967,-543.23955761392,-1417.48932304778,"WhiteTroatedCaracara",20
1306,1,4.78681421279907,0,11.3141841888428,37.4572067260742,51.8662643432617,0.0111908549442887,0,1.00098919868469,0.306843459606171,46.7662315368652,388.792022705078,0.0070150070823729,3.37196946144104,-523.23955761392,-1417.48932304778,"WhiteTroatedCaracara",20
1307,1,6.91251182556152,0,11.3430366516113,38.0275497436523,51.6650810241699,0.0104776294901967,0,0.974187254905701,0.0256964471191168,47.3275337219238,370.408081054688,0.0164742078632116,6.00502872467041,-503.23955761392,-1417.48932304778,"WhiteTroatedCaracara",20
1308,0,3.38235235214233,0,11.6108283996582,38.7101593017578,34.6359100341797,0,0,6.95027351379395,0.0138789312914014,58.4328308105469,311.870574951172,0.0440190881490707,12.6183137893677,-483.23955761392,-1417.48932304778,"WhiteTroatedCaracara",20
1309,1,4.2229208946228,0,11.9667234420776,39.0319442749023,18.2647495269775,0,0,10.5714702606201,0.168116420507431,70.7771224975586,231.121536254883,0.0811590850353241,12.0577621459961,-463.23955761392,-1417.48932304778,"WhiteTroatedCaracara",20
1310,1,4.5207257270813,0,12.3805656433105,39.3547325134277,1.37758839130402,0,0,11.8801755905151,0.333396017551422,86.4243927001953,138.051528930664,0.226620212197304,16.8148784637451,-443.23955761392,-1417.48932304778,"WhiteTroatedCaracara",20
1311,0,4.5207257270813,0,12.3805656433105,39.3547325134277,1.37758839130402,0,0,11.8801755905151,0.333396017551422,86.4243927001953,138.051528930664,0.226620212197304,16.8148784637451,-423.23955761392,-1417.48932304778,"WhiteTroatedCaracara",20
1312,0,118.201515197754,0,7.95614194869995,465.94482421875,0,1.87150537967682,0.0333532951772213,32.5640335083008,2.40864777565002,7.74509525299072,151.910995483398,-0.0512535125017166,45.9005088806152,-1163.23955761392,-1437.48932304778,"WhiteTroatedCaracara",20
1313,0,118.201515197754,0,7.95614194869995,465.94482421875,0,1.87150537967682,0.0333532951772213,32.5640335083008,2.40864777565002,7.74509525299072,151.910995483398,-0.0512535125017166,45.9005088806152,-1143.23955761392,-1437.48932304778,"WhiteTroatedCaracara",20
1314,1,118.201515197754,0,7.95614194869995,465.94482421875,0,1.87150537967682,0.0333532951772213,32.5640335083008,2.40864777565002,7.74509525299072,151.910995483398,-0.0512535125017166,45.9005088806152,-1123.23955761392,-1437.48932304778,"WhiteTroatedCaracara",20
1315,0,105.056770324707,0,8.19869613647461,488.004913330078,0,0.297064661979675,1.38045477867126,41.6185836791992,4.19613885879517,9.27521800994873,149.297332763672,-0.80846095085144,20.3744258880615,-1103.23955761392,-1437.48932304778,"WhiteTroatedCaracara",20
1316,0,44.4763221740723,0,7.99164867401123,460.934173583984,0.0570967011153698,1.31073915958405,0.571678936481476,41.3152084350586,1.87462115287781,11.2855920791626,321.119781494141,0.570503771305084,127.015899658203,-1083.23955761392,-1437.48932304778,"WhiteTroatedCaracara",20
1317,0,24.5695114135742,0,7.81676769256592,408.932830810547,0.0595395229756832,3.91486358642578,0.287231713533401,44.1496467590332,1.85534811019897,8.27512454986572,452.432922363281,-0.154869109392166,131.210052490234,-1063.23955761392,-1437.48932304778,"WhiteTroatedCaracara",20
1318,1,24.5695114135742,0,7.81676769256592,408.932830810547,0.0595395229756832,3.91486358642578,0.287231713533401,44.1496467590332,1.85534811019897,8.27512454986572,452.432922363281,-0.154869109392166,131.210052490234,-1043.23955761392,-1437.48932304778,"WhiteTroatedCaracara",20
1319,1,8.01675224304199,0,7.15762662887573,352.094146728516,0.325340658426285,6.1439471244812,1.00391936302185,45.2885398864746,2.14044547080994,5.39829444885254,602.246337890625,-0.72048431634903,142.861328125,-1023.23955761392,-1437.48932304778,"WhiteTroatedCaracara",20
1320,1,9.99911403656006,0,4.59055995941162,258.328948974609,8.7146167755127,3.03343844413757,1.95298433303833,21.0905303955078,16.7759017944336,5.82262563705444,1112.91906738281,3.46104741096497,212.86344909668,-1003.23955761392,-1437.48932304778,"WhiteTroatedCaracara",20
1321,0,11.3186817169189,0,5.81972742080688,218.966461181641,3.25772666931152,3.09430909156799,4.09129047393799,38.6441917419434,9.47557067871094,10.2672634124756,933.454284667969,-2.54397010803223,197.849761962891,-983.23955761392,-1437.48932304778,"WhiteTroatedCaracara",20
1322,1,4.09746932983398,0,5.44733142852783,163.154876708984,3.25302004814148,5.86400032043457,6.54426431655884,32.3275985717773,14.0519466400146,12.4291172027588,1047.50891113281,-0.211130678653717,140.747283935547,-963.23955761392,-1437.48932304778,"WhiteTroatedCaracara",20
1323,0,7.17319297790527,0,5.65241956710815,113.920547485352,5.44142770767212,4.30498695373535,12.0896577835083,27.3401126861572,17.4461784362793,17.2460670471191,1072.66345214844,2.33135294914246,100.708969116211,-943.23955761392,-1437.48932304778,"WhiteTroatedCaracara",20
1324,0,4.29183340072632,0,6.08350372314453,80.0957107543945,11.444896697998,3.00451850891113,10.1645755767822,22.3395614624023,16.0475578308105,28.4940948486328,1037.19494628906,0.873616337776184,36.1710319519043,-923.23955761392,-1437.48932304778,"WhiteTroatedCaracara",20
1325,0,3.76627087593079,0,6.51040983200073,55.5994873046875,21.409517288208,1.51748037338257,1.30692780017853,19.2835178375244,13.8258428573608,41.7787170410156,1009.12579345703,0.778627216815948,18.3038196563721,-903.23955761392,-1437.48932304778,"WhiteTroatedCaracara",20
1326,0,6.20261907577515,0,7.16454982757568,39.5177307128906,24.5621452331543,1.56965577602386,0.165581315755844,18.4355201721191,8.27552318572998,46.8143196105957,943.060241699219,0.813868045806885,40.8284301757812,-883.23955761392,-1437.48932304778,"WhiteTroatedCaracara",20
1327,0,2.37204456329346,0,8.74532127380371,31.4656410217285,28.5269908905029,2.86797118186951,0.59783923625946,9.31911754608154,9.00582027435303,47.913890838623,683.650512695312,-0.62452507019043,15.4961233139038,-863.23955761392,-1437.48932304778,"WhiteTroatedCaracara",20
1328,0,3.1023097038269,0,9.11918163299561,24.7205619812012,26.2934684753418,3.76353025436401,1.02730536460876,10.0699377059937,7.91299486160278,49.0327339172363,652.810546875,0.0380953215062618,15.1179914474487,-843.23955761392,-1437.48932304778,"WhiteTroatedCaracara",20
1329,0,8.0289421081543,0,9.21668815612793,21.0394515991211,33.551212310791,0.837338209152222,0.051627941429615,7.41454553604126,9.57972621917725,47.6634407043457,668.963195800781,-0.300480246543884,24.015754699707,-823.23955761392,-1437.48932304778,"WhiteTroatedCaracara",20
1330,0,9.16867733001709,0,9.1744384765625,19.2787284851074,37.0306701660156,0.286242723464966,0.189925879240036,6.09619998931885,8.59523296356201,46.5202941894531,705.443603515625,0.136583149433136,30.7814254760742,-803.23955761392,-1437.48932304778,"WhiteTroatedCaracara",20
1331,0,6.36580657958984,0,8.71524047851562,18.9092254638672,44.2092247009277,0.520874440670013,0.93153178691864,3.83731126785278,7.83334159851074,41.4672241210938,806.632995605469,-0.765998303890228,28.0715923309326,-783.23955761392,-1437.48932304778,"WhiteTroatedCaracara",20
1332,0,3.33667659759521,0,7.68214082717896,17.7596855163574,23.8861694335938,0.524339377880096,0.100001014769077,17.3827648162842,7.70719003677368,49.9607734680176,1034.4404296875,1.5089967250824,43.1187362670898,-763.23955761392,-1437.48932304778,"WhiteTroatedCaracara",20
1333,0,11.9577703475952,0,10.2919836044312,21.5515193939209,44.1335182189941,0.164821296930313,0.157189831137657,3.57283735275269,4.96541690826416,46.512939453125,577.049011230469,-0.440202832221985,28.3850803375244,-743.23955761392,-1437.48932304778,"WhiteTroatedCaracara",20
1334,0,11.2636499404907,0,11.0640916824341,24.1453380584717,45.8064041137695,0.247454613447189,0.354859590530396,1.48514652252197,5.63664293289185,43.0831413269043,437.476776123047,-0.411093801259995,26.2872982025146,-723.23955761392,-1437.48932304778,"WhiteTroatedCaracara",20
1335,0,9.60298824310303,0,8.97947120666504,22.3720474243164,42.1829986572266,0.591767549514771,0.192239433526993,4.81003522872925,8.49985408782959,42.8784523010254,840.519165039062,0.600170791149139,23.9544982910156,-703.23955761392,-1437.48932304778,"WhiteTroatedCaracara",20
1336,0,5.03593444824219,0,9.66949272155762,24.3235092163086,32.3029632568359,0.253504186868668,0.229744493961334,10.4906005859375,5.92964172363281,50.1573600769043,732.402160644531,-0.172172352671623,42.3142509460449,-683.23955761392,-1437.48932304778,"WhiteTroatedCaracara",20
1337,0,5.4831395149231,0,10.8739881515503,27.7870197296143,31.4791297912598,0.274062693119049,0.147110044956207,7.56123924255371,5.93172883987427,54.3376083374023,507.511749267578,-0.499935120344162,29.279670715332,-663.23955761392,-1437.48932304778,"WhiteTroatedCaracara",20
1338,0,5.69682645797729,0,11.5099954605103,31.0096778869629,39.5055198669434,0.616767764091492,0.0285336263477802,3.5382297039032,2.18537521362305,53.8615493774414,373.7275390625,-0.884521901607513,18.5688343048096,-643.23955761392,-1437.48932304778,"WhiteTroatedCaracara",20
1339,0,3.74158692359924,0,11.8308992385864,33.222583770752,37.1876258850098,0.258705049753189,0.120747059583664,3.78419923782349,1.75034379959106,56.4342422485352,309.173553466797,-0.304169058799744,9.72536659240723,-623.23955761392,-1437.48932304778,"WhiteTroatedCaracara",20
1340,0,5.15320253372192,0,11.9113521575928,34.9363555908203,29.8498611450195,0.211020186543465,0.0702507644891739,5.34267044067383,1.75914287567139,62.2333145141602,286.547607421875,0.0706523954868317,5.82749128341675,-603.23955761392,-1437.48932304778,"WhiteTroatedCaracara",20
1341,0,4.67755746841431,0,11.825065612793,35.7328681945801,29.7579765319824,0.00772134121507406,0.15178769826889,6.13059186935425,2.70644927024841,59.7807273864746,301.991394042969,0.121844597160816,6.89018964767456,-583.23955761392,-1437.48932304778,"WhiteTroatedCaracara",20
1342,0,2.61111330986023,0,11.9772367477417,37.1524391174316,37.2288131713867,0,0.0374294705688953,6.24585771560669,2.87819695472717,53.587287902832,269.598052978516,-0.239138305187225,12.0713357925415,-563.23955761392,-1437.48932304778,"WhiteTroatedCaracara",20
1343,1,3.08137726783752,0,11.3431072235107,36.2432670593262,48.6997413635254,0,0.0943527594208717,2.23116707801819,0.651408970355988,47.9455757141113,376.076141357422,-0.0351372100412846,5.03922843933105,-543.23955761392,-1437.48932304778,"WhiteTroatedCaracara",20
1344,1,3.85974597930908,0,11.0871534347534,36.2357406616211,41.7103462219238,0,0,4.86079359054565,0.107681125402451,53.248893737793,413.662658691406,0.0580563209950924,4.38208961486816,-523.23955761392,-1437.48932304778,"WhiteTroatedCaracara",20
1345,1,6.81968259811401,0,11.1352815628052,36.665828704834,20.8622379302979,0,0.00798099394887686,9.42941951751709,0.101237669587135,69.614372253418,394.337768554688,0.0944931581616402,5.11823511123657,-503.23955761392,-1437.48932304778,"WhiteTroatedCaracara",20
1346,1,2.96690392494202,0,11.6724185943604,37.1992530822754,6.98581266403198,0,0,10.7997045516968,0.0344344787299633,82.1921005249023,289.429748535156,0.082977332174778,17.3509502410889,-483.23955761392,-1437.48932304778,"WhiteTroatedCaracara",20
1347,1,2.77293491363525,0,12.6343126296997,38.3012733459473,21.8466548919678,0.0813857018947601,0,10.6888561248779,0.317236870527267,66.9601364135742,81.6482238769531,-0.16607865691185,8.64491081237793,-463.23955761392,-1437.48932304778,"WhiteTroatedCaracara",20
1348,0,4.5207257270813,0,12.3805656433105,39.3547325134277,1.37758839130402,0,0,11.8801755905151,0.333396017551422,86.4243927001953,138.051528930664,0.226620212197304,16.8148784637451,-443.23955761392,-1437.48932304778,"WhiteTroatedCaracara",20
1349,0,116.144638061523,0,7.79707336425781,465.051849365234,0,1.06859230995178,0.725239336490631,28.9836692810059,4.13483619689941,9.00996112823486,157.370513916016,-0.423574954271317,41.1694259643555,-1183.23955761392,-1457.48932304778,"WhiteTroatedCaracara",20
1350,0,116.144638061523,0,7.79707336425781,465.051849365234,0,1.06859230995178,0.725239336490631,28.9836692810059,4.13483619689941,9.00996112823486,157.370513916016,-0.423574954271317,41.1694259643555,-1163.23955761392,-1457.48932304778,"WhiteTroatedCaracara",20
1351,0,116.144638061523,0,7.79707336425781,465.051849365234,0,1.06859230995178,0.725239336490631,28.9836692810059,4.13483619689941,9.00996112823486,157.370513916016,-0.423574954271317,41.1694259643555,-1143.23955761392,-1457.48932304778,"WhiteTroatedCaracara",20
1352,1,105.056770324707,0,8.19869613647461,488.004913330078,0,0.297064661979675,1.38045477867126,41.6185836791992,4.19613885879517,9.27521800994873,149.297332763672,-0.80846095085144,20.3744258880615,-1123.23955761392,-1457.48932304778,"WhiteTroatedCaracara",20
1353,0,105.056770324707,0,8.19869613647461,488.004913330078,0,0.297064661979675,1.38045477867126,41.6185836791992,4.19613885879517,9.27521800994873,149.297332763672,-0.80846095085144,20.3744258880615,-1103.23955761392,-1457.48932304778,"WhiteTroatedCaracara",20
1354,0,54.0245780944824,0,8.3801155090332,496.067352294922,0,1.28488636016846,0.444119185209274,38.2671546936035,1.29455828666687,10.773829460144,185.464828491211,1.60221242904663,58.8054046630859,-1083.23955761392,-1457.48932304778,"WhiteTroatedCaracara",20
1355,0,44.4763221740723,0,7.99164867401123,460.934173583984,0.0570967011153698,1.31073915958405,0.571678936481476,41.3152084350586,1.87462115287781,11.2855920791626,321.119781494141,0.570503771305084,127.015899658203,-1063.23955761392,-1457.48932304778,"WhiteTroatedCaracara",20
1356,0,28.5296287536621,0,7.68798732757568,416.888610839844,0.0341197997331619,2.3551824092865,1.41434228420258,42.2137794494629,2.33816075325012,9.84552383422852,445.384857177734,2.34450101852417,134.266677856445,-1043.23955761392,-1457.48932304778,"WhiteTroatedCaracara",20
1357,1,13.1130094528198,0,4.87825918197632,268.350616455078,9.16276931762695,2.38638377189636,2.46001100540161,22.9684181213379,16.460205078125,7.53748273849487,1036.85913085938,-0.7667196393013,230.050430297852,-1023.23955761392,-1457.48932304778,"WhiteTroatedCaracara",20
1358,1,13.1130094528198,0,4.87825918197632,268.350616455078,9.16276931762695,2.38638377189636,2.46001100540161,22.9684181213379,16.460205078125,7.53748273849487,1036.85913085938,-0.7667196393013,230.050430297852,-1003.23955761392,-1457.48932304778,"WhiteTroatedCaracara",20
1359,0,13.4929876327515,0,4.87717199325562,209.72314453125,5.48091888427734,3.09307146072388,3.48910331726074,31.4715919494629,14.9536199569702,14.0057106018066,1092.82275390625,1.1594330072403,192.859756469727,-983.23955761392,-1457.48932304778,"WhiteTroatedCaracara",20
1360,0,6.62610387802124,0,4.99054622650146,153.95295715332,4.44959259033203,2.49439787864685,11.129674911499,32.7924385070801,11.5244464874268,9.52695655822754,1120.74206542969,1.72132205963135,136.123840332031,-963.23955761392,-1457.48932304778,"WhiteTroatedCaracara",20
1361,1,2.29585814476013,0,6.44545745849609,122.27628326416,1.8937406539917,4.00160884857178,15.1824283599854,32.0433311462402,13.5172595977783,13.6766109466553,889.476501464844,-2.4172956943512,79.4441146850586,-943.23955761392,-1457.48932304778,"WhiteTroatedCaracara",20
1362,1,5.16594552993774,0,6.59494733810425,85.6852722167969,6.67641878128052,2.7057089805603,11.6201553344727,25.1485443115234,18.9857425689697,24.2240943908691,915.513793945312,-2.06359124183655,47.8358955383301,-923.23955761392,-1457.48932304778,"WhiteTroatedCaracara",20
1363,1,6.34275007247925,0,6.59516286849976,59.0340957641602,18.4837951660156,2.59324407577515,1.1132298707962,18.8036231994629,12.6552381515503,45.3833236694336,978.12939453125,-1.05529391765594,37.9883651733398,-903.23955761392,-1457.48932304778,"WhiteTroatedCaracara",20
1364,0,4.5880389213562,0,7.21995973587036,42.1407890319824,19.6311073303223,2.47256135940552,0.647446095943451,17.270414352417,11.2060441970825,48.4146614074707,918.867980957031,0.0877369940280914,43.829761505127,-883.23955761392,-1457.48932304778,"WhiteTroatedCaracara",20
1365,0,5.06630373001099,0,8.42996120452881,33.1829452514648,17.1541404724121,2.19549894332886,0.300069987773895,13.7338018417358,9.11672496795654,56.3162078857422,735.290771484375,-0.0331711508333683,22.122013092041,-863.23955761392,-1457.48932304778,"WhiteTroatedCaracara",20
1366,0,3.3008029460907,0,9.30721092224121,27.7574882507324,23.1332626342773,3.40902161598206,0.875118732452393,9.84646987915039,9.23677444458008,47.6131858825684,599.170959472656,-0.0136243300512433,2.65128087997437,-843.23955761392,-1457.48932304778,"WhiteTroatedCaracara",20
1367,0,5.67382049560547,0,9.56642055511475,23.6602096557617,33.7408294677734,1.37754249572754,0.108068004250526,6.93196964263916,6.71013736724854,50.9577217102051,582.704772949219,0.0441281720995903,2.57896971702576,-823.23955761392,-1457.48932304778,"WhiteTroatedCaracara",20
1368,0,6.41652679443359,0,9.72805500030518,21.7962684631348,45.7009658813477,0.112634986639023,0.443666219711304,3.77000045776367,6.1061635017395,43.1761932373047,573.039794921875,-0.56754606962204,31.217004776001,-803.23955761392,-1457.48932304778,"WhiteTroatedCaracara",20
1369,0,3.34286284446716,0,8.1457986831665,18.670654296875,45.2587089538574,1.15666723251343,0.384372413158417,5.07599592208862,6.08918237686157,41.1537857055664,895.715270996094,-0.0030372217297554,32.6391754150391,-783.23955761392,-1457.48932304778,"WhiteTroatedCaracara",20
1370,0,5.04679489135742,0,7.82777118682861,17.6578407287598,28.9289436340332,0.892874836921692,0.0584499761462212,13.7866802215576,9.29251480102539,44.8734664916992,982.533813476562,-0.346232235431671,45.5188026428223,-763.23955761392,-1457.48932304778,"WhiteTroatedCaracara",20
1371,0,5.53568363189697,0,10.4940986633301,22.1419315338135,43.2937812805176,0.246517345309258,0.0779665261507034,4.34651517868042,6.65494155883789,42.1969566345215,503.979339599609,-0.064875453710556,32.8726348876953,-743.23955761392,-1457.48932304778,"WhiteTroatedCaracara",20
1372,0,6.5137825012207,0,11.0237665176392,23.721866607666,47.9852066040039,0.2611363530159,0.214462086558342,1.47309720516205,5.51094436645508,43.1214447021484,411.512176513672,-0.807140469551086,22.8443946838379,-723.23955761392,-1457.48932304778,"WhiteTroatedCaracara",20
1373,0,7.90124654769897,0,10.4868679046631,24.1376190185547,44.7636909484863,0.792460501194,0.535236895084381,2.40037679672241,6.40616035461426,41.6638336181641,534.033752441406,0.39944064617157,27.8673667907715,-703.23955761392,-1457.48932304778,"WhiteTroatedCaracara",20
1374,0,4.33691835403442,0,10.1935434341431,25.3337574005127,38.2456550598145,0.795880615711212,0.141334518790245,6.0447096824646,7.37631988525391,45.0212745666504,603.581604003906,0.677704572677612,42.6938056945801,-683.23955761392,-1457.48932304778,"WhiteTroatedCaracara",20
1375,0,4.88702964782715,0,11.0346393585205,28.2356967926025,38.3981819152832,0.337600082159042,0.352098941802979,6.69172096252441,4.0860013961792,48.3767776489258,453.136016845703,1.01900351047516,28.325023651123,-663.23955761392,-1457.48932304778,"WhiteTroatedCaracara",20
1376,0,3.66361618041992,0,11.1587066650391,30.2688236236572,33.3838996887207,0.211072683334351,0.0231596324592829,6.1474494934082,1.24916934967041,58.6520767211914,425.246978759766,1.34795916080475,23.6989822387695,-643.23955761392,-1457.48932304778,"WhiteTroatedCaracara",20
1377,0,4.24521827697754,0,11.4821767807007,32.4345893859863,42.4927787780762,0.160718873143196,0.409833371639252,2.14348888397217,6.5787181854248,45.5925750732422,351.070678710938,0.358877629041672,12.2895975112915,-623.23955761392,-1457.48932304778,"WhiteTroatedCaracara",20
1378,0,5.13896417617798,0,11.7262277603149,34.5805015563965,49.1738319396973,0.320708602666855,0.31804546713829,0.50762015581131,3.42175388336182,44.9024467468262,296.423156738281,-0.145510718226433,6.55264759063721,-603.23955761392,-1457.48932304778,"WhiteTroatedCaracara",20
1379,0,3.78516507148743,0,11.8226728439331,35.6536178588867,39.7857704162598,0,0.24868132174015,4.7635817527771,5.79253530502319,49.0087966918945,277.125427246094,0.144263416528702,9.49922180175781,-583.23955761392,-1457.48932304778,"WhiteTroatedCaracara",20
1380,0,5.11017990112305,0,11.4683179855347,36.7054328918457,35.2777099609375,0.035806555300951,0.0370595119893551,7.29886054992676,3.26141786575317,54.0272026062012,338.965942382812,-0.288495987653732,12.509425163269,-563.23955761392,-1457.48932304778,"WhiteTroatedCaracara",20
1381,1,3.7379457950592,0,10.9899978637695,35.9359970092773,29.7872924804688,0,0,8.61853885650635,0.0485230199992657,61.5690650939941,428.979858398438,0.515268981456757,12.1543016433716,-543.23955761392,-1457.48932304778,"WhiteTroatedCaracara",20
1382,0,4.81015682220459,0,11.6637325286865,36.9593467712402,21.8829727172852,0,0,10.3016605377197,0.0894448384642601,67.7397079467773,301.091461181641,0.300491333007812,14.6394243240356,-523.23955761392,-1457.48932304778,"WhiteTroatedCaracara",20
1383,0,3.53704810142517,0,12.0783567428589,37.2013893127441,17.7719116210938,0,0.000876821344718337,10.2775611877441,0.0395784266293049,71.87255859375,208.676544189453,0.0583026297390461,15.5061159133911,-503.23955761392,-1457.48932304778,"WhiteTroatedCaracara",20
1384,1,3.85983443260193,0,12.3080739974976,37.4397811889648,16.228364944458,0.00655028130859137,0,11.7503051757812,0.049773920327425,71.940544128418,144.31494140625,0.140549883246422,14.4456243515015,-483.23955761392,-1457.48932304778,"WhiteTroatedCaracara",20
1385,1,1.54484188556671,0,12.6006660461426,36.6243858337402,13.768364906311,0.385026663541794,0.063456729054451,8.87733936309814,2.58933115005493,54.4182243347168,43.7548980712891,-0.24573141336441,7.63959264755249,-463.23955761392,-1457.48932304778,"WhiteTroatedCaracara",20
1386,1,1.54484188556671,0,12.6006660461426,36.6243858337402,13.768364906311,0.385026663541794,0.063456729054451,8.87733936309814,2.58933115005493,54.4182243347168,43.7548980712891,-0.24573141336441,7.63959264755249,-443.23955761392,-1457.48932304778,"WhiteTroatedCaracara",20
1387,0,134.597534179688,0,7.57814836502075,445.791046142578,0,0.529825747013092,1.65313768386841,37.11962890625,1.94431102275848,12.5820398330688,189.834411621094,3.30462765693665,78.221809387207,-1203.23955761392,-1477.48932304778,"WhiteTroatedCaracara",20
1388,0,134.597534179688,0,7.57814836502075,445.791046142578,0,0.529825747013092,1.65313768386841,37.11962890625,1.94431102275848,12.5820398330688,189.834411621094,3.30462765693665,78.221809387207,-1183.23955761392,-1477.48932304778,"WhiteTroatedCaracara",20
1389,0,134.597534179688,0,7.57814836502075,445.791046142578,0,0.529825747013092,1.65313768386841,37.11962890625,1.94431102275848,12.5820398330688,189.834411621094,3.30462765693665,78.221809387207,-1163.23955761392,-1477.48932304778,"WhiteTroatedCaracara",20
1390,0,114.974510192871,0,7.39033269882202,465.042816162109,0,0.349236786365509,0.975691497325897,41.1924018859863,2.03498435020447,16.5411739349365,256.331115722656,0.850728213787079,92.7590179443359,-1143.23955761392,-1477.48932304778,"WhiteTroatedCaracara",20
1391,0,105.056770324707,0,8.19869613647461,488.004913330078,0,0.297064661979675,1.38045477867126,41.6185836791992,4.19613885879517,9.27521800994873,149.297332763672,-0.80846095085144,20.3744258880615,-1123.23955761392,-1477.48932304778,"WhiteTroatedCaracara",20
1392,0,79.0581512451172,0,8.01994800567627,497.115295410156,0.573305010795593,0.193345978856087,3.60854864120483,36.1125030517578,1.60062265396118,15.0739030838013,230.824157714844,1.71770966053009,73.4251022338867,-1103.23955761392,-1477.48932304778,"WhiteTroatedCaracara",20
1393,0,54.0245780944824,0,8.3801155090332,496.067352294922,0,1.28488636016846,0.444119185209274,38.2671546936035,1.29455828666687,10.773829460144,185.464828491211,1.60221242904663,58.8054046630859,-1083.23955761392,-1477.48932304778,"WhiteTroatedCaracara",20
1394,0,37.9135131835938,0,7.37116193771362,456.186798095703,0.272687166929245,3.44285178184509,0.944444417953491,46.9593658447266,1.31908023357391,9.11256504058838,437.286956787109,3.58865022659302,143.874649047852,-1063.23955761392,-1477.48932304778,"WhiteTroatedCaracara",20
1395,1,19.9401454925537,0,7.58875226974487,427.200500488281,0.0464490242302418,3.96828460693359,1.01642835140228,44.2392997741699,0.657593548297882,6.46383047103882,432.757659912109,-0.396524101495743,116.939643859863,-1043.23955761392,-1477.48932304778,"WhiteTroatedCaracara",20
1396,1,6.45037317276001,0,8.07102870941162,392.381469726562,0.402776807546616,3.01196122169495,0.452785551548004,39.4331588745117,2.56551432609558,7.25094985961914,364.103729248047,-2.43737721443176,105.778251647949,-1023.23955761392,-1477.48932304778,"WhiteTroatedCaracara",20
1397,1,5.25545167922974,0,5.84345149993896,289.552398681641,5.25087356567383,2.89594459533691,1.8015775680542,34.0147895812988,13.6692390441895,10.3941793441772,827.168395996094,1.18459451198578,212.423782348633,-1003.23955761392,-1477.48932304778,"WhiteTroatedCaracara",20
1398,1,3.7032744884491,0,6.12955904006958,234.350219726562,3.19169878959656,3.51096558570862,2.96528339385986,40.6778793334961,9.74062538146973,12.4249305725098,819.146118164062,1.39024114608765,177.183898925781,-983.23955761392,-1477.48932304778,"WhiteTroatedCaracara",20
1399,1,5.94548511505127,0,5.30049419403076,166.265106201172,3.91201853752136,3.25086522102356,6.34277820587158,34.6597557067871,11.7328510284424,11.7991399765015,1024.25610351562,1.32711744308472,136.410751342773,-963.23955761392,-1477.48932304778,"WhiteTroatedCaracara",20
1400,1,4.49378395080566,0,4.93041849136353,113.993499755859,3.24461388587952,1.27605783939362,13.0220069885254,31.4186305999756,14.9025220870972,12.4710569381714,1142.81262207031,2.85270094871521,67.664665222168,-943.23955761392,-1477.48932304778,"WhiteTroatedCaracara",20
1401,0,14.4702281951904,0,3.96017026901245,80.4923248291016,10.9044857025146,1.62905371189117,6.16759443283081,19.5858879089355,19.9280128479004,30.8000583648682,1402.37060546875,1.45963406562805,87.6909790039062,-923.23955761392,-1477.48932304778,"WhiteTroatedCaracara",20
1402,0,18.5164775848389,0,4.70459079742432,56.6612968444824,20.4081974029541,1.98872852325439,1.3626503944397,13.1566495895386,25.4188804626465,35.2416076660156,1332.33654785156,1.10452604293823,69.3837127685547,-903.23955761392,-1477.48932304778,"WhiteTroatedCaracara",20
1403,0,14.7957859039307,0,6.58754730224609,42.5683174133301,17.9244422912598,0.92305201292038,0.0176380388438702,10.5028486251831,30.0060977935791,39.3049774169922,1037.07348632812,1.27447283267975,55.0832939147949,-883.23955761392,-1477.48932304778,"WhiteTroatedCaracara",20
1404,0,4.59123945236206,0,8.79784679412842,36.8262901306152,26.4385414123535,1.59832525253296,0.181256145238876,9.49689197540283,10.4938144683838,51.4684181213379,655.391662597656,-0.328335464000702,7.93533897399902,-863.23955761392,-1477.48932304778,"WhiteTroatedCaracara",20
1405,0,4.89499282836914,0,9.27942752838135,30.0138454437256,30.078519821167,5.10065937042236,0.89303183555603,9.76581859588623,8.84683895111084,45.0586280822754,584.564697265625,-0.0516449734568596,1.85847592353821,-843.23955761392,-1477.48932304778,"WhiteTroatedCaracara",20
1406,1,4.69444417953491,0,9.59340381622314,25.5220260620117,35.0898933410645,5.26652431488037,0.488192558288574,7.48509502410889,7.49237298965454,44.0309104919434,556.029174804688,-0.0316752456128597,3.92808270454407,-823.23955761392,-1477.48932304778,"WhiteTroatedCaracara",20
1407,0,4.0278491973877,0,9.23557186126709,22.1738204956055,49.2270317077637,0.22702856361866,0.089814268052578,1.73133111000061,3.7308394908905,44.6967353820801,652.736206054688,0.11225076764822,16.6751804351807,-803.23955761392,-1477.48932304778,"WhiteTroatedCaracara",20
1408,0,4.4696102142334,0,7.6275897026062,18.3637218475342,46.9238815307617,0.0528178364038467,0,4.0285382270813,7.10814762115479,41.7093391418457,980.144958496094,1.07233476638794,29.1421489715576,-783.23955761392,-1477.48932304778,"WhiteTroatedCaracara",20
1409,0,5.97498083114624,0,8.21037197113037,18.0215492248535,39.2597312927246,0.442016214132309,0,6.36749696731567,11.5175294876099,41.8943519592285,887.894775390625,-0.343323558568954,40.6522369384766,-763.23955761392,-1477.48932304778,"WhiteTroatedCaracara",20
1410,0,4.38305807113647,0,10.3356294631958,21.8570098876953,44.9508476257324,0.344553500413895,0.0659978613257408,4.35339498519897,7.08507204055786,41.1337471008301,492.263641357422,0.631332516670227,26.1268119812012,-743.23955761392,-1477.48932304778,"WhiteTroatedCaracara",20
1411,0,9.20826148986816,0,10.5574102401733,22.5470523834229,49.3477249145508,0.184096470475197,0.185003995895386,2.91823720932007,5.9291033744812,40.6422233581543,454.064910888672,0.251738995313644,24.7341766357422,-723.23955761392,-1477.48932304778,"WhiteTroatedCaracara",20
1412,0,3.25598883628845,0,10.9094858169556,24.4524707794189,49.2236595153809,0.19726774096489,0.132597878575325,2.92655634880066,5.57366943359375,41.5484504699707,392.860687255859,0.345965921878815,15.7275762557983,-703.23955761392,-1477.48932304778,"WhiteTroatedCaracara",20
1413,0,4.22819185256958,0,10.8189363479614,26.1509628295898,39.6513977050781,0.183872997760773,0.114719189703465,6.10582542419434,8.12856960296631,45.4565734863281,442.646789550781,0.12992188334465,23.3233909606934,-683.23955761392,-1477.48932304778,"WhiteTroatedCaracara",20
1414,0,8.80071449279785,0,11.4855890274048,28.9970035552979,45.0851173400879,0.201171681284904,0.419672131538391,2.59095335006714,8.19234180450439,42.5371322631836,322.874969482422,-0.764309585094452,10.5914545059204,-663.23955761392,-1477.48932304778,"WhiteTroatedCaracara",20
1415,0,3.05678939819336,0,11.090950012207,30.5023880004883,41.8441123962402,0.128006085753441,0.316470742225647,3.69244694709778,7.2156548500061,46.3053703308105,396.806243896484,-0.319386422634125,10.4804239273071,-643.23955761392,-1477.48932304778,"WhiteTroatedCaracara",20
1416,0,9.12154579162598,0,10.8724384307861,31.8654556274414,38.6583862304688,0.514355838298798,0.448217511177063,4.12776803970337,5.14390993118286,50.7038192749023,456.4931640625,0.527682185173035,17.8759212493896,-623.23955761392,-1477.48932304778,"WhiteTroatedCaracara",20
1417,0,8.56308269500732,0,11.558069229126,34.3671417236328,40.674072265625,0,0.152037233114243,4.69208669662476,4.63895511627197,49.6870536804199,317.411468505859,0.0951979607343674,13.0764923095703,-603.23955761392,-1477.48932304778,"WhiteTroatedCaracara",20
1418,0,3.07552599906921,0,11.5235109329224,35.796142578125,25.7316036224365,0,0.161690250039101,9.068190574646,5.27323198318481,59.6358222961426,317.216186523438,-0.634497165679932,14.84850025177,-583.23955761392,-1477.48932304778,"WhiteTroatedCaracara",20
1419,0,2.04096102714539,0,10.8696756362915,34.5855979919434,21.4657001495361,0,0,10.8380889892578,0.272895008325577,67.2821807861328,446.843078613281,0.29118800163269,21.402624130249,-563.23955761392,-1477.48932304778,"WhiteTroatedCaracara",20
1420,1,2.2255961894989,0,12.0330114364624,37.360969543457,14.5763072967529,0.0177052617073059,0.0125760175287724,13.044059753418,0,72.3315124511719,224.993530273438,-0.105353191494942,16.8316955566406,-543.23955761392,-1477.48932304778,"WhiteTroatedCaracara",20
1421,1,3.48819375038147,0,12.6262464523315,37.9722709655762,20.2818431854248,0.0305006634443998,0,11.0091733932495,0.119070917367935,68.4110412597656,90.627571105957,-0.128693252801895,8.79167079925537,-523.23955761392,-1477.48932304778,"WhiteTroatedCaracara",20
1422,1,2.91403913497925,0,12.721718788147,37.2928924560547,22.0816097259521,0,0,9.51181221008301,0.528901159763336,67.4394302368164,52.1408081054688,-0.108659952878952,4.80253553390503,-503.23955761392,-1477.48932304778,"WhiteTroatedCaracara",20
1423,1,2.07300114631653,0,12.6036310195923,36.9960441589355,27.7859306335449,0,0.0230955220758915,9.6100902557373,0.540393948554993,61.8004264831543,53.8685722351074,-0.0579225420951843,5.0205545425415,-483.23955761392,-1477.48932304778,"WhiteTroatedCaracara",20
1424,1,3.53666424751282,0,12.3292675018311,35.536865234375,10.8312950134277,0,0,13.2215280532837,2.61444973945618,72.6745758056641,82.5494003295898,0.32425394654274,10.9700708389282,-463.23955761392,-1477.48932304778,"WhiteTroatedCaracara",20
1425,1,3.53666424751282,0,12.3292675018311,35.536865234375,10.8312950134277,0,0,13.2215280532837,2.61444973945618,72.6745758056641,82.5494003295898,0.32425394654274,10.9700708389282,-443.23955761392,-1477.48932304778,"WhiteTroatedCaracara",20
1426,0,134.597534179688,0,7.57814836502075,445.791046142578,0,0.529825747013092,1.65313768386841,37.11962890625,1.94431102275848,12.5820398330688,189.834411621094,3.30462765693665,78.221809387207,-1223.23955761392,-1497.48932304778,"WhiteTroatedCaracara",20
1427,0,134.597534179688,0,7.57814836502075,445.791046142578,0,0.529825747013092,1.65313768386841,37.11962890625,1.94431102275848,12.5820398330688,189.834411621094,3.30462765693665,78.221809387207,-1203.23955761392,-1497.48932304778,"WhiteTroatedCaracara",20
1428,0,134.597534179688,0,7.57814836502075,445.791046142578,0,0.529825747013092,1.65313768386841,37.11962890625,1.94431102275848,12.5820398330688,189.834411621094,3.30462765693665,78.221809387207,-1183.23955761392,-1497.48932304778,"WhiteTroatedCaracara",20
1429,0,134.597534179688,0,7.57814836502075,445.791046142578,0,0.529825747013092,1.65313768386841,37.11962890625,1.94431102275848,12.5820398330688,189.834411621094,3.30462765693665,78.221809387207,-1163.23955761392,-1497.48932304778,"WhiteTroatedCaracara",20
1430,0,114.974510192871,0,7.39033269882202,465.042816162109,0,0.349236786365509,0.975691497325897,41.1924018859863,2.03498435020447,16.5411739349365,256.331115722656,0.850728213787079,92.7590179443359,-1143.23955761392,-1497.48932304778,"WhiteTroatedCaracara",20
1431,0,114.974510192871,0,7.39033269882202,465.042816162109,0,0.349236786365509,0.975691497325897,41.1924018859863,2.03498435020447,16.5411739349365,256.331115722656,0.850728213787079,92.7590179443359,-1123.23955761392,-1497.48932304778,"WhiteTroatedCaracara",20
1432,1,78.0482177734375,0,7.98339653015137,494.734405517578,0.286158323287964,0.639314591884613,2.73164439201355,35.7283821105957,0.994969606399536,11.521635055542,212.349899291992,-1.63066518306732,44.2794380187988,-1103.23955761392,-1497.48932304778,"WhiteTroatedCaracara",20
1433,0,59.3453559875488,0,7.69853162765503,485.517608642578,0,1.35175633430481,0.0139592848718166,25.0479545593262,2.589688539505,7.77588653564453,183.342178344727,-0.0725529864430428,27.317289352417,-1083.23955761392,-1497.48932304778,"WhiteTroatedCaracara",20
1434,0,39.5338821411133,0,7.25769376754761,459.597778320312,0.0321388505399227,3.51349854469299,0.32534185051918,45.5437202453613,1.62222754955292,9.92342662811279,429.508544921875,-0.476948142051697,161.876113891602,-1063.23955761392,-1497.48932304778,"WhiteTroatedCaracara",20
1435,0,13.2000141143799,0,6.27057790756226,357.595092773438,2.6831169128418,2.62883925437927,2.42469644546509,38.6708374023438,10.1962375640869,11.1924467086792,684.884399414062,4.0162467956543,195.41780090332,-1043.23955761392,-1497.48932304778,"WhiteTroatedCaracara",20
1436,0,13.2000141143799,0,6.27057790756226,357.595092773438,2.6831169128418,2.62883925437927,2.42469644546509,38.6708374023438,10.1962375640869,11.1924467086792,684.884399414062,4.0162467956543,195.41780090332,-1023.23955761392,-1497.48932304778,"WhiteTroatedCaracara",20
1437,0,15.0203981399536,0,6.2344446182251,301.979431152344,3.33028554916382,3.40842819213867,1.97266781330109,40.1370658874512,12.3263921737671,13.5355710983276,733.252990722656,-0.863625168800354,199.155181884766,-1003.23955761392,-1497.48932304778,"WhiteTroatedCaracara",20
1438,1,4.82767868041992,0,6.05533742904663,238.917373657227,2.9766263961792,2.87251091003418,3.67591953277588,41.0883102416992,9.88864612579346,14.2440595626831,809.012023925781,-3.0575487613678,164.644989013672,-983.23955761392,-1497.48932304778,"WhiteTroatedCaracara",20
1439,1,15.3370370864868,0,4.54056549072266,157.234405517578,3.21488094329834,2.00188112258911,10.5726308822632,31.4893913269043,9.93788528442383,11.3935403823853,1152.1796875,2.83088302612305,118.370681762695,-963.23955761392,-1497.48932304778,"WhiteTroatedCaracara",20
1440,1,8.22960758209229,0,4.45730590820312,111.369766235352,4.8714747428894,0.326451689004898,10.8763437271118,24.5731029510498,17.0921039581299,12.5901536941528,1218.95434570312,-1.3215503692627,60.4422721862793,-943.23955761392,-1497.48932304778,"WhiteTroatedCaracara",20
1441,1,4.97927904129028,0,5.23315954208374,81.4142074584961,10.916054725647,1.4167013168335,5.05102825164795,18.4108066558838,20.9360637664795,21.8086185455322,1137.28088378906,-0.317680925130844,50.6573905944824,-923.23955761392,-1497.48932304778,"WhiteTroatedCaracara",20
1442,1,6.19255685806274,0,6.36344146728516,59.607967376709,18.8083934783936,0.597789347171783,0.221175342798233,14.6446561813354,17.2250156402588,48.1613464355469,1002.87915039062,-0.430693745613098,43.0104064941406,-903.23955761392,-1497.48932304778,"WhiteTroatedCaracara",20
1443,0,7.54062461853027,0,7.61878776550293,46.7701835632324,24.4021987915039,2.30924654006958,0.22991806268692,10.9379482269287,14.1555662155151,47.6854820251465,819.159362792969,-0.327970415353775,21.0913791656494,-883.23955761392,-1497.48932304778,"WhiteTroatedCaracara",20
1444,1,4.15294599533081,0,8.64565563201904,38.0357856750488,20.3981590270996,5.1447582244873,0.817893922328949,12.6738967895508,8.13901901245117,52.6173477172852,653.552368164062,-0.0514374002814293,2.85140609741211,-863.23955761392,-1497.48932304778,"WhiteTroatedCaracara",20
1445,0,4.10867357254028,0,9.17275238037109,31.5021305084229,35.9198913574219,0.985002636909485,0.652812361717224,7.00306606292725,5.94904041290283,49.3113327026367,589.307983398438,-0.477733284235001,8.60007190704346,-843.23955761392,-1497.48932304778,"WhiteTroatedCaracara",20
1446,0,4.71554470062256,0,9.602707862854,27.4377307891846,41.4521446228027,3.98293924331665,0.871988654136658,5.49761819839478,5.66250085830688,42.3171691894531,538.608764648438,-0.296430617570877,8.68022918701172,-823.23955761392,-1497.48932304778,"WhiteTroatedCaracara",20
1447,0,3.55352807044983,0,9.6317663192749,24.1044845581055,44.4353179931641,2.19500398635864,0.366168022155762,3.76408720016479,5.67173051834106,43.1354675292969,562.966369628906,-0.361743003129959,11.0089473724365,-803.23955761392,-1497.48932304778,"WhiteTroatedCaracara",20
1448,0,4.97019100189209,0,8.16387271881104,20.4067497253418,45.904167175293,1.16820740699768,0.156153708696365,4.09057283401489,6.3872013092041,41.7808685302734,863.98681640625,-0.171080723404884,32.9467239379883,-783.23955761392,-1497.48932304778,"WhiteTroatedCaracara",20
1449,0,3.08828902244568,0,8.18001747131348,18.6565704345703,44.6436996459961,0.484222859144211,0.136380195617676,5.37405157089233,7.13804817199707,42.0317878723145,881.301330566406,0.551312804222107,36.6920433044434,-763.23955761392,-1497.48932304778,"WhiteTroatedCaracara",20
1450,0,4.33111524581909,0,9.70682239532471,20.9613494873047,39.9362716674805,0.998030841350555,0.145237699151039,5.03382587432861,9.44669246673584,43.7373695373535,600.954040527344,0.573849558830261,38.6391754150391,-743.23955761392,-1497.48932304778,"WhiteTroatedCaracara",20
1451,0,6.86107206344604,0,10.2039356231689,22.8617458343506,36.9975471496582,1.11647152900696,0.0344408228993416,5.6541633605957,8.30235004425049,47.5756454467773,509.59033203125,0.408515185117722,22.4801139831543,-723.23955761392,-1497.48932304778,"WhiteTroatedCaracara",20
1452,0,3.25989770889282,0,9.86909008026123,22.9506607055664,34.0838775634766,0.58633816242218,0.221248745918274,8.60710525512695,6.9899787902832,48.516902923584,596.847595214844,0.494018882513046,35.9422073364258,-703.23955761392,-1497.48932304778,"WhiteTroatedCaracara",20
1453,0,5.24842739105225,0,10.6786594390869,25.8139095306396,40.9409255981445,0.71977823972702,0.251324951648712,4.67436695098877,5.4082407951355,46.7721405029297,444.629638671875,-0.224087834358215,20.3790187835693,-683.23955761392,-1497.48932304778,"WhiteTroatedCaracara",20
1454,0,4.32422256469727,0,10.4909782409668,27.3339881896973,29.8961887359619,0.159476041793823,0.242567270994186,7.52580213546753,6.32656908035278,55.3288497924805,503.193481445312,0.321470975875854,18.8299808502197,-663.23955761392,-1497.48932304778,"WhiteTroatedCaracara",20
1455,0,2.34121489524841,0,10.0388631820679,28.4116382598877,13.5031795501709,0.101484224200249,0.118287928402424,12.6059246063232,3.56224346160889,70.0367279052734,606.123901367188,0.61809378862381,14.1670389175415,-643.23955761392,-1497.48932304778,"WhiteTroatedCaracara",20
1456,0,4.86078691482544,0,11.0354719161987,32.5856590270996,28.2750549316406,0.238250479102135,0.465188771486282,9.56491279602051,5.70453691482544,55.4719161987305,416.685699462891,-0.260539293289185,15.9438190460205,-623.23955761392,-1497.48932304778,"WhiteTroatedCaracara",20
1457,0,5.48486232757568,0,11.5577392578125,35.8871040344238,37.882266998291,0.0412187688052654,0.548330008983612,5.85674047470093,4.93876934051514,50.5456619262695,297.898193359375,-0.528753876686096,10.9134769439697,-603.23955761392,-1497.48932304778,"WhiteTroatedCaracara",20
1458,1,5.22572994232178,0,10.3834428787231,34.105899810791,20.1258888244629,0,0.0501125156879425,11.9138078689575,1.17723333835602,66.6729049682617,529.559692382812,1.07807064056396,14.8206815719604,-583.23955761392,-1497.48932304778,"WhiteTroatedCaracara",20
1459,1,4.77628803253174,0,11.7867136001587,36.6249122619629,18.4894390106201,0,0.116116002202034,10.3002166748047,1.00258040428162,69.7202758789062,267.816131591797,0.231901466846466,23.6244029998779,-563.23955761392,-1497.48932304778,"WhiteTroatedCaracara",20
1460,0,2.38280463218689,0,12.6735954284668,38.1841888427734,21.5611972808838,0.0138983437791467,0.0023807124234736,10.8341045379639,0.382259577512741,66.9004135131836,78.5087509155273,-0.345723778009415,8.03368663787842,-543.23955761392,-1497.48932304778,"WhiteTroatedCaracara",20
1461,1,1.03531444072723,0,12.8532657623291,37.9971656799316,21.6247959136963,0.120147526264191,0,7.99752902984619,4.31794881820679,52.033031463623,20.289342880249,-0.0848513394594193,1.11401808261871,-523.23955761392,-1497.48932304778,"WhiteTroatedCaracara",20
1462,0,132.371017456055,0,8.15476703643799,459.592224121094,0,0.510498821735382,1.27380084991455,33.1590614318848,3.19559359550476,14.8185386657715,95.2896347045898,-1.17085063457489,9.68602752685547,-1223.23955761392,-1517.48932304778,"WhiteTroatedCaracara",20
1463,0,132.371017456055,0,8.15476703643799,459.592224121094,0,0.510498821735382,1.27380084991455,33.1590614318848,3.19559359550476,14.8185386657715,95.2896347045898,-1.17085063457489,9.68602752685547,-1203.23955761392,-1517.48932304778,"WhiteTroatedCaracara",20
1464,0,132.371017456055,0,8.15476703643799,459.592224121094,0,0.510498821735382,1.27380084991455,33.1590614318848,3.19559359550476,14.8185386657715,95.2896347045898,-1.17085063457489,9.68602752685547,-1163.23955761392,-1517.48932304778,"WhiteTroatedCaracara",20
1465,0,118.552444458008,0,7.26896715164185,467.671539306641,0,0.646503448486328,1.1500004529953,42.472095489502,2.30631995201111,14.9983816146851,272.991088867188,1.46219909191132,104.564826965332,-1143.23955761392,-1517.48932304778,"WhiteTroatedCaracara",20
1466,0,118.552444458008,0,7.26896715164185,467.671539306641,0,0.646503448486328,1.1500004529953,42.472095489502,2.30631995201111,14.9983816146851,272.991088867188,1.46219909191132,104.564826965332,-1123.23955761392,-1517.48932304778,"WhiteTroatedCaracara",20
1467,0,88.0818634033203,0,7.88996315002441,492.742431640625,1.61029124259949,0,4.16170358657837,41.3376846313477,0.594548404216766,14.92151927948,243.205780029297,-0.487885892391205,18.4822368621826,-1103.23955761392,-1517.48932304778,"WhiteTroatedCaracara",20
1468,0,59.3453559875488,0,7.69853162765503,485.517608642578,0,1.35175633430481,0.0139592848718166,25.0479545593262,2.589688539505,7.77588653564453,183.342178344727,-0.0725529864430428,27.317289352417,-1083.23955761392,-1517.48932304778,"WhiteTroatedCaracara",20
1469,1,49.1611366271973,0,6.64892864227295,445.989440917969,2.09854507446289,3.08367824554443,1.26830494403839,41.6674041748047,3.61238718032837,10.9411020278931,524.047546386719,-1.12358820438385,149.775100708008,-1063.23955761392,-1517.48932304778,"WhiteTroatedCaracara",20
1470,0,36.5754203796387,0,6.0676965713501,397.269989013672,0.917646706104279,1.5883823633194,1.28621864318848,40.6646194458008,4.16385269165039,9.61945247650146,684.471557617188,-0.555885791778564,117.796516418457,-1043.23955761392,-1517.48932304778,"WhiteTroatedCaracara",20
1471,0,29.4692440032959,0,4.84035921096802,320.706634521484,4.522047996521,2.22399091720581,3.24821543693542,31.2540798187256,16.089225769043,11.4131183624268,958.899230957031,-0.857574582099915,231.578948974609,-1023.23955761392,-1517.48932304778,"WhiteTroatedCaracara",20
1472,0,21.0647296905518,0,5.46732616424561,284.163421630859,2.73764038085938,3.3223295211792,3.03043079376221,40.2369804382324,9.86432361602783,15.2475566864014,860.96923828125,2.85724711418152,194.886825561523,-1003.23955761392,-1517.48932304778,"WhiteTroatedCaracara",20
1473,1,5.53417015075684,0,6.35085344314575,241.799713134766,1.58268415927887,6.99212837219238,5.55831241607666,38.9895248413086,8.39342498779297,11.5966711044312,722.368774414062,-2.28036856651306,172.768966674805,-983.23955761392,-1517.48932304778,"WhiteTroatedCaracara",20
1474,1,6.16412925720215,0,5.57881736755371,171.308563232422,2.54403257369995,4.15716886520386,8.29957103729248,33.7497596740723,11.9271602630615,12.7033071517944,922.344299316406,-2.01267337799072,135.799942016602,-963.23955761392,-1517.48932304778,"WhiteTroatedCaracara",20
1475,1,9.86209678649902,0,5.70196342468262,120.694175720215,2.21723294258118,2.46698379516602,12.1431503295898,31.2726573944092,13.2250843048096,11.8875980377197,955.112548828125,1.01950633525848,79.0428314208984,-943.23955761392,-1517.48932304778,"WhiteTroatedCaracara",20
1476,1,9.89000225067139,0,5.59812784194946,83.9089126586914,17.3993434906006,1.34778738021851,4.89611673355103,21.2810573577881,18.4188442230225,33.2636184692383,1048.03393554688,-0.408005833625793,33.654914855957,-923.23955761392,-1517.48932304778,"WhiteTroatedCaracara",20
1477,0,5.62776756286621,0,6.43523550033569,62.0380554199219,24.2537231445312,0.537535727024078,0.0797585025429726,13.4076681137085,17.4190139770508,44.1874618530273,959.1103515625,0.507653892040253,24.1119346618652,-903.23955761392,-1517.48932304778,"WhiteTroatedCaracara",20
1478,0,2.81330990791321,0,7.67244100570679,49.1804847717285,32.2322998046875,3.15168690681458,0.36980402469635,8.80382633209229,9.68368721008301,45.5402984619141,778.212341308594,-0.00714416150003672,7.89645528793335,-883.23955761392,-1517.48932304778,"WhiteTroatedCaracara",20
1479,0,4.69928503036499,0,8.32883548736572,38.974178314209,37.7324066162109,1.85775744915009,0.477019131183624,4.6559681892395,7.94547510147095,47.0053100585938,695.716003417969,-0.066703774034977,3.08908534049988,-863.23955761392,-1517.48932304778,"WhiteTroatedCaracara",20
1480,0,8.19366931915283,0,8.71191501617432,31.7360153198242,46.8136940002441,0.673201858997345,0.137768983840942,1.85785901546478,4.61104440689087,45.4051322937012,669.583862304688,0.425837337970734,5.52739429473877,-843.23955761392,-1517.48932304778,"WhiteTroatedCaracara",20
1481,0,9.8993091583252,0,9.28872966766357,28.1890640258789,45.1649932861328,1.80836868286133,0.0593141652643681,2.27675199508667,5.76591491699219,44.404914855957,597.016967773438,0.30233359336853,12.6055746078491,-823.23955761392,-1517.48932304778,"WhiteTroatedCaracara",20
1482,0,2.64169669151306,0,9.79501724243164,25.8756809234619,41.8760643005371,1.09509444236755,0.935644805431366,3.92414474487305,6.05206537246704,44.686653137207,521.895690917969,-0.0607282482087612,10.7102317810059,-803.23955761392,-1517.48932304778,"WhiteTroatedCaracara",20
1483,0,6.56768751144409,0,8.81583118438721,22.2061214447021,45.5694999694824,0.377874135971069,0.0499323830008507,3.06528949737549,7.5461049079895,42.9034385681152,730.377624511719,-0.168840050697327,34.2089920043945,-783.23955761392,-1517.48932304778,"WhiteTroatedCaracara",20
1484,0,3.44533157348633,0,9.18993186950684,20.5129222869873,41.5821418762207,0.437582165002823,0.423146575689316,5.86291456222534,10.0446872711182,40.7914810180664,664.266723632812,-0.313245415687561,39.6748847961426,-763.23955761392,-1517.48932304778,"WhiteTroatedCaracara",20
1485,0,3.97632336616516,0,10.6427974700928,23.1453323364258,30.5063285827637,0.404836893081665,0.0895989164710045,2.27349662780762,10.5016574859619,27.608491897583,358.592132568359,-1.34930789470673,22.2240886688232,-743.23955761392,-1517.48932304778,"WhiteTroatedCaracara",20
1486,0,2.55865359306335,0,10.7452707290649,23.742561340332,39.2262306213379,0.712194442749023,0.2727390229702,2.62374806404114,12.8285903930664,27.8839950561523,355.748718261719,-0.186163946986198,18.0590858459473,-723.23955761392,-1517.48932304778,"WhiteTroatedCaracara",20
1487,0,4.23561000823975,0,10.5857238769531,24.2095813751221,40.3348999023438,0.376165151596069,0.535134494304657,4.44313955307007,6.52854537963867,44.6461982727051,426.571472167969,-0.610585033893585,26.1811027526855,-703.23955761392,-1517.48932304778,"WhiteTroatedCaracara",20
1488,0,3.82409811019897,0,11.0275964736938,26.7673778533936,41.1160202026367,0.771452724933624,0.648650348186493,3.58905291557312,6.63523960113525,45.565746307373,368.5927734375,-0.222355216741562,18.0328197479248,-683.23955761392,-1517.48932304778,"WhiteTroatedCaracara",20
1489,0,3.29176473617554,0,10.8434638977051,28.5893840789795,43.1092224121094,0.661726891994476,0.145689025521278,1.85166263580322,8.28360939025879,44.9408798217773,404.294769287109,-0.231384411454201,11.6112842559814,-663.23955761392,-1517.48932304778,"WhiteTroatedCaracara",20
1490,0,4.68827295303345,0,10.8846378326416,29.7230587005615,42.8631782531738,0.288414627313614,0.0885215252637863,4.2842264175415,5.19433116912842,46.3540000915527,408.313720703125,0.0910858362913132,19.2256507873535,-643.23955761392,-1517.48932304778,"WhiteTroatedCaracara",20
1491,0,4.45306921005249,0,11.3443727493286,33.4884605407715,45.4438323974609,0.0114803025498986,0.356798887252808,2.96780347824097,6.22959661483765,44.6461219787598,316.986297607422,-0.521197259426117,12.8672780990601,-623.23955761392,-1517.48932304778,"WhiteTroatedCaracara",20
1492,1,8.33633327484131,0,11.0354986190796,35.5495986938477,31.578685760498,0,0,7.15072727203369,3.02156352996826,58.1634826660156,375.481994628906,-0.720253527164459,14.8009843826294,-603.23955761392,-1517.48932304778,"WhiteTroatedCaracara",20
1493,1,3.034512758255,0,10.9980545043945,35.128044128418,16.0562896728516,0,0.115663230419159,9.5666446685791,2.37472486495972,71.2239227294922,403.051239013672,0.985339343547821,31.3369846343994,-583.23955761392,-1517.48932304778,"WhiteTroatedCaracara",20
1494,0,4.77628803253174,0,11.7867136001587,36.6249122619629,18.4894390106201,0,0.116116002202034,10.3002166748047,1.00258040428162,69.7202758789062,267.816131591797,0.231901466846466,23.6244029998779,-563.23955761392,-1517.48932304778,"WhiteTroatedCaracara",20
1495,1,115.574264526367,0,7.69784927368164,474.434173583984,0.100487150251865,0.671260118484497,2.54401516914368,36.388011932373,1.73961663246155,12.4587202072144,178.684066772461,0.0958929061889648,57.1925163269043,-1163.23955761392,-1537.48932304778,"WhiteTroatedCaracara",20
1496,0,115.574264526367,0,7.69784927368164,474.434173583984,0.100487150251865,0.671260118484497,2.54401516914368,36.388011932373,1.73961663246155,12.4587202072144,178.684066772461,0.0958929061889648,57.1925163269043,-1143.23955761392,-1537.48932304778,"WhiteTroatedCaracara",20
1497,0,96.7434463500977,0,7.30969333648682,479.991394042969,0.404775261878967,0.27418714761734,4.24548864364624,38.6515960693359,1.99044346809387,16.8764457702637,324.226837158203,1.9636504650116,128.650451660156,-1123.23955761392,-1537.48932304778,"WhiteTroatedCaracara",20
1498,0,81.5108108520508,0,8.13548183441162,499.034149169922,0.696245968341827,0.352717816829681,5.94484758377075,38.0312995910645,3.35714960098267,11.9231214523315,193.430282592773,-0.114893540740013,44.5255012512207,-1103.23955761392,-1537.48932304778,"WhiteTroatedCaracara",20
1499,0,81.5108108520508,0,8.13548183441162,499.034149169922,0.696245968341827,0.352717816829681,5.94484758377075,38.0312995910645,3.35714960098267,11.9231214523315,193.430282592773,-0.114893540740013,44.5255012512207,-1083.23955761392,-1537.48932304778,"WhiteTroatedCaracara",20
1500,1,43.5852203369141,0,6.69352293014526,449.930480957031,2.64329171180725,1.71144831180573,0.663181960582733,35.5901031494141,2.7165834903717,6.94036722183228,482.135070800781,1.2075446844101,110.077896118164,-1063.23955761392,-1537.48932304778,"WhiteTroatedCaracara",20
1501,0,29.0119304656982,0,5.54642486572266,384.048614501953,1.60704362392426,1.35403335094452,2.77668404579163,39.2623825073242,7.4485764503479,9.8886079788208,763.647521972656,1.09830975532532,120.027839660645,-1043.23955761392,-1537.48932304778,"WhiteTroatedCaracara",20
1502,1,17.905632019043,0,5.65272521972656,346.511352539062,2.59359788894653,3.56232976913452,2.86457467079163,40.8495292663574,11.4565286636353,13.1069040298462,778.754699707031,1.70766198635101,218.485626220703,-1023.23955761392,-1537.48932304778,"WhiteTroatedCaracara",20
1503,1,8.91578674316406,0,4.89061641693115,267.929931640625,1.85358953475952,3.15905427932739,4.03589916229248,40.4120330810547,10.7112655639648,14.7273721694946,971.712829589844,0.0640378445386887,183.668075561523,-1003.23955761392,-1537.48932304778,"WhiteTroatedCaracara",20
1504,1,3.94751787185669,0,5.46858739852905,226.398529052734,2.98619556427002,4.58760929107666,6.88189506530762,34.574348449707,12.9428749084473,14.9079761505127,880.668090820312,0.720658838748932,206.505233764648,-983.23955761392,-1537.48932304778,"WhiteTroatedCaracara",20
1505,1,4.15660429000854,0,5.29973983764648,164.66780090332,3.18671917915344,4.58642387390137,8.84179973602295,32.3776969909668,13.2134428024292,14.3701429367065,966.22021484375,2.38130497932434,135.139266967773,-963.23955761392,-1537.48932304778,"WhiteTroatedCaracara",20
1506,1,3.87679433822632,0,6.11285734176636,123.746887207031,2.35023164749146,6.39533948898315,13.8511877059937,29.3231506347656,14.1858472824097,16.0887336730957,839.997375488281,-0.961558818817139,58.5762557983398,-943.23955761392,-1537.48932304778,"WhiteTroatedCaracara",20
1507,1,2.60830521583557,0,6.71304988861084,90.8596343994141,13.8205051422119,3.83228731155396,3.36168169975281,19.8766593933105,16.8461971282959,40.7120399475098,798.424499511719,-0.19000580906868,29.9751434326172,-923.23955761392,-1537.48932304778,"WhiteTroatedCaracara",20
1508,1,3.47862482070923,0,6.77024269104004,64.1378021240234,26.3376350402832,0.532021105289459,1.34481573104858,14.3705015182495,11.5601348876953,44.3714904785156,850.846130371094,-0.575250566005707,13.4836645126343,-903.23955761392,-1537.48932304778,"WhiteTroatedCaracara",20
1509,0,5.26615190505981,0,7.41477632522583,48.3092918395996,40.9331474304199,0.293548882007599,0.281942099332809,6.28720569610596,12.5482807159424,39.5278854370117,802.178649902344,0.0623843818902969,11.3936996459961,-883.23955761392,-1537.48932304778,"WhiteTroatedCaracara",20
1510,0,3.97431516647339,0,8.31154918670654,39.5777015686035,43.7859306335449,0.646434366703033,0.552277565002441,4.39603710174561,7.36424779891968,43.1862983703613,687.408996582031,0.0802295878529549,5.48314619064331,-863.23955761392,-1537.48932304778,"WhiteTroatedCaracara",20
1511,1,3.1757128238678,0,9.04773426055908,33.6915664672852,45.0834312438965,1.50364315509796,0.562028884887695,3.87706446647644,4.07669734954834,44.5059928894043,596.67578125,-0.067485585808754,4.33572483062744,-843.23955761392,-1537.48932304778,"WhiteTroatedCaracara",20
1512,0,4.20748090744019,0,9.51912689208984,29.8095588684082,42.2907180786133,0.834498047828674,1.01599848270416,4.03328609466553,7.06165409088135,44.5642166137695,544.755737304688,-0.103277288377285,5.44981670379639,-823.23955761392,-1537.48932304778,"WhiteTroatedCaracara",20
1513,1,3.15744519233704,0,9.93441200256348,27.8222827911377,35.1929893493652,0.706961393356323,1.1090179681778,6.6609845161438,8.51841640472412,47.5480308532715,491.882934570312,-0.118351511657238,7.60343647003174,-803.23955761392,-1537.48932304778,"WhiteTroatedCaracara",20
1514,1,4.01212167739868,0,9.31726360321045,24.3585968017578,41.9706726074219,0.34064245223999,0.346161454916,4.48143005371094,10.3534641265869,42.2248153686523,626.8388671875,0.336469680070877,33.1564407348633,-783.23955761392,-1537.48932304778,"WhiteTroatedCaracara",20
1515,1,3.78971409797668,0,9.08313369750977,21.7298889160156,34.8560218811035,0.538961589336395,0.0756386369466782,8.1769962310791,11.6256227493286,44.4720878601074,680.258850097656,0.161602035164833,41.4489898681641,-763.23955761392,-1537.48932304778,"WhiteTroatedCaracara",20
1516,1,4.6353611946106,0,10.4562540054321,23.3407669067383,17.6301116943359,0.0818142890930176,0.0734676420688629,2.97911953926086,6.37304210662842,21.4642238616943,366.438659667969,0.398075103759766,24.86496925354,-743.23955761392,-1537.48932304778,"WhiteTroatedCaracara",20
1517,0,4.77816772460938,0,10.8093614578247,24.4409351348877,32.498779296875,1.50517785549164,0.546109855175018,1.42832922935486,18.0765800476074,20.1234130859375,305.965454101562,0.129877403378487,16.8525485992432,-723.23955761392,-1537.48932304778,"WhiteTroatedCaracara",20
1518,0,10.2075166702271,0,10.9711503982544,25.3031215667725,15.3539113998413,0.494226217269897,0.22772441804409,1.79666376113892,7.37633562088013,12.6800689697266,282.956237792969,-0.211290821433067,12.5512552261353,-703.23955761392,-1537.48932304778,"WhiteTroatedCaracara",20
1519,0,2.93509292602539,0,11.0581245422363,26.4323902130127,43.2001914978027,1.13342785835266,0.0794426053762436,1.42457985877991,8.87251853942871,41.8678550720215,338.353332519531,0.192197352647781,14.3304281234741,-683.23955761392,-1537.48932304778,"WhiteTroatedCaracara",20
1520,0,4.86834192276001,0,10.8147811889648,28.1462955474854,30.7554588317871,0.0569607391953468,0.45822736620903,7.47488307952881,6.96777391433716,52.9134483337402,408.751037597656,0.287038773298264,17.7096519470215,-663.23955761392,-1537.48932304778,"WhiteTroatedCaracara",20
1521,0,5.17722988128662,0,11.0198888778687,31.1355400085449,38.2549362182617,0.0102321077138186,0.483709871768951,6.59603977203369,7.51738977432251,46.4023704528809,372.353790283203,-0.396183997392654,18.6117610931396,-643.23955761392,-1537.48932304778,"WhiteTroatedCaracara",20
1522,0,4.09005308151245,0,10.1979103088379,31.8483505249023,22.9985694885254,0.649160385131836,0.082057774066925,10.6307802200317,2.72366857528687,62.7511596679688,540.182739257812,0.367274791002274,18.7334804534912,-623.23955761392,-1537.48932304778,"WhiteTroatedCaracara",20
1523,1,5.09646892547607,0,10.0345001220703,33.0239067077637,22.7130661010742,0.780361652374268,0.316223412752151,12.4487323760986,2.89794969558716,60.016429901123,572.321411132812,0.585458993911743,27.4771003723145,-603.23955761392,-1537.48932304778,"WhiteTroatedCaracara",20
1524,1,11.4800872802734,0,11.8855581283569,37.6668548583984,15.697732925415,0.102222613990307,0.232339799404144,6.67066717147827,5.56754064559937,44.6797981262207,186.502853393555,-0.827867805957794,36.6034049987793,-583.23955761392,-1537.48932304778,"WhiteTroatedCaracara",20
1525,0,11.4800872802734,0,11.8855581283569,37.6668548583984,15.697732925415,0.102222613990307,0.232339799404144,6.67066717147827,5.56754064559937,44.6797981262207,186.502853393555,-0.827867805957794,36.6034049987793,-563.23955761392,-1537.48932304778,"WhiteTroatedCaracara",20
1526,0,127.399307250977,0,7.48175096511841,468.207580566406,7.61809278628789e-05,0.472897887229919,1.3570271730423,33.2091255187988,1.430100440979,9.99159622192383,205.896545410156,-0.317725002765656,46.8326797485352,-1183.23955761392,-1557.48932304778,"WhiteTroatedCaracara",20
1527,0,127.399307250977,0,7.48175096511841,468.207580566406,7.61809278628789e-05,0.472897887229919,1.3570271730423,33.2091255187988,1.430100440979,9.99159622192383,205.896545410156,-0.317725002765656,46.8326797485352,-1163.23955761392,-1557.48932304778,"WhiteTroatedCaracara",20
1528,0,115.336715698242,0,7.6830472946167,475.990570068359,0.00215633283369243,0.525317192077637,3.48005223274231,41.2316474914551,4.00966787338257,9.57779979705811,221.628189086914,0.111094906926155,34.5088653564453,-1143.23955761392,-1557.48932304778,"WhiteTroatedCaracara",20
1529,1,92.4239883422852,0,7.74651527404785,485.553131103516,0,0.243753954768181,3.58454918861389,37.4204978942871,4.08526563644409,17.9226570129395,242.21484375,-0.569197654724121,101.532066345215,-1123.23955761392,-1557.48932304778,"WhiteTroatedCaracara",20
1530,0,73.286376953125,0,8.17360305786133,493.685882568359,0.0456017293035984,0.0221600905060768,0.713092923164368,39.223518371582,1.61527347564697,10.1206493377686,156.61701965332,-0.255383729934692,54.7650337219238,-1103.23955761392,-1557.48932304778,"WhiteTroatedCaracara",20
1531,1,35.2465438842773,0,6.6528844833374,447.1240234375,0.26670178771019,3.74805235862732,2.32607936859131,41.3278770446777,4.31799554824829,9.80056571960449,470.579284667969,1.43765413761139,127.136962890625,-1083.23955761392,-1557.48932304778,"WhiteTroatedCaracara",20
1532,1,35.2465438842773,0,6.6528844833374,447.1240234375,0.26670178771019,3.74805235862732,2.32607936859131,41.3278770446777,4.31799554824829,9.80056571960449,470.579284667969,1.43765413761139,127.136962890625,-1063.23955761392,-1557.48932304778,"WhiteTroatedCaracara",20
1533,0,20.3579177856445,0,6.02681636810303,392.983428955078,1.04206323623657,2.20702648162842,1.37703812122345,45.4789237976074,4.03359985351562,11.4520349502563,634.768432617188,-0.47075954079628,146.435684204102,-1043.23955761392,-1557.48932304778,"WhiteTroatedCaracara",20
1534,1,4.53729104995728,0,7.70197200775146,414.411590576172,0.87860107421875,5.53084230422974,3.79684948921204,38.614933013916,4.42476892471313,6.57856607437134,332.450714111328,-1.63069224357605,139.981430053711,-1023.23955761392,-1557.48932304778,"WhiteTroatedCaracara",20
1535,1,4.93287467956543,0,7.27291393280029,334.447448730469,0.273176431655884,5.82910585403442,2.93894743919373,45.5581207275391,4.13579988479614,8.62182903289795,457.432525634766,-0.67905867099762,158.423461914062,-1003.23955761392,-1557.48932304778,"WhiteTroatedCaracara",20
1536,1,4.9957070350647,0,5.191246509552,216.919311523438,2.72417497634888,4.07417392730713,5.64620304107666,39.901180267334,8.5389347076416,13.883749961853,913.597106933594,0.639973521232605,189.978088378906,-983.23955761392,-1557.48932304778,"WhiteTroatedCaracara",20
1537,1,3.25190567970276,0,6.01025247573853,168.177108764648,2.42473649978638,8.75510311126709,11.7946863174438,29.1724548339844,11.3437719345093,12.5353126525879,797.192687988281,1.10430240631104,87.4896240234375,-963.23955761392,-1557.48932304778,"WhiteTroatedCaracara",20
1538,1,4.29376745223999,0,5.56619691848755,113.04084777832,5.78902339935303,2.4698851108551,14.5165786743164,27.448221206665,14.8648052215576,22.4273490905762,940.724304199219,-0.232986330986023,57.4871520996094,-943.23955761392,-1557.48932304778,"WhiteTroatedCaracara",20
1539,1,3.53692626953125,0,6.58231258392334,86.1460494995117,18.1096706390381,2.28873109817505,3.19220662117004,19.3184795379639,14.3972053527832,41.1186180114746,811.454467773438,-0.0942056849598885,30.7271327972412,-923.23955761392,-1557.48932304778,"WhiteTroatedCaracara",20
1540,0,6.23567771911621,0,7.04642629623413,64.6697006225586,28.2055740356445,1.2527482509613,0.508090674877167,14.2372989654541,11.0406675338745,44.512523651123,791.677612304688,-0.234441712498665,28.8497886657715,-903.23955761392,-1557.48932304778,"WhiteTroatedCaracara",20
1541,0,5.56415700912476,0,7.57748222351074,48.1942558288574,37.8303756713867,1.18422114849091,0.614286005496979,9.6865119934082,10.5893392562866,39.7924919128418,754.854919433594,-0.188411399722099,22.3123741149902,-883.23955761392,-1557.48932304778,"WhiteTroatedCaracara",20
1542,0,2.6301908493042,0,8.50498104095459,40.1565361022949,39.3810806274414,1.505131483078,0.456171333789825,6.62594890594482,9.24485397338867,42.6375541687012,638.609558105469,-0.142736226320267,10.8141927719116,-863.23955761392,-1557.48932304778,"WhiteTroatedCaracara",20
1543,0,3.53749775886536,0,9.11997985839844,34.4675483703613,52.1934394836426,0.00539971701800823,0.121628001332283,0.442284673452377,1.85124337673187,45.3253631591797,577.591064453125,0.558943390846252,3.16402840614319,-843.23955761392,-1557.48932304778,"WhiteTroatedCaracara",20
1544,1,3.16115379333496,0,9.60249900817871,31.2610702514648,47.3916854858398,0.43181523680687,0.259237885475159,2.8242359161377,5.46342754364014,43.5203857421875,529.478454589844,0.0749406516551971,4.28643083572388,-823.23955761392,-1557.48932304778,"WhiteTroatedCaracara",20
1545,0,3.16525745391846,0,9.93644523620605,28.9437274932861,45.1024017333984,0.283007353544235,0.303273350000381,3.12653279304504,6.31906270980835,44.7326393127441,500.527465820312,-0.358564227819443,8.49233722686768,-803.23955761392,-1557.48932304778,"WhiteTroatedCaracara",20
1546,0,3.93488740921021,0,9.97192478179932,27.3756942749023,39.4014892578125,0.29236501455307,0.433985888957977,5.68528938293457,12.9399967193604,41.1735687255859,502.727630615234,-0.59826797246933,15.8606052398682,-783.23955761392,-1557.48932304778,"WhiteTroatedCaracara",20
1547,1,4.61077737808228,0,8.4899377822876,22.8663463592529,31.038782119751,1.90684187412262,0.032133124768734,9.41236209869385,15.1684045791626,41.4436264038086,804.79833984375,1.71000492572784,42.5267372131348,-763.23955761392,-1557.48932304778,"WhiteTroatedCaracara",20
1548,1,3.40340232849121,0,10.2880859375,23.955192565918,12.2784099578857,2.65529155731201,0.70504754781723,10.2580709457397,8.53355407714844,48.5247650146484,429.878356933594,-0.6577507853508,23.2170639038086,-743.23955761392,-1557.48932304778,"WhiteTroatedCaracara",20
1549,1,5.15462017059326,0,10.9670104980469,24.6883888244629,10.4769439697266,13.3498268127441,1.78664994239807,10.2077255249023,18.1042022705078,40.8320960998535,272.310729980469,0.0413100495934486,1.88163244724274,-723.23955761392,-1557.48932304778,"WhiteTroatedCaracara",20
1550,0,12.0937824249268,0,11.0612783432007,26.1267013549805,26.6682624816895,0.249048471450806,0.168928861618042,1.01380801200867,8.7799129486084,17.0617256164551,269.006256103516,-0.00386756798252463,4.42463350296021,-703.23955761392,-1557.48932304778,"WhiteTroatedCaracara",20
1551,0,3.31717252731323,0,11.1281051635742,27.112720489502,44.2127571105957,0.345867127180099,0.398710340261459,2.35448288917542,8.75380039215088,37.0468521118164,319.476348876953,-0.289086550474167,13.5825262069702,-683.23955761392,-1557.48932304778,"WhiteTroatedCaracara",20
1552,1,3.38898205757141,0,10.6608448028564,28.3974418640137,36.6583061218262,0.350595861673355,0.627329170703888,7.15286016464233,8.73860454559326,45.533504486084,430.787445068359,-0.528336524963379,24.8906993865967,-663.23955761392,-1557.48932304778,"WhiteTroatedCaracara",20
1553,1,2.43536639213562,0,9.92440605163574,29.7253303527832,31.7462024688721,0.731965303421021,0.120078966021538,8.34119319915771,6.01976823806763,52.7104187011719,579.748474121094,0.22365115582943,17.0766944885254,-643.23955761392,-1557.48932304778,"WhiteTroatedCaracara",20
1554,1,2.45821738243103,0,9.86761569976807,31.4006080627441,26.1396656036377,1.23891222476959,0.305957198143005,15.0007400512695,6.07700681686401,49.1514434814453,599.323425292969,0.053991612046957,22.1740608215332,-623.23955761392,-1557.48932304778,"WhiteTroatedCaracara",20
1555,1,4.89844989776611,0,11.431492805481,38.1559181213379,15.4588050842285,2.62511110305786,0.57659500837326,12.0539770126343,3.5433976650238,62.3277702331543,316.748291015625,-0.0485370121896267,40.3172492980957,-603.23955761392,-1557.48932304778,"WhiteTroatedCaracara",20
1556,1,11.4800872802734,0,11.8855581283569,37.6668548583984,15.697732925415,0.102222613990307,0.232339799404144,6.67066717147827,5.56754064559937,44.6797981262207,186.502853393555,-0.827867805957794,36.6034049987793,-583.23955761392,-1557.48932304778,"WhiteTroatedCaracara",20
1557,0,127.06217956543,0,7.81722450256348,480.344482421875,0,0.561410844326019,0.455342233181,35.3184204101562,3.60866498947144,9.58395385742188,146.865798950195,0.142720207571983,27.2374572753906,-1163.23955761392,-1577.48932304778,"WhiteTroatedCaracara",20
1558,0,116.012763977051,0,7.33486223220825,477.596038818359,0,0.794049084186554,3.3737096786499,46.7950134277344,1.29552280902863,11.2399349212646,278.473297119141,-0.809884965419769,58.8077354431152,-1143.23955761392,-1577.48932304778,"WhiteTroatedCaracara",20
1559,0,95.828727722168,0,7.6860146522522,484.885406494141,0,0.0333230383694172,0.912164807319641,31.3440475463867,2.65856766700745,11.8355512619019,201.774459838867,-0.408832371234894,61.2766227722168,-1123.23955761392,-1577.48932304778,"WhiteTroatedCaracara",20
1560,1,73.286376953125,0,8.17360305786133,493.685882568359,0.0456017293035984,0.0221600905060768,0.713092923164368,39.223518371582,1.61527347564697,10.1206493377686,156.61701965332,-0.255383729934692,54.7650337219238,-1103.23955761392,-1577.48932304778,"WhiteTroatedCaracara",20
1561,1,61.9155540466309,0,7.31618690490723,461.927673339844,0,0.687926292419434,0.270032167434692,29.0376663208008,0.697329878807068,5.89035081863403,249.956390380859,0.419169545173645,70.9119567871094,-1083.23955761392,-1577.48932304778,"WhiteTroatedCaracara",20
1562,1,36.6361885070801,0,6.81579256057739,442.102966308594,0.37160849571228,3.2885468006134,1.55311727523804,41.1112022399902,3.02827882766724,8.91924953460693,452.3466796875,-0.991461277008057,132.155838012695,-1063.23955761392,-1577.48932304778,"WhiteTroatedCaracara",20
1563,1,20.3579177856445,0,6.02681636810303,392.983428955078,1.04206323623657,2.20702648162842,1.37703812122345,45.4789237976074,4.03359985351562,11.4520349502563,634.768432617188,-0.47075954079628,146.435684204102,-1043.23955761392,-1577.48932304778,"WhiteTroatedCaracara",20
1564,1,15.0545892715454,0,5.81283903121948,341.343963623047,2.39334011077881,3.22338390350342,1.84446036815643,41.2029418945312,6.9383807182312,9.45532417297363,698.2109375,-0.353838920593262,165.377838134766,-1023.23955761392,-1577.48932304778,"WhiteTroatedCaracara",20
1565,1,21.5049953460693,0,6.55007171630859,299.245056152344,0.603839039802551,4.62472820281982,2.73481392860413,46.4937438964844,3.11782646179199,10.2641611099243,578.965454101562,-1.39406704902649,157.401336669922,-1003.23955761392,-1577.48932304778,"WhiteTroatedCaracara",20
1566,1,13.5266847610474,0,5.91242218017578,214.655639648438,2.63340616226196,11.066855430603,5.1656813621521,32.0382499694824,12.8900737762451,12.4837713241577,751.63232421875,-0.504970788955688,147.161651611328,-983.23955761392,-1577.48932304778,"WhiteTroatedCaracara",20
1567,1,2.78191614151001,0,6.88117551803589,171.446182250977,1.70895624160767,18.4110012054443,8.11494922637939,24.3286437988281,12.1822328567505,15.7074871063232,597.312316894531,0.267835408449173,69.6399917602539,-963.23955761392,-1577.48932304778,"WhiteTroatedCaracara",20
1568,1,6.67584276199341,0,5.74210834503174,112.358688354492,1.38868248462677,4.37414693832397,16.2128295898438,31.0117721557617,11.1152791976929,11.4087343215942,860.988647460938,0.545726597309113,51.7805213928223,-943.23955761392,-1577.48932304778,"WhiteTroatedCaracara",20
1569,1,11.1785469055176,0,5.3246021270752,79.392936706543,10.5766000747681,4.02628469467163,9.23964977264404,23.9216957092285,17.3028125762939,27.4642143249512,1023.03594970703,0.73452365398407,40.0373725891113,-923.23955761392,-1577.48932304778,"WhiteTroatedCaracara",20
1570,0,10.311957359314,0,6.18871641159058,55.7000846862793,23.2820301055908,0.383229941129684,0.419420182704926,17.562801361084,16.3465976715088,41.889720916748,937.239379882812,0.473513692617416,35.2534370422363,-903.23955761392,-1577.48932304778,"WhiteTroatedCaracara",20
1571,0,3.72675347328186,0,7.83705949783325,46.0508766174316,36.8971214294434,0.520451247692108,0.746652901172638,7.87990808486938,9.89166355133057,43.3758392333984,699.123229980469,-0.0873530730605125,36.4872016906738,-883.23955761392,-1577.48932304778,"WhiteTroatedCaracara",20
1572,0,4.87307024002075,0,8.59226226806641,39.4099006652832,39.9854888916016,0.436059474945068,0.921442210674286,5.2987060546875,7.72540998458862,45.4849586486816,622.690551757812,-0.0160199254751205,19.3962306976318,-863.23955761392,-1577.48932304778,"WhiteTroatedCaracara",20
1573,0,9.84545612335205,0,9.19369411468506,35.1470718383789,48.1976470947266,0.256449520587921,0.162551790475845,2.44033455848694,4.50271892547607,44.3435592651367,564.152221679688,-0.679384231567383,9.66086959838867,-843.23955761392,-1577.48932304778,"WhiteTroatedCaracara",20
1574,1,3.68170642852783,0,9.60409641265869,32.511646270752,46.7244567871094,0.520162463188171,0.414627701044083,2.75458455085754,4.2018141746521,45.2025604248047,536.527893066406,-0.130413323640823,9.11954593658447,-823.23955761392,-1577.48932304778,"WhiteTroatedCaracara",20
1575,0,3.57524490356445,0,9.93744659423828,30.7123355865479,46.365837097168,0.0269330106675625,0.131628483533859,3.49364924430847,5.35572338104248,44.6010780334473,514.481384277344,0.455651432275772,7.00353622436523,-803.23955761392,-1577.48932304778,"WhiteTroatedCaracara",20
1576,0,2.831294298172,0,10.3308191299438,29.1208019256592,42.504955291748,0.262074679136276,0.456702530384064,6.05454111099243,10.0303964614868,40.5938682556152,457.427612304688,-0.531317949295044,19.1832141876221,-783.23955761392,-1577.48932304778,"WhiteTroatedCaracara",20
1577,0,6.11436033248901,0,9.25168991088867,25.2530269622803,36.51220703125,0.882268607616425,0.0594744086265564,8.22426605224609,11.8896818161011,42.0621604919434,686.323364257812,0.501897037029266,41.3553848266602,-763.23955761392,-1577.48932304778,"WhiteTroatedCaracara",20
1578,1,4.49679040908813,0,10.5829057693481,26.2894630432129,29.6145000457764,1.36110854148865,0.158553168177605,9.04865550994873,6.40161466598511,53.1480484008789,418.310882568359,-0.542583644390106,27.4117603302002,-743.23955761392,-1577.48932304778,"WhiteTroatedCaracara",20
1579,1,2.9685423374176,0,10.8611879348755,26.3348178863525,31.2083034515381,1.15799784660339,0.46794593334198,7.08842420578003,7.736403465271,51.9787712097168,351.959442138672,-0.125118777155876,12.5643167495728,-723.23955761392,-1577.48932304778,"WhiteTroatedCaracara",20
1580,1,3.13309359550476,0,10.7549905776978,25.750825881958,34.206729888916,0.100868225097656,0.703131854534149,6.78971195220947,7.10567140579224,50.1935424804688,383.175872802734,-0.158669903874397,14.9524736404419,-703.23955761392,-1577.48932304778,"WhiteTroatedCaracara",20
1581,0,3.35989236831665,0,10.4260501861572,26.2726745605469,31.7383975982666,0.0378019921481609,0.351773709058762,8.71403503417969,5.57943391799927,53.1414985656738,465.316070556641,-0.249427407979965,18.4434146881104,-683.23955761392,-1577.48932304778,"WhiteTroatedCaracara",20
1582,1,4.446608543396,0,9.64702987670898,26.6832542419434,31.1482448577881,0.463333308696747,0.386030048131943,8.31605625152588,5.27151203155518,54.1890678405762,630.523986816406,0.310724705457687,20.7192153930664,-663.23955761392,-1577.48932304778,"WhiteTroatedCaracara",20
1583,1,1.73770344257355,0,9.52189254760742,28.4080562591553,34.6635513305664,1.15949511528015,0.338146388530731,11.6414575576782,4.98460531234741,43.3682861328125,663.91455078125,0.263921797275543,25.4444694519043,-643.23955761392,-1577.48932304778,"WhiteTroatedCaracara",20
1584,1,2.71252489089966,0,10.842791557312,33.47265625,10.0472345352173,0.0241446252912283,0.352135241031647,14.7160816192627,0.829229176044464,70.7164459228516,427.51806640625,-0.15694223344326,41.9029273986816,-623.23955761392,-1577.48932304778,"WhiteTroatedCaracara",20
1585,1,2.1592423915863,0,12.3090515136719,41.192554473877,9.51504135131836,0,0.155710503458977,6.08394002914429,1.55581247806549,41.4553833007812,127.199119567871,0.19668573141098,26.7520713806152,-603.23955761392,-1577.48932304778,"WhiteTroatedCaracara",20
1586,1,2.1592423915863,0,12.3090515136719,41.192554473877,9.51504135131836,0,0.155710503458977,6.08394002914429,1.55581247806549,41.4553833007812,127.199119567871,0.19668573141098,26.7520713806152,-583.23955761392,-1577.48932304778,"WhiteTroatedCaracara",20
1587,0,146.703689575195,0,8.22220611572266,481.238677978516,0.0298971999436617,0.0116423796862364,0.178384810686111,8.30338191986084,2.19915866851807,3.73226428031921,43.0624237060547,-0.279471755027771,7.17515420913696,-1203.23955761392,-1597.48932304778,"WhiteTroatedCaracara",20
1588,0,146.703689575195,0,8.22220611572266,481.238677978516,0.0298971999436617,0.0116423796862364,0.178384810686111,8.30338191986084,2.19915866851807,3.73226428031921,43.0624237060547,-0.279471755027771,7.17515420913696,-1183.23955761392,-1597.48932304778,"WhiteTroatedCaracara",20
1589,1,141.217864990234,0,7.67201328277588,488.747833251953,0.514076113700867,0.879436492919922,1.79650342464447,21.5412712097168,6.55614709854126,10.1686182022095,171.73957824707,-2.60317659378052,81.0403060913086,-1163.23955761392,-1597.48932304778,"WhiteTroatedCaracara",20
1590,0,123.759864807129,0,7.36120843887329,488.650451660156,0.0236015040427446,0.154174879193306,1.67193019390106,39.422607421875,3.96254253387451,17.0181922912598,287.841003417969,1.0081524848938,104.04224395752,-1143.23955761392,-1597.48932304778,"WhiteTroatedCaracara",20
1591,1,95.828727722168,0,7.6860146522522,484.885406494141,0,0.0333230383694172,0.912164807319641,31.3440475463867,2.65856766700745,11.8355512619019,201.774459838867,-0.408832371234894,61.2766227722168,-1123.23955761392,-1597.48932304778,"WhiteTroatedCaracara",20
1592,0,75.2390213012695,0,7.95440435409546,486.616546630859,0,0.000810660363640636,0.230795174837112,31.775426864624,2.49781227111816,9.11354541778564,168.01921081543,0.0344308018684387,27.6507663726807,-1103.23955761392,-1597.48932304778,"WhiteTroatedCaracara",20
1593,1,61.9155540466309,0,7.31618690490723,461.927673339844,0,0.687926292419434,0.270032167434692,29.0376663208008,0.697329878807068,5.89035081863403,249.956390380859,0.419169545173645,70.9119567871094,-1083.23955761392,-1597.48932304778,"WhiteTroatedCaracara",20
1594,0,47.9340133666992,0,6.28634452819824,420.888122558594,1.04563939571381,1.79477369785309,1.4013603925705,41.3048782348633,3.13182330131531,6.37325811386108,554.758239746094,1.95804405212402,116.449394226074,-1063.23955761392,-1597.48932304778,"WhiteTroatedCaracara",20
1595,0,36.9408760070801,0,6.04756259918213,383.398345947266,1.70553171634674,2.65737414360046,2.22507667541504,40.8310966491699,6.34979772567749,9.98274230957031,602.616455078125,0.147732079029083,134.347015380859,-1043.23955761392,-1597.48932304778,"WhiteTroatedCaracara",20
1596,0,34.4508209228516,0,4.47744512557983,298.074920654297,4.40475654602051,2.52253603935242,2.60381460189819,30.2456741333008,12.9706220626831,9.92483806610107,945.661987304688,-1.14750075340271,154.252212524414,-1023.23955761392,-1597.48932304778,"WhiteTroatedCaracara",20
1597,1,36.578670501709,0,4.94106483459473,253.422714233398,4.90189838409424,2.81090974807739,4.15569686889648,33.5376777648926,11.0459890365601,11.5891427993774,875.668640136719,2.63318538665771,182.706237792969,-1003.23955761392,-1597.48932304778,"WhiteTroatedCaracara",20
1598,1,23.2628765106201,0,5.2457160949707,197.569137573242,6.72392606735229,5.85708618164062,5.79837989807129,27.7070732116699,15.350152015686,12.828161239624,864.658020019531,2.914217710495,190.054458618164,-983.23955761392,-1597.48932304778,"WhiteTroatedCaracara",20
1599,1,9.234694480896,0,6.13515996932983,145.242706298828,2.02981185913086,15.9803142547607,6.3885178565979,23.1428031921387,14.4319686889648,17.8848781585693,710.813171386719,-1.4560524225235,99.3702087402344,-963.23955761392,-1597.48932304778,"WhiteTroatedCaracara",20
1600,1,3.40667271614075,0,6.72111797332764,100.271926879883,3.13539338111877,17.3104305267334,5.27456474304199,21.2590618133545,16.2372760772705,20.1739253997803,635.140014648438,-1.61270105838776,40.89208984375,-943.23955761392,-1597.48932304778,"WhiteTroatedCaracara",20
1601,1,7.27878141403198,0,6.36294412612915,68.576904296875,12.2022018432617,6.78944158554077,2.07743644714355,19.4489212036133,18.5014877319336,32.4225921630859,805.349365234375,-0.129065245389938,34.2984390258789,-923.23955761392,-1597.48932304778,"WhiteTroatedCaracara",20
1602,0,3.66582226753235,0,6.96585035324097,50.9619445800781,30.4728412628174,1.05233693122864,0.395847231149673,12.6551065444946,12.4280118942261,40.9593048095703,778.502197265625,0.318217813968658,32.4016952514648,-903.23955761392,-1597.48932304778,"WhiteTroatedCaracara",20
1603,0,3.74932193756104,0,7.36526584625244,41.7672691345215,41.1030235290527,0.701311647891998,0.179988294839859,5.55263614654541,8.39966773986816,43.8833236694336,773.003784179688,-0.180006057024002,24.158842086792,-883.23955761392,-1597.48932304778,"WhiteTroatedCaracara",20
1604,0,4.10186243057251,0,8.04347705841064,35.6115188598633,40.5529747009277,1.13596272468567,0.529917895793915,6.33179950714111,7.71407032012939,43.4820213317871,721.475646972656,0.062702052295208,14.7494239807129,-863.23955761392,-1597.48932304778,"WhiteTroatedCaracara",20
1605,1,3.44521474838257,0,8.8338680267334,33.5063323974609,43.6550559997559,0.650510311126709,0.291385889053345,4.0470609664917,6.23143339157104,45.0872802734375,637.498718261719,-0.0629119798541069,6.34255266189575,-843.23955761392,-1597.48932304778,"WhiteTroatedCaracara",20
1606,1,2.9461612701416,0,9.39129734039307,32.5259590148926,50.4443664550781,0,0.0978821516036987,1.16869783401489,3.39493918418884,44.7716178894043,589.577392578125,-0.0643160939216614,3.77287101745605,-823.23955761392,-1597.48932304778,"WhiteTroatedCaracara",20
1607,0,3.12967109680176,0,9.74271488189697,31.652759552002,47.069278717041,0.13864129781723,0.321983069181442,1.6937780380249,5.86806678771973,44.7689094543457,574.132690429688,0.176124677062035,9.51955223083496,-803.23955761392,-1597.48932304778,"WhiteTroatedCaracara",20
1608,0,2.81721138954163,0,10.271632194519,31.1791820526123,43.697437286377,0,0.281714648008347,4.56666374206543,8.24098682403564,42.6305160522461,509.737182617188,0.309212446212769,8.1699914932251,-783.23955761392,-1597.48932304778,"WhiteTroatedCaracara",20
1609,1,2.27063798904419,0,10.7251873016357,30.3474788665771,33.5840606689453,0.660906255245209,0.226156979799271,8.22171783447266,11.84694480896,44.4619178771973,439.996856689453,-0.104576088488102,19.7076644897461,-763.23955761392,-1597.48932304778,"WhiteTroatedCaracara",20
1610,0,3.83621907234192,0,10.6919088363647,28.6804294586182,36.2213859558105,0.708440840244293,0.557037353515625,6.647216796875,7.24167728424072,47.7290802001953,436.071838378906,0.326530992984772,13.7018032073975,-743.23955761392,-1597.48932304778,"WhiteTroatedCaracara",20
1611,0,4.18807315826416,0,10.776780128479,26.5396060943604,34.7102546691895,0.176140353083611,0.225441992282867,7.98704195022583,10.3160533905029,43.8805809020996,415.346160888672,-0.136576801538467,7.06435537338257,-723.23955761392,-1597.48932304778,"WhiteTroatedCaracara",20
1612,1,4.78009939193726,0,10.0716609954834,25.0890636444092,31.5730285644531,0.249498918652534,0.1015914529562,8.08571434020996,2.10080909729004,57.482479095459,558.461486816406,0.00802197493612766,22.6845531463623,-703.23955761392,-1597.48932304778,"WhiteTroatedCaracara",20
1613,0,4.69464015960693,0,9.48836612701416,24.7704429626465,43.0827217102051,0.513843536376953,0.122282020747662,4.87449645996094,4.14132642745972,47.0319328308105,669.894409179688,0.442957878112793,13.0738039016724,-683.23955761392,-1597.48932304778,"WhiteTroatedCaracara",20
1614,1,2.91003608703613,0,9.78654289245605,26.2452545166016,25.7352695465088,0.767567038536072,0.371654987335205,13.1620016098022,6.36235666275024,52.7262496948242,622.554748535156,0.596925377845764,23.6697959899902,-663.23955761392,-1597.48932304778,"WhiteTroatedCaracara",20
1615,0,4.56188201904297,0,10.97780418396,30.8314933776855,16.6999359130859,0.141186118125916,0.038431353867054,15.3903284072876,1.68856430053711,64.3642120361328,403.715423583984,0.270753741264343,29.1201477050781,-643.23955761392,-1597.48932304778,"WhiteTroatedCaracara",20
1616,0,8.04828357696533,0,11.5694904327393,35.4048080444336,12.203332901001,0,0.052637193351984,14.2051038742065,0.870979249477386,72.4085464477539,283.421447753906,1.04295337200165,37.5255584716797,-623.23955761392,-1597.48932304778,"WhiteTroatedCaracara",20
1617,1,2.1592423915863,0,12.3090515136719,41.192554473877,9.51504135131836,0,0.155710503458977,6.08394002914429,1.55581247806549,41.4553833007812,127.199119567871,0.19668573141098,26.7520713806152,-603.23955761392,-1597.48932304778,"WhiteTroatedCaracara",20
1618,0,159.619964599609,0,7.7253942489624,483.081451416016,0.150175109505653,1.54536747932434,1.96974909305573,24.8814353942871,4.5188422203064,9.24421215057373,173.641006469727,0.480408310890198,66.2178955078125,-1203.23955761392,-1617.48932304778,"WhiteTroatedCaracara",20
1619,0,159.619964599609,0,7.7253942489624,483.081451416016,0.150175109505653,1.54536747932434,1.96974909305573,24.8814353942871,4.5188422203064,9.24421215057373,173.641006469727,0.480408310890198,66.2178955078125,-1183.23955761392,-1617.48932304778,"WhiteTroatedCaracara",20
1620,0,141.217864990234,0,7.67201328277588,488.747833251953,0.514076113700867,0.879436492919922,1.79650342464447,21.5412712097168,6.55614709854126,10.1686182022095,171.73957824707,-2.60317659378052,81.0403060913086,-1163.23955761392,-1617.48932304778,"WhiteTroatedCaracara",20
1621,0,123.759864807129,0,7.36120843887329,488.650451660156,0.0236015040427446,0.154174879193306,1.67193019390106,39.422607421875,3.96254253387451,17.0181922912598,287.841003417969,1.0081524848938,104.04224395752,-1143.23955761392,-1617.48932304778,"WhiteTroatedCaracara",20
1622,0,106.448860168457,0,7.57911443710327,489.893981933594,0.194327458739281,0,2.17712569236755,31.8454170227051,4.62669706344604,16.0526561737061,226.094924926758,0.604970574378967,80.6556167602539,-1123.23955761392,-1617.48932304778,"WhiteTroatedCaracara",20
1623,0,90.6306228637695,0,8.27112197875977,490.921997070312,0,0.261709779500961,0.70616739988327,35.9401779174805,2.50201296806335,11.922571182251,129.097763061523,1.14476275444031,55.0199851989746,-1103.23955761392,-1617.48932304778,"WhiteTroatedCaracara",20
1624,0,76.4582138061523,0,7.60510015487671,464.530700683594,0,0.881738483905792,0.806725382804871,33.9807548522949,1.70680212974548,9.0554256439209,252.291458129883,-3.77676701545715,82.4435501098633,-1083.23955761392,-1617.48932304778,"WhiteTroatedCaracara",20
1625,0,63.6136627197266,0,7.21330118179321,427.467254638672,0.0326878689229488,1.45973789691925,1.80196714401245,46.4411888122559,1.83014297485352,11.0462379455566,361.359130859375,-3.46005511283875,133.435440063477,-1063.23955761392,-1617.48932304778,"WhiteTroatedCaracara",20
1626,0,53.5373458862305,0,4.64379405975342,347.083068847656,4.58295774459839,8.08469772338867,2.03601861000061,27.06565284729,10.5982427597046,6.81363201141357,874.909790039062,1.52131628990173,133.069000244141,-1043.23955761392,-1617.48932304778,"WhiteTroatedCaracara",20
1627,0,43.2218704223633,0,3.64547729492188,273.896820068359,12.8812847137451,5.38258695602417,2.21078634262085,15.9822158813477,18.866189956665,13.9926729202271,1093.79602050781,-1.14396941661835,169.133804321289,-1023.23955761392,-1617.48932304778,"WhiteTroatedCaracara",20
1628,0,30.2054443359375,0,3.84746336936951,224.462326049805,9.564453125,3.1767578125,2.7324857711792,26.2285633087158,18.286304473877,15.1078824996948,1094.27526855469,-1.03278493881226,177.295989990234,-1003.23955761392,-1617.48932304778,"WhiteTroatedCaracara",20
1629,1,18.438777923584,0,3.37602376937866,167.484390258789,16.3992290496826,3.07479977607727,4.41369247436523,19.5435829162598,19.8559017181396,18.2933769226074,1228.90515136719,-0.928438484668732,205.674041748047,-983.23955761392,-1617.48932304778,"WhiteTroatedCaracara",20
1630,1,6.26175260543823,0,3.49115610122681,122.467109680176,14.1351337432861,1.77300608158112,5.69374704360962,21.3552207946777,19.4427967071533,21.5063362121582,1258.21850585938,3.41918683052063,166.233627319336,-963.23955761392,-1617.48932304778,"WhiteTroatedCaracara",20
1631,1,4.95914220809937,0,4.017982006073,87.2971038818359,20.0524654388428,4.50860643386841,4.21026468276978,14.4356250762939,20.4132442474365,30.7978668212891,1201.70861816406,0.529285728931427,92.2247009277344,-943.23955761392,-1617.48932304778,"WhiteTroatedCaracara",20
1632,1,3.453284740448,0,5.56332778930664,62.5086517333984,16.6283531188965,3.71755790710449,0.7205610871315,16.9901943206787,19.9146747589111,40.5789489746094,953.332824707031,-0.0775131359696388,44.262882232666,-923.23955761392,-1617.48932304778,"WhiteTroatedCaracara",20
1633,0,7.84345817565918,0,5.79723262786865,46.9195365905762,19.2025451660156,1.16803824901581,0,14.03062915802,18.8122329711914,46.2193374633789,979.224548339844,-0.144624635577202,31.523307800293,-903.23955761392,-1617.48932304778,"WhiteTroatedCaracara",20
1634,0,17.2200260162354,0,6.51712942123413,36.1918487548828,34.283145904541,0.0807573944330215,0.0419422648847103,11.3816699981689,9.83603572845459,43.5844497680664,930.435607910156,0.479709714651108,11.4863090515137,-883.23955761392,-1617.48932304778,"WhiteTroatedCaracara",20
1635,0,13.2404479980469,0,7.672034740448,32.3522644042969,36.6506195068359,1.25641405582428,0.140734612941742,8.35094261169434,7.90813589096069,45.121753692627,790.688049316406,0.134512677788734,6.05056095123291,-863.23955761392,-1617.48932304778,"WhiteTroatedCaracara",20
1636,1,4.47559070587158,0,8.54103851318359,31.4631156921387,45.6315116882324,0.167999684810638,0.137795135378838,3.48250865936279,5.87489080429077,44.5365104675293,701.569458007812,-0.0276829432696104,8.73939037322998,-843.23955761392,-1617.48932304778,"WhiteTroatedCaracara",20
1637,0,3.99300026893616,0,9.16436100006104,31.9445972442627,49.6249580383301,0.0140564981848001,0.155518367886543,0.513962090015411,4.08441066741943,45.4476852416992,651.425964355469,0.177493706345558,5.13215351104736,-823.23955761392,-1617.48932304778,"WhiteTroatedCaracara",20
1638,0,3.22887372970581,0,9.7503604888916,33.1498069763184,45.8422813415527,0.0011697452282533,0.785273849964142,1.41519820690155,6.52377986907959,44.143497467041,597.050659179688,0.00669333571568131,5.79440498352051,-803.23955761392,-1617.48932304778,"WhiteTroatedCaracara",20
1639,0,2.91006374359131,0,10.1402225494385,33.266918182373,47.1057815551758,0,0.391873210668564,2.73133826255798,5.47973728179932,44.1650276184082,565.027893066406,-0.369451344013214,11.201958656311,-783.23955761392,-1617.48932304778,"WhiteTroatedCaracara",20
1640,0,2.00581693649292,0,10.8388195037842,33.6825485229492,44.1575584411621,0.204719290137291,0.145733296871185,4.34808444976807,8.28495216369629,42.6600952148438,464.493041992188,-0.316518992185593,7.54584074020386,-763.23955761392,-1617.48932304778,"WhiteTroatedCaracara",20
1641,0,3.82677173614502,0,11.0245695114136,31.9091567993164,39.1587028503418,0.13932192325592,0.027886226773262,5.89434146881104,10.121241569519,37.3997802734375,431.540283203125,-0.332882106304169,9.07600021362305,-743.23955761392,-1617.48932304778,"WhiteTroatedCaracara",20
1642,0,3.44364738464355,0,10.9162511825562,28.0860500335693,43.4389686584473,0,0.0682308673858643,4.07496643066406,13.1149559020996,37.9874572753906,423.820648193359,-0.427487254142761,9.05747318267822,-723.23955761392,-1617.48932304778,"WhiteTroatedCaracara",20
1643,0,4.21621799468994,0,9.99366188049316,24.895601272583,40.6234397888184,0.377201765775681,0.161494612693787,5.33145761489868,3.10791540145874,50.2216415405273,604.761901855469,0.659460723400116,19.1110553741455,-703.23955761392,-1617.48932304778,"WhiteTroatedCaracara",20
1644,0,3.61943745613098,0,10.6449193954468,26.1162204742432,18.6625366210938,0.204026460647583,0.204931184649467,12.5661754608154,1.70670402050018,66.5350112915039,483.725677490234,0.323824942111969,31.7565727233887,-683.23955761392,-1617.48932304778,"WhiteTroatedCaracara",20
1645,0,3.30198502540588,0,11.8587398529053,29.8517436981201,28.4536571502686,0,0.00691991858184338,9.36970996856689,0.905383825302124,61.2416725158691,246.370452880859,-0.347637683153152,17.7350769042969,-663.23955761392,-1617.48932304778,"WhiteTroatedCaracara",20
1646,0,7.70019435882568,0,12.2702035903931,33.9434204101562,39.3239479064941,0,0.0207155477255583,6.29811906814575,3.18317198753357,50.6547698974609,139.925827026367,-0.13445970416069,11.8275022506714,-643.23955761392,-1617.48932304778,"WhiteTroatedCaracara",20
1647,0,3.91606521606445,0,12.1425514221191,36.7366638183594,25.8527488708496,0,0.0230551660060883,10.4129648208618,0.929376780986786,62.8026008605957,154.480743408203,0.0454134866595268,18.1798305511475,-623.23955761392,-1617.48932304778,"WhiteTroatedCaracara",20
1648,1,2.39183855056763,0,12.2223739624023,38.633186340332,25.2528610229492,0,0.166185572743416,7.55147886276245,6.45627975463867,54.6748428344727,95.128059387207,-0.327532291412354,14.3414316177368,-603.23955761392,-1617.48932304778,"WhiteTroatedCaracara",20
1649,0,167.100631713867,0,7.26618957519531,494.451690673828,0.17647896707058,1.18983197212219,1.9132217168808,34.022518157959,3.36032462120056,9.91050243377686,271.463287353516,0.731080710887909,122.52897644043,-1203.23955761392,-1637.48932304778,"WhiteTroatedCaracara",20
1650,0,167.100631713867,0,7.26618957519531,494.451690673828,0.17647896707058,1.18983197212219,1.9132217168808,34.022518157959,3.36032462120056,9.91050243377686,271.463287353516,0.731080710887909,122.52897644043,-1183.23955761392,-1637.48932304778,"WhiteTroatedCaracara",20
1651,0,149.756561279297,0,6.65682458877563,497.061096191406,1.56528627872467,1.28020644187927,1.74354183673859,38.3623657226562,10.1818447113037,20.1732749938965,441.708343505859,3.02296805381775,144.151702880859,-1163.23955761392,-1637.48932304778,"WhiteTroatedCaracara",20
1652,0,132.442901611328,0,6.72739934921265,496.131317138672,0.32425257563591,0.77153217792511,3.08182287216187,40.8452377319336,7.11746072769165,21.7954196929932,430.002593994141,-1.87836122512817,154.881576538086,-1143.23955761392,-1637.48932304778,"WhiteTroatedCaracara",20
1653,1,115.360313415527,0,7.47431659698486,499.106414794922,0.25879430770874,0.0893116667866707,2.90498518943787,36.5577011108398,7.1870231628418,22.065860748291,280.475128173828,-2.9518666267395,121.157691955566,-1123.23955761392,-1637.48932304778,"WhiteTroatedCaracara",20
1654,1,97.6800079345703,0,7.37824821472168,485.242218017578,0.0307575929909945,0.571346044540405,0.62073802947998,42.3765983581543,3.78425002098083,15.0171232223511,284.814819335938,0.440986931324005,112.164009094238,-1103.23955761392,-1637.48932304778,"WhiteTroatedCaracara",20
1655,0,80.8019638061523,0,6.63693284988403,448.705017089844,0.288268774747849,1.59237337112427,1.71555054187775,39.1183891296387,3.42684412002563,10.7551136016846,388.928588867188,0.712067246437073,113.099090576172,-1083.23955761392,-1637.48932304778,"WhiteTroatedCaracara",20
1656,0,63.1745796203613,0,5.74350833892822,395.925201416016,1.03467977046967,1.92659401893616,3.60083651542664,37.0029067993164,9.05872821807861,10.5488405227661,618.273254394531,0.0656945779919624,168.86848449707,-1063.23955761392,-1637.48932304778,"WhiteTroatedCaracara",20
1657,0,47.1773567199707,0,3.75715374946594,325.047302246094,3.74071145057678,9.33542633056641,1.56661224365234,19.1880493164062,14.5604038238525,7.8487811088562,1031.44506835938,1.5222293138504,152.163909912109,-1043.23955761392,-1637.48932304778,"WhiteTroatedCaracara",20
1658,1,31.9069499969482,0,4.31333875656128,267.354187011719,9.06451320648193,3.34980463981628,3.31752181053162,26.8604831695557,14.6425914764404,15.8913984298706,958.939697265625,1.47020077705383,151.326049804688,-1023.23955761392,-1637.48932304778,"WhiteTroatedCaracara",20
1659,1,16.2925052642822,0,4.06834316253662,211.099548339844,12.149242401123,1.49003040790558,3.85924339294434,26.3398342132568,14.9825010299683,19.1827030181885,1044.44384765625,-1.62244307994843,179.755340576172,-1003.23955761392,-1637.48932304778,"WhiteTroatedCaracara",20
1660,1,5.3536114692688,0,5.44370937347412,158.566390991211,5.07856750488281,3.0397789478302,5.78548526763916,29.7872734069824,15.0734701156616,16.4550399780273,810.08740234375,-2.80317378044128,156.68782043457,-983.23955761392,-1637.48932304778,"WhiteTroatedCaracara",20
1661,1,2.89679503440857,0,6.02969980239868,109.360534667969,8.28510284423828,3.82595157623291,8.27894878387451,23.6973819732666,18.5610885620117,21.7528247833252,742.751403808594,-2.44190168380737,106.779457092285,-963.23955761392,-1637.48932304778,"WhiteTroatedCaracara",20
1662,1,5.08723211288452,0,4.37100458145142,76.3030700683594,19.5879364013672,2.11231970787048,2.08230543136597,14.8846101760864,23.3003273010254,28.4756851196289,1148.93664550781,1.58003437519073,115.26683807373,-943.23955761392,-1637.48932304778,"WhiteTroatedCaracara",20
1663,0,3.66376280784607,0,7.36174297332764,50.9163932800293,22.4536399841309,2.35588049888611,2.82572555541992,16.4737758636475,9.03741073608398,39.7702445983887,624.874572753906,-1.10785305500031,42.8799247741699,-923.23955761392,-1637.48932304778,"WhiteTroatedCaracara",20
1664,1,5.50628328323364,0,7.0861554145813,38.7958183288574,44.7453880310059,0.398175060749054,0.041761077940464,5.02503442764282,7.69223928451538,41.6599426269531,759.967590332031,0.982450485229492,29.0517501831055,-903.23955761392,-1637.48932304778,"WhiteTroatedCaracara",20
1665,0,11.2618350982666,0,7.24308776855469,32.9656562805176,47.8809356689453,0.277097672224045,0.028547428548336,1.72387838363647,6.02819204330444,41.5708770751953,807.638671875,0.283909857273102,20.7310905456543,-883.23955761392,-1637.48932304778,"WhiteTroatedCaracara",20
1666,0,8.15143203735352,0,7.62909507751465,30.0386638641357,47.9269180297852,0,0.246744722127914,2.40596199035645,5.69277811050415,43.4272003173828,810.681518554688,0.368434071540833,13.3871898651123,-863.23955761392,-1637.48932304778,"WhiteTroatedCaracara",20
1667,0,4.31100273132324,0,8.52756214141846,30.2950859069824,46.0004615783691,0.520815193653107,1.00629675388336,3.44957828521729,6.27842998504639,42.0045700073242,718.556274414062,0.103716768324375,11.4437122344971,-843.23955761392,-1637.48932304778,"WhiteTroatedCaracara",20
1668,0,4.63575220108032,0,9.35433769226074,32.7409706115723,50.2732124328613,0.982998132705688,0.0178437437862158,2.27424311637878,2.76274108886719,43.6107292175293,636.015502929688,0.241668924689293,10.6758975982666,-823.23955761392,-1637.48932304778,"WhiteTroatedCaracara",20
1669,0,3.35668206214905,0,9.9352502822876,35.480052947998,50.6091575622559,0.372594267129898,0.636613547801971,1.19178795814514,3.07283473014832,43.9412879943848,589.567199707031,0.0335306078195572,7.53201913833618,-803.23955761392,-1637.48932304778,"WhiteTroatedCaracara",20
1670,0,2.77915906906128,0,10.1203384399414,36.1248092651367,52.432445526123,0.0366931818425655,0.287822932004929,0.36192062497139,1.45286118984222,45.2005004882812,605.245788574219,-0.0960372760891914,5.52286577224731,-783.23955761392,-1637.48932304778,"WhiteTroatedCaracara",20
1671,0,5.62258720397949,0,10.4107341766357,36.3306884765625,47.7943649291992,0.190748065710068,0.879378259181976,1.56675446033478,5.14896011352539,44.3057441711426,591.960876464844,0.173500418663025,16.9027881622314,-763.23955761392,-1637.48932304778,"WhiteTroatedCaracara",20
1672,0,3.45726108551025,0,10.7400302886963,34.472785949707,47.6625633239746,0.27980625629425,0.379605382680893,2.17990970611572,4.7772068977356,44.3354988098145,541.337219238281,0.299671173095703,16.57444190979,-743.23955761392,-1637.48932304778,"WhiteTroatedCaracara",20
1673,0,3.55062580108643,0,10.7369766235352,29.5733680725098,43.8554229736328,0.241893544793129,0.049797099083662,3.43693804740906,9.12817573547363,42.1796379089355,519.134948730469,0.688438415527344,16.8844604492188,-723.23955761392,-1637.48932304778,"WhiteTroatedCaracara",20
1674,0,4.73571014404297,0,10.8039302825928,25.8943576812744,34.1965103149414,0.513445138931274,0.160459637641907,7.90090560913086,2.34928107261658,54.3996963500977,495.083526611328,0.206298336386681,25.609281539917,-703.23955761392,-1637.48932304778,"WhiteTroatedCaracara",20
1675,0,4.53798770904541,0,11.6501445770264,28.1152114868164,31.8838672637939,0.01466229185462,0.223076537251472,8.27254009246826,1.09055435657501,55.6353797912598,316.420379638672,0.168288320302963,25.9893665313721,-683.23955761392,-1637.48932304778,"WhiteTroatedCaracara",20
1676,0,6.43738126754761,0,12.1994199752808,31.3604164123535,41.2630653381348,0,0.155477836728096,5.59604787826538,3.919438123703,48.6178970336914,170.574020385742,-0.550542056560516,13.013466835022,-663.23955761392,-1637.48932304778,"WhiteTroatedCaracara",20
1677,0,6.38525104522705,0,11.8643798828125,32.7947692871094,43.8216247558594,0,0.0528344810009003,4.36605596542358,3.20978569984436,47.7722549438477,198.986282348633,-0.0159999877214432,12.0080280303955,-643.23955761392,-1637.48932304778,"WhiteTroatedCaracara",20
1678,0,3.1614511013031,0,11.6458444595337,35.0179290771484,25.323205947876,0,0.0185996722429991,10.3716135025024,2.26201844215393,61.8719139099121,228.643264770508,0.0516208633780479,13.0355272293091,-623.23955761392,-1637.48932304778,"WhiteTroatedCaracara",20
1679,1,2.39183855056763,0,12.2223739624023,38.633186340332,25.2528610229492,0,0.166185572743416,7.55147886276245,6.45627975463867,54.6748428344727,95.128059387207,-0.327532291412354,14.3414316177368,-603.23955761392,-1637.48932304778,"WhiteTroatedCaracara",20
1680,0,2.39183855056763,0,12.2223739624023,38.633186340332,25.2528610229492,0,0.166185572743416,7.55147886276245,6.45627975463867,54.6748428344727,95.128059387207,-0.327532291412354,14.3414316177368,-583.23955761392,-1637.48932304778,"WhiteTroatedCaracara",20
1681,0,188.531829833984,0,8.25527858734131,509.523315429688,0.0158516690135002,2.97713351249695,2.93474841117859,31.8415088653564,1.9327632188797,6.0971531867981,135.597229003906,-0.580283045768738,56.5976524353027,-1203.23955761392,-1657.48932304778,"WhiteTroatedCaracara",20
1682,0,170.140411376953,0,7.56614446640015,509.559356689453,0.142024099826813,1.55001616477966,2.18645811080933,31.4201946258545,2.75238394737244,8.5421781539917,228.360443115234,0.12401207536459,78.0024566650391,-1183.23955761392,-1657.48932304778,"WhiteTroatedCaracara",20
1683,0,151.256439208984,0,7.10521411895752,517.224365234375,0.313212484121323,0.611919462680817,3.72699403762817,45.2316627502441,3.26611924171448,16.4433460235596,358.971893310547,-1.41902101039886,119.085105895996,-1163.23955761392,-1657.48932304778,"WhiteTroatedCaracara",20
1684,0,132.039520263672,0,7.00281047821045,514.387878417969,0.152552932500839,0.867613315582275,3.31753778457642,41.3389892578125,6.05957365036011,19.4110069274902,376.827789306641,0.668349087238312,120.202278137207,-1143.23955761392,-1657.48932304778,"WhiteTroatedCaracara",20
1685,0,112.941284179688,0,7.46427631378174,512.776245117188,0.123858578503132,0.557869672775269,3.54375505447388,48.0099487304688,2.59984731674194,19.0043964385986,291.431671142578,1.18496322631836,79.7103958129883,-1123.23955761392,-1657.48932304778,"WhiteTroatedCaracara",20
1686,0,94.1062774658203,0,7.33743333816528,494.824340820312,0,0.180267989635468,0.0652381628751755,49.2071571350098,1.99862849712372,13.2937860488892,301.825866699219,-0.495327174663544,89.7881546020508,-1103.23955761392,-1657.48932304778,"WhiteTroatedCaracara",20
1687,0,73.9129104614258,0,5.6832332611084,442.624938964844,3.87309145927429,3.50318717956543,2.56171727180481,23.3398609161377,17.5977840423584,5.00509929656982,623.663391113281,0.262249797582626,203.949645996094,-1083.23955761392,-1657.48932304778,"WhiteTroatedCaracara",20
1688,1,55.7375831604004,0,6.50918245315552,397.373168945312,1.09347927570343,2.18931937217712,2.66124844551086,41.8164939880371,9.52807426452637,14.9445028305054,489.338745117188,1.14157891273499,182.882781982422,-1063.23955761392,-1657.48932304778,"WhiteTroatedCaracara",20
1689,0,37.1690292358398,0,5.26781415939331,323.054016113281,3.07593131065369,0.929373800754547,3.28315138816833,37.9369468688965,11.9819345474243,18.2384757995605,756.401245117188,-1.01370215415955,158.847152709961,-1043.23955761392,-1657.48932304778,"WhiteTroatedCaracara",20
1690,1,19.6615734100342,0,4.66696500778198,259.518768310547,4.54399681091309,3.89474534988403,4.1367654800415,31.0033149719238,15.4667997360229,14.4195871353149,888.975830078125,-0.0715698301792145,188.451126098633,-1023.23955761392,-1657.48932304778,"WhiteTroatedCaracara",20
1691,0,5.82643508911133,0,3.64405250549316,198.993453979492,13.6813440322876,1.00651657581329,4.19478368759155,23.4084911346436,17.0161724090576,20.4845123291016,1128.76989746094,0.867923319339752,171.08757019043,-1003.23955761392,-1657.48932304778,"WhiteTroatedCaracara",20
1692,0,8.68938541412354,0,2.75851202011108,142.129837036133,24.6862964630127,0.826147735118866,2.2532811164856,17.6087684631348,18.185396194458,24.4523448944092,1372.4501953125,-0.559383630752563,192.007949829102,-983.23955761392,-1657.48932304778,"WhiteTroatedCaracara",20
1693,0,6.56894445419312,0,3.84764385223389,94.9188003540039,26.6215171813965,2.00647115707397,2.37115430831909,12.6928234100342,15.9058446884155,25.6279106140137,1222.60827636719,4.41868305206299,143.319915771484,-963.23955761392,-1657.48932304778,"WhiteTroatedCaracara",20
1694,1,5.69422388076782,0,8.70209884643555,60.369010925293,5.03431606292725,0.568650126457214,0.557990431785583,5.77945137023926,8.06258106231689,10.1825828552246,258.013122558594,-2.32480096817017,25.3329677581787,-943.23955761392,-1657.48932304778,"WhiteTroatedCaracara",20
1695,0,11.0878887176514,0,9.19190788269043,40.8704681396484,5.85679292678833,0.0866539031267166,0.060554001480341,2.16606616973877,2.0317804813385,7.11103057861328,216.995315551758,-0.0821777582168579,6.56501150131226,-923.23955761392,-1657.48932304778,"WhiteTroatedCaracara",20
1696,0,12.233078956604,0,9.50779056549072,34.2174491882324,16.5418224334717,0.870856106281281,0.557840168476105,3.12735748291016,5.9102520942688,18.2692584991455,248.789215087891,-0.479428678750992,13.0619430541992,-903.23955761392,-1657.48932304778,"WhiteTroatedCaracara",20
1697,0,5.47245216369629,0,9.1966552734375,29.9131565093994,43.4391555786133,0.927250802516937,0.350236713886261,2.75296854972839,5.80935430526733,38.7800636291504,432.822631835938,-0.197147011756897,14.8575429916382,-883.23955761392,-1657.48932304778,"WhiteTroatedCaracara",20
1698,1,4.67740106582642,0,9.00613689422607,28.8976154327393,50.1093139648438,0.0130252912640572,0.424099653959274,0.882220447063446,3.70687890052795,44.6664276123047,563.324523925781,-0.243206486105919,14.9533033370972,-863.23955761392,-1657.48932304778,"WhiteTroatedCaracara",20
1699,1,3.52954268455505,0,9.27514839172363,30.4742832183838,44.7725830078125,0.117436826229095,0.405108481645584,3.88556814193726,6.72028255462646,44.0455055236816,590.492431640625,0.494826883077621,25.9624938964844,-843.23955761392,-1657.48932304778,"WhiteTroatedCaracara",20
1700,0,3.49669027328491,0,10.1509675979614,34.810432434082,47.5042533874512,0.0660467967391014,0.0143908830359578,3.53560256958008,5.70611381530762,42.9873962402344,506.751403808594,-0.394055902957916,21.1137027740479,-823.23955761392,-1657.48932304778,"WhiteTroatedCaracara",20
1701,1,5.63679075241089,0,11.0145559310913,40.4633293151855,42.7731094360352,0.736651241779327,0.354394823312759,5.46398448944092,7.71292924880981,42.6299896240234,419.617736816406,-0.23105251789093,18.1963043212891,-803.23955761392,-1657.48932304778,"WhiteTroatedCaracara",20
1702,0,4.28902196884155,0,11.1724271774292,43.3342704772949,45.5599327087402,2.21606206893921,0.187990546226501,3.89509558677673,4.95244073867798,42.6629219055176,456.107269287109,-0.0301223397254944,13.22975730896,-783.23955761392,-1657.48932304778,"WhiteTroatedCaracara",20
1703,0,3.73349332809448,0,11.1688547134399,43.6363716125488,49.8420486450195,0.132958054542542,0.0443664751946926,2.5263307094574,3.77530932426453,43.6253204345703,510.471435546875,0.541041493415833,12.2959136962891,-763.23955761392,-1657.48932304778,"WhiteTroatedCaracara",20
1704,1,3.17041969299316,0,11.9963264465332,43.6410751342773,44.4625473022461,0.0870127081871033,0.0230442807078362,4.50060796737671,8.19540500640869,42.487232208252,370.717559814453,-0.397582083940506,12.544976234436,-743.23955761392,-1657.48932304778,"WhiteTroatedCaracara",20
1705,1,3.2215473651886,0,11.9370775222778,34.0135688781738,35.9717559814453,0.334229022264481,0.000362247723387554,7.394615650177,7.62213277816772,47.6914825439453,354.057495117188,-0.126430213451385,12.3634881973267,-723.23955761392,-1657.48932304778,"WhiteTroatedCaracara",20
1706,1,3.30894470214844,0,11.7834711074829,28.4575233459473,32.6940650939941,0.513774156570435,0.0393407307565212,7.50764560699463,5.6295051574707,50.6329040527344,338.456848144531,-0.162287265062332,11.4040880203247,-703.23955761392,-1657.48932304778,"WhiteTroatedCaracara",20
1707,0,2.21705317497253,0,11.6150722503662,28.8849582672119,23.7902240753174,0.35205152630806,0.144597679376602,9.9377908706665,2.9984335899353,59.4121284484863,329.515258789062,-0.0062976460903883,9.20910835266113,-683.23955761392,-1657.48932304778,"WhiteTroatedCaracara",20
1708,0,3.93192005157471,0,11.4637403488159,30.468786239624,36.5285682678223,0.583591520786285,0.614666759967804,5.0518684387207,1.85783326625824,50.3616943359375,325.890319824219,0.253833413124084,3.59378290176392,-663.23955761392,-1657.48932304778,"WhiteTroatedCaracara",20
1709,0,4.02057218551636,0,11.31773853302,32.9390182495117,36.9538040161133,0,0.0568484403192997,5.49561548233032,3.95895719528198,49.8469467163086,320.127685546875,0.00582811702042818,2.07575249671936,-643.23955761392,-1657.48932304778,"WhiteTroatedCaracara",20
1710,0,3.79073715209961,0,11.1886854171753,34.7453727722168,33.3792724609375,0,0,6.61906576156616,2.60184955596924,55.6694793701172,313.518615722656,0.11912877112627,3.14176821708679,-623.23955761392,-1657.48932304778,"WhiteTroatedCaracara",20
1711,1,3.95026707649231,0,11.4629354476929,36.7654190063477,18.618953704834,0,0,11.3918991088867,0.966140270233154,67.0628890991211,229.732391357422,0.392788916826248,20.580135345459,-603.23955761392,-1657.48932304778,"WhiteTroatedCaracara",20
1712,1,3.83850741386414,0,11.0906200408936,37.6357574462891,20.8258895874023,0,0.011483633890748,10.900728225708,2.85654258728027,65.0925674438477,242.116287231445,0.512840628623962,9.51866626739502,-583.23955761392,-1657.48932304778,"WhiteTroatedCaracara",20
1713,0,6.52248764038086,0,11.2834463119507,38.1302337646484,29.8085823059082,0,0.0415599122643471,8.2017650604248,8.97878265380859,51.4960784912109,154.338592529297,-0.156698256731033,12.9476795196533,-563.23955761392,-1657.48932304778,"WhiteTroatedCaracara",20
1714,0,203.464141845703,0,8.19412422180176,501.926452636719,0.00430759228765965,2.27573180198669,1.18881464004517,37.169361114502,1.25784587860107,5.46818256378174,142.913345336914,0.153437405824661,56.4162368774414,-1223.23955761392,-1677.48932304778,"WhiteTroatedCaracara",20
1715,0,188.531829833984,0,8.25527858734131,509.523315429688,0.0158516690135002,2.97713351249695,2.93474841117859,31.8415088653564,1.9327632188797,6.0971531867981,135.597229003906,-0.580283045768738,56.5976524353027,-1203.23955761392,-1677.48932304778,"WhiteTroatedCaracara",20
1716,0,169.76530456543,0,7.41209888458252,532.188171386719,0.264290392398834,2.4082396030426,2.62882995605469,43.181022644043,2.93777441978455,14.3200578689575,309.418853759766,0.0743362009525299,99.9205474853516,-1183.23955761392,-1677.48932304778,"WhiteTroatedCaracara",20
1717,0,150.616653442383,0,7.26929759979248,540.924926757812,0.417255818843842,2.56649971008301,3.60752201080322,42.5397338867188,4.05543518066406,14.9642791748047,337.405487060547,0.259862631559372,106.767799377441,-1163.23955761392,-1677.48932304778,"WhiteTroatedCaracara",20
1718,0,131.46875,0,8.04867744445801,544.969299316406,0.105837933719158,0.248976662755013,1.16257679462433,34.4627799987793,4.53799867630005,17.6160640716553,186.526748657227,0.513328194618225,63.3965911865234,-1143.23955761392,-1677.48932304778,"WhiteTroatedCaracara",20
1719,0,112.299858093262,0,8.07147693634033,539.8896484375,0.0216571018099785,0.0725400373339653,0.451226860284805,50.8743858337402,1.37463462352753,22.2061672210693,168.600784301758,0.197319880127907,59.535587310791,-1123.23955761392,-1677.48932304778,"WhiteTroatedCaracara",20
1720,0,91.351806640625,0,7.64288949966431,521.746215820312,0.559652507305145,0.428315728902817,3.37316632270813,26.5556526184082,8.80170249938965,6.11114311218262,189.834365844727,1.16159474849701,66.669303894043,-1103.23955761392,-1677.48932304778,"WhiteTroatedCaracara",20
1721,1,73.9129104614258,0,5.6832332611084,442.624938964844,3.87309145927429,3.50318717956543,2.56171727180481,23.3398609161377,17.5977840423584,5.00509929656982,623.663391113281,0.262249797582626,203.949645996094,-1083.23955761392,-1677.48932304778,"WhiteTroatedCaracara",20
1722,0,54.8131980895996,0,3.16284894943237,367.492706298828,4.21059322357178,16.3511333465576,1.59901344776154,11.4296083450317,15.277229309082,4.20829010009766,1091.04162597656,-2.1042947769165,229.965377807617,-1063.23955761392,-1677.48932304778,"WhiteTroatedCaracara",20
1723,1,35.7596626281738,0,5.05154180526733,324.879089355469,4.8799147605896,4.50042581558228,2.12659025192261,19.8398475646973,19.3603038787842,7.54845666885376,777.965698242188,-1.24428236484528,216.642272949219,-1043.23955761392,-1677.48932304778,"WhiteTroatedCaracara",20
1724,1,17.1136283874512,0,4.24918127059937,244.251220703125,5.20726299285889,2.43823146820068,4.37601757049561,24.9619045257568,16.0500621795654,13.1773099899292,988.626220703125,-0.629810929298401,202.329925537109,-1023.23955761392,-1677.48932304778,"WhiteTroatedCaracara",20
1725,1,4.86199140548706,0,5.99475526809692,182.253723144531,4.02989912033081,3.10663032531738,5.58802318572998,24.9850692749023,11.964771270752,13.4450387954712,695.336547851562,-0.665802001953125,118.171028137207,-1003.23955761392,-1677.48932304778,"WhiteTroatedCaracara",20
1726,1,3.3332211971283,0,5.49729490280151,131.030822753906,9.89444351196289,1.38908457756042,2.65566182136536,17.1853084564209,16.1478137969971,15.7385368347168,829.837829589844,-1.96973812580109,155.068786621094,-983.23955761392,-1677.48932304778,"WhiteTroatedCaracara",20
1727,1,3.96968078613281,0,5.94850444793701,91.5220031738281,15.758355140686,1.65597534179688,0.94345611333847,13.4720029830933,15.7985649108887,18.0510597229004,778.312866210938,-2.23963952064514,110.073394775391,-963.23955761392,-1677.48932304778,"WhiteTroatedCaracara",20
1728,1,6.06079339981079,0,5.15242719650269,59.8313674926758,25.5533924102783,1.81973671913147,1.3178346157074,14.568470954895,19.2491664886475,30.7416744232178,995.083068847656,1.62089776992798,90.4454879760742,-943.23955761392,-1677.48932304778,"WhiteTroatedCaracara",20
1729,1,3.46949934959412,0,8.31508350372314,33.4003143310547,21.0300445556641,2.08987236022949,1.19447100162506,6.78129911422729,10.4936771392822,37.8468971252441,424.722686767578,-2.0594801902771,37.5385284423828,-923.23955761392,-1677.48932304778,"WhiteTroatedCaracara",20
1730,1,4.92075204849243,0,8.94929218292236,30.3538417816162,20.5085029602051,1.86543095111847,0.595735192298889,3.66640830039978,7.12427139282227,29.1446056365967,371.000579833984,-1.42870712280273,26.9635391235352,-903.23955761392,-1677.48932304778,"WhiteTroatedCaracara",20
1731,1,4.4459114074707,0,9.16200828552246,28.0144004821777,38.4308853149414,0.865983307361603,0.201501488685608,4.14569902420044,6.29104852676392,40.8514289855957,429.432159423828,-1.0710916519165,20.8082866668701,-883.23955761392,-1677.48932304778,"WhiteTroatedCaracara",20
1732,1,2.71925354003906,0,9.30579566955566,28.2483901977539,43.941291809082,0.925914466381073,0.161242306232452,4.49160766601562,5.80313444137573,43.7421264648438,494.926147460938,-0.560388565063477,15.0245971679688,-863.23955761392,-1677.48932304778,"WhiteTroatedCaracara",20
1733,1,4.05245923995972,0,9.29794883728027,29.755786895752,43.1880493164062,0.24434258043766,0.0262322407215834,4.57920932769775,6.6892466545105,45.2239189147949,579.434448242188,-0.0626063197851181,22.846212387085,-843.23955761392,-1677.48932304778,"WhiteTroatedCaracara",20
1734,0,3.88403630256653,0,10.0175333023071,34.5646018981934,42.2812767028809,0.0130997532978654,0.0703114345669746,5.4712176322937,8.13658905029297,43.8310508728027,532.259582519531,0.339825540781021,29.2432727813721,-823.23955761392,-1677.48932304778,"WhiteTroatedCaracara",20
1735,0,9.19082546234131,0,10.6710567474365,40.2456016540527,47.2723388671875,0.0191968455910683,0.0204818323254585,3.75589299201965,6.92620134353638,41.8436813354492,489.339752197266,0.0129668870940804,24.8903427124023,-803.23955761392,-1677.48932304778,"WhiteTroatedCaracara",20
1736,1,5.02049350738525,0,11.788200378418,48.7265243530273,46.1354217529297,1.68201088905334,0.0620908625423908,4.91510629653931,6.84207487106323,40.2214584350586,362.121856689453,-0.336925327777863,19.7553462982178,-783.23955761392,-1677.48932304778,"WhiteTroatedCaracara",20
1737,1,2.80616736412048,0,12.4998245239258,57.6710205078125,47.064769744873,0.743683874607086,0.0107439514249563,3.22271585464478,6.75831079483032,41.7735977172852,320.128723144531,-0.464990317821503,14.6537733078003,-763.23955761392,-1677.48932304778,"WhiteTroatedCaracara",20
1738,0,8.02457809448242,0,12.5872840881348,53.1579971313477,44.0286407470703,0.66258031129837,0.12790022790432,4.0310230255127,9.63255405426025,41.1126670837402,310.5244140625,-1.13128304481506,14.9402856826782,-743.23955761392,-1677.48932304778,"WhiteTroatedCaracara",20
1739,0,7.31324911117554,0,12.3637657165527,39.9138793945312,41.1967353820801,1.37892007827759,0.312672406435013,4.00540733337402,10.4038372039795,41.6110000610352,295.441253662109,-0.618843913078308,20.5036125183105,-723.23955761392,-1677.48932304778,"WhiteTroatedCaracara",20
1740,0,5.08364391326904,0,12.2199430465698,33.4460678100586,31.1891555786133,5.91369342803955,0.0876043140888214,6.54279088973999,8.69410800933838,47.4488220214844,274.497772216797,0.0551063567399979,10.5523872375488,-703.23955761392,-1677.48932304778,"WhiteTroatedCaracara",20
1741,0,6.33613920211792,0,12.1117630004883,32.8204803466797,31.4806976318359,0.754826962947845,0.452425181865692,7.29214096069336,4.63344764709473,55.117992401123,244.596374511719,-0.288432002067566,9.30952644348145,-683.23955761392,-1677.48932304778,"WhiteTroatedCaracara",20
1742,1,3.71205472946167,0,11.9551782608032,33.73291015625,36.9121284484863,0.2164466381073,0.0269390568137169,5.86715459823608,4.25855016708374,51.4842224121094,229.939834594727,-0.168233558535576,9.60944652557373,-663.23955761392,-1677.48932304778,"WhiteTroatedCaracara",20
1743,0,3.04046273231506,0,11.5574645996094,34.5688705444336,42.1099739074707,0.000199891437659971,0.0241545643657446,3.22642040252686,4.18488502502441,49.1340751647949,266.345855712891,0.0782511383295059,5.53693866729736,-643.23955761392,-1677.48932304778,"WhiteTroatedCaracara",20
1744,1,3.13953304290771,0,11.2982387542725,36.0177993774414,30.5274639129639,0,0.0288151372224092,6.40059947967529,6.37746715545654,54.4250221252441,280.245880126953,-0.00510836206376553,1.54183673858643,-623.23955761392,-1677.48932304778,"WhiteTroatedCaracara",20
1745,0,6.26288652420044,0,11.1556644439697,36.925178527832,22.9264106750488,0,0,10.2161092758179,2.69525480270386,63.9876976013184,268.904113769531,0.0854935571551323,4.37766551971436,-603.23955761392,-1677.48932304778,"WhiteTroatedCaracara",20
1746,1,3.83850741386414,0,11.0906200408936,37.6357574462891,20.8258895874023,0,0.011483633890748,10.900728225708,2.85654258728027,65.0925674438477,242.116287231445,0.512840628623962,9.51866626739502,-583.23955761392,-1677.48932304778,"WhiteTroatedCaracara",20
1747,0,6.52248764038086,0,11.2834463119507,38.1302337646484,29.8085823059082,0,0.0415599122643471,8.2017650604248,8.97878265380859,51.4960784912109,154.338592529297,-0.156698256731033,12.9476795196533,-563.23955761392,-1677.48932304778,"WhiteTroatedCaracara",20
1748,0,3.16087102890015,0,11.0991106033325,38.1279335021973,33.2313461303711,0,0.0753016620874405,7.41876792907715,7.99252271652222,49.3253364562988,125.223495483398,0.344691872596741,12.9438142776489,-543.23955761392,-1677.48932304778,"WhiteTroatedCaracara",20
1749,0,214.364883422852,0,7.76353979110718,516.930358886719,0.121601156890392,2.10221862792969,0.780197858810425,18.899959564209,2.07368946075439,3.18304085731506,137.600372314453,0.913449704647064,37.0862998962402,-1243.23955761392,-1697.48932304778,"WhiteTroatedCaracara",20
1750,0,203.464141845703,0,8.19412422180176,501.926452636719,0.00430759228765965,2.27573180198669,1.18881464004517,37.169361114502,1.25784587860107,5.46818256378174,142.913345336914,0.153437405824661,56.4162368774414,-1223.23955761392,-1697.48932304778,"WhiteTroatedCaracara",20
1751,0,185.531188964844,0,8.13244915008545,532.147827148438,0.0329218693077564,1.2000504732132,1.94955611228943,42.2893028259277,0.970260739326477,5.38734674453735,167.176773071289,0.49503755569458,54.3478851318359,-1203.23955761392,-1697.48932304778,"WhiteTroatedCaracara",20
1752,0,166.483978271484,0,8.11828708648682,561.788879394531,0.186100348830223,0.345061331987381,2.49695539474487,44.2635459899902,1.61912047863007,15.553918838501,174.19709777832,0.721238136291504,62.3720321655273,-1183.23955761392,-1697.48932304778,"WhiteTroatedCaracara",20
1753,0,147.730758666992,0,8.09894847869873,578.197143554688,0.254671514034271,0.636301219463348,2.88994288444519,45.2163887023926,2.71798753738403,20.0099639892578,168.048736572266,-0.393823504447937,55.520809173584,-1163.23955761392,-1697.48932304778,"WhiteTroatedCaracara",20
1754,0,128.93310546875,0,8.31068325042725,578.551452636719,0.00923695415258408,0.0465480834245682,3.17034673690796,43.4270324707031,2.94589853286743,18.8600406646729,126.165000915527,0.230224788188934,49.1271858215332,-1143.23955761392,-1697.48932304778,"WhiteTroatedCaracara",20
1755,0,110.161254882812,0,8.64425849914551,570.158813476562,0.258109331130981,0.182404354214668,1.93208420276642,54.5622329711914,2.18704462051392,27.243480682373,59.0600051879883,-0.0406876914203167,18.2050285339355,-1123.23955761392,-1697.48932304778,"WhiteTroatedCaracara",20
1756,1,91.351806640625,0,7.64288949966431,521.746215820312,0.559652507305145,0.428315728902817,3.37316632270813,26.5556526184082,8.80170249938965,6.11114311218262,189.834365844727,1.16159474849701,66.669303894043,-1103.23955761392,-1697.48932304778,"WhiteTroatedCaracara",20
1757,0,72.5558166503906,0,3.35923600196838,436.204071044922,2.02054476737976,23.9138774871826,0.737931847572327,3.3106050491333,9.45561695098877,0.515480399131775,986.01904296875,-0.551550567150116,94.3998413085938,-1083.23955761392,-1697.48932304778,"WhiteTroatedCaracara",20
1758,0,53.6992835998535,0,-0.838352978229523,343.320343017578,0.465749591588974,32.2050170898438,0,0.0397681854665279,3.15661025047302,0.00514340540394187,1809.01806640625,2.55534982681274,112.376197814941,-1063.23955761392,-1697.48932304778,"WhiteTroatedCaracara",20
1759,0,34.8852996826172,0,3.88068604469299,299.086975097656,4.29230403900146,7.07698631286621,3.08383941650391,10.2957277297974,18.2726001739502,7.52539396286011,1017.39331054688,-1.7909597158432,206.77458190918,-1043.23955761392,-1697.48932304778,"WhiteTroatedCaracara",20
1760,1,16.2555904388428,0,5.39148139953613,221.73779296875,5.57737016677856,4.6814603805542,5.82543802261353,27.3054103851318,15.7329483032227,16.4400444030762,791.757263183594,0.823343932628632,158.353866577148,-1023.23955761392,-1697.48932304778,"WhiteTroatedCaracara",20
1761,1,3.30169773101807,0,7.60454130172729,168.814514160156,3.08550333976746,2.08099913597107,4.39213848114014,12.9260959625244,8.73768138885498,6.6274471282959,398.430419921875,-0.420121222734451,54.2738380432129,-1003.23955761392,-1697.48932304778,"WhiteTroatedCaracara",20
1762,1,6.69307565689087,0,4.81561470031738,137.90234375,9.06923484802246,2.55918574333191,7.00458383560181,19.0333366394043,16.1712646484375,14.8966398239136,953.128112792969,2.31127738952637,137.928924560547,-983.23955761392,-1697.48932304778,"WhiteTroatedCaracara",20
1763,1,16.4364757537842,0,2.69054007530212,105.659973144531,21.507137298584,1.77788662910461,1.73021197319031,11.873420715332,23.2607250213623,23.1021480560303,1388.07958984375,-0.725509703159332,181.183547973633,-963.23955761392,-1697.48932304778,"WhiteTroatedCaracara",20
1764,1,7.88347625732422,0,4.40863609313965,60.524486541748,24.7333278656006,2.49483466148376,0.766545951366425,14.3874273300171,18.7368927001953,35.9515800476074,1146.34326171875,-1.19233083724976,102.896133422852,-943.23955761392,-1697.48932304778,"WhiteTroatedCaracara",20
1765,1,7.82448673248291,0,3.90286350250244,47.5495300292969,36.1785430908203,0.188344344496727,0.0195973329246044,5.89969825744629,17.3686351776123,38.2430381774902,1298.04370117188,0.353130608797073,59.3792457580566,-923.23955761392,-1697.48932304778,"WhiteTroatedCaracara",20
1766,1,17.7505054473877,0,3.6448016166687,38.7689056396484,49.6066856384277,0.0100989025086164,0,1.32986271381378,6.07759571075439,42.0429725646973,1386.61706542969,1.52686178684235,27.4940586090088,-903.23955761392,-1697.48932304778,"WhiteTroatedCaracara",20
1767,1,16.8933563232422,0,4.53118371963501,33.1754608154297,44.8758583068848,0.0409813411533833,0,3.31736087799072,8.8882532119751,41.5222206115723,1301.37097167969,1.60162901878357,31.6717834472656,-883.23955761392,-1697.48932304778,"WhiteTroatedCaracara",20
1768,1,7.84608125686646,0,7.10049200057983,28.6049327850342,35.3731918334961,0.0523255467414856,0.00350365159101784,6.91015338897705,9.74177074432373,47.472038269043,909.450439453125,0.493158996105194,29.9726581573486,-863.23955761392,-1697.48932304778,"WhiteTroatedCaracara",20
1769,1,7.27997875213623,0,9.04942417144775,30.396427154541,39.7205085754395,0.272895753383636,0.129667729139328,5.78925466537476,9.69001197814941,44.0526351928711,624.735778808594,0.080262191593647,25.2364253997803,-843.23955761392,-1697.48932304778,"WhiteTroatedCaracara",20
1770,1,11.9372797012329,0,9.46823596954346,34.0872497558594,36.57177734375,0.337027549743652,0.169293239712715,7.1542706489563,12.6577835083008,42.81982421875,623.449768066406,-0.556805729866028,37.9766006469727,-823.23955761392,-1697.48932304778,"WhiteTroatedCaracara",20
1771,1,3.45715093612671,0,9.30790996551514,36.5487976074219,45.2346649169922,0.0585901215672493,0.0329289026558399,4.36899995803833,8.75995445251465,41.1783256530762,719.514770507812,0.252907007932663,21.1859836578369,-803.23955761392,-1697.48932304778,"WhiteTroatedCaracara",20
1772,1,4.98919773101807,0,10.4910411834717,44.1780395507812,47.8205986022949,0.125230312347412,0.0300044938921928,3.6830632686615,7.35878944396973,40.9511909484863,589.318237304688,-0.0875903964042664,28.1190509796143,-783.23955761392,-1697.48932304778,"WhiteTroatedCaracara",20
1773,1,3.24366545677185,0,11.0879192352295,50.1909408569336,49.3308372497559,0.667612791061401,0.420300871133804,2.2002329826355,5.18414878845215,41.9527206420898,545.540588378906,-0.138143241405487,33.5473709106445,-763.23955761392,-1697.48932304778,"WhiteTroatedCaracara",20
1774,0,3.48229098320007,0,9.62185287475586,40.6806831359863,40.9506645202637,0.969425022602081,0.150370448827744,4.7849588394165,10.580587387085,41.150562286377,781.824584960938,1.05463933944702,50.070369720459,-743.23955761392,-1697.48932304778,"WhiteTroatedCaracara",20
1775,0,3.3917064666748,0,10.3350667953491,36.7375373840332,34.3372192382812,0.335985213518143,0.0723913460969925,7.18404388427734,9.56900501251221,47.846809387207,659.345764160156,0.0127824675291777,50.4158973693848,-723.23955761392,-1697.48932304778,"WhiteTroatedCaracara",20
1776,0,5.0969877243042,0,11.6818208694458,36.4442291259766,39.2774887084961,1.9062385559082,0.109229445457458,4.32874774932861,8.04755783081055,44.0516700744629,370.670593261719,-0.237570524215698,28.0385913848877,-703.23955761392,-1697.48932304778,"WhiteTroatedCaracara",20
1777,0,5.64665460586548,0,11.8178291320801,34.9534797668457,36.5975379943848,1.17801892757416,0.0431330390274525,5.88414478302002,5.69497108459473,50.1473541259766,289.296936035156,0.0669546499848366,9.90949249267578,-683.23955761392,-1697.48932304778,"WhiteTroatedCaracara",20
1778,0,3.52720904350281,0,11.7736616134644,35.2277717590332,22.2851886749268,1.45042049884796,0,10.8169469833374,7.39620494842529,57.4883270263672,255.097457885742,-0.00794060621410608,5.43277597427368,-663.23955761392,-1697.48932304778,"WhiteTroatedCaracara",20
1779,0,6.40370082855225,0,11.8057174682617,36.7581748962402,39.1547393798828,0.0558287277817726,0,5.48766374588013,6.94468641281128,48.0847930908203,197.591094970703,-0.400734901428223,11.1962003707886,-643.23955761392,-1697.48932304778,"WhiteTroatedCaracara",20
1780,0,9.45146179199219,0,11.4826736450195,37.1636581420898,23.404016494751,0,0.0296868346631527,9.63051128387451,6.88104295730591,59.1803245544434,221.380081176758,-0.0540747828781605,6.68882322311401,-623.23955761392,-1697.48932304778,"WhiteTroatedCaracara",20
1781,0,7.37469053268433,0,11.2337923049927,38.0752067565918,19.7528648376465,0,0.078911654651165,11.5148077011108,6.816734790802,61.7134246826172,233.239532470703,0.0918323993682861,6.91176128387451,-603.23955761392,-1697.48932304778,"WhiteTroatedCaracara",20
1782,1,4.02858781814575,0,11.0842542648315,38.6974868774414,26.1646728515625,0.0335581339895725,0.0346826985478401,9.81527328491211,9.78920364379883,53.208610534668,220.194458007812,0.136492609977722,8.32401657104492,-583.23955761392,-1697.48932304778,"WhiteTroatedCaracara",20
1783,0,4.62898778915405,0,10.8255081176758,38.2667236328125,28.2885189056396,0.00128334609325975,0.00344263296574354,9.38126850128174,7.61061477661133,53.6355514526367,226.913497924805,0.0588103272020817,4.15588712692261,-563.23955761392,-1697.48932304778,"WhiteTroatedCaracara",20
1784,0,3.16087102890015,0,11.0991106033325,38.1279335021973,33.2313461303711,0,0.0753016620874405,7.41876792907715,7.99252271652222,49.3253364562988,125.223495483398,0.344691872596741,12.9438142776489,-543.23955761392,-1697.48932304778,"WhiteTroatedCaracara",20
1785,0,7.44981098175049,0,10.5872650146484,38.8770065307617,30.8901348114014,0,0.0083136223256588,7.73155832290649,4.45925903320312,56.4416580200195,149.34049987793,0.0737076327204704,7.37136316299438,-523.23955761392,-1697.48932304778,"WhiteTroatedCaracara",20
1786,0,2.5927882194519,0,10.4987821578979,37.5334167480469,38.0116806030273,0.167027935385704,0,4.7423415184021,3.97023820877075,49.2899284362793,111.697059631348,-0.346323490142822,7.86187076568604,-503.23955761392,-1697.48932304778,"WhiteTroatedCaracara",20
1787,0,2.36527299880981,0,10.2719287872314,34.8163146972656,39.1405563354492,0,0,5.9839882850647,3.77311301231384,50.5169944763184,107.912773132324,0.0694201067090034,7.91302442550659,-483.23955761392,-1697.48932304778,"WhiteTroatedCaracara",20
1788,0,1.9995710849762,0,10.3137083053589,32.6471176147461,31.0423851013184,0.0473159216344357,0.0686272531747818,7.56087875366211,11.588547706604,44.9923515319824,41.9194946289062,0.00597105827182531,7.72499418258667,-463.23955761392,-1697.48932304778,"WhiteTroatedCaracara",20
1789,1,214.364883422852,0,7.76353979110718,516.930358886719,0.121601156890392,2.10221862792969,0.780197858810425,18.899959564209,2.07368946075439,3.18304085731506,137.600372314453,0.913449704647064,37.0862998962402,-1243.23955761392,-1717.48932304778,"WhiteTroatedCaracara",20
1790,0,200.986801147461,0,7.58574771881104,533.567077636719,0.0326938815414906,1.81820213794708,2.00111675262451,37.3077697753906,3.09332323074341,6.29285430908203,203.021377563477,-1.79533863067627,58.5548515319824,-1223.23955761392,-1717.48932304778,"WhiteTroatedCaracara",20
1791,0,183.219207763672,0,8.0738582611084,544.866577148438,0,4.07393264770508,0.10186480730772,23.5168972015381,0.278087854385376,2.65206146240234,193.339279174805,-0.0871884599328041,0.931562840938568,-1203.23955761392,-1717.48932304778,"WhiteTroatedCaracara",20
1792,0,183.219207763672,0,8.0738582611084,544.866577148438,0,4.07393264770508,0.10186480730772,23.5168972015381,0.278087854385376,2.65206146240234,193.339279174805,-0.0871884599328041,0.931562840938568,-1183.23955761392,-1717.48932304778,"WhiteTroatedCaracara",20
1793,0,144.022201538086,0,8.46659851074219,616.808898925781,0.331814646720886,0.178289279341698,1.63328611850739,36.9841041564941,1.96395170688629,12.1296663284302,81.1639175415039,-0.850182354450226,40.1906814575195,-1163.23955761392,-1717.48932304778,"WhiteTroatedCaracara",20
1794,0,144.022201538086,0,8.46659851074219,616.808898925781,0.331814646720886,0.178289279341698,1.63328611850739,36.9841041564941,1.96395170688629,12.1296663284302,81.1639175415039,-0.850182354450226,40.1906814575195,-1143.23955761392,-1717.48932304778,"WhiteTroatedCaracara",20
1795,0,105.464218139648,0,8.90870189666748,593.684265136719,1.51600170135498,2.16098642349243,8.08012866973877,21.990348815918,15.3566608428955,10.9826784133911,5.35978364944458,-0.133849665522575,1.74950540065765,-1123.23955761392,-1717.48932304778,"WhiteTroatedCaracara",20
1796,0,87.0371017456055,0,7.10147571563721,540.751281738281,1.84898340702057,2.79435420036316,4.44377756118774,22.9667778015137,12.8656167984009,4.7853832244873,305.038391113281,-1.19250094890594,72.3402862548828,-1103.23955761392,-1717.48932304778,"WhiteTroatedCaracara",20
1797,0,68.1512298583984,0,3.13051652908325,426.173034667969,1.39234066009521,3.2986273765564,1.412837266922,2.71663618087769,9.26688575744629,1.13898813724518,1018.33489990234,-1.36035406589508,62.3329238891602,-1083.23955761392,-1717.48932304778,"WhiteTroatedCaracara",20
1798,0,49.3124465942383,0,0.243253022432327,334.917327880859,0.0766762495040894,4.10506963729858,0,0.00492193968966603,2.6712007522583,0,1587.58020019531,1.0469583272934,59.2661972045898,-1063.23955761392,-1717.48932304778,"WhiteTroatedCaracara",20
1799,0,30.5552749633789,0,2.87058115005493,292.586761474609,4.94023132324219,12.7767705917358,1.30738544464111,10.3000402450562,16.9997386932373,6.60170841217041,1211.84167480469,-0.480236023664474,224.707626342773,-1043.23955761392,-1717.48932304778,"WhiteTroatedCaracara",20
1800,1,12.2310876846313,0,4.81034803390503,223.936981201172,6.00660371780396,4.88602447509766,3.78969049453735,19.2563419342041,13.9059228897095,11.0525321960449,900.224487304688,2.78215408325195,161.600967407227,-1023.23955761392,-1717.48932304778,"WhiteTroatedCaracara",20
1801,1,5.55918741226196,0,5.07540273666382,160.930572509766,5.04238653182983,2.95067143440247,12.0101919174194,29.0837707519531,16.1102275848389,11.3350238800049,881.147033691406,-0.00703894579783082,97.8234634399414,-1003.23955761392,-1717.48932304778,"WhiteTroatedCaracara",20
1802,0,12.4605569839478,0,4.18720388412476,124.650161743164,7.45446729660034,1.88800036907196,13.74720287323,25.0870132446289,15.9323825836182,14.9913606643677,1081.89672851562,0.710390448570251,115.220375061035,-983.23955761392,-1717.48932304778,"WhiteTroatedCaracara",20
1803,1,13.1495065689087,0,2.71812057495117,99.0108947753906,26.1405639648438,2.07993936538696,1.63714802265167,11.031533241272,18.7551898956299,29.2923755645752,1413.39990234375,0.996630191802979,184.583648681641,-963.23955761392,-1717.48932304778,"WhiteTroatedCaracara",20
1804,1,6.62515640258789,0,2.18069934844971,74.129035949707,40.7920722961426,2.12594413757324,0.182685375213623,7.3256630897522,14.7275772094727,30.5814456939697,1556.16931152344,1.83916890621185,134.097274780273,-943.23955761392,-1717.48932304778,"WhiteTroatedCaracara",20
1805,0,11.5526676177979,0,0.968374609947205,60.8424530029297,44.2771797180176,0.341666400432587,0,1.1882963180542,12.543342590332,36.7621917724609,1842.57421875,1.83003950119019,55.6791877746582,-923.23955761392,-1717.48932304778,"WhiteTroatedCaracara",20
1806,1,23.2955055236816,0,2.91135740280151,40.611930847168,48.2830200195312,0,0,2.17403841018677,8.87566375732422,39.0060539245605,1532.24291992188,0.00211235065944493,14.7511596679688,-903.23955761392,-1717.48932304778,"WhiteTroatedCaracara",20
1807,1,23.3315582275391,0,4.29433107376099,32.58251953125,52.35498046875,0.0359660685062408,0,0.490965306758881,2.66247630119324,43.4701805114746,1356.52136230469,0.145555138587952,17.9606971740723,-883.23955761392,-1717.48932304778,"WhiteTroatedCaracara",20
1808,1,9.8941707611084,0,6.70387125015259,29.4265422821045,43.3035736083984,0.25540030002594,0,4.56312799453735,9.9404468536377,41.0941505432129,990.183532714844,0.696807146072388,35.3389892578125,-863.23955761392,-1717.48932304778,"WhiteTroatedCaracara",20
1809,1,6.72624015808105,0,8.47886371612549,31.0384178161621,38.3091583251953,0.147465348243713,0,6.84864902496338,14.0920648574829,39.9803428649902,725.967102050781,1.15995979309082,38.3175888061523,-843.23955761392,-1717.48932304778,"WhiteTroatedCaracara",20
1810,1,20.596363067627,0,8.49694633483887,33.2033920288086,34.2048225402832,0.295091837644577,0.026959091424942,7.82695484161377,18.2596168518066,38.9914207458496,779.781982421875,-0.3842414021492,47.9474563598633,-823.23955761392,-1717.48932304778,"WhiteTroatedCaracara",20
1811,1,14.2495718002319,0,7.9875111579895,33.6435585021973,31.402156829834,0.0616419278085232,0.0407706052064896,7.51874399185181,20.1049709320068,39.9243049621582,924.413818359375,0.667547702789307,20.1102600097656,-803.23955761392,-1717.48932304778,"WhiteTroatedCaracara",20
1812,1,4.26309537887573,0,9.32126903533936,39.5210342407227,40.1172523498535,0.0551980473101139,0.0915204435586929,6.42125844955444,13.4587316513062,39.6171531677246,757.933471679688,0.238922029733658,19.8874969482422,-783.23955761392,-1717.48932304778,"WhiteTroatedCaracara",20
1813,0,3.04662775993347,0,9.98319244384766,42.8297500610352,49.4037704467773,0.0054655484855175,0.0261168703436852,2.03797888755798,6.65438318252563,41.2814788818359,684.451599121094,-0.0587679073214531,24.5805397033691,-763.23955761392,-1717.48932304778,"WhiteTroatedCaracara",20
1814,0,5.58453750610352,0,8.81059169769287,38.2481918334961,43.6306190490723,0.252817451953888,0.0245866756886244,4.13023281097412,10.2311687469482,41.324291229248,888.997009277344,0.925698697566986,37.7411231994629,-743.23955761392,-1717.48932304778,"WhiteTroatedCaracara",20
1815,0,12.4838705062866,0,9.1717004776001,36.6560287475586,43.4363708496094,0.0237772651016712,0.0556435659527779,4.48254823684692,9.81658172607422,40.8450469970703,828.993896484375,1.00360023975372,34.1664352416992,-723.23955761392,-1717.48932304778,"WhiteTroatedCaracara",20
1816,0,16.184907913208,0,10.5144805908203,37.4960327148438,40.4215698242188,0.442369103431702,0.0130097707733512,4.84378099441528,9.05681133270264,44.3153915405273,570.689819335938,-0.732651174068451,41.393627166748,-703.23955761392,-1717.48932304778,"WhiteTroatedCaracara",20
1817,0,9.92602252960205,0,11.3645162582397,37.6216011047363,44.6796264648438,0.804959833621979,0.0258846674114466,3.25077080726624,5.55033874511719,45.3518524169922,375.416534423828,-0.0779918879270554,28.8980808258057,-683.23955761392,-1717.48932304778,"WhiteTroatedCaracara",20
1818,0,3.46285176277161,0,11.8908653259277,38.7118072509766,47.9825782775879,0.376903772354126,0.0505188032984734,2.73099136352539,5.01250457763672,43.1943588256836,205.166198730469,-0.263732135295868,11.6412715911865,-663.23955761392,-1717.48932304778,"WhiteTroatedCaracara",20
1819,0,3.37060451507568,0,11.233470916748,36.7511177062988,45.1049346923828,0,0.0167349502444267,4.384361743927,8.59766483306885,41.6887741088867,301.453460693359,1.14590966701508,26.2757472991943,-643.23955761392,-1717.48932304778,"WhiteTroatedCaracara",20
1820,0,2.46576380729675,0,11.3964757919312,38.7438087463379,34.300724029541,0,0.18076004087925,7.53465843200684,10.631046295166,47.1965026855469,218.169219970703,0.37654185295105,10.7126607894897,-623.23955761392,-1717.48932304778,"WhiteTroatedCaracara",20
1821,0,2.61354494094849,0,11.3598022460938,39.8065567016602,32.1408081054688,0,0.0711482018232346,6.1339225769043,11.0711803436279,49.8607864379883,181.42626953125,-0.2208002358675,6.30754947662354,-603.23955761392,-1717.48932304778,"WhiteTroatedCaracara",20
1822,1,3.00037741661072,0,11.2917623519897,40.382495880127,35.366039276123,0.0872261300683022,0,4.60288763046265,11.8932590484619,47.5496635437012,146.293197631836,-0.238738238811493,7.28240156173706,-583.23955761392,-1717.48932304778,"WhiteTroatedCaracara",20
1823,1,2.02565717697144,0,10.9395780563354,40.0937652587891,36.6283531188965,0.00333574297837913,0.0313429832458496,7.40951251983643,10.4223117828369,45.0752487182617,171.308349609375,0.0392850711941719,5.49305534362793,-563.23955761392,-1717.48932304778,"WhiteTroatedCaracara",20
1824,0,6.09163999557495,0,10.7276544570923,39.674976348877,34.8211555480957,0,6.76297058816999e-05,7.3173999786377,8.01616764068604,49.6179428100586,170.761199951172,0.0928088203072548,6.95635795593262,-543.23955761392,-1717.48932304778,"WhiteTroatedCaracara",20
1825,0,7.44981098175049,0,10.5872650146484,38.8770065307617,30.8901348114014,0,0.0083136223256588,7.73155832290649,4.45925903320312,56.4416580200195,149.34049987793,0.0737076327204704,7.37136316299438,-523.23955761392,-1717.48932304778,"WhiteTroatedCaracara",20
1826,0,2.5927882194519,0,10.4987821578979,37.5334167480469,38.0116806030273,0.167027935385704,0,4.7423415184021,3.97023820877075,49.2899284362793,111.697059631348,-0.346323490142822,7.86187076568604,-503.23955761392,-1717.48932304778,"WhiteTroatedCaracara",20
1827,0,2.36527299880981,0,10.2719287872314,34.8163146972656,39.1405563354492,0,0,5.9839882850647,3.77311301231384,50.5169944763184,107.912773132324,0.0694201067090034,7.91302442550659,-483.23955761392,-1717.48932304778,"WhiteTroatedCaracara",20
1828,1,1.9995710849762,0,10.3137083053589,32.6471176147461,31.0423851013184,0.0473159216344357,0.0686272531747818,7.56087875366211,11.588547706604,44.9923515319824,41.9194946289062,0.00597105827182531,7.72499418258667,-463.23955761392,-1717.48932304778,"WhiteTroatedCaracara",20
1829,0,1.9995710849762,0,10.3137083053589,32.6471176147461,31.0423851013184,0.0473159216344357,0.0686272531747818,7.56087875366211,11.588547706604,44.9923515319824,41.9194946289062,0.00597105827182531,7.72499418258667,-443.23955761392,-1717.48932304778,"WhiteTroatedCaracara",20
1830,0,194.573348999023,0,7.1717963218689,583.393676757812,0,1.67601442337036,1.80833053588867,36.4882316589355,2.42935872077942,4.8858699798584,276.158172607422,1.9884979724884,67.4061431884766,-1243.23955761392,-1737.48932304778,"WhiteTroatedCaracara",20
1831,0,194.573348999023,0,7.1717963218689,583.393676757812,0,1.67601442337036,1.80833053588867,36.4882316589355,2.42935872077942,4.8858699798584,276.158172607422,1.9884979724884,67.4061431884766,-1223.23955761392,-1737.48932304778,"WhiteTroatedCaracara",20
1832,0,194.573348999023,0,7.1717963218689,583.393676757812,0,1.67601442337036,1.80833053588867,36.4882316589355,2.42935872077942,4.8858699798584,276.158172607422,1.9884979724884,67.4061431884766,-1203.23955761392,-1737.48932304778,"WhiteTroatedCaracara",20
1833,0,144.022201538086,0,8.46659851074219,616.808898925781,0.331814646720886,0.178289279341698,1.63328611850739,36.9841041564941,1.96395170688629,12.1296663284302,81.1639175415039,-0.850182354450226,40.1906814575195,-1163.23955761392,-1737.48932304778,"WhiteTroatedCaracara",20
1834,0,144.022201538086,0,8.46659851074219,616.808898925781,0.331814646720886,0.178289279341698,1.63328611850739,36.9841041564941,1.96395170688629,12.1296663284302,81.1639175415039,-0.850182354450226,40.1906814575195,-1143.23955761392,-1737.48932304778,"WhiteTroatedCaracara",20
1835,0,85.0484237670898,0,7.18436861038208,559.001770019531,0.770100355148315,0.664453983306885,3.71215915679932,31.4000492095947,19.7559604644775,9.51864147186279,279.203277587891,-3.29104518890381,117.083457946777,-1123.23955761392,-1737.48932304778,"WhiteTroatedCaracara",20
1836,0,85.0484237670898,0,7.18436861038208,559.001770019531,0.770100355148315,0.664453983306885,3.71215915679932,31.4000492095947,19.7559604644775,9.51864147186279,279.203277587891,-3.29104518890381,117.083457946777,-1103.23955761392,-1737.48932304778,"WhiteTroatedCaracara",20
1837,0,66.9118118286133,0,2.76179695129395,429.186492919922,1.44634604454041,0.344064444303513,0.935315787792206,3.16602468490601,8.30563259124756,1.1760538816452,1089.19921875,4.35004186630249,126.55004119873,-1083.23955761392,-1737.48932304778,"WhiteTroatedCaracara",20
1838,0,48.2670707702637,0,0.882544696331024,329.411163330078,0.960108876228333,0.143983632326126,0.0572045929729939,0.560962796211243,2.05222463607788,0.377978503704071,1482.63208007812,0.162864714860916,90.7653656005859,-1063.23955761392,-1737.48932304778,"WhiteTroatedCaracara",20
1839,0,29.7096042633057,0,4.57753610610962,283.725463867188,5.20652294158936,1.69923746585846,4.78994464874268,17.7621154785156,25.0592594146729,10.0075988769531,897.32666015625,3.0885283946991,197.814880371094,-1043.23955761392,-1737.48932304778,"WhiteTroatedCaracara",20
1840,1,11.8268280029297,0,4.94288158416748,214.384643554688,6.60558557510376,3.70231580734253,7.19700860977173,22.8063793182373,19.9122829437256,12.7169065475464,868.015075683594,-1.68267178535461,178.517135620117,-1023.23955761392,-1737.48932304778,"WhiteTroatedCaracara",20
1841,1,3.81694936752319,0,5.96757507324219,156.022232055664,7.18302011489868,4.92410564422607,8.73635578155518,29.4219570159912,18.959077835083,16.3060760498047,725.824401855469,1.09506523609161,114.464775085449,-1003.23955761392,-1737.48932304778,"WhiteTroatedCaracara",20
1842,1,4.29804754257202,0,6.49233675003052,110.796203613281,7.9699912071228,3.75624322891235,7.56921243667603,28.5310077667236,17.5081081390381,17.3092784881592,654.996398925781,0.663583219051361,101.08814239502,-983.23955761392,-1737.48932304778,"WhiteTroatedCaracara",20
1843,1,3.38128733634949,0,6.8773832321167,79.8559112548828,8.27099418640137,2.20373582839966,3.32780361175537,18.3911323547363,14.5066623687744,24.1503429412842,601.005310058594,-6.09784126281738,123.885055541992,-963.23955761392,-1737.48932304778,"WhiteTroatedCaracara",20
1844,1,3.23349595069885,0,5.21358394622803,58.4558486938477,23.6367473602295,3.10384106636047,0.646574199199677,15.9214267730713,16.5068874359131,32.6244697570801,991.753784179688,2.12827658653259,112.725433349609,-943.23955761392,-1737.48932304778,"WhiteTroatedCaracara",20
1845,1,4.74930572509766,0,5.03611660003662,44.830982208252,34.8180313110352,1.41951167583466,0.00287615833804011,6.93962287902832,17.3539295196533,33.1752510070801,1097.94165039062,-0.341789603233337,66.6649322509766,-923.23955761392,-1737.48932304778,"WhiteTroatedCaracara",20
1846,1,6.07241487503052,0,5.24671792984009,34.4988403320312,35.9084777832031,0.154118970036507,0,6.06108903884888,18.8212242126465,34.9658126831055,1109.34436035156,0.338085263967514,38.5339736938477,-903.23955761392,-1737.48932304778,"WhiteTroatedCaracara",20
1847,1,6.94576549530029,0,6.19158506393433,29.4472255706787,38.8698425292969,0.261957228183746,0,7.40175008773804,13.014669418335,40.1459007263184,996.669189453125,-0.0435337796807289,26.8095607757568,-883.23955761392,-1737.48932304778,"WhiteTroatedCaracara",20
1848,1,4.29758501052856,0,7.96280384063721,28.0278377532959,41.6879386901855,0.578686594963074,0.012479929253459,6.14638423919678,11.7004232406616,38.99853515625,736.48876953125,-0.666946947574615,30.2506294250488,-863.23955761392,-1737.48932304778,"WhiteTroatedCaracara",20
1849,1,13.9258098602295,0,8.5347146987915,30.322208404541,45.1520156860352,0.111247703433037,0.0629573315382004,3.64589142799377,8.69845771789551,41.1920318603516,700.07177734375,-0.602579474449158,38.3247756958008,-843.23955761392,-1737.48932304778,"WhiteTroatedCaracara",20
1850,1,20.8999671936035,0,8.36680316925049,32.1206665039062,40.5826072692871,0.133800268173218,0.0461482964456081,6.64312744140625,15.8754472732544,36.5764274597168,784.638122558594,-0.0851869955658913,40.7981719970703,-823.23955761392,-1737.48932304778,"WhiteTroatedCaracara",20
1851,1,11.0567111968994,0,7.81479692459106,33.5402565002441,32.6731414794922,0,0,8.40614032745361,19.2494659423828,39.5195732116699,939.662536621094,0.193610414862633,25.5990447998047,-803.23955761392,-1737.48932304778,"WhiteTroatedCaracara",20
1852,1,5.81584072113037,0,9.03646564483643,38.182014465332,38.6295547485352,0.265725672245026,0.0516931898891926,6.23904514312744,16.5225944519043,37.6427612304688,781.837341308594,-0.647347271442413,25.0056381225586,-783.23955761392,-1737.48932304778,"WhiteTroatedCaracara",20
1853,0,3.97726655006409,0,9.60459327697754,40.7592887878418,42.2637138366699,0.359352707862854,0.0305352192372084,5.38849258422852,11.5532531738281,39.1770401000977,711.735412597656,-0.258417993783951,18.9169330596924,-763.23955761392,-1737.48932304778,"WhiteTroatedCaracara",20
1854,0,7.35251379013062,0,9.30909156799316,39.9218978881836,43.9820747375488,0.305420905351639,0.091526597738266,3.65108847618103,14.9444894790649,36.6389846801758,775.621337890625,0.402159512042999,23.9643669128418,-743.23955761392,-1737.48932304778,"WhiteTroatedCaracara",20
1855,0,23.4396839141846,0,8.9814510345459,38.7945137023926,44.6689643859863,0.129969209432602,0.0205830484628677,3.7880277633667,13.0758724212646,37.3445854187012,823.865295410156,-1.76282274723053,36.6049919128418,-723.23955761392,-1737.48932304778,"WhiteTroatedCaracara",20
1856,0,25.5418281555176,0,8.75813388824463,35.6158981323242,37.5507011413574,0.426192671060562,0.00899749062955379,6.87541818618774,13.6513671875,40.7503662109375,850.232543945312,0.711514592170715,50.5913047790527,-703.23955761392,-1737.48932304778,"WhiteTroatedCaracara",20
1857,0,8.59006595611572,0,10.9400043487549,39.7889633178711,37.9498519897461,0.979346632957458,0.056883379817009,5.75799703598022,5.88077545166016,48.6494369506836,436.475067138672,0.532475590705872,32.6781692504883,-683.23955761392,-1737.48932304778,"WhiteTroatedCaracara",20
1858,1,3.78032779693604,0,11.4252614974976,40.8405914306641,47.2333679199219,1.31124520301819,0.103794224560261,2.27074003219604,5.61906147003174,43.0549697875977,287.570037841797,-0.188283398747444,23.0659866333008,-663.23955761392,-1737.48932304778,"WhiteTroatedCaracara",20
1859,0,6.79603576660156,0,10.9535884857178,38.3938827514648,42.4977836608887,0.0665080547332764,0.281074285507202,5.00836706161499,8.1186351776123,43.4523506164551,337.168914794922,-0.890176892280579,28.518274307251,-643.23955761392,-1737.48932304778,"WhiteTroatedCaracara",20
1860,0,12.9011030197144,0,11.169849395752,40.2939987182617,39.8108139038086,0,0.0808713659644127,5.65240001678467,7.72496318817139,46.5024909973145,254.397491455078,-0.0545660853385925,18.7470970153809,-623.23955761392,-1737.48932304778,"WhiteTroatedCaracara",20
1861,0,5.15282440185547,0,11.1821918487549,40.8215293884277,34.8630790710449,0,0.0423960015177727,7.76666259765625,10.5666618347168,46.2359771728516,202.43147277832,-0.0245230849832296,7.59110307693481,-603.23955761392,-1737.48932304778,"WhiteTroatedCaracara",20
1862,1,4.13990545272827,0,11.0212755203247,40.7468757629395,32.1284637451172,0,0,9.59649753570557,16.149564743042,42.128475189209,180.798889160156,0.0301138274371624,1.48351395130157,-583.23955761392,-1737.48932304778,"WhiteTroatedCaracara",20
1863,0,5.68423318862915,0,10.9765863418579,41.4465980529785,37.9671974182129,0,0,7.28323936462402,11.9710178375244,42.8035736083984,138.721374511719,-0.068739540874958,7.26713418960571,-563.23955761392,-1737.48932304778,"WhiteTroatedCaracara",20
1864,0,5.18457937240601,0,10.6033906936646,41.2618637084961,37.4269523620605,0,0,7.4716944694519,12.7286043167114,42.2833786010742,163.062164306641,-0.0240670666098595,6.66850137710571,-543.23955761392,-1737.48932304778,"WhiteTroatedCaracara",20
1865,0,6.29067134857178,0,10.4340534210205,41.4585723876953,28.0294818878174,0,0.0629323869943619,10.2583532333374,14.8673133850098,46.7118148803711,148.868927001953,0.0696331486105919,1.18509483337402,-523.23955761392,-1737.48932304778,"WhiteTroatedCaracara",20
1866,0,8.01981067657471,0,10.2486381530762,40.875732421875,30.8611469268799,0,0,7.88812351226807,11.9952239990234,48.4693336486816,136.303619384766,0.00931526254862547,1.99356174468994,-503.23955761392,-1737.48932304778,"WhiteTroatedCaracara",20
1867,1,4.99095439910889,0,10.0995216369629,39.486141204834,43.3647613525391,0,0.0176192987710238,3.66755795478821,3.86812877655029,46.9132385253906,117.859573364258,0.0394537150859833,4.19122362136841,-483.23955761392,-1737.48932304778,"WhiteTroatedCaracara",20
1868,0,3.98747420310974,0,10.1533699035645,37.3479423522949,36.2437629699707,0,0.00410285079851747,6.44699096679688,4.14213562011719,51.2239952087402,64.1668014526367,0.097933441400528,8.65066814422607,-463.23955761392,-1737.48932304778,"WhiteTroatedCaracara",20
1869,0,3.98747420310974,0,10.1533699035645,37.3479423522949,36.2437629699707,0,0.00410285079851747,6.44699096679688,4.14213562011719,51.2239952087402,64.1668014526367,0.097933441400528,8.65066814422607,-443.23955761392,-1737.48932304778,"WhiteTroatedCaracara",20
1870,0,89.9347686767578,0,6.93470573425293,686.505065917969,2.05284643173218,1.28583288192749,4.448166847229,32.9443473815918,20.8403644561768,19.6654453277588,366.242614746094,-0.0670810788869858,165.038436889648,-1143.23955761392,-1757.48932304778,"WhiteTroatedCaracara",20
1871,0,89.9347686767578,0,6.93470573425293,686.505065917969,2.05284643173218,1.28583288192749,4.448166847229,32.9443473815918,20.8403644561768,19.6654453277588,366.242614746094,-0.0670810788869858,165.038436889648,-1123.23955761392,-1757.48932304778,"WhiteTroatedCaracara",20
1872,0,77.2802047729492,0,6.27883911132812,564.441650390625,0.932671248912811,1.06028580665588,4.23209047317505,20.0127086639404,32.3210372924805,7.6850643157959,461.920043945312,3.39272832870483,184.242950439453,-1103.23955761392,-1757.48932304778,"WhiteTroatedCaracara",20
1873,0,60.3743019104004,0,2.97377824783325,443.460968017578,1.32133913040161,0.0292152352631092,0.119102880358696,0.315737009048462,4.04626893997192,0.662656724452972,1036.12536621094,-2.24077558517456,92.653564453125,-1083.23955761392,-1757.48932304778,"WhiteTroatedCaracara",20
1874,0,44.5031547546387,0,0.17561100423336,342.446319580078,0.572022199630737,5.18924140930176,0.00104046508204192,0.161067798733711,2.6067054271698,0.0616638995707035,1624.81555175781,1.93859100341797,128.974136352539,-1063.23955761392,-1757.48932304778,"WhiteTroatedCaracara",20
1875,0,28.1351146697998,0,4.41170358657837,298.068206787109,5.31815004348755,3.97587299346924,3.48225498199463,10.9574203491211,21.9860248565674,4.92083263397217,913.738159179688,-1.61305594444275,191.987487792969,-1043.23955761392,-1757.48932304778,"WhiteTroatedCaracara",20
1876,1,11.8560829162598,0,5.83081197738647,217.032028198242,4.63685131072998,3.07243847846985,9.04035758972168,27.2280750274658,17.3993968963623,9.60618209838867,695.380004882812,-4.04847478866577,141.410140991211,-1023.23955761392,-1757.48932304778,"WhiteTroatedCaracara",20
1877,1,3.75080585479736,0,7.53665781021118,152.131988525391,2.06118988990784,5.68862771987915,13.0120315551758,32.0485191345215,15.4278554916382,11.315673828125,414.354736328125,-0.323579967021942,80.2878341674805,-1003.23955761392,-1757.48932304778,"WhiteTroatedCaracara",20
1878,1,3.82677221298218,0,5.63034725189209,118.570320129395,12.1779317855835,2.50255966186523,7.15836381912231,22.7768173217773,18.4716758728027,19.0200462341309,814.313293457031,-0.793681800365448,129.137283325195,-983.23955761392,-1757.48932304778,"WhiteTroatedCaracara",20
1879,1,2.81453514099121,0,5.02393627166748,88.1368942260742,16.2285861968994,2.12564897537231,4.17927742004395,17.7920265197754,20.7016448974609,23.1238460540771,961.283386230469,0.0249869748950005,140.715347290039,-963.23955761392,-1757.48932304778,"WhiteTroatedCaracara",20
1880,1,2.69598484039307,0,7.70925855636597,55.4661750793457,15.8562316894531,2.28731441497803,0.276917576789856,6.93539094924927,22.606725692749,16.8328170776367,493.682464599609,1.53591477870941,75.6801986694336,-943.23955761392,-1757.48932304778,"WhiteTroatedCaracara",20
1881,1,7.23831415176392,0,7.37459087371826,37.693229675293,35.1522483825684,0.673795461654663,0.187960848212242,6.06754016876221,23.4858665466309,31.575345993042,629.864074707031,1.54758727550507,67.7329788208008,-923.23955761392,-1757.48932304778,"WhiteTroatedCaracara",20
1882,1,9.97133159637451,0,8.83004951477051,31.7917079925537,35.3169784545898,0.471602112054825,0.404858708381653,4.47086763381958,11.7263784408569,35.4757957458496,412.211608886719,-0.921777069568634,42.3040657043457,-903.23955761392,-1757.48932304778,"WhiteTroatedCaracara",20
1883,1,10.1687669754028,0,8.78457260131836,27.3235969543457,52.3297386169434,0.113561168313026,0.0325798615813255,3.68179202079773,6.95501089096069,36.5404472351074,485.264923095703,-0.3045654296875,15.5915155410767,-883.23955761392,-1757.48932304778,"WhiteTroatedCaracara",20
1884,1,3.60434651374817,0,8.32575511932373,27.0498638153076,50.7260360717773,0.360814332962036,0.0950536727905273,4.34061908721924,6.49431037902832,37.5741081237793,639.006774902344,-0.0498648062348366,19.0437068939209,-863.23955761392,-1757.48932304778,"WhiteTroatedCaracara",20
1885,0,5.82395792007446,0,7.97738027572632,28.8212299346924,44.1106414794922,0.0363328568637371,0,4.8700385093689,11.7126178741455,39.252197265625,780.050048828125,0.389372944831848,13.9856052398682,-843.23955761392,-1757.48932304778,"WhiteTroatedCaracara",20
1886,0,4.98675107955933,0,8.20133972167969,31.6865100860596,42.6975135803223,0.0824780166149139,0.000726199999917299,5.21836376190186,12.8509893417358,38.6616096496582,797.159057617188,0.282472729682922,22.1851711273193,-823.23955761392,-1757.48932304778,"WhiteTroatedCaracara",20
1887,0,4.28498268127441,0,7.61786413192749,33.1375503540039,30.5380344390869,0.00746427103877068,0,9.01135921478271,25.1284370422363,35.3428726196289,948.398742675781,0.491382092237473,23.2837200164795,-803.23955761392,-1757.48932304778,"WhiteTroatedCaracara",20
1888,0,5.01458930969238,0,8.06915664672852,35.5049743652344,24.141149520874,0.00257647735998034,0,9.30782985687256,30.4306678771973,36.0808410644531,911.660888671875,0.360921621322632,21.3712768554688,-783.23955761392,-1757.48932304778,"WhiteTroatedCaracara",20
1889,0,3.25582909584045,0,8.91767120361328,39.288257598877,33.1115264892578,0.412899136543274,0,6.99905776977539,23.2642498016357,35.8336334228516,796.309448242188,0.32246345281601,21.7180633544922,-763.23955761392,-1757.48932304778,"WhiteTroatedCaracara",20
1890,0,11.3349657058716,0,9.25742149353027,40.7982215881348,35.4180564880371,0.579035043716431,0.0129880681633949,4.722092628479,30.4658699035645,28.0856323242188,743.720703125,-0.131019279360771,23.0967330932617,-743.23955761392,-1757.48932304778,"WhiteTroatedCaracara",20
1891,0,25.4387130737305,0,8.72458934783936,37.6575355529785,45.952507019043,0.225753650069237,0.00192892109043896,3.23803114891052,11.3449306488037,38.520133972168,830.142578125,0.931383728981018,25.3245868682861,-723.23955761392,-1757.48932304778,"WhiteTroatedCaracara",20
1892,0,20.0706882476807,0,9.2280216217041,37.8131980895996,39.6112327575684,0.592769861221313,0,6.2737398147583,13.8181610107422,39.4771690368652,739.4150390625,0.399757117033005,40.4282569885254,-703.23955761392,-1757.48932304778,"WhiteTroatedCaracara",20
1893,0,4.57532787322998,0,10.4488964080811,39.9051322937012,41.284782409668,0.19220058619976,0.0261299163103104,4.62585830688477,10.5373373031616,42.6013259887695,493.952453613281,-0.405001252889633,22.6669979095459,-683.23955761392,-1757.48932304778,"WhiteTroatedCaracara",20
1894,0,6.5211615562439,0,11.0624713897705,41.0778388977051,43.3564567565918,0.407841145992279,0.154180198907852,3.0679771900177,8.98668479919434,43.7963676452637,335.772918701172,-0.147629633545876,11.67262840271,-663.23955761392,-1757.48932304778,"WhiteTroatedCaracara",20
1895,0,14.9836654663086,0,10.9879512786865,40.6019973754883,43.7358589172363,0.102924294769764,0.203428611159325,3.64072322845459,5.98261880874634,45.3139724731445,316.434997558594,-0.563893616199493,23.4375553131104,-643.23955761392,-1757.48932304778,"WhiteTroatedCaracara",20
1896,1,11.1584281921387,0,11.4210710525513,41.7498817443848,44.3084106445312,0.000633511983323842,0.270284295082092,3.59059858322144,7.27186441421509,44.3628234863281,185.373519897461,-0.461365669965744,24.0277042388916,-623.23955761392,-1757.48932304778,"WhiteTroatedCaracara",20
1897,0,4.44850063323975,0,11.2514820098877,42.6894607543945,41.4833106994629,0.029554694890976,0.121461480855942,4.74542427062988,9.64680290222168,43.1520881652832,159.426971435547,0.131284639239311,12.35631275177,-603.23955761392,-1757.48932304778,"WhiteTroatedCaracara",20
1898,1,7.33852386474609,0,10.9840841293335,42.7362403869629,38.6213722229004,0,0.102800004184246,6.01879596710205,12.0482749938965,42.237133026123,160.282089233398,-0.178421765565872,7.45358896255493,-583.23955761392,-1757.48932304778,"WhiteTroatedCaracara",20
1899,0,4.34977006912231,0,10.8337135314941,42.5840530395508,36.1029167175293,0.0163735449314117,0.0401126258075237,7.32707071304321,14.6987638473511,41.2396965026855,141.558197021484,-0.0498267114162445,7.63367891311646,-563.23955761392,-1757.48932304778,"WhiteTroatedCaracara",20
1900,0,5.2370138168335,0,10.5461416244507,43.1314125061035,37.030330657959,0.0582167990505695,0.0390570946037769,6.57649946212769,12.3292922973633,43.2158851623535,152.501815795898,0.0180787108838558,9.54652690887451,-543.23955761392,-1757.48932304778,"WhiteTroatedCaracara",20
1901,0,3.50216007232666,0,10.3638372421265,44.0549812316895,35.0592613220215,0.00174519675783813,0.00259978976100683,6.98751163482666,11.9375162124634,43.4541664123535,136.891143798828,0.0313820950686932,8.63872337341309,-523.23955761392,-1757.48932304778,"WhiteTroatedCaracara",20
1902,0,5.4191746711731,0,10.1978492736816,44.5339012145996,31.2550239562988,0.0103945527225733,0.0768788382411003,8.64522838592529,12.7441892623901,46.7935905456543,121.586540222168,0.0167970303446054,5.30431604385376,-503.23955761392,-1757.48932304778,"WhiteTroatedCaracara",20
1903,1,3.14194774627686,0,10.0561800003052,44.4547691345215,38.1452560424805,0,5.72857206861954e-05,6.12145709991455,4.25805139541626,50.2799301147461,108.097610473633,0.234834939241409,4.24939727783203,-483.23955761392,-1757.48932304778,"WhiteTroatedCaracara",20
1904,1,3.18462133407593,0,10.0964031219482,43.9910278320312,43.5473976135254,0,0.215829908847809,2.70188212394714,6.78802633285522,41.8874855041504,58.5091400146484,-0.0158828403800726,7.73448276519775,-463.23955761392,-1757.48932304778,"WhiteTroatedCaracara",20
1905,0,3.18462133407593,0,10.0964031219482,43.9910278320312,43.5473976135254,0,0.215829908847809,2.70188212394714,6.78802633285522,41.8874855041504,58.5091400146484,-0.0158828403800726,7.73448276519775,-443.23955761392,-1757.48932304778,"WhiteTroatedCaracara",20
1906,0,89.9347686767578,0,6.93470573425293,686.505065917969,2.05284643173218,1.28583288192749,4.448166847229,32.9443473815918,20.8403644561768,19.6654453277588,366.242614746094,-0.0670810788869858,165.038436889648,-1143.23955761392,-1777.48932304778,"WhiteTroatedCaracara",20
1907,0,89.9347686767578,0,6.93470573425293,686.505065917969,2.05284643173218,1.28583288192749,4.448166847229,32.9443473815918,20.8403644561768,19.6654453277588,366.242614746094,-0.0670810788869858,165.038436889648,-1123.23955761392,-1777.48932304778,"WhiteTroatedCaracara",20
1908,0,71.0812530517578,0,5.68747663497925,587.089477539062,7.07994985580444,0.399403542280197,7.00497913360596,20.764684677124,29.051815032959,6.68112659454346,573.588134765625,0.935758054256439,217.635711669922,-1103.23955761392,-1777.48932304778,"WhiteTroatedCaracara",20
1909,0,52.381534576416,0,4.73361968994141,488.454132080078,4.96426010131836,1.01260185241699,2.03822255134583,5.80450773239136,12.6301679611206,4.73283910751343,715.119262695312,-1.23936176300049,128.479080200195,-1083.23955761392,-1777.48932304778,"WhiteTroatedCaracara",20
1910,0,34.0951614379883,0,2.7192211151123,388.501007080078,1.95040190219879,5.78815221786499,1.24910259246826,3.60785746574402,8.17391967773438,1.95384776592255,1137.95532226562,-4.13887643814087,181.53369140625,-1063.23955761392,-1777.48932304778,"WhiteTroatedCaracara",20
1911,0,17.1943988800049,0,4.10494709014893,317.063781738281,6.51009702682495,5.15337800979614,2.79218459129333,13.8704128265381,18.1165924072266,6.17555284500122,970.179260253906,-0.237381219863892,220.478485107422,-1043.23955761392,-1777.48932304778,"WhiteTroatedCaracara",20
1912,1,4.26415014266968,0,5.22585916519165,236.96240234375,5.56229877471924,3.67316675186157,6.57690143585205,27.2941226959229,16.3288421630859,10.217248916626,803.712524414062,1.81229960918427,189.460357666016,-1023.23955761392,-1777.48932304778,"WhiteTroatedCaracara",20
1913,0,7.17928457260132,0,5.15022039413452,168.889053344727,7.45085287094116,2.36048245429993,8.15703010559082,28.9393768310547,16.608283996582,14.6418581008911,863.335876464844,1.83346903324127,133.348937988281,-1003.23955761392,-1777.48932304778,"WhiteTroatedCaracara",20
1914,1,4.34767007827759,0,4.38793516159058,132.270767211914,9.79256439208984,3.49514436721802,6.92181921005249,20.673849105835,18.2138557434082,15.9939260482788,1029.48986816406,-1.06394457817078,160.648635864258,-983.23955761392,-1777.48932304778,"WhiteTroatedCaracara",20
1915,1,4.22533750534058,0,3.05827403068542,101.03971862793,23.133825302124,3.72869729995728,3.7895975112915,11.8106727600098,22.3366622924805,21.273473739624,1308.29431152344,1.3218731880188,170.889801025391,-963.23955761392,-1777.48932304778,"WhiteTroatedCaracara",20
1916,1,3.23381757736206,0,4.99105787277222,62.1839828491211,21.6778907775879,3.00374674797058,0.574743449687958,10.1566867828369,29.0472049713135,25.869197845459,1023.41339111328,-2.41757130622864,116.898231506348,-943.23955761392,-1777.48932304778,"WhiteTroatedCaracara",20
1917,1,3.84025931358337,0,8.68061923980713,44.7882652282715,35.4456787109375,0.442985445261002,0.166914075613022,6.59261608123779,18.6442432403564,29.6795539855957,368.400085449219,-4.73319816589355,58.5093765258789,-923.23955761392,-1777.48932304778,"WhiteTroatedCaracara",20
1918,1,4.71725511550903,0,8.42352294921875,33.9075241088867,43.8396148681641,0.334473580121994,0.0944977030158043,4.62722635269165,15.9669713973999,33.8819999694824,477.519012451172,-0.825003743171692,34.7067222595215,-903.23955761392,-1777.48932304778,"WhiteTroatedCaracara",20
1919,0,3.41263842582703,0,7.38907766342163,29.078914642334,45.9207954406738,0.0119279092177749,0.0199940763413906,6.42698287963867,9.92367553710938,37.3815689086914,738.159851074219,0.325854808092117,22.4836101531982,-883.23955761392,-1777.48932304778,"WhiteTroatedCaracara",20
1920,0,4.48287010192871,0,7.48240184783936,28.8277397155762,35.3175659179688,0.0666242465376854,0,7.61673450469971,20.9284782409668,34.9580078125,786.21435546875,-0.316956520080566,22.2154502868652,-863.23955761392,-1777.48932304778,"WhiteTroatedCaracara",20
1921,1,7.51404333114624,0,8.27645969390869,29.8055572509766,37.3989562988281,0.0934747532010078,0,7.18525838851929,18.3354682922363,35.6344375610352,695.977294921875,-0.182008132338524,17.8686599731445,-843.23955761392,-1777.48932304778,"WhiteTroatedCaracara",20
1922,0,4.59229469299316,0,8.80749893188477,32.6719589233398,38.5953178405762,0.0246150363236666,0.0616287179291248,5.83814239501953,13.767481803894,40.0866508483887,653.036071777344,-0.260687470436096,17.9916667938232,-823.23955761392,-1777.48932304778,"WhiteTroatedCaracara",20
1923,1,3.3236403465271,0,8.59291648864746,34.8257179260254,30.4081344604492,0.159213081002235,0.0940818637609482,9.53958892822266,18.7443447113037,40.740177154541,750.360107421875,0.21588546037674,20.1881313323975,-803.23955761392,-1777.48932304778,"WhiteTroatedCaracara",20
1924,0,8.5066442489624,0,8.34156513214111,36.4746780395508,29.8488693237305,0.124686546623707,0,8.59091281890869,20.2936573028564,40.7508277893066,830.360473632812,0.0173696782439947,19.7114601135254,-783.23955761392,-1777.48932304778,"WhiteTroatedCaracara",20
1925,0,3.37635731697083,0,8.67737770080566,38.1678886413574,30.1909809112549,0.0311397537589073,0,7.81650829315186,29.4742755889893,32.3257789611816,791.752746582031,-0.502468645572662,19.2042388916016,-763.23955761392,-1777.48932304778,"WhiteTroatedCaracara",20
1926,0,5.45721387863159,0,8.91124153137207,39.0299377441406,29.4754447937012,0.0491528734564781,0,7.44417762756348,36.8657035827637,25.847375869751,763.227478027344,0.312378287315369,14.2350158691406,-743.23955761392,-1777.48932304778,"WhiteTroatedCaracara",20
1927,0,17.7448215484619,0,8.85524940490723,38.3331871032715,49.3623428344727,0.611431181430817,0,1.06588101387024,6.90052080154419,41.5866394042969,766.254760742188,-0.424713134765625,13.7577419281006,-723.23955761392,-1777.48932304778,"WhiteTroatedCaracara",20
1928,0,14.2350540161133,0,8.9404764175415,37.8855819702148,44.1514930725098,0.668577969074249,0,3.79842853546143,10.2429790496826,40.8674507141113,751.071105957031,0.464610308408737,32.0222511291504,-703.23955761392,-1777.48932304778,"WhiteTroatedCaracara",20
1929,0,3.86020541191101,0,10.0377607345581,40.2219047546387,43.2028312683105,0.778933644294739,0.0514741577208042,4.10962104797363,9.12659168243408,42.3315696716309,538.981323242188,0.213082388043404,27.8180103302002,-683.23955761392,-1777.48932304778,"WhiteTroatedCaracara",20
1930,0,2.65535569190979,0,10.8826026916504,42.2119560241699,38.7493553161621,0.856583535671234,0.256832629442215,5.48952054977417,10.895923614502,43.5128440856934,344.368835449219,-0.0298117287456989,18.254524230957,-663.23955761392,-1777.48932304778,"WhiteTroatedCaracara",20
1931,1,5.11964225769043,0,11.4932126998901,43.7393226623535,43.5484085083008,0.273461043834686,0.101720035076141,2.75282716751099,6.61008453369141,45.4675331115723,185.933731079102,0.255267381668091,12.2518720626831,-643.23955761392,-1777.48932304778,"WhiteTroatedCaracara",20
1932,0,3.27668499946594,0,11.5944528579712,42.0364151000977,52.2296600341797,0.0137399397790432,0.0363891012966633,1.04370355606079,3.00469040870667,43.0861015319824,99.3576812744141,0.147089496254921,14.3188877105713,-623.23955761392,-1777.48932304778,"WhiteTroatedCaracara",20
1933,1,3.03870630264282,0,11.1299543380737,43.1765251159668,41.7378273010254,0.146618470549583,0,5.31706285476685,9.36244773864746,42.4253082275391,152.099853515625,0.0770529434084892,9.90781021118164,-603.23955761392,-1777.48932304778,"WhiteTroatedCaracara",20
1934,0,3.11879324913025,0,10.8424301147461,44.4248580932617,38.4255332946777,0.0898231193423271,0.0853449329733849,4.5636739730835,11.8424606323242,43.6889114379883,164.740997314453,-0.00568955764174461,9.67351150512695,-583.23955761392,-1777.48932304778,"WhiteTroatedCaracara",20
1935,0,4.04456281661987,0,10.657488822937,45.265453338623,40.5879135131836,0.0502252951264381,0.0228258408606052,3.39645838737488,11.6026067733765,44.1080322265625,152.286071777344,0.000662256963551044,6.33238506317139,-563.23955761392,-1777.48932304778,"WhiteTroatedCaracara",20
1936,0,5.34802389144897,0,10.5211801528931,45.3914566040039,32.5090065002441,0.163232415914536,0.0860329642891884,5.89380645751953,13.1923046112061,45.9158172607422,134.062103271484,0.0113485381007195,8.81008434295654,-543.23955761392,-1777.48932304778,"WhiteTroatedCaracara",20
1937,1,3.18860864639282,0,10.3970499038696,46.3872261047363,31.4117450714111,0.09275883436203,0.0573444962501526,7.73329544067383,11.4252967834473,48.2425346374512,114.279151916504,-0.0703028216958046,12.965443611145,-523.23955761392,-1777.48932304778,"WhiteTroatedCaracara",20
1938,1,4.77620792388916,0,10.2706003189087,48.1365928649902,34.8148880004883,0.0843006744980812,0.0258503835648298,7.51122283935547,11.0234422683716,44.8298683166504,93.1477508544922,0.165207773447037,11.3632659912109,-503.23955761392,-1777.48932304778,"WhiteTroatedCaracara",20
1939,1,3.58054995536804,0,10.2282514572144,49.1003189086914,34.705249786377,0.0799925401806831,0.0304044019430876,5.28308916091919,7.41647338867188,42.5919456481934,52.7494430541992,-0.221286341547966,10.6593904495239,-483.23955761392,-1777.48932304778,"WhiteTroatedCaracara",20
1940,1,1.78653216362,0,10.0124559402466,49.0937576293945,34.1596221923828,0,0,5.92605352401733,5.37450981140137,40.6256256103516,48.8128356933594,0.15102531015873,5.98140954971313,-463.23955761392,-1777.48932304778,"WhiteTroatedCaracara",20
1941,0,107.209533691406,0,7.94163227081299,848.279052734375,0.256991297006607,0.40269547700882,3.98019051551819,31.6648826599121,5.0929160118103,10.3859481811523,95.8242492675781,0.435404509305954,41.7468376159668,-1163.23955761392,-1797.48932304778,"WhiteTroatedCaracara",20
1942,0,107.209533691406,0,7.94163227081299,848.279052734375,0.256991297006607,0.40269547700882,3.98019051551819,31.6648826599121,5.0929160118103,10.3859481811523,95.8242492675781,0.435404509305954,41.7468376159668,-1143.23955761392,-1797.48932304778,"WhiteTroatedCaracara",20
1943,0,89.5767364501953,0,7.22222423553467,740.023742675781,1.32423305511475,0.732276618480682,3.03932285308838,23.2089595794678,11.3126468658447,14.8326406478882,213.416229248047,-0.00431213527917862,105.503845214844,-1123.23955761392,-1797.48932304778,"WhiteTroatedCaracara",20
1944,0,70.7017135620117,0,6.17375135421753,622.324768066406,5.66255331039429,0.763740718364716,4.77113723754883,27.3246803283691,17.5560340881348,13.390811920166,442.120330810547,-3.00089836120605,173.094863891602,-1103.23955761392,-1797.48932304778,"WhiteTroatedCaracara",20
1945,0,52.070125579834,0,5.83143997192383,516.752746582031,7.87166357040405,1.56666338443756,4.88177156448364,17.2294158935547,22.7171401977539,7.70789766311646,529.255920410156,1.01858794689178,178.079605102539,-1083.23955761392,-1797.48932304778,"WhiteTroatedCaracara",20
1946,0,33.8967170715332,0,4.81425619125366,422.184265136719,4.97883319854736,1.11679649353027,5.78780460357666,16.4096832275391,22.1843929290771,5.71386480331421,762.644104003906,1.86011147499084,229.259918212891,-1063.23955761392,-1797.48932304778,"WhiteTroatedCaracara",20
1947,1,17.5842056274414,0,5.03797292709351,332.845764160156,4.19154357910156,2.32131004333496,5.37521076202393,26.3464832305908,17.3641109466553,6.02518653869629,802.58203125,0.982036054134369,201.838104248047,-1043.23955761392,-1797.48932304778,"WhiteTroatedCaracara",20
1948,1,9.27340507507324,0,6.34374189376831,255.890487670898,4.15593433380127,1.99189734458923,5.63158512115479,31.2807846069336,12.4592227935791,12.3793392181396,586.288208007812,-1.10322439670563,150.48014831543,-1023.23955761392,-1797.48932304778,"WhiteTroatedCaracara",20
1949,0,4.77820301055908,0,4.328697681427,196.832809448242,8.17885875701904,1.57400214672089,5.64875984191895,23.6020545959473,15.071231842041,12.4763422012329,977.430908203125,-1.15028607845306,164.209274291992,-1003.23955761392,-1797.48932304778,"WhiteTroatedCaracara",20
1950,1,9.32521152496338,0,2.62708497047424,155.612106323242,14.7292919158936,1.93914437294006,4.54819107055664,10.7788610458374,13.8740606307983,11.5622491836548,1332.59509277344,-1.51032686233521,167.18701171875,-983.23955761392,-1797.48932304778,"WhiteTroatedCaracara",20
1951,1,15.4171371459961,0,2.46554040908813,103.878578186035,31.0417709350586,1.69654941558838,0.744529843330383,5.96682262420654,22.9317207336426,22.8936309814453,1437.41809082031,1.24977254867554,163.551239013672,-963.23955761392,-1797.48932304778,"WhiteTroatedCaracara",20
1952,0,5.14851665496826,0,2.66851234436035,72.1688766479492,30.236478805542,0.941648244857788,0.0035462121013552,5.80375719070435,25.4000186920166,35.5266456604004,1470.07922363281,1.57551693916321,85.879508972168,-943.23955761392,-1797.48932304778,"WhiteTroatedCaracara",20
1953,0,10.2142295837402,0,2.03219652175903,60.3918685913086,33.0747451782227,1.12985670566559,0,7.51201152801514,16.9894390106201,38.6774978637695,1618.77990722656,3.24622225761414,69.3069534301758,-923.23955761392,-1797.48932304778,"WhiteTroatedCaracara",20
1954,1,4.60846614837646,0,5.33921575546265,38.7596664428711,32.426342010498,0.193775698542595,0.0299604963511229,10.7599325180054,17.2123279571533,35.0076026916504,1061.2548828125,-0.42918673157692,38.714958190918,-903.23955761392,-1797.48932304778,"WhiteTroatedCaracara",20
1955,1,13.6712923049927,0,6.42256021499634,32.9272499084473,36.1922721862793,0.315988838672638,0,6.94143199920654,23.359561920166,32.6918907165527,909.747497558594,-0.318857759237289,22.1633834838867,-883.23955761392,-1797.48932304778,"WhiteTroatedCaracara",20
1956,0,10.3076038360596,0,7.26781034469604,30.5654678344727,38.6083450317383,0.0754398182034492,0,6.70910549163818,18.4515266418457,36.0938377380371,810.595886230469,0.388560801744461,11.4993257522583,-863.23955761392,-1797.48932304778,"WhiteTroatedCaracara",20
1957,0,2.5998420715332,0,8.02918815612793,30.1628913879395,41.5864181518555,0,0,5.72631359100342,18.1692714691162,33.9294853210449,720.274963378906,0.00398287689313293,11.8752012252808,-843.23955761392,-1797.48932304778,"WhiteTroatedCaracara",20
1958,1,4.44912672042847,0,9.09853458404541,32.7895431518555,39.2251434326172,0.0647813454270363,0.00826539378613234,6.34276676177979,14.9836444854736,37.9277648925781,566.873901367188,0.00187970418483019,15.8386898040771,-823.23955761392,-1797.48932304778,"WhiteTroatedCaracara",20
1959,0,4.56474781036377,0,9.26772403717041,35.1748657226562,40.5945854187012,0.118961490690708,0.0579796694219112,6.20698070526123,14.6297302246094,37.7819862365723,576.558044433594,-0.37613844871521,18.4864082336426,-803.23955761392,-1797.48932304778,"WhiteTroatedCaracara",20
1960,0,4.29537487030029,0,8.37891387939453,36.0062065124512,39.1444206237793,0.0494720749557018,0,6.56852436065674,14.4536190032959,39.5464973449707,782.957702636719,0.190035134553909,23.4201736450195,-783.23955761392,-1797.48932304778,"WhiteTroatedCaracara",20
1961,0,3.48347902297974,0,8.16689300537109,36.6874351501465,38.4339447021484,0.239626497030258,0,6.2950644493103,15.5649394989014,39.0357246398926,844.918823242188,0.20287811756134,22.5629577636719,-763.23955761392,-1797.48932304778,"WhiteTroatedCaracara",20
1962,0,4.29457092285156,0,8.62844944000244,37.7300758361816,46.4771423339844,0,0,3.09934520721436,12.8610582351685,37.2010459899902,770.3515625,-0.198636934161186,14.1579141616821,-743.23955761392,-1797.48932304778,"WhiteTroatedCaracara",20
1963,0,4.85997295379639,0,8.65735149383545,38.8098640441895,40.9662475585938,0.0893013998866081,0,4.80026817321777,19.7731666564941,34.1156272888184,758.037963867188,0.156795233488083,14.7530546188354,-723.23955761392,-1797.48932304778,"WhiteTroatedCaracara",20
1964,0,4.66035985946655,0,9.31877136230469,40.0272521972656,40.4343566894531,0.304293930530548,0,5.35308933258057,16.3850364685059,37.2644157409668,641.298400878906,-0.424111276865005,39.9870414733887,-703.23955761392,-1797.48932304778,"WhiteTroatedCaracara",20
1965,0,4.59784364700317,0,10.607346534729,42.90771484375,42.6988410949707,2.3497154712677,0.0752047002315521,3.95940732955933,11.1302843093872,38.5673942565918,389.365539550781,-0.418688803911209,26.3855571746826,-683.23955761392,-1797.48932304778,"WhiteTroatedCaracara",20
1966,0,3.26328182220459,0,11.0666637420654,43.2423553466797,45.3908729553223,1.18895983695984,0.270255506038666,3.44056081771851,8.40063858032227,40.6138534545898,268.094818115234,0.00193149503320456,15.1572332382202,-663.23955761392,-1797.48932304778,"WhiteTroatedCaracara",20
1967,0,4.09015655517578,0,11.3180112838745,44.0218887329102,48.6384925842285,0.042534314095974,0,2.14369964599609,8.1240701675415,40.7261238098145,170.915878295898,-0.114852383732796,10.5075206756592,-643.23955761392,-1797.48932304778,"WhiteTroatedCaracara",20
1968,0,4.44899606704712,0,11.3843431472778,43.6321678161621,48.7865333557129,0.0580870918929577,0,3.43107199668884,7.04599857330322,40.0976409912109,108.410934448242,-0.20842382311821,8.51413345336914,-623.23955761392,-1797.48932304778,"WhiteTroatedCaracara",20
1969,0,6.50014734268188,0,11.0732307434082,44.4404067993164,46.994701385498,0.0259655378758907,0.0302147846668959,2.74595975875854,10.4678058624268,38.8522453308105,123.587036132812,-0.107783392071724,7.88941812515259,-603.23955761392,-1797.48932304778,"WhiteTroatedCaracara",20
1970,1,2.21165418624878,0,10.8315143585205,46.3959045410156,41.3591537475586,0.656230568885803,0.00483587756752968,3.28952026367188,11.7645273208618,40.1558036804199,134.844009399414,0.0650279819965363,8.60380554199219,-583.23955761392,-1797.48932304778,"WhiteTroatedCaracara",20
1971,0,4.55029296875,0,10.5504684448242,46.7360572814941,35.3154602050781,0.0192526858299971,0,5.96104001998901,11.4582386016846,46.4318885803223,144.758605957031,0.0321546718478203,7.04611492156982,-563.23955761392,-1797.48932304778,"WhiteTroatedCaracara",20
1972,0,4.21089792251587,0,10.4138851165771,47.4604835510254,38.0696792602539,0.0237959250807762,0.110257878899574,4.8609504699707,10.6836566925049,45.1117973327637,127.204109191895,-0.0887893885374069,7.96505117416382,-543.23955761392,-1797.48932304778,"WhiteTroatedCaracara",20
1973,0,3.38166904449463,0,10.1734704971313,47.8330764770508,24.6679134368896,0,0.013316934928298,9.91365051269531,11.5535020828247,51.8586883544922,138.471237182617,0.0908027440309525,7.14045143127441,-523.23955761392,-1797.48932304778,"WhiteTroatedCaracara",20
1974,1,3.84103751182556,0,10.2197122573853,49.5362663269043,34.3912696838379,0.357762813568115,0.0379731729626656,7.63251113891602,9.86174392700195,45.2490463256836,88.182861328125,-0.00316255353391171,9.8426685333252,-503.23955761392,-1797.48932304778,"WhiteTroatedCaracara",20
1975,1,6.10827255249023,0,10.1391754150391,51.2105674743652,40.0041198730469,0.0739240795373917,0.0596643388271332,5.27719449996948,9.4465274810791,42.6621246337891,51.6549911499023,-0.0747634097933769,8.40772914886475,-483.23955761392,-1797.48932304778,"WhiteTroatedCaracara",20
1976,1,1.78653216362,0,10.0124559402466,49.0937576293945,34.1596221923828,0,0,5.92605352401733,5.37450981140137,40.6256256103516,48.8128356933594,0.15102531015873,5.98140954971313,-463.23955761392,-1797.48932304778,"WhiteTroatedCaracara",20
1977,0,1.78653216362,0,10.0124559402466,49.0937576293945,34.1596221923828,0,0,5.92605352401733,5.37450981140137,40.6256256103516,48.8128356933594,0.15102531015873,5.98140954971313,-443.23955761392,-1797.48932304778,"WhiteTroatedCaracara",20
1978,0,148.846420288086,0,8.2524585723877,1067.626953125,0.195754125714302,0.431207478046417,1.64452648162842,35.4331283569336,3.92554640769958,14.7195568084717,33.6450347900391,0.0590492151677608,11.2162752151489,-1203.23955761392,-1817.48932304778,"WhiteTroatedCaracara",20
1979,0,148.846420288086,0,8.2524585723877,1067.626953125,0.195754125714302,0.431207478046417,1.64452648162842,35.4331283569336,3.92554640769958,14.7195568084717,33.6450347900391,0.0590492151677608,11.2162752151489,-1183.23955761392,-1817.48932304778,"WhiteTroatedCaracara",20
1980,0,139.603942871094,0,7.77739858627319,1073.94897460938,0,0.135301470756531,2.52989387512207,40.1831932067871,7.84249353408813,16.8905906677246,104.019714355469,0.00378192216157913,27.2737102508545,-1163.23955761392,-1817.48932304778,"WhiteTroatedCaracara",20
1981,0,111.403427124023,0,7.519118309021,889.373413085938,0.328171968460083,1.30042314529419,1.55348575115204,32.1377983093262,2.92400622367859,11.7471475601196,131.5654296875,-0.165331125259399,65.3132247924805,-1143.23955761392,-1817.48932304778,"WhiteTroatedCaracara",20
1982,0,93.6729507446289,0,7.1204195022583,770.501770019531,1.03666591644287,1.46767818927765,3.06139326095581,29.6084270477295,15.0779132843018,15.6302261352539,250.403350830078,2.14259839057922,108.345016479492,-1123.23955761392,-1817.48932304778,"WhiteTroatedCaracara",20
1983,0,76.3088150024414,0,6.76262140274048,656.268371582031,3.28520202636719,2.33073329925537,2.61677145957947,24.9172611236572,17.585241317749,17.0109100341797,370.240020751953,1.7515105009079,149.126663208008,-1103.23955761392,-1817.48932304778,"WhiteTroatedCaracara",20
1984,0,59.5962371826172,0,6.33976888656616,546.114990234375,3.53225779533386,1.73655867576599,3.49093055725098,17.9608669281006,18.7480068206787,10.0700855255127,410.850891113281,0.594176232814789,125.449768066406,-1083.23955761392,-1817.48932304778,"WhiteTroatedCaracara",20
1985,1,44.7660140991211,0,6.98905229568481,450.084350585938,2.66018962860107,1.56466901302338,4.20051527023315,24.1693286895752,12.2346267700195,10.483057975769,343.692535400391,-2.92724394798279,144.256057739258,-1063.23955761392,-1817.48932304778,"WhiteTroatedCaracara",20
1986,0,33.4890060424805,0,5.20853185653687,351.561096191406,5.26884508132935,1.88959169387817,5.86852550506592,24.9394817352295,19.4729347229004,8.68251609802246,755.647827148438,2.07463550567627,194.359954833984,-1043.23955761392,-1817.48932304778,"WhiteTroatedCaracara",20
1987,0,20.681827545166,0,4.31025505065918,270.664154052734,7.47468042373657,1.88868486881256,5.64901399612427,16.9785270690918,22.7749137878418,11.1796197891235,950.731872558594,0.204882323741913,162.949905395508,-1023.23955761392,-1817.48932304778,"WhiteTroatedCaracara",20
1988,0,12.2857961654663,0,3.82621240615845,210.252471923828,8.52127361297607,1.82241368293762,5.40857219696045,17.5812873840332,17.1212425231934,10.6059694290161,1061.10864257812,-1.99437057971954,184.446563720703,-1003.23955761392,-1817.48932304778,"WhiteTroatedCaracara",20
1989,0,6.27995681762695,0,3.48091840744019,151.448715209961,12.8799104690552,1.24130630493164,6.72352838516235,18.3091239929199,15.2794141769409,16.9387588500977,1169.62292480469,0.410666823387146,125.586898803711,-983.23955761392,-1817.48932304778,"WhiteTroatedCaracara",20
1990,1,9.99958610534668,0,3.65844702720642,105.523712158203,15.4828176498413,0.753365516662598,2.52023887634277,9.35012722015381,25.1225490570068,21.3489284515381,1202.07739257812,-0.635802745819092,140.141189575195,-963.23955761392,-1817.48932304778,"WhiteTroatedCaracara",20
1991,1,4.18514919281006,0,5.18667793273926,63.9496803283691,21.281925201416,1.22870886325836,0.226749196648598,11.095739364624,27.7052001953125,30.3919219970703,982.818237304688,-1.49495029449463,42.6909561157227,-943.23955761392,-1817.48932304778,"WhiteTroatedCaracara",20
1992,0,4.10624599456787,0,3.69442367553711,54.6078224182129,32.4436912536621,0.479566603899002,0.0265493206679821,12.0420761108398,14.5222015380859,39.4852714538574,1308.81262207031,0.183155417442322,57.744083404541,-923.23955761392,-1817.48932304778,"WhiteTroatedCaracara",20
1993,1,9.91642189025879,0,5.01496315002441,40.4702987670898,28.46435546875,0.0831482857465744,0,9.52549171447754,29.4343662261963,28.834114074707,1109.93444824219,0.539127886295319,38.9362335205078,-903.23955761392,-1817.48932304778,"WhiteTroatedCaracara",20
1994,0,13.9360275268555,0,6.24503469467163,35.0296287536621,30.5211696624756,0.0574953816831112,0,8.92925453186035,28.7291831970215,31.8003215789795,931.105041503906,0.369029521942139,21.0235557556152,-883.23955761392,-1817.48932304778,"WhiteTroatedCaracara",20
1995,1,4.99367094039917,0,7.41292095184326,32.6785049438477,32.9382858276367,0.0305370260030031,0,8.38156509399414,21.924690246582,36.6328125,758.840270996094,0.00894388277083635,17.7581443786621,-863.23955761392,-1817.48932304778,"WhiteTroatedCaracara",20
1996,0,5.56169891357422,0,7.93631076812744,31.4375762939453,42.5869293212891,0.0286831874400377,0,5.29646682739258,12.0792007446289,39.9075393676758,709.372131347656,0.695742666721344,24.0966205596924,-843.23955761392,-1817.48932304778,"WhiteTroatedCaracara",20
1997,0,2.11446452140808,0,9.69876861572266,33.6578826904297,45.5365791320801,0.15430012345314,0,3.3119637966156,11.757830619812,38.2844772338867,409.439056396484,-0.784331977367401,22.7786712646484,-823.23955761392,-1817.48932304778,"WhiteTroatedCaracara",20
1998,0,3.82722735404968,0,8.86506271362305,34.1501579284668,41.1320304870605,0.219370827078819,0,5.64243078231812,15.1186771392822,37.6260566711426,616.423706054688,0.542277753353119,27.3580169677734,-803.23955761392,-1817.48932304778,"WhiteTroatedCaracara",20
1999,0,2.99127674102783,0,8.61912250518799,35.0883026123047,34.9086608886719,0,0,7.69235134124756,17.1402587890625,38.9172668457031,697.6669921875,0.274585247039795,18.8708362579346,-783.23955761392,-1817.48932304778,"WhiteTroatedCaracara",20
2000,0,7.63703393936157,0,8.24786567687988,37.0131988525391,30.2727165222168,0,0,8.92326545715332,19.4395084381104,41.3390159606934,778.772888183594,0.160474598407745,18.4426364898682,-763.23955761392,-1817.48932304778,"WhiteTroatedCaracara",20
2001,0,7.16491365432739,0,7.90871381759644,36.5057907104492,36.0487899780273,0,0,7.69104814529419,18.8891754150391,37.3964729309082,852.177856445312,0.247120454907417,20.4691047668457,-743.23955761392,-1817.48932304778,"WhiteTroatedCaracara",20
2002,0,7.83612298965454,0,8.69041061401367,38.9245529174805,38.3175735473633,0,0,6.14876890182495,24.5409183502197,31.0405960083008,712.163696289062,-0.23465259373188,24.0147018432617,-723.23955761392,-1817.48932304778,"WhiteTroatedCaracara",20
2003,0,9.31200313568115,0,9.60536670684814,41.733699798584,42.6508445739746,0.708401560783386,0.0531519912183285,4.38507318496704,15.5074710845947,36.1260643005371,540.583740234375,-0.516543924808502,30.2544555664062,-703.23955761392,-1817.48932304778,"WhiteTroatedCaracara",20
2004,0,3.44391536712646,0,10.3292255401611,43.3871612548828,39.4138031005859,0.968237102031708,0.031228257343173,6.76580667495728,12.1382942199707,39.5624618530273,390.957702636719,0.275886058807373,16.5513496398926,-683.23955761392,-1817.48932304778,"WhiteTroatedCaracara",20
2005,0,10.0140619277954,0,10.8324680328369,44.1629943847656,42.7409133911133,0.465896904468536,0.0539627522230148,5.18458557128906,10.4673824310303,40.553596496582,264.175628662109,0.0196409095078707,12.8291044235229,-663.23955761392,-1817.48932304778,"WhiteTroatedCaracara",20
2006,0,16.137544631958,0,11.0405740737915,43.5872573852539,51.4036636352539,0.0194210689514875,0,1.65882194042206,8.18308353424072,38.732738494873,169.141937255859,-0.188992574810982,8.40223789215088,-643.23955761392,-1817.48932304778,"WhiteTroatedCaracara",20
2007,0,9.54371166229248,0,10.9360971450806,43.763916015625,50.1814804077148,0.0164855699986219,0.0154174780473113,3.08223676681519,11.7056884765625,34.3807144165039,147.2880859375,0.0166297890245914,7.64248132705688,-623.23955761392,-1817.48932304778,"WhiteTroatedCaracara",20
2008,0,4.42403507232666,0,10.6979064941406,44.1502532958984,46.5823059082031,0.0754687935113907,0,4.59511375427246,7.46058750152588,39.8937797546387,166.278244018555,0.169362813234329,5.36663961410522,-603.23955761392,-1817.48932304778,"WhiteTroatedCaracara",20
2009,0,5.59215450286865,0,10.7030363082886,46.7316207885742,39.8955078125,1.61612677574158,0.0220626909285784,4.25052309036255,9.72076225280762,40.3365631103516,135.238067626953,0.0439282022416592,7.48039722442627,-583.23955761392,-1817.48932304778,"WhiteTroatedCaracara",20
2010,0,4.88908338546753,0,10.5606708526611,48.2190284729004,40.6812133789062,0.635003864765167,0,4.25716495513916,16.2744007110596,34.8390922546387,111.738929748535,0.0478735342621803,7.75544118881226,-563.23955761392,-1817.48932304778,"WhiteTroatedCaracara",20
2011,0,4.07358884811401,0,10.3588228225708,50.0023880004883,38.0312614440918,0.408506989479065,0,5.66096258163452,12.2411212921143,41.6784706115723,118.365440368652,-0.0912888199090958,8.1232442855835,-543.23955761392,-1817.48932304778,"WhiteTroatedCaracara",20
2012,1,5.94211959838867,0,10.3091230392456,51.1980514526367,32.0773315429688,0.0590049475431442,0,6.91421604156494,10.9901475906372,46.0780410766602,94.2993011474609,-0.0370190665125847,8.62298965454102,-523.23955761392,-1817.48932304778,"WhiteTroatedCaracara",20
2013,0,7.30706167221069,0,10.2838773727417,51.3741493225098,38.4854011535645,0,0,5.96840667724609,9.129225730896,42.9599075317383,54.0269012451172,-0.0292357560247183,7.77815866470337,-503.23955761392,-1817.48932304778,"WhiteTroatedCaracara",20
2014,1,2.63718342781067,0,10.1385688781738,51.5010261535645,33.9996299743652,0,0.0376039631664753,6.54281044006348,9.18585777282715,41.5487289428711,38.0237655639648,0.0345970168709755,4.31284475326538,-483.23955761392,-1817.48932304778,"WhiteTroatedCaracara",20
2015,1,2.63718342781067,0,10.1385688781738,51.5010261535645,33.9996299743652,0,0.0376039631664753,6.54281044006348,9.18585777282715,41.5487289428711,38.0237655639648,0.0345970168709755,4.31284475326538,-463.23955761392,-1817.48932304778,"WhiteTroatedCaracara",20
2016,0,179.247848510742,0,7.52840852737427,1123.18640136719,0.408557772636414,1.18227708339691,2.60997748374939,23.7307834625244,7.85209798812866,12.7017393112183,120.598449707031,-0.585678994655609,51.8958168029785,-1203.23955761392,-1837.48932304778,"WhiteTroatedCaracara",20
2017,0,154.230316162109,0,8.07184791564941,1094.03588867188,0.26907742023468,0.0668720528483391,1.6710866689682,35.0327911376953,5.98607969284058,17.4246501922607,58.4768333435059,0.194678515195847,15.5231990814209,-1183.23955761392,-1837.48932304778,"WhiteTroatedCaracara",20
2018,0,139.603942871094,0,7.77739858627319,1073.94897460938,0,0.135301470756531,2.52989387512207,40.1831932067871,7.84249353408813,16.8905906677246,104.019714355469,0.00378192216157913,27.2737102508545,-1163.23955761392,-1837.48932304778,"WhiteTroatedCaracara",20
2019,0,116.5576171875,0,7.21185684204102,909.561828613281,0.0524738691747189,2.42962455749512,2.91171932220459,29.3978233337402,12.678168296814,14.2195625305176,191.85791015625,0.148946434259415,34.2847938537598,-1143.23955761392,-1837.48932304778,"WhiteTroatedCaracara",20
2020,0,102.669258117676,0,6.88412523269653,804.917114257812,1.13632130622864,2.43973469734192,2.84122753143311,27.9853820800781,10.939600944519,16.7387676239014,265.029754638672,0.163826212286949,119.87035369873,-1123.23955761392,-1837.48932304778,"WhiteTroatedCaracara",20
2021,0,76.3088150024414,0,6.76262140274048,656.268371582031,3.28520202636719,2.33073329925537,2.61677145957947,24.9172611236572,17.585241317749,17.0109100341797,370.240020751953,1.7515105009079,149.126663208008,-1103.23955761392,-1837.48932304778,"WhiteTroatedCaracara",20
2022,0,59.5587463378906,0,7.09298467636108,462.016510009766,1.66311371326447,1.95268297195435,4.01952409744263,21.0393028259277,10.7568969726562,8.5817289352417,248.96044921875,-0.100027292966843,100.332450866699,-1083.23955761392,-1837.48932304778,"WhiteTroatedCaracara",20
2023,0,59.5587463378906,0,7.09298467636108,462.016510009766,1.66311371326447,1.95268297195435,4.01952409744263,21.0393028259277,10.7568969726562,8.5817289352417,248.96044921875,-0.100027292966843,100.332450866699,-1063.23955761392,-1837.48932304778,"WhiteTroatedCaracara",20
2024,1,48.2007675170898,0,6.24595928192139,369.110076904297,5.20134973526001,2.54966306686401,5.05270671844482,29.3220195770264,15.2485599517822,11.8749856948853,523.318725585938,-4.7452187538147,169.808181762695,-1043.23955761392,-1837.48932304778,"WhiteTroatedCaracara",20
2025,1,36.8360290527344,0,5.92081880569458,286.997924804688,4.65979719161987,2.28015112876892,4.3157787322998,29.2308330535889,19.5922031402588,15.90123462677,635.865417480469,-0.038163498044014,166.888488769531,-1023.23955761392,-1837.48932304778,"WhiteTroatedCaracara",20
2026,0,25.6193885803223,0,4.30309247970581,220.350296020508,8.43066310882568,2.31473970413208,4.41464614868164,17.8425025939941,17.6105651855469,12.2820177078247,965.001342773438,1.12179017066956,164.594085693359,-1003.23955761392,-1837.48932304778,"WhiteTroatedCaracara",20
2027,0,8.38632583618164,0,4.66986656188965,157.365036010742,8.08405494689941,1.3535737991333,8.43041515350342,21.7749004364014,18.4848403930664,18.3458156585693,929.653503417969,-2.21433854103088,128.266067504883,-983.23955761392,-1837.48932304778,"WhiteTroatedCaracara",20
2028,0,3.71283197402954,0,3.54876923561096,119.50008392334,17.575626373291,2.02882885932922,5.49469184875488,16.3765468597412,17.7738285064697,20.13205909729,1191.14697265625,0.0848720520734787,123.644256591797,-963.23955761392,-1837.48932304778,"WhiteTroatedCaracara",20
2029,0,10.5742874145508,0,3.86167526245117,79.4927062988281,27.4654541015625,2.91074466705322,1.3498729467392,11.4526033401489,17.9486904144287,32.171989440918,1198.16467285156,1.82411050796509,83.034294128418,-943.23955761392,-1837.48932304778,"WhiteTroatedCaracara",20
2030,0,7.85311889648438,0,5.94142436981201,49.8634796142578,36.7481307983398,0.538054823875427,0,7.97827005386353,15.0697069168091,38.9695510864258,877.835205078125,0.0955550670623779,32.4560890197754,-923.23955761392,-1837.48932304778,"WhiteTroatedCaracara",20
2031,1,4.25079441070557,0,6.6683177947998,40.4369201660156,38.6512718200684,0.00116924301255494,0,7.09956741333008,14.8957920074463,39.3154754638672,785.567810058594,0.0269895121455193,18.6431007385254,-903.23955761392,-1837.48932304778,"WhiteTroatedCaracara",20
2032,0,3.58847093582153,0,7.20812702178955,35.6237144470215,37.8290519714355,0.0272935088723898,0,6.95492696762085,18.2887382507324,36.7171745300293,723.842163085938,0.132825762033463,22.8908710479736,-883.23955761392,-1837.48932304778,"WhiteTroatedCaracara",20
2033,1,8.97707653045654,0,7.67163467407227,33.7780914306641,39.5103759765625,0.0694621652364731,0,6.41110277175903,15.9659795761108,37.6619834899902,671.914855957031,0.107219934463501,19.9291114807129,-863.23955761392,-1837.48932304778,"WhiteTroatedCaracara",20
2034,0,14.3618841171265,0,8.01457786560059,32.383674621582,47.4215316772461,0.167796239256859,0,2.69314670562744,8.21804809570312,41.4397239685059,655.327575683594,0.476848661899567,41.5392074584961,-843.23955761392,-1837.48932304778,"WhiteTroatedCaracara",20
2035,0,11.9370851516724,0,8.59927082061768,32.0243911743164,48.7166290283203,0.165884673595428,0,2.60260057449341,7.58784580230713,39.4415245056152,580.923767089844,0.170773193240166,32.2808570861816,-823.23955761392,-1837.48932304778,"WhiteTroatedCaracara",20
2036,0,4.5870304107666,0,8.72624588012695,32.0735092163086,47.4455833435059,0.0137058263644576,0,3.71662139892578,11.455677986145,36.3862419128418,588.59228515625,-0.78914338350296,26.2088642120361,-803.23955761392,-1837.48932304778,"WhiteTroatedCaracara",20
2037,0,3.24420213699341,0,8.77048778533936,34.2164840698242,42.830379486084,0,0,4.82006645202637,11.5968656539917,39.6511383056641,616.239074707031,0.0483336374163628,16.6476593017578,-783.23955761392,-1837.48932304778,"WhiteTroatedCaracara",20
2038,0,5.83560848236084,0,8.16578483581543,35.3751411437988,34.8262786865234,0,0,8.08474826812744,18.9147052764893,38.1892585754395,744.874816894531,0.115446031093597,15.5427598953247,-763.23955761392,-1837.48932304778,"WhiteTroatedCaracara",20
2039,0,10.5884351730347,0,7.99950408935547,35.1813774108887,43.0746612548828,0,0,5.16659116744995,15.2734041213989,36.2750511169434,789.658569335938,-0.170430332422256,20.7623825073242,-743.23955761392,-1837.48932304778,"WhiteTroatedCaracara",20
2040,0,4.96801614761353,0,8.61990737915039,38.0436248779297,37.0114135742188,0,0,7.21675825119019,22.1135921478271,33.5842590332031,684.450317382812,0.081634983420372,18.3460807800293,-723.23955761392,-1837.48932304778,"WhiteTroatedCaracara",20
2041,0,5.3189582824707,0,9.3218240737915,40.8144683837891,42.5681343078613,0.134738147258759,0,5.01729249954224,12.4060077667236,39.7359237670898,550.339965820312,0.392555892467499,22.1896324157715,-703.23955761392,-1837.48932304778,"WhiteTroatedCaracara",20
2042,0,6.64043140411377,0,10.2951354980469,43.1559143066406,48.364128112793,0.999747633934021,0,2.65838956832886,4.80936145782471,42.9653854370117,349.312072753906,-0.108205772936344,9.79116630554199,-683.23955761392,-1837.48932304778,"WhiteTroatedCaracara",20
2043,0,4.89589595794678,0,10.5629377365112,43.8109397888184,47.184139251709,0.833975672721863,0.000960942532401532,4.08342552185059,7.81615924835205,39.9217643737793,266.788421630859,0.0486710779368877,12.4155559539795,-663.23955761392,-1837.48932304778,"WhiteTroatedCaracara",20
2044,0,10.1489362716675,0,10.7886562347412,43.6610336303711,49.3014755249023,0.0826659798622131,0.111734248697758,3.63228797912598,8.22492504119873,37.891429901123,184.544479370117,-0.158877089619637,9.77609729766846,-643.23955761392,-1837.48932304778,"WhiteTroatedCaracara",20
2045,0,4.74437665939331,0,10.6889314651489,43.8622512817383,53.0254936218262,0.00636924570426345,0.0478479340672493,2.03325223922729,18.2603778839111,26.5640640258789,164.755996704102,-0.0327909514307976,5.28729152679443,-623.23955761392,-1837.48932304778,"WhiteTroatedCaracara",20
2046,0,2.80469942092896,0,10.550874710083,46.0112800598145,44.3182106018066,0.0313517600297928,0.00891206879168749,5.42962789535522,17.7615280151367,32.0710945129395,160.858551025391,-0.168450012803078,5.51382732391357,-603.23955761392,-1837.48932304778,"WhiteTroatedCaracara",20
2047,0,4.05870246887207,0,10.5181560516357,49.135139465332,37.8063163757324,0.0129431337118149,0.00239759311079979,6.85928964614868,16.0104808807373,37.236644744873,144.046249389648,0.0478515923023224,7.64409065246582,-583.23955761392,-1837.48932304778,"WhiteTroatedCaracara",20
2048,0,12.4608793258667,0,10.6179227828979,51.4323196411133,41.4780120849609,0.291431367397308,0.418094664812088,4.76736783981323,12.5773525238037,39.6282615661621,78.7069396972656,-0.0232002958655357,8.95926189422607,-563.23955761392,-1837.48932304778,"WhiteTroatedCaracara",20
2049,0,10.343713760376,0,10.4475402832031,53.4333229064941,36.5343971252441,0.649896442890167,0.00503630796447396,6.12835693359375,13.6087532043457,41.1950492858887,80.0257110595703,-0.00415572058409452,8.90257930755615,-543.23955761392,-1837.48932304778,"WhiteTroatedCaracara",20
2050,0,3.91048693656921,0,10.4070882797241,52.9296035766602,35.7039566040039,0.587253212928772,0.0401867479085922,5.89263582229614,13.4909076690674,40.9359283447266,47.6614685058594,0.110738947987556,8.43149566650391,-523.23955761392,-1837.48932304778,"WhiteTroatedCaracara",20
2051,0,7.30706167221069,0,10.2838773727417,51.3741493225098,38.4854011535645,0,0,5.96840667724609,9.129225730896,42.9599075317383,54.0269012451172,-0.0292357560247183,7.77815866470337,-503.23955761392,-1837.48932304778,"WhiteTroatedCaracara",20
2052,0,179.247848510742,0,7.52840852737427,1123.18640136719,0.408557772636414,1.18227708339691,2.60997748374939,23.7307834625244,7.85209798812866,12.7017393112183,120.598449707031,-0.585678994655609,51.8958168029785,-1223.23955761392,-1857.48932304778,"WhiteTroatedCaracara",20
2053,0,179.247848510742,0,7.52840852737427,1123.18640136719,0.408557772636414,1.18227708339691,2.60997748374939,23.7307834625244,7.85209798812866,12.7017393112183,120.598449707031,-0.585678994655609,51.8958168029785,-1203.23955761392,-1857.48932304778,"WhiteTroatedCaracara",20
2054,0,179.247848510742,0,7.52840852737427,1123.18640136719,0.408557772636414,1.18227708339691,2.60997748374939,23.7307834625244,7.85209798812866,12.7017393112183,120.598449707031,-0.585678994655609,51.8958168029785,-1183.23955761392,-1857.48932304778,"WhiteTroatedCaracara",20
2055,0,139.603942871094,0,7.77739858627319,1073.94897460938,0,0.135301470756531,2.52989387512207,40.1831932067871,7.84249353408813,16.8905906677246,104.019714355469,0.00378192216157913,27.2737102508545,-1163.23955761392,-1857.48932304778,"WhiteTroatedCaracara",20
2056,1,114.276023864746,0,6.78215742111206,838.233032226562,0.605806887149811,2.60322785377502,3.93653249740601,32.0226364135742,12.1589641571045,16.3564052581787,291.74072265625,-0.805449783802032,135.31379699707,-1143.23955761392,-1857.48932304778,"WhiteTroatedCaracara",20
2057,0,114.276023864746,0,6.78215742111206,838.233032226562,0.605806887149811,2.60322785377502,3.93653249740601,32.0226364135742,12.1589641571045,16.3564052581787,291.74072265625,-0.805449783802032,135.31379699707,-1123.23955761392,-1857.48932304778,"WhiteTroatedCaracara",20
2058,0,100.658790588379,0,5.72361326217651,699.52587890625,6.41441535949707,2.93245935440063,4.42443799972534,25.6395473480225,21.8421688079834,11.6149816513062,519.863586425781,0.545644879341125,203.249816894531,-1103.23955761392,-1857.48932304778,"WhiteTroatedCaracara",20
2059,0,88.6242218017578,0,5.89321279525757,584.882141113281,6.37355518341064,1.67282021045685,3.50506138801575,24.4876651763916,20.6168956756592,12.7667293548584,520.287475585938,2.74852991104126,164.803466796875,-1083.23955761392,-1857.48932304778,"WhiteTroatedCaracara",20
2060,1,76.4500427246094,0,4.41149282455444,481.439270019531,3.07611107826233,0.31346595287323,1.88455903530121,8.45232009887695,8.51202869415283,2.64531636238098,760.75732421875,-1.66796171665192,131.482162475586,-1063.23955761392,-1857.48932304778,"WhiteTroatedCaracara",20
2061,0,59.704216003418,0,6.91937828063965,379.605651855469,3.8982789516449,1.74679911136627,4.39676237106323,22.9578647613525,16.8203620910645,13.1861982345581,362.484375,1.06321454048157,133.148010253906,-1043.23955761392,-1857.48932304778,"WhiteTroatedCaracara",20
2062,0,43.7634239196777,0,6.02184677124023,298.045104980469,5.50590658187866,1.69969439506531,3.84691119194031,26.178050994873,19.8969306945801,17.4768810272217,603.923522949219,-2.59797143936157,139.594146728516,-1023.23955761392,-1857.48932304778,"WhiteTroatedCaracara",20
2063,0,26.3662452697754,0,4.53599405288696,227.495483398438,11.5073528289795,1.55647885799408,2.43290710449219,15.2805271148682,20.4304141998291,11.5075540542603,913.359619140625,0.724688589572906,152.920562744141,-1003.23955761392,-1857.48932304778,"WhiteTroatedCaracara",20
2064,0,9.60315704345703,0,5.22407293319702,161.344573974609,8.78957176208496,1.38540577888489,3.63381361961365,21.3198375701904,18.60498046875,16.9172477722168,839.732238769531,2.39258551597595,119.428771972656,-983.23955761392,-1857.48932304778,"WhiteTroatedCaracara",20
2065,1,4.04886627197266,0,5.75897693634033,112.190078735352,8.07530879974365,3.62085461616516,8.32894039154053,23.4530563354492,15.5209617614746,22.6549339294434,765.630859375,-0.533095479011536,104.903923034668,-963.23955761392,-1857.48932304778,"WhiteTroatedCaracara",20
2066,0,13.7293453216553,0,4.40679597854614,85.7403259277344,33.2041358947754,3.3811469078064,3.28007888793945,9.59774971008301,18.2166442871094,19.3131790161133,1069.03076171875,0.864597260951996,75.3618774414062,-943.23955761392,-1857.48932304778,"WhiteTroatedCaracara",20
2067,0,7.62944984436035,0,6.15795135498047,55.0205268859863,30.5139083862305,1.08337831497192,0.0961547121405602,9.04530429840088,19.0316753387451,37.005802154541,801.653869628906,-0.266298472881317,29.7665424346924,-923.23955761392,-1857.48932304778,"WhiteTroatedCaracara",20
2068,1,6.37690925598145,0,5.98653507232666,45.0216217041016,25.2640018463135,0.982852697372437,0,9.80380249023438,20.785795211792,34.920711517334,875.138671875,-0.492618262767792,31.8156185150146,-903.23955761392,-1857.48932304778,"WhiteTroatedCaracara",20
2069,1,9.4564037322998,0,6.62986612319946,35.9875717163086,31.7401390075684,0.137013643980026,0,8.27664852142334,30.4324645996094,21.5049858093262,794.557983398438,-0.74950897693634,26.3358001708984,-883.23955761392,-1857.48932304778,"WhiteTroatedCaracara",20
2070,0,5.7619047164917,0,7.44208431243896,33.0721282958984,40.0495376586914,0.045598179101944,0,4.64461231231689,26.9352493286133,23.9986095428467,689.598388671875,-0.238079577684402,24.6470355987549,-863.23955761392,-1857.48932304778,"WhiteTroatedCaracara",20
2071,0,5.41654539108276,0,8.28841781616211,32.6657104492188,41.9574966430664,0.271623730659485,0,5.2772912979126,13.3384866714478,39.0508422851562,565.930786132812,-1.52380073070526,31.9656925201416,-843.23955761392,-1857.48932304778,"WhiteTroatedCaracara",20
2072,1,8.18728446960449,0,8.48128032684326,33.1184844970703,41.0059928894043,0.435339331626892,0,6.07229709625244,14.2610578536987,37.8813285827637,567.2080078125,0.0364679545164108,19.5740661621094,-823.23955761392,-1857.48932304778,"WhiteTroatedCaracara",20
2073,0,13.3147888183594,0,7.66924810409546,31.5539646148682,45.6156425476074,0.391764998435974,0,4.32302618026733,10.7699127197266,38.492259979248,758.016540527344,0.703413724899292,23.5862884521484,-803.23955761392,-1857.48932304778,"WhiteTroatedCaracara",20
2074,0,14.1402015686035,0,8.25169563293457,32.7719421386719,47.1180305480957,0,0,3.43154144287109,8.55496597290039,40.4879531860352,670.387451171875,-0.0396177731454372,22.2686328887939,-783.23955761392,-1857.48932304778,"WhiteTroatedCaracara",20
2075,0,4.88056564331055,0,8.39133358001709,34.2938842773438,41.2540054321289,0,0,5.97285985946655,13.8346910476685,38.8266563415527,658.56298828125,-0.0186933781951666,14.5044460296631,-763.23955761392,-1857.48932304778,"WhiteTroatedCaracara",20
2076,0,7.42847108840942,0,8.26915168762207,35.1515197753906,40.2741889953613,0,0,6.31890296936035,15.0007085800171,38.3653564453125,691.484741210938,0.510998129844666,20.3593578338623,-743.23955761392,-1857.48932304778,"WhiteTroatedCaracara",20
2077,0,3.16079759597778,0,9.06729698181152,38.0765800476074,44.5156135559082,0.0669138059020042,0,4.71349763870239,11.2399320602417,39.4390182495117,550.967346191406,0.342575252056122,17.6218509674072,-723.23955761392,-1857.48932304778,"WhiteTroatedCaracara",20
2078,0,3.9285523891449,0,9.99674224853516,41.2422180175781,47.5827903747559,0.130338221788406,0,3.2598237991333,9.53040790557861,39.4191741943359,367.443145751953,0.126371785998344,16.9880065917969,-703.23955761392,-1857.48932304778,"WhiteTroatedCaracara",20
2079,0,3.29632234573364,0,10.5330677032471,43.322868347168,49.4687728881836,0.238182187080383,0.019608236849308,1.71344876289368,9.03805732727051,38.5190925598145,245.110595703125,-0.0396167561411858,14.6008434295654,-683.23955761392,-1857.48932304778,"WhiteTroatedCaracara",20
2080,0,3.58693504333496,0,10.5671577453613,43.2538681030273,49.6180801391602,0.530349731445312,0.00730370823293924,1.31138777732849,13.9561338424683,33.9321060180664,211.73046875,-0.0352389961481094,9.90050220489502,-663.23955761392,-1857.48932304778,"WhiteTroatedCaracara",20
2081,0,2.74579453468323,0,10.5475006103516,44.08203125,49.6512985229492,0.178083583712578,0.0327985845506191,4.15284061431885,14.4314641952515,30.9413185119629,190.058883666992,0.12564392387867,7.01048994064331,-643.23955761392,-1857.48932304778,"WhiteTroatedCaracara",20
2082,0,8.9429235458374,0,10.5110368728638,46.4761009216309,49.4141578674316,0.0297886058688164,0.0245847683399916,2.31607747077942,10.7159118652344,37.2515907287598,172.177062988281,-0.09823227673769,4.746178150177,-623.23955761392,-1857.48932304778,"WhiteTroatedCaracara",20
2083,1,5.31913948059082,0,10.5305767059326,48.5691108703613,41.2807006835938,0,0.0439728684723377,5.95295143127441,18.8020534515381,33.5073356628418,137.149917602539,0.120502650737762,10.4503173828125,-603.23955761392,-1857.48932304778,"WhiteTroatedCaracara",20
2084,0,4.73114109039307,0,10.502402305603,51.6792373657227,38.1242065429688,0.11168996244669,0.0817095413804054,6.4047679901123,16.608772277832,37.4568862915039,117.256767272949,0.00893080234527588,10.179217338562,-583.23955761392,-1857.48932304778,"WhiteTroatedCaracara",20
2085,0,5.87374305725098,0,10.5220718383789,53.5846862792969,39.2205238342285,0.179159894585609,0.0201295949518681,5.16204833984375,10.2930088043213,44.0122756958008,82.8260116577148,-0.0613451041281223,11.7069072723389,-563.23955761392,-1857.48932304778,"WhiteTroatedCaracara",20
2086,1,2.36933207511902,0,10.4683237075806,52.6015357971191,37.6346473693848,0.0071088308468461,0.0476461537182331,4.5991530418396,23.8661479949951,25.7909545898438,33.3081169128418,-0.0234000347554684,5.51700448989868,-543.23955761392,-1857.48932304778,"WhiteTroatedCaracara",20
2087,0,3.91048693656921,0,10.4070882797241,52.9296035766602,35.7039566040039,0.587253212928772,0.0401867479085922,5.89263582229614,13.4909076690674,40.9359283447266,47.6614685058594,0.110738947987556,8.43149566650391,-523.23955761392,-1857.48932304778,"WhiteTroatedCaracara",20
2088,0,188.318206787109,0,7.20332098007202,1170.89184570312,0.975249469280243,4.92565774917603,1.56442022323608,27.8753604888916,14.0397863388062,19.3889636993408,175.728546142578,-0.510774731636047,101.055526733398,-1223.23955761392,-1877.48932304778,"WhiteTroatedCaracara",20
2089,0,188.318206787109,0,7.20332098007202,1170.89184570312,0.975249469280243,4.92565774917603,1.56442022323608,27.8753604888916,14.0397863388062,19.3889636993408,175.728546142578,-0.510774731636047,101.055526733398,-1203.23955761392,-1877.48932304778,"WhiteTroatedCaracara",20
2090,1,183.651290893555,0,7.39474296569824,1183.39111328125,2.33654236793518,2.20009756088257,2.17741632461548,24.1948928833008,17.2010822296143,21.0198574066162,181.667358398438,0.130240693688393,95.7639541625977,-1183.23955761392,-1877.48932304778,"WhiteTroatedCaracara",20
2091,0,168.186264038086,0,7.06981420516968,1100.14025878906,1.21336257457733,1.32903647422791,2.64410519599915,31.365779876709,9.42889308929443,19.7824878692627,262.593170166016,1.41165924072266,103.470161437988,-1163.23955761392,-1877.48932304778,"WhiteTroatedCaracara",20
2092,1,152.723754882812,0,7.08288335800171,1013.27917480469,2.38595867156982,1.1182816028595,2.99617886543274,33.0218315124512,9.69714069366455,17.0844402313232,287.472473144531,-2.70669889450073,65.7612762451172,-1143.23955761392,-1877.48932304778,"WhiteTroatedCaracara",20
2093,0,128.010940551758,0,6.80854177474976,863.141235351562,0.686153292655945,2.62196373939514,2.19263887405396,27.1386318206787,8.95369625091553,12.3912162780762,231.21662902832,-0.0676717460155487,101.691734313965,-1123.23955761392,-1877.48932304778,"WhiteTroatedCaracara",20
2094,0,112.755447387695,0,6.53425788879395,737.985595703125,1.38354134559631,1.36168265342712,3.51622462272644,34.9569282531738,12.2147760391235,17.5483875274658,339.243347167969,-0.155643329024315,165.911361694336,-1103.23955761392,-1877.48932304778,"WhiteTroatedCaracara",20
2095,0,95.2455520629883,0,6.09521341323853,611.819091796875,5.3882155418396,1.02392196655273,3.23636507987976,25.7147979736328,15.72141456604,14.4665002822876,459.146087646484,0.634050071239471,151.802337646484,-1083.23955761392,-1877.48932304778,"WhiteTroatedCaracara",20
2096,0,76.4500427246094,0,4.41149282455444,481.439270019531,3.07611107826233,0.31346595287323,1.88455903530121,8.45232009887695,8.51202869415283,2.64531636238098,760.75732421875,-1.66796171665192,131.482162475586,-1063.23955761392,-1877.48932304778,"WhiteTroatedCaracara",20
2097,0,57.660213470459,0,3.91430974006653,391.040954589844,2.94571137428284,9.72397994995117,1.47453927993774,6.45752906799316,11.6459531784058,3.69566631317139,909.693603515625,0.742741227149963,139.751693725586,-1043.23955761392,-1877.48932304778,"WhiteTroatedCaracara",20
2098,0,38.939769744873,0,4.46476221084595,306.051239013672,4.69290828704834,12.7383308410645,2.00659012794495,6.76374530792236,21.0202960968018,7.68120527267456,861.024291992188,1.45652854442596,159.669845581055,-1023.23955761392,-1877.48932304778,"WhiteTroatedCaracara",20
2099,0,20.3970928192139,0,5.43642044067383,220.364105224609,8.43994522094727,1.56298220157623,2.36386680603027,9.14179229736328,26.6451416015625,13.5198564529419,752.808532714844,0.887869894504547,133.554992675781,-1003.23955761392,-1877.48932304778,"WhiteTroatedCaracara",20
2100,1,4.72110080718994,0,6.01151990890503,167.376922607422,5.67086696624756,1.40832936763763,6.1154932975769,25.5523567199707,16.318151473999,14.5967884063721,671.34228515625,-3.24818634986877,132.763717651367,-983.23955761392,-1877.48932304778,"WhiteTroatedCaracara",20
2101,0,14.1269731521606,0,3.06558012962341,140.888809204102,15.2872047424316,4.17009687423706,2.93536615371704,9.64732837677002,20.2074756622314,9.59894180297852,1245.57189941406,-0.105500899255276,143.600982666016,-963.23955761392,-1877.48932304778,"WhiteTroatedCaracara",20
2102,1,17.8043365478516,0,5.50246000289917,78.7360687255859,8.17958164215088,6.23019695281982,7.97354888916016,23.9768753051758,15.6607780456543,21.599796295166,840.878112792969,-2.25438737869263,58.314453125,-943.23955761392,-1877.48932304778,"WhiteTroatedCaracara",20
2103,1,8.81407737731934,0,4.24128246307373,70.3354263305664,27.282527923584,3.07487416267395,1.53308510780334,12.1487092971802,18.9618453979492,31.5039882659912,1117.43920898438,-0.0493320375680923,46.1395568847656,-923.23955761392,-1877.48932304778,"WhiteTroatedCaracara",20
2104,1,20.9143562316895,0,4.05497026443481,48.7604789733887,23.7398357391357,1.60122716426849,0,8.22141647338867,22.1231689453125,28.1689186096191,1201.8505859375,0.112566560506821,26.7318096160889,-903.23955761392,-1877.48932304778,"WhiteTroatedCaracara",20
2105,1,28.8765563964844,0,5.75246524810791,36.730281829834,36.8982315063477,0,0,5.28128337860107,19.7383670806885,29.7399654388428,935.7255859375,0.25847852230072,11.7687454223633,-883.23955761392,-1877.48932304778,"WhiteTroatedCaracara",20
2106,1,22.7580642700195,0,6.61184453964233,33.2526588439941,49.691764831543,0,0,0.750895500183105,4.14495992660522,40.7539901733398,815.875366210938,-0.0451208390295506,6.45669651031494,-863.23955761392,-1877.48932304778,"WhiteTroatedCaracara",20
2107,1,14.1867618560791,0,7.48147106170654,31.5156269073486,46.8525352478027,0.0326066762208939,0.00154675694648176,3.39118385314941,8.77865123748779,40.7278518676758,689.971069335938,0.735840499401093,16.5198192596436,-843.23955761392,-1877.48932304778,"WhiteTroatedCaracara",20
2108,1,4.3989725112915,0,8.6108455657959,33.8114433288574,32.176097869873,0.512578010559082,0.0443891622126102,7.90476083755493,20.2886848449707,38.6207542419434,503.548767089844,-0.123746022582054,23.3110828399658,-823.23955761392,-1877.48932304778,"WhiteTroatedCaracara",20
2109,0,4.96882820129395,0,7.66895580291748,31.7616596221924,38.9324951171875,0.0737277418375015,0,7.45948553085327,15.0153379440308,38.4745826721191,725.677734375,0.68365603685379,20.579044342041,-803.23955761392,-1877.48932304778,"WhiteTroatedCaracara",20
2110,0,8.59338855743408,0,8.15329170227051,32.0164794921875,40.0734329223633,0.209164574742317,0,7.16846036911011,13.1307554244995,39.2698783874512,645.7177734375,-0.336700737476349,33.5745429992676,-783.23955761392,-1877.48932304778,"WhiteTroatedCaracara",20
2111,0,4.63995599746704,0,8.70514297485352,34.6248435974121,35.6478462219238,0.205894395709038,0,7.87460851669312,15.5074462890625,39.1787033081055,548.86865234375,-0.464198350906372,26.4118232727051,-763.23955761392,-1877.48932304778,"WhiteTroatedCaracara",20
2112,0,8.7560863494873,0,8.73248672485352,35.7076377868652,37.7275543212891,0,0,7.52134418487549,16.5978355407715,37.9766616821289,552.098449707031,0.119695395231247,17.7754192352295,-743.23955761392,-1877.48932304778,"WhiteTroatedCaracara",20
2113,0,3.97729969024658,0,9.74597549438477,39.6403923034668,40.4243049621582,0.0527020357549191,0,4.98682689666748,15.7448558807373,38.7949028015137,365.487731933594,-0.160256445407867,20.6664791107178,-723.23955761392,-1877.48932304778,"WhiteTroatedCaracara",20
2114,0,9.68798923492432,0,10.3590698242188,40.1981582641602,53.9631271362305,0.138107165694237,0,0.899986803531647,23.9103946685791,20.6479473114014,216.445327758789,-0.257896453142166,9.20808601379395,-703.23955761392,-1877.48932304778,"WhiteTroatedCaracara",20
2115,0,3.40634298324585,0,10.331223487854,41.9489555358887,39.6444396972656,0.00805121753364801,0.0227148979902267,5.99438238143921,24.75390625,29.0280513763428,211.732788085938,-0.0742830336093903,4.03030824661255,-683.23955761392,-1877.48932304778,"WhiteTroatedCaracara",20
2116,0,4.95218753814697,0,10.3641157150269,44.0641288757324,42.7759628295898,2.18268227577209,0,5.30693817138672,13.6812725067139,36.0689430236816,199.18864440918,0.0558639876544476,2.90548944473267,-663.23955761392,-1877.48932304778,"WhiteTroatedCaracara",20
2117,0,3.54250860214233,0,10.3849830627441,46.4739532470703,41.1051063537598,0.557815134525299,0,6.44394779205322,19.0825042724609,32.5465469360352,178.710983276367,-0.0848828107118607,7.06677198410034,-643.23955761392,-1877.48932304778,"WhiteTroatedCaracara",20
2118,0,3.98940563201904,0,10.3459243774414,47.2498474121094,43.1710777282715,0,0.0583855770528316,5.01955127716064,22.166934967041,29.0447959899902,166.716583251953,-0.0628743693232536,6.29751062393188,-623.23955761392,-1877.48932304778,"WhiteTroatedCaracara",20
2119,0,3.23556470870972,0,10.3222637176514,49.3771820068359,43.5383338928223,0,0.0389292612671852,3.72951078414917,18.1754150390625,34.4009323120117,148.809860229492,-0.163083165884018,3.976891040802,-603.23955761392,-1877.48932304778,"WhiteTroatedCaracara",20
2120,0,3.29649782180786,0,10.3707447052002,53.2429580688477,40.9219245910645,0,0,4.78097248077393,9.8489351272583,43.5951766967773,119.945083618164,-0.221755787730217,8.80614566802979,-583.23955761392,-1877.48932304778,"WhiteTroatedCaracara",20
2121,0,5.48889684677124,0,10.4595232009888,54.0744552612305,44.4325904846191,0,0.00195922725833952,2.91083288192749,13.2696647644043,38.0603790283203,70.3986206054688,0.126337304711342,10.9049081802368,-563.23955761392,-1877.48932304778,"WhiteTroatedCaracara",20
2122,0,2.36933207511902,0,10.4683237075806,52.6015357971191,37.6346473693848,0.0071088308468461,0.0476461537182331,4.5991530418396,23.8661479949951,25.7909545898438,33.3081169128418,-0.0234000347554684,5.51700448989868,-543.23955761392,-1877.48932304778,"WhiteTroatedCaracara",20
2123,0,188.318206787109,0,7.20332098007202,1170.89184570312,0.975249469280243,4.92565774917603,1.56442022323608,27.8753604888916,14.0397863388062,19.3889636993408,175.728546142578,-0.510774731636047,101.055526733398,-1223.23955761392,-1897.48932304778,"WhiteTroatedCaracara",20
2124,0,183.651290893555,0,7.39474296569824,1183.39111328125,2.33654236793518,2.20009756088257,2.17741632461548,24.1948928833008,17.2010822296143,21.0198574066162,181.667358398438,0.130240693688393,95.7639541625977,-1203.23955761392,-1897.48932304778,"WhiteTroatedCaracara",20
2125,0,183.651290893555,0,7.39474296569824,1183.39111328125,2.33654236793518,2.20009756088257,2.17741632461548,24.1948928833008,17.2010822296143,21.0198574066162,181.667358398438,0.130240693688393,95.7639541625977,-1183.23955761392,-1897.48932304778,"WhiteTroatedCaracara",20
2126,0,168.186264038086,0,7.06981420516968,1100.14025878906,1.21336257457733,1.32903647422791,2.64410519599915,31.365779876709,9.42889308929443,19.7824878692627,262.593170166016,1.41165924072266,103.470161437988,-1163.23955761392,-1897.48932304778,"WhiteTroatedCaracara",20
2127,0,152.723754882812,0,7.08288335800171,1013.27917480469,2.38595867156982,1.1182816028595,2.99617886543274,33.0218315124512,9.69714069366455,17.0844402313232,287.472473144531,-2.70669889450073,65.7612762451172,-1143.23955761392,-1897.48932304778,"WhiteTroatedCaracara",20
2128,0,132.988159179688,0,6.76204967498779,876.305358886719,0.817981064319611,1.21416425704956,2.48799967765808,16.9508609771729,8.80810928344727,8.83128643035889,182.938674926758,1.70913910865784,77.3388595581055,-1123.23955761392,-1897.48932304778,"WhiteTroatedCaracara",20
2129,0,115.049583435059,0,6.05498361587524,752.15185546875,3.41494917869568,2.2279360294342,3.74562382698059,24.8300094604492,18.576379776001,14.7631807327271,404.890563964844,0.385667532682419,150.49137878418,-1103.23955761392,-1897.48932304778,"WhiteTroatedCaracara",20
2130,1,96.4834060668945,0,5.77209091186523,630.415405273438,4.48689079284668,0.654664814472198,2.85936903953552,15.2122945785522,18.9086246490479,9.97153854370117,490.510894775391,-1.60395395755768,146.491409301758,-1083.23955761392,-1897.48932304778,"WhiteTroatedCaracara",20
2131,0,78.0599365234375,0,1.21915650367737,470.669616699219,0.22777684032917,7.12030410766602,0.0423454977571964,0.154832869768143,3.39376187324524,0.10647589713335,1350.99865722656,1.72204148769379,59.0719604492188,-1063.23955761392,-1897.48932304778,"WhiteTroatedCaracara",20
2132,0,59.8147201538086,0,-0.228379264473915,392.892761230469,0.162886202335358,25.6533145904541,0.00452842423692346,0.0511167198419571,2.79446506500244,0.0137786269187927,1637.88159179688,1.02780020236969,56.8571243286133,-1043.23955761392,-1897.48932304778,"WhiteTroatedCaracara",20
2133,0,41.6083679199219,0,2.39569664001465,301.927062988281,5.54336166381836,14.0528402328491,0.939737677574158,7.07070016860962,17.9294052124023,6.4962100982666,1251.96557617188,2.99499034881592,192.467346191406,-1023.23955761392,-1897.48932304778,"WhiteTroatedCaracara",20
2134,0,23.3921508789062,0,5.17700147628784,209.368377685547,10.4409952163696,1.74235236644745,3.74859762191772,10.2404956817627,18.8463077545166,9.13382244110107,826.837219238281,-0.838901400566101,135.906967163086,-1003.23955761392,-1897.48932304778,"WhiteTroatedCaracara",20
2135,0,6.02243041992188,0,5.1165509223938,160.390747070312,8.97056007385254,2.4620897769928,3.32734632492065,14.4960088729858,24.2178249359131,14.7361574172974,857.488891601562,-1.20582067966461,162.492492675781,-983.23955761392,-1897.48932304778,"WhiteTroatedCaracara",20
2136,0,13.0513391494751,0,2.55985832214355,129.512023925781,31.2106075286865,1.17096638679504,1.74190604686737,8.16787242889404,20.4529304504395,24.9972972869873,1358.28149414062,0.860925853252411,145.407592773438,-963.23955761392,-1897.48932304778,"WhiteTroatedCaracara",20
2137,0,24.3664569854736,0,2.54335951805115,90.3682708740234,46.3276290893555,1.46242046356201,0.0254923943430185,4.88781785964966,29.0623378753662,17.4094085693359,1385.94506835938,2.39961862564087,75.1885375976562,-943.23955761392,-1897.48932304778,"WhiteTroatedCaracara",20
2138,0,22.8087100982666,0,2.84368538856506,65.3364639282227,40.1266212463379,1.33046662807465,0,6.33619403839111,14.5186166763306,35.5586471557617,1356.57153320312,0.553219139575958,40.5613670349121,-923.23955761392,-1897.48932304778,"WhiteTroatedCaracara",20
2139,0,21.2203140258789,0,3.7407078742981,47.3458404541016,29.9556121826172,0.618275046348572,0,8.68913555145264,15.5603475570679,42.0036010742188,1261.62329101562,0.292094022035599,42.4373321533203,-903.23955761392,-1897.48932304778,"WhiteTroatedCaracara",20
2140,1,24.4610176086426,0,6.13949537277222,37.7999725341797,37.0604934692383,0.0385370925068855,0,7.44235038757324,14.3416013717651,39.4983825683594,860.931335449219,-0.162117689847946,33.7936515808105,-883.23955761392,-1897.48932304778,"WhiteTroatedCaracara",20
2141,1,21.5105953216553,0,6.57875633239746,33.9543190002441,32.3505897521973,0.199969291687012,0,7.24890375137329,29.4457206726074,30.3569221496582,807.344116210938,1.4553028345108,22.2076301574707,-863.23955761392,-1897.48932304778,"WhiteTroatedCaracara",20
2142,1,7.98050451278687,0,7.68272352218628,31.7143955230713,38.3463363647461,0.123521469533443,0,6.92999458312988,18.7896900177002,35.8445587158203,621.167846679688,0.318178564310074,28.9534473419189,-843.23955761392,-1897.48932304778,"WhiteTroatedCaracara",20
2143,1,2.63882350921631,0,8.7170295715332,32.6982765197754,39.5105667114258,1.07561707496643,0.0327599756419659,6.00531435012817,18.9290161132812,34.1443939208984,426.968841552734,-0.380554258823395,23.1374683380127,-823.23955761392,-1897.48932304778,"WhiteTroatedCaracara",20
2144,1,2.10918354988098,0,8.94901275634766,33.3245124816895,33.1131210327148,2.22854423522949,0,8.84689712524414,13.5863122940063,40.9091300964355,404.334564208984,-1.01187872886658,23.7851676940918,-803.23955761392,-1897.48932304778,"WhiteTroatedCaracara",20
2145,1,4.17703008651733,0,8.76627445220947,33.4255294799805,35.8675842285156,0.185763344168663,0,7.28801107406616,13.5012540817261,42.9508514404297,471.551513671875,-0.0414011664688587,18.5509490966797,-783.23955761392,-1897.48932304778,"WhiteTroatedCaracara",20
2146,1,3.01892971992493,0,9.11491394042969,35.1108436584473,34.435546875,0.202716201543808,0.0477213300764561,7.33477973937988,14.9361429214478,40.7690963745117,413.411834716797,0.27270582318306,21.6166229248047,-763.23955761392,-1897.48932304778,"WhiteTroatedCaracara",20
2147,1,4.43540620803833,0,9.43873310089111,37.3553581237793,31.7173156738281,0,0.00999444257467985,8.01331520080566,19.4197273254395,40.9052734375,354.769958496094,-0.654789328575134,11.9696779251099,-743.23955761392,-1897.48932304778,"WhiteTroatedCaracara",20
2148,0,10.3532772064209,0,9.80392265319824,39.8024635314941,35.250415802002,0.000324697612086311,0,6.64685869216919,20.0207176208496,37.937442779541,285.143798828125,0.0016564317047596,6.34268999099731,-723.23955761392,-1897.48932304778,"WhiteTroatedCaracara",20
2149,0,5.1644401550293,0,9.92601490020752,41.204402923584,33.1877861022949,0.593993842601776,0,6.53940391540527,32.6402435302734,26.4706287384033,250.533264160156,0.104961864650249,2.12902522087097,-703.23955761392,-1897.48932304778,"WhiteTroatedCaracara",20
2150,0,3.15778470039368,0,9.99517154693604,42.9942741394043,31.5453033447266,0.422600716352463,0.0449791178107262,6.52483940124512,40.8394775390625,19.5755748748779,230.148666381836,-0.0128904478624463,0.745301783084869,-683.23955761392,-1897.48932304778,"WhiteTroatedCaracara",20
2151,0,9.71948337554932,0,10.048716545105,45.0611228942871,34.1570320129395,2.0690541267395,0.103947147727013,6.43196725845337,23.3457660675049,32.2832946777344,213.45979309082,-0.00476475153118372,3.08306217193604,-663.23955761392,-1897.48932304778,"WhiteTroatedCaracara",20
2152,0,11.7060165405273,0,10.0498065948486,48.0817070007324,36.4153213500977,0.558801829814911,0.0550160259008408,5.86815786361694,23.2086582183838,33.1308898925781,203.935546875,0.0539234839379787,7.46106910705566,-643.23955761392,-1897.48932304778,"WhiteTroatedCaracara",20
2153,0,4.6467604637146,0,9.87744140625,49.7680816650391,39.9502601623535,0,0.0136123700067401,4.33387327194214,19.3619270324707,36.2741012573242,225.744323730469,0.18560354411602,6.33739709854126,-623.23955761392,-1897.48932304778,"WhiteTroatedCaracara",20
2154,1,3.16480779647827,0,9.87478256225586,51.5874290466309,43.1203079223633,0,0.00160477415192872,3.04529142379761,9.6134786605835,42.415096282959,213.644302368164,0.697604715824127,9.34684181213379,-603.23955761392,-1897.48932304778,"WhiteTroatedCaracara",20
2155,0,4.79611730575562,0,10.2718086242676,53.9261665344238,45.6750068664551,0,0.000654735777061433,1.78899240493774,6.63736629486084,41.765869140625,117.275001525879,0.484808027744293,17.8620777130127,-583.23955761392,-1897.48932304778,"WhiteTroatedCaracara",20
2156,0,5.48889684677124,0,10.4595232009888,54.0744552612305,44.4325904846191,0,0.00195922725833952,2.91083288192749,13.2696647644043,38.0603790283203,70.3986206054688,0.126337304711342,10.9049081802368,-563.23955761392,-1897.48932304778,"WhiteTroatedCaracara",20
2157,0,195.00993347168,0,7.06836938858032,1333.19995117188,0.726016581058502,4.60949802398682,1.16415119171143,21.9564266204834,14.1082916259766,15.8883666992188,148.808486938477,-1.37015080451965,64.8834228515625,-1223.23955761392,-1917.48932304778,"WhiteTroatedCaracara",20
2158,0,181.916015625,0,7.51359128952026,1228.90856933594,0.849252760410309,1.68609690666199,1.36620938777924,33.8202095031738,11.0477075576782,21.8557014465332,151.906097412109,-0.56408816576004,87.0138092041016,-1203.23955761392,-1917.48932304778,"WhiteTroatedCaracara",20
2159,0,181.916015625,0,7.51359128952026,1228.90856933594,0.849252760410309,1.68609690666199,1.36620938777924,33.8202095031738,11.0477075576782,21.8557014465332,151.906097412109,-0.56408816576004,87.0138092041016,-1183.23955761392,-1917.48932304778,"WhiteTroatedCaracara",20
2160,0,164.143096923828,0,7.53981494903564,1151.01257324219,1.33730852603912,0.600716233253479,2.3227174282074,29.5222511291504,10.0847539901733,18.0776557922363,124.815063476562,-0.546449422836304,80.4192962646484,-1163.23955761392,-1917.48932304778,"WhiteTroatedCaracara",20
2161,0,164.143096923828,0,7.53981494903564,1151.01257324219,1.33730852603912,0.600716233253479,2.3227174282074,29.5222511291504,10.0847539901733,18.0776557922363,124.815063476562,-0.546449422836304,80.4192962646484,-1143.23955761392,-1917.48932304778,"WhiteTroatedCaracara",20
2162,0,121.342803955078,0,7.08628511428833,944.991027832031,1.19074869155884,0.646457314491272,4.64489221572876,26.5550804138184,13.6121044158936,13.182035446167,257.345733642578,-0.0573592185974121,98.0700836181641,-1123.23955761392,-1917.48932304778,"WhiteTroatedCaracara",20
2163,1,96.3330078125,0,5.26273155212402,645.381225585938,2.86433744430542,0.755814373493195,1.51311790943146,7.17026042938232,14.2766590118408,3.9841628074646,560.585083007812,0.138778820633888,77.8945388793945,-1103.23955761392,-1917.48932304778,"WhiteTroatedCaracara",20
2164,1,96.3330078125,0,5.26273155212402,645.381225585938,2.86433744430542,0.755814373493195,1.51311790943146,7.17026042938232,14.2766590118408,3.9841628074646,560.585083007812,0.138778820633888,77.8945388793945,-1083.23955761392,-1917.48932304778,"WhiteTroatedCaracara",20
2165,0,79.8652648925781,0,1.74995148181915,494.122314453125,0.00658476259559393,5.79995346069336,0,0.0172665864229202,2.41539359092712,0,1231.97912597656,0.0735422074794769,34.3263702392578,-1063.23955761392,-1917.48932304778,"WhiteTroatedCaracara",20
2166,0,62.6482162475586,0,0.319164335727692,390.481231689453,0.336992144584656,13.2931747436523,0.0270396415144205,0.0433418191969395,2.83421659469604,0,1548.89660644531,0.947076201438904,68.5027084350586,-1043.23955761392,-1917.48932304778,"WhiteTroatedCaracara",20
2167,0,44.5890007019043,0,2.7668035030365,307.272613525391,4.35365438461304,9.53022956848145,1.29528701305389,5.11293411254883,18.2006702423096,4.50249862670898,1189.86572265625,-1.04061508178711,195.487899780273,-1023.23955761392,-1917.48932304778,"WhiteTroatedCaracara",20
2168,0,26.76393699646,0,6.83993482589722,206.951126098633,4.53551197052002,1.03402960300446,3.81927251815796,8.61196327209473,14.7819480895996,10.2986745834351,507.403991699219,-2.45646286010742,90.2319793701172,-1003.23955761392,-1917.48932304778,"WhiteTroatedCaracara",20
2169,0,10.5809803009033,0,6.39473819732666,149.330383300781,8.9166841506958,1.17929792404175,1.28384137153625,8.58792209625244,16.8676738739014,13.1509714126587,624.110229492188,-2.15494799613953,100.177780151367,-983.23955761392,-1917.48932304778,"WhiteTroatedCaracara",20
2170,0,4.80316972732544,0,5.50105714797974,113.312942504883,18.2230644226074,2.52278685569763,0.903609156608582,12.186393737793,25.7082290649414,21.7548866271973,835.159240722656,1.99545896053314,127.716110229492,-963.23955761392,-1917.48932304778,"WhiteTroatedCaracara",20
2171,0,11.323371887207,0,2.85248994827271,88.6154861450195,37.2802352905273,3.18531274795532,0.366282820701599,7.86618232727051,24.644437789917,23.6311721801758,1324.00561523438,-0.791144907474518,66.7157287597656,-943.23955761392,-1917.48932304778,"WhiteTroatedCaracara",20
2172,1,17.2594127655029,0,4.06201648712158,55.6337242126465,26.4161434173584,3.18079447746277,0,12.9927701950073,17.8664741516113,37.9688758850098,1150.78198242188,0.00344874337315559,21.0695819854736,-923.23955761392,-1917.48932304778,"WhiteTroatedCaracara",20
2173,1,5.7389349937439,0,6.44148683547974,42.9036979675293,36.0595397949219,0.049066711217165,0,7.10665988922119,20.585958480835,36.0610733032227,750.218872070312,-0.583547115325928,53.9330177307129,-903.23955761392,-1917.48932304778,"WhiteTroatedCaracara",20
2174,1,7.70598745346069,0,8.24038124084473,38.7824783325195,27.1905212402344,0.462475538253784,0,2.39249396324158,21.9552059173584,9.67677783966064,406.564208984375,-1.54485714435577,26.3666210174561,-883.23955761392,-1917.48932304778,"WhiteTroatedCaracara",20
2175,1,6.51097106933594,0,8.53286457061768,33.6654357910156,26.0672931671143,0.0613552033901215,0,2.41362452507019,16.0984115600586,12.7987670898438,364.869842529297,-1.23126804828644,18.3915481567383,-863.23955761392,-1917.48932304778,"WhiteTroatedCaracara",20
2176,1,3.60188055038452,0,7.80281496047974,31.5290069580078,33.419059753418,0,0,8.41436195373535,21.154275894165,36.8779106140137,555.982055664062,-0.593733191490173,21.543550491333,-843.23955761392,-1917.48932304778,"WhiteTroatedCaracara",20
2177,1,7.29159832000732,0,7.34884023666382,30.4355163574219,38.4079322814941,0.135745987296104,0,7.50051784515381,14.7991275787354,39.0352935791016,676.567565917969,1.1786789894104,24.8242435455322,-823.23955761392,-1917.48932304778,"WhiteTroatedCaracara",20
2178,0,4.27731037139893,0,8.90336799621582,32.7105865478516,36.7486457824707,1.03928744792938,0,5.9544882774353,13.4937572479248,42.5824546813965,364.753875732422,-0.133359417319298,20.8569259643555,-803.23955761392,-1917.48932304778,"WhiteTroatedCaracara",20
2179,1,6.30948257446289,0,8.35831928253174,33.5831871032715,36.2322425842285,0.724381268024445,0,8.78721046447754,13.5984210968018,40.4031944274902,500.949768066406,0.901833295822144,29.8273487091064,-783.23955761392,-1917.48932304778,"WhiteTroatedCaracara",20
2180,0,4.72159004211426,0,8.54335784912109,34.2273635864258,39.5841026306152,0.0764548182487488,0,6.51078462600708,14.8202667236328,38.8892860412598,463.931274414062,0.467227607965469,11.3825588226318,-763.23955761392,-1917.48932304778,"WhiteTroatedCaracara",20
2181,1,4.76122522354126,0,8.98592185974121,36.2079544067383,39.2394256591797,0.0534762963652611,0,5.31970834732056,15.9070825576782,39.2292709350586,378.423553466797,0.342884212732315,7.32252740859985,-743.23955761392,-1917.48932304778,"WhiteTroatedCaracara",20
2182,0,12.7922458648682,0,9.53229141235352,39.2941970825195,24.963623046875,0,0,9.29722213745117,49.7675514221191,15.7678318023682,264.762939453125,-0.302718430757523,6.61475658416748,-723.23955761392,-1917.48932304778,"WhiteTroatedCaracara",20
2183,0,8.75999069213867,0,9.57942008972168,42.2438545227051,11.3060865402222,0.0234354920685291,0.0245291832834482,11.6749114990234,61.4018135070801,15.532488822937,259.978240966797,0.0286334734410048,2.43257570266724,-703.23955761392,-1917.48932304778,"WhiteTroatedCaracara",20
2184,0,5.18742656707764,0,9.6224422454834,44.0204620361328,18.46022605896,0.287312567234039,0.0336430966854095,10.4098243713379,59.4634208679199,10.6542730331421,244.310577392578,0.0574940480291843,5.64117956161499,-683.23955761392,-1917.48932304778,"WhiteTroatedCaracara",20
2185,0,2.74757552146912,0,9.65169429779053,46.4726104736328,10.1120090484619,0.0846042409539223,0.0251059364527464,12.1765623092651,59.3078079223633,17.3443508148193,238.498107910156,-0.0605301596224308,7.64267873764038,-663.23955761392,-1917.48932304778,"WhiteTroatedCaracara",20
2186,0,4.28066301345825,0,9.70889472961426,50.1667213439941,24.6974315643311,0.0857767537236214,0.0322709530591965,9.27508926391602,41.5230178833008,23.8873157501221,220.370254516602,-0.0414239726960659,8.29406070709229,-643.23955761392,-1917.48932304778,"WhiteTroatedCaracara",20
2187,0,4.49393320083618,0,9.80515193939209,52.6442565917969,41.5377006530762,0,0.0313981994986534,5.20978927612305,14.7242059707642,38.0145950317383,203.642105102539,-0.00402604974806309,16.1466655731201,-623.23955761392,-1917.48932304778,"WhiteTroatedCaracara",20
2188,1,2.57671737670898,0,10.4621553421021,57.6335563659668,37.5123634338379,0,0.176855117082596,4.98751449584961,12.1364450454712,39.5135040283203,63.1911544799805,-0.488222539424896,11.7732620239258,-603.23955761392,-1917.48932304778,"WhiteTroatedCaracara",20
2189,1,4.79611730575562,0,10.2718086242676,53.9261665344238,45.6750068664551,0,0.000654735777061433,1.78899240493774,6.63736629486084,41.765869140625,117.275001525879,0.484808027744293,17.8620777130127,-583.23955761392,-1917.48932304778,"WhiteTroatedCaracara",20
2190,0,195.00993347168,0,7.06836938858032,1333.19995117188,0.726016581058502,4.60949802398682,1.16415119171143,21.9564266204834,14.1082916259766,15.8883666992188,148.808486938477,-1.37015080451965,64.8834228515625,-1223.23955761392,-1937.48932304778,"WhiteTroatedCaracara",20
2191,0,195.00993347168,0,7.06836938858032,1333.19995117188,0.726016581058502,4.60949802398682,1.16415119171143,21.9564266204834,14.1082916259766,15.8883666992188,148.808486938477,-1.37015080451965,64.8834228515625,-1203.23955761392,-1937.48932304778,"WhiteTroatedCaracara",20
2192,0,175.760803222656,0,7.13111352920532,1273.74145507812,0.928086459636688,1.44573199748993,1.71740531921387,34.3461875915527,14.3351812362671,21.6023082733154,202.327041625977,0.280494213104248,106.430557250977,-1183.23955761392,-1937.48932304778,"WhiteTroatedCaracara",20
2193,0,157.470230102539,0,7.29675769805908,1189.17077636719,0.733400046825409,0.724692761898041,2.01513075828552,30.2567882537842,12.2216176986694,19.7232208251953,191.884735107422,0.644263982772827,101.446174621582,-1163.23955761392,-1937.48932304778,"WhiteTroatedCaracara",20
2194,0,139.334167480469,0,6.49932765960693,1069.32067871094,2.8983781337738,1.78658866882324,3.1592264175415,32.4223861694336,19.0459899902344,18.7042236328125,376.388946533203,-2.29929685592651,174.808349609375,-1143.23955761392,-1937.48932304778,"WhiteTroatedCaracara",20
2195,1,121.342803955078,0,7.08628511428833,944.991027832031,1.19074869155884,0.646457314491272,4.64489221572876,26.5550804138184,13.6121044158936,13.182035446167,257.345733642578,-0.0573592185974121,98.0700836181641,-1123.23955761392,-1937.48932304778,"WhiteTroatedCaracara",20
2196,0,103.495903015137,0,6.51728296279907,805.984924316406,5.27260875701904,1.87448132038116,2.28419804573059,23.5838947296143,23.9295921325684,17.4722442626953,395.452423095703,-1.19961762428284,132.836807250977,-1103.23955761392,-1937.48932304778,"WhiteTroatedCaracara",20
2197,0,86.1477584838867,0,5.53924798965454,671.28125,4.03062868118286,1.61816608905792,1.7916476726532,4.47181510925293,15.9151983261108,4.41657686233521,514.799743652344,-0.132150769233704,92.4261169433594,-1083.23955761392,-1937.48932304778,"WhiteTroatedCaracara",20
2198,0,69.4895095825195,0,2.30484485626221,509.079437255859,0.266427367925644,0,0.0220295339822769,0.219898834824562,0.709006130695343,0.0106886634603143,1122.43591308594,-0.0600319057703018,84.2439804077148,-1063.23955761392,-1937.48932304778,"WhiteTroatedCaracara",20
2199,0,54.2254905700684,0,0.264214992523193,382.735412597656,0,2.16892218589783,0,0,1.22040629386902,0,1529.00378417969,-0.549045920372009,62.2494430541992,-1043.23955761392,-1937.48932304778,"WhiteTroatedCaracara",20
2200,0,41.4294052124023,0,3.18879389762878,312.033782958984,4.88388776779175,7.42601156234741,0.522964298725128,3.3911018371582,16.8772258758545,4.8752646446228,1076.54309082031,-0.823020458221436,133.978439331055,-1023.23955761392,-1937.48932304778,"WhiteTroatedCaracara",20
2201,1,31.8545722961426,0,4.02617073059082,223.556213378906,10.3066320419312,1.52439880371094,5.12950038909912,15.3688764572144,21.6821174621582,16.039005279541,1026.98608398438,0.598191142082214,168.704376220703,-1003.23955761392,-1937.48932304778,"WhiteTroatedCaracara",20
2202,0,20.8901138305664,0,5.04045867919922,150.491470336914,13.3367328643799,2.79592633247375,4.89011573791504,13.2029323577881,23.8242378234863,15.9159774780273,861.084167480469,-0.440464466810226,128.76203918457,-983.23955761392,-1937.48932304778,"WhiteTroatedCaracara",20
2203,0,10.2171201705933,0,7.31790161132812,96.524284362793,8.73482036590576,2.01392316818237,1.21961879730225,6.13975191116333,18.1149406433105,10.4781093597412,461.191986083984,1.12783634662628,75.7433471679688,-963.23955761392,-1937.48932304778,"WhiteTroatedCaracara",20
2204,1,5.41797828674316,0,5.65091991424561,71.2309265136719,21.3531742095947,4.14747285842896,0.246983721852303,12.5546388626099,27.3425731658936,26.7522583007812,806.518310546875,-0.269851267337799,57.3909339904785,-943.23955761392,-1937.48932304778,"WhiteTroatedCaracara",20
2205,1,9.91586017608643,0,4.68281698226929,52.6809616088867,26.7468910217285,2.32038736343384,0,9.92155075073242,23.3162231445312,36.9345970153809,1022.15417480469,0.623362004756927,36.1433868408203,-923.23955761392,-1937.48932304778,"WhiteTroatedCaracara",20
2206,1,4.42691564559937,0,5.00042915344238,42.4256057739258,31.1147480010986,0,0,9.35628318786621,19.5222511291504,39.607120513916,987.747192382812,1.3549667596817,23.1462001800537,-903.23955761392,-1937.48932304778,"WhiteTroatedCaracara",20
2207,1,3.64598894119263,0,6.96306228637695,36.5730476379395,43.1746559143066,0,0,4.42366886138916,16.6362762451172,32.8414688110352,637.126831054688,0.630393385887146,31.722936630249,-883.23955761392,-1937.48932304778,"WhiteTroatedCaracara",20
2208,1,4.02207517623901,0,8.19165134429932,34.1660308837891,40.2039642333984,0,0,6.33033132553101,17.344051361084,32.2003631591797,412.622497558594,0.101042166352272,23.9350128173828,-863.23955761392,-1937.48932304778,"WhiteTroatedCaracara",20
2209,0,5.69529247283936,0,7.67980670928955,31.4798049926758,39.0897331237793,0.124678373336792,0,6.87119054794312,17.1114978790283,36.8408622741699,541.684753417969,0.419916123151779,26.0652656555176,-843.23955761392,-1937.48932304778,"WhiteTroatedCaracara",20
2210,0,4.09151935577393,0,8.66674995422363,31.1977043151855,37.9479141235352,0.415058642625809,0,7.44966983795166,16.8580856323242,37.0893783569336,353.985504150391,-0.711707949638367,16.4099254608154,-823.23955761392,-1937.48932304778,"WhiteTroatedCaracara",20
2211,0,6.11930131912231,0,9.10841941833496,31.2529945373535,44.9383544921875,0.317949771881104,0,3.80408811569214,26.5109252929688,24.4791946411133,255.337875366211,-0.226220846176147,10.5635967254639,-803.23955761392,-1937.48932304778,"WhiteTroatedCaracara",20
2212,1,3.06810164451599,0,9.17888355255127,33.9764060974121,39.5618019104004,1.51058340072632,0,5.02016496658325,18.9789600372314,34.7176399230957,259.593109130859,-0.684307813644409,22.6369934082031,-783.23955761392,-1937.48932304778,"WhiteTroatedCaracara",20
2213,0,3.36611580848694,0,9.12634181976318,35.2123908996582,36.1393547058105,2.57665991783142,0.022118492051959,6.74159097671509,14.2029981613159,39.8045654296875,297.659271240234,0.1537956148386,34.8764915466309,-763.23955761392,-1937.48932304778,"WhiteTroatedCaracara",20
2214,0,7.14694881439209,0,8.84878540039062,36.6012306213379,41.6147232055664,0.560635507106781,0,5.35213804244995,15.6908330917358,36.5711288452148,354.564361572266,0.31198263168335,17.0972709655762,-743.23955761392,-1937.48932304778,"WhiteTroatedCaracara",20
2215,0,5.04030561447144,0,8.95348072052002,38.9508056640625,29.8697853088379,1.499675989151,0.0529350079596043,7.55218887329102,21.7212734222412,38.0535659790039,331.179534912109,0.476401388645172,8.78151035308838,-723.23955761392,-1937.48932304778,"WhiteTroatedCaracara",20
2216,0,3.70414686203003,0,9.05342483520508,41.4936981201172,30.1620674133301,0.642101228237152,0.0446263365447521,7.14462995529175,22.3316650390625,39.0998229980469,298.966613769531,-0.0599323026835918,5.70352697372437,-703.23955761392,-1937.48932304778,"WhiteTroatedCaracara",20
2217,0,6.13007688522339,0,9.13377857208252,43.8912506103516,31.4978866577148,0.0746054574847221,0.0215673726052046,7.27763319015503,28.6055316925049,32.0744705200195,274.878845214844,-0.182637795805931,7.48421192169189,-683.23955761392,-1937.48932304778,"WhiteTroatedCaracara",20
2218,0,9.91004753112793,0,9.12148094177246,46.6118431091309,20.79176902771,0.0246954783797264,0.0680115520954132,10.0423793792725,39.3459129333496,29.5231838226318,278.920166015625,0.0261242557317019,7.90584468841553,-663.23955761392,-1937.48932304778,"WhiteTroatedCaracara",20
2219,0,5.03760480880737,0,9.39241886138916,51.6503562927246,27.9451389312744,0.142017170786858,0.16513703763485,8.7120246887207,27.646541595459,34.7138595581055,229.600799560547,0.0150847584009171,17.048454284668,-643.23955761392,-1937.48932304778,"WhiteTroatedCaracara",20
2220,0,4.62740325927734,0,9.39859867095947,54.0844078063965,36.5973892211914,0.0295342169702053,0.0646910220384598,7.96176767349243,13.4835376739502,41.6855010986328,238.229095458984,0.513526856899261,21.7706069946289,-623.23955761392,-1937.48932304778,"WhiteTroatedCaracara",20
2221,1,2.84228539466858,0,10.1988906860352,58.8032150268555,37.2679061889648,0,0.104200907051563,3.5386803150177,13.7921953201294,35.2443466186523,69.5908508300781,0.0645464509725571,17.5982246398926,-603.23955761392,-1937.48932304778,"WhiteTroatedCaracara",20
2222,1,2.84228539466858,0,10.1988906860352,58.8032150268555,37.2679061889648,0,0.104200907051563,3.5386803150177,13.7921953201294,35.2443466186523,69.5908508300781,0.0645464509725571,17.5982246398926,-583.23955761392,-1937.48932304778,"WhiteTroatedCaracara",20
2223,0,190.233489990234,0,6.84346008300781,1386.94921875,1.29445147514343,5.56975126266479,1.98671865463257,23.2579784393311,21.0740966796875,19.4243679046631,219.148681640625,-0.613391995429993,95.6108093261719,-1223.23955761392,-1957.48932304778,"WhiteTroatedCaracara",20
2224,0,190.233489990234,0,6.84346008300781,1386.94921875,1.29445147514343,5.56975126266479,1.98671865463257,23.2579784393311,21.0740966796875,19.4243679046631,219.148681640625,-0.613391995429993,95.6108093261719,-1203.23955761392,-1957.48932304778,"WhiteTroatedCaracara",20
2225,0,172.152923583984,0,7.17588901519775,1333.45703125,2.11164879798889,1.81031680107117,1.94702398777008,30.5181484222412,17.7662601470947,19.6414794921875,197.35530090332,0.103995218873024,99.2971725463867,-1183.23955761392,-1957.48932304778,"WhiteTroatedCaracara",20
2226,0,153.512054443359,0,6.79014158248901,1230.53979492188,4.72179985046387,0.620067834854126,1.46120750904083,18.8981456756592,24.2563323974609,15.8833274841309,259.276245117188,-0.632702648639679,107.819534301758,-1163.23955761392,-1957.48932304778,"WhiteTroatedCaracara",20
2227,0,134.835525512695,0,6.07224559783936,1098.68518066406,11.3089866638184,1.1303426027298,2.13305997848511,13.327241897583,33.1642913818359,15.117115020752,413.092651367188,2.09484314918518,169.167053222656,-1143.23955761392,-1957.48932304778,"WhiteTroatedCaracara",20
2228,0,114.807182312012,0,6.00935888290405,989.705322265625,8.39544200897217,1.55529010295868,4.42259502410889,20.4259738922119,24.7333354949951,10.6936922073364,451.393188476562,-1.10495400428772,141.842407226562,-1123.23955761392,-1957.48932304778,"WhiteTroatedCaracara",20
2229,0,97.7799530029297,0,5.97375011444092,815.257141113281,4.86047840118408,1.29875230789185,2.68711447715759,27.2064266204834,23.3230094909668,23.4603672027588,495.897857666016,1.40820586681366,140.25505065918,-1103.23955761392,-1957.48932304778,"WhiteTroatedCaracara",20
2230,0,79.3660659790039,0,5.61825942993164,686.961364746094,6.47950553894043,1.20032596588135,1.09380221366882,2.76680994033813,18.3917064666748,3.03337216377258,479.806457519531,0.0999024957418442,106.849540710449,-1083.23955761392,-1957.48932304778,"WhiteTroatedCaracara",20
2231,0,61.0593070983887,0,3.09627294540405,529.643920898438,1.78607833385468,0.0947535261511803,0.492286562919617,1.04911196231842,6.36569786071777,0.241454422473907,959.819458007812,-0.235173016786575,98.6421890258789,-1063.23955761392,-1957.48932304778,"WhiteTroatedCaracara",20
2232,0,43.1707496643066,0,-0.817607164382935,414.769470214844,0,12.7972602844238,0,0,3.16718626022339,0,1720.68933105469,-1.39349710941315,71.7001190185547,-1043.23955761392,-1957.48932304778,"WhiteTroatedCaracara",20
2233,0,26.4340667724609,0,0.538593232631683,352.103729248047,0.417086988687515,33.0882759094238,0,0.111045427620411,2.08823013305664,0.151066735386848,1507.48681640625,1.00804710388184,88.2904357910156,-1023.23955761392,-1957.48932304778,"WhiteTroatedCaracara",20
2234,1,15.3039646148682,0,3.53573560714722,220.456695556641,13.4882431030273,5.05391645431519,3.67993116378784,15.3865404129028,18.8186149597168,17.0364570617676,1100.32116699219,0.117905415594578,181.131652832031,-1003.23955761392,-1957.48932304778,"WhiteTroatedCaracara",20
2235,0,21.2462596893311,0,2.27044606208801,151.504852294922,32.4807205200195,2.36141514778137,0.314152449369431,5.90270090103149,29.9361820220947,26.5012702941895,1379.72619628906,1.30869150161743,114.244522094727,-983.23955761392,-1957.48932304778,"WhiteTroatedCaracara",20
2236,1,22.3301639556885,0,5.60248231887817,100.738563537598,13.8102016448975,6.10374402999878,0.0405522957444191,11.2388248443604,29.1997394561768,17.7546997070312,765.121765136719,-2.44889402389526,63.2683639526367,-963.23955761392,-1957.48932304778,"WhiteTroatedCaracara",20
2237,0,10.3428030014038,0,6.49641561508179,70.5028839111328,22.2697639465332,3.05679798126221,0.0838128998875618,9.31089210510254,27.3477115631104,27.2422161102295,622.925964355469,-0.650091469287872,44.758228302002,-943.23955761392,-1957.48932304778,"WhiteTroatedCaracara",20
2238,1,3.75674200057983,0,7.56342744827271,49.9299926757812,32.0019607543945,1.31329202651978,0,5.81841421127319,22.5194816589355,32.8728446960449,448.959167480469,-0.802669405937195,29.3738822937012,-923.23955761392,-1957.48932304778,"WhiteTroatedCaracara",20
2239,1,4.45528602600098,0,6.06536531448364,38.1748161315918,35.6566886901855,0.179919123649597,0,7.75368928909302,18.6403160095215,37.4406547546387,757.512939453125,0.190281063318253,21.1750106811523,-903.23955761392,-1957.48932304778,"WhiteTroatedCaracara",20
2240,1,11.9322757720947,0,6.90278434753418,33.232608795166,40.2164306640625,0,0,6.8061842918396,13.7752914428711,39.176383972168,615.949523925781,0.000127662904560566,28.3541698455811,-883.23955761392,-1957.48932304778,"WhiteTroatedCaracara",20
2241,0,18.1277885437012,0,8.14710140228271,33.0454254150391,44.4780883789062,0.0494121871888638,0,4.98495960235596,13.6227512359619,36.7987976074219,381.473785400391,0.0684775188565254,22.9741134643555,-863.23955761392,-1957.48932304778,"WhiteTroatedCaracara",20
2242,0,11.6382608413696,0,8.44302845001221,31.8134422302246,38.4059753417969,0.122884586453438,0,6.32382869720459,22.883487701416,31.6342277526855,330.646575927734,-0.111478932201862,13.8002004623413,-843.23955761392,-1957.48932304778,"WhiteTroatedCaracara",20
2243,0,4.8882908821106,0,8.55524158477783,31.4358787536621,34.1857299804688,0,0,8.59050178527832,16.6672134399414,40.5514373779297,323.403472900391,0.264807790517807,3.22625327110291,-823.23955761392,-1957.48932304778,"WhiteTroatedCaracara",20
2244,0,5.14345836639404,0,8.80229377746582,31.3197689056396,45.9145050048828,0,0,3.58598685264587,11.9346237182617,38.5646438598633,281.571807861328,0.185071855783463,3.25861072540283,-803.23955761392,-1957.48932304778,"WhiteTroatedCaracara",20
2245,0,5.06832122802734,0,9.0712718963623,33.1780548095703,43.5879783630371,0.0705586820840836,0,4.36156225204468,12.5802516937256,39.3994903564453,235.685852050781,0.141943380236626,3.2704975605011,-783.23955761392,-1957.48932304778,"WhiteTroatedCaracara",20
2246,1,3.11323833465576,0,9.36391735076904,35.9453659057617,25.3844146728516,2.12781381607056,0.152375012636185,8.65593910217285,27.3909206390381,36.0909042358398,186.002792358398,-0.00713728228583932,7.70314931869507,-763.23955761392,-1957.48932304778,"WhiteTroatedCaracara",20
2247,1,3.98549342155457,0,9.45905113220215,38.960578918457,20.5946407318115,2.85407710075378,0.0168792046606541,9.67444229125977,32.7549934387207,33.6104621887207,169.587158203125,-0.189973339438438,7.84013175964355,-743.23955761392,-1957.48932304778,"WhiteTroatedCaracara",20
2248,0,8.04887962341309,0,9.5695276260376,41.1474914550781,33.2895774841309,0.749797880649567,0.0115932310000062,6.17507600784302,33.8728370666504,24.7864360809326,141.830108642578,-0.337966024875641,16.9264392852783,-723.23955761392,-1957.48932304778,"WhiteTroatedCaracara",20
2249,0,7.34912014007568,0,9.24848079681396,43.4859962463379,40.3388900756836,0.572500586509705,0,4.31720352172852,28.9211540222168,25.5195827484131,195.72737121582,-0.18777371942997,16.6410026550293,-703.23955761392,-1957.48932304778,"WhiteTroatedCaracara",20
2250,0,3.71350860595703,0,9.04856491088867,45.5695495605469,35.3157539367676,0.0110807772725821,0.0193780921399593,7.0659875869751,23.2679004669189,34.227367401123,246.961669921875,0.113090209662914,14.5554227828979,-683.23955761392,-1957.48932304778,"WhiteTroatedCaracara",20
2251,0,5.35033082962036,0,9.3568058013916,47.9122085571289,29.9190807342529,0.570317924022675,0.0613714456558228,8.72609710693359,24.7922267913818,35.794059753418,189.220672607422,0.270957291126251,17.5588455200195,-663.23955761392,-1957.48932304778,"WhiteTroatedCaracara",20
2252,0,8.00672054290771,0,9.89904975891113,52.8044357299805,38.0199737548828,0.363734543323517,0.150194272398949,5.94563388824463,18.4633045196533,36.3194198608398,83.9139404296875,-0.167556121945381,19.0726890563965,-643.23955761392,-1957.48932304778,"WhiteTroatedCaracara",20
2253,0,7.62028121948242,0,9.94847393035889,57.8127746582031,41.8444213867188,0.111813895404339,0.196671366691589,4.82614231109619,10.3665027618408,40.9887809753418,73.4316177368164,-0.482302278280258,17.4503116607666,-623.23955761392,-1957.48932304778,"WhiteTroatedCaracara",20
2254,0,2.23726201057434,0,10.0018787384033,59.3589401245117,37.4227333068848,0,0.11108735203743,1.9546115398407,12.1506681442261,38.1395721435547,55.7634353637695,0.012239983305335,14.0464239120483,-603.23955761392,-1957.48932304778,"WhiteTroatedCaracara",20
2255,1,2.23726201057434,0,10.0018787384033,59.3589401245117,37.4227333068848,0,0.11108735203743,1.9546115398407,12.1506681442261,38.1395721435547,55.7634353637695,0.012239983305335,14.0464239120483,-583.23955761392,-1957.48932304778,"WhiteTroatedCaracara",20
2256,0,189.490447998047,0,7.22581005096436,1461.94482421875,1.136714220047,3.48250937461853,1.38814783096313,19.5629062652588,15.7380228042603,13.9277086257935,121.156661987305,0.73017543554306,54.2863388061523,-1223.23955761392,-1977.48932304778,"WhiteTroatedCaracara",20
2257,0,189.490447998047,0,7.22581005096436,1461.94482421875,1.136714220047,3.48250937461853,1.38814783096313,19.5629062652588,15.7380228042603,13.9277086257935,121.156661987305,0.73017543554306,54.2863388061523,-1203.23955761392,-1977.48932304778,"WhiteTroatedCaracara",20
2258,0,189.490447998047,0,7.22581005096436,1461.94482421875,1.136714220047,3.48250937461853,1.38814783096313,19.5629062652588,15.7380228042603,13.9277086257935,121.156661987305,0.73017543554306,54.2863388061523,-1183.23955761392,-1977.48932304778,"WhiteTroatedCaracara",20
2259,0,151.992324829102,0,6.67384576797485,1291.59326171875,5.44606876373291,1.94855940341949,0.643907845020294,14.492748260498,33.1696014404297,16.1104431152344,249.612976074219,-1.87678575515747,122.826599121094,-1163.23955761392,-1977.48932304778,"WhiteTroatedCaracara",20
2260,0,133.353240966797,0,5.78439903259277,1137.64123535156,9.16975116729736,1.23341047763824,2.09647011756897,14.1957483291626,38.0518455505371,8.97574043273926,472.487213134766,-1.03866136074066,199.242782592773,-1143.23955761392,-1977.48932304778,"WhiteTroatedCaracara",20
2261,0,114.807182312012,0,6.00935888290405,989.705322265625,8.39544200897217,1.55529010295868,4.42259502410889,20.4259738922119,24.7333354949951,10.6936922073364,451.393188476562,-1.10495400428772,141.842407226562,-1123.23955761392,-1977.48932304778,"WhiteTroatedCaracara",20
2262,0,96.428581237793,0,5.73224401473999,842.060729980469,5.95164966583252,1.73608613014221,4.50904989242554,24.6270809173584,20.3286018371582,16.8955364227295,487.19482421875,2.50257062911987,142.724075317383,-1103.23955761392,-1977.48932304778,"WhiteTroatedCaracara",20
2263,0,77.4127197265625,0,6.14744424819946,701.109558105469,4.29865312576294,0.541364312171936,2.51918268203735,12.8684883117676,20.0500087738037,9.92957210540771,357.986328125,-2.13144373893738,98.2566909790039,-1083.23955761392,-1977.48932304778,"WhiteTroatedCaracara",20
2264,0,58.8419380187988,0,3.15219068527222,544.910949707031,0.861855447292328,0.537425935268402,0.921587467193604,3.14885568618774,7.120924949646,1.96406388282776,917.422790527344,-0.431204527616501,86.5831756591797,-1063.23955761392,-1977.48932304778,"WhiteTroatedCaracara",20
2265,0,40.3422164916992,0,-2.32063007354736,405.600860595703,0,1.77382361888885,0,0,1.88545286655426,0,1999.89135742188,4.61844301223755,136.940124511719,-1043.23955761392,-1977.48932304778,"WhiteTroatedCaracara",20
2266,1,22.131534576416,0,1.50411987304688,357.473266601562,0.645798444747925,28.0774974822998,0,0.114352963864803,4.61563301086426,0.919881641864777,1310.04748535156,0.144922390580177,71.2374420166016,-1023.23955761392,-1977.48932304778,"WhiteTroatedCaracara",20
2267,1,6.56147003173828,1,4.92011308670044,204.65739440918,11.1027631759644,6.03127479553223,2.09355592727661,13.49866771698,22.4096622467041,16.3123607635498,843.990234375,0.15887725353241,131.411743164062,-1003.23955761392,-1977.48932304778,"WhiteTroatedCaracara",20
2268,1,8.09653282165527,0,5.57636213302612,134.028732299805,28.4736042022705,1.55122101306915,0.172664791345596,6.7893123626709,34.1552772521973,23.3645706176758,795.279541015625,0.967984914779663,81.179313659668,-983.23955761392,-1977.48932304778,"WhiteTroatedCaracara",20
2269,0,15.0844078063965,0,2.82006096839905,107.949653625488,30.663667678833,4.867995262146,0,6.87692165374756,24.2679100036621,30.5756759643555,1307.62854003906,3.77306818962097,84.411750793457,-963.23955761392,-1977.48932304778,"WhiteTroatedCaracara",20
2270,0,16.8823356628418,0,4.56565713882446,67.9638671875,22.6245136260986,3.78351736068726,0,11.9342889785767,24.5813941955566,35.5890197753906,997.818054199219,0.342785239219666,51.7542839050293,-943.23955761392,-1977.48932304778,"WhiteTroatedCaracara",20
2271,0,6.72879838943481,0,6.07801294326782,49.3172340393066,23.7386207580566,0.0648775547742844,0,9.17330551147461,29.7067184448242,37.2492790222168,709.02099609375,-0.325488179922104,44.8738670349121,-923.23955761392,-1977.48932304778,"WhiteTroatedCaracara",20
2272,1,3.51784539222717,0,7.5011682510376,38.4321823120117,36.5530128479004,0.52854973077774,0,7.32185125350952,16.1882495880127,38.9453926086426,444.195526123047,-0.352586477994919,32.0544738769531,-903.23955761392,-1977.48932304778,"WhiteTroatedCaracara",20
2273,0,10.6167736053467,0,7.54509162902832,33.5890083312988,34.3514976501465,0,0,7.60342597961426,18.3404788970947,39.7261505126953,452.965728759766,0.791247010231018,28.3096580505371,-883.23955761392,-1977.48932304778,"WhiteTroatedCaracara",20
2274,0,10.2141237258911,0,8.57406425476074,32.3238182067871,33.5089416503906,0,0,7.84105157852173,16.5718479156494,42.0915870666504,260.022552490234,-0.224057629704475,5.26694536209106,-863.23955761392,-1977.48932304778,"WhiteTroatedCaracara",20
2275,0,6.46685361862183,0,8.77775764465332,31.4010276794434,40.3123016357422,0.0173970460891724,0,6.56084156036377,14.192479133606,38.9051856994629,223.445983886719,-0.337371379137039,6.09697675704956,-843.23955761392,-1977.48932304778,"WhiteTroatedCaracara",20
2276,0,5.41990900039673,0,8.87159824371338,31.1937618255615,36.141056060791,0.135928466916084,0,6.76499843597412,16.8146457672119,40.1180610656738,212.268630981445,-0.394085228443146,11.0841646194458,-823.23955761392,-1977.48932304778,"WhiteTroatedCaracara",20
2277,0,4.10247850418091,0,9.05336570739746,31.7115154266357,38.8913726806641,1.29457724094391,0,6.27236318588257,25.9365520477295,27.5644226074219,174.535003662109,-0.254441618919373,8.50872325897217,-803.23955761392,-1977.48932304778,"WhiteTroatedCaracara",20
2278,0,4.35373020172119,0,9.22365283966064,33.7785415649414,34.3677978515625,2.19980788230896,0,6.00915193557739,28.746603012085,28.4249782562256,143.886245727539,-0.777977764606476,7.48605966567993,-783.23955761392,-1977.48932304778,"WhiteTroatedCaracara",20
2279,0,3.64677023887634,0,9.36772441864014,35.8511924743652,28.8050727844238,3.75080347061157,0.0241444669663906,8.18977451324463,39.3323364257812,19.8855323791504,120.58570098877,-0.352310717105865,5.48348140716553,-763.23955761392,-1977.48932304778,"WhiteTroatedCaracara",20
2280,1,2.8363733291626,0,9.4779748916626,39.5813102722168,20.5747833251953,2.49888396263123,0.0255218017846346,9.62121772766113,38.7991218566895,28.0137424468994,102.384323120117,-0.102592907845974,5.08686876296997,-743.23955761392,-1977.48932304778,"WhiteTroatedCaracara",20
2281,1,5.36137628555298,0,9.48598480224609,42.5527877807617,19.1586399078369,1.25738668441772,0.35615462064743,10.1910200119019,40.7963523864746,27.8391227722168,100.058448791504,0.31011027097702,8.23251533508301,-723.23955761392,-1977.48932304778,"WhiteTroatedCaracara",20
2282,0,5.44326543807983,0,9.48328971862793,45.0265808105469,17.792423248291,0.812107741832733,0.0253510139882565,10.5929174423218,43.4491920471191,27.3253803253174,95.8223724365234,-0.0393041744828224,7.98736572265625,-703.23955761392,-1977.48932304778,"WhiteTroatedCaracara",20
2283,0,5.04593324661255,0,9.48914813995361,47.3153419494629,27.1152191162109,0.596918523311615,0.0549346692860126,9.40138053894043,29.8814525604248,32.9021682739258,91.6783828735352,0.0629335716366768,7.95151424407959,-683.23955761392,-1977.48932304778,"WhiteTroatedCaracara",20
2284,0,4.46991157531738,0,9.64590072631836,49.7759628295898,31.2268447875977,0.0238373950123787,0.258669942617416,8.72327518463135,18.5492286682129,40.6478691101074,62.8884124755859,0.21512146294117,14.2900447845459,-663.23955761392,-1977.48932304778,"WhiteTroatedCaracara",20
2285,0,5.35150623321533,0,9.91811943054199,53.5570678710938,39.5322723388672,0.141182154417038,0.0545742399990559,5.90018558502197,18.2305316925049,33.4283905029297,1.39802646636963,-0.201305717229843,11.729775428772,-643.23955761392,-1977.48932304778,"WhiteTroatedCaracara",20
2286,0,5.20932006835938,0,9.46442413330078,57.3270454406738,33.0313453674316,0,0.0784358084201813,7.7184910774231,14.464693069458,44.5803337097168,102.112060546875,0.14071387052536,7.43263292312622,-623.23955761392,-1977.48932304778,"WhiteTroatedCaracara",20
2287,1,3.82578039169312,0,9.61218643188477,59.0466728210449,38.3877258300781,0,0.0520751029253006,5.09184741973877,19.8584747314453,34.4336395263672,69.2393112182617,-0.057120468467474,4.62251949310303,-603.23955761392,-1977.48932304778,"WhiteTroatedCaracara",20
2288,0,189.490447998047,0,7.22581005096436,1461.94482421875,1.136714220047,3.48250937461853,1.38814783096313,19.5629062652588,15.7380228042603,13.9277086257935,121.156661987305,0.73017543554306,54.2863388061523,-1203.23955761392,-1997.48932304778,"WhiteTroatedCaracara",20
2289,0,170.90007019043,0,7.10720252990723,1563.43286132812,1.69308710098267,1.53625500202179,1.88698208332062,25.6965465545654,17.5689697265625,15.2902269363403,120.823699951172,-0.395193606615067,51.8508605957031,-1183.23955761392,-1997.48932304778,"WhiteTroatedCaracara",20
2290,0,153.725799560547,0,6.74773263931274,1434.208984375,1.99115669727325,1.56576633453369,1.18410062789917,19.8612575531006,26.4573345184326,20.6812973022461,241.008361816406,-1.12923753261566,105.069473266602,-1163.23955761392,-1997.48932304778,"WhiteTroatedCaracara",20
2291,0,134.869262695312,0,6.16323852539062,1200.0859375,7.53860425949097,1.35165309906006,2.16044473648071,17.1302089691162,31.1539211273193,19.3911552429199,389.664825439453,0.541085481643677,162.888168334961,-1143.23955761392,-1997.48932304778,"WhiteTroatedCaracara",20
2292,0,116.354301452637,0,6.53111839294434,1043.07592773438,6.89525651931763,1.38194155693054,2.34870886802673,21.3963108062744,24.7363109588623,16.6981220245361,335.976867675781,-0.837975740432739,127.168312072754,-1123.23955761392,-1997.48932304778,"WhiteTroatedCaracara",20
2293,0,98.6508026123047,0,6.26840209960938,879.365783691406,7.59320545196533,0.810282051563263,1.44089949131012,12.3111515045166,21.1418304443359,11.6534271240234,304.683837890625,-0.283085852861404,107.012924194336,-1103.23955761392,-1997.48932304778,"WhiteTroatedCaracara",20
2294,0,79.5280914306641,0,6.10240364074707,723.087951660156,3.21577382087708,0.91749507188797,4.0079927444458,15.6649141311646,19.1785049438477,11.1988859176636,349.537750244141,0.487305521965027,107.958122253418,-1083.23955761392,-1997.48932304778,"WhiteTroatedCaracara",20
2295,0,61.5199775695801,0,3.13687682151794,562.76025390625,2.69194006919861,0.796339392662048,2.16628098487854,3.46681714057922,9.29806518554688,2.10808444023132,908.952819824219,1.42502844333649,168.475631713867,-1063.23955761392,-1997.48932304778,"WhiteTroatedCaracara",20
2296,0,43.728832244873,0,-0.41241317987442,414.257354736328,0,0,0,0,0.0397829189896584,0,1610.92761230469,-0.479862719774246,75.8052444458008,-1043.23955761392,-1997.48932304778,"WhiteTroatedCaracara",20
2297,0,26.999210357666,0,2.16397976875305,341.666961669922,1.75758719444275,11.3211498260498,0.53924822807312,1.55049729347229,10.0583581924438,2.12912631034851,1193.80041503906,-0.328054189682007,89.1038360595703,-1023.23955761392,-1997.48932304778,"WhiteTroatedCaracara",20
2298,1,14.0684795379639,1,5.95601797103882,204.754211425781,5.991943359375,1.30965876579285,1.11676359176636,3.39951872825623,14.5921993255615,6.77334642410278,605.043640136719,-2.62119364738464,110.530052185059,-1003.23955761392,-1997.48932304778,"WhiteTroatedCaracara",20
2299,1,5.99740934371948,0,7.95380115509033,120.571411132812,3.40040731430054,0.332835346460342,0,1.22589981555939,10.9885396957397,5.48657035827637,259.811889648438,-1.32734143733978,4.73930788040161,-983.23955761392,-1997.48932304778,"WhiteTroatedCaracara",20
2300,1,4.41031265258789,0,7.85695552825928,78.0972366333008,8.10556888580322,0.809036254882812,0,3.43927812576294,16.777437210083,7.43744039535522,299.622344970703,-2.41063380241394,17.2199535369873,-963.23955761392,-1997.48932304778,"WhiteTroatedCaracara",20
2301,1,5.03548955917358,0,7.39526033401489,53.5263061523438,10.5915584564209,0.0119305765256286,0,6.28430843353271,24.2164039611816,10.7868909835815,409.176574707031,-0.431550979614258,24.8581390380859,-943.23955761392,-1997.48932304778,"WhiteTroatedCaracara",20
2302,1,3.16482067108154,0,7.01408290863037,40.3946380615234,26.7304420471191,0.0989012122154236,0,8.28359699249268,28.3222751617432,26.6287364959717,501.263702392578,0.77957147359848,28.6059970855713,-923.23955761392,-1997.48932304778,"WhiteTroatedCaracara",20
2303,0,3.68888568878174,0,7.50547885894775,32.9904136657715,38.2430419921875,0,0,7.25569581985474,17.5740165710449,36.9471130371094,412.669372558594,-0.369935423135757,29.4063625335693,-903.23955761392,-1997.48932304778,"WhiteTroatedCaracara",20
2304,1,5.17781352996826,0,7.73834657669067,30.3725624084473,38.9684638977051,0.109084635972977,0,6.62910270690918,18.893798828125,35.3116302490234,365.700836181641,-0.663736045360565,21.9902496337891,-883.23955761392,-1997.48932304778,"WhiteTroatedCaracara",20
2305,1,3.78818893432617,0,8.08463096618652,30.1672840118408,40.8212432861328,0.331923216581345,0,5.27944755554199,26.9281063079834,26.1522979736328,294.505554199219,-1.06178462505341,18.0114822387695,-863.23955761392,-1997.48932304778,"WhiteTroatedCaracara",20
2306,0,9.38683795928955,0,7.8521728515625,29.4416770935059,39.7395553588867,2.29269909858704,0,3.15889716148376,28.2634601593018,26.6076412200928,343.604217529297,-0.357295125722885,18.4388866424561,-843.23955761392,-1997.48932304778,"WhiteTroatedCaracara",20
2307,0,6.74716234207153,0,7.33700799942017,30.7922439575195,27.9936580657959,2.4324107170105,0,6.54528665542603,30.5176086425781,32.5799217224121,472.149688720703,0.641767561435699,31.2604179382324,-823.23955761392,-1997.48932304778,"WhiteTroatedCaracara",20
2308,0,4.60658311843872,0,7.26661205291748,30.9248199462891,29.7309188842773,0.375086158514023,0,8.64627552032471,32.4781379699707,28.7906303405762,483.287261962891,-0.0954644903540611,20.4878520965576,-803.23955761392,-1997.48932304778,"WhiteTroatedCaracara",20
2309,0,3.12225270271301,0,7.40770387649536,32.4076309204102,41.9741973876953,0.516572415828705,0,5.79128217697144,17.3147258758545,34.3417701721191,461.005279541016,1.03391647338867,17.228588104248,-783.23955761392,-1997.48932304778,"WhiteTroatedCaracara",20
2310,0,5.15627241134644,0,8.02466201782227,34.7807807922363,39.8399925231934,1.66330814361572,0.0271742604672909,5.39897871017456,19.9770832061768,32.7220039367676,341.839019775391,0.0974437817931175,19.6373081207275,-763.23955761392,-1997.48932304778,"WhiteTroatedCaracara",20
2311,0,5.12396764755249,0,8.67426776885986,39.4297332763672,30.2202625274658,0.583342552185059,0.0572342835366726,8.2001314163208,37.4304962158203,23.2354583740234,205.131500244141,0.0982030034065247,19.772777557373,-743.23955761392,-1997.48932304778,"WhiteTroatedCaracara",20
2312,0,6.1589469909668,0,9.20727252960205,42.0784034729004,36.1891326904297,1.0544261932373,0.0450977794826031,7.01998853683472,31.9353885650635,21.5523490905762,91.8797454833984,-0.649871468544006,14.7932863235474,-723.23955761392,-1997.48932304778,"WhiteTroatedCaracara",20
2313,1,4.55013847351074,0,9.11936950683594,45.3979797363281,24.8150081634521,0.729172825813293,0.144112095236778,9.64317035675049,34.3210639953613,29.8416137695312,103.689842224121,0.248791471123695,6.91511249542236,-703.23955761392,-1997.48932304778,"WhiteTroatedCaracara",20
2314,0,7.11435127258301,0,9.10040760040283,47.3436050415039,25.3237209320068,1.18191945552826,0.309742331504822,10.0779790878296,23.3756866455078,37.8887748718262,101.660247802734,0.161446377635002,3.70733737945557,-683.23955761392,-1997.48932304778,"WhiteTroatedCaracara",20
2315,1,2.3229649066925,0,9.31689167022705,49.5549583435059,24.8638610839844,0,0.104842372238636,8.35435390472412,34.1718444824219,25.3772029876709,45.8127555847168,-0.307696133852005,6.02032947540283,-663.23955761392,-1997.48932304778,"WhiteTroatedCaracara",20
2316,0,4.60659551620483,0,9.26029777526855,53.7615623474121,16.498291015625,0,0.00352466315962374,11.4139757156372,32.7702980041504,39.2770462036133,66.8204116821289,0.0160384140908718,3.08494663238525,-643.23955761392,-1997.48932304778,"WhiteTroatedCaracara",20
2317,0,4.37106227874756,0,9.25901794433594,56.9719657897949,24.5931797027588,0,0.13522544503212,9.00423717498779,16.3985958099365,48.298957824707,73.4759826660156,0.057608425617218,3.76311326026917,-623.23955761392,-1997.48932304778,"WhiteTroatedCaracara",20
2318,0,5.69803953170776,0,9.26571750640869,59.1703834533691,27.5094871520996,0,0.141571074724197,6.06350898742676,25.5298099517822,27.3891906738281,62.8776359558105,-0.00113009242340922,4.24810171127319,-603.23955761392,-1997.48932304778,"WhiteTroatedCaracara",20
2319,0,170.90007019043,0,7.10720252990723,1563.43286132812,1.69308710098267,1.53625500202179,1.88698208332062,25.6965465545654,17.5689697265625,15.2902269363403,120.823699951172,-0.395193606615067,51.8508605957031,-1203.23955761392,-2017.48932304778,"WhiteTroatedCaracara",20
2320,0,170.90007019043,0,7.10720252990723,1563.43286132812,1.69308710098267,1.53625500202179,1.88698208332062,25.6965465545654,17.5689697265625,15.2902269363403,120.823699951172,-0.395193606615067,51.8508605957031,-1183.23955761392,-2017.48932304778,"WhiteTroatedCaracara",20
2321,0,153.725799560547,0,6.74773263931274,1434.208984375,1.99115669727325,1.56576633453369,1.18410062789917,19.8612575531006,26.4573345184326,20.6812973022461,241.008361816406,-1.12923753261566,105.069473266602,-1163.23955761392,-2017.48932304778,"WhiteTroatedCaracara",20
2322,0,134.994857788086,0,6.39202785491943,1262.16076660156,8.39079284667969,0.588200032711029,2.34178066253662,12.434271812439,32.0986709594727,14.184061050415,330.205596923828,-1.01432681083679,126.291748046875,-1143.23955761392,-2017.48932304778,"WhiteTroatedCaracara",20
2323,0,96.7655258178711,0,6.51402473449707,894.612731933594,5.53740930557251,1.09232258796692,1.36338901519775,12.4020566940308,22.6701774597168,15.9087314605713,270.832427978516,-1.24750745296478,85.1285629272461,-1123.23955761392,-2017.48932304778,"WhiteTroatedCaracara",20
2324,0,96.7655258178711,0,6.51402473449707,894.612731933594,5.53740930557251,1.09232258796692,1.36338901519775,12.4020566940308,22.6701774597168,15.9087314605713,270.832427978516,-1.24750745296478,85.1285629272461,-1103.23955761392,-2017.48932304778,"WhiteTroatedCaracara",20
2325,0,79.5573196411133,0,6.02431678771973,746.874389648438,8.6363353729248,1.4540182352066,1.6049587726593,9.90610790252686,35.3348808288574,17.2011070251465,418.465881347656,-1.61025547981262,150.840560913086,-1083.23955761392,-2017.48932304778,"WhiteTroatedCaracara",20
2326,0,60.9951019287109,0,4.31164026260376,591.4013671875,1.59190714359283,0.312572807073593,1.4014493227005,1.72493827342987,7.42085123062134,0.993617296218872,591.571472167969,-3.57535028457642,181.709121704102,-1063.23955761392,-2017.48932304778,"WhiteTroatedCaracara",20
2327,0,42.6630210876465,0,-0.270990341901779,435.89208984375,0.00573264714330435,0,0,0,0.0324643291532993,0,1563.67590332031,3.70332145690918,104.529861450195,-1043.23955761392,-2017.48932304778,"WhiteTroatedCaracara",20
2328,0,24.7103290557861,0,2.25428080558777,333.645751953125,1.46207046508789,5.21556949615479,0.366822004318237,0.927705228328705,5.47013187408447,2.54235291481018,1135.00012207031,1.12245464324951,97.4798049926758,-1023.23955761392,-2017.48932304778,"WhiteTroatedCaracara",20
2329,0,9.78629779815674,0,2.67829060554504,244.867263793945,11.3361654281616,3.03061175346375,1.28323030471802,5.37086725234985,29.1640090942383,21.7829570770264,1194.53125,0.171187549829483,208.53288269043,-1003.23955761392,-2017.48932304778,"WhiteTroatedCaracara",20
2330,0,8.57155704498291,0,4.99749326705933,131.878036499023,19.1845226287842,1.74565255641937,0.183123961091042,6.86868810653687,29.0706558227539,41.3700408935547,836.408996582031,2.50053381919861,97.0247573852539,-983.23955761392,-2017.48932304778,"WhiteTroatedCaracara",20
2331,0,7.40690469741821,0,6.23201513290405,83.6750793457031,16.5959968566895,0.802666306495667,0,8.06736946105957,39.9632606506348,29.6467628479004,608.57568359375,-0.341622591018677,56.908863067627,-963.23955761392,-2017.48932304778,"WhiteTroatedCaracara",20
2332,1,4.30827045440674,0,7.22805976867676,52.3452224731445,23.7099704742432,0.365023702383041,0,3.94276237487793,22.0214405059814,15.8473329544067,403.250396728516,0.261557936668396,37.1171875,-943.23955761392,-2017.48932304778,"WhiteTroatedCaracara",20
2333,1,3.17021918296814,0,7.64995098114014,36.8045959472656,43.3600654602051,0.128117710351944,0,4.27875947952271,23.4021186828613,18.9375,322.927124023438,-0.343940854072571,18.3239364624023,-923.23955761392,-2017.48932304778,"WhiteTroatedCaracara",20
2334,0,3.64037203788757,0,6.85106611251831,34.7206687927246,33.0096664428711,0.042292732745409,0,7.60703754425049,26.4306621551514,32.9501190185547,488.235473632812,-1.24678349494934,40.1285781860352,-903.23955761392,-2017.48932304778,"WhiteTroatedCaracara",20
2335,0,5.23043727874756,0,5.77137565612793,32.8010673522949,32.1333961486816,0.123230777680874,0,8.40382289886475,22.2746543884277,36.8879470825195,698.226867675781,0.656205892562866,24.0716667175293,-883.23955761392,-2017.48932304778,"WhiteTroatedCaracara",20
2336,1,4.43548727035522,0,5.49795246124268,32.2613868713379,28.666618347168,0.108971804380417,0,10.6253681182861,22.1632175445557,37.4382362365723,755.514465332031,0.878697693347931,31.9855861663818,-863.23955761392,-2017.48932304778,"WhiteTroatedCaracara",20
2337,1,6.61927652359009,0,5.63664436340332,31.2338829040527,18.2602939605713,0.140539228916168,0,10.6090574264526,34.2579574584961,36.5001449584961,743.774291992188,0.736820995807648,26.9913711547852,-843.23955761392,-2017.48932304778,"WhiteTroatedCaracara",20
2338,0,8.03640174865723,0,5.98285245895386,30.7360763549805,16.2036972045898,0,0,9.47568416595459,38.4320640563965,35.9002075195312,684.027648925781,0.438260585069656,10.1439437866211,-823.23955761392,-2017.48932304778,"WhiteTroatedCaracara",20
2339,0,3.88216400146484,0,6.73706007003784,31.6774883270264,13.3448438644409,0.297609359025955,0,10.4399814605713,47.161262512207,28.8158130645752,543.746643066406,-0.0104629313573241,9.19642162322998,-803.23955761392,-2017.48932304778,"WhiteTroatedCaracara",20
2340,0,6.79214859008789,0,7.06857585906982,33.1686325073242,25.1799449920654,0.338308662176132,0,9.23507022857666,32.7513160705566,32.4265975952148,479.614349365234,0.0266361683607101,10.4571084976196,-783.23955761392,-2017.48932304778,"WhiteTroatedCaracara",20
2341,0,4.63649654388428,0,7.39885473251343,35.6337814331055,34.9572944641113,0.0525923371315002,0,7.51008892059326,21.2349491119385,35.8114585876465,415.248931884766,0.152756690979004,15.4857625961304,-763.23955761392,-2017.48932304778,"WhiteTroatedCaracara",20
2342,0,8.43749809265137,0,8.04227066040039,39.1855926513672,26.6258850097656,0.0559183657169342,0.0901770442724228,9.22403430938721,32.4156646728516,30.6746215820312,288.910675048828,0.118839152157307,21.8494396209717,-743.23955761392,-2017.48932304778,"WhiteTroatedCaracara",20
2343,0,10.0668039321899,0,8.82206726074219,42.4565315246582,36.919979095459,0.48066720366478,0.339677393436432,7.26314973831177,20.7845993041992,33.4103622436523,125.289009094238,-0.00906412489712238,22.8596324920654,-723.23955761392,-2017.48932304778,"WhiteTroatedCaracara",20
2344,1,4.68555593490601,0,9.12086582183838,44.0542297363281,37.1737174987793,0.738999962806702,0.238324597477913,6.21794080734253,35.0851173400879,15.3095102310181,39.7644805908203,-0.29958587884903,14.9083099365234,-703.23955761392,-2017.48932304778,"WhiteTroatedCaracara",20
2345,1,2.03752779960632,0,8.84122753143311,48.1280708312988,28.1697082519531,0.113268911838531,0.117268085479736,8.01282596588135,29.5717144012451,30.1560935974121,90.3152618408203,-0.0309633277356625,9.00748252868652,-683.23955761392,-2017.48932304778,"WhiteTroatedCaracara",20
2346,1,4.00773668289185,0,8.84218502044678,49.8028182983398,19.3738269805908,0,0,6.92277765274048,32.2574501037598,21.0925025939941,65.9788208007812,-0.00357331219129264,9.80394268035889,-663.23955761392,-2017.48932304778,"WhiteTroatedCaracara",20
2347,0,5.1502799987793,0,9.05322933197021,53.175464630127,10.8375797271729,0,0.00267388788051903,9.42730712890625,41.0433616638184,29.0252342224121,25.7864418029785,-0.105573363602161,2.2910008430481,-643.23955761392,-2017.48932304778,"WhiteTroatedCaracara",20
2348,0,4.00661277770996,0,9.08884048461914,54.8010101318359,18.1769580841064,0,0.0677470043301582,10.9284629821777,38.3271369934082,31.8153495788574,40.4991760253906,-0.0124870417639613,2.71400475502014,-623.23955761392,-2017.48932304778,"WhiteTroatedCaracara",20
2349,0,5.69803953170776,0,9.26571750640869,59.1703834533691,27.5094871520996,0,0.141571074724197,6.06350898742676,25.5298099517822,27.3891906738281,62.8776359558105,-0.00113009242340922,4.24810171127319,-603.23955761392,-2017.48932304778,"WhiteTroatedCaracara",20
2350,0,172.984878540039,0,7.03522109985352,1640.26501464844,1.24671232700348,1.08754682540894,1.7605721950531,33.9896507263184,7.59465169906616,9.76343536376953,110.459449768066,0.0553451627492905,54.5212593078613,-1203.23955761392,-2037.48932304778,"WhiteTroatedCaracara",20
2351,0,172.984878540039,0,7.03522109985352,1640.26501464844,1.24671232700348,1.08754682540894,1.7605721950531,33.9896507263184,7.59465169906616,9.76343536376953,110.459449768066,0.0553451627492905,54.5212593078613,-1183.23955761392,-2037.48932304778,"WhiteTroatedCaracara",20
2352,0,155.639007568359,0,7.27776336669922,1519.09765625,0.749026715755463,1.23032796382904,1.6883260011673,37.6363525390625,12.4043064117432,17.9440765380859,126.585563659668,-0.427015542984009,58.0685195922852,-1163.23955761392,-2037.48932304778,"WhiteTroatedCaracara",20
2353,0,136.25260925293,0,6.6388635635376,1320.70300292969,6.1082329750061,1.64201855659485,1.94848811626434,16.1020011901855,24.3346576690674,15.675931930542,204.308654785156,0.92518937587738,91.7307434082031,-1143.23955761392,-2037.48932304778,"WhiteTroatedCaracara",20
2354,1,118.996231079102,0,5.84587907791138,1114.53698730469,8.54418087005615,2.61832094192505,3.01429986953735,14.6395034790039,34.690845489502,13.6435461044312,421.278533935547,1.6238979101181,181.205841064453,-1123.23955761392,-2037.48932304778,"WhiteTroatedCaracara",20
2355,1,98.5182495117188,0,6.89589881896973,928.725769042969,3.50233697891235,0.737726032733917,1.62998354434967,16.2500648498535,19.2703342437744,13.0314149856567,174.974899291992,-0.0889053270220757,66.8610153198242,-1103.23955761392,-2037.48932304778,"WhiteTroatedCaracara",20
2356,0,83.0048446655273,0,5.67619228363037,764.942138671875,12.2459917068481,1.72515821456909,1.4239227771759,8.86413955688477,30.7753143310547,11.0843887329102,424.140014648438,0.856920063495636,168.585235595703,-1083.23955761392,-2037.48932304778,"WhiteTroatedCaracara",20
2357,0,65.9008483886719,0,2.02970623970032,581.912475585938,0.756482064723969,0.305243283510208,0.362453460693359,1.37115693092346,4.74667692184448,0.578183889389038,1056.130859375,0.247623577713966,161.521636962891,-1063.23955761392,-2037.48932304778,"WhiteTroatedCaracara",20
2358,0,49.6633224487305,0,-1.92962193489075,438.204956054688,0.00570939108729362,0,0.00835183169692755,0.0311410203576088,0.0428735017776489,0,1845.95642089844,0.540647804737091,106.421539306641,-1043.23955761392,-2037.48932304778,"WhiteTroatedCaracara",20
2359,0,35.7316055297852,0,5.15494203567505,319.985015869141,6.08571672439575,0.418749451637268,1.11010503768921,4.34248065948486,7.74823951721191,7.70755672454834,587.763916015625,-2.4668493270874,95.3292922973633,-1023.23955761392,-2037.48932304778,"WhiteTroatedCaracara",20
2360,1,27.8207015991211,0,2.75957441329956,253.415084838867,18.6484642028809,3.37406778335571,0.641414523124695,6.50806140899658,32.0099029541016,21.1750736236572,1149.76989746094,1.9867627620697,141.542892456055,-1003.23955761392,-2037.48932304778,"WhiteTroatedCaracara",20
2361,0,28.9431762695312,0,4.21860313415527,139.401245117188,18.155647277832,2.24445557594299,0.530333936214447,10.6896066665649,28.9688205718994,35.7422256469727,926.395751953125,-1.42295837402344,85.5358200073242,-983.23955761392,-2037.48932304778,"WhiteTroatedCaracara",20
2362,0,22.5730266571045,0,4.65073728561401,92.6194534301758,16.0171890258789,2.90601539611816,0,9.09522819519043,42.102222442627,29.5773391723633,863.048278808594,1.12489354610443,68.3243942260742,-963.23955761392,-2037.48932304778,"WhiteTroatedCaracara",20
2363,1,7.08708333969116,0,6.56499099731445,54.3787040710449,26.9587497711182,0.118777588009834,0,8.06911754608154,34.7115478515625,30.0890350341797,505.499206542969,-0.164510011672974,41.320426940918,-943.23955761392,-2037.48932304778,"WhiteTroatedCaracara",20
2364,1,4.49051713943481,0,6.53209495544434,41.7232284545898,31.1882057189941,0.542147755622864,0,7.55969762802124,30.960412979126,29.4143123626709,517.283203125,0.869677126407623,40.9760475158691,-923.23955761392,-2037.48932304778,"WhiteTroatedCaracara",20
2365,0,7.41222906112671,0,5.27631616592407,38.6882553100586,21.8661270141602,1.44474685192108,0.00136211165226996,11.0141925811768,27.7801265716553,37.3163681030273,765.717651367188,2.30536794662476,50.8405342102051,-903.23955761392,-2037.48932304778,"WhiteTroatedCaracara",20
2366,0,12.0124073028564,0,4.98349809646606,35.2469863891602,22.4876270294189,0.972642123699188,0,13.9273986816406,23.4322471618652,39.171085357666,818.458374023438,0.906558930873871,45.5826797485352,-883.23955761392,-2037.48932304778,"WhiteTroatedCaracara",20
2367,0,10.281849861145,0,4.91593885421753,32.4080047607422,22.2337684631348,0.615059971809387,0,15.033317565918,23.4970226287842,38.2672958374023,836.936584472656,0.659367620944977,29.4601554870605,-863.23955761392,-2037.48932304778,"WhiteTroatedCaracara",20
2368,0,8.47535705566406,0,6.12948274612427,29.7166042327881,25.4629001617432,0.0173015464097261,0,9.7526273727417,24.2095413208008,40.5789794921875,612.004455566406,-0.0264602601528168,23.9847297668457,-843.23955761392,-2037.48932304778,"WhiteTroatedCaracara",20
2369,0,3.24939346313477,0,6.9290828704834,30.5678691864014,26.117977142334,0,0,9.29097938537598,27.2074546813965,36.707462310791,459.283599853516,0.0102646928280592,21.0430641174316,-823.23955761392,-2037.48932304778,"WhiteTroatedCaracara",20
2370,0,2.58607268333435,0,7.48427295684814,32.6549186706543,24.7105159759521,0.000448302831500769,0.00497709168121219,7.54424428939819,29.5617961883545,37.6044654846191,356.807403564453,0.258205205202103,13.6657743453979,-803.23955761392,-2037.48932304778,"WhiteTroatedCaracara",20
2371,0,6.39265584945679,0,7.92858791351318,35.278678894043,31.9990348815918,0.200011506676674,0,7.82502412796021,22.8491058349609,36.1145973205566,271.534606933594,0.294301331043243,18.68332862854,-783.23955761392,-2037.48932304778,"WhiteTroatedCaracara",20
2372,0,3.53964853286743,0,8.24821090698242,38.4275932312012,25.4613971710205,1.61791038513184,0.0250846147537231,8.72444725036621,38.3857116699219,24.635721206665,200.13069152832,-0.226597845554352,20.8521862030029,-763.23955761392,-2037.48932304778,"WhiteTroatedCaracara",20
2373,0,2.69455361366272,0,8.506272315979,40.432315826416,29.6328430175781,0,0.0387703031301498,8.20906066894531,45.2188034057617,15.7316312789917,133.440383911133,-0.623387038707733,14.5386524200439,-743.23955761392,-2037.48932304778,"WhiteTroatedCaracara",20
2374,0,3.3983416557312,0,8.33564567565918,42.8193817138672,28.7148456573486,0,0.0416465625166893,8.00308990478516,35.1715354919434,27.4138126373291,160.975570678711,0.016687111929059,19.5531921386719,-723.23955761392,-2037.48932304778,"WhiteTroatedCaracara",20
2375,1,2.4526104927063,0,8.24230003356934,46.1067695617676,30.1152191162109,0.0563188605010509,0.254329949617386,7.60822248458862,35.3104019165039,25.798511505127,165.153533935547,0.155030071735382,21.2083435058594,-703.23955761392,-2037.48932304778,"WhiteTroatedCaracara",20
2376,1,3.6729679107666,0,7.99125289916992,49.4212188720703,20.8186454772949,0.024634126573801,0.351870596408844,9.29295539855957,23.4109077453613,39.0985260009766,206.937377929688,0.970238089561462,14.8089590072632,-683.23955761392,-2037.48932304778,"WhiteTroatedCaracara",20
2377,1,8.870924949646,0,8.26742935180664,52.6706581115723,16.9486713409424,0,0.0834904387593269,8.89036464691162,40.3288955688477,28.2964401245117,141.343032836914,0.195323497056961,15.6763982772827,-663.23955761392,-2037.48932304778,"WhiteTroatedCaracara",20
2378,1,5.1502799987793,0,9.05322933197021,53.175464630127,10.8375797271729,0,0.00267388788051903,9.42730712890625,41.0433616638184,29.0252342224121,25.7864418029785,-0.105573363602161,2.2910008430481,-643.23955761392,-2037.48932304778,"WhiteTroatedCaracara",20
2379,0,4.00661277770996,0,9.08884048461914,54.8010101318359,18.1769580841064,0,0.0677470043301582,10.9284629821777,38.3271369934082,31.8153495788574,40.4991760253906,-0.0124870417639613,2.71400475502014,-623.23955761392,-2037.48932304778,"WhiteTroatedCaracara",20
2380,0,172.984878540039,0,7.03522109985352,1640.26501464844,1.24671232700348,1.08754682540894,1.7605721950531,33.9896507263184,7.59465169906616,9.76343536376953,110.459449768066,0.0553451627492905,54.5212593078613,-1183.23955761392,-2057.48932304778,"WhiteTroatedCaracara",20
2381,0,155.639007568359,0,7.27776336669922,1519.09765625,0.749026715755463,1.23032796382904,1.6883260011673,37.6363525390625,12.4043064117432,17.9440765380859,126.585563659668,-0.427015542984009,58.0685195922852,-1163.23955761392,-2057.48932304778,"WhiteTroatedCaracara",20
2382,0,139.352432250977,0,7.05084753036499,1354.31372070312,3.13716006278992,0.340087503194809,1.77237892150879,33.9881286621094,18.1509742736816,19.6275367736816,181.599990844727,0.704986929893494,50.0694580078125,-1143.23955761392,-2057.48932304778,"WhiteTroatedCaracara",20
2383,0,128.462371826172,0,6.59375333786011,1165.77746582031,1.96952199935913,0.355557411909103,2.41040134429932,19.8993816375732,22.8526000976562,16.1281814575195,219.626968383789,-0.350551873445511,79.8256912231445,-1123.23955761392,-2057.48932304778,"WhiteTroatedCaracara",20
2384,0,112.231506347656,0,6.29670095443726,979.748718261719,2.69767069816589,0.886258363723755,2.83473920822144,22.314525604248,26.0253162384033,20.4259300231934,302.02783203125,0.724248349666595,143.463180541992,-1103.23955761392,-2057.48932304778,"WhiteTroatedCaracara",20
2385,0,91.8920211791992,0,5.62845611572266,782.824890136719,10.824179649353,0.831041991710663,1.68074774742126,11.4053916931152,33.59326171875,12.4279918670654,410.300811767578,0.0811873972415924,146.88444519043,-1083.23955761392,-2057.48932304778,"WhiteTroatedCaracara",20
2386,0,76.5149688720703,0,1.50348889827728,587.508544921875,0.888110995292664,0.181965932250023,0.0470220819115639,0.336765110492706,3.14983797073364,0.324951559305191,1126.68310546875,1.88642680644989,107.419105529785,-1063.23955761392,-2057.48932304778,"WhiteTroatedCaracara",20
2387,0,62.8489303588867,0,-1.74268984794617,448.749786376953,0.147445932030678,0,0.198336958885193,0.308110505342484,0.387267112731934,0.0161582734435797,1790.37744140625,0.461314558982849,112.277763366699,-1043.23955761392,-2057.48932304778,"WhiteTroatedCaracara",20
2388,1,51.6299247741699,0,4.35897731781006,318.144958496094,2.39700412750244,0.207051768898964,6.19299077987671,7.70296812057495,7.65083885192871,4.42614030838013,721.389709472656,0.0137945115566254,136.961547851562,-1023.23955761392,-2057.48932304778,"WhiteTroatedCaracara",20
2389,0,43.3442649841309,0,5.06747913360596,216.140823364258,11.0261497497559,0.883396446704865,2.02614402770996,9.39753723144531,22.2070369720459,16.7812690734863,671.244445800781,-0.480218350887299,103.861740112305,-1003.23955761392,-2057.48932304778,"WhiteTroatedCaracara",20
2390,0,35.6067695617676,0,6.02840423583984,124.483909606934,11.7747411727905,1.39831387996674,0.610821545124054,9.80593681335449,20.7260646820068,23.0623893737793,540.806457519531,-0.418081432580948,85.9667282104492,-983.23955761392,-2057.48932304778,"WhiteTroatedCaracara",20
2391,0,24.1094875335693,0,6.7797908782959,73.6623382568359,7.27758312225342,0.887135446071625,0,6.79497528076172,15.8758506774902,11.1960687637329,396.565185546875,-0.340766280889511,39.5403099060059,-963.23955761392,-2057.48932304778,"WhiteTroatedCaracara",20
2392,1,10.6921691894531,0,7.27743196487427,43.0749244689941,4.55480670928955,0.118589252233505,0,4.72120523452759,14.7117776870728,7.52384948730469,301.697906494141,0.272741794586182,22.3989105224609,-943.23955761392,-2057.48932304778,"WhiteTroatedCaracara",20
2393,1,3.51754474639893,0,7.81239080429077,32.0555572509766,21.907169342041,0.054266232997179,0,4.77288675308228,25.2513408660889,13.4143419265747,204.730209350586,-1.23710894584656,9.49943828582764,-923.23955761392,-2057.48932304778,"WhiteTroatedCaracara",20
2394,1,2.38552570343018,0,7.80226945877075,27.8410720825195,41.1357269287109,0.009978705085814,0.0348842479288578,6.06870651245117,21.7740154266357,30.0749645233154,215.957153320312,-1.63920652866364,12.8063468933105,-903.23955761392,-2057.48932304778,"WhiteTroatedCaracara",20
2395,1,2.88354015350342,0,7.39934635162354,28.921085357666,33.6852798461914,0,0,7.51261186599731,21.1636753082275,36.8063926696777,303.691772460938,-1.39962685108185,30.7644195556641,-883.23955761392,-2057.48932304778,"WhiteTroatedCaracara",20
2396,0,3.3048677444458,0,6.6967978477478,29.4880790710449,20.7323455810547,0.00658160587772727,0,8.18785572052002,34.0325012207031,35.5216903686523,452.350769042969,-0.196719214320183,40.6687774658203,-863.23955761392,-2057.48932304778,"WhiteTroatedCaracara",20
2397,0,2.48611831665039,0,7.14315176010132,30.7884750366211,24.9886283874512,0.0404730662703514,0,9.40195369720459,28.3833522796631,36.0489463806152,365.260711669922,-0.369259834289551,32.8236770629883,-843.23955761392,-2057.48932304778,"WhiteTroatedCaracara",20
2398,0,4.24663829803467,0,7.19164896011353,32.2495994567871,24.3322811126709,0.152541682124138,0,9.60586643218994,27.3175811767578,36.861930847168,358.905120849609,0.0233932454138994,20.5504493713379,-823.23955761392,-2057.48932304778,"WhiteTroatedCaracara",20
2399,0,3.06648421287537,0,7.47391223907471,34.0943222045898,33.5738639831543,0.0368083268404007,0.0222461093217134,7.29358291625977,22.5532360076904,34.7414627075195,302.754364013672,-0.341554015874863,15.6912593841553,-803.23955761392,-2057.48932304778,"WhiteTroatedCaracara",20
2400,0,2.23080945014954,0,7.5965142250061,37.694408416748,38.5904426574707,0.0588997006416321,0,5.23315191268921,21.6002578735352,32.2923278808594,278.995819091797,-0.0327538847923279,12.1292581558228,-783.23955761392,-2057.48932304778,"WhiteTroatedCaracara",20
2401,0,3.06692576408386,0,7.38927412033081,40.1190948486328,35.0296516418457,0.0534581877291203,0.00424532406032085,6.61286878585815,22.1205787658691,33.6078186035156,315.677642822266,0.239844053983688,11.0842933654785,-763.23955761392,-2057.48932304778,"WhiteTroatedCaracara",20
2402,0,3.92404580116272,0,7.21896028518677,42.8799591064453,23.8789405822754,0,0.00506337871775031,9.66824531555176,32.166820526123,33.8649826049805,344.32763671875,0.333620458841324,7.73238039016724,-743.23955761392,-2057.48932304778,"WhiteTroatedCaracara",20
2403,1,2.87480425834656,0,7.15100908279419,44.8582725524902,31.8729572296143,0,0.0250668153166771,8.69061946868896,22.5930347442627,36.276554107666,348.100433349609,0.300986737012863,4.17265701293945,-723.23955761392,-2057.48932304778,"WhiteTroatedCaracara",20
2404,1,1.68143022060394,0,7.30862855911255,48.5938262939453,25.7036247253418,0.0239273551851511,0.126594066619873,7.66196775436401,29.0573081970215,36.4767532348633,306.568634033203,0.324126213788986,12.3246221542358,-703.23955761392,-2057.48932304778,"WhiteTroatedCaracara",20
2405,1,3.6729679107666,0,7.99125289916992,49.4212188720703,20.8186454772949,0.024634126573801,0.351870596408844,9.29295539855957,23.4109077453613,39.0985260009766,206.937377929688,0.970238089561462,14.8089590072632,-683.23955761392,-2057.48932304778,"WhiteTroatedCaracara",20
2406,0,8.870924949646,0,8.26742935180664,52.6706581115723,16.9486713409424,0,0.0834904387593269,8.89036464691162,40.3288955688477,28.2964401245117,141.343032836914,0.195323497056961,15.6763982772827,-663.23955761392,-2057.48932304778,"WhiteTroatedCaracara",20
2407,0,180.116027832031,0,6.07560157775879,1751.97509765625,4.59520578384399,5.1373872756958,7.85493278503418,18.4356670379639,27.5325813293457,11.9543619155884,239.82145690918,1.15410029888153,56.1181030273438,-1183.23955761392,-2077.48932304778,"WhiteTroatedCaracara",20
2408,0,165.379104614258,0,6.66587924957275,1642.91235351562,1.16347420215607,1.51942718029022,2.60511088371277,27.9873733520508,20.8081245422363,19.1521129608154,165.852661132812,-0.743220567703247,71.1355514526367,-1163.23955761392,-2077.48932304778,"WhiteTroatedCaracara",20
2409,0,149.220962524414,0,7.54720878601074,1448.95483398438,0.345372676849365,0.198170438408852,1.79294908046722,35.2846374511719,10.7212915420532,24.1064128875732,69.7882766723633,-0.0105552226305008,18.4464740753174,-1143.23955761392,-2077.48932304778,"WhiteTroatedCaracara",20
2410,1,128.462371826172,0,6.59375333786011,1165.77746582031,1.96952199935913,0.355557411909103,2.41040134429932,19.8993816375732,22.8526000976562,16.1281814575195,219.626968383789,-0.350551873445511,79.8256912231445,-1123.23955761392,-2077.48932304778,"WhiteTroatedCaracara",20
2411,0,112.231506347656,0,6.29670095443726,979.748718261719,2.69767069816589,0.886258363723755,2.83473920822144,22.314525604248,26.0253162384033,20.4259300231934,302.02783203125,0.724248349666595,143.463180541992,-1103.23955761392,-2077.48932304778,"WhiteTroatedCaracara",20
2412,0,94.6437301635742,0,5.70448732376099,794.9853515625,9.33997440338135,0.711107194423676,1.85633587837219,7.40598678588867,34.1505737304688,7.34920644760132,375.524993896484,-1.09949696063995,157.837554931641,-1083.23955761392,-2077.48932304778,"WhiteTroatedCaracara",20
2413,0,77.1608200073242,0,2.820969581604,611.958312988281,1.13832187652588,0.0555302053689957,0.523225843906403,1.05644834041595,8.66124057769775,0.875981271266937,868.346313476562,0.114716298878193,122.61247253418,-1063.23955761392,-2077.48932304778,"WhiteTroatedCaracara",20
2414,0,60.2157173156738,0,0.485889106988907,477.164306640625,0.482079118490219,2.02701830863953,0.874393165111542,3.10239243507385,7.35740184783936,0.699137270450592,1349.12634277344,2.63258481025696,128.39111328125,-1043.23955761392,-2077.48932304778,"WhiteTroatedCaracara",20
2415,1,44.4436264038086,0,2.97835397720337,354.396484375,3.01402950286865,2.94670462608337,1.85621440410614,5.50161504745483,12.7851552963257,3.43451285362244,931.206237792969,-1.22161102294922,181.990951538086,-1023.23955761392,-2077.48932304778,"WhiteTroatedCaracara",20
2416,1,30.9059219360352,0,4.59133911132812,223.395904541016,7.10607528686523,1.34251940250397,4.20432233810425,15.1114377975464,17.836145401001,13.6288595199585,689.772277832031,-0.177515178918839,154.653671264648,-1003.23955761392,-2077.48932304778,"WhiteTroatedCaracara",20
2417,1,19.2132587432861,0,6.05482149124146,129.468460083008,8.45213794708252,4.80998945236206,3.55417847633362,15.5871648788452,20.2252388000488,17.9008731842041,479.330841064453,0.263584792613983,83.2803726196289,-983.23955761392,-2077.48932304778,"WhiteTroatedCaracara",20
2418,1,8.84536552429199,0,6.94177579879761,74.4153823852539,16.3100566864014,2.6900098323822,0.0681287348270416,12.2231330871582,24.1375274658203,19.3283538818359,316.369323730469,-0.973561644554138,40.2900619506836,-963.23955761392,-2077.48932304778,"WhiteTroatedCaracara",20
2419,1,3.58991503715515,1,5.38211011886597,59.6461791992188,18.1772727966309,4.18648433685303,0,14.0480155944824,27.0865688323975,20.1924095153809,629.546813964844,1.0967732667923,62.7789306640625,-943.23955761392,-2077.48932304778,"WhiteTroatedCaracara",20
2420,1,8.89138031005859,0,5.12013673782349,46.000602722168,23.3314113616943,1.67275619506836,0,13.1416568756104,27.6318073272705,33.0613632202148,689.750244140625,0.15944467484951,48.0358276367188,-923.23955761392,-2077.48932304778,"WhiteTroatedCaracara",20
2421,1,10.5719566345215,0,5.13102245330811,39.0552864074707,18.7759437561035,0.260730981826782,0,14.0084238052368,35.119327545166,31.3956546783447,701.484497070312,0.124215051531792,45.6020774841309,-903.23955761392,-2077.48932304778,"WhiteTroatedCaracara",20
2422,1,3.76829814910889,0,5.03896760940552,35.7136535644531,18.8299198150635,0.00660765916109085,0,9.83670711517334,32.4293251037598,38.8586540222168,714.38916015625,0.867253422737122,16.0712814331055,-883.23955761392,-2077.48932304778,"WhiteTroatedCaracara",20
2423,0,5.13828706741333,0,5.71220016479492,32.8466644287109,29.072093963623,0,0,9.54547119140625,22.5675086975098,38.7292747497559,580.979370117188,-0.0214737616479397,7.2344012260437,-863.23955761392,-2077.48932304778,"WhiteTroatedCaracara",20
2424,0,7.5380859375,0,6.26246786117554,33.8142585754395,36.1285972595215,0,0,7.89855480194092,18.7390422821045,37.2393646240234,480.982116699219,-0.0562883801758289,4.73209190368652,-843.23955761392,-2077.48932304778,"WhiteTroatedCaracara",20
2425,1,2.86595964431763,0,6.67724943161011,35.7427787780762,37.4989395141602,0.0774882212281227,0,7.51610136032104,16.29514503479,38.3626403808594,404.608184814453,-0.060548298060894,5.33059167861938,-823.23955761392,-2077.48932304778,"WhiteTroatedCaracara",20
2426,0,3.04941606521606,0,6.89110851287842,37.1851425170898,45.5397415161133,0,0,4.4442663192749,9.42101001739502,39.9902114868164,362.914642333984,0.010798929259181,2.2457287311554,-803.23955761392,-2077.48932304778,"WhiteTroatedCaracara",20
2427,0,2.82974219322205,0,6.93522024154663,39.2625617980957,44.1232528686523,0,0,4.56976556777954,13.0231275558472,37.4695472717285,356.306213378906,-0.0255375914275646,2.39482140541077,-783.23955761392,-2077.48932304778,"WhiteTroatedCaracara",20
2428,0,3.55916833877563,0,6.9714241027832,42.2060546875,35.7204170227051,0,0,6.56275033950806,18.8839454650879,37.138729095459,347.773834228516,-0.0320228934288025,2.63135647773743,-763.23955761392,-2077.48932304778,"WhiteTroatedCaracara",20
2429,0,2.767418384552,0,7.13750791549683,46.4118766784668,22.7313041687012,0,0.0397901572287083,9.38151836395264,34.0725555419922,29.8451881408691,311.66259765625,-0.0323272012174129,7.11114406585693,-743.23955761392,-2077.48932304778,"WhiteTroatedCaracara",20
2430,1,2.65064024925232,0,7.1951961517334,49.402717590332,21.1530017852783,0,0.261679321527481,9.42360019683838,38.9138259887695,29.4297161102295,295.328399658203,0.115764558315277,6.40286159515381,-723.23955761392,-2077.48932304778,"WhiteTroatedCaracara",20
2431,1,7.55097103118896,0,7.75699949264526,53.0727233886719,20.346435546875,0,0.0727851167321205,8.86987400054932,36.4365577697754,34.0821151733398,178.040191650391,0.375820428133011,18.9616794586182,-703.23955761392,-2077.48932304778,"WhiteTroatedCaracara",20
2432,0,7.55097103118896,0,7.75699949264526,53.0727233886719,20.346435546875,0,0.0727851167321205,8.86987400054932,36.4365577697754,34.0821151733398,178.040191650391,0.375820428133011,18.9616794586182,-683.23955761392,-2077.48932304778,"WhiteTroatedCaracara",20
2433,0,180.402648925781,0,6.10127639770508,1787.86669921875,3.26472616195679,3.84544658660889,5.06563663482666,13.9324254989624,29.698299407959,11.9655656814575,205.54817199707,-1.83512651920319,40.7505378723145,-1183.23955761392,-2097.48932304778,"WhiteTroatedCaracara",20
2434,0,180.402648925781,0,6.10127639770508,1787.86669921875,3.26472616195679,3.84544658660889,5.06563663482666,13.9324254989624,29.698299407959,11.9655656814575,205.54817199707,-1.83512651920319,40.7505378723145,-1163.23955761392,-2097.48932304778,"WhiteTroatedCaracara",20
2435,0,149.220962524414,0,7.54720878601074,1448.95483398438,0.345372676849365,0.198170438408852,1.79294908046722,35.2846374511719,10.7212915420532,24.1064128875732,69.7882766723633,-0.0105552226305008,18.4464740753174,-1143.23955761392,-2097.48932304778,"WhiteTroatedCaracara",20
2436,0,127.127479553223,0,6.70412874221802,1190.5009765625,1.4161194562912,0.715071320533752,4.77432632446289,27.315788269043,20.4196624755859,17.5565166473389,219.98112487793,0.514959216117859,76.5565490722656,-1123.23955761392,-2097.48932304778,"WhiteTroatedCaracara",20
2437,0,127.127479553223,0,6.70412874221802,1190.5009765625,1.4161194562912,0.715071320533752,4.77432632446289,27.315788269043,20.4196624755859,17.5565166473389,219.98112487793,0.514959216117859,76.5565490722656,-1103.23955761392,-2097.48932304778,"WhiteTroatedCaracara",20
2438,0,94.6437301635742,0,5.70448732376099,794.9853515625,9.33997440338135,0.711107194423676,1.85633587837219,7.40598678588867,34.1505737304688,7.34920644760132,375.524993896484,-1.09949696063995,157.837554931641,-1083.23955761392,-2097.48932304778,"WhiteTroatedCaracara",20
2439,0,72.091194152832,0,4.44897937774658,631.281860351562,5.06513500213623,0.836986720561981,3.87186574935913,10.0383415222168,26.408374786377,5.00412321090698,568.803527832031,-1.02527546882629,168.942260742188,-1063.23955761392,-2097.48932304778,"WhiteTroatedCaracara",20
2440,0,53.8980484008789,0,3.63060593605042,500.121612548828,2.11649823188782,7.46265697479248,3.13615465164185,11.283299446106,15.8893117904663,3.74030208587646,719.902893066406,-0.97323077917099,153.956878662109,-1043.23955761392,-2097.48932304778,"WhiteTroatedCaracara",20
2441,0,35.6658210754395,0,-0.859589278697968,411.622894287109,0.223578661680222,24.1442832946777,0.00305761490017176,0.0523838028311729,4.74816846847534,0.214110597968102,1536.74755859375,0.778773307800293,142.151123046875,-1023.23955761392,-2097.48932304778,"WhiteTroatedCaracara",20
2442,1,18.1682662963867,0,3.24541139602661,252.63444519043,4.00861787796021,1.3636302947998,4.81015682220459,9.18689632415771,13.1206893920898,6.60613965988159,840.228393554688,-1.49758970737457,152.323974609375,-1003.23955761392,-2097.48932304778,"WhiteTroatedCaracara",20
2443,1,5.66888332366943,0,5.53438329696655,144.250732421875,5.10423755645752,9.42206192016602,5.67207527160645,11.5245504379272,24.0739517211914,15.3914880752563,504.276458740234,-1.85035729408264,80.1691360473633,-983.23955761392,-2097.48932304778,"WhiteTroatedCaracara",20
2444,1,2.89556264877319,0,3.20905232429504,118.592803955078,17.0883197784424,8.15943622589111,1.24857938289642,14.3459348678589,25.8584671020508,25.2214756011963,976.790771484375,0.885263442993164,84.6697158813477,-963.23955761392,-2097.48932304778,"WhiteTroatedCaracara",20
2445,1,2.5823438167572,0,2.57661557197571,98.4614334106445,16.0952949523926,6.71644973754883,0.232613325119019,12.6205968856812,27.5138549804688,28.2613582611084,1107.41174316406,0.817590653896332,96.2251434326172,-943.23955761392,-2097.48932304778,"WhiteTroatedCaracara",20
2446,0,11.9620571136475,0,2.21943497657776,76.2898864746094,25.1036548614502,2.17856192588806,0.0132544180378318,10.4526510238647,22.2748756408691,37.0790176391602,1187.40893554688,1.08405888080597,60.8288307189941,-923.23955761392,-2097.48932304778,"WhiteTroatedCaracara",20
2447,0,19.7309055328369,0,3.6277277469635,49.9811019897461,20.790699005127,0.248290807008743,0,16.9264430999756,30.9238681793213,31.0035285949707,937.26123046875,0.75660115480423,41.176815032959,-903.23955761392,-2097.48932304778,"WhiteTroatedCaracara",20
2448,0,8.73978996276855,0,5.47859954833984,38.4502487182617,20.6281909942627,0.146195769309998,0,11.4586601257324,41.8517532348633,25.9306030273438,590.160583496094,-0.0767015591263771,19.6762180328369,-883.23955761392,-2097.48932304778,"WhiteTroatedCaracara",20
2449,1,3.77141618728638,0,6.08283233642578,36.8332710266113,24.7644119262695,0.0852473452687263,0,10.405535697937,33.7621955871582,30.9729804992676,469.832794189453,-0.0465925931930542,8.90371704101562,-863.23955761392,-2097.48932304778,"WhiteTroatedCaracara",20
2450,0,3.56856441497803,0,6.46920871734619,37.5038986206055,29.5097522735596,0.024114428088069,0,9.01512718200684,28.6962985992432,32.7864379882812,397.935028076172,-0.0382737964391708,5.14579963684082,-843.23955761392,-2097.48932304778,"WhiteTroatedCaracara",20
2451,0,3.75608420372009,0,6.73843574523926,38.9315605163574,40.3219184875488,0.0336160622537136,0,5.6839280128479,15.5490055084229,36.7392883300781,347.766296386719,0.0104563273489475,2.77837872505188,-823.23955761392,-2097.48932304778,"WhiteTroatedCaracara",20
2452,0,7.07179069519043,0,6.80799674987793,41.7086486816406,38.725715637207,0,0,5.3851752281189,13.6703472137451,37.8361015319824,336.612884521484,-0.00963698979467154,1.97923111915588,-803.23955761392,-2097.48932304778,"WhiteTroatedCaracara",20
2453,0,3.17632603645325,0,6.85696315765381,42.5832290649414,40.2436790466309,0,0,5.96752643585205,14.3995580673218,37.7591171264648,328.869781494141,0.0287173520773649,2.58511352539062,-783.23955761392,-2097.48932304778,"WhiteTroatedCaracara",20
2454,0,2.4113392829895,0,6.95304918289185,46.7418441772461,27.3972129821777,0.0603724829852581,0.0457080230116844,8.56076145172119,25.5934448242188,34.8259468078613,310.981109619141,-0.122707545757294,5.68292284011841,-763.23955761392,-2097.48932304778,"WhiteTroatedCaracara",20
2455,0,3.31171369552612,0,7.03581953048706,49.8437690734863,16.1287689208984,0,0.221554338932037,10.2865400314331,40.5613479614258,30.5509796142578,293.171539306641,0.0175440274178982,3.93772149085999,-743.23955761392,-2097.48932304778,"WhiteTroatedCaracara",20
2456,1,2.24666547775269,0,7.18537330627441,52.6814880371094,14.1137742996216,0.0521117933094501,2.36127805709839,7.43439674377441,35.1121864318848,39.4374351501465,258.654724121094,-0.053426343947649,9.78494453430176,-723.23955761392,-2097.48932304778,"WhiteTroatedCaracara",20
2457,1,7.15222358703613,0,7.88694620132446,58.2496070861816,19.4449443817139,0,0.042918860912323,9.21244525909424,42.3024864196777,27.3738174438477,106.275428771973,-0.237610787153244,12.9383783340454,-703.23955761392,-2097.48932304778,"WhiteTroatedCaracara",20
2458,0,180.402648925781,0,6.10127639770508,1787.86669921875,3.26472616195679,3.84544658660889,5.06563663482666,13.9324254989624,29.698299407959,11.9655656814575,205.54817199707,-1.83512651920319,40.7505378723145,-1183.23955761392,-2117.48932304778,"WhiteTroatedCaracara",20
2459,0,148.090026855469,0,6.54982089996338,1325.20910644531,0.188863202929497,1.11035311222076,2.48082971572876,22.7932510375977,11.9583911895752,13.689829826355,115.438194274902,-1.87964022159576,63.1886444091797,-1163.23955761392,-2117.48932304778,"WhiteTroatedCaracara",20
2460,0,148.090026855469,0,6.54982089996338,1325.20910644531,0.188863202929497,1.11035311222076,2.48082971572876,22.7932510375977,11.9583911895752,13.689829826355,115.438194274902,-1.87964022159576,63.1886444091797,-1143.23955761392,-2117.48932304778,"WhiteTroatedCaracara",20
2461,0,109.220314025879,0,6.20389080047607,971.597473144531,5.80067920684814,0.639325857162476,2.2952778339386,17.8817310333252,27.6513195037842,20.0368385314941,273.377410888672,2.86229181289673,119.27172088623,-1123.23955761392,-2117.48932304778,"WhiteTroatedCaracara",20
2462,0,109.220314025879,0,6.20389080047607,971.597473144531,5.80067920684814,0.639325857162476,2.2952778339386,17.8817310333252,27.6513195037842,20.0368385314941,273.377410888672,2.86229181289673,119.27172088623,-1103.23955761392,-2117.48932304778,"WhiteTroatedCaracara",20
2463,0,91.0977935791016,0,5.78691911697388,793.082946777344,8.75246810913086,0.823167622089386,1.59967815876007,11.7287244796753,32.2851219177246,13.3181486129761,299.103332519531,0.401637673377991,124.436164855957,-1083.23955761392,-2117.48932304778,"WhiteTroatedCaracara",20
2464,0,73.5453796386719,0,5.01211929321289,641.789306640625,9.54235553741455,1.34299993515015,3.86164450645447,10.9164266586304,34.2928123474121,7.42174959182739,460.591369628906,0.836971461772919,159.362487792969,-1063.23955761392,-2117.48932304778,"WhiteTroatedCaracara",20
2465,0,55.1894912719727,0,3.70361161231995,502.049285888672,1.3459894657135,0.621731460094452,2.16669893264771,4.44650506973267,9.44601535797119,1.71775436401367,639.792846679688,-0.415189951658249,131.710968017578,-1043.23955761392,-2117.48932304778,"WhiteTroatedCaracara",20
2466,0,38.6850662231445,0,-0.369515269994736,427.183197021484,0.125206679105759,10.1591796875,0.0789703354239464,0.476486563682556,28.177303314209,0.107685692608356,1426.67724609375,2.23452472686768,164.386032104492,-1023.23955761392,-2117.48932304778,"WhiteTroatedCaracara",20
2467,1,23.9990463256836,0,2.01915407180786,286.310791015625,5.23141384124756,1.21159446239471,3.60883116722107,6.68494558334351,21.9305877685547,7.10434770584106,1046.88793945312,1.01309978961945,152.020263671875,-1003.23955761392,-2117.48932304778,"WhiteTroatedCaracara",20
2468,1,15.7577123641968,0,3.52760100364685,168.490646362305,9.3012752532959,4.17517518997192,6.1216893196106,13.6060771942139,25.8975791931152,26.0796661376953,850.187194824219,0.553726971149445,112.032081604004,-983.23955761392,-2117.48932304778,"WhiteTroatedCaracara",20
2469,1,4.22222423553467,0,3.31192660331726,124.70450592041,16.2211437225342,6.57647895812988,0.865347981452942,13.7979564666748,29.7187595367432,25.0634593963623,928.664245605469,-2.88476967811584,80.8395462036133,-963.23955761392,-2117.48932304778,"WhiteTroatedCaracara",20
2470,1,3.05941390991211,0,2.75849342346191,103.684074401855,16.2569255828857,4.93713235855103,0.287482380867004,12.8148794174194,27.4389419555664,26.7311000823975,1054.07543945312,-0.720083951950073,123.768341064453,-943.23955761392,-2117.48932304778,"WhiteTroatedCaracara",20
2471,0,3.14877033233643,0,4.08484172821045,66.0774993896484,23.2986316680908,2.60030484199524,0.0146379051730037,17.6867980957031,24.8461017608643,28.4674797058105,805.650634765625,-0.677827596664429,54.5852508544922,-923.23955761392,-2117.48932304778,"WhiteTroatedCaracara",20
2472,0,7.31608152389526,0,4.40003442764282,51.7233581542969,25.8102989196777,1.1885267496109,0,21.2243251800537,20.3150272369385,30.7048797607422,739.865844726562,1.32719075679779,37.4417152404785,-903.23955761392,-2117.48932304778,"WhiteTroatedCaracara",20
2473,1,5.41927194595337,0,5.77972221374512,41.6422920227051,21.4983291625977,0.194525197148323,0.0329317972064018,14.9306039810181,34.0362091064453,29.3063526153564,479.317687988281,0.320685565471649,19.3589668273926,-883.23955761392,-2117.48932304778,"WhiteTroatedCaracara",20
2474,0,6.34227705001831,0,6.25474643707275,40.0999183654785,26.8200912475586,0.409680932760239,0,10.6259937286377,31.2193355560303,30.9175510406494,390.894439697266,0.124745540320873,11.8280849456787,-863.23955761392,-2117.48932304778,"WhiteTroatedCaracara",20
2475,0,2.95906472206116,0,6.6000018119812,41.0785293579102,29.86403465271,0.178265109658241,0,9.19308376312256,26.9039649963379,33.8660583496094,328.525085449219,-0.0292298216372728,9.63608074188232,-843.23955761392,-2117.48932304778,"WhiteTroatedCaracara",20
2476,0,2.92458486557007,0,6.77061700820923,42.7992973327637,27.4574279785156,0.219717428088188,0,6.89440536499023,20.7243919372559,41.9292144775391,300.329406738281,0.0792177990078926,3.6932418346405,-823.23955761392,-2117.48932304778,"WhiteTroatedCaracara",20
2477,0,3.76213335990906,0,6.81079149246216,45.1547546386719,35.8979721069336,0.0144551992416382,0.000602731248363853,7.49190711975098,16.7718982696533,38.8622093200684,297.118225097656,0.0841857865452766,3.00586414337158,-803.23955761392,-2117.48932304778,"WhiteTroatedCaracara",20
2478,0,2.41924953460693,0,6.86175632476807,46.5860061645508,35.7642593383789,0.0452476255595684,0.0707014352083206,7.17162466049194,16.7808818817139,37.2583274841309,287.734710693359,0.0724199190735817,3.57702207565308,-783.23955761392,-2117.48932304778,"WhiteTroatedCaracara",20
2479,0,1.89957702159882,0,6.98074913024902,49.6277694702148,31.720573425293,0.0221293903887272,0.220500126481056,7.76525211334229,22.0200881958008,36.8835678100586,266.87109375,0.108659937977791,5.67371702194214,-763.23955761392,-2117.48932304778,"WhiteTroatedCaracara",20
2480,0,4.72715044021606,0,7.22405052185059,54.3442611694336,22.7195377349854,0,0.161283299326897,8.28584575653076,32.3678932189941,34.9905242919922,219.910507202148,0.0317499861121178,8.0689811706543,-743.23955761392,-2117.48932304778,"WhiteTroatedCaracara",20
2481,1,2.33941888809204,0,7.53009271621704,57.9317283630371,15.2368230819702,0.0418609827756882,0.0951562151312828,7.79888820648193,28.0759296417236,48.0755767822266,153.085006713867,0.0700241178274155,14.9837284088135,-723.23955761392,-2117.48932304778,"WhiteTroatedCaracara",20
2482,1,3.65092015266418,0,7.44621658325195,65.9975662231445,13.0420427322388,0,0.0282019693404436,6.19730854034424,45.9696464538574,32.6516799926758,103.381912231445,0.290825128555298,6.27218246459961,-703.23955761392,-2117.48932304778,"WhiteTroatedCaracara",20
2483,0,148.090026855469,0,6.54982089996338,1325.20910644531,0.188863202929497,1.11035311222076,2.48082971572876,22.7932510375977,11.9583911895752,13.689829826355,115.438194274902,-1.87964022159576,63.1886444091797,-1183.23955761392,-2137.48932304778,"WhiteTroatedCaracara",20
2484,0,148.090026855469,0,6.54982089996338,1325.20910644531,0.188863202929497,1.11035311222076,2.48082971572876,22.7932510375977,11.9583911895752,13.689829826355,115.438194274902,-1.87964022159576,63.1886444091797,-1163.23955761392,-2137.48932304778,"WhiteTroatedCaracara",20
2485,0,148.090026855469,0,6.54982089996338,1325.20910644531,0.188863202929497,1.11035311222076,2.48082971572876,22.7932510375977,11.9583911895752,13.689829826355,115.438194274902,-1.87964022159576,63.1886444091797,-1143.23955761392,-2137.48932304778,"WhiteTroatedCaracara",20
2486,0,114.429779052734,0,6.46999883651733,956.687744140625,2.74300289154053,0.492214381694794,1.32579171657562,19.186861038208,27.9303512573242,18.898889541626,208.186950683594,-2.51408815383911,93.8180770874023,-1123.23955761392,-2137.48932304778,"WhiteTroatedCaracara",20
2487,0,114.429779052734,0,6.46999883651733,956.687744140625,2.74300289154053,0.492214381694794,1.32579171657562,19.186861038208,27.9303512573242,18.898889541626,208.186950683594,-2.51408815383911,93.8180770874023,-1103.23955761392,-2137.48932304778,"WhiteTroatedCaracara",20
2488,0,94.9065628051758,0,6.55817842483521,777.63134765625,1.43312191963196,0.317344933748245,0.99248069524765,22.3013744354248,20.0150985717773,19.1853733062744,188.256149291992,0.775945484638214,63.3961067199707,-1083.23955761392,-2137.48932304778,"WhiteTroatedCaracara",20
2489,1,88.0462951660156,0,5.85064697265625,634.908996582031,2.59847331047058,2.02640247344971,4.61897945404053,24.7115268707275,26.4488582611084,22.9123840332031,303.209045410156,0.745835185050964,134.427810668945,-1063.23955761392,-2137.48932304778,"WhiteTroatedCaracara",20
2490,1,65.0114288330078,0,2.8589015007019,511.747924804688,1.40282344818115,0.460254222154617,2.56655049324036,3.28854823112488,11.271933555603,2.04513502120972,785.298400878906,-2.13875031471252,116.316093444824,-1043.23955761392,-2137.48932304778,"WhiteTroatedCaracara",20
2491,1,51.4236106872559,0,0.585788011550903,419.723907470703,0.339153170585632,0.309634953737259,0.479159653186798,0.438465118408203,25.5894317626953,0.303048998117447,1264.95739746094,-0.138780444860458,104.157363891602,-1023.23955761392,-2137.48932304778,"WhiteTroatedCaracara",20
2492,1,38.9433975219727,0,3.20275092124939,294.191223144531,4.5642876625061,2.05940508842468,4.63320446014404,9.07464790344238,24.6031723022461,7.09625148773193,835.876770019531,0.0333753004670143,168.786224365234,-1003.23955761392,-2137.48932304778,"WhiteTroatedCaracara",20
2493,1,23.7532978057861,0,5.23105907440186,165.441558837891,8.43512725830078,4.11103677749634,3.18909621238708,16.5020160675049,27.9370098114014,22.3687076568604,496.520751953125,1.65526723861694,113.192367553711,-983.23955761392,-2137.48932304778,"WhiteTroatedCaracara",20
2494,1,7.06711101531982,0,6.13171577453613,102.698539733887,12.9414014816284,5.75275039672852,0.770976364612579,18.272424697876,25.2544326782227,19.9045009613037,349.622772216797,3.33557939529419,52.0077056884766,-963.23955761392,-2137.48932304778,"WhiteTroatedCaracara",20
2495,1,7.34795475006104,0,6.6503005027771,71.6821746826172,17.6920719146729,2.90596556663513,0.519052147865295,14.7728185653687,27.010534286499,32.403392791748,246.445007324219,0.411864787340164,25.1967334747314,-943.23955761392,-2137.48932304778,"WhiteTroatedCaracara",20
2496,1,4.41827058792114,0,6.2873592376709,55.2362060546875,22.7789764404297,1.60553991794586,0.0456302314996719,12.3492240905762,28.5216255187988,32.8066139221191,308.008270263672,-0.234341159462929,9.87413597106934,-923.23955761392,-2137.48932304778,"WhiteTroatedCaracara",20
2497,1,3.29307794570923,0,6.19837665557861,47.9290199279785,15.9827184677124,1.67859554290771,0,13.7721557617188,38.3464431762695,29.1970119476318,331.174407958984,-0.942815184593201,9.23929119110107,-903.23955761392,-2137.48932304778,"WhiteTroatedCaracara",20
2498,0,2.632404088974,0,6.29342985153198,44.1885299682617,17.2346172332764,0.990259945392609,0,14.299898147583,47.2317123413086,20.1682262420654,320.37158203125,-1.01080417633057,11.9356250762939,-883.23955761392,-2137.48932304778,"WhiteTroatedCaracara",20
2499,1,4.33949851989746,0,6.2910099029541,42.8998947143555,24.0224475860596,0.666199803352356,0,11.5341129302979,35.812084197998,26.9680824279785,332.50830078125,0.174933522939682,14.8322505950928,-863.23955761392,-2137.48932304778,"WhiteTroatedCaracara",20
2500,1,3.54261755943298,0,6.58914709091187,44.1752662658691,23.7384910583496,0.522914230823517,0.148706018924713,7.97074460983276,26.3980312347412,39.6075286865234,280.640808105469,0.104009740054607,9.98328590393066,-843.23955761392,-2137.48932304778,"WhiteTroatedCaracara",20
2501,1,2.78420877456665,0,6.86773157119751,45.7740325927734,11.9884395599365,0,2.00330305099487,2.88316798210144,24.0422840118408,52.4774208068848,233.909255981445,-0.161513179540634,7.55659341812134,-823.23955761392,-2137.48932304778,"WhiteTroatedCaracara",20
2502,1,2.56418323516846,0,7.07349252700806,48.5408935546875,11.8364019393921,2.07932209968567,2.1040678024292,6.65414524078369,29.6021156311035,41.1694602966309,202.341949462891,-0.0359987542033195,6.71558427810669,-803.23955761392,-2137.48932304778,"WhiteTroatedCaracara",20
2503,0,2.81173849105835,0,7.01074743270874,50.530200958252,16.6257953643799,0.120815888047218,0.706112205982208,8.46476173400879,24.8195610046387,40.2152252197266,219.155700683594,-0.0659812241792679,4.35999917984009,-783.23955761392,-2137.48932304778,"WhiteTroatedCaracara",20
2504,0,5.9517502784729,0,7.03759050369263,52.9027290344238,25.0042095184326,0,0,7.40613031387329,20.7395687103271,45.3294410705566,212.653945922852,0.0738295465707779,5.4529128074646,-763.23955761392,-2137.48932304778,"WhiteTroatedCaracara",20
2505,1,4.12795925140381,0,7.53597736358643,59.3544807434082,21.9292278289795,0.0547177642583847,0.0282824765890837,8.19881725311279,27.4528484344482,40.8573112487793,126.05632019043,-0.0670669674873352,12.1433792114258,-743.23955761392,-2137.48932304778,"WhiteTroatedCaracara",20
2506,1,1.76439940929413,0,7.76404523849487,62.6778106689453,22.3007526397705,0.503572046756744,0.349249660968781,8.61952590942383,23.4166202545166,43.1519775390625,67.1497421264648,-0.0922121629118919,8.12899875640869,-723.23955761392,-2137.48932304778,"WhiteTroatedCaracara",20
2507,1,3.65092015266418,0,7.44621658325195,65.9975662231445,13.0420427322388,0,0.0282019693404436,6.19730854034424,45.9696464538574,32.6516799926758,103.381912231445,0.290825128555298,6.27218246459961,-703.23955761392,-2137.48932304778,"WhiteTroatedCaracara",20
2508,0,3.65092015266418,0,7.44621658325195,65.9975662231445,13.0420427322388,0,0.0282019693404436,6.19730854034424,45.9696464538574,32.6516799926758,103.381912231445,0.290825128555298,6.27218246459961,-683.23955761392,-2137.48932304778,"WhiteTroatedCaracara",20
2509,0,156.082550048828,0,6.13570833206177,1101.13549804688,0,3.05000758171082,2.10256552696228,9.76241397857666,24.4867210388184,7.78936767578125,106.201133728027,-0.222273021936417,2.26599860191345,-1143.23955761392,-2157.48932304778,"WhiteTroatedCaracara",20
2510,0,138.353240966797,0,6.27985763549805,1081.75476074219,0.624120593070984,0.994108378887177,1.73347616195679,15.2077836990356,25.1272773742676,18.5462589263916,195.920700073242,2.51392030715942,106.276794433594,-1123.23955761392,-2157.48932304778,"WhiteTroatedCaracara",20
2511,0,122.756660461426,0,6.8636589050293,895.580932617188,0.267187356948853,0.626305401325226,1.62722361087799,29.4861087799072,15.9163436889648,21.327091217041,108.077262878418,-0.192626878619194,28.9661178588867,-1103.23955761392,-2157.48932304778,"WhiteTroatedCaracara",20
2512,1,104.704391479492,0,6.32848501205444,770.261596679688,1.87144672870636,0.407749325037003,1.27068710327148,20.2040309906006,24.8287296295166,16.5076370239258,208.317138671875,0.13935749232769,93.2462387084961,-1083.23955761392,-2157.48932304778,"WhiteTroatedCaracara",20
2513,0,88.0462951660156,0,5.85064697265625,634.908996582031,2.59847331047058,2.02640247344971,4.61897945404053,24.7115268707275,26.4488582611084,22.9123840332031,303.209045410156,0.745835185050964,134.427810668945,-1063.23955761392,-2157.48932304778,"WhiteTroatedCaracara",20
2514,0,71.4745864868164,0,4.14694929122925,519.774658203125,2.40664982795715,0.95427417755127,2.80840492248535,8.56763935089111,21.3350429534912,6.46987533569336,551.973083496094,0.728540599346161,122.667739868164,-1043.23955761392,-2157.48932304778,"WhiteTroatedCaracara",20
2515,0,54.78857421875,0,2.10026741027832,390.850616455078,0.652069509029388,0.282076388597488,0.998928606510162,2.43398356437683,4.05165386199951,1.19982445240021,955.156188964844,-1.64912915229797,88.6185684204102,-1023.23955761392,-2157.48932304778,"WhiteTroatedCaracara",20
2516,1,37.8593940734863,0,5.5279107093811,245.969818115234,1.93630754947662,3.20237708091736,9.40715980529785,16.9151039123535,20.1834144592285,11.1647615432739,396.683959960938,-0.378028303384781,92.4913787841797,-1003.23955761392,-2157.48932304778,"WhiteTroatedCaracara",20
2517,1,21.4522762298584,0,6.373779296875,156.891387939453,4.72923755645752,2.83228993415833,5.03275346755981,13.8524293899536,23.0486717224121,18.069164276123,249.258590698242,-2.14438629150391,61.6271362304688,-983.23955761392,-2157.48932304778,"WhiteTroatedCaracara",20
2518,1,6.47493600845337,0,6.41073417663574,103.265098571777,8.61244773864746,4.69394874572754,1.77600300312042,14.7320404052734,21.5506973266602,18.0340385437012,246.432388305664,0.26755103468895,70.6417846679688,-963.23955761392,-2157.48932304778,"WhiteTroatedCaracara",20
2519,1,5.95018529891968,0,5.93844413757324,78.5816345214844,6.95478057861328,11.3802814483643,1.63631403446198,11.4911117553711,33.9933700561523,23.3712215423584,333.464691162109,-1.64393377304077,52.1598091125488,-943.23955761392,-2157.48932304778,"WhiteTroatedCaracara",20
2520,1,4.1718807220459,0,5.67905950546265,63.5739860534668,15.7575025558472,3.36087942123413,0.120037741959095,17.4296112060547,28.9551048278809,24.2688121795654,371.435150146484,-0.387568295001984,13.8116235733032,-923.23955761392,-2157.48932304778,"WhiteTroatedCaracara",20
2521,1,2.86913061141968,0,5.38842868804932,55.9281234741211,20.815185546875,1.03955137729645,8.82922977325507e-05,19.0769023895264,30.3814315795898,25.0460739135742,434.912475585938,-0.283653765916824,12.8385744094849,-903.23955761392,-2157.48932304778,"WhiteTroatedCaracara",20
2522,0,3.36337375640869,0,5.40194940567017,51.5742454528809,22.6470756530762,0.205792933702469,0,11.6653661727905,42.5876541137695,22.6877422332764,449.211486816406,-0.0108850970864296,11.8319997787476,-883.23955761392,-2157.48932304778,"WhiteTroatedCaracara",20
2523,0,2.93626689910889,0,5.75809383392334,49.287654876709,30.0976371765137,0.00102320953737944,0,6.09942102432251,51.8680076599121,11.8645696640015,390.741424560547,-0.00130549271125346,5.94167900085449,-863.23955761392,-2157.48932304778,"WhiteTroatedCaracara",20
2524,0,3.58914279937744,0,6.27515697479248,49.1134223937988,22.3662548065186,0.0185591597110033,0,8.32250118255615,42.412971496582,26.2952156066895,299.985504150391,-0.0266323387622833,2.47574520111084,-843.23955761392,-2157.48932304778,"WhiteTroatedCaracara",20
2525,0,8.65746307373047,0,6.60282325744629,50.6358642578125,11.5448055267334,0.59934413433075,0.598054468631744,2.96822810173035,34.3130416870117,47.3196334838867,244.914672851562,-0.0668643265962601,3.41202163696289,-823.23955761392,-2157.48932304778,"WhiteTroatedCaracara",20
2526,0,3.96204471588135,0,6.96355628967285,52.7759208679199,8.79015922546387,1.03372383117676,0.358347505331039,3.85438752174377,41.3700752258301,41.7950897216797,183.797454833984,-0.11112754046917,5.02667665481567,-803.23955761392,-2157.48932304778,"WhiteTroatedCaracara",20
2527,1,2.91131973266602,0,7.06742763519287,55.706226348877,12.6371212005615,2.69458079338074,0.41157191991806,5.86918115615845,34.0798263549805,42.6141700744629,172.085571289062,0.0881479233503342,8.91547584533691,-783.23955761392,-2157.48932304778,"WhiteTroatedCaracara",20
2528,0,4.79196310043335,0,7.08950424194336,58.2023849487305,17.8710689544678,0.00573979830369353,0.238446801900864,6.70901536941528,28.8847579956055,45.6474990844727,172.972503662109,0.0971968770027161,6.87122488021851,-763.23955761392,-2157.48932304778,"WhiteTroatedCaracara",20
2529,0,5.01428413391113,0,7.50562477111816,63.736701965332,21.0327224731445,1.16663706302643,0.516923844814301,6.08770275115967,26.8773193359375,44.088508605957,91.7590789794922,-0.124390833079815,7.18434619903564,-743.23955761392,-2157.48932304778,"WhiteTroatedCaracara",20
2530,1,1.99015021324158,0,7.36350536346436,68.6345062255859,25.0800762176514,0.0131648126989603,0.0101393107324839,6.00587844848633,30.1209506988525,38.1553115844727,109.502067565918,0.0270876064896584,3.63712620735168,-723.23955761392,-2157.48932304778,"WhiteTroatedCaracara",20
2531,1,4.9918065071106,0,7.25462341308594,72.4757690429688,14.7654600143433,0,0.0668033137917519,4.46063566207886,39.4601669311523,40.0828819274902,113.487754821777,-0.0056064217351377,4.61342573165894,-703.23955761392,-2157.48932304778,"WhiteTroatedCaracara",20
2532,0,1.70669507980347,0,7.20213747024536,76.1339874267578,9.25710868835449,0.158964276313782,0.0230098646134138,3.36972880363464,43.9875450134277,27.7392711639404,69.5719528198242,-0.0724886730313301,8.10157012939453,-683.23955761392,-2157.48932304778,"WhiteTroatedCaracara",20
2533,0,156.082550048828,0,6.13570833206177,1101.13549804688,0,3.05000758171082,2.10256552696228,9.76241397857666,24.4867210388184,7.78936767578125,106.201133728027,-0.222273021936417,2.26599860191345,-1163.23955761392,-2177.48932304778,"WhiteTroatedCaracara",20
2534,0,156.082550048828,0,6.13570833206177,1101.13549804688,0,3.05000758171082,2.10256552696228,9.76241397857666,24.4867210388184,7.78936767578125,106.201133728027,-0.222273021936417,2.26599860191345,-1143.23955761392,-2177.48932304778,"WhiteTroatedCaracara",20
2535,0,139.679138183594,0,5.8420295715332,970.871459960938,3.29980993270874,3.12059307098389,0.671809673309326,9.51218795776367,35.6028137207031,23.342456817627,204.950912475586,-0.761621475219727,63.2109222412109,-1123.23955761392,-2177.48932304778,"WhiteTroatedCaracara",20
2536,0,122.756660461426,0,6.8636589050293,895.580932617188,0.267187356948853,0.626305401325226,1.62722361087799,29.4861087799072,15.9163436889648,21.327091217041,108.077262878418,-0.192626878619194,28.9661178588867,-1103.23955761392,-2177.48932304778,"WhiteTroatedCaracara",20
2537,0,122.756660461426,0,6.8636589050293,895.580932617188,0.267187356948853,0.626305401325226,1.62722361087799,29.4861087799072,15.9163436889648,21.327091217041,108.077262878418,-0.192626878619194,28.9661178588867,-1083.23955761392,-2177.48932304778,"WhiteTroatedCaracara",20
2538,1,88.0462951660156,0,5.85064697265625,634.908996582031,2.59847331047058,2.02640247344971,4.61897945404053,24.7115268707275,26.4488582611084,22.9123840332031,303.209045410156,0.745835185050964,134.427810668945,-1063.23955761392,-2177.48932304778,"WhiteTroatedCaracara",20
2539,0,48.2388191223145,0,2.81768131256104,423.863677978516,1.78189337253571,1.39631175994873,2.60810971260071,5.78855562210083,22.2130527496338,1.14927613735199,810.739990234375,2.79570174217224,169.494552612305,-1043.23955761392,-2177.48932304778,"WhiteTroatedCaracara",20
2540,0,48.2388191223145,0,2.81768131256104,423.863677978516,1.78189337253571,1.39631175994873,2.60810971260071,5.78855562210083,22.2130527496338,1.14927613735199,810.739990234375,2.79570174217224,169.494552612305,-1023.23955761392,-2177.48932304778,"WhiteTroatedCaracara",20
2541,0,30.3569679260254,0,5.82982015609741,279.560089111328,2.94921064376831,1.80944442749023,9.09162712097168,20.5865135192871,20.8463859558105,12.1700096130371,282.076812744141,-2.74284863471985,85.7426681518555,-1003.23955761392,-2177.48932304778,"WhiteTroatedCaracara",20
2542,1,12.8971405029297,0,4.84245777130127,198.872528076172,4.48197317123413,2.20164442062378,10.4465675354004,16.4069290161133,23.8571491241455,10.6821889877319,500.401580810547,0.494894206523895,102.757827758789,-983.23955761392,-2177.48932304778,"WhiteTroatedCaracara",20
2543,1,4.00539445877075,0,5.87934923171997,113.466522216797,2.29303455352783,11.8493175506592,4.95276832580566,6.36828517913818,36.0654144287109,15.1334009170532,295.283355712891,0.686362385749817,80.2807540893555,-963.23955761392,-2177.48932304778,"WhiteTroatedCaracara",20
2544,1,3.56313633918762,0,5.21019554138184,89.949089050293,1.31619799137115,14.8540687561035,4.17755937576294,3.63725709915161,42.0111999511719,22.5025024414062,421.715850830078,2.14322185516357,68.2641143798828,-943.23955761392,-2177.48932304778,"WhiteTroatedCaracara",20
2545,1,5.83721351623535,0,4.27328872680664,84.7404403686523,2.14364504814148,20.4831657409668,0.222688227891922,3.67929816246033,44.5968818664551,23.9800777435303,598.036743164062,0.438991576433182,34.5717391967773,-923.23955761392,-2177.48932304778,"WhiteTroatedCaracara",20
2546,0,9.47846984863281,0,3.83223295211792,71.5151824951172,1.31312239170074,10.9143981933594,0.0659866407513618,2.42509293556213,50.5655097961426,31.2715320587158,689.550415039062,0.23496687412262,21.9911479949951,-903.23955761392,-2177.48932304778,"WhiteTroatedCaracara",20
2547,0,2.27874159812927,0,4.77003192901611,62.6059303283691,0.61202210187912,1.64597368240356,0,0.738622546195984,57.8425102233887,39.118236541748,525.548522949219,0.0501763895153999,11.6894664764404,-883.23955761392,-2177.48932304778,"WhiteTroatedCaracara",20
2548,0,4.9467134475708,0,5.60383701324463,58.9350509643555,16.0487976074219,0.0579688474535942,0,4.98356437683105,56.5610084533691,22.3778114318848,377.951019287109,-0.0529027171432972,5.87050628662109,-863.23955761392,-2177.48932304778,"WhiteTroatedCaracara",20
2549,0,4.89101123809814,0,6.15761852264404,56.956974029541,12.3950052261353,0.425664693117142,0,5.30389070510864,54.5663299560547,27.2809753417969,282.463317871094,0.00448689050972462,3.58296418190002,-843.23955761392,-2177.48932304778,"WhiteTroatedCaracara",20
2550,0,2.36063265800476,0,6.52152872085571,56.8330307006836,5.82758855819702,0.634012997150421,0.0325939282774925,4.46582412719727,50.4837303161621,38.0459022521973,224.25032043457,0.0609779134392738,5.01279354095459,-823.23955761392,-2177.48932304778,"WhiteTroatedCaracara",20
2551,1,2.24063968658447,0,6.80909633636475,58.1843109130859,7.52544355392456,0.585472166538239,0.0151677560061216,3.37268662452698,45.0194206237793,42.6778678894043,176.921966552734,-0.0292395204305649,5.21884346008301,-803.23955761392,-2177.48932304778,"WhiteTroatedCaracara",20
2552,1,3.14913511276245,0,7.04259634017944,60.4872207641602,5.5708270072937,0.825455009937286,0.0355109013617039,0.713970422744751,47.6799926757812,44.7820854187012,142.153381347656,-0.0898437798023224,5.90164184570312,-783.23955761392,-2177.48932304778,"WhiteTroatedCaracara",20
2553,1,2.8724524974823,0,7.18370819091797,64.2385940551758,6.59290885925293,1.76943743228912,0.469775557518005,2.43650770187378,47.6670188903809,40.9325904846191,123.089973449707,-0.0197991151362658,6.42565107345581,-763.23955761392,-2177.48932304778,"WhiteTroatedCaracara",20
2554,1,3.33758759498596,0,7.23924160003662,70.5082321166992,10.1385812759399,0.558636963367462,0.156437709927559,3.59044408798218,44.6898727416992,39.3340644836426,114.853675842285,0.086329884827137,10.5351161956787,-743.23955761392,-2177.48932304778,"WhiteTroatedCaracara",20
2555,1,1.74175429344177,0,7.19303750991821,74.1884155273438,10.7025527954102,0.0144570348784328,0.00330891250632703,2.21598243713379,44.8203315734863,39.9716606140137,118.944564819336,0.214697122573853,10.3485832214355,-723.23955761392,-2177.48932304778,"WhiteTroatedCaracara",20
2556,1,2.06886982917786,0,7.24531221389771,77.366340637207,7.60500144958496,0,0.027634933590889,3.65290474891663,46.098705291748,33.7254257202148,91.4813842773438,-0.00831883773207664,10.9696922302246,-703.23955761392,-2177.48932304778,"WhiteTroatedCaracara",20
2557,1,1.70669507980347,0,7.20213747024536,76.1339874267578,9.25710868835449,0.158964276313782,0.0230098646134138,3.36972880363464,43.9875450134277,27.7392711639404,69.5719528198242,-0.0724886730313301,8.10157012939453,-683.23955761392,-2177.48932304778,"WhiteTroatedCaracara",20
2558,0,173.136001586914,0,5.46120929718018,1051.67138671875,1.95627498626709,6.70031023025513,3.1703507900238,13.6365537643433,26.8180561065674,16.299732208252,238.93424987793,0.161764353513718,51.1917724609375,-1163.23955761392,-2197.48932304778,"WhiteTroatedCaracara",20
2559,0,156.082550048828,0,6.13570833206177,1101.13549804688,0,3.05000758171082,2.10256552696228,9.76241397857666,24.4867210388184,7.78936767578125,106.201133728027,-0.222273021936417,2.26599860191345,-1143.23955761392,-2197.48932304778,"WhiteTroatedCaracara",20
2560,0,139.679138183594,0,5.8420295715332,970.871459960938,3.29980993270874,3.12059307098389,0.671809673309326,9.51218795776367,35.6028137207031,23.342456817627,204.950912475586,-0.761621475219727,63.2109222412109,-1123.23955761392,-2197.48932304778,"WhiteTroatedCaracara",20
2561,0,139.679138183594,0,5.8420295715332,970.871459960938,3.29980993270874,3.12059307098389,0.671809673309326,9.51218795776367,35.6028137207031,23.342456817627,204.950912475586,-0.761621475219727,63.2109222412109,-1103.23955761392,-2197.48932304778,"WhiteTroatedCaracara",20
2562,0,122.756660461426,0,6.8636589050293,895.580932617188,0.267187356948853,0.626305401325226,1.62722361087799,29.4861087799072,15.9163436889648,21.327091217041,108.077262878418,-0.192626878619194,28.9661178588867,-1083.23955761392,-2197.48932304778,"WhiteTroatedCaracara",20
2563,0,72.1254730224609,0,5.91484403610229,542.775390625,3.55599975585938,1.92203438282013,2.01011919975281,10.9408483505249,35.7524833679199,21.7827739715576,205.669494628906,-0.28273019194603,89.3311233520508,-1063.23955761392,-2197.48932304778,"WhiteTroatedCaracara",20
2564,0,72.1254730224609,0,5.91484403610229,542.775390625,3.55599975585938,1.92203438282013,2.01011919975281,10.9408483505249,35.7524833679199,21.7827739715576,205.669494628906,-0.28273019194603,89.3311233520508,-1043.23955761392,-2197.48932304778,"WhiteTroatedCaracara",20
2565,0,48.177433013916,0,3.84700679779053,443.910522460938,3.88795495033264,1.67746531963348,3.5923707485199,5.88993644714355,41.9517784118652,4.79257154464722,597.701293945312,1.82260656356812,191.257049560547,-1023.23955761392,-2197.48932304778,"WhiteTroatedCaracara",20
2566,1,14.4872903823853,0,4.25211620330811,229.30778503418,4.53775215148926,1.89102041721344,6.02420616149902,19.2126064300537,15.9736948013306,11.7095804214478,539.346862792969,0.829135119915009,136.859939575195,-1003.23955761392,-2197.48932304778,"WhiteTroatedCaracara",20
2567,1,14.4872903823853,0,4.25211620330811,229.30778503418,4.53775215148926,1.89102041721344,6.02420616149902,19.2126064300537,15.9736948013306,11.7095804214478,539.346862792969,0.829135119915009,136.859939575195,-983.23955761392,-2197.48932304778,"WhiteTroatedCaracara",20
2568,1,3.35142779350281,0,5.82204866409302,116.36840057373,1.52367007732391,10.6556663513184,8.77081394195557,9.46146488189697,31.7205429077148,10.6886873245239,263.441711425781,-1.54972767829895,66.842414855957,-963.23955761392,-2197.48932304778,"WhiteTroatedCaracara",20
2569,1,5.15535640716553,0,5.09782266616821,101.47176361084,1.66642498970032,16.7421741485596,5.21797323226929,2.6091513633728,41.1134223937988,21.3016033172607,398.872222900391,0.656283438205719,49.5920753479004,-943.23955761392,-2197.48932304778,"WhiteTroatedCaracara",20
2570,1,4.76628732681274,0,4.82452821731567,96.4290161132812,1.50849640369415,18.9659214019775,2.65558528900146,1.42278587818146,46.3470764160156,23.0119285583496,446.77978515625,-0.20004890859127,35.963924407959,-923.23955761392,-2197.48932304778,"WhiteTroatedCaracara",20
2571,0,5.13980102539062,0,4.56966781616211,85.6126403808594,0.886656105518341,13.4684371948242,4.60693073272705,0.65576583147049,51.2163543701172,23.690221786499,513.223754882812,0.292809128761292,25.3477573394775,-903.23955761392,-2197.48932304778,"WhiteTroatedCaracara",20
2572,0,2.67083024978638,0,5.08839893341064,76.2803344726562,0.124697387218475,4.24452447891235,1.65807366371155,0.0142445527017117,57.0092353820801,36.755729675293,418.620300292969,0.471476435661316,14.6289939880371,-883.23955761392,-2197.48932304778,"WhiteTroatedCaracara",20
2573,0,4.68892621994019,0,5.45510244369507,68.5315475463867,0.455511033535004,2.05601811408997,1.19595897197723,0.325619786977768,57.8595809936523,38.0218276977539,361.220672607422,0.359124571084976,11.0096702575684,-863.23955761392,-2197.48932304778,"WhiteTroatedCaracara",20
2574,0,4.52601957321167,0,5.83621692657471,64.4230346679688,3.19698452949524,1.90868270397186,0.151923343539238,0.93889331817627,55.9572372436523,37.7818984985352,302.379364013672,0.222400590777397,7.45692920684814,-843.23955761392,-2197.48932304778,"WhiteTroatedCaracara",20
2575,0,2.49388837814331,0,6.27418756484985,62.1394348144531,4.31294441223145,0.331469148397446,0,0.515605211257935,54.102912902832,40.6960792541504,236.644470214844,0.0201247818768024,5.32895565032959,-823.23955761392,-2197.48932304778,"WhiteTroatedCaracara",20
2576,0,4.78008699417114,0,6.64671277999878,62.0666465759277,2.62193155288696,0.226781070232391,0,0.0559487827122211,55.7342147827148,41.2480239868164,181.415420532227,0.028710538521409,7.51499462127686,-803.23955761392,-2197.48932304778,"WhiteTroatedCaracara",20
2577,0,3.27477741241455,0,7.00495529174805,65.0066299438477,1.82439410686493,0.456515908241272,0,0.92437082529068,54.9551544189453,40.944652557373,126.322662353516,0.0224155895411968,12.1948251724243,-783.23955761392,-2197.48932304778,"WhiteTroatedCaracara",20
2578,1,2.47049283981323,0,7.2135272026062,67.8943176269531,2.85029339790344,0.158684715628624,0.00362501572817564,1.99951350688934,54.0908393859863,40.342041015625,90.3046264648438,-0.152623265981674,10.2940235137939,-763.23955761392,-2197.48932304778,"WhiteTroatedCaracara",20
2579,1,2.90481448173523,0,7.29649543762207,72.3257751464844,5.68274259567261,0.657060205936432,0.0026130338665098,1.62139964103699,51.8407974243164,39.8565902709961,78.2090759277344,-0.0122838700190187,10.8859415054321,-743.23955761392,-2197.48932304778,"WhiteTroatedCaracara",20
2580,1,2.99802994728088,0,7.47475242614746,76.7618408203125,11.3361377716064,3.2444760799408,0.616080343723297,3.52274703979492,43.4856758117676,37.1805572509766,39.0938034057617,-0.210575595498085,4.78436756134033,-723.23955761392,-2197.48932304778,"WhiteTroatedCaracara",20
2581,1,2.42039728164673,0,7.46109199523926,81.4244613647461,5.45314455032349,1.32942759990692,0.162592902779579,2.73706102371216,49.2683868408203,34.6508827209473,29.0063781738281,-0.0221301820129156,3.14264988899231,-703.23955761392,-2197.48932304778,"WhiteTroatedCaracara",20
2582,1,2.73859405517578,0,7.38242053985596,81.7799987792969,6.91834878921509,0.0201980136334896,0,2.88029932975769,52.350269317627,35.3713684082031,16.5870780944824,-0.0430185943841934,1.88402128219604,-683.23955761392,-2197.48932304778,"WhiteTroatedCaracara",20
2583,0,3.36655569076538,0,7.14253234863281,84.4097595214844,6.67746686935425,0.0559857599437237,0.0179644413292408,3.95626497268677,56.2839851379395,30.210205078125,22.8752155303955,-0.0510029569268227,1.65403521060944,-663.23955761392,-2197.48932304778,"WhiteTroatedCaracara",20
2584,0,173.136001586914,0,5.46120929718018,1051.67138671875,1.95627498626709,6.70031023025513,3.1703507900238,13.6365537643433,26.8180561065674,16.299732208252,238.93424987793,0.161764353513718,51.1917724609375,-1163.23955761392,-2217.48932304778,"WhiteTroatedCaracara",20
2585,0,173.136001586914,0,5.46120929718018,1051.67138671875,1.95627498626709,6.70031023025513,3.1703507900238,13.6365537643433,26.8180561065674,16.299732208252,238.93424987793,0.161764353513718,51.1917724609375,-1143.23955761392,-2217.48932304778,"WhiteTroatedCaracara",20
2586,0,139.679138183594,0,5.8420295715332,970.871459960938,3.29980993270874,3.12059307098389,0.671809673309326,9.51218795776367,35.6028137207031,23.342456817627,204.950912475586,-0.761621475219727,63.2109222412109,-1123.23955761392,-2217.48932304778,"WhiteTroatedCaracara",20
2587,0,113.56356048584,0,5.87510442733765,717.135864257812,1.07336270809174,0.600849509239197,2.15893721580505,13.6472034454346,29.4105644226074,15.2916479110718,153.325546264648,0.835657954216003,72.6971588134766,-1103.23955761392,-2217.48932304778,"WhiteTroatedCaracara",20
2588,0,113.56356048584,0,5.87510442733765,717.135864257812,1.07336270809174,0.600849509239197,2.15893721580505,13.6472034454346,29.4105644226074,15.2916479110718,153.325546264648,0.835657954216003,72.6971588134766,-1083.23955761392,-2217.48932304778,"WhiteTroatedCaracara",20
2589,1,72.1254730224609,0,5.91484403610229,542.775390625,3.55599975585938,1.92203438282013,2.01011919975281,10.9408483505249,35.7524833679199,21.7827739715576,205.669494628906,-0.28273019194603,89.3311233520508,-1063.23955761392,-2217.48932304778,"WhiteTroatedCaracara",20
2590,0,72.1254730224609,0,5.91484403610229,542.775390625,3.55599975585938,1.92203438282013,2.01011919975281,10.9408483505249,35.7524833679199,21.7827739715576,205.669494628906,-0.28273019194603,89.3311233520508,-1043.23955761392,-2217.48932304778,"WhiteTroatedCaracara",20
2591,0,55.7394752502441,0,4.77596521377563,458.348663330078,4.91013717651367,1.87817203998566,5.1840934753418,11.3679943084717,37.9043159484863,7.50427770614624,412.601531982422,-0.229685917496681,155.729751586914,-1023.23955761392,-2217.48932304778,"WhiteTroatedCaracara",20
2592,0,39.4194831848145,0,4.99482917785645,344.158264160156,5.03585052490234,0.716559827327728,3.07830882072449,20.6907005310059,30.929630279541,12.9844741821289,380.628936767578,-1.85947811603546,128.749755859375,-1003.23955761392,-2217.48932304778,"WhiteTroatedCaracara",20
2593,1,23.9170417785645,0,5.18438243865967,234.975982666016,2.60367298126221,1.42608404159546,8.80215835571289,22.3602561950684,21.8939094543457,15.645245552063,374.625305175781,0.951951205730438,90.3901138305664,-983.23955761392,-2217.48932304778,"WhiteTroatedCaracara",20
2594,1,10.5985050201416,0,6.01051425933838,132.192596435547,0.31193807721138,5.92440843582153,14.0299730300903,16.8994541168213,21.2016716003418,5.94185733795166,190.034301757812,0.603641986846924,39.9899139404297,-963.23955761392,-2217.48932304778,"WhiteTroatedCaracara",20
2595,1,4.79551315307617,0,6.30951929092407,94.5043640136719,2.25536727905273,17.4703750610352,3.37305808067322,2.79155421257019,37.2095909118652,10.9681177139282,111.250648498535,-0.536316454410553,15.5569105148315,-943.23955761392,-2217.48932304778,"WhiteTroatedCaracara",20
2596,1,3.15252161026001,0,6.06470441818237,97.3928833007812,1.05179643630981,13.5422296524048,4.67470216751099,0.86298131942749,45.4425163269043,16.2095127105713,144.572311401367,-0.130816251039505,12.892692565918,-923.23955761392,-2217.48932304778,"WhiteTroatedCaracara",20
2597,0,3.07835698127747,0,6.03610467910767,90.2322845458984,2.06150078773499,26.8512744903564,1.72733974456787,0.197847113013268,42.083366394043,15.3291330337524,156.563552856445,-0.119648069143295,7.57146644592285,-903.23955761392,-2217.48932304778,"WhiteTroatedCaracara",20
2598,1,2.43748497962952,0,6.22243022918701,80.9088287353516,2.54045224189758,19.6238803863525,0.681631565093994,0.422808200120926,46.5918884277344,25.2854461669922,148.545104980469,-0.299899131059647,7.28556632995605,-883.23955761392,-2217.48932304778,"WhiteTroatedCaracara",20
2599,1,7.41717052459717,0,6.32069396972656,77.0080490112305,2.26927328109741,7.13087558746338,1.0384955406189,0.342939913272858,54.0159454345703,34.2974548339844,157.223495483398,-0.417589515447617,10.3618831634521,-863.23955761392,-2217.48932304778,"WhiteTroatedCaracara",20
2600,0,6.0547776222229,0,6.37551593780518,70.2121505737305,0.978222131729126,2.29545545578003,0.243257224559784,0.0636668875813484,56.7489166259766,39.5783462524414,168.502593994141,-0.249830693006516,10.8296670913696,-843.23955761392,-2217.48932304778,"WhiteTroatedCaracara",20
2601,1,3.79201650619507,0,6.4132227897644,68.1094207763672,3.17690992355347,1.29567813873291,0.00266069290228188,0.047002762556076,53.9110717773438,40.8097953796387,176.261962890625,-0.0980540066957474,14.10817527771,-823.23955761392,-2217.48932304778,"WhiteTroatedCaracara",20
2602,1,2.60852694511414,0,6.61360216140747,66.2871704101562,3.16966104507446,0.746674776077271,0.0014501849655062,0.0648835822939873,53.5062217712402,41.448673248291,156.295501708984,0.0833890661597252,17.7095737457275,-803.23955761392,-2217.48932304778,"WhiteTroatedCaracara",20
2603,1,4.19971609115601,0,6.82949352264404,69.8769226074219,3.84056687355042,0.214143335819244,0.0480727925896645,0.408744901418686,51.9793586730957,41.0506248474121,124.091613769531,-0.123661883175373,9.97191143035889,-783.23955761392,-2217.48932304778,"WhiteTroatedCaracara",20
2604,0,4.97451305389404,0,6.8270435333252,72.2614593505859,3.41821384429932,0.107683971524239,0.0102912401780486,0.315131545066833,52.799633026123,42.4765167236328,138.823150634766,0.0561144948005676,10.7562885284424,-763.23955761392,-2217.48932304778,"WhiteTroatedCaracara",20
2605,0,6.21823072433472,0,7.05024433135986,76.1451263427734,4.84905433654785,1.65840554237366,0,1.34522759914398,52.6356430053711,39.0832862854004,100.746795654297,-0.131560668349266,9.77493858337402,-743.23955761392,-2217.48932304778,"WhiteTroatedCaracara",20
2606,1,3.86844754219055,0,7.09926414489746,78.9385375976562,1.56141829490662,2.77858877182007,0.262146443128586,1.77674961090088,54.9449424743652,38.4544219970703,87.7491912841797,0.00287408800795674,6.18857574462891,-723.23955761392,-2217.48932304778,"WhiteTroatedCaracara",20
2607,1,5.22294521331787,0,7.05987310409546,82.0544891357422,0.37125688791275,0.165669828653336,0,0.361083060503006,58.3784446716309,40.5029067993164,85.9886627197266,0.100791998207569,5.25298309326172,-703.23955761392,-2217.48932304778,"WhiteTroatedCaracara",20
2608,1,2.16800379753113,0,7.07803535461426,82.5085754394531,1.27078223228455,0.869336187839508,0.136045396327972,0.339870125055313,56.587272644043,40.6550979614258,59.7492561340332,0.00659843813627958,4.01336002349854,-683.23955761392,-2217.48932304778,"WhiteTroatedCaracara",20
2609,0,3.36655569076538,0,7.14253234863281,84.4097595214844,6.67746686935425,0.0559857599437237,0.0179644413292408,3.95626497268677,56.2839851379395,30.210205078125,22.8752155303955,-0.0510029569268227,1.65403521060944,-663.23955761392,-2217.48932304778,"WhiteTroatedCaracara",20
2610,0,160.924392700195,0,5.92334079742432,879.566589355469,0.771175146102905,6.18966817855835,4.54084777832031,19.0017986297607,17.0671977996826,11.5364580154419,118.486228942871,-0.580807268619537,36.3399963378906,-1143.23955761392,-2237.48932304778,"WhiteTroatedCaracara",20
2611,0,147.406860351562,0,5.70765781402588,834.530700683594,2.09707856178284,2.13934803009033,2.4008321762085,12.8803339004517,35.6827507019043,19.4473133087158,171.217483520508,-0.258149385452271,54.5903167724609,-1123.23955761392,-2237.48932304778,"WhiteTroatedCaracara",20
2612,0,139.843490600586,0,5.57709312438965,757.25830078125,5.90411376953125,1.05359196662903,0.345013797283173,9.34024047851562,29.7535457611084,15.899320602417,189.306579589844,0.715406715869904,61.4839553833008,-1103.23955761392,-2237.48932304778,"WhiteTroatedCaracara",20
2613,0,113.56356048584,0,5.87510442733765,717.135864257812,1.07336270809174,0.600849509239197,2.15893721580505,13.6472034454346,29.4105644226074,15.2916479110718,153.325546264648,0.835657954216003,72.6971588134766,-1083.23955761392,-2237.48932304778,"WhiteTroatedCaracara",20
2614,0,81.9149703979492,0,6.17968702316284,567.025085449219,1.02229189872742,0.58364725112915,2.37448954582214,15.002552986145,25.4519729614258,16.5972747802734,129.56689453125,-0.238961756229401,21.9057025909424,-1063.23955761392,-2237.48932304778,"WhiteTroatedCaracara",20
2615,0,81.9149703979492,0,6.17968702316284,567.025085449219,1.02229189872742,0.58364725112915,2.37448954582214,15.002552986145,25.4519729614258,16.5972747802734,129.56689453125,-0.238961756229401,21.9057025909424,-1043.23955761392,-2237.48932304778,"WhiteTroatedCaracara",20
2616,0,47.1755790710449,0,4.63950252532959,386.452270507812,4.99727392196655,1.05169153213501,2.2297682762146,14.0867395401001,35.4063606262207,8.43581485748291,417.125518798828,-0.278491973876953,141.556655883789,-1023.23955761392,-2237.48932304778,"WhiteTroatedCaracara",20
2617,1,47.1755790710449,0,4.63950252532959,386.452270507812,4.99727392196655,1.05169153213501,2.2297682762146,14.0867395401001,35.4063606262207,8.43581485748291,417.125518798828,-0.278491973876953,141.556655883789,-1003.23955761392,-2237.48932304778,"WhiteTroatedCaracara",20
2618,1,30.3687648773193,0,5.42779922485352,272.55712890625,3.14790630340576,1.21766066551208,5.16468048095703,22.0557804107666,17.2189140319824,10.6574668884277,273.580841064453,0.702790796756744,79.2293930053711,-983.23955761392,-2237.48932304778,"WhiteTroatedCaracara",20
2619,0,3.36216306686401,0,6.28759336471558,128.041931152344,0.770075917243958,3.60863757133484,7.84376859664917,11.3850593566895,23.5962734222412,3.58860301971436,88.1567687988281,-1.15224766731262,15.9959754943848,-963.23955761392,-2237.48932304778,"WhiteTroatedCaracara",20
2620,1,3.36216306686401,0,6.28759336471558,128.041931152344,0.770075917243958,3.60863757133484,7.84376859664917,11.3850593566895,23.5962734222412,3.58860301971436,88.1567687988281,-1.15224766731262,15.9959754943848,-943.23955761392,-2237.48932304778,"WhiteTroatedCaracara",20
2621,1,3.98800992965698,0,5.97444629669189,117.207305908203,0.324712663888931,6.51366138458252,10.4789295196533,8.30638790130615,35.8761253356934,2.46873831748962,137.262481689453,-0.529014885425568,15.0729207992554,-923.23955761392,-2237.48932304778,"WhiteTroatedCaracara",20
2622,1,3.76927924156189,0,5.71716690063477,107.901481628418,0.547673404216766,11.0687017440796,7.05815267562866,3.02923774719238,39.5526351928711,5.14972162246704,193.171524047852,-0.561229586601257,14.4910593032837,-903.23955761392,-2237.48932304778,"WhiteTroatedCaracara",20
2623,1,3.09321880340576,0,5.82849931716919,95.129264831543,1.45092117786407,19.0192127227783,3.18343138694763,0.710905134677887,39.3439788818359,15.2949256896973,188.97087097168,-0.466405749320984,11.529224395752,-883.23955761392,-2237.48932304778,"WhiteTroatedCaracara",20
2624,1,2.58621096611023,0,6.02920579910278,85.6310653686523,1.75036835670471,17.0369853973389,0.205677703022957,0.0898775085806847,48.3841781616211,28.7930469512939,173.124008178711,-0.221789255738258,6.52211093902588,-863.23955761392,-2237.48932304778,"WhiteTroatedCaracara",20
2625,1,5.55899047851562,0,5.97802448272705,81.6939392089844,0.82732480764389,5.21578216552734,0.0235639624297619,0.0995877087116241,55.8780822753906,37.8306694030762,201.174545288086,0.0382534712553024,6.26103687286377,-843.23955761392,-2237.48932304778,"WhiteTroatedCaracara",20
2626,1,5.09230661392212,0,5.80310249328613,77.3315277099609,1.14095675945282,6.19866228103638,0.0281726587563753,0.111886747181416,54.7201309204102,37.34765625,248.43522644043,0.197921425104141,6.17877388000488,-823.23955761392,-2237.48932304778,"WhiteTroatedCaracara",20
2627,1,1.90497827529907,0,6.13270044326782,77.1291427612305,1.13646590709686,2.32736110687256,0.0010393651900813,0.0697775781154633,56.686595916748,39.6238441467285,210.128707885742,-0.132547780871391,8.16771030426025,-803.23955761392,-2237.48932304778,"WhiteTroatedCaracara",20
2628,1,2.92776012420654,0,6.3624439239502,77.2896499633789,2.24430203437805,0.905035078525543,0.0268519464880228,0.150891825556755,55.6888999938965,40.23486328125,182.722991943359,0.302144467830658,6.86000776290894,-783.23955761392,-2237.48932304778,"WhiteTroatedCaracara",20
2629,1,2.73017597198486,0,6.5625114440918,78.4181289672852,3.29615616798401,3.14003872871399,0.144606947898865,0.454884588718414,53.2404365539551,39.1605491638184,157.641174316406,-0.206818535923958,8.85010051727295,-763.23955761392,-2237.48932304778,"WhiteTroatedCaracara",20
2630,1,2.43026494979858,0,6.65721750259399,79.7176361083984,4.53024625778198,1.85566711425781,0.158323019742966,1.5269855260849,48.1865005493164,41.4908981323242,146.40576171875,0.0569154545664787,8.9206428527832,-743.23955761392,-2237.48932304778,"WhiteTroatedCaracara",20
2631,1,3.27082800865173,0,6.65938425064087,82.1789245605469,2.46265840530396,1.51572203636169,0.0784433260560036,0.859032332897186,51.7934074401855,41.1171684265137,147.121231079102,0.105539970099926,6.33236694335938,-723.23955761392,-2237.48932304778,"WhiteTroatedCaracara",20
2632,1,5.76534700393677,0,6.81295204162598,85.4014739990234,1.05683827400208,1.60936856269836,0.0235028862953186,0.133397653698921,54.4733238220215,38.280948638916,110.836952209473,0.204036206007004,9.20639038085938,-703.23955761392,-2237.48932304778,"WhiteTroatedCaracara",20
2633,1,1.72382831573486,0,6.81154632568359,81.3771743774414,6.37479114532471,2.58126068115234,0.784286916255951,0.49411478638649,45.6825637817383,39.2251281738281,90.0035705566406,0.147977128624916,9.03679656982422,-683.23955761392,-2237.48932304778,"WhiteTroatedCaracara",20
2634,1,2.90989685058594,0,6.88440990447998,80.9152374267578,3.64917778968811,1.33516669273376,0.40599200129509,0.277559727430344,53.6451454162598,40.3044090270996,70.6525268554688,0.064968578517437,6.03141593933105,-663.23955761392,-2237.48932304778,"WhiteTroatedCaracara",20
2635,0,2.90989685058594,0,6.88440990447998,80.9152374267578,3.64917778968811,1.33516669273376,0.40599200129509,0.277559727430344,53.6451454162598,40.3044090270996,70.6525268554688,0.064968578517437,6.03141593933105,-643.23955761392,-2237.48932304778,"WhiteTroatedCaracara",20
2636,0,160.924392700195,0,5.92334079742432,879.566589355469,0.771175146102905,6.18966817855835,4.54084777832031,19.0017986297607,17.0671977996826,11.5364580154419,118.486228942871,-0.580807268619537,36.3399963378906,-1143.23955761392,-2257.48932304778,"WhiteTroatedCaracara",20
2637,0,139.843490600586,0,5.57709312438965,757.25830078125,5.90411376953125,1.05359196662903,0.345013797283173,9.34024047851562,29.7535457611084,15.899320602417,189.306579589844,0.715406715869904,61.4839553833008,-1123.23955761392,-2257.48932304778,"WhiteTroatedCaracara",20
2638,0,139.843490600586,0,5.57709312438965,757.25830078125,5.90411376953125,1.05359196662903,0.345013797283173,9.34024047851562,29.7535457611084,15.899320602417,189.306579589844,0.715406715869904,61.4839553833008,-1103.23955761392,-2257.48932304778,"WhiteTroatedCaracara",20
2639,1,139.843490600586,0,5.57709312438965,757.25830078125,5.90411376953125,1.05359196662903,0.345013797283173,9.34024047851562,29.7535457611084,15.899320602417,189.306579589844,0.715406715869904,61.4839553833008,-1083.23955761392,-2257.48932304778,"WhiteTroatedCaracara",20
2640,0,100.590293884277,0,5.53226184844971,661.61865234375,1.29595756530762,1.02165055274963,3.22161030769348,16.9219207763672,31.3153629302979,9.46128940582275,209.922027587891,-0.438700497150421,56.0039672851562,-1063.23955761392,-2257.48932304778,"WhiteTroatedCaracara",20
2641,1,92.9004440307617,0,6.19780874252319,648.643005371094,1.21860361099243,1.33771097660065,5.59190511703491,12.1645174026489,32.758861541748,8.66825103759766,166.173522949219,-1.81750333309174,47.9031677246094,-1043.23955761392,-2257.48932304778,"WhiteTroatedCaracara",20
2642,1,74.8615493774414,0,6.2752161026001,554.067321777344,0.60448557138443,0.949486970901489,5.69733238220215,15.5843019485474,26.0318775177002,12.738429069519,117.956825256348,-0.45407971739769,38.4488182067871,-1023.23955761392,-2257.48932304778,"WhiteTroatedCaracara",20
2643,0,47.1755790710449,0,4.63950252532959,386.452270507812,4.99727392196655,1.05169153213501,2.2297682762146,14.0867395401001,35.4063606262207,8.43581485748291,417.125518798828,-0.278491973876953,141.556655883789,-1003.23955761392,-2257.48932304778,"WhiteTroatedCaracara",20
2644,1,22.5391597747803,0,5.0467963218689,251.187866210938,1.78486931324005,1.05869376659393,6.95747089385986,21.1867027282715,18.2055263519287,10.0319986343384,292.622344970703,-0.18283899128437,83.4861221313477,-983.23955761392,-2257.48932304778,"WhiteTroatedCaracara",20
2645,0,22.5391597747803,0,5.0467963218689,251.187866210938,1.78486931324005,1.05869376659393,6.95747089385986,21.1867027282715,18.2055263519287,10.0319986343384,292.622344970703,-0.18283899128437,83.4861221313477,-963.23955761392,-2257.48932304778,"WhiteTroatedCaracara",20
2646,1,16.4521884918213,0,5.57254648208618,190.255432128906,0.855346381664276,0.925892889499664,9.59667110443115,18.4160099029541,21.1980266571045,6.94441366195679,197.730987548828,1.0793080329895,41.2089042663574,-943.23955761392,-2257.48932304778,"WhiteTroatedCaracara",20
2647,0,15.9852123260498,0,4.45996952056885,177.861999511719,1.9495130777359,0.935179769992828,11.6785869598389,13.6933927536011,32.0583457946777,10.6135549545288,415.886627197266,1.1920360326767,46.7737121582031,-923.23955761392,-2257.48932304778,"WhiteTroatedCaracara",20
2648,1,17.4028835296631,0,3.92959809303284,153.03515625,1.28650391101837,1.40617072582245,16.9632911682129,8.00518703460693,34.0066184997559,5.34156227111816,523.876708984375,0.909914255142212,43.7676239013672,-903.23955761392,-2257.48932304778,"WhiteTroatedCaracara",20
2649,1,15.9958305358887,0,4.40164756774902,118.888061523438,0.971167922019958,2.40831875801086,24.0108375549316,6.20242977142334,27.0874271392822,5.88798809051514,441.551361083984,0.331387221813202,29.9648933410645,-883.23955761392,-2257.48932304778,"WhiteTroatedCaracara",20
2650,1,5.16566514968872,0,5.18255519866943,100.39330291748,1.20397818088531,7.03409147262573,2.88691973686218,0.60144454240799,52.2901382446289,27.9861106872559,311.629730224609,0.469208359718323,18.9741630554199,-863.23955761392,-2257.48932304778,"WhiteTroatedCaracara",20
2651,1,3.6933753490448,0,5.83195352554321,96.723876953125,2.4132444858551,11.7001209259033,0.247147843241692,0.650063037872314,54.2512092590332,30.0821132659912,201.909225463867,-0.132046237587929,7.49715662002563,-843.23955761392,-2257.48932304778,"WhiteTroatedCaracara",20
2652,1,3.20580077171326,0,5.63782739639282,90.843505859375,0.487705826759338,6.49045991897583,0.00416748691350222,0.0326156690716743,56.0772399902344,36.7812805175781,250.23225402832,-0.0306869354099035,4.79664134979248,-823.23955761392,-2257.48932304778,"WhiteTroatedCaracara",20
2653,1,3.17695879936218,0,5.79341888427734,85.646240234375,0.843356072902679,4.5529637336731,0.0145843038335443,0.0747528225183487,55.8742828369141,38.0477027893066,239.221817016602,0.0748207494616508,5.47221279144287,-803.23955761392,-2257.48932304778,"WhiteTroatedCaracara",20
2654,1,1.90776324272156,0,6.14537286758423,87.8116073608398,1.05459594726562,14.6102571487427,0.00621534138917923,0.109189219772816,52.8715705871582,30.8918704986572,192.264923095703,-0.0233834777027369,8.93164539337158,-783.23955761392,-2257.48932304778,"WhiteTroatedCaracara",20
2655,1,3.71255326271057,0,6.06375217437744,86.6473846435547,0.406651198863983,1.38887214660645,0.759352743625641,0.0980669483542442,56.5304908752441,40.1335945129395,214.586639404297,0.0714118257164955,5.11500263214111,-763.23955761392,-2257.48932304778,"WhiteTroatedCaracara",20
2656,1,3.28750872612,0,6.30984115600586,83.6039428710938,1.15618813037872,3.70655846595764,2.86589384078979,1.63951134681702,52.2840270996094,36.4805107116699,185.898498535156,0.163286119699478,11.352653503418,-743.23955761392,-2257.48932304778,"WhiteTroatedCaracara",20
2657,1,2.10574674606323,0,6.98351001739502,86.8513107299805,2.50678849220276,3.82813763618469,0.0954589918255806,0.887886106967926,51.6644515991211,36.5156593322754,68.8409271240234,-0.0655664205551147,8.00949764251709,-723.23955761392,-2257.48932304778,"WhiteTroatedCaracara",20
2658,1,5.76534700393677,0,6.81295204162598,85.4014739990234,1.05683827400208,1.60936856269836,0.0235028862953186,0.133397653698921,54.4733238220215,38.280948638916,110.836952209473,0.204036206007004,9.20639038085938,-703.23955761392,-2257.48932304778,"WhiteTroatedCaracara",20
2659,1,1.72382831573486,0,6.81154632568359,81.3771743774414,6.37479114532471,2.58126068115234,0.784286916255951,0.49411478638649,45.6825637817383,39.2251281738281,90.0035705566406,0.147977128624916,9.03679656982422,-683.23955761392,-2257.48932304778,"WhiteTroatedCaracara",20
2660,1,2.90989685058594,0,6.88440990447998,80.9152374267578,3.64917778968811,1.33516669273376,0.40599200129509,0.277559727430344,53.6451454162598,40.3044090270996,70.6525268554688,0.064968578517437,6.03141593933105,-663.23955761392,-2257.48932304778,"WhiteTroatedCaracara",20
2661,1,2.90989685058594,0,6.88440990447998,80.9152374267578,3.64917778968811,1.33516669273376,0.40599200129509,0.277559727430344,53.6451454162598,40.3044090270996,70.6525268554688,0.064968578517437,6.03141593933105,-643.23955761392,-2257.48932304778,"WhiteTroatedCaracara",20
2662,0,2.69496726989746,0,6.5062780380249,90.2424240112305,2.46701073646545,2.66592216491699,2.52075409889221,0.824835658073425,45.6070213317871,30.0935516357422,67.594596862793,0.0383556298911572,6.26383924484253,-623.23955761392,-2257.48932304778,"WhiteTroatedCaracara",20
2663,0,160.924392700195,0,5.92334079742432,879.566589355469,0.771175146102905,6.18966817855835,4.54084777832031,19.0017986297607,17.0671977996826,11.5364580154419,118.486228942871,-0.580807268619537,36.3399963378906,-1143.23955761392,-2277.48932304778,"WhiteTroatedCaracara",20
2664,0,139.843490600586,0,5.57709312438965,757.25830078125,5.90411376953125,1.05359196662903,0.345013797283173,9.34024047851562,29.7535457611084,15.899320602417,189.306579589844,0.715406715869904,61.4839553833008,-1123.23955761392,-2277.48932304778,"WhiteTroatedCaracara",20
2665,0,139.843490600586,0,5.57709312438965,757.25830078125,5.90411376953125,1.05359196662903,0.345013797283173,9.34024047851562,29.7535457611084,15.899320602417,189.306579589844,0.715406715869904,61.4839553833008,-1103.23955761392,-2277.48932304778,"WhiteTroatedCaracara",20
2666,0,108.407363891602,0,6.14406204223633,711.678833007812,0.834199488162994,1.87289762496948,3.9458212852478,19.136360168457,29.8145923614502,20.5279846191406,186.901885986328,0.657922089099884,89.0383148193359,-1083.23955761392,-2277.48932304778,"WhiteTroatedCaracara",20
2667,0,108.407363891602,0,6.14406204223633,711.678833007812,0.834199488162994,1.87289762496948,3.9458212852478,19.136360168457,29.8145923614502,20.5279846191406,186.901885986328,0.657922089099884,89.0383148193359,-1063.23955761392,-2277.48932304778,"WhiteTroatedCaracara",20
2668,0,92.9004440307617,0,6.19780874252319,648.643005371094,1.21860361099243,1.33771097660065,5.59190511703491,12.1645174026489,32.758861541748,8.66825103759766,166.173522949219,-1.81750333309174,47.9031677246094,-1043.23955761392,-2277.48932304778,"WhiteTroatedCaracara",20
2669,0,74.8615493774414,0,6.2752161026001,554.067321777344,0.60448557138443,0.949486970901489,5.69733238220215,15.5843019485474,26.0318775177002,12.738429069519,117.956825256348,-0.45407971739769,38.4488182067871,-1023.23955761392,-2277.48932304778,"WhiteTroatedCaracara",20
2670,0,62.1493072509766,0,5.41227102279663,471.43408203125,1.14409983158112,1.30979561805725,9.02073383331299,13.156867980957,39.1475715637207,9.40578365325928,261.815734863281,0.979236125946045,78.7926177978516,-1003.23955761392,-2277.48932304778,"WhiteTroatedCaracara",20
2671,0,50.1736450195312,0,5.02902746200562,380.747772216797,1.69398939609528,0.729419887065887,8.58524513244629,25.3683700561523,21.7796955108643,11.2710886001587,310.935272216797,0.95156854391098,108.349174499512,-983.23955761392,-2277.48932304778,"WhiteTroatedCaracara",20
2672,0,40.7973861694336,0,5.44949150085449,290.549102783203,0.444876194000244,0.449274718761444,7.54080772399902,20.3094959259033,19.0613307952881,13.0148324966431,218.900543212891,-1.43763840198517,63.9761085510254,-963.23955761392,-2277.48932304778,"WhiteTroatedCaracara",20
2673,0,29.159912109375,0,5.66136121749878,244.423400878906,0.981778025627136,0.534184396266937,4.49958229064941,22.7520122528076,19.6439323425293,11.2443170547485,155.853912353516,0.162253215909004,47.4228134155273,-943.23955761392,-2277.48932304778,"WhiteTroatedCaracara",20
2674,0,18.2999229431152,0,4.07462215423584,227.115249633789,3.57789897918701,1.55002796649933,8.72700595855713,20.8279304504395,30.6921405792236,10.9952936172485,479.982818603516,-0.566655099391937,85.7498931884766,-923.23955761392,-2277.48932304778,"WhiteTroatedCaracara",20
2675,1,15.9021348953247,0,4.10697412490845,173.404907226562,1.40982246398926,1.21980023384094,15.939471244812,16.5527267456055,26.4802436828613,5.81257629394531,477.911895751953,0.0413429588079453,43.7287292480469,-903.23955761392,-2277.48932304778,"WhiteTroatedCaracara",20
2676,1,13.6510944366455,0,3.91289114952087,139.744064331055,0.260062158107758,4.45193862915039,24.6051902770996,6.29294109344482,26.4030342102051,3.5581591129303,523.915161132812,1.59342014789581,31.1932106018066,-883.23955761392,-2277.48932304778,"WhiteTroatedCaracara",20
2677,1,3.69581270217896,0,5.32777309417725,114.937843322754,0.987366259098053,25.5857315063477,1.96282696723938,0.669876337051392,47.2519378662109,14.9464149475098,261.404541015625,0.0242642406374216,14.9678926467896,-863.23955761392,-2277.48932304778,"WhiteTroatedCaracara",20
2678,1,3.88871598243713,0,5.86938190460205,126.897705078125,6.53922748565674,15.6038398742676,0.608059763908386,0.497782051563263,48.2914352416992,12.5417633056641,147.851531982422,-0.353978186845779,6.6117148399353,-843.23955761392,-2277.48932304778,"WhiteTroatedCaracara",20
2679,1,2.81197023391724,0,5.2803897857666,97.8850250244141,0.918797969818115,4.6038670539856,5.46450757980347,0,54.9189414978027,28.649585723877,292.720642089844,0.573185682296753,10.3498582839966,-823.23955761392,-2277.48932304778,"WhiteTroatedCaracara",20
2680,1,2.28237295150757,0,6.15156507492065,92.6688461303711,1.02649867534637,12.8537406921387,0.289825737476349,0.281659245491028,53.3462715148926,31.5425930023193,156.417938232422,-0.00525263417512178,9.21323585510254,-803.23955761392,-2277.48932304778,"WhiteTroatedCaracara",20
2681,1,3.31361722946167,0,6.21057033538818,98.787467956543,1.07509434223175,14.6852359771729,1.2835019826889,1.37369358539581,52.9596519470215,28.0176372528076,160.127975463867,0.56691575050354,10.7385168075562,-783.23955761392,-2277.48932304778,"WhiteTroatedCaracara",20
2682,1,3.65222215652466,0,6.15749216079712,90.2416763305664,3.91099691390991,11.39515209198,6.03395128250122,3.20240569114685,46.0160980224609,28.2323760986328,181.624725341797,-0.000620911829173565,13.6091260910034,-763.23955761392,-2277.48932304778,"WhiteTroatedCaracara",20
2683,1,3.28750872612,0,6.30984115600586,83.6039428710938,1.15618813037872,3.70655846595764,2.86589384078979,1.63951134681702,52.2840270996094,36.4805107116699,185.898498535156,0.163286119699478,11.352653503418,-743.23955761392,-2277.48932304778,"WhiteTroatedCaracara",20
2684,1,2.10574674606323,0,6.98351001739502,86.8513107299805,2.50678849220276,3.82813763618469,0.0954589918255806,0.887886106967926,51.6644515991211,36.5156593322754,68.8409271240234,-0.0655664205551147,8.00949764251709,-723.23955761392,-2277.48932304778,"WhiteTroatedCaracara",20
2685,1,2.65731143951416,0,6.85222816467285,87.3672256469727,0.790696918964386,14.9280128479004,0.253458082675934,0.0837067887187004,52.9397926330566,28.6924419403076,36.4011917114258,-0.310637950897217,5.41780710220337,-703.23955761392,-2277.48932304778,"WhiteTroatedCaracara",20
2686,1,3.02138543128967,0,6.35589551925659,90.5616683959961,0.110950767993927,2.79888296127319,3.41661524772644,0.0145949563011527,56.9842300415039,35.9173622131348,109.337219238281,0.167238622903824,10.0212926864624,-663.23955761392,-2277.48932304778,"WhiteTroatedCaracara",20
2687,1,2.69496726989746,0,6.5062780380249,90.2424240112305,2.46701073646545,2.66592216491699,2.52075409889221,0.824835658073425,45.6070213317871,30.0935516357422,67.594596862793,0.0383556298911572,6.26383924484253,-643.23955761392,-2277.48932304778,"WhiteTroatedCaracara",20
2688,0,168.737289428711,0,5.6989598274231,840.1767578125,0.877245008945465,2.27783107757568,5.10995435714722,11.3549489974976,33.7079849243164,3.102623462677,123.938591003418,-0.393782913684845,31.4300861358643,-1123.23955761392,-2297.48932304778,"WhiteTroatedCaracara",20
2689,0,139.843490600586,0,5.57709312438965,757.25830078125,5.90411376953125,1.05359196662903,0.345013797283173,9.34024047851562,29.7535457611084,15.899320602417,189.306579589844,0.715406715869904,61.4839553833008,-1103.23955761392,-2297.48932304778,"WhiteTroatedCaracara",20
2690,0,108.407363891602,0,6.14406204223633,711.678833007812,0.834199488162994,1.87289762496948,3.9458212852478,19.136360168457,29.8145923614502,20.5279846191406,186.901885986328,0.657922089099884,89.0383148193359,-1083.23955761392,-2297.48932304778,"WhiteTroatedCaracara",20
2691,0,102.920555114746,0,6.34614276885986,712.021728515625,0.194829389452934,1.86013567447662,3.44133901596069,20.0184440612793,23.3216972351074,17.2076759338379,130.377304077148,1.52961766719818,55.5657920837402,-1063.23955761392,-2297.48932304778,"WhiteTroatedCaracara",20
2692,0,102.920555114746,0,6.34614276885986,712.021728515625,0.194829389452934,1.86013567447662,3.44133901596069,20.0184440612793,23.3216972351074,17.2076759338379,130.377304077148,1.52961766719818,55.5657920837402,-1043.23955761392,-2297.48932304778,"WhiteTroatedCaracara",20
2693,0,76.652458190918,0,4.70420360565186,532.3046875,6.07260990142822,0.62788051366806,7.26557350158691,14.1276054382324,45.1305847167969,5.52525806427002,390.203094482422,0.758747100830078,130.523559570312,-1023.23955761392,-2297.48932304778,"WhiteTroatedCaracara",20
2694,0,76.652458190918,0,4.70420360565186,532.3046875,6.07260990142822,0.62788051366806,7.26557350158691,14.1276054382324,45.1305847167969,5.52525806427002,390.203094482422,0.758747100830078,130.523559570312,-1003.23955761392,-2297.48932304778,"WhiteTroatedCaracara",20
2695,0,61.8378562927246,0,5.24823141098022,432.118072509766,0.967866659164429,1.35034000873566,8.92080497741699,25.5832939147949,22.0898704528809,11.49986743927,267.985107421875,-1.35553908348083,116.813514709473,-983.23955761392,-2297.48932304778,"WhiteTroatedCaracara",20
2696,0,44.8136749267578,0,5.01265716552734,352.179046630859,2.46323585510254,0.304020494222641,5.89042472839355,18.9389591217041,20.5164699554443,7.01589250564575,269.375885009766,-1.31663584709167,81.7195663452148,-963.23955761392,-2297.48932304778,"WhiteTroatedCaracara",20
2697,0,29.159912109375,0,5.66136121749878,244.423400878906,0.981778025627136,0.534184396266937,4.49958229064941,22.7520122528076,19.6439323425293,11.2443170547485,155.853912353516,0.162253215909004,47.4228134155273,-943.23955761392,-2297.48932304778,"WhiteTroatedCaracara",20
2698,0,23.4208698272705,0,4.50550270080566,277.643493652344,1.37007832527161,0.366398423910141,11.7028675079346,19.8273220062256,28.4710483551025,5.97745370864868,341.628479003906,0.809983551502228,68.9590072631836,-923.23955761392,-2297.48932304778,"WhiteTroatedCaracara",20
2699,1,12.2914428710938,0,5.00109958648682,209.029418945312,1.31787776947021,0.991381406784058,15.3353490829468,15.5802345275879,25.5731601715088,5.89702320098877,272.193389892578,-0.639355063438416,38.7080955505371,-903.23955761392,-2297.48932304778,"WhiteTroatedCaracara",20
2700,1,2.6902437210083,0,6.02310848236084,126.698593139648,1.1213790178299,21.989387512207,2.1859724521637,1.02342414855957,44.7117881774902,3.937415599823,100.414123535156,-0.039366077631712,15.2715349197388,-883.23955761392,-2297.48932304778,"WhiteTroatedCaracara",20
2701,1,2.6902437210083,0,6.02310848236084,126.698593139648,1.1213790178299,21.989387512207,2.1859724521637,1.02342414855957,44.7117881774902,3.937415599823,100.414123535156,-0.039366077631712,15.2715349197388,-863.23955761392,-2297.48932304778,"WhiteTroatedCaracara",20
2702,1,2.30074191093445,0,5.77071952819824,113.473007202148,0.713534891605377,14.2524251937866,4.42983055114746,0.241570696234703,51.1143226623535,13.6546039581299,155.917053222656,0.332432627677917,13.7911109924316,-843.23955761392,-2297.48932304778,"WhiteTroatedCaracara",20
2703,1,3.78281593322754,0,6.22949886322021,104.727516174316,0.391611069440842,18.4033813476562,0.908320426940918,0.176024436950684,50.6191787719727,24.2143726348877,88.2794418334961,-0.227696418762207,10.8262395858765,-823.23955761392,-2297.48932304778,"WhiteTroatedCaracara",20
2704,1,1.74552154541016,0,6.63911294937134,100.306701660156,3.21924710273743,15.2726192474365,0.923848927021027,0.912702798843384,45.9683227539062,22.4851493835449,32.5388946533203,-0.108105950057507,4.35047388076782,-803.23955761392,-2297.48932304778,"WhiteTroatedCaracara",20
2705,1,6.17805528640747,0,6.83209466934204,98.6644744873047,3.41135740280151,13.2003917694092,1.13020861148834,2.21030235290527,40.5118179321289,21.7277774810791,20.6808242797852,-0.692322075366974,5.10008335113525,-783.23955761392,-2297.48932304778,"WhiteTroatedCaracara",20
2706,1,3.65222215652466,0,6.15749216079712,90.2416763305664,3.91099691390991,11.39515209198,6.03395128250122,3.20240569114685,46.0160980224609,28.2323760986328,181.624725341797,-0.000620911829173565,13.6091260910034,-763.23955761392,-2297.48932304778,"WhiteTroatedCaracara",20
2707,0,3.8433301448822,0,6.94645643234253,85.1453857421875,0.93012261390686,10.4020376205444,0.140853390097618,0.184419587254524,45.1124114990234,27.3801422119141,25.3498859405518,-0.0756295025348663,2.7073130607605,-743.23955761392,-2297.48932304778,"WhiteTroatedCaracara",20
2708,1,3.8433301448822,0,6.94645643234253,85.1453857421875,0.93012261390686,10.4020376205444,0.140853390097618,0.184419587254524,45.1124114990234,27.3801422119141,25.3498859405518,-0.0756295025348663,2.7073130607605,-723.23955761392,-2297.48932304778,"WhiteTroatedCaracara",20
2709,1,2.65731143951416,0,6.85222816467285,87.3672256469727,0.790696918964386,14.9280128479004,0.253458082675934,0.0837067887187004,52.9397926330566,28.6924419403076,36.4011917114258,-0.310637950897217,5.41780710220337,-703.23955761392,-2297.48932304778,"WhiteTroatedCaracara",20
2710,1,2.84698152542114,0,6.53639888763428,90.9315567016602,2.69692778587341,5.95730972290039,3.22815251350403,0.259213089942932,48.4562721252441,31.7650699615479,76.7063446044922,-0.0875576883554459,13.1423187255859,-683.23955761392,-2297.48932304778,"WhiteTroatedCaracara",20
2711,1,3.02138543128967,0,6.35589551925659,90.5616683959961,0.110950767993927,2.79888296127319,3.41661524772644,0.0145949563011527,56.9842300415039,35.9173622131348,109.337219238281,0.167238622903824,10.0212926864624,-663.23955761392,-2297.48932304778,"WhiteTroatedCaracara",20
2712,1,2.69496726989746,0,6.5062780380249,90.2424240112305,2.46701073646545,2.66592216491699,2.52075409889221,0.824835658073425,45.6070213317871,30.0935516357422,67.594596862793,0.0383556298911572,6.26383924484253,-643.23955761392,-2297.48932304778,"WhiteTroatedCaracara",20
2713,0,3.1678831577301,0,6.6707649230957,90.1144561767578,3.92093181610107,7.49046802520752,2.07080745697021,1.22925245761871,31.0847187042236,15.8843393325806,15.0229215621948,-0.0244907271116972,2.89705610275269,-623.23955761392,-2297.48932304778,"WhiteTroatedCaracara",20
2714,0,168.737289428711,0,5.6989598274231,840.1767578125,0.877245008945465,2.27783107757568,5.10995435714722,11.3549489974976,33.7079849243164,3.102623462677,123.938591003418,-0.393782913684845,31.4300861358643,-1103.23955761392,-2317.48932304778,"WhiteTroatedCaracara",20
2715,0,168.737289428711,0,5.6989598274231,840.1767578125,0.877245008945465,2.27783107757568,5.10995435714722,11.3549489974976,33.7079849243164,3.102623462677,123.938591003418,-0.393782913684845,31.4300861358643,-1083.23955761392,-2317.48932304778,"WhiteTroatedCaracara",20
2716,0,116.329917907715,0,6.43043565750122,782.328430175781,0.748238623142242,1.1602725982666,4.76574802398682,22.07497215271,28.6544761657715,12.1140031814575,112.390365600586,-0.52949446439743,45.6667633056641,-1063.23955761392,-2317.48932304778,"WhiteTroatedCaracara",20
2717,0,116.329917907715,0,6.43043565750122,782.328430175781,0.748238623142242,1.1602725982666,4.76574802398682,22.07497215271,28.6544761657715,12.1140031814575,112.390365600586,-0.52949446439743,45.6667633056641,-1043.23955761392,-2317.48932304778,"WhiteTroatedCaracara",20
2718,1,100.954704284668,0,6.35101079940796,689.515075683594,0.757110059261322,0.325580388307571,3.16388297080994,25.8030033111572,20.2449264526367,19.0224914550781,110.43196105957,-0.1709373742342,36.9655647277832,-1023.23955761392,-2317.48932304778,"WhiteTroatedCaracara",20
2719,0,67.5338287353516,0,4.05369710922241,497.459381103516,7.97778511047363,0.610022604465485,2.83485150337219,6.24755334854126,41.4079513549805,7.10823535919189,441.987487792969,0.380104452371597,130.875534057617,-1003.23955761392,-2317.48932304778,"WhiteTroatedCaracara",20
2720,0,67.5338287353516,0,4.05369710922241,497.459381103516,7.97778511047363,0.610022604465485,2.83485150337219,6.24755334854126,41.4079513549805,7.10823535919189,441.987487792969,0.380104452371597,130.875534057617,-983.23955761392,-2317.48932304778,"WhiteTroatedCaracara",20
2721,0,52.0364608764648,0,4.8432149887085,403.196044921875,3.98508834838867,0.391791313886642,6.3446159362793,17.3681259155273,31.2524566650391,7.41642379760742,305.536254882812,0.860651850700378,118.17049407959,-963.23955761392,-2317.48932304778,"WhiteTroatedCaracara",20
2722,1,23.4208698272705,0,4.50550270080566,277.643493652344,1.37007832527161,0.366398423910141,11.7028675079346,19.8273220062256,28.4710483551025,5.97745370864868,341.628479003906,0.809983551502228,68.9590072631836,-943.23955761392,-2317.48932304778,"WhiteTroatedCaracara",20
2723,0,23.4208698272705,0,4.50550270080566,277.643493652344,1.37007832527161,0.366398423910141,11.7028675079346,19.8273220062256,28.4710483551025,5.97745370864868,341.628479003906,0.809983551502228,68.9590072631836,-923.23955761392,-2317.48932304778,"WhiteTroatedCaracara",20
2724,1,12.2914428710938,0,5.00109958648682,209.029418945312,1.31787776947021,0.991381406784058,15.3353490829468,15.5802345275879,25.5731601715088,5.89702320098877,272.193389892578,-0.639355063438416,38.7080955505371,-903.23955761392,-2317.48932304778,"WhiteTroatedCaracara",20
2725,0,6.30371046066284,0,4.88184356689453,172.832366943359,0.442949414253235,6.88317203521729,17.1058692932129,8.24525833129883,30.5071468353271,2.14828395843506,298.148193359375,0.810507535934448,32.2566146850586,-883.23955761392,-2317.48932304778,"WhiteTroatedCaracara",20
2726,1,2.15378594398499,0,6.14234447479248,147.246154785156,1.07005977630615,15.2742490768433,3.55059051513672,2.30753183364868,42.0970458984375,2.07737278938293,64.8226928710938,-0.11222193390131,8.30598449707031,-863.23955761392,-2317.48932304778,"WhiteTroatedCaracara",20
2727,1,1.71991086006165,0,6.35467338562012,115.212753295898,1.88564372062683,22.3857936859131,0.948872029781342,0.569822728633881,43.878604888916,12.1104221343994,26.7932357788086,-0.020498076453805,4.83236932754517,-843.23955761392,-2317.48932304778,"WhiteTroatedCaracara",20
2728,1,1.71991086006165,0,6.35467338562012,115.212753295898,1.88564372062683,22.3857936859131,0.948872029781342,0.569822728633881,43.878604888916,12.1104221343994,26.7932357788086,-0.020498076453805,4.83236932754517,-823.23955761392,-2317.48932304778,"WhiteTroatedCaracara",20
2729,0,1.74552154541016,0,6.63911294937134,100.306701660156,3.21924710273743,15.2726192474365,0.923848927021027,0.912702798843384,45.9683227539062,22.4851493835449,32.5388946533203,-0.108105950057507,4.35047388076782,-803.23955761392,-2317.48932304778,"WhiteTroatedCaracara",20
2730,0,3.03101754188538,0,6.9199366569519,96.9990081787109,1.14219045639038,5.91444778442383,2.66431641578674,0.677459955215454,50.275634765625,30.0557327270508,20.9475860595703,0.0455030985176563,3.55845284461975,-783.23955761392,-2317.48932304778,"WhiteTroatedCaracara",20
2731,1,3.03101754188538,0,6.9199366569519,96.9990081787109,1.14219045639038,5.91444778442383,2.66431641578674,0.677459955215454,50.275634765625,30.0557327270508,20.9475860595703,0.0455030985176563,3.55845284461975,-763.23955761392,-2317.48932304778,"WhiteTroatedCaracara",20
2732,1,4.69058084487915,0,6.79443311691284,99.4736404418945,0.690598130226135,14.8661518096924,0.832700967788696,0.392565876245499,47.1491012573242,24.8475723266602,44.11083984375,-0.185862243175507,4.88150978088379,-743.23955761392,-2317.48932304778,"WhiteTroatedCaracara",20
2733,1,6.65036487579346,0,6.25026082992554,102.309753417969,0.0457035675644875,6.18566131591797,6.08012580871582,0.0151766929775476,56.4852027893066,31.0470752716064,139.756637573242,-0.149648234248161,15.7066621780396,-723.23955761392,-2317.48932304778,"WhiteTroatedCaracara",20
2734,1,2.05622625350952,0,5.96578311920166,100.982856750488,0.0198386218398809,7.1254997253418,5.87231016159058,0.0433932803571224,56.1649398803711,30.3918495178223,189.10498046875,0.451953887939453,24.4914665222168,-703.23955761392,-2317.48932304778,"WhiteTroatedCaracara",20
2735,1,5.59926891326904,0,5.83424472808838,97.9164428710938,0.0958141908049583,7.36363124847412,4.31831216812134,0.0237725134938955,56.1138801574707,31.9999294281006,206.165939331055,0.301486790180206,11.4161109924316,-683.23955761392,-2317.48932304778,"WhiteTroatedCaracara",20
2736,1,8.14035415649414,0,6.10492515563965,93.4459762573242,0.642859578132629,13.6052370071411,0.814076364040375,0.189130157232285,53.9841499328613,30.5681591033936,146.282135009766,0.0911903381347656,9.54527187347412,-663.23955761392,-2317.48932304778,"WhiteTroatedCaracara",20
2737,1,3.10632395744324,0,6.38366460800171,90.3954162597656,1.75318384170532,9.79935646057129,0.734695792198181,0.628921449184418,54.3588485717773,32.5482521057129,86.8401947021484,0.255204498767853,11.6622076034546,-643.23955761392,-2317.48932304778,"WhiteTroatedCaracara",20
2738,1,3.1678831577301,0,6.6707649230957,90.1144561767578,3.92093181610107,7.49046802520752,2.07080745697021,1.22925245761871,31.0847187042236,15.8843393325806,15.0229215621948,-0.0244907271116972,2.89705610275269,-623.23955761392,-2317.48932304778,"WhiteTroatedCaracara",20
2739,0,168.737289428711,0,5.6989598274231,840.1767578125,0.877245008945465,2.27783107757568,5.10995435714722,11.3549489974976,33.7079849243164,3.102623462677,123.938591003418,-0.393782913684845,31.4300861358643,-1103.23955761392,-2337.48932304778,"WhiteTroatedCaracara",20
2740,0,168.737289428711,0,5.6989598274231,840.1767578125,0.877245008945465,2.27783107757568,5.10995435714722,11.3549489974976,33.7079849243164,3.102623462677,123.938591003418,-0.393782913684845,31.4300861358643,-1083.23955761392,-2337.48932304778,"WhiteTroatedCaracara",20
2741,0,149.497314453125,0,5.30902671813965,965.68408203125,6.50790500640869,0.436885625123978,1.72650575637817,7.29604768753052,49.176685333252,4.11871719360352,224.367950439453,0.233569532632828,82.3013153076172,-1063.23955761392,-2337.48932304778,"WhiteTroatedCaracara",20
2742,0,133.946182250977,0,5.70000410079956,908.824584960938,5.07288122177124,2.26121258735657,2.08907604217529,11.1978178024292,31.3902130126953,7.19147348403931,185.3212890625,0.32606902718544,54.3654098510742,-1043.23955761392,-2337.48932304778,"WhiteTroatedCaracara",20
2743,1,106.12410736084,0,6.39132976531982,732.984558105469,0.23503765463829,2.3964319229126,2.24746537208557,18.9770431518555,24.6875286102295,15.0288639068604,87.8878936767578,0.0552972704172134,18.8106155395508,-1023.23955761392,-2337.48932304778,"WhiteTroatedCaracara",20
2744,0,93.3094024658203,0,5.31433010101318,648.039245605469,4.11560535430908,1.05426871776581,2.7393057346344,11.4237546920776,34.2274513244629,10.7887420654297,215.276107788086,-0.292256087064743,92.7577819824219,-1003.23955761392,-2337.48932304778,"WhiteTroatedCaracara",20
2745,0,78.8781967163086,0,3.39001035690308,548.9052734375,12.1760845184326,1.06774306297302,2.72707366943359,4.97661828994751,34.4056358337402,3.25060129165649,557.455993652344,-0.747085630893707,164.870422363281,-983.23955761392,-2337.48932304778,"WhiteTroatedCaracara",20
2746,1,64.475227355957,0,4.19319725036621,460.590148925781,6.80744743347168,0.329847931861877,4.72985458374023,10.0792512893677,36.2515182495117,4.89241647720337,410.071380615234,-1.64822626113892,132.617446899414,-963.23955761392,-2337.48932304778,"WhiteTroatedCaracara",20
2747,1,50.7034034729004,0,3.79298305511475,379.350189208984,2.77511811256409,1.19960308074951,6.31409597396851,12.6864891052246,36.5470809936523,9.98320007324219,483.723083496094,0.712336897850037,136.524612426758,-943.23955761392,-2337.48932304778,"WhiteTroatedCaracara",20
2748,0,39.1546401977539,0,3.94618606567383,307.550964355469,2.05232191085815,1.21634149551392,11.6345558166504,13.356125831604,37.2678184509277,14.5793256759644,483.130523681641,1.25313234329224,89.5912857055664,-923.23955761392,-2337.48932304778,"WhiteTroatedCaracara",20
2749,0,30.0432052612305,0,4.71638584136963,237.715591430664,1.12344229221344,1.86732017993927,15.8964080810547,18.9884414672852,24.5706062316895,6.28136968612671,327.655487060547,-0.677957653999329,55.918571472168,-903.23955761392,-2337.48932304778,"WhiteTroatedCaracara",20
2750,0,6.30371046066284,0,4.88184356689453,172.832366943359,0.442949414253235,6.88317203521729,17.1058692932129,8.24525833129883,30.5071468353271,2.14828395843506,298.148193359375,0.810507535934448,32.2566146850586,-883.23955761392,-2337.48932304778,"WhiteTroatedCaracara",20
2751,1,1.95658218860626,0,5.85246801376343,149.98095703125,1.52747774124146,18.6716785430908,4.00178098678589,3.32995867729187,41.8654174804688,5.21605825424194,94.7115936279297,-0.429899632930756,13.036675453186,-843.23955761392,-2337.48932304778,"WhiteTroatedCaracara",20
2752,1,1.99734449386597,0,5.68096542358398,128.510055541992,1.66268384456635,9.16597747802734,7.15767240524292,2.07847762107849,41.4295043945312,9.40479183197021,132.876480102539,0.261945605278015,15.340537071228,-823.23955761392,-2337.48932304778,"WhiteTroatedCaracara",20
2753,1,4.31425380706787,0,6.82974863052368,113.732360839844,2.43314647674561,4.95475101470947,1.32081365585327,0.685120284557343,27.8716564178467,16.5301303863525,11.8382501602173,-0.0219521727412939,2.39818048477173,-803.23955761392,-2337.48932304778,"WhiteTroatedCaracara",20
2754,1,4.31425380706787,0,6.82974863052368,113.732360839844,2.43314647674561,4.95475101470947,1.32081365585327,0.685120284557343,27.8716564178467,16.5301303863525,11.8382501602173,-0.0219521727412939,2.39818048477173,-783.23955761392,-2337.48932304778,"WhiteTroatedCaracara",20
2755,1,4.03657722473145,0,6.61193370819092,119.902053833008,0.790871262550354,5.45217370986938,2.1820375919342,0.616587221622467,43.8440208435059,26.7284336090088,72.3456497192383,-0.192313358187675,8.73944854736328,-763.23955761392,-2337.48932304778,"WhiteTroatedCaracara",20
2756,1,14.0374031066895,0,5.7484712600708,122.681159973145,0.0109245600178838,3.96514320373535,6.79845428466797,0.0214728657156229,56.9751777648926,28.9503498077393,234.18864440918,0.203782320022583,18.1655502319336,-743.23955761392,-2337.48932304778,"WhiteTroatedCaracara",20
2757,0,14.2897510528564,0,5.30689001083374,114.787933349609,0.00931454822421074,1.6509211063385,13.9385099411011,0,59.0746726989746,24.2526397705078,307.984924316406,0.568828046321869,16.7228698730469,-723.23955761392,-2337.48932304778,"WhiteTroatedCaracara",20
2758,1,3.21088576316833,0,5.89115381240845,105.397682189941,0.238127678632736,8.98783683776855,2.19779324531555,0.039142481982708,55.1304779052734,32.7284698486328,196.378036499023,0.368346810340881,15.2711629867554,-703.23955761392,-2337.48932304778,"WhiteTroatedCaracara",20
2759,0,4.2867579460144,0,6.4642014503479,103.063011169434,1.91316330432892,20.0417995452881,0.271737664937973,0.439398974180222,51.0194892883301,25.6714382171631,84.8769683837891,-0.0441235713660717,9.07356929779053,-683.23955761392,-2337.48932304778,"WhiteTroatedCaracara",20
2760,1,3.93551969528198,0,6.66462230682373,98.7241821289062,3.33363437652588,19.685848236084,0.116170153021812,1.12030780315399,51.8854217529297,23.2508888244629,28.9847793579102,-0.183670207858086,5.07206964492798,-663.23955761392,-2337.48932304778,"WhiteTroatedCaracara",20
2761,1,2.93907380104065,0,6.69703340530396,98.7196502685547,11.0078954696655,8.90620136260986,0.51859325170517,3.75599837303162,49.0990219116211,18.5151100158691,9.25123405456543,-0.262895137071609,1.86051321029663,-643.23955761392,-2337.48932304778,"WhiteTroatedCaracara",20
2762,0,4.62310123443604,0,6.19637441635132,87.6660766601562,0.821001827716827,26.3102416992188,0.0980633571743965,0.145980045199394,41.2683334350586,13.1556310653687,53.3265686035156,0.071782223880291,7.40980195999146,-623.23955761392,-2337.48932304778,"WhiteTroatedCaracara",20
2763,0,168.737289428711,0,5.6989598274231,840.1767578125,0.877245008945465,2.27783107757568,5.10995435714722,11.3549489974976,33.7079849243164,3.102623462677,123.938591003418,-0.393782913684845,31.4300861358643,-1103.23955761392,-2357.48932304778,"WhiteTroatedCaracara",20
2764,0,149.497314453125,0,5.30902671813965,965.68408203125,6.50790500640869,0.436885625123978,1.72650575637817,7.29604768753052,49.176685333252,4.11871719360352,224.367950439453,0.233569532632828,82.3013153076172,-1083.23955761392,-2357.48932304778,"WhiteTroatedCaracara",20
2765,0,149.497314453125,0,5.30902671813965,965.68408203125,6.50790500640869,0.436885625123978,1.72650575637817,7.29604768753052,49.176685333252,4.11871719360352,224.367950439453,0.233569532632828,82.3013153076172,-1063.23955761392,-2357.48932304778,"WhiteTroatedCaracara",20
2766,0,133.946182250977,0,5.70000410079956,908.824584960938,5.07288122177124,2.26121258735657,2.08907604217529,11.1978178024292,31.3902130126953,7.19147348403931,185.3212890625,0.32606902718544,54.3654098510742,-1043.23955761392,-2357.48932304778,"WhiteTroatedCaracara",20
2767,1,122.40550994873,0,6.1083984375,805,1.57713770866394,3.7707793712616,1.02297794818878,10.4011306762695,18.0332546234131,11.7272710800171,90.4309387207031,0.222460582852364,31.2744693756104,-1023.23955761392,-2357.48932304778,"WhiteTroatedCaracara",20
2768,0,119.170791625977,0,5.62074565887451,716.462707519531,3.58029294013977,2.0017683506012,1.50686502456665,12.9977951049805,34.2593383789062,12.0819683074951,174.883850097656,-1.02288103103638,70.7249145507812,-1003.23955761392,-2357.48932304778,"WhiteTroatedCaracara",20
2769,0,78.1821136474609,0,4.88579845428467,499.186706542969,3.63055300712585,1.86946499347687,5.3746190071106,10.645712852478,30.4249000549316,6.64225053787231,261.451019287109,-1.581822514534,76.0158386230469,-983.23955761392,-2357.48932304778,"WhiteTroatedCaracara",20
2770,0,78.1821136474609,0,4.88579845428467,499.186706542969,3.63055300712585,1.86946499347687,5.3746190071106,10.645712852478,30.4249000549316,6.64225053787231,261.451019287109,-1.581822514534,76.0158386230469,-963.23955761392,-2357.48932304778,"WhiteTroatedCaracara",20
2771,0,66.9846496582031,0,4.44525098800659,420.255615234375,2.60906052589417,1.23085594177246,11.5528717041016,16.8705043792725,36.9725303649902,7.82773733139038,350.843078613281,2.15276908874512,131.530075073242,-943.23955761392,-2357.48932304778,"WhiteTroatedCaracara",20
2772,0,56.5691032409668,0,5.45730018615723,342.323638916016,0.527351200580597,1.54247617721558,4.50797605514526,17.402458190918,15.7912197113037,9.73198413848877,123.969566345215,-0.780075371265411,53.2797508239746,-923.23955761392,-2357.48932304778,"WhiteTroatedCaracara",20
2773,0,30.0432052612305,0,4.71638584136963,237.715591430664,1.12344229221344,1.86732017993927,15.8964080810547,18.9884414672852,24.5706062316895,6.28136968612671,327.655487060547,-0.677957653999329,55.918571472168,-903.23955761392,-2357.48932304778,"WhiteTroatedCaracara",20
2774,0,8.04642200469971,0,4.92696952819824,209.426071166992,0.23198613524437,3.33717846870422,10.032172203064,15.2433795928955,24.3194942474365,6.15428447723389,249.163284301758,0.0978066697716713,44.3001022338867,-883.23955761392,-2357.48932304778,"WhiteTroatedCaracara",20
2775,1,8.04642200469971,0,4.92696952819824,209.426071166992,0.23198613524437,3.33717846870422,10.032172203064,15.2433795928955,24.3194942474365,6.15428447723389,249.163284301758,0.0978066697716713,44.3001022338867,-863.23955761392,-2357.48932304778,"WhiteTroatedCaracara",20
2776,1,4.82415342330933,0,4.35621166229248,180.923828125,0.99342805147171,1.29553592205048,19.3138542175293,9.30583763122559,31.6419334411621,4.75024223327637,370.706451416016,0.635688722133636,31.9500770568848,-843.23955761392,-2357.48932304778,"WhiteTroatedCaracara",20
2777,1,3.02050709724426,0,5.1973557472229,146.739517211914,0.466704249382019,13.4710369110107,11.6863527297974,6.11459875106812,35.2018699645996,1.95566213130951,220.766006469727,-0.162496000528336,19.71706199646,-823.23955761392,-2357.48932304778,"WhiteTroatedCaracara",20
2778,1,2.14275503158569,0,6.7507119178772,134.590881347656,4.44021272659302,7.39458799362183,4.20127105712891,2.35771799087524,29.6954116821289,13.3778381347656,21.4173812866211,0.081646241247654,5.01199531555176,-783.23955761392,-2357.48932304778,"WhiteTroatedCaracara",20
2779,1,3.83367133140564,0,5.60574960708618,143.499496459961,0.459545254707336,7.47358083724976,6.69701910018921,0.712750256061554,51.7757530212402,16.7700271606445,252.085891723633,0.217971786856651,22.2504596710205,-763.23955761392,-2357.48932304778,"WhiteTroatedCaracara",20
2780,1,3.40959239006042,0,5.14280414581299,126.46361541748,0.204394921660423,7.72404003143311,10.8049554824829,0.643289089202881,51.2518501281738,9.59943962097168,343.134094238281,0.417928218841553,31.9014987945557,-743.23955761392,-2357.48932304778,"WhiteTroatedCaracara",20
2781,1,5.38560199737549,0,5.89390087127686,114.397506713867,0.368623912334442,10.3155546188354,5.36701583862305,0.0460670180618763,53.7163276672363,20.2952308654785,202.934417724609,-0.0211399272084236,13.0898818969727,-723.23955761392,-2357.48932304778,"WhiteTroatedCaracara",20
2782,1,2.47629642486572,0,6.62329626083374,107.061935424805,0.699647426605225,14.5275239944458,0.345927089452744,0.540540158748627,50.1730537414551,29.6415271759033,48.6008033752441,-0.170901000499725,4.7527871131897,-703.23955761392,-2357.48932304778,"WhiteTroatedCaracara",20
2783,1,3.57274436950684,0,6.50372123718262,100.717498779297,0.867558717727661,23.2095890045166,0.781177699565887,0.347721725702286,50.1762847900391,19.4377326965332,46.5110511779785,-0.190854996442795,5.45088243484497,-683.23955761392,-2357.48932304778,"WhiteTroatedCaracara",20
2784,1,2.56000900268555,0,6.03495407104492,96.6451187133789,0.231357991695404,22.0441703796387,2.24358940124512,0.0770959407091141,50.7140998840332,11.3920640945435,112.808525085449,-0.0540693588554859,12.9257898330688,-663.23955761392,-2357.48932304778,"WhiteTroatedCaracara",20
2785,1,3.18681025505066,0,6.00866079330444,89.9289932250977,0.538726925849915,26.4731941223145,2.2057740688324,0.289462625980377,50.042552947998,14.7565469741821,109.044013977051,0.13735057413578,15.3992891311646,-643.23955761392,-2357.48932304778,"WhiteTroatedCaracara",20
2786,1,4.62310123443604,0,6.19637441635132,87.6660766601562,0.821001827716827,26.3102416992188,0.0980633571743965,0.145980045199394,41.2683334350586,13.1556310653687,53.3265686035156,0.071782223880291,7.40980195999146,-623.23955761392,-2357.48932304778,"WhiteTroatedCaracara",20
2787,1,3.60193252563477,0,6.23121166229248,89.0631256103516,5.07662677764893,22.6233444213867,0.410906404256821,0.569638192653656,50.6043968200684,18.2628059387207,19.6609592437744,-0.075658343732357,5.79770565032959,-603.23955761392,-2357.48932304778,"WhiteTroatedCaracara",20
2788,0,149.497314453125,0,5.30902671813965,965.68408203125,6.50790500640869,0.436885625123978,1.72650575637817,7.29604768753052,49.176685333252,4.11871719360352,224.367950439453,0.233569532632828,82.3013153076172,-1083.23955761392,-2377.48932304778,"WhiteTroatedCaracara",20
2789,0,149.497314453125,0,5.30902671813965,965.68408203125,6.50790500640869,0.436885625123978,1.72650575637817,7.29604768753052,49.176685333252,4.11871719360352,224.367950439453,0.233569532632828,82.3013153076172,-1063.23955761392,-2377.48932304778,"WhiteTroatedCaracara",20
2790,0,133.946182250977,0,5.70000410079956,908.824584960938,5.07288122177124,2.26121258735657,2.08907604217529,11.1978178024292,31.3902130126953,7.19147348403931,185.3212890625,0.32606902718544,54.3654098510742,-1043.23955761392,-2377.48932304778,"WhiteTroatedCaracara",20
2791,0,119.170791625977,0,5.62074565887451,716.462707519531,3.58029294013977,2.0017683506012,1.50686502456665,12.9977951049805,34.2593383789062,12.0819683074951,174.883850097656,-1.02288103103638,70.7249145507812,-1023.23955761392,-2377.48932304778,"WhiteTroatedCaracara",20
2792,1,119.170791625977,0,5.62074565887451,716.462707519531,3.58029294013977,2.0017683506012,1.50686502456665,12.9977951049805,34.2593383789062,12.0819683074951,174.883850097656,-1.02288103103638,70.7249145507812,-1003.23955761392,-2377.48932304778,"WhiteTroatedCaracara",20
2793,0,93.3169860839844,0,4.58816194534302,539.44482421875,5.06181907653809,1.07126045227051,3.9321722984314,11.2748212814331,38.757942199707,7.13959693908691,325.487457275391,1.16504442691803,94.9334487915039,-983.23955761392,-2377.48932304778,"WhiteTroatedCaracara",20
2794,0,93.3169860839844,0,4.58816194534302,539.44482421875,5.06181907653809,1.07126045227051,3.9321722984314,11.2748212814331,38.757942199707,7.13959693908691,325.487457275391,1.16504442691803,94.9334487915039,-963.23955761392,-2377.48932304778,"WhiteTroatedCaracara",20
2795,1,79.2863006591797,0,4.7184796333313,464.385559082031,2.99485659599304,2.88608527183533,8.34401702880859,13.6831455230713,38.2136001586914,6.41695356369019,271.478668212891,-0.586623907089233,101.925361633301,-943.23955761392,-2377.48932304778,"WhiteTroatedCaracara",20
2796,0,63.1001968383789,0,4.6038761138916,405.969299316406,2.64863061904907,0.700453996658325,9.60849094390869,16.1238307952881,41.2959861755371,5.36590385437012,298.383148193359,0.621417939662933,102.272529602051,-923.23955761392,-2377.48932304778,"WhiteTroatedCaracara",20
2797,0,34.8662910461426,0,4.81017971038818,297.040100097656,0.317878723144531,1.65033638477325,8.92991542816162,20.4535446166992,23.4771327972412,8.44246864318848,245.273544311523,0.477385133504868,71.4135360717773,-903.23955761392,-2377.48932304778,"WhiteTroatedCaracara",20
2798,0,34.8662910461426,0,4.81017971038818,297.040100097656,0.317878723144531,1.65033638477325,8.92991542816162,20.4535446166992,23.4771327972412,8.44246864318848,245.273544311523,0.477385133504868,71.4135360717773,-883.23955761392,-2377.48932304778,"WhiteTroatedCaracara",20
2799,0,26.1440563201904,0,3.90811920166016,264.090881347656,0.972796142101288,3.89903950691223,8.82979393005371,10.4902677536011,35.2699241638184,12.0599489212036,432.496185302734,0.402035564184189,74.7722854614258,-863.23955761392,-2377.48932304778,"WhiteTroatedCaracara",20
2800,1,17.8693313598633,0,4.32386016845703,205.086807250977,0.752021431922913,1.08994340896606,20.2023334503174,15.9371252059937,22.0066032409668,5.89004850387573,359.556640625,-0.0730141624808311,41.989070892334,-843.23955761392,-2377.48932304778,"WhiteTroatedCaracara",20
2801,1,4.39773559570312,0,5.31774473190308,176.012252807617,0.386329889297485,14.0338907241821,14.1498928070068,14.9667367935181,28.3150215148926,1.97401857376099,181.347091674805,0.151734903454781,22.0580749511719,-823.23955761392,-2377.48932304778,"WhiteTroatedCaracara",20
2802,1,2.14275503158569,0,6.7507119178772,134.590881347656,4.44021272659302,7.39458799362183,4.20127105712891,2.35771799087524,29.6954116821289,13.3778381347656,21.4173812866211,0.081646241247654,5.01199531555176,-783.23955761392,-2377.48932304778,"WhiteTroatedCaracara",20
2803,1,3.83367133140564,0,5.60574960708618,143.499496459961,0.459545254707336,7.47358083724976,6.69701910018921,0.712750256061554,51.7757530212402,16.7700271606445,252.085891723633,0.217971786856651,22.2504596710205,-763.23955761392,-2377.48932304778,"WhiteTroatedCaracara",20
2804,1,3.7985372543335,0,5.91067028045654,160.147720336914,0.224034428596497,3.06785655021667,8.59631538391113,9.7896842956543,22.5730457305908,1.83395528793335,103.824974060059,-0.211852133274078,12.1307611465454,-743.23955761392,-2377.48932304778,"WhiteTroatedCaracara",20
2805,1,5.38560199737549,0,5.89390087127686,114.397506713867,0.368623912334442,10.3155546188354,5.36701583862305,0.0460670180618763,53.7163276672363,20.2952308654785,202.934417724609,-0.0211399272084236,13.0898818969727,-723.23955761392,-2377.48932304778,"WhiteTroatedCaracara",20
2806,1,3.04405069351196,0,5.31496572494507,108.595428466797,0.605565786361694,8.88729763031006,7.55793476104736,0.238226369023323,49.1689720153809,6.4275484085083,245.580291748047,0.114742442965508,16.8251323699951,-703.23955761392,-2377.48932304778,"WhiteTroatedCaracara",20
2807,1,3.04405069351196,0,5.31496572494507,108.595428466797,0.605565786361694,8.88729763031006,7.55793476104736,0.238226369023323,49.1689720153809,6.4275484085083,245.580291748047,0.114742442965508,16.8251323699951,-683.23955761392,-2377.48932304778,"WhiteTroatedCaracara",20
2808,1,4.35518312454224,0,5.04166269302368,97.8390960693359,0.0708926171064377,4.73312091827393,7.99792671203613,0.683999121189117,51.2594337463379,16.2828216552734,289.989532470703,0.442110270261765,24.0643692016602,-663.23955761392,-2377.48932304778,"WhiteTroatedCaracara",20
2809,1,4.12496185302734,0,5.69437742233276,89.5407943725586,0.279776334762573,31.3184127807617,0.762253820896149,0.0913067981600761,50.0743865966797,13.8491134643555,161.310150146484,-0.0538352243602276,18.5747890472412,-643.23955761392,-2377.48932304778,"WhiteTroatedCaracara",20
2810,1,7.6292462348938,0,6.14290475845337,91.3193054199219,4.94688320159912,27.0659294128418,0.285971909761429,0.357571333646774,48.5296173095703,17.9526424407959,61.3775978088379,-0.157588481903076,8.75473022460938,-623.23955761392,-2377.48932304778,"WhiteTroatedCaracara",20
2811,1,3.60193252563477,0,6.23121166229248,89.0631256103516,5.07662677764893,22.6233444213867,0.410906404256821,0.569638192653656,50.6043968200684,18.2628059387207,19.6609592437744,-0.075658343732357,5.79770565032959,-603.23955761392,-2377.48932304778,"WhiteTroatedCaracara",20
2812,1,1.67294430732727,0,5.97251558303833,86.7977523803711,3.77034568786621,20.9723625183105,0.294916749000549,0.447756618261337,43.8259468078613,21.1860027313232,26.637035369873,-0.0384215824306011,7.33735656738281,-583.23955761392,-2377.48932304778,"WhiteTroatedCaracara",20
2813,0,147.061508178711,0,5.74680471420288,831.258117675781,4.15372943878174,0.168485999107361,2.12817525863647,9.06959056854248,32.2391471862793,6.73341083526611,117.468208312988,0.0637047737836838,40.2422218322754,-1043.23955761392,-2397.48932304778,"WhiteTroatedCaracara",20
2814,0,147.061508178711,0,5.74680471420288,831.258117675781,4.15372943878174,0.168485999107361,2.12817525863647,9.06959056854248,32.2391471862793,6.73341083526611,117.468208312988,0.0637047737836838,40.2422218322754,-1023.23955761392,-2397.48932304778,"WhiteTroatedCaracara",20
2815,0,119.517387390137,0,4.94836711883545,654.002319335938,5.92037057876587,0.505268335342407,1.28136682510376,9.67104053497314,37.1083526611328,6.05135726928711,243.021255493164,0.491573929786682,102.129051208496,-1003.23955761392,-2397.48932304778,"WhiteTroatedCaracara",20
2816,0,119.517387390137,0,4.94836711883545,654.002319335938,5.92037057876587,0.505268335342407,1.28136682510376,9.67104053497314,37.1083526611328,6.05135726928711,243.021255493164,0.491573929786682,102.129051208496,-983.23955761392,-2397.48932304778,"WhiteTroatedCaracara",20
2817,0,104.212295532227,0,4.71634006500244,575.13623046875,4.88624811172485,0.769798815250397,3.05456638336182,8.84797859191895,47.4159317016602,7.01737928390503,267.919342041016,0.361704468727112,103.323402404785,-963.23955761392,-2397.48932304778,"WhiteTroatedCaracara",20
2818,0,102.583587646484,0,3.17598867416382,542.159790039062,3.1881115436554,1.20942997932434,0.150545537471771,3.34966731071472,48.6170310974121,3.10814523696899,505.260284423828,0.864151179790497,156.676864624023,-943.23955761392,-2397.48932304778,"WhiteTroatedCaracara",20
2819,1,62.5260314941406,0,4.72164583206177,372.598327636719,1.45680844783783,1.43452572822571,13.2056159973145,20.8487739562988,30.3284873962402,8.6540002822876,260.286804199219,0.143161907792091,92.3152847290039,-923.23955761392,-2397.48932304778,"WhiteTroatedCaracara",20
2820,0,62.5260314941406,0,4.72164583206177,372.598327636719,1.45680844783783,1.43452572822571,13.2056159973145,20.8487739562988,30.3284873962402,8.6540002822876,260.286804199219,0.143161907792091,92.3152847290039,-903.23955761392,-2397.48932304778,"WhiteTroatedCaracara",20
2821,0,52.3278923034668,0,4.23242282867432,338.514312744141,1.86103951931,2.04183435440063,10.0789775848389,20.232759475708,32.4204978942871,9.54666996002197,348.084533691406,0.483879745006561,105.973190307617,-883.23955761392,-2397.48932304778,"WhiteTroatedCaracara",20
2822,0,39.7471656799316,0,3.74325466156006,303.942108154297,0.930115222930908,4.6971640586853,8.17262268066406,20.0693893432617,28.3493900299072,11.5423307418823,447.852172851562,2.15107774734497,99.3640060424805,-863.23955761392,-2397.48932304778,"WhiteTroatedCaracara",20
2823,0,23.0817756652832,0,4.13749170303345,249.326919555664,0.52539324760437,2.6123206615448,14.6979141235352,20.8162860870361,22.7254943847656,5.90750312805176,378.638244628906,-0.541513562202454,76.2808837890625,-843.23955761392,-2397.48932304778,"WhiteTroatedCaracara",20
2824,1,7.53158283233643,0,5.12475156784058,208.198455810547,0.407699048519135,1.84086036682129,13.6162118911743,28.73264503479,15.2660617828369,2.54376745223999,192.943008422852,-0.340335100889206,44.152889251709,-823.23955761392,-2397.48932304778,"WhiteTroatedCaracara",20
2825,0,23.8950748443604,0,5.77839851379395,182.141265869141,0.438012331724167,3.11509823799133,8.80865573883057,20.4706935882568,19.2811431884766,3.58724498748779,109.552345275879,0.184946537017822,11.0044078826904,-803.23955761392,-2397.48932304778,"WhiteTroatedCaracara",20
2826,0,23.8950748443604,0,5.77839851379395,182.141265869141,0.438012331724167,3.11509823799133,8.80865573883057,20.4706935882568,19.2811431884766,3.58724498748779,109.552345275879,0.184946537017822,11.0044078826904,-783.23955761392,-2397.48932304778,"WhiteTroatedCaracara",20
2827,1,3.7985372543335,0,5.91067028045654,160.147720336914,0.224034428596497,3.06785655021667,8.59631538391113,9.7896842956543,22.5730457305908,1.83395528793335,103.824974060059,-0.211852133274078,12.1307611465454,-763.23955761392,-2397.48932304778,"WhiteTroatedCaracara",20
2828,1,3.7985372543335,0,5.91067028045654,160.147720336914,0.224034428596497,3.06785655021667,8.59631538391113,9.7896842956543,22.5730457305908,1.83395528793335,103.824974060059,-0.211852133274078,12.1307611465454,-743.23955761392,-2397.48932304778,"WhiteTroatedCaracara",20
2829,1,6.39381074905396,0,5.70171689987183,142.938613891602,0.269242435693741,7.27211093902588,8.86233520507812,1.20229423046112,39.2254104614258,2.51474046707153,152.498352050781,0.136749789118767,12.2079286575317,-723.23955761392,-2397.48932304778,"WhiteTroatedCaracara",20
2830,1,5.57213068008423,0,5.28703880310059,132.42155456543,0.0873127058148384,8.27274322509766,8.24980163574219,0.682870984077454,48.6708831787109,9.94116973876953,238.771301269531,0.160449117422104,10.8116960525513,-703.23955761392,-2397.48932304778,"WhiteTroatedCaracara",20
2831,1,2.86658692359924,0,5.05392646789551,117.262893676758,0.410252422094345,9.95104789733887,5.15403413772583,0.391787141561508,51.7941932678223,18.5406436920166,277.797943115234,0.257409453392029,15.6498651504517,-683.23955761392,-2397.48932304778,"WhiteTroatedCaracara",20
2832,0,5.38634777069092,0,5.39011764526367,102.056846618652,0.221030175685883,5.83889818191528,7.46814155578613,0.629327595233917,53.9807090759277,22.0411968231201,212.567687988281,0.0500761568546295,14.2319927215576,-663.23955761392,-2397.48932304778,"WhiteTroatedCaracara",20
2833,1,10.5717115402222,0,5.75565004348755,95.4293975830078,0.35352149605751,15.226900100708,1.02366805076599,0.201245501637459,53.0660667419434,28.6778774261475,134.907409667969,0.0785776600241661,10.3079967498779,-643.23955761392,-2397.48932304778,"WhiteTroatedCaracara",20
2834,1,8.15787696838379,0,5.95840215682983,91.6858673095703,1.86739504337311,18.630542755127,0.0929606705904007,0.136568278074265,51.5456466674805,27.6749687194824,78.9805908203125,0.142743661999702,11.7503623962402,-623.23955761392,-2397.48932304778,"WhiteTroatedCaracara",20
2835,1,5.60602712631226,0,5.95281076431274,88.4199066162109,0.653483331203461,17.5405883789062,0.0555617958307266,0.0576712973415852,51.864185333252,29.6136112213135,54.843822479248,0.142852798104286,11.2211074829102,-603.23955761392,-2397.48932304778,"WhiteTroatedCaracara",20
2836,1,1.67294430732727,0,5.97251558303833,86.7977523803711,3.77034568786621,20.9723625183105,0.294916749000549,0.447756618261337,43.8259468078613,21.1860027313232,26.637035369873,-0.0384215824306011,7.33735656738281,-583.23955761392,-2397.48932304778,"WhiteTroatedCaracara",20
2837,1,3.42525291442871,0,5.7428503036499,96.2768173217773,1.91687226295471,7.85998821258545,6.24888753890991,2.52641701698303,48.0337944030762,12.1861429214478,52.7042655944824,-0.282463937997818,13.2216997146606,-563.23955761392,-2397.48932304778,"WhiteTroatedCaracara",20
2838,0,153.327758789062,0,6.08807611465454,799.087890625,0,0,1.09307110309601,9.52138042449951,30.3401031494141,0.36955264210701,51.3895606994629,-0.129676133394241,2.13937282562256,-1043.23955761392,-2417.48932304778,"WhiteTroatedCaracara",20
2839,0,153.327758789062,0,6.08807611465454,799.087890625,0,0,1.09307110309601,9.52138042449951,30.3401031494141,0.36955264210701,51.3895606994629,-0.129676133394241,2.13937282562256,-1023.23955761392,-2417.48932304778,"WhiteTroatedCaracara",20
2840,0,144.534423828125,0,6.15636253356934,731.670043945312,0.677482664585114,0.0610107108950615,0.376131355762482,7.87278699874878,13.1661548614502,1.75002181529999,31.2416362762451,0.21589495241642,22.0387134552002,-1003.23955761392,-2417.48932304778,"WhiteTroatedCaracara",20
2841,0,129.728607177734,0,5.79283285140991,659.03125,1.53682792186737,0.000474626518553123,0.631558895111084,7.35885906219482,18.8742065429688,2.09001088142395,60.1740570068359,-2.81747698783875,43.3965454101562,-983.23955761392,-2417.48932304778,"WhiteTroatedCaracara",20
2842,0,115.799926757812,0,4.8317723274231,602.496276855469,7.02258586883545,0.692622542381287,1.02420890331268,9.17546939849854,38.8134574890137,5.09439516067505,225.634780883789,0.534769237041473,123.41219329834,-963.23955761392,-2417.48932304778,"WhiteTroatedCaracara",20
2843,0,102.583587646484,0,3.17598867416382,542.159790039062,3.1881115436554,1.20942997932434,0.150545537471771,3.34966731071472,48.6170310974121,3.10814523696899,505.260284423828,0.864151179790497,156.676864624023,-943.23955761392,-2417.48932304778,"WhiteTroatedCaracara",20
2844,1,90.9412307739258,0,4.40475940704346,458.883819580078,4.42014312744141,1.73137187957764,3.73275470733643,10.5147066116333,40.2444763183594,3.96583127975464,286.990386962891,-1.30087387561798,106.927299499512,-923.23955761392,-2417.48932304778,"WhiteTroatedCaracara",20
2845,0,87.6726837158203,0,4.64051866531372,429.686737060547,2.39987206459045,7.44417476654053,8.47954654693604,7.02769136428833,46.4611473083496,5.10995006561279,251.297378540039,1.14198040962219,72.7082290649414,-903.23955761392,-2417.48932304778,"WhiteTroatedCaracara",20
2846,1,73.397834777832,0,4.49258804321289,389.262542724609,2.76751756668091,2.2488968372345,9.88817882537842,11.9230003356934,46.0178756713867,7.62943935394287,272.626068115234,0.587201058864594,107.118446350098,-883.23955761392,-2417.48932304778,"WhiteTroatedCaracara",20
2847,0,31.4472751617432,0,4.4024715423584,274.757843017578,0.713160276412964,2.99696612358093,11.811372756958,19.4222602844238,24.9965362548828,9.34632110595703,325.959411621094,0.124597333371639,63.1335792541504,-863.23955761392,-2417.48932304778,"WhiteTroatedCaracara",20
2848,0,31.4472751617432,0,4.4024715423584,274.757843017578,0.713160276412964,2.99696612358093,11.811372756958,19.4222602844238,24.9965362548828,9.34632110595703,325.959411621094,0.124597333371639,63.1335792541504,-843.23955761392,-2417.48932304778,"WhiteTroatedCaracara",20
2849,1,30.4860610961914,0,5.2718071937561,233.963104248047,0.0499260760843754,3.74193096160889,8.93059730529785,26.7036647796631,18.5105476379395,5.44085121154785,142.00439453125,-0.385302871465683,46.7071380615234,-823.23955761392,-2417.48932304778,"WhiteTroatedCaracara",20
2850,0,30.4860610961914,0,5.2718071937561,233.963104248047,0.0499260760843754,3.74193096160889,8.93059730529785,26.7036647796631,18.5105476379395,5.44085121154785,142.00439453125,-0.385302871465683,46.7071380615234,-803.23955761392,-2417.48932304778,"WhiteTroatedCaracara",20
2851,0,24.8739719390869,0,5.45884275436401,215.701690673828,0.0325583145022392,0.658537745475769,10.1634693145752,21.9238452911377,18.6795253753662,3.66407227516174,118.315887451172,0.497104227542877,23.7268676757812,-783.23955761392,-2417.48932304778,"WhiteTroatedCaracara",20
2852,1,10.4724063873291,0,4.8520622253418,189.775039672852,0.0611976608633995,0.953592479228973,13.3255252838135,21.615140914917,20.9705467224121,5.80765295028687,290.680511474609,0.358139216899872,56.9954986572266,-763.23955761392,-2417.48932304778,"WhiteTroatedCaracara",20
2853,1,10.4724063873291,0,4.8520622253418,189.775039672852,0.0611976608633995,0.953592479228973,13.3255252838135,21.615140914917,20.9705467224121,5.80765295028687,290.680511474609,0.358139216899872,56.9954986572266,-743.23955761392,-2417.48932304778,"WhiteTroatedCaracara",20
2854,1,24.0212345123291,0,4.65593862533569,167.889724731445,0.149855226278305,1.48741114139557,18.8606090545654,8.46119403839111,31.8512058258057,5.36130809783936,330.060516357422,-0.361717313528061,44.7540740966797,-723.23955761392,-2417.48932304778,"WhiteTroatedCaracara",20
2855,1,23.5250568389893,0,5.24294757843018,142.627105712891,0.416587620973587,2.50244975090027,19.8662815093994,3.36550307273865,31.0741558074951,6.1659255027771,216.841400146484,0.268895149230957,18.3857345581055,-703.23955761392,-2417.48932304778,"WhiteTroatedCaracara",20
2856,0,15.3416833877563,0,5.52026128768921,124.793609619141,1.03403115272522,4.74982404708862,9.79055881500244,3.45732545852661,41.5368881225586,14.2023048400879,167.405334472656,-0.532174229621887,12.8262176513672,-683.23955761392,-2417.48932304778,"WhiteTroatedCaracara",20
2857,1,4.05841445922852,0,5.70399332046509,111.223976135254,1.20675933361053,2.48587989807129,9.01880359649658,2.42258501052856,41.5062828063965,12.7618398666382,134.743682861328,-0.161468416452408,10.0293750762939,-663.23955761392,-2417.48932304778,"WhiteTroatedCaracara",20
2858,1,5.33608961105347,0,5.67017030715942,100.315162658691,0.0388914756476879,5.8774619102478,5.46980142593384,0.8959601521492,53.0878067016602,25.3333358764648,125.613563537598,-0.265675902366638,12.5626277923584,-643.23955761392,-2417.48932304778,"WhiteTroatedCaracara",20
2859,1,4.84733629226685,0,5.69697141647339,92.6750335693359,0.194320663809776,10.2907686233521,2.82625937461853,0.405561923980713,51.9280662536621,22.960620880127,105.302268981934,0.106673546135426,13.112699508667,-623.23955761392,-2417.48932304778,"WhiteTroatedCaracara",20
2860,0,3.61263942718506,0,5.66716527938843,91.9504928588867,0.130552902817726,17.4792575836182,0.162079140543938,0.135727301239967,52.0938186645508,26.57594871521,92.6560821533203,0.0242587309330702,10.8949756622314,-603.23955761392,-2417.48932304778,"WhiteTroatedCaracara",20
2861,0,6.70951080322266,0,5.57542705535889,92.9658966064453,0.670844733715057,10.5023174285889,3.95518159866333,0.827223896980286,49.6869125366211,18.1072902679443,93.825309753418,-0.0397138260304928,14.4114418029785,-583.23955761392,-2417.48932304778,"WhiteTroatedCaracara",20
2862,1,3.42525291442871,0,5.7428503036499,96.2768173217773,1.91687226295471,7.85998821258545,6.24888753890991,2.52641701698303,48.0337944030762,12.1861429214478,52.7042655944824,-0.282463937997818,13.2216997146606,-563.23955761392,-2417.48932304778,"WhiteTroatedCaracara",20
2863,1,4.019202709198,0,5.41024875640869,115.219413757324,1.23035943508148,2.28028392791748,10.76589012146,3.03430414199829,45.9317016601562,8.062331199646,99.4286880493164,-0.0119916563853621,17.5686740875244,-543.23955761392,-2417.48932304778,"WhiteTroatedCaracara",20
2864,0,2.54688620567322,0,5.35388040542603,123.663757324219,0.890092611312866,2.1351592540741,14.5562658309937,4.64504861831665,42.1037826538086,6.20394229888916,103.97883605957,0.0264363959431648,18.0195922851562,-523.23955761392,-2417.48932304778,"WhiteTroatedCaracara",20
2865,0,142.652450561523,0,5.92150163650513,665.500061035156,2.1563093662262,0.215945452451706,1.04226315021515,11.3182964324951,20.8998355865479,3.30064296722412,47.3803024291992,1.31353569030762,23.8635902404785,-1003.23955761392,-2437.48932304778,"WhiteTroatedCaracara",20
2866,0,142.652450561523,0,5.92150163650513,665.500061035156,2.1563093662262,0.215945452451706,1.04226315021515,11.3182964324951,20.8998355865479,3.30064296722412,47.3803024291992,1.31353569030762,23.8635902404785,-983.23955761392,-2437.48932304778,"WhiteTroatedCaracara",20
2867,0,117.493049621582,0,4.33793830871582,551.864501953125,8.96564102172852,0.841254889965057,2.83561491966248,12.1665287017822,42.1881408691406,6.25111246109009,317.997985839844,-1.1235271692276,111.719223022461,-963.23955761392,-2437.48932304778,"WhiteTroatedCaracara",20
2868,0,117.493049621582,0,4.33793830871582,551.864501953125,8.96564102172852,0.841254889965057,2.83561491966248,12.1665287017822,42.1881408691406,6.25111246109009,317.997985839844,-1.1235271692276,111.719223022461,-943.23955761392,-2437.48932304778,"WhiteTroatedCaracara",20
2869,0,105.159019470215,0,4.97536373138428,482.678314208984,2.91948056221008,2.26937317848206,3.84105157852173,12.6157207489014,38.0654144287109,9.25908660888672,200.777481079102,-1.50115931034088,57.3339614868164,-923.23955761392,-2437.48932304778,"WhiteTroatedCaracara",20
2870,0,87.6726837158203,0,4.64051866531372,429.686737060547,2.39987206459045,7.44417476654053,8.47954654693604,7.02769136428833,46.4611473083496,5.10995006561279,251.297378540039,1.14198040962219,72.7082290649414,-903.23955761392,-2437.48932304778,"WhiteTroatedCaracara",20
2871,0,73.397834777832,0,4.49258804321289,389.262542724609,2.76751756668091,2.2488968372345,9.88817882537842,11.9230003356934,46.0178756713867,7.62943935394287,272.626068115234,0.587201058864594,107.118446350098,-883.23955761392,-2437.48932304778,"WhiteTroatedCaracara",20
2872,0,61.1175003051758,0,4.69631290435791,349.444641113281,1.16004872322083,3.46903586387634,11.2293844223022,14.6162195205688,28.8381175994873,7.12963247299194,217.023788452148,0.390782624483109,86.5495452880859,-863.23955761392,-2437.48932304778,"WhiteTroatedCaracara",20
2873,0,53.8031768798828,0,4.87048625946045,311.925109863281,0.32186833024025,4.17908191680908,10.9673004150391,22.5175457000732,19.6971111297607,4.95747709274292,181.633224487305,0.415197789669037,58.3488082885742,-843.23955761392,-2437.48932304778,"WhiteTroatedCaracara",20
2874,0,45.9211311340332,0,4.46630001068115,280.420928955078,0.256914287805557,4.31790447235107,9.86917400360107,17.5343494415283,24.7390651702881,8.73988246917725,276.570495605469,-0.207923054695129,95.4830932617188,-823.23955761392,-2437.48932304778,"WhiteTroatedCaracara",20
2875,0,45.9211311340332,0,4.46630001068115,280.420928955078,0.256914287805557,4.31790447235107,9.86917400360107,17.5343494415283,24.7390651702881,8.73988246917725,276.570495605469,-0.207923054695129,95.4830932617188,-803.23955761392,-2437.48932304778,"WhiteTroatedCaracara",20
2876,0,24.8739719390869,0,5.45884275436401,215.701690673828,0.0325583145022392,0.658537745475769,10.1634693145752,21.9238452911377,18.6795253753662,3.66407227516174,118.315887451172,0.497104227542877,23.7268676757812,-783.23955761392,-2437.48932304778,"WhiteTroatedCaracara",20
2877,0,24.1882228851318,0,5.17529296875,202.239776611328,1.4115993976593,0.833516955375671,5.94918918609619,14.0875205993652,15.8926486968994,8.94919300079346,153.239654541016,0.123958148062229,28.4558296203613,-763.23955761392,-2437.48932304778,"WhiteTroatedCaracara",20
2878,1,24.1882228851318,0,5.17529296875,202.239776611328,1.4115993976593,0.833516955375671,5.94918918609619,14.0875205993652,15.8926486968994,8.94919300079346,153.239654541016,0.123958148062229,28.4558296203613,-743.23955761392,-2437.48932304778,"WhiteTroatedCaracara",20
2879,0,36.921329498291,0,4.45687913894653,187.159515380859,1.00948452949524,2.29129886627197,13.3346366882324,11.3434829711914,33.6267852783203,12.2275438308716,339.424743652344,1.12093842029572,66.2394638061523,-723.23955761392,-2437.48932304778,"WhiteTroatedCaracara",20
2880,1,39.8341484069824,0,4.33075523376465,164.855178833008,0.395370453596115,2.74343228340149,20.2016696929932,7.50294828414917,31.5198249816895,6.34706354141235,365.261138916016,0.734428763389587,59.6774482727051,-703.23955761392,-2437.48932304778,"WhiteTroatedCaracara",20
2881,0,25.7678508758545,0,4.87532949447632,140.57991027832,0.334574729204178,1.50362205505371,20.633716583252,8.42094421386719,25.1260871887207,4.20631790161133,260.129333496094,-0.430056273937225,47.7891464233398,-683.23955761392,-2437.48932304778,"WhiteTroatedCaracara",20
2882,1,12.0680389404297,0,4.31469011306763,131.030426025391,0.563442409038544,0.897364854812622,23.0136375427246,7.2499794960022,23.9982891082764,10.4297151565552,366.94384765625,0.975437998771667,61.9488563537598,-663.23955761392,-2437.48932304778,"WhiteTroatedCaracara",20
2883,1,6.6606593132019,0,4.92123985290527,109.649757385254,0.847333192825317,2.03686761856079,14.8799114227295,3.25962018966675,40.3267097473145,7.82028770446777,246.770431518555,0.408599883317947,34.3661117553711,-643.23955761392,-2437.48932304778,"WhiteTroatedCaracara",20
2884,0,6.98256397247314,0,5.15404558181763,99.4116516113281,0.0728053599596024,3.50090527534485,8.64085960388184,1.43851602077484,46.884937286377,16.8098526000977,192.901306152344,-0.286373227834702,22.1137962341309,-623.23955761392,-2437.48932304778,"WhiteTroatedCaracara",20
2885,0,9.68054580688477,0,5.1057333946228,97.2666931152344,0.302012503147125,6.33274078369141,4.55244255065918,0.421341300010681,51.0363922119141,23.1686573028564,188.666061401367,-0.0481903553009033,17.4233360290527,-603.23955761392,-2437.48932304778,"WhiteTroatedCaracara",20
2886,0,6.01576614379883,0,5.2131872177124,100.134506225586,1.3022848367691,2.51755928993225,9.05725288391113,1.32434237003326,47.5684394836426,9.78485107421875,154.986892700195,-0.0464891158044338,12.970682144165,-583.23955761392,-2437.48932304778,"WhiteTroatedCaracara",20
2887,1,7.39838027954102,0,5.13415336608887,108.975090026855,1.58023738861084,1.65628814697266,12.8541030883789,3.71505045890808,42.3502464294434,8.95190620422363,159.853744506836,-0.0272254627197981,20.1868343353271,-563.23955761392,-2437.48932304778,"WhiteTroatedCaracara",20
2888,1,4.019202709198,0,5.41024875640869,115.219413757324,1.23035943508148,2.28028392791748,10.76589012146,3.03430414199829,45.9317016601562,8.062331199646,99.4286880493164,-0.0119916563853621,17.5686740875244,-543.23955761392,-2437.48932304778,"WhiteTroatedCaracara",20
2889,0,2.54688620567322,0,5.35388040542603,123.663757324219,0.890092611312866,2.1351592540741,14.5562658309937,4.64504861831665,42.1037826538086,6.20394229888916,103.97883605957,0.0264363959431648,18.0195922851562,-523.23955761392,-2437.48932304778,"WhiteTroatedCaracara",20
2890,1,12.9110889434814,0,5.01975631713867,141.085784912109,0.720535635948181,1.6186900138855,13.6882305145264,3.74640941619873,41.3222579956055,7.02955961227417,142.57014465332,0.27118444442749,21.7973194122314,-503.23955761392,-2437.48932304778,"WhiteTroatedCaracara",20
2891,0,4.70740842819214,0,5.34463930130005,147.592742919922,2.14262366294861,2.14790105819702,8.72664546966553,2.26968216896057,32.2974700927734,6.76592493057251,59.5904998779297,0.130057573318481,13.1804828643799,-483.23955761392,-2437.48932304778,"WhiteTroatedCaracara",20
2892,0,142.652450561523,0,5.92150163650513,665.500061035156,2.1563093662262,0.215945452451706,1.04226315021515,11.3182964324951,20.8998355865479,3.30064296722412,47.3803024291992,1.31353569030762,23.8635902404785,-1003.23955761392,-2457.48932304778,"WhiteTroatedCaracara",20
2893,0,142.652450561523,0,5.92150163650513,665.500061035156,2.1563093662262,0.215945452451706,1.04226315021515,11.3182964324951,20.8998355865479,3.30064296722412,47.3803024291992,1.31353569030762,23.8635902404785,-983.23955761392,-2457.48932304778,"WhiteTroatedCaracara",20
2894,0,117.493049621582,0,4.33793830871582,551.864501953125,8.96564102172852,0.841254889965057,2.83561491966248,12.1665287017822,42.1881408691406,6.25111246109009,317.997985839844,-1.1235271692276,111.719223022461,-963.23955761392,-2457.48932304778,"WhiteTroatedCaracara",20
2895,0,111.979606628418,0,5.34419059753418,490.652130126953,0.745607972145081,3.78522920608521,5.02889108657837,15.3489246368408,20.6844940185547,8.64130687713623,106.208419799805,-0.0502888299524784,42.4734382629395,-943.23955761392,-2457.48932304778,"WhiteTroatedCaracara",20
2896,0,111.979606628418,0,5.34419059753418,490.652130126953,0.745607972145081,3.78522920608521,5.02889108657837,15.3489246368408,20.6844940185547,8.64130687713623,106.208419799805,-0.0502888299524784,42.4734382629395,-923.23955761392,-2457.48932304778,"WhiteTroatedCaracara",20
2897,0,88.0577239990234,0,4.90491390228271,410.308319091797,1.02329170703888,2.27383899688721,8.35150527954102,18.6015911102295,34.9644508361816,6.68499708175659,173.695587158203,0.441015720367432,69.9573593139648,-903.23955761392,-2457.48932304778,"WhiteTroatedCaracara",20
2898,0,88.0577239990234,0,4.90491390228271,410.308319091797,1.02329170703888,2.27383899688721,8.35150527954102,18.6015911102295,34.9644508361816,6.68499708175659,173.695587158203,0.441015720367432,69.9573593139648,-883.23955761392,-2457.48932304778,"WhiteTroatedCaracara",20
2899,0,75.6498413085938,0,4.72663450241089,377.456695556641,0.73688942193985,3.43063545227051,8.01134777069092,16.833517074585,27.7442321777344,8.08714580535889,196.309234619141,-0.0706452429294586,51.194465637207,-863.23955761392,-2457.48932304778,"WhiteTroatedCaracara",20
2900,0,70.110466003418,0,4.54054260253906,348.768768310547,0.551038503646851,2.82007074356079,9.02974224090576,19.788423538208,24.8408527374268,3.32459020614624,222.362426757812,-0.280346035957336,68.3770446777344,-843.23955761392,-2457.48932304778,"WhiteTroatedCaracara",20
2901,0,68.8865509033203,0,4.58194971084595,327.485015869141,0.621434271335602,3.23358345031738,10.0749216079712,15.730676651001,25.8144760131836,4.33691692352295,209.472854614258,0.370848119258881,79.3961868286133,-823.23955761392,-2457.48932304778,"WhiteTroatedCaracara",20
2902,0,61.356315612793,0,4.08181142807007,313.538421630859,3.01623868942261,0.881974577903748,5.91364574432373,15.2498369216919,27.7045783996582,7.1125316619873,313.904052734375,0.0666131004691124,76.6376876831055,-803.23955761392,-2457.48932304778,"WhiteTroatedCaracara",20
2903,1,52.5069618225098,0,4.1168098449707,290.913970947266,1.14017152786255,2.26552939414978,9.01569843292236,11.571063041687,27.2858200073242,7.2449951171875,267.289428710938,0.949017763137817,77.4126586914062,-783.23955761392,-2457.48932304778,"WhiteTroatedCaracara",20
2904,0,50.1200332641602,0,4.84829711914062,236.328659057617,1.75673127174377,1.76811492443085,7.9273567199707,15.6546878814697,26.0572814941406,5.87882709503174,188.903091430664,-1.2434104681015,57.1259994506836,-763.23955761392,-2457.48932304778,"WhiteTroatedCaracara",20
2905,0,50.1200332641602,0,4.84829711914062,236.328659057617,1.75673127174377,1.76811492443085,7.9273567199707,15.6546878814697,26.0572814941406,5.87882709503174,188.903091430664,-1.2434104681015,57.1259994506836,-743.23955761392,-2457.48932304778,"WhiteTroatedCaracara",20
2906,1,57.5685882568359,0,4.31066131591797,213.920852661133,2.33463430404663,1.30832290649414,8.27561664581299,14.3661193847656,31.8856067657471,11.8684692382812,311.022033691406,0.092464841902256,60.8999557495117,-723.23955761392,-2457.48932304778,"WhiteTroatedCaracara",20
2907,1,37.8325500488281,0,3.88828659057617,166.832077026367,1.80117690563202,1.44399738311768,10.7200489044189,15.6479234695435,28.0576820373535,9.57307720184326,398.518035888672,-0.100761607289314,77.2419509887695,-703.23955761392,-2457.48932304778,"WhiteTroatedCaracara",20
2908,1,37.8325500488281,0,3.88828659057617,166.832077026367,1.80117690563202,1.44399738311768,10.7200489044189,15.6479234695435,28.0576820373535,9.57307720184326,398.518035888672,-0.100761607289314,77.2419509887695,-683.23955761392,-2457.48932304778,"WhiteTroatedCaracara",20
2909,1,26.6001148223877,0,3.28807592391968,164.012237548828,3.78100156784058,2.73195624351501,13.5370712280273,9.96765899658203,29.8254127502441,7.28094625473022,529.4638671875,0.857518553733826,124.886810302734,-663.23955761392,-2457.48932304778,"WhiteTroatedCaracara",20
2910,1,23.382926940918,0,3.51662039756775,132.358413696289,2.80807590484619,4.44313716888428,13.3062705993652,10.2131271362305,30.8686580657959,15.7999324798584,503.022674560547,1.84379851818085,110.583755493164,-643.23955761392,-2457.48932304778,"WhiteTroatedCaracara",20
2911,0,22.798698425293,0,3.59253406524658,122.452133178711,2.1587450504303,7.8817982673645,10.5126361846924,5.89933204650879,37.741626739502,15.4093370437622,478.451049804688,0.976859986782074,83.4696884155273,-623.23955761392,-2457.48932304778,"WhiteTroatedCaracara",20
2912,1,18.6229667663574,0,3.90344429016113,116.007354736328,1.92676436901093,4.92868518829346,13.2696952819824,7.76929616928101,35.4421424865723,13.1272344589233,406.757965087891,0.170579746365547,62.9826126098633,-603.23955761392,-2457.48932304778,"WhiteTroatedCaracara",20
2913,1,8.41421985626221,0,4.95250082015991,115.902465820312,1.26831221580505,1.22252571582794,16.893518447876,6.22963714599609,30.9437675476074,8.36618518829346,194.478897094727,-0.0704341679811478,37.763744354248,-583.23955761392,-2457.48932304778,"WhiteTroatedCaracara",20
2914,1,7.47889041900635,0,5.14028835296631,119.85578918457,2.22229337692261,0.494600594043732,16.3503189086914,4.86105918884277,27.9724178314209,9.57984733581543,151.133178710938,0.324810922145844,34.5671691894531,-563.23955761392,-2457.48932304778,"WhiteTroatedCaracara",20
2915,1,4.34747743606567,0,4.96446180343628,128.469467163086,1.02514886856079,0.956673085689545,18.7812347412109,3.40658497810364,34.9823150634766,10.2263212203979,172.458847045898,0.0449489168822765,31.4665756225586,-543.23955761392,-2457.48932304778,"WhiteTroatedCaracara",20
2916,1,10.2134656906128,0,4.89484262466431,135.214889526367,0.40062415599823,1.0704950094223,16.7206211090088,3.24989628791809,39.5849647521973,6.63023710250854,173.18977355957,-0.148508489131927,17.9838027954102,-523.23955761392,-2457.48932304778,"WhiteTroatedCaracara",20
2917,0,12.9110889434814,0,5.01975631713867,141.085784912109,0.720535635948181,1.6186900138855,13.6882305145264,3.74640941619873,41.3222579956055,7.02955961227417,142.57014465332,0.27118444442749,21.7973194122314,-503.23955761392,-2457.48932304778,"WhiteTroatedCaracara",20
2918,1,4.70740842819214,0,5.34463930130005,147.592742919922,2.14262366294861,2.14790105819702,8.72664546966553,2.26968216896057,32.2974700927734,6.76592493057251,59.5904998779297,0.130057573318481,13.1804828643799,-483.23955761392,-2457.48932304778,"WhiteTroatedCaracara",20
2919,0,12.8970718383789,0,4.76387071609497,167.776290893555,0.25215882062912,0.0984057113528252,15.806845664978,10.6512937545776,32.8061370849609,12.7336807250977,160.833694458008,-0.247366219758987,37.9750518798828,-463.23955761392,-2457.48932304778,"WhiteTroatedCaracara",20
2920,0,6.84666299819946,0,5.31280088424683,169.496398925781,0.712186515331268,0.162826672196388,7.31645727157593,7.37661981582642,37.2181015014648,17.2155532836914,48.9613838195801,-0.730527758598328,19.3239192962646,-443.23955761392,-2457.48932304778,"WhiteTroatedCaracara",20
2921,0,77.3870010375977,0,4.25085639953613,208.993682861328,0.45775505900383,1.86445534229279,6.37200117111206,13.6963424682617,21.0409164428711,11.0010461807251,151.674026489258,0.519169211387634,34.5900650024414,-303.23955761392,-2457.48932304778,"WhiteTroatedCaracara",20
2922,0,125.841361999512,0,5.39568948745728,503.370178222656,1.8392174243927,0.631113409996033,2.99529051780701,11.9396657943726,22.5176563262939,5.27315759658813,86.6279983520508,-0.214577004313469,19.1731624603271,-943.23955761392,-2477.48932304778,"WhiteTroatedCaracara",20
2923,0,125.841361999512,0,5.39568948745728,503.370178222656,1.8392174243927,0.631113409996033,2.99529051780701,11.9396657943726,22.5176563262939,5.27315759658813,86.6279983520508,-0.214577004313469,19.1731624603271,-923.23955761392,-2477.48932304778,"WhiteTroatedCaracara",20
2924,0,125.841361999512,0,5.39568948745728,503.370178222656,1.8392174243927,0.631113409996033,2.99529051780701,11.9396657943726,22.5176563262939,5.27315759658813,86.6279983520508,-0.214577004313469,19.1731624603271,-903.23955761392,-2477.48932304778,"WhiteTroatedCaracara",20
2925,0,102.321441650391,0,4.83379125595093,405.119049072266,2.86044216156006,0.46324822306633,3.37295198440552,11.1436805725098,37.698802947998,5.4325532913208,154.419097900391,-0.577694535255432,38.7079925537109,-883.23955761392,-2477.48932304778,"WhiteTroatedCaracara",20
2926,0,102.321441650391,0,4.83379125595093,405.119049072266,2.86044216156006,0.46324822306633,3.37295198440552,11.1436805725098,37.698802947998,5.4325532913208,154.419097900391,-0.577694535255432,38.7079925537109,-863.23955761392,-2477.48932304778,"WhiteTroatedCaracara",20
2927,0,95.3717575073242,0,4.26764917373657,383.147369384766,4.16800451278687,1.05545282363892,2.61251592636108,10.9955596923828,45.6823577880859,8.20918655395508,265.463439941406,1.11576855182648,90.522575378418,-843.23955761392,-2477.48932304778,"WhiteTroatedCaracara",20
2928,0,90.3970108032227,0,3.55832505226135,368.162994384766,2.67277050018311,2.1693069934845,1.53960037231445,4.92706155776978,40.0081214904785,3.94482231140137,334.949859619141,-0.27372807264328,101.880973815918,-823.23955761392,-2477.48932304778,"WhiteTroatedCaracara",20
2929,0,80.6570053100586,0,3.32232666015625,347.254547119141,1.61439180374146,0.458031117916107,2.75517725944519,8.81781387329102,40.300106048584,2.13454389572144,427.44580078125,-0.0315004102885723,140.551010131836,-803.23955761392,-2477.48932304778,"WhiteTroatedCaracara",20
2930,1,73.6323547363281,0,3.03892707824707,324.786010742188,0.614088296890259,2.46386480331421,1.99849534034729,7.8318305015564,32.2267875671387,3.69686651229858,470.266143798828,0.10393563657999,117.30623626709,-783.23955761392,-2477.48932304778,"WhiteTroatedCaracara",20
2931,1,70.7690124511719,0,2.11678218841553,295.662109375,1.2602037191391,1.592768907547,2.96786022186279,6.23493194580078,42.4343566894531,1.62147235870361,635.663269042969,0.862067103385925,124.250595092773,-763.23955761392,-2477.48932304778,"WhiteTroatedCaracara",20
2932,0,70.7690124511719,0,2.11678218841553,295.662109375,1.2602037191391,1.592768907547,2.96786022186279,6.23493194580078,42.4343566894531,1.62147235870361,635.663269042969,0.862067103385925,124.250595092773,-743.23955761392,-2477.48932304778,"WhiteTroatedCaracara",20
2933,0,65.6584320068359,0,1.88718211650848,255.771392822266,1.62126433849335,3.09008526802063,2.56715226173401,4.03291177749634,37.8194923400879,2.25678324699402,668.570617675781,1.37262046337128,137.956405639648,-723.23955761392,-2477.48932304778,"WhiteTroatedCaracara",20
2934,1,65.6584320068359,0,1.88718211650848,255.771392822266,1.62126433849335,3.09008526802063,2.56715226173401,4.03291177749634,37.8194923400879,2.25678324699402,668.570617675781,1.37262046337128,137.956405639648,-703.23955761392,-2477.48932304778,"WhiteTroatedCaracara",20
2935,1,54.2955741882324,0,3.65889048576355,205.503265380859,2.43232274055481,0.825095891952515,6.28847455978394,11.1351356506348,32.607666015625,5.34406423568726,402.102325439453,-1.51233994960785,108.20442199707,-683.23955761392,-2477.48932304778,"WhiteTroatedCaracara",20
2936,1,44.1525802612305,0,2.70049738883972,205.954467773438,3.21315956115723,2.1041316986084,5.9992823600769,10.8869228363037,38.574836730957,5.03211832046509,604.423461914062,-0.0732369273900986,151.235961914062,-663.23955761392,-2477.48932304778,"WhiteTroatedCaracara",20
2937,1,33.6611289978027,0,3.70977926254272,157.865707397461,3.25405192375183,2.77830910682678,8.46828556060791,11.9078187942505,28.2835121154785,10.0057134628296,436.391998291016,-1.71162140369415,109.924591064453,-643.23955761392,-2477.48932304778,"WhiteTroatedCaracara",20
2938,0,22.1008968353271,0,3.87953615188599,141.408645629883,4.85660409927368,2.82037448883057,7.14506006240845,8.9903507232666,25.9644145965576,10.2910213470459,413.210021972656,0.0219890251755714,104.28784942627,-623.23955761392,-2477.48932304778,"WhiteTroatedCaracara",20
2939,1,13.960241317749,0,3.71323156356812,142.894714355469,5.37212181091309,2.6319522857666,6.20978164672852,8.74803447723389,25.9479465484619,12.5810985565186,440.771636962891,-0.23535244166851,124.659889221191,-603.23955761392,-2477.48932304778,"WhiteTroatedCaracara",20
2940,1,7.7543044090271,0,4.30661153793335,137.818237304688,1.37844252586365,2.3415904045105,10.3841238021851,10.2452907562256,20.7059421539307,11.3557252883911,314.552490234375,-0.198319971561432,89.3475112915039,-583.23955761392,-2477.48932304778,"WhiteTroatedCaracara",20
2941,1,5.16496086120605,0,4.70626211166382,142.502670288086,0.651534974575043,0.609141111373901,13.8784341812134,6.39122629165649,23.4564037322998,7.6799201965332,220.246444702148,-0.235191002488136,50.822940826416,-563.23955761392,-2477.48932304778,"WhiteTroatedCaracara",20
2942,1,3.38119554519653,0,4.28843021392822,150.924865722656,1.65440821647644,1.31459498405457,13.6589317321777,6.17074823379517,29.3240032196045,11.488862991333,284.558013916016,0.678336620330811,57.952579498291,-543.23955761392,-2477.48932304778,"WhiteTroatedCaracara",20
2943,0,14.7917671203613,0,3.50229501724243,159.311508178711,0.70236873626709,2.6447958946228,15.2613468170166,6.6860032081604,35.2636222839355,15.4618978500366,420.37158203125,1.78483664989471,75.6468505859375,-523.23955761392,-2477.48932304778,"WhiteTroatedCaracara",20
2944,0,27.354663848877,0,3.97389960289001,160.018646240234,0.790740013122559,1.78748154640198,18.5790843963623,6.17249822616577,34.7629814147949,8.98575973510742,323.141876220703,-1.12498819828033,58.8825759887695,-503.23955761392,-2477.48932304778,"WhiteTroatedCaracara",20
2945,0,21.5163440704346,0,4.28736352920532,162.10856628418,0.253817230463028,0.80784672498703,23.0092582702637,4.88706207275391,30.8915519714355,10.506275177002,256.528839111328,-0.242697075009346,41.0891342163086,-483.23955761392,-2477.48932304778,"WhiteTroatedCaracara",20
2946,0,12.8970718383789,0,4.76387071609497,167.776290893555,0.25215882062912,0.0984057113528252,15.806845664978,10.6512937545776,32.8061370849609,12.7336807250977,160.833694458008,-0.247366219758987,37.9750518798828,-463.23955761392,-2477.48932304778,"WhiteTroatedCaracara",20
2947,0,6.84666299819946,0,5.31280088424683,169.496398925781,0.712186515331268,0.162826672196388,7.31645727157593,7.37661981582642,37.2181015014648,17.2155532836914,48.9613838195801,-0.730527758598328,19.3239192962646,-443.23955761392,-2477.48932304778,"WhiteTroatedCaracara",20
2948,0,5.13402557373047,0,5.34627914428711,173.354522705078,0,2.04431009292603,11.4005603790283,2.39817571640015,40.1428985595703,9.49723339080811,35.2713279724121,-0.272781401872635,8.7429084777832,-423.23955761392,-2477.48932304778,"WhiteTroatedCaracara",20
2949,1,5.76474380493164,0,5.08785104751587,173.657287597656,0,1.35563158988953,11.8929719924927,5.14165592193604,29.3911437988281,8.56296634674072,78.908088684082,-0.13045634329319,20.3679790496826,-403.23955761392,-2477.48932304778,"WhiteTroatedCaracara",20
2950,1,5.76474380493164,0,5.08785104751587,173.657287597656,0,1.35563158988953,11.8929719924927,5.14165592193604,29.3911437988281,8.56296634674072,78.908088684082,-0.13045634329319,20.3679790496826,-383.23955761392,-2477.48932304778,"WhiteTroatedCaracara",20
2951,0,60.0098648071289,0,4.23461198806763,214.941635131836,0.451122641563416,1.3626127243042,4.57641935348511,12.3657712936401,27.6346187591553,10.934645652771,129.013000488281,-0.0231692232191563,33.1428756713867,-343.23955761392,-2477.48932304778,"WhiteTroatedCaracara",20
2952,1,60.0098648071289,0,4.23461198806763,214.941635131836,0.451122641563416,1.3626127243042,4.57641935348511,12.3657712936401,27.6346187591553,10.934645652771,129.013000488281,-0.0231692232191563,33.1428756713867,-323.23955761392,-2477.48932304778,"WhiteTroatedCaracara",20
2953,1,77.3870010375977,0,4.25085639953613,208.993682861328,0.45775505900383,1.86445534229279,6.37200117111206,13.6963424682617,21.0409164428711,11.0010461807251,151.674026489258,0.519169211387634,34.5900650024414,-303.23955761392,-2477.48932304778,"WhiteTroatedCaracara",20
2954,0,88.6535491943359,0,4.29347276687622,203.575576782227,0.768474638462067,1.55082476139069,8.32999420166016,18.2508182525635,18.0784606933594,11.0578947067261,148.149627685547,0.282078862190247,18.2928504943848,-283.23955761392,-2477.48932304778,"WhiteTroatedCaracara",20
2955,1,125.841361999512,0,5.39568948745728,503.370178222656,1.8392174243927,0.631113409996033,2.99529051780701,11.9396657943726,22.5176563262939,5.27315759658813,86.6279983520508,-0.214577004313469,19.1731624603271,-963.23955761392,-2497.48932304778,"WhiteTroatedCaracara",20
2956,0,122.917556762695,0,4.85441017150879,456.891540527344,2.98794388771057,0.00370431924238801,0.0915433093905449,9.08082962036133,29.4885330200195,3.45677304267883,134.595932006836,0.305756896734238,50.246753692627,-903.23955761392,-2497.48932304778,"WhiteTroatedCaracara",20
2957,0,122.917556762695,0,4.85441017150879,456.891540527344,2.98794388771057,0.00370431924238801,0.0915433093905449,9.08082962036133,29.4885330200195,3.45677304267883,134.595932006836,0.305756896734238,50.246753692627,-883.23955761392,-2497.48932304778,"WhiteTroatedCaracara",20
2958,1,115.941032409668,0,4.41630458831787,428.80517578125,3.41081690788269,0,0.42984801530838,10.1792907714844,29.5539436340332,4.5221004486084,190.620330810547,0.00116458535194397,56.3028793334961,-863.23955761392,-2497.48932304778,"WhiteTroatedCaracara",20
2959,0,110.735954284668,0,4.46801376342773,394.31298828125,1.31615269184113,0.670853197574615,3.33781838417053,14.2245349884033,36.2675933837891,6.5735445022583,204.876312255859,-0.165197759866714,34.1125907897949,-843.23955761392,-2497.48932304778,"WhiteTroatedCaracara",20
2960,0,106.703407287598,0,4.338294506073,370.648315429688,1.87262392044067,1.25423169136047,2.98040819168091,12.1093301773071,25.3292465209961,5.92759561538696,207.205657958984,-0.731219232082367,74.4236907958984,-823.23955761392,-2497.48932304778,"WhiteTroatedCaracara",20
2961,0,100.334022521973,0,4.39687490463257,351.113494873047,2.89581561088562,2.10728287696838,3.06973052024841,11.1251888275146,39.1487159729004,16.7632732391357,241.688858032227,-0.60109144449234,87.3424301147461,-803.23955761392,-2497.48932304778,"WhiteTroatedCaracara",20
2962,0,94.9372406005859,0,4.30322551727295,333.469909667969,1.33969068527222,3.88255620002747,4.79430627822876,15.3357696533203,29.6270084381104,8.62052440643311,234.336761474609,-0.941978335380554,107.955291748047,-783.23955761392,-2497.48932304778,"WhiteTroatedCaracara",20
2963,0,92.6473007202148,0,3.15080380439758,328.975433349609,2.18202471733093,1.06356620788574,5.24075508117676,10.4964504241943,34.4287185668945,2.68869280815125,446.0244140625,-0.108481794595718,163.374114990234,-763.23955761392,-2497.48932304778,"WhiteTroatedCaracara",20
2964,1,93.4326248168945,0,1.91132116317749,315.545501708984,2.57629704475403,0.540061831474304,1.58129274845123,5.40459156036377,40.3650054931641,2.28202939033508,649.837463378906,0.56022310256958,152.385833740234,-743.23955761392,-2497.48932304778,"WhiteTroatedCaracara",20
2965,0,91.6306076049805,0,1.14246153831482,294.615447998047,0.991353631019592,2.21475720405579,1.76777231693268,5.83848094940186,33.2383232116699,1.2321640253067,805.9892578125,-0.0562233738601208,155.177291870117,-723.23955761392,-2497.48932304778,"WhiteTroatedCaracara",20
2966,1,77.6526260375977,0,1.11989653110504,285.043395996094,1.91163015365601,1.64014530181885,0.205732226371765,1.96077060699463,37.6333122253418,0.690609574317932,793.730712890625,2.00022840499878,185.657455444336,-703.23955761392,-2497.48932304778,"WhiteTroatedCaracara",20
2967,0,61.3750953674316,0,-0.0783275589346886,276.636840820312,1.02966678142548,2.91323089599609,0.165121927857399,1.67066049575806,39.9671669006348,0.65607488155365,1019.02087402344,1.44974863529205,166.063720703125,-683.23955761392,-2497.48932304778,"WhiteTroatedCaracara",20
2968,1,44.2371139526367,0,2.44952702522278,214.215209960938,2.16939210891724,2.70492386817932,5.65636014938354,8.58886909484863,40.2219276428223,5.58881139755249,616.051635742188,-0.84993040561676,150.683792114258,-663.23955761392,-2497.48932304778,"WhiteTroatedCaracara",20
2969,1,27.1739120483398,0,3.54450154304504,168.105407714844,2.87784361839294,3.58775043487549,10.6001749038696,14.2408847808838,28.6200408935547,13.2761793136597,459.266876220703,-0.222026482224464,140.218933105469,-643.23955761392,-2497.48932304778,"WhiteTroatedCaracara",20
2970,1,10.8261804580688,0,3.59373188018799,160.178451538086,3.83339166641235,1.67727589607239,8.99733924865723,16.8927516937256,25.8254337310791,10.0753135681152,447.750244140625,1.02337920665741,110.610847473145,-623.23955761392,-2497.48932304778,"WhiteTroatedCaracara",20
2971,1,3.36259436607361,1,4.31964588165283,150.67985534668,1.84056985378265,1.19039332866669,10.5422039031982,13.0527372360229,23.1358165740967,10.2500915527344,287.598510742188,-0.529025852680206,82.0556411743164,-603.23955761392,-2497.48932304778,"WhiteTroatedCaracara",20
2972,1,3.19011950492859,0,3.85905313491821,161.983657836914,2.49353075027466,4.12300872802734,9.01371955871582,12.0895671844482,30.0292835235596,12.3510789871216,369.436889648438,-0.866857886314392,95.3357315063477,-583.23955761392,-2497.48932304778,"WhiteTroatedCaracara",20
2973,1,5.68979549407959,0,3.86662173271179,163.062255859375,1.30249536037445,3.38384962081909,8.61048221588135,16.2137489318848,25.8562622070312,13.3899774551392,356.486480712891,-2.70004415512085,98.0657806396484,-563.23955761392,-2497.48932304778,"WhiteTroatedCaracara",20
2974,1,4.397864818573,0,4.55681943893433,162.467346191406,1.03731083869934,1.79993498325348,9.64911270141602,14.7168779373169,31.7901668548584,11.7294330596924,218.575622558594,-0.854152262210846,52.2768592834473,-543.23955761392,-2497.48932304778,"WhiteTroatedCaracara",20
2975,0,17.620044708252,0,3.83387064933777,168.552673339844,0.971602141857147,2.84559011459351,9.67532634735107,8.78363418579102,38.2706718444824,18.1650447845459,351.363220214844,-1.80114483833313,66.8956069946289,-523.23955761392,-2497.48932304778,"WhiteTroatedCaracara",20
2976,0,34.359447479248,0,3.98956513404846,176.912338256836,0.920944392681122,1.99841773509979,10.3418025970459,14.225302696228,29.7438297271729,14.7273473739624,311.116394042969,-0.642675697803497,71.6686935424805,-503.23955761392,-2497.48932304778,"WhiteTroatedCaracara",20
2977,0,40.1449661254883,0,4.0875997543335,177.07926940918,0.980107545852661,3.19137477874756,9.21947956085205,9.43424892425537,36.2820625305176,11.8952198028564,279.217987060547,0.377138316631317,62.7674713134766,-483.23955761392,-2497.48932304778,"WhiteTroatedCaracara",20
2978,0,33.217887878418,0,4.31672143936157,185.774826049805,1.84305381774902,2.74070930480957,9.24121379852295,6.78217458724976,37.5863571166992,16.6491279602051,228.261749267578,0.425679117441177,52.5003700256348,-463.23955761392,-2497.48932304778,"WhiteTroatedCaracara",20
2979,1,26.0520324707031,0,4.4991660118103,183.520690917969,0.745953679084778,1.78601920604706,9.40420722961426,15.7252330780029,21.8102016448975,9.71733474731445,182.416610717773,0.704977810382843,43.5860366821289,-443.23955761392,-2497.48932304778,"WhiteTroatedCaracara",20
2980,1,20.6329364776611,0,4.64577913284302,187.567108154297,0.111585639417171,0.615318775177002,10.425684928894,12.5821123123169,31.0218257904053,7.28248071670532,148.809097290039,0.322213500738144,26.9398651123047,-423.23955761392,-2497.48932304778,"WhiteTroatedCaracara",20
2981,0,5.76474380493164,0,5.08785104751587,173.657287597656,0,1.35563158988953,11.8929719924927,5.14165592193604,29.3911437988281,8.56296634674072,78.908088684082,-0.13045634329319,20.3679790496826,-403.23955761392,-2497.48932304778,"WhiteTroatedCaracara",20
2982,0,5.76474380493164,0,5.08785104751587,173.657287597656,0,1.35563158988953,11.8929719924927,5.14165592193604,29.3911437988281,8.56296634674072,78.908088684082,-0.13045634329319,20.3679790496826,-383.23955761392,-2497.48932304778,"WhiteTroatedCaracara",20
2983,1,60.0098648071289,0,4.23461198806763,214.941635131836,0.451122641563416,1.3626127243042,4.57641935348511,12.3657712936401,27.6346187591553,10.934645652771,129.013000488281,-0.0231692232191563,33.1428756713867,-343.23955761392,-2497.48932304778,"WhiteTroatedCaracara",20
2984,1,60.0098648071289,0,4.23461198806763,214.941635131836,0.451122641563416,1.3626127243042,4.57641935348511,12.3657712936401,27.6346187591553,10.934645652771,129.013000488281,-0.0231692232191563,33.1428756713867,-323.23955761392,-2497.48932304778,"WhiteTroatedCaracara",20
2985,0,122.917556762695,0,4.85441017150879,456.891540527344,2.98794388771057,0.00370431924238801,0.0915433093905449,9.08082962036133,29.4885330200195,3.45677304267883,134.595932006836,0.305756896734238,50.246753692627,-883.23955761392,-2517.48932304778,"WhiteTroatedCaracara",20
2986,1,115.941032409668,0,4.41630458831787,428.80517578125,3.41081690788269,0,0.42984801530838,10.1792907714844,29.5539436340332,4.5221004486084,190.620330810547,0.00116458535194397,56.3028793334961,-863.23955761392,-2517.48932304778,"WhiteTroatedCaracara",20
2987,0,129.362915039062,0,4.26241588592529,393.389953613281,2.39727401733398,2.19443154335022,3.79078459739685,8.82554149627686,34.1335792541504,5.46206712722778,213.079360961914,0.421110510826111,50.0720138549805,-843.23955761392,-2517.48932304778,"WhiteTroatedCaracara",20
2988,0,129.362915039062,0,4.26241588592529,393.389953613281,2.39727401733398,2.19443154335022,3.79078459739685,8.82554149627686,34.1335792541504,5.46206712722778,213.079360961914,0.421110510826111,50.0720138549805,-823.23955761392,-2517.48932304778,"WhiteTroatedCaracara",20
2989,1,117.208702087402,0,4.63680791854858,345.236755371094,1.81656014919281,6.17062568664551,4.96145296096802,11.2158031463623,29.0407962799072,11.9890155792236,159.838424682617,1.10896861553192,71.7040786743164,-803.23955761392,-2517.48932304778,"WhiteTroatedCaracara",20
2990,0,117.208702087402,0,4.63680791854858,345.236755371094,1.81656014919281,6.17062568664551,4.96145296096802,11.2158031463623,29.0407962799072,11.9890155792236,159.838424682617,1.10896861553192,71.7040786743164,-783.23955761392,-2517.48932304778,"WhiteTroatedCaracara",20
2991,1,110.873825073242,0,4.1047420501709,329.017822265625,2.54797673225403,4.55417919158936,3.3027024269104,11.5268783569336,36.4928894042969,11.7844247817993,267.638488769531,-1.33019018173218,41.2774658203125,-763.23955761392,-2517.48932304778,"WhiteTroatedCaracara",20
2992,0,112.176193237305,0,4.3955454826355,303.668823242188,1.42911076545715,3.8968141078949,2.6571900844574,12.458104133606,24.0693531036377,10.0489463806152,187.597366333008,-2.84218716621399,44.3010940551758,-743.23955761392,-2517.48932304778,"WhiteTroatedCaracara",20
2993,1,98.0137786865234,0,4.1150484085083,293.299499511719,3.73093438148499,2.28048634529114,3.22341251373291,10.9286346435547,27.746675491333,5.16348171234131,227.712295532227,1.61317241191864,102.224136352539,-723.23955761392,-2517.48932304778,"WhiteTroatedCaracara",20
2994,0,81.6678619384766,0,3.75982785224915,275.029998779297,2.01192998886108,1.39900159835815,4.20902824401855,15.1504411697388,25.2950382232666,3.98945021629333,282.520324707031,-3.67646598815918,129.964324951172,-703.23955761392,-2517.48932304778,"WhiteTroatedCaracara",20
2995,1,65.3901443481445,0,2.92656517028809,255.600204467773,2.81426358222961,1.95168328285217,4.30241966247559,12.1435813903809,25.9537868499756,3.22898983955383,446.698669433594,0.708405733108521,150.863784790039,-683.23955761392,-2517.48932304778,"WhiteTroatedCaracara",20
2996,0,49.7998580932617,0,3.18181681632996,226.105758666992,2.0871365070343,1.28044879436493,8.17358493804932,17.0486602783203,31.0686511993408,5.68838405609131,472.911743164062,-0.804274082183838,125.16529083252,-663.23955761392,-2517.48932304778,"WhiteTroatedCaracara",20
2997,0,36.3191070556641,0,3.9479353427887,199.191436767578,2.074378490448,2.75528264045715,9.68254470825195,19.1916484832764,28.5512752532959,5.1562352180481,345.640197753906,-0.0415864437818527,113.016372680664,-643.23955761392,-2517.48932304778,"WhiteTroatedCaracara",20
2998,1,25.9171619415283,0,3.76021480560303,182.302673339844,2.2188138961792,3.7716805934906,13.4424057006836,16.4386024475098,25.7839756011963,7.73395490646362,393.322723388672,-0.353308767080307,100.30982208252,-623.23955761392,-2517.48932304778,"WhiteTroatedCaracara",20
2999,1,19.3056602478027,0,4.31161165237427,173.032501220703,0.912006556987762,0.538028359413147,10.6159811019897,9.5397424697876,28.1036376953125,12.1225538253784,277.022155761719,1.56845045089722,44.4156303405762,-603.23955761392,-2517.48932304778,"WhiteTroatedCaracara",20
3000,1,18.1482677459717,0,3.70861387252808,186.788726806641,2.46364521980286,1.02052867412567,8.19567203521729,11.4419679641724,36.5594367980957,15.9032611846924,395.438323974609,0.852012395858765,63.9706764221191,-583.23955761392,-2517.48932304778,"WhiteTroatedCaracara",20
3001,1,17.5315227508545,0,3.60881042480469,189.608062744141,3.60418438911438,2.98822259902954,6.14109706878662,11.1279926300049,34.549430847168,16.8474426269531,404.728057861328,2.36896967887878,83.4119338989258,-563.23955761392,-2517.48932304778,"WhiteTroatedCaracara",20
3002,0,19.9638919830322,0,4.30432987213135,187.355133056641,2.12573480606079,1.87517094612122,7.70562362670898,14.4414644241333,29.5731792449951,12.3056507110596,257.674865722656,1.19737100601196,43.205509185791,-543.23955761392,-2517.48932304778,"WhiteTroatedCaracara",20
3003,1,25.5183334350586,0,4.58604192733765,184.141830444336,0.545295655727386,1.88891017436981,6.49025011062622,15.6666660308838,24.4982891082764,7.54833602905273,148.963745117188,0.373670309782028,27.7511024475098,-523.23955761392,-2517.48932304778,"WhiteTroatedCaracara",20
3004,1,34.359447479248,0,3.98956513404846,176.912338256836,0.920944392681122,1.99841773509979,10.3418025970459,14.225302696228,29.7438297271729,14.7273473739624,311.116394042969,-0.642675697803497,71.6686935424805,-503.23955761392,-2517.48932304778,"WhiteTroatedCaracara",20
3005,1,40.1449661254883,0,4.0875997543335,177.07926940918,0.980107545852661,3.19137477874756,9.21947956085205,9.43424892425537,36.2820625305176,11.8952198028564,279.217987060547,0.377138316631317,62.7674713134766,-483.23955761392,-2517.48932304778,"WhiteTroatedCaracara",20
3006,0,33.217887878418,0,4.31672143936157,185.774826049805,1.84305381774902,2.74070930480957,9.24121379852295,6.78217458724976,37.5863571166992,16.6491279602051,228.261749267578,0.425679117441177,52.5003700256348,-463.23955761392,-2517.48932304778,"WhiteTroatedCaracara",20
3007,0,129.362915039062,0,4.26241588592529,393.389953613281,2.39727401733398,2.19443154335022,3.79078459739685,8.82554149627686,34.1335792541504,5.46206712722778,213.079360961914,0.421110510826111,50.0720138549805,-823.23955761392,-2537.48932304778,"WhiteTroatedCaracara",20
3008,0,117.208702087402,0,4.63680791854858,345.236755371094,1.81656014919281,6.17062568664551,4.96145296096802,11.2158031463623,29.0407962799072,11.9890155792236,159.838424682617,1.10896861553192,71.7040786743164,-803.23955761392,-2537.48932304778,"WhiteTroatedCaracara",20
3009,0,117.208702087402,0,4.63680791854858,345.236755371094,1.81656014919281,6.17062568664551,4.96145296096802,11.2158031463623,29.0407962799072,11.9890155792236,159.838424682617,1.10896861553192,71.7040786743164,-783.23955761392,-2537.48932304778,"WhiteTroatedCaracara",20
3010,0,110.873825073242,0,4.1047420501709,329.017822265625,2.54797673225403,4.55417919158936,3.3027024269104,11.5268783569336,36.4928894042969,11.7844247817993,267.638488769531,-1.33019018173218,41.2774658203125,-763.23955761392,-2537.48932304778,"WhiteTroatedCaracara",20
3011,0,105.274688720703,0,3.19000554084778,325.180511474609,4.91511821746826,0.0666713863611221,1.36879003047943,7.02297592163086,27.1542568206787,3.37121438980103,350.363464355469,-2.58463883399963,103.76781463623,-743.23955761392,-2537.48932304778,"WhiteTroatedCaracara",20
3012,0,105.274688720703,0,3.19000554084778,325.180511474609,4.91511821746826,0.0666713863611221,1.36879003047943,7.02297592163086,27.1542568206787,3.37121438980103,350.363464355469,-2.58463883399963,103.76781463623,-723.23955761392,-2537.48932304778,"WhiteTroatedCaracara",20
3013,0,90.4455718994141,0,3.16899251937866,306.926574707031,4.13588714599609,0.99370926618576,2.04109001159668,9.05575942993164,35.619571685791,5.01412487030029,404.204711914062,2.25563025474548,167.127990722656,-703.23955761392,-2537.48932304778,"WhiteTroatedCaracara",20
3014,0,63.4801750183105,0,3.82808947563171,248.866744995117,2.65941905975342,1.80402517318726,9.50544834136963,14.8906898498535,32.7668495178223,5.35815858840942,342.723449707031,1.16020321846008,109.186950683594,-683.23955761392,-2537.48932304778,"WhiteTroatedCaracara",20
3015,0,63.4801750183105,0,3.82808947563171,248.866744995117,2.65941905975342,1.80402517318726,9.50544834136963,14.8906898498535,32.7668495178223,5.35815858840942,342.723449707031,1.16020321846008,109.186950683594,-663.23955761392,-2537.48932304778,"WhiteTroatedCaracara",20
3016,1,53.794921875,0,4.06747198104858,242.172348022461,2.5708634853363,1.838383436203,9.20341968536377,17.2982959747314,27.5351142883301,6.2388858795166,296.496795654297,1.66293060779572,108.544532775879,-643.23955761392,-2537.48932304778,"WhiteTroatedCaracara",20
3017,0,46.944091796875,0,4.01546478271484,224.929656982422,2.94916462898254,3.34040570259094,8.7636079788208,14.255597114563,26.0818347930908,6.47240257263184,295.166351318359,2.27973961830139,87.514289855957,-623.23955761392,-2537.48932304778,"WhiteTroatedCaracara",20
3018,0,67.3296203613281,0,4.97315120697021,246.920181274414,0,1.29850745201111,3.68528938293457,12.434178352356,26.0392875671387,4.69879674911499,102.783172607422,-0.338200181722641,23.4857120513916,-603.23955761392,-2537.48932304778,"WhiteTroatedCaracara",20
3019,0,35.1654167175293,0,5.08650016784668,198.914855957031,0.991697669029236,0.787365794181824,8.81220054626465,13.4528179168701,29.9365653991699,7.94802665710449,103.485580444336,-0.409349709749222,9.52864646911621,-583.23955761392,-2537.48932304778,"WhiteTroatedCaracara",20
3020,0,35.1654167175293,0,5.08650016784668,198.914855957031,0.991697669029236,0.787365794181824,8.81220054626465,13.4528179168701,29.9365653991699,7.94802665710449,103.485580444336,-0.409349709749222,9.52864646911621,-563.23955761392,-2537.48932304778,"WhiteTroatedCaracara",20
3021,0,40.7197647094727,0,4.87570858001709,199.330520629883,0.680490255355835,1.91040587425232,10.4787435531616,13.91921043396,31.5991859436035,7.58876037597656,127.180458068848,0.135188147425652,19.8923149108887,-543.23955761392,-2537.48932304778,"WhiteTroatedCaracara",20
3022,0,25.5183334350586,0,4.58604192733765,184.141830444336,0.545295655727386,1.88891017436981,6.49025011062622,15.6666660308838,24.4982891082764,7.54833602905273,148.963745117188,0.373670309782028,27.7511024475098,-523.23955761392,-2537.48932304778,"WhiteTroatedCaracara",20
3023,0,25.5183334350586,0,4.58604192733765,184.141830444336,0.545295655727386,1.88891017436981,6.49025011062622,15.6666660308838,24.4982891082764,7.54833602905273,148.963745117188,0.373670309782028,27.7511024475098,-503.23955761392,-2537.48932304778,"WhiteTroatedCaracara",20
3024,0,40.1449661254883,0,4.0875997543335,177.07926940918,0.980107545852661,3.19137477874756,9.21947956085205,9.43424892425537,36.2820625305176,11.8952198028564,279.217987060547,0.377138316631317,62.7674713134766,-483.23955761392,-2537.48932304778,"WhiteTroatedCaracara",20
3025,0,33.217887878418,0,4.31672143936157,185.774826049805,1.84305381774902,2.74070930480957,9.24121379852295,6.78217458724976,37.5863571166992,16.6491279602051,228.261749267578,0.425679117441177,52.5003700256348,-463.23955761392,-2537.48932304778,"WhiteTroatedCaracara",20
3026,0,105.274688720703,0,3.19000554084778,325.180511474609,4.91511821746826,0.0666713863611221,1.36879003047943,7.02297592163086,27.1542568206787,3.37121438980103,350.363464355469,-2.58463883399963,103.76781463623,-743.23955761392,-2557.48932304778,"WhiteTroatedCaracara",20
3027,0,100.657920837402,0,4.14055347442627,305.012329101562,2.83436059951782,1.52308034896851,2.48726630210876,13.483962059021,26.8867874145508,10.6781196594238,226.150146484375,0.6747105717659,74.2391967773438,-723.23955761392,-2557.48932304778,"WhiteTroatedCaracara",20
3028,0,100.657920837402,0,4.14055347442627,305.012329101562,2.83436059951782,1.52308034896851,2.48726630210876,13.483962059021,26.8867874145508,10.6781196594238,226.150146484375,0.6747105717659,74.2391967773438,-703.23955761392,-2557.48932304778,"WhiteTroatedCaracara",20
3029,0,95.3640213012695,0,4.47930002212524,288.178039550781,0.423739671707153,1.31116366386414,1.21396172046661,9.34515857696533,36.2286758422852,6.83676147460938,176.70930480957,-0.30869659781456,57.6613922119141,-683.23955761392,-2557.48932304778,"WhiteTroatedCaracara",20
3030,0,73.1470489501953,0,4.23189449310303,264.290771484375,1.32610201835632,2.83537530899048,4.77676486968994,11.3196992874146,41.8720207214355,9.69331550598145,238.138702392578,1.13404726982117,98.0627212524414,-663.23955761392,-2557.48932304778,"WhiteTroatedCaracara",20
3031,0,73.1470489501953,0,4.23189449310303,264.290771484375,1.32610201835632,2.83537530899048,4.77676486968994,11.3196992874146,41.8720207214355,9.69331550598145,238.138702392578,1.13404726982117,98.0627212524414,-643.23955761392,-2557.48932304778,"WhiteTroatedCaracara",20
3032,0,67.9859771728516,0,4.56587934494019,248.518081665039,0.365226179361343,3.15631413459778,2.95421814918518,9.40399169921875,33.4001541137695,8.17293930053711,165.135848999023,-2.58570265769958,64.3415679931641,-623.23955761392,-2557.48932304778,"WhiteTroatedCaracara",20
3033,0,67.3296203613281,0,4.97315120697021,246.920181274414,0,1.29850745201111,3.68528938293457,12.434178352356,26.0392875671387,4.69879674911499,102.783172607422,-0.338200181722641,23.4857120513916,-603.23955761392,-2557.48932304778,"WhiteTroatedCaracara",20
3034,0,67.3296203613281,0,4.97315120697021,246.920181274414,0,1.29850745201111,3.68528938293457,12.434178352356,26.0392875671387,4.69879674911499,102.783172607422,-0.338200181722641,23.4857120513916,-583.23955761392,-2557.48932304778,"WhiteTroatedCaracara",20
3035,0,35.1654167175293,0,5.08650016784668,198.914855957031,0.991697669029236,0.787365794181824,8.81220054626465,13.4528179168701,29.9365653991699,7.94802665710449,103.485580444336,-0.409349709749222,9.52864646911621,-563.23955761392,-2557.48932304778,"WhiteTroatedCaracara",20
3036,0,40.7197647094727,0,4.87570858001709,199.330520629883,0.680490255355835,1.91040587425232,10.4787435531616,13.91921043396,31.5991859436035,7.58876037597656,127.180458068848,0.135188147425652,19.8923149108887,-543.23955761392,-2557.48932304778,"WhiteTroatedCaracara",20
3037,0,100.657920837402,0,4.14055347442627,305.012329101562,2.83436059951782,1.52308034896851,2.48726630210876,13.483962059021,26.8867874145508,10.6781196594238,226.150146484375,0.6747105717659,74.2391967773438,-703.23955761392,-2577.48932304778,"WhiteTroatedCaracara",20
3038,0,95.3640213012695,0,4.47930002212524,288.178039550781,0.423739671707153,1.31116366386414,1.21396172046661,9.34515857696533,36.2286758422852,6.83676147460938,176.70930480957,-0.30869659781456,57.6613922119141,-683.23955761392,-2577.48932304778,"WhiteTroatedCaracara",20
3039,0,73.1470489501953,0,4.23189449310303,264.290771484375,1.32610201835632,2.83537530899048,4.77676486968994,11.3196992874146,41.8720207214355,9.69331550598145,238.138702392578,1.13404726982117,98.0627212524414,-663.23955761392,-2577.48932304778,"WhiteTroatedCaracara",20
3040,0,73.1470489501953,0,4.23189449310303,264.290771484375,1.32610201835632,2.83537530899048,4.77676486968994,11.3196992874146,41.8720207214355,9.69331550598145,238.138702392578,1.13404726982117,98.0627212524414,-643.23955761392,-2577.48932304778,"WhiteTroatedCaracara",20
3041,0,67.9859771728516,0,4.56587934494019,248.518081665039,0.365226179361343,3.15631413459778,2.95421814918518,9.40399169921875,33.4001541137695,8.17293930053711,165.135848999023,-2.58570265769958,64.3415679931641,-623.23955761392,-2577.48932304778,"WhiteTroatedCaracara",20
3042,0,67.3296203613281,0,4.97315120697021,246.920181274414,0,1.29850745201111,3.68528938293457,12.434178352356,26.0392875671387,4.69879674911499,102.783172607422,-0.338200181722641,23.4857120513916,-603.23955761392,-2577.48932304778,"WhiteTroatedCaracara",20
3043,0,67.3296203613281,0,4.97315120697021,246.920181274414,0,1.29850745201111,3.68528938293457,12.434178352356,26.0392875671387,4.69879674911499,102.783172607422,-0.338200181722641,23.4857120513916,-583.23955761392,-2577.48932304778,"WhiteTroatedCaracara",20
3044,0,35.1654167175293,0,5.08650016784668,198.914855957031,0.991697669029236,0.787365794181824,8.81220054626465,13.4528179168701,29.9365653991699,7.94802665710449,103.485580444336,-0.409349709749222,9.52864646911621,-563.23955761392,-2577.48932304778,"WhiteTroatedCaracara",20
3045,1,40.7197647094727,0,4.87570858001709,199.330520629883,0.680490255355835,1.91040587425232,10.4787435531616,13.91921043396,31.5991859436035,7.58876037597656,127.180458068848,0.135188147425652,19.8923149108887,-543.23955761392,-2577.48932304778,"WhiteTroatedCaracara",20
3046,0,40.7197647094727,0,4.87570858001709,199.330520629883,0.680490255355835,1.91040587425232,10.4787435531616,13.91921043396,31.5991859436035,7.58876037597656,127.180458068848,0.135188147425652,19.8923149108887,-523.23955761392,-2577.48932304778,"WhiteTroatedCaracara",20
3047,0,67.3296203613281,0,4.97315120697021,246.920181274414,0,1.29850745201111,3.68528938293457,12.434178352356,26.0392875671387,4.69879674911499,102.783172607422,-0.338200181722641,23.4857120513916,-583.23955761392,-2597.48932304778,"WhiteTroatedCaracara",20
3048,0,67.3296203613281,0,4.97315120697021,246.920181274414,0,1.29850745201111,3.68528938293457,12.434178352356,26.0392875671387,4.69879674911499,102.783172607422,-0.338200181722641,23.4857120513916,-563.23955761392,-2597.48932304778,"WhiteTroatedCaracara",20
3049,1,40.7197647094727,0,4.87570858001709,199.330520629883,0.680490255355835,1.91040587425232,10.4787435531616,13.91921043396,31.5991859436035,7.58876037597656,127.180458068848,0.135188147425652,19.8923149108887,-543.23955761392,-2597.48932304778,"WhiteTroatedCaracara",20
3050,1,40.7197647094727,0,4.87570858001709,199.330520629883,0.680490255355835,1.91040587425232,10.4787435531616,13.91921043396,31.5991859436035,7.58876037597656,127.180458068848,0.135188147425652,19.8923149108887,-523.23955761392,-2597.48932304778,"WhiteTroatedCaracara",20
