site,occ.1,occ.2,occ.3,occ.4,occ.5,occ.6,occ.7,occ.8,occ.9,occ.10,occ.11,occ.12,occ.13,dur.1,dur.2,dur.3,dur.4,dur.5,dur.6,dur.7,dur.8,dur.9,dur.10,dur.11,dur.12,dur.13,time.1,time.2,time.3,time.4,time.5,time.6,time.7,time.8,time.9,time.10,time.11,time.12,time.13,nobs.1,nobs.2,nobs.3,nobs.4,nobs.5,nobs.6,nobs.7,nobs.8,nobs.9,nobs.10,nobs.11,nobs.12,nobs.13,distRoad,jday.1,jday.2,jday.3,jday.4,jday.5,jday.6,jday.7,jday.8,jday.9,jday.10,jday.11,jday.12,jday.13,year.1,year.2,year.3,year.4,year.5,year.6,year.7,year.8,year.9,year.10,year.11,year.12,year.13,temp,precp,barren,crop,decBroad,mixed,herb,shrub,elev,tpi,tri,X,Y,species,resolution
1,NA,NA,NA,NA,0,NA,NA,0,NA,0,NA,0,0,NA,NA,NA,NA,60,NA,NA,30,NA,291,NA,60,180,NA,NA,NA,NA,13,NA,NA,8,NA,9,NA,11,7,NA,NA,NA,NA,4,NA,NA,4,NA,5,NA,1,1,3.405972958,NA,NA,NA,NA,3,NA,NA,342,NA,312,NA,41,36,NA,NA,NA,NA,5,NA,NA,8,NA,10,NA,12,13,14.53453255,5.031696796,4.944834232,26.1998291,1.009029388,7.511126041,11.31445026,46.84309769,692.5888062,-1.776929021,105.6125259,-1003.239558,-137.489323,WhiteTroatedCaracara,20
2,NA,0,0,0,0,0,0,0,0,0,0,0,0,NA,180,60,240,180,300,90,120,240,90,120,90,38,NA,8,11,8,9,11,10,11,8,9,10,15,15,NA,4,3,4,10,3,2,8,4,4,1,2,1,3.405972958,NA,309,266,307,320,319,254,328,344,364,246,331,251,NA,2,3,4,5,6,7,8,9,10,11,12,13,14.53453255,5.031696796,4.944834232,26.1998291,1.009029388,7.511126041,11.31445026,46.84309769,692.5888062,-1.776929021,105.6125259,-983.2395576,-137.489323,WhiteTroatedCaracara,20
3,NA,NA,NA,0,0,0,0,0,0,0,0,0,0,NA,NA,NA,60,93,60,90,218,104,240,12,16,25,NA,NA,NA,10,10,12,12,14,16,16,11,10,9,NA,NA,NA,2,2,1,4,2,1,4,1,1,1,2.951918125,NA,NA,NA,293,304,304,297,266,286,277,280,253,295,NA,NA,NA,4,5,6,7,8,9,10,11,12,13,14.43277645,10.93662643,9.372426033,14.44706535,0.104449488,10.55331135,3.767583132,60.26877975,1027.745117,1.700477242,94.86845398,-963.2395576,-137.489323,WhiteTroatedCaracara,20
6,0,0,0,0,0,0,0,0,0,0,0,0,0,90,45,90,180,60,270,180,5,150,10,150,40,76,21,14,17,11,10,8,14,16,15,12,9,7,12,2,2,5,4,1,3,1,4,2,1,1,1,1,2.693290472,304,48,262,292,255,309,304,282,273,291,304,299,245,1,2,3,4,5,6,7,8,9,10,11,12,13,14.45477962,4.401609421,3.283248901,22.60594749,0.452267259,8.958018303,21.36993217,35.39115524,460.3533325,-1.026677728,96.68972778,-1003.239558,-157.489323,WhiteTroatedCaracara,20
7,0,0,0,NA,0,0,0,0,0,0,0,0,0,240,120,5,NA,90,1,180,31,13,5,180,2,235,14,15,15,NA,19,15,10,19,18,10,9,13,9,1,3,1,NA,2,1,1,1,1,1,1,1,1,2.438701868,288,310,52,NA,273,291,263,365,259,300,249,342,317,1,2,3,NA,5,6,7,8,9,10,11,12,13,13.23967361,9.459373474,2.079032421,19.27079582,0.317575753,9.748596191,17.7374649,47.83523178,1024.687866,1.324906945,122.3992844,-983.2395576,-157.489323,WhiteTroatedCaracara,20
8,NA,0,0,0,NA,0,0,0,0,0,0,0,0,NA,160,30,40,NA,22,10,60,60,120,20,30,3,NA,17,18,18,NA,9,9,11,9,13,12,9,7,NA,2,1,2,NA,1,4,4,1,2,3,1,1,10.57205391,NA,266,288,306,NA,279,16,269,299,272,58,246,286,NA,2,3,4,NA,6,7,8,9,10,11,12,13,9.876599312,15.77106285,19.69693375,0.864776909,0.006273995,10.17391682,4.42140913,64.63037109,1861.829468,-0.732836485,127.4361191,-963.2395576,-157.489323,WhiteTroatedCaracara,20
9,NA,NA,NA,NA,NA,0,NA,NA,NA,NA,NA,NA,NA,NA,NA,NA,NA,NA,9,NA,NA,NA,NA,NA,NA,NA,NA,NA,NA,NA,NA,8,NA,NA,NA,NA,NA,NA,NA,NA,NA,NA,NA,NA,1,NA,NA,NA,NA,NA,NA,NA,10.57205391,NA,NA,NA,NA,NA,301,NA,NA,NA,NA,NA,NA,NA,NA,NA,NA,NA,NA,6,NA,NA,NA,NA,NA,NA,NA,9.876599312,15.77106285,19.69693375,0.864776909,0.006273995,10.17391682,4.42140913,64.63037109,1861.829468,-0.732836485,127.4361191,-943.2395576,-157.489323,WhiteTroatedCaracara,20
11,NA,NA,NA,NA,0,NA,0,0,NA,0,NA,0,NA,NA,NA,NA,NA,50,NA,15,270,NA,84,NA,10,NA,NA,NA,NA,NA,13,NA,12,17,NA,8,NA,0,NA,NA,NA,NA,NA,2,NA,1,1,NA,2,NA,1,NA,4.630579948,NA,NA,NA,NA,270,NA,305,314,NA,293,NA,339,NA,NA,NA,NA,NA,5,NA,7,8,NA,10,NA,12,NA,12.7647934,9.992760658,2.420305729,16.36040878,0.256955028,8.400332451,20.58117104,45.27177429,1070.101929,-0.330278158,151.6693878,-1003.239558,-177.489323,WhiteTroatedCaracara,20
12,NA,NA,NA,0,0,0,0,0,0,0,0,0,0,NA,NA,NA,180,240,20,300,10,180,119,7,3,30,NA,NA,NA,8,8,17,9,3,10,4,8,10,10,NA,NA,NA,3,2,6,2,1,1,1,1,1,1,4.630579948,NA,NA,NA,319,298,31,295,318,272,353,352,13,267,NA,NA,NA,4,5,6,7,8,9,10,11,12,13,12.7647934,9.992760658,2.420305729,16.36040878,0.256955028,8.400332451,20.58117104,45.27177429,1070.101929,-0.330278158,151.6693878,-983.2395576,-177.489323,WhiteTroatedCaracara,20
13,NA,0,NA,0,NA,0,NA,0,0,NA,0,0,0,NA,5,NA,90,NA,240,NA,300,10,NA,10,30,57,NA,13,NA,11,NA,7,NA,14,12,NA,17,17,11,NA,1,NA,1,NA,1,NA,8,1,NA,1,2,1,7.420579433,NA,274,NA,285,NA,24,NA,301,305,NA,288,318,359,NA,2,NA,4,NA,6,NA,8,9,NA,11,12,13,12.05220032,14.62827206,6.708458424,4.97106123,0.063985579,11.59487247,6.06696558,69.07530975,1400.848145,1.319715261,113.3842468,-963.2395576,-177.489323,WhiteTroatedCaracara,20
14,NA,0,0,0,0,0,0,0,0,0,0,0,0,NA,240,180,60,10,60,300,15,30,45,15,120,183,NA,10,13,18,8,17,16,19,12,16,16,8,9,NA,2,4,1,2,2,2,1,4,2,1,1,1,7.420579433,NA,337,260,361,41,248,337,304,306,300,333,262,304,NA,2,3,4,5,6,7,8,9,10,11,12,13,12.05220032,14.62827206,6.708458424,4.97106123,0.063985579,11.59487247,6.06696558,69.07530975,1400.848145,1.319715261,113.3842468,-943.2395576,-177.489323,WhiteTroatedCaracara,20
15,0,0,0,0,0,0,0,0,0,0,0,0,0,40,25,90,180,60,60,90,12,145,300,30,20,42,11,14,12,9,12,0,11,17,12,10,16,11,8,3,3,1,1,3,1,3,1,1,3,2,1,2,6.96293211,304,322,245,286,298,277,365,365,361,292,286,296,315,1,2,3,4,5,6,7,8,9,10,11,12,13,7.887134552,18.48451424,28.56367493,0.50582391,0,10.10179043,8.304483414,51.56028366,2220.651123,3.761668444,161.872467,-923.2395576,-177.489323,WhiteTroatedCaracara,20
16,NA,0,NA,0,0,NA,0,NA,NA,NA,0,NA,NA,NA,300,NA,120,240,NA,1,NA,NA,NA,60,NA,NA,NA,9,NA,12,9,NA,20,NA,NA,NA,15,NA,NA,NA,1,NA,1,1,NA,3,NA,NA,NA,3,NA,NA,5.378419876,NA,303,NA,294,319,NA,318,NA,NA,NA,282,NA,NA,NA,2,NA,4,5,NA,7,NA,NA,NA,11,NA,NA,3.561583757,20.23242378,58.55515671,0.017583601,0,3.936258554,3.110756397,34.0578537,2857.018066,-3.953635454,254.436264,-903.2395576,-177.489323,WhiteTroatedCaracara,20
17,NA,NA,NA,NA,NA,NA,NA,NA,NA,NA,NA,NA,0,NA,NA,NA,NA,NA,NA,NA,NA,NA,NA,NA,NA,215,NA,NA,NA,NA,NA,NA,NA,NA,NA,NA,NA,NA,7,NA,NA,NA,NA,NA,NA,NA,NA,NA,NA,NA,NA,1,2.327642918,NA,NA,NA,NA,NA,NA,NA,NA,NA,NA,NA,NA,342,NA,NA,NA,NA,NA,NA,NA,NA,NA,NA,NA,NA,13,13.45685005,83.27354431,4.552893162,11.33927059,0.926465392,11.9161768,2.723006964,66.55580902,1199.223145,-0.825612664,18.75578499,-823.2395576,-177.489323,WhiteTroatedCaracara,20
19,NA,NA,0,NA,NA,NA,NA,NA,0,0,0,0,0,NA,NA,60,NA,NA,NA,NA,NA,3,120,47,65,158,NA,NA,8,NA,NA,NA,NA,NA,17,7,13,16,12,NA,NA,2,NA,NA,NA,NA,NA,1,2,2,1,1,4.204880714,NA,NA,39,NA,NA,NA,NA,NA,287,364,19,269,281,NA,NA,3,NA,NA,NA,NA,NA,9,10,11,12,13,14.33055687,8.623353958,2.879735947,25.13171768,0.305698901,10.94087029,17.61881065,36.921875,659.5699463,1.652975917,115.005806,-983.2395576,-197.489323,WhiteTroatedCaracara,20
20,NA,NA,NA,NA,NA,NA,0,0,0,0,0,0,0,NA,NA,NA,NA,NA,NA,60,10,300,10,6,40,1,NA,NA,NA,NA,NA,NA,13,11,9,11,19,15,12,NA,NA,NA,NA,NA,NA,1,1,6,1,1,1,1,2.860208511,NA,NA,NA,NA,NA,NA,263,356,262,291,320,287,307,NA,NA,NA,NA,NA,NA,7,8,9,10,11,12,13,14.38617611,11.80311394,2.911898613,4.300477982,0.072018154,4.347761631,5.361870289,30.5018177,842.4816895,-3.040747166,66.60335541,-963.2395576,-197.489323,WhiteTroatedCaracara,20
21,0,0,0,0,0,0,0,0,0,0,0,0,0,30,120,40,30,60,10,15,4,300,16,94,6,2,9,8,2,9,7,9,16,13,12,11,18,19,13,1,3,1,1,1,2,1,1,1,1,1,1,1,2.860208511,270,271,255,276,287,295,297,332,315,284,337,335,352,1,2,3,4,5,6,7,8,9,10,11,12,13,14.38617611,11.80311394,2.911898613,4.300477982,0.072018154,4.347761631,5.361870289,30.5018177,842.4816895,-3.040747166,66.60335541,-943.2395576,-197.489323,WhiteTroatedCaracara,20
22,0,0,0,0,0,0,0,0,0,0,0,0,0,80,40,180,300,180,300,60,120,13,49,120,108,60,12,13,12,10,9,8,13,11,10,13,8,9,17,3,3,1,6,3,2,3,1,1,1,1,1,1,6.96293211,304,322,315,307,298,319,365,313,276,290,343,274,294,1,2,3,4,5,6,7,8,9,10,11,12,13,7.887134552,18.48451424,28.56367493,0.50582391,0,10.10179043,8.304483414,51.56028366,2220.651123,3.761668444,161.872467,-923.2395576,-197.489323,WhiteTroatedCaracara,20
23,NA,0,0,0,NA,0,0,0,0,NA,0,0,0,NA,60,90,30,NA,120,60,120,240,NA,15,9,2,NA,16,17,17,NA,11,10,11,11,NA,13,11,10,NA,1,1,2,NA,1,3,3,1,NA,3,1,5,5.378419876,NA,343,278,356,NA,285,318,336,250,NA,279,318,345,NA,2,3,4,NA,6,7,8,9,NA,11,12,13,3.561583757,20.23242378,58.55515671,0.017583601,0,3.936258554,3.110756397,34.0578537,2857.018066,-3.953635454,254.436264,-903.2395576,-197.489323,WhiteTroatedCaracara,20
25,NA,NA,NA,NA,NA,NA,0,NA,NA,NA,NA,NA,0,NA,NA,NA,NA,NA,NA,105,NA,NA,NA,NA,NA,4,NA,NA,NA,NA,NA,NA,7,NA,NA,NA,NA,NA,17,NA,NA,NA,NA,NA,NA,7,NA,NA,NA,NA,NA,8,2.327642918,NA,NA,NA,NA,NA,NA,41,NA,NA,NA,NA,NA,40,NA,NA,NA,NA,NA,NA,7,NA,NA,NA,NA,NA,13,13.45685005,83.27354431,4.552893162,11.33927059,0.926465392,11.9161768,2.723006964,66.55580902,1199.223145,-0.825612664,18.75578499,-823.2395576,-197.489323,WhiteTroatedCaracara,20
27,0,0,0,0,0,0,0,0,0,0,0,0,0,180,60,60,60,127,270,30,30,6,10,3,104,80,9,18,0,7,8,9,10,7,15,19,13,11,9,1,2,2,1,3,1,1,9,5,1,1,4,1,2.386490822,16,247,273,281,270,309,294,309,265,280,246,266,271,1,2,3,4,5,6,7,8,9,10,11,12,13,14.70261002,13.23346043,6.713654518,22.96764374,0.644395351,6.009691238,6.37699604,29.66949463,774.987915,0.088037148,46.42146683,-943.2395576,-217.489323,WhiteTroatedCaracara,20
28,NA,0,0,0,0,0,0,0,0,0,0,0,0,NA,35,30,20,10,120,120,60,60,248,137,7,48,NA,11,16,19,10,16,12,11,11,13,11,7,11,NA,2,4,2,4,2,2,4,1,4,1,1,1,3.451089859,NA,254,261,300,270,245,275,313,265,279,349,273,307,NA,2,3,4,5,6,7,8,9,10,11,12,13,11.09488487,18.26947975,11.00343418,3.537542105,0.046867386,11.47713089,10.51367664,59.75112152,1667.272339,-4.292395592,178.2029114,-923.2395576,-217.489323,WhiteTroatedCaracara,20
29,NA,NA,NA,NA,NA,NA,NA,0,0,0,0,0,0,NA,NA,NA,NA,NA,NA,NA,300,150,15,180,120,120,NA,NA,NA,NA,NA,NA,NA,11,10,12,10,11,10,NA,NA,NA,NA,NA,NA,NA,1,1,1,4,1,2,5.378419876,NA,NA,NA,NA,NA,NA,NA,3,334,38,295,342,301,NA,NA,NA,NA,NA,NA,NA,8,9,10,11,12,13,3.561583757,20.23242378,58.55515671,0.017583601,0,3.936258554,3.110756397,34.0578537,2857.018066,-3.953635454,254.436264,-903.2395576,-217.489323,WhiteTroatedCaracara,20
30,NA,NA,NA,NA,NA,NA,NA,NA,NA,0,NA,NA,0,NA,NA,NA,NA,NA,NA,NA,NA,NA,16,NA,NA,34,NA,NA,NA,NA,NA,NA,NA,NA,NA,17,NA,NA,8,NA,NA,NA,NA,NA,NA,NA,NA,NA,2,NA,NA,2,3.744190216,NA,NA,NA,NA,NA,NA,NA,NA,NA,304,NA,NA,282,NA,NA,NA,NA,NA,NA,NA,NA,NA,10,NA,NA,13,12.96589088,86.35305786,3.020846367,12.14177799,1.72734642,10.75671959,3.918117523,65.29135895,1262.935303,-1.442825675,34.31072998,-823.2395576,-217.489323,WhiteTroatedCaracara,20
31,NA,NA,NA,NA,NA,NA,NA,NA,NA,NA,0,NA,0,NA,NA,NA,NA,NA,NA,NA,NA,NA,NA,60,NA,233,NA,NA,NA,NA,NA,NA,NA,NA,NA,NA,12,NA,13,NA,NA,NA,NA,NA,NA,NA,NA,NA,NA,1,NA,2,3.744190216,NA,NA,NA,NA,NA,NA,NA,NA,NA,NA,328,NA,279,NA,NA,NA,NA,NA,NA,NA,NA,NA,NA,11,NA,13,12.96589088,86.35305786,3.020846367,12.14177799,1.72734642,10.75671959,3.918117523,65.29135895,1262.935303,-1.442825675,34.31072998,-803.2395576,-217.489323,WhiteTroatedCaracara,20
32,NA,NA,NA,0,NA,NA,0,0,0,0,0,0,0,NA,NA,NA,60,NA,NA,30,45,90,30,60,57,43,NA,NA,NA,17,NA,NA,15,13,19,9,17,13,10,NA,NA,NA,1,NA,NA,1,2,3,1,1,1,1,5.525404453,NA,NA,NA,49,NA,NA,318,346,364,325,271,247,281,NA,NA,NA,4,NA,NA,7,8,9,10,11,12,13,14.74807644,13.51369476,3.796839952,35.06620789,1.027336478,7.485992432,13.40244102,33.57175446,843.1142578,-1.407606125,80.84830475,-943.2395576,-237.489323,WhiteTroatedCaracara,20
33,0,0,0,0,0,0,0,0,0,0,0,0,0,60,120,90,120,20,48,10,50,55,10,4,152,167,22,7,16,12,7,7,7,7,6,8,6,6,10,2,3,2,2,3,1,1,1,1,1,1,1,1,8.791234016,23,325,360,250,313,315,315,310,307,291,298,246,266,1,2,3,4,5,6,7,8,9,10,11,12,13,8.608091354,17.90353394,27.533144,3.251690626,0.027964078,9.859091759,11.94077206,44.82404327,2070.148438,0.924949646,176.4991608,-923.2395576,-237.489323,WhiteTroatedCaracara,20
34,0,0,0,0,0,0,0,0,0,0,0,0,0,220,10,23,90,45,16,19,30,4,20,45,85,2,9,10,8,20,14,15,10,10,9,17,17,14,12,4,2,1,2,1,1,1,1,2,1,1,1,1,3.826905251,53,53,267,316,306,315,315,354,301,320,352,262,260,1,2,3,4,5,6,7,8,9,10,11,12,13,5.983212471,21.13485909,44.12146378,1.944002271,0,7.388935089,5.394120693,40.5565834,2529.212891,0.408506572,234.6253967,-903.2395576,-237.489323,WhiteTroatedCaracara,20
37,NA,NA,NA,NA,NA,NA,NA,NA,NA,NA,NA,NA,0,NA,NA,NA,NA,NA,NA,NA,NA,NA,NA,NA,NA,107,NA,NA,NA,NA,NA,NA,NA,NA,NA,NA,NA,NA,12,NA,NA,NA,NA,NA,NA,NA,NA,NA,NA,NA,NA,2,4.813808441,NA,NA,NA,NA,NA,NA,NA,NA,NA,NA,NA,NA,282,NA,NA,NA,NA,NA,NA,NA,NA,NA,NA,NA,NA,13,11.28036308,78.7359848,5.295761585,1.676151991,0.133883074,9.8150177,1.116295815,81.79901123,1582.759888,-1.903377295,90.55157471,-803.2395576,-237.489323,WhiteTroatedCaracara,20
38,0,0,NA,NA,NA,NA,0,0,0,0,0,0,0,120,60,NA,NA,NA,NA,120,38,30,9,240,10,34,9,10,NA,NA,NA,NA,12,14,8,17,9,7,15,1,2,NA,NA,NA,NA,1,1,1,1,1,1,1,4.03362608,324,7,NA,NA,NA,NA,259,356,280,280,257,356,260,1,2,NA,NA,NA,NA,7,8,9,10,11,12,13,15.0245266,13.39920044,3.441946507,34.02281189,1.142178893,8.747579575,13.41508579,32.58069992,918.4204712,-0.345733047,98.81620789,-943.2395576,-257.489323,WhiteTroatedCaracara,20
39,NA,NA,NA,NA,0,NA,NA,NA,NA,NA,NA,NA,NA,NA,NA,NA,NA,240,NA,NA,NA,NA,NA,NA,NA,NA,NA,NA,NA,NA,23,NA,NA,NA,NA,NA,NA,NA,NA,NA,NA,NA,NA,1,NA,NA,NA,NA,NA,NA,NA,NA,3.96613121,NA,NA,NA,NA,350,NA,NA,NA,NA,NA,NA,NA,NA,NA,NA,NA,NA,5,NA,NA,NA,NA,NA,NA,NA,NA,3.720551252,23.62242126,58.02465439,0.14141351,0,4.379530907,2.268119097,34.35338593,2857.143311,3.628456354,248.4139099,-923.2395576,-257.489323,WhiteTroatedCaracara,20
40,NA,NA,NA,NA,NA,NA,NA,NA,0,NA,0,0,0,NA,NA,NA,NA,NA,NA,NA,NA,55,NA,15,12,25,NA,NA,NA,NA,NA,NA,NA,NA,18,NA,20,18,10,NA,NA,NA,NA,NA,NA,NA,NA,2,NA,1,4,1,3.96613121,NA,NA,NA,NA,NA,NA,NA,NA,307,NA,9,23,283,NA,NA,NA,NA,NA,NA,NA,NA,9,NA,11,12,13,3.720551252,23.62242126,58.02465439,0.14141351,0,4.379530907,2.268119097,34.35338593,2857.143311,3.628456354,248.4139099,-903.2395576,-257.489323,WhiteTroatedCaracara,20
43,NA,NA,NA,0,NA,NA,NA,NA,NA,NA,NA,0,NA,NA,NA,NA,150,NA,NA,NA,NA,NA,NA,NA,60,NA,NA,NA,NA,18,NA,NA,NA,NA,NA,NA,NA,8,NA,NA,NA,NA,10,NA,NA,NA,NA,NA,NA,NA,2,NA,2.990611315,NA,NA,NA,38,NA,NA,NA,NA,NA,NA,NA,53,NA,NA,NA,NA,4,NA,NA,NA,NA,NA,NA,NA,12,NA,8.980911255,67.42463684,5.677901745,0.442874789,0.000392865,9.474304199,0.252359033,84.14764404,2017.127197,-1.926739812,96.76279449,-803.2395576,-257.489323,WhiteTroatedCaracara,20
44,NA,NA,0,0,0,NA,NA,NA,NA,NA,NA,0,0,NA,NA,80,210,120,NA,NA,NA,NA,NA,NA,52,92,NA,NA,15,12,11,NA,NA,NA,NA,NA,NA,10,16,NA,NA,2,3,2,NA,NA,NA,NA,NA,NA,1,1,2.404504538,NA,NA,41,307,39,NA,NA,NA,NA,NA,NA,282,21,NA,NA,3,4,5,NA,NA,NA,NA,NA,NA,12,13,14.90683556,12.82431698,2.157242775,21.11536217,5.586101532,5.737858772,24.98851967,25.16715622,297.7816467,-0.166572034,21.08621979,-1063.239558,-277.489323,WhiteTroatedCaracara,20
45,NA,0,NA,NA,NA,0,NA,0,0,0,0,0,0,NA,45,NA,NA,NA,30,NA,10,10,32,30,15,25,NA,15,NA,NA,NA,16,NA,20,12,12,10,9,12,NA,2,NA,NA,NA,1,NA,2,1,2,1,1,1,2.476403475,NA,261,NA,NA,NA,331,NA,299,291,351,354,304,358,NA,2,NA,NA,NA,6,NA,8,9,10,11,12,13,16.14584351,14.892766,3.183736801,31.47379494,1.994890094,4.518424988,12.33395576,34.045578,795.3843994,-1.045506835,59.18496704,-943.2395576,-277.489323,WhiteTroatedCaracara,20
46,NA,NA,NA,NA,NA,NA,NA,NA,0,0,0,0,0,NA,NA,NA,NA,NA,NA,NA,NA,5,12,130,30,18,NA,NA,NA,NA,NA,NA,NA,NA,10,12,10,8,11,NA,NA,NA,NA,NA,NA,NA,NA,1,1,2,8,2,4.817581177,NA,NA,NA,NA,NA,NA,NA,NA,29,363,283,276,362,NA,NA,NA,NA,NA,NA,NA,NA,9,10,11,12,13,7.552871227,20.6892643,51.29835129,0.752460897,0.023300007,5.255578518,5.969819546,36.10940552,2231.569824,0.91694206,152.067688,-923.2395576,-277.489323,WhiteTroatedCaracara,20
49,NA,NA,NA,NA,NA,0,NA,NA,NA,NA,NA,NA,NA,NA,NA,NA,NA,NA,60,NA,NA,NA,NA,NA,NA,NA,NA,NA,NA,NA,NA,18,NA,NA,NA,NA,NA,NA,NA,NA,NA,NA,NA,NA,1,NA,NA,NA,NA,NA,NA,NA,2.990611315,NA,NA,NA,NA,NA,52,NA,NA,NA,NA,NA,NA,NA,NA,NA,NA,NA,NA,6,NA,NA,NA,NA,NA,NA,NA,8.980911255,67.42463684,5.677901745,0.442874789,0.000392865,9.474304199,0.252359033,84.14764404,2017.127197,-1.926739812,96.76279449,-823.2395576,-277.489323,WhiteTroatedCaracara,20
50,NA,NA,NA,NA,NA,NA,NA,NA,NA,NA,NA,0,NA,NA,NA,NA,NA,NA,NA,NA,NA,NA,NA,NA,39,NA,NA,NA,NA,NA,NA,NA,NA,NA,NA,NA,NA,7,NA,NA,NA,NA,NA,NA,NA,NA,NA,NA,NA,NA,2,NA,2.990611315,NA,NA,NA,NA,NA,NA,NA,NA,NA,NA,NA,352,NA,NA,NA,NA,NA,NA,NA,NA,NA,NA,NA,NA,12,NA,8.980911255,67.42463684,5.677901745,0.442874789,0.000392865,9.474304199,0.252359033,84.14764404,2017.127197,-1.926739812,96.76279449,-803.2395576,-277.489323,WhiteTroatedCaracara,20
51,NA,NA,0,NA,NA,NA,NA,NA,NA,0,NA,0,0,NA,NA,80,NA,NA,NA,NA,NA,NA,190,NA,8,14,NA,NA,13,NA,NA,NA,NA,NA,NA,10,NA,20,10,NA,NA,2,NA,NA,NA,NA,NA,NA,3,NA,1,1,2.404504538,NA,NA,41,NA,NA,NA,NA,NA,NA,244,NA,1,15,NA,NA,3,NA,NA,NA,NA,NA,NA,10,NA,12,13,14.90683556,12.82431698,2.157242775,21.11536217,5.586101532,5.737858772,24.98851967,25.16715622,297.7816467,-0.166572034,21.08621979,-1063.239558,-297.489323,WhiteTroatedCaracara,20
52,NA,NA,NA,NA,NA,NA,NA,NA,NA,NA,NA,NA,0,NA,NA,NA,NA,NA,NA,NA,NA,NA,NA,NA,NA,75,NA,NA,NA,NA,NA,NA,NA,NA,NA,NA,NA,NA,11,NA,NA,NA,NA,NA,NA,NA,NA,NA,NA,NA,NA,1,2.404504538,NA,NA,NA,NA,NA,NA,NA,NA,NA,NA,NA,NA,266,NA,NA,NA,NA,NA,NA,NA,NA,NA,NA,NA,NA,13,14.90683556,12.82431698,2.157242775,21.11536217,5.586101532,5.737858772,24.98851967,25.16715622,297.7816467,-0.166572034,21.08621979,-1043.239558,-297.489323,WhiteTroatedCaracara,20
53,NA,NA,NA,NA,NA,NA,NA,0,NA,NA,0,NA,NA,NA,NA,NA,NA,NA,NA,NA,1,NA,NA,71,NA,NA,NA,NA,NA,NA,NA,NA,NA,9,NA,NA,18,NA,NA,NA,NA,NA,NA,NA,NA,NA,1,NA,NA,1,NA,NA,5.45442009,NA,NA,NA,NA,NA,NA,NA,360,NA,NA,290,NA,NA,NA,NA,NA,NA,NA,NA,NA,8,NA,NA,11,NA,NA,14.83516788,19.06173134,5.361690998,26.06969261,0.816112459,7.09352541,16.55378151,33.92722702,888.9174194,-1.645545244,101.4292908,-963.2395576,-297.489323,WhiteTroatedCaracara,20
54,NA,NA,NA,NA,0,NA,0,0,0,0,0,0,NA,NA,NA,NA,NA,10,NA,150,173,62,60,30,34,NA,NA,NA,NA,NA,13,NA,8,11,15,9,11,7,NA,NA,NA,NA,NA,2,NA,3,3,3,2,2,1,NA,5.45442009,NA,NA,NA,NA,10,NA,257,287,247,352,46,304,NA,NA,NA,NA,NA,5,NA,7,8,9,10,11,12,NA,14.83516788,19.06173134,5.361690998,26.06969261,0.816112459,7.09352541,16.55378151,33.92722702,888.9174194,-1.645545244,101.4292908,-943.2395576,-297.489323,WhiteTroatedCaracara,20
55,0,0,0,0,0,0,0,0,0,0,0,0,0,120,40,120,45,60,240,150,39,20,90,27,25,23,10,11,18,10,9,13,9,10,16,9,10,15,8,2,2,2,1,1,3,2,2,2,1,2,1,1,2.670101881,326,21,356,58,311,318,357,364,329,313,280,260,363,1,2,3,4,5,6,7,8,9,10,11,12,13,10.59665108,22.28104782,19.97451401,9.8626194,0.486548424,9.152059555,14.15333271,40.66559982,1674.9646,-1.118135571,181.4817352,-923.2395576,-297.489323,WhiteTroatedCaracara,20
56,NA,NA,NA,NA,NA,NA,0,NA,NA,0,0,NA,0,NA,NA,NA,NA,NA,NA,120,NA,NA,75,180,NA,72,NA,NA,NA,NA,NA,NA,18,NA,NA,10,10,NA,11,NA,NA,NA,NA,NA,NA,2,NA,NA,2,4,NA,1,4.651221275,NA,NA,NA,NA,NA,NA,9,NA,NA,50,19,NA,15,NA,NA,NA,NA,NA,NA,7,NA,NA,10,11,NA,13,1.309715748,26.35889816,71.73893738,0.042524006,0,1.638109326,1.788634419,23.43991852,3207.614502,8.378009796,262.8607788,-903.2395576,-297.489323,WhiteTroatedCaracara,20
60,0,0,0,0,0,0,0,0,0,0,0,0,0,60,90,60,60,25,60,14,180,60,60,27,20,25,17,10,17,12,18,11,19,12,8,8,18,10,17,1,2,1,1,3,1,1,1,1,1,1,2,1,2.464152098,311,296,42,271,270,339,35,363,335,292,291,277,275,1,2,3,4,5,6,7,8,9,10,11,12,13,15.1026268,17.79413223,4.206332207,13.37548447,1.694168806,7.615339279,8.350679398,15.53789425,92.47396088,-0.501868427,14.01820755,-1063.239558,-317.489323,WhiteTroatedCaracara,20
61,NA,NA,NA,NA,NA,NA,NA,NA,NA,NA,NA,0,0,NA,NA,NA,NA,NA,NA,NA,NA,NA,NA,NA,8,4,NA,NA,NA,NA,NA,NA,NA,NA,NA,NA,NA,8,20,NA,NA,NA,NA,NA,NA,NA,NA,NA,NA,NA,2,1,2.144191027,NA,NA,NA,NA,NA,NA,NA,NA,NA,NA,NA,267,13,NA,NA,NA,NA,NA,NA,NA,NA,NA,NA,NA,12,13,14.37718201,16.8559761,2.958645105,19.50984955,4.196875572,7.729659557,15.37402821,17.11423302,310.5307312,0.80147332,34.63877487,-1043.239558,-317.489323,WhiteTroatedCaracara,20
62,NA,NA,NA,NA,0,NA,0,NA,0,0,NA,0,0,NA,NA,NA,NA,90,NA,30,NA,50,105,NA,30,30,NA,NA,NA,NA,9,NA,18,NA,9,10,NA,15,8,NA,NA,NA,NA,1,NA,1,NA,1,2,NA,1,1,14.73491764,NA,NA,NA,NA,341,NA,56,NA,342,298,NA,286,331,NA,NA,NA,NA,5,NA,7,NA,9,10,NA,12,13,11.44533539,22.28636932,12.40420055,13.7965517,0.639543533,9.937013626,14.83741665,38.57675934,1405.081421,-2.063675642,151.9636841,-963.2395576,-317.489323,WhiteTroatedCaracara,20
63,NA,NA,NA,NA,NA,NA,NA,NA,NA,0,NA,0,0,NA,NA,NA,NA,NA,NA,NA,NA,NA,120,NA,82,20,NA,NA,NA,NA,NA,NA,NA,NA,NA,13,NA,11,9,NA,NA,NA,NA,NA,NA,NA,NA,NA,2,NA,1,1,14.73491764,NA,NA,NA,NA,NA,NA,NA,NA,NA,292,NA,268,331,NA,NA,NA,NA,NA,NA,NA,NA,NA,10,NA,12,13,11.44533539,22.28636932,12.40420055,13.7965517,0.639543533,9.937013626,14.83741665,38.57675934,1405.081421,-2.063675642,151.9636841,-943.2395576,-317.489323,WhiteTroatedCaracara,20
64,NA,0,NA,NA,NA,NA,NA,NA,0,NA,0,0,NA,NA,60,NA,NA,NA,NA,NA,NA,36,NA,83,45,NA,NA,14,NA,NA,NA,NA,NA,NA,7,NA,6,10,NA,NA,4,NA,NA,NA,NA,NA,NA,3,NA,1,3,NA,5.158912659,NA,58,NA,NA,NA,NA,NA,NA,288,NA,20,44,NA,NA,2,NA,NA,NA,NA,NA,NA,9,NA,11,12,NA,4.859429359,25.49312401,59.01987839,0.914396882,0.001806011,4.470813751,4.665522099,26.24490356,2574.812256,2.627169371,236.3425446,-923.2395576,-317.489323,WhiteTroatedCaracara,20
65,NA,NA,NA,NA,NA,NA,NA,NA,NA,0,NA,NA,NA,NA,NA,NA,NA,NA,NA,NA,NA,NA,60,NA,NA,NA,NA,NA,NA,NA,NA,NA,NA,NA,NA,12,NA,NA,NA,NA,NA,NA,NA,NA,NA,NA,NA,NA,2,NA,NA,NA,5.158912659,NA,NA,NA,NA,NA,NA,NA,NA,NA,45,NA,NA,NA,NA,NA,NA,NA,NA,NA,NA,NA,NA,10,NA,NA,NA,4.859429359,25.49312401,59.01987839,0.914396882,0.001806011,4.470813751,4.665522099,26.24490356,2574.812256,2.627169371,236.3425446,-903.2395576,-317.489323,WhiteTroatedCaracara,20
68,0,0,0,0,0,0,0,0,0,0,0,0,0,60,15,60,60,40,180,21,10,30,4,11,120,150,15,9,16,14,8,11,16,16,19,16,17,10,19,1,2,1,1,3,2,4,1,5,1,1,1,3,2.027429342,311,340,263,271,270,333,36,363,342,335,337,247,364,1,2,3,4,5,6,7,8,9,10,11,12,13,14.75720024,21.00089455,2.926160812,17.24586296,3.531841516,5.017539978,14.51869392,16.0078392,74.57562256,-0.396253556,18.84788513,-1063.239558,-337.489323,WhiteTroatedCaracara,20
69,NA,NA,NA,NA,NA,NA,NA,NA,NA,0,NA,NA,0,NA,NA,NA,NA,NA,NA,NA,NA,NA,20,NA,NA,10,NA,NA,NA,NA,NA,NA,NA,NA,NA,3,NA,NA,23,NA,NA,NA,NA,NA,NA,NA,NA,NA,1,NA,NA,5,3.20378232,NA,NA,NA,NA,NA,NA,NA,NA,NA,55,NA,NA,365,NA,NA,NA,NA,NA,NA,NA,NA,NA,10,NA,NA,13,14.5393343,20.38148308,5.094438076,20.10907173,2.964663506,7.767139435,21.02432251,20.02150345,202.9650116,0.222910196,41.16834259,-1043.239558,-337.489323,WhiteTroatedCaracara,20
70,NA,NA,NA,0,0,0,0,0,0,0,0,0,0,NA,NA,NA,150,70,15,15,27,25,60,11,30,10,NA,NA,NA,18,8,16,9,15,9,18,11,8,20,NA,NA,NA,2,2,3,4,5,3,1,1,1,1,11.88981056,NA,NA,NA,326,10,47,275,14,48,327,303,337,21,NA,NA,NA,4,5,6,7,8,9,10,11,12,13,9.343758583,24.97445679,18.40142822,7.682759285,0.601228774,11.21471691,13.7600708,37.90076065,1741.635864,0.470148325,187.6177368,-963.2395576,-337.489323,WhiteTroatedCaracara,20
71,NA,NA,NA,NA,NA,0,NA,NA,0,NA,NA,NA,0,NA,NA,NA,NA,NA,90,NA,NA,120,NA,NA,NA,180,NA,NA,NA,NA,NA,12,NA,NA,13,NA,NA,NA,10,NA,NA,NA,NA,NA,2,NA,NA,2,NA,NA,NA,2,11.88981056,NA,NA,NA,NA,NA,283,NA,NA,47,NA,NA,NA,51,NA,NA,NA,NA,NA,6,NA,NA,9,NA,NA,NA,13,9.343758583,24.97445679,18.40142822,7.682759285,0.601228774,11.21471691,13.7600708,37.90076065,1741.635864,0.470148325,187.6177368,-943.2395576,-337.489323,WhiteTroatedCaracara,20
72,NA,NA,NA,NA,NA,NA,NA,NA,NA,NA,NA,NA,0,NA,NA,NA,NA,NA,NA,NA,NA,NA,NA,NA,NA,85,NA,NA,NA,NA,NA,NA,NA,NA,NA,NA,NA,NA,7,NA,NA,NA,NA,NA,NA,NA,NA,NA,NA,NA,NA,1,5.158912659,NA,NA,NA,NA,NA,NA,NA,NA,NA,NA,NA,NA,352,NA,NA,NA,NA,NA,NA,NA,NA,NA,NA,NA,NA,13,4.859429359,25.49312401,59.01987839,0.914396882,0.001806011,4.470813751,4.665522099,26.24490356,2574.812256,2.627169371,236.3425446,-923.2395576,-337.489323,WhiteTroatedCaracara,20
75,0,0,0,0,0,0,0,0,0,0,0,0,0,120,150,235,60,30,20,180,15,120,29,60,60,59,11,10,16,17,15,11,9,17,12,19,11,16,11,1,2,1,2,2,3,2,1,2,3,1,1,1,2.22781539,28,340,42,49,37,271,259,363,349,282,289,339,259,1,2,3,4,5,6,7,8,9,10,11,12,13,14.39684486,21.65789986,3.985826254,15.08333778,2.593337774,6.316830158,11.45281792,15.14201736,68.93588257,-0.350133091,24.17578316,-1063.239558,-357.489323,WhiteTroatedCaracara,20
77,NA,NA,NA,0,NA,NA,NA,NA,NA,NA,0,0,0,NA,NA,NA,220,NA,NA,NA,NA,NA,NA,93,39,12,NA,NA,NA,9,NA,NA,NA,NA,NA,NA,8,11,15,NA,NA,NA,2,NA,NA,NA,NA,NA,NA,1,2,2,6.746873856,NA,NA,NA,18,NA,NA,NA,NA,NA,NA,56,310,49,NA,NA,NA,4,NA,NA,NA,NA,NA,NA,11,12,13,13.03450203,24.9478569,1.119088769,46.31839752,3.067966461,7.949551582,4.998459816,17.50431252,666.8636475,1.257506371,80.71318817,-963.2395576,-357.489323,WhiteTroatedCaracara,20
78,NA,NA,NA,NA,0,0,0,0,0,0,0,0,0,NA,NA,NA,NA,20,60,240,40,120,60,120,60,33,NA,NA,NA,NA,10,19,10,19,16,9,10,9,9,NA,NA,NA,NA,1,2,1,2,5,1,2,1,4,5.432523251,NA,NA,NA,NA,262,31,40,313,328,318,354,349,281,NA,NA,NA,NA,5,6,7,8,9,10,11,12,13,10.14761639,27.15060043,12.45179081,15.62843323,1.091692209,12.37989807,15.69640827,29.10850334,1493.838867,-2.878905535,155.8848419,-943.2395576,-357.489323,WhiteTroatedCaracara,20
79,0,0,NA,NA,NA,NA,0,NA,NA,NA,NA,NA,NA,45,90,NA,NA,NA,NA,15,NA,NA,NA,NA,NA,NA,16,11,NA,NA,NA,NA,15,NA,NA,NA,NA,NA,NA,1,1,NA,NA,NA,NA,2,NA,NA,NA,NA,NA,NA,3.832249165,266,287,NA,NA,NA,NA,15,NA,NA,NA,NA,NA,NA,1,2,NA,NA,NA,NA,7,NA,NA,NA,NA,NA,NA,5.063636303,29.10826683,51.13798523,1.256090879,0.014922454,8.033724785,6.867555141,29.39133453,2476.845459,-0.639274359,219.3631744,-923.2395576,-357.489323,WhiteTroatedCaracara,20
84,NA,0,0,0,0,0,0,0,0,0,0,0,0,NA,20,60,95,60,15,1,12,20,10,26,5,5,NA,7,19,10,7,16,19,14,19,21,9,16,15,NA,2,2,2,2,2,1,3,2,1,1,1,1,2.433452129,NA,277,52,306,34,29,43,300,348,347,20,305,251,NA,2,3,4,5,6,7,8,9,10,11,12,13,13.58495712,20.81117439,2.847436428,8.141594887,2.76265049,9.139961243,5.036848068,12.52572727,168.7157898,1.162421942,47.87938309,-1063.239558,-377.489323,WhiteTroatedCaracara,20
85,NA,NA,NA,NA,0,0,NA,0,0,0,0,0,0,NA,NA,NA,NA,45,10,NA,60,80,195,6,100,34,NA,NA,NA,NA,14,16,NA,17,16,7,20,7,17,NA,NA,NA,NA,2,4,NA,2,1,2,2,1,1,2.652334929,NA,NA,NA,NA,20,325,NA,10,244,307,333,334,339,NA,NA,NA,NA,5,6,NA,8,9,10,11,12,13,14.02550316,18.97789383,3.308820963,17.10790634,4.021091938,7.339697361,10.67313385,14.05783463,148.7237854,-1.03066504,44.16088867,-1043.239558,-377.489323,WhiteTroatedCaracara,20
86,NA,NA,NA,NA,NA,NA,NA,NA,NA,NA,NA,0,0,NA,NA,NA,NA,NA,NA,NA,NA,NA,NA,NA,2,13,NA,NA,NA,NA,NA,NA,NA,NA,NA,NA,NA,13,14,NA,NA,NA,NA,NA,NA,NA,NA,NA,NA,NA,1,1,2.652334929,NA,NA,NA,NA,NA,NA,NA,NA,NA,NA,NA,17,255,NA,NA,NA,NA,NA,NA,NA,NA,NA,NA,NA,12,13,14.02550316,18.97789383,3.308820963,17.10790634,4.021091938,7.339697361,10.67313385,14.05783463,148.7237854,-1.03066504,44.16088867,-1023.239558,-377.489323,WhiteTroatedCaracara,20
87,NA,NA,NA,NA,NA,0,NA,NA,NA,NA,NA,0,0,NA,NA,NA,NA,NA,10,NA,NA,NA,NA,NA,3,41,NA,NA,NA,NA,NA,10,NA,NA,NA,NA,NA,12,14,NA,NA,NA,NA,NA,4,NA,NA,NA,NA,NA,1,1,8.3390131,NA,NA,NA,NA,NA,325,NA,NA,NA,NA,NA,259,21,NA,NA,NA,NA,NA,6,NA,NA,NA,NA,NA,12,13,12.44508648,27.12178802,2.67505908,34.5833931,3.465994835,10.00305843,5.20736599,18.11541176,728.5942383,0.436736971,85.40092468,-963.2395576,-377.489323,WhiteTroatedCaracara,20
88,NA,0,NA,NA,NA,0,0,0,0,0,0,0,0,NA,60,NA,NA,NA,10,25,120,15,80,180,5,55,NA,6,NA,NA,NA,10,9,13,1,8,8,16,17,NA,1,NA,NA,NA,4,3,2,5,3,1,1,1,17.61862564,NA,21,NA,NA,NA,325,6,313,364,15,252,259,331,NA,2,NA,NA,NA,6,7,8,9,10,11,12,13,8.864477158,29.37286186,21.14441681,8.836092949,0.988299191,15.32119465,12.23271751,26.79997063,1687.198486,0.590759635,186.5364227,-943.2395576,-377.489323,WhiteTroatedCaracara,20
89,NA,0,NA,NA,NA,0,0,NA,0,0,0,NA,0,NA,90,NA,NA,NA,30,90,NA,180,4,300,NA,15,NA,11,NA,NA,NA,7,9,NA,7,13,8,NA,12,NA,2,NA,NA,NA,4,1,NA,6,2,1,NA,2,7.22556448,NA,268,NA,NA,NA,325,366,NA,364,333,10,NA,328,NA,2,NA,NA,NA,6,7,NA,9,10,11,NA,13,5.67133522,30.66057777,52.59826279,0.700758576,0,8.152549744,6.380824566,31.46250534,2335.756348,-6.424096107,203.5506897,-923.2395576,-377.489323,WhiteTroatedCaracara,20
92,NA,NA,NA,NA,NA,NA,NA,NA,NA,NA,0,NA,NA,NA,NA,NA,NA,NA,NA,NA,NA,NA,NA,100,NA,NA,NA,NA,NA,NA,NA,NA,NA,NA,NA,NA,10,NA,NA,NA,NA,NA,NA,NA,NA,NA,NA,NA,NA,1,NA,NA,2.694374084,NA,NA,NA,NA,NA,NA,NA,NA,NA,NA,24,NA,NA,NA,NA,NA,NA,NA,NA,NA,NA,NA,NA,11,NA,NA,10.42988873,49.29136658,22.30418968,0.576850772,0.058715671,9.426767349,0.100017644,67.28214264,1656.273193,-0.822934568,25.63841057,-843.2395576,-377.489323,WhiteTroatedCaracara,20
93,NA,NA,NA,NA,NA,NA,NA,NA,NA,NA,NA,0,NA,NA,NA,NA,NA,NA,NA,NA,NA,NA,NA,NA,5,NA,NA,NA,NA,NA,NA,NA,NA,NA,NA,NA,NA,12,NA,NA,NA,NA,NA,NA,NA,NA,NA,NA,NA,NA,1,NA,3.524278164,NA,NA,NA,NA,NA,NA,NA,NA,NA,NA,NA,15,NA,NA,NA,NA,NA,NA,NA,NA,NA,NA,NA,NA,12,NA,11.31912518,57.66135025,28.03930092,11.21151638,0.039775506,4.989258766,1.62575984,54.12675858,1424.888062,-0.440910101,8.154427528,-823.2395576,-377.489323,WhiteTroatedCaracara,20
95,NA,NA,NA,NA,0,NA,NA,NA,NA,0,0,0,0,NA,NA,NA,NA,50,NA,NA,NA,NA,136,30,15,60,NA,NA,NA,NA,11,NA,NA,NA,NA,16,15,14,18,NA,NA,NA,NA,3,NA,NA,NA,NA,2,1,1,1,2.480406046,NA,NA,NA,NA,298,NA,NA,NA,NA,8,3,244,314,NA,NA,NA,NA,5,NA,NA,NA,NA,10,11,12,13,13.5215044,20.00494003,5.353714466,21.35553741,2.844741344,7.445789814,8.136082649,15.94820881,147.9985657,-0.559729993,49.27311707,-1083.239558,-397.489323,WhiteTroatedCaracara,20
96,0,0,0,0,0,0,0,0,0,0,0,0,0,30,20,30,60,40,30,20,180,30,30,15,90,20,15,10,18,9,12,17,17,9,10,15,19,14,18,1,4,2,2,1,1,2,3,1,1,1,1,3,2.480406046,258,22,339,57,255,309,286,335,312,355,299,282,281,1,2,3,4,5,6,7,8,9,10,11,12,13,13.5215044,20.00494003,5.353714466,21.35553741,2.844741344,7.445789814,8.136082649,15.94820881,147.9985657,-0.559729993,49.27311707,-1063.239558,-397.489323,WhiteTroatedCaracara,20
97,NA,NA,NA,NA,NA,NA,NA,NA,0,NA,0,0,0,NA,NA,NA,NA,NA,NA,NA,NA,120,NA,5,19,15,NA,NA,NA,NA,NA,NA,NA,NA,15,NA,7,17,19,NA,NA,NA,NA,NA,NA,NA,NA,2,NA,1,1,2,3.978318691,NA,NA,NA,NA,NA,NA,NA,NA,15,NA,37,289,6,NA,NA,NA,NA,NA,NA,NA,NA,9,NA,11,12,13,13.44050598,19.29842758,7.113075256,29.38964653,3.393027306,5.57808876,21.77322197,19.75077629,231.6553802,0.676839828,58.75802612,-1043.239558,-397.489323,WhiteTroatedCaracara,20
98,NA,NA,NA,NA,NA,NA,NA,NA,NA,NA,NA,0,NA,NA,NA,NA,NA,NA,NA,NA,NA,NA,NA,NA,10,NA,NA,NA,NA,NA,NA,NA,NA,NA,NA,NA,NA,10,NA,NA,NA,NA,NA,NA,NA,NA,NA,NA,NA,NA,1,NA,3.978318691,NA,NA,NA,NA,NA,NA,NA,NA,NA,NA,NA,47,NA,NA,NA,NA,NA,NA,NA,NA,NA,NA,NA,NA,12,NA,13.44050598,19.29842758,7.113075256,29.38964653,3.393027306,5.57808876,21.77322197,19.75077629,231.6553802,0.676839828,58.75802612,-1023.239558,-397.489323,WhiteTroatedCaracara,20
99,NA,NA,NA,NA,NA,NA,NA,NA,NA,NA,0,0,0,NA,NA,NA,NA,NA,NA,NA,NA,NA,NA,46,60,20,NA,NA,NA,NA,NA,NA,NA,NA,NA,NA,9,11,11,NA,NA,NA,NA,NA,NA,NA,NA,NA,NA,1,1,1,14.13537598,NA,NA,NA,NA,NA,NA,NA,NA,NA,NA,59,250,310,NA,NA,NA,NA,NA,NA,NA,NA,NA,NA,11,12,13,11.02475262,30.01357269,4.055593967,16.44314194,2.408186674,15.53689671,7.881982803,20.31769943,1027.180054,-1.650534034,124.9033203,-983.2395576,-397.489323,WhiteTroatedCaracara,20
100,NA,NA,NA,NA,NA,0,NA,NA,0,0,NA,NA,0,NA,NA,NA,NA,NA,60,NA,NA,240,90,NA,NA,15,NA,NA,NA,NA,NA,10,NA,NA,9,13,NA,NA,17,NA,NA,NA,NA,NA,2,NA,NA,1,3,NA,NA,1,14.13537598,NA,NA,NA,NA,NA,284,NA,NA,55,307,NA,NA,351,NA,NA,NA,NA,NA,6,NA,NA,9,10,NA,NA,13,11.02475262,30.01357269,4.055593967,16.44314194,2.408186674,15.53689671,7.881982803,20.31769943,1027.180054,-1.650534034,124.9033203,-963.2395576,-397.489323,WhiteTroatedCaracara,20
102,NA,0,NA,NA,NA,NA,0,0,0,0,0,0,0,NA,240,NA,NA,NA,NA,35,60,4,80,60,120,75,NA,17,NA,NA,NA,NA,11,14,11,10,11,11,15,NA,1,NA,NA,NA,NA,3,2,3,3,2,2,1,10.69984913,NA,21,NA,NA,NA,NA,6,27,279,15,57,46,339,NA,2,NA,NA,NA,NA,7,8,9,10,11,12,13,3.982679605,32.25205994,62.9631958,0.852276087,0,4.35192728,4.984270096,25.5268116,2597.627441,1.645016074,169.8097229,-923.2395576,-397.489323,WhiteTroatedCaracara,20
110,0,0,0,0,0,0,0,0,0,0,0,0,0,60,50,120,60,120,75,200,180,57,88,70,23,120,10,11,11,12,14,19,19,11,19,13,17,12,18,1,4,2,4,1,2,2,1,1,1,1,1,1,3.218711615,258,22,361,263,255,40,343,48,291,355,301,276,324,1,2,3,4,5,6,7,8,9,10,11,12,13,13.27457047,24.86483574,2.278069019,6.978678703,1.636427641,9.112595558,4.345765591,17.95317459,89.71726227,-0.225652829,18.13755989,-1083.239558,-417.489323,WhiteTroatedCaracara,20
112,NA,0,NA,NA,NA,0,NA,NA,NA,NA,NA,NA,0,NA,15,NA,NA,NA,21,NA,NA,NA,NA,NA,NA,148,NA,8,NA,NA,NA,16,NA,NA,NA,NA,NA,NA,10,NA,4,NA,NA,NA,1,NA,NA,NA,NA,NA,NA,1,6.162668228,NA,22,NA,NA,NA,294,NA,NA,NA,NA,NA,NA,51,NA,2,NA,NA,NA,6,NA,NA,NA,NA,NA,NA,13,12.96204758,21.04171181,4.006702423,22.11745071,5.18571043,8.876675606,15.30075264,14.17134953,294.696991,0.011877917,63.84457779,-1043.239558,-417.489323,WhiteTroatedCaracara,20
113,NA,NA,NA,NA,NA,0,NA,0,0,NA,NA,NA,NA,NA,NA,NA,NA,NA,10,NA,180,60,NA,NA,NA,NA,NA,NA,NA,NA,NA,9,NA,8,11,NA,NA,NA,NA,NA,NA,NA,NA,NA,2,NA,1,1,NA,NA,NA,NA,3.639800072,NA,NA,NA,NA,NA,285,NA,15,301,NA,NA,NA,NA,NA,NA,NA,NA,NA,6,NA,8,9,NA,NA,NA,NA,10.4320488,33.11106491,5.44368124,16.4736824,3.061242819,18.06604195,5.622929573,12.80945396,1117.706177,-0.206747174,114.918541,-983.2395576,-417.489323,WhiteTroatedCaracara,20
118,NA,NA,NA,NA,NA,0,0,0,NA,0,0,0,0,NA,NA,NA,NA,NA,30,20,60,NA,40,37,49,20,NA,NA,NA,NA,NA,20,16,7,NA,20,14,19,9,NA,NA,NA,NA,NA,1,3,1,NA,1,1,1,1,4.534582138,NA,NA,NA,NA,NA,357,6,26,NA,44,11,331,250,NA,NA,NA,NA,NA,6,7,8,NA,10,11,12,13,10.68609333,48.28734207,6.823581219,12.4934721,0.570715129,8.75834465,2.115684509,66.53948975,1495.161621,-0.779127061,14.64568043,-843.2395576,-417.489323,WhiteTroatedCaracara,20
124,NA,NA,NA,NA,NA,NA,NA,0,NA,0,0,0,0,NA,NA,NA,NA,NA,NA,NA,60,NA,80,2,155,60,NA,NA,NA,NA,NA,NA,NA,14,NA,10,14,14,10,NA,NA,NA,NA,NA,NA,NA,1,NA,1,1,2,1,3.068392277,NA,NA,NA,NA,NA,NA,NA,47,NA,286,354,58,2,NA,NA,NA,NA,NA,NA,NA,8,NA,10,11,12,13,12.37903786,26.43766403,0.57229805,3.066609144,1.073977113,10.76543999,2.403685093,14.34731865,282.1787415,0.759433746,46.51885986,-1103.239558,-437.489323,WhiteTroatedCaracara,20
125,NA,0,NA,0,0,0,0,0,0,0,0,0,0,NA,110,NA,60,120,60,70,50,60,20,120,122,30,NA,13,NA,13,11,15,13,11,10,15,16,8,10,NA,4,NA,5,2,2,2,2,2,1,1,1,1,3.068392277,NA,22,NA,41,291,329,303,264,259,281,319,263,260,NA,2,NA,4,5,6,7,8,9,10,11,12,13,12.37903786,26.43766403,0.57229805,3.066609144,1.073977113,10.76543999,2.403685093,14.34731865,282.1787415,0.759433746,46.51885986,-1083.239558,-437.489323,WhiteTroatedCaracara,20
126,NA,NA,NA,NA,NA,NA,NA,NA,NA,NA,NA,0,0,NA,NA,NA,NA,NA,NA,NA,NA,NA,NA,NA,31,15,NA,NA,NA,NA,NA,NA,NA,NA,NA,NA,NA,13,10,NA,NA,NA,NA,NA,NA,NA,NA,NA,NA,NA,1,1,4.175680637,NA,NA,NA,NA,NA,NA,NA,NA,NA,NA,NA,250,257,NA,NA,NA,NA,NA,NA,NA,NA,NA,NA,NA,12,13,12.71636581,24.32458305,2.028623343,11.78542137,3.791569471,7.205919743,7.799544334,15.14150429,287.9986267,-0.240751207,57.56368256,-1063.239558,-437.489323,WhiteTroatedCaracara,20
127,NA,NA,NA,NA,NA,0,NA,NA,NA,NA,NA,NA,NA,NA,NA,NA,NA,NA,20,NA,NA,NA,NA,NA,NA,NA,NA,NA,NA,NA,NA,19,NA,NA,NA,NA,NA,NA,NA,NA,NA,NA,NA,NA,1,NA,NA,NA,NA,NA,NA,NA,6.162668228,NA,NA,NA,NA,NA,294,NA,NA,NA,NA,NA,NA,NA,NA,NA,NA,NA,NA,6,NA,NA,NA,NA,NA,NA,NA,12.96204758,21.04171181,4.006702423,22.11745071,5.18571043,8.876675606,15.30075264,14.17134953,294.696991,0.011877917,63.84457779,-1043.239558,-437.489323,WhiteTroatedCaracara,20
128,NA,NA,NA,NA,NA,0,NA,0,0,0,0,0,0,NA,NA,NA,NA,NA,40,NA,20,30,60,120,131,250,NA,NA,NA,NA,NA,13,NA,14,5,10,21,11,19,NA,NA,NA,NA,NA,3,NA,3,2,1,4,1,1,4.208222866,NA,NA,NA,NA,NA,291,NA,308,348,52,364,288,281,NA,NA,NA,NA,NA,6,NA,8,9,10,11,12,13,8.516709328,35.97875214,16.57109261,12.16252422,1.989632845,19.02369881,10.21518326,16.02754974,1513.75647,1.647087097,128.769455,-983.2395576,-437.489323,WhiteTroatedCaracara,20
129,0,NA,NA,0,0,0,NA,0,0,0,0,0,0,90,NA,NA,65,180,240,NA,120,120,240,35,300,69,14,NA,NA,8,15,18,NA,9,10,16,19,9,7,2,NA,NA,1,2,5,NA,1,1,1,1,2,1,4.208222866,355,NA,NA,317,34,331,NA,282,301,358,313,317,362,1,NA,NA,4,5,6,NA,8,9,10,11,12,13,8.516709328,35.97875214,16.57109261,12.16252422,1.989632845,19.02369881,10.21518326,16.02754974,1513.75647,1.647087097,128.769455,-963.2395576,-437.489323,WhiteTroatedCaracara,20
130,NA,NA,NA,NA,NA,NA,NA,NA,NA,NA,NA,0,NA,NA,NA,NA,NA,NA,NA,NA,NA,NA,NA,NA,12,NA,NA,NA,NA,NA,NA,NA,NA,NA,NA,NA,NA,7,NA,NA,NA,NA,NA,NA,NA,NA,NA,NA,NA,NA,1,NA,5.387629986,NA,NA,NA,NA,NA,NA,NA,NA,NA,NA,NA,54,NA,NA,NA,NA,NA,NA,NA,NA,NA,NA,NA,NA,12,NA,4.894652843,35.66617966,75.7395401,1.045634389,0.007510197,4.472380638,5.756435394,10.41121387,2273.248535,-2.241697073,143.195816,-943.2395576,-437.489323,WhiteTroatedCaracara,20
135,NA,NA,NA,NA,NA,NA,0,0,0,0,0,0,0,NA,NA,NA,NA,NA,NA,80,105,120,20,10,10,125,NA,NA,NA,NA,NA,NA,7,12,9,12,10,18,19,NA,NA,NA,NA,NA,NA,3,3,9,1,1,1,1,8.869707108,NA,NA,NA,NA,NA,NA,316,55,48,45,37,258,10,NA,NA,NA,NA,NA,NA,7,8,9,10,11,12,13,11.13002205,57.8086319,35.46714783,2.530752897,0.109256677,3.353717566,5.916435719,28.99086952,1339.203003,-0.045668155,1.709962368,-803.2395576,-437.489323,WhiteTroatedCaracara,20
140,NA,0,0,0,0,NA,NA,NA,NA,0,0,0,0,NA,20,90,30,50,NA,NA,NA,NA,10,32,270,120,NA,13,18,16,13,NA,NA,NA,NA,17,20,15,14,NA,2,5,4,1,NA,NA,NA,NA,1,3,1,2,1.832600832,NA,277,30,37,49,NA,NA,NA,NA,33,16,345,304,NA,2,3,4,5,NA,NA,NA,NA,10,11,12,13,13.07937431,28.92494774,1.116271853,14.54068661,3.489935637,8.675596237,3.72146368,11.40930557,67.02153778,0.082317479,14.10015392,-1103.239558,-457.489323,WhiteTroatedCaracara,20
141,NA,NA,NA,NA,NA,0,NA,NA,NA,NA,NA,0,NA,NA,NA,NA,NA,NA,40,NA,NA,NA,NA,NA,7,NA,NA,NA,NA,NA,NA,17,NA,NA,NA,NA,NA,12,NA,NA,NA,NA,NA,NA,1,NA,NA,NA,NA,NA,1,NA,3.052903652,NA,NA,NA,NA,NA,293,NA,NA,NA,NA,NA,264,NA,NA,NA,NA,NA,NA,6,NA,NA,NA,NA,NA,12,NA,12.23326874,27.86327934,0.250861198,2.485918045,2.289285421,6.933302879,2.076657772,9.024512291,337.2906799,0.223239243,36.94780731,-1083.239558,-457.489323,WhiteTroatedCaracara,20
142,NA,NA,NA,0,0,0,0,0,0,0,0,0,0,NA,NA,NA,60,263,46,9,19,3,11,3,37,90,NA,NA,NA,18,14,12,16,19,11,19,16,16,16,NA,NA,NA,1,1,1,2,1,1,1,1,1,1,2.277931452,NA,NA,NA,44,262,290,343,47,365,263,306,262,294,NA,NA,NA,4,5,6,7,8,9,10,11,12,13,12.72274113,27.37456131,3.142382622,17.58779907,4.857869625,7.711826801,13.21547031,15.01244164,320.3495178,0.017521791,40.59846878,-1063.239558,-457.489323,WhiteTroatedCaracara,20
143,NA,NA,NA,0,NA,NA,NA,NA,0,NA,NA,NA,NA,NA,NA,NA,120,NA,NA,NA,NA,1,NA,NA,NA,NA,NA,NA,NA,16,NA,NA,NA,NA,8,NA,NA,NA,NA,NA,NA,NA,1,NA,NA,NA,NA,1,NA,NA,NA,NA,3.314173698,NA,NA,NA,288,NA,NA,NA,NA,270,NA,NA,NA,NA,NA,NA,NA,4,NA,NA,NA,NA,9,NA,NA,NA,NA,13.33985043,26.89972115,3.992919445,34.00021362,3.387347698,7.746504307,13.92983723,16.39632416,236.865448,0.221407801,50.37054062,-1043.239558,-457.489323,WhiteTroatedCaracara,20
145,0,0,0,0,0,0,0,0,0,0,0,0,0,60,25,120,60,60,45,30,60,45,13,45,30,30,17,14,15,18,12,14,18,10,14,17,9,12,15,3,3,3,1,2,1,2,10,3,4,1,1,6,3.173838854,46,23,268,352,299,293,319,340,290,293,267,276,297,1,2,3,4,5,6,7,8,9,10,11,12,13,11.80497551,39.01589966,1.431875944,18.8010006,2.396294355,14.66570759,3.713431835,12.18604279,664.3561401,-0.66575557,83.9879837,-983.2395576,-457.489323,WhiteTroatedCaracara,20
146,NA,0,0,0,0,0,0,0,0,0,0,0,0,NA,80,60,120,210,180,180,30,40,53,150,120,165,NA,10,8,8,7,18,15,17,20,15,17,15,9,NA,2,3,5,2,2,1,4,3,2,4,2,6,6.699941635,NA,282,270,355,300,362,269,274,324,306,364,290,312,NA,2,3,4,5,6,7,8,9,10,11,12,13,9.259943962,39.19751358,9.167201042,9.313714981,1.42786622,20.40610123,10.33982849,25.73985481,1332.752441,-3.962818623,166.0346222,-963.2395576,-457.489323,WhiteTroatedCaracara,20
151,NA,NA,NA,NA,NA,NA,NA,NA,NA,0,0,0,0,NA,NA,NA,NA,NA,NA,NA,NA,NA,90,90,150,11,NA,NA,NA,NA,NA,NA,NA,NA,NA,10,10,11,10,NA,NA,NA,NA,NA,NA,NA,NA,NA,2,1,10,4,2.893377542,NA,NA,NA,NA,NA,NA,NA,NA,NA,22,11,8,310,NA,NA,NA,NA,NA,NA,NA,NA,NA,10,11,12,13,10.26169682,52.85361099,12.81907272,0.669218838,0,9.90937233,0.054634836,76.56058502,1558.198975,-0.610771179,27.0392971,-823.2395576,-457.489323,WhiteTroatedCaracara,20
152,NA,NA,NA,NA,NA,NA,NA,NA,NA,0,NA,0,0,NA,NA,NA,NA,NA,NA,NA,NA,NA,60,NA,10,45,NA,NA,NA,NA,NA,NA,NA,NA,NA,14,NA,16,15,NA,NA,NA,NA,NA,NA,NA,NA,NA,1,NA,1,1,5.150363922,NA,NA,NA,NA,NA,NA,NA,NA,NA,364,NA,260,10,NA,NA,NA,NA,NA,NA,NA,NA,NA,10,NA,12,13,11.01531219,56.37248611,30.77584648,2.62607193,0,4.412173748,2.312602043,54.25724411,1375.199707,-0.331860065,8.258765221,-803.2395576,-457.489323,WhiteTroatedCaracara,20
157,NA,0,0,0,0,0,0,NA,0,0,0,0,0,NA,90,180,120,10,50,120,NA,31,34,16,40,2,NA,14,15,11,11,18,7,NA,15,19,13,16,8,NA,2,5,4,2,2,1,NA,1,1,1,1,1,1.832600832,NA,277,30,37,258,341,334,NA,58,351,55,304,328,NA,2,3,4,5,6,7,NA,9,10,11,12,13,13.07937431,28.92494774,1.116271853,14.54068661,3.489935637,8.675596237,3.72146368,11.40930557,67.02153778,0.082317479,14.10015392,-1103.239558,-477.489323,WhiteTroatedCaracara,20
158,0,NA,NA,NA,NA,NA,NA,NA,NA,0,0,0,0,60,NA,NA,NA,NA,NA,NA,NA,NA,69,98,79,109,10,NA,NA,NA,NA,NA,NA,NA,NA,13,10,10,11,1,NA,NA,NA,NA,NA,NA,NA,NA,2,1,4,2,3.73410821,37,NA,NA,NA,NA,NA,NA,NA,NA,265,55,349,302,1,NA,NA,NA,NA,NA,NA,NA,NA,10,11,12,13,12.43675327,29.88589096,0.611808479,5.764372349,6.355241776,8.364961624,5.955217838,11.20660686,338.38797,0.499341547,39.77395248,-1083.239558,-477.489323,WhiteTroatedCaracara,20
159,0,0,0,0,NA,0,NA,NA,NA,0,0,0,0,120,30,4,90,NA,135,NA,NA,NA,40,42,43,80,0,10,2,10,NA,12,NA,NA,NA,10,16,9,11,3,1,2,9,NA,2,NA,NA,NA,3,1,2,1,2.974189281,46,49,341,38,NA,265,NA,NA,NA,22,279,292,264,1,2,3,4,NA,6,NA,NA,NA,10,11,12,13,13.51586533,29.64492416,2.694817066,22.95460129,3.977661848,4.920239925,25.35007286,23.86556244,212.1594086,-0.431540549,26.68054581,-1063.239558,-477.489323,WhiteTroatedCaracara,20
160,NA,NA,NA,NA,NA,0,NA,NA,NA,NA,NA,NA,NA,NA,NA,NA,NA,NA,11,NA,NA,NA,NA,NA,NA,NA,NA,NA,NA,NA,NA,16,NA,NA,NA,NA,NA,NA,NA,NA,NA,NA,NA,NA,1,NA,NA,NA,NA,NA,NA,NA,3.314173698,NA,NA,NA,NA,NA,290,NA,NA,NA,NA,NA,NA,NA,NA,NA,NA,NA,NA,6,NA,NA,NA,NA,NA,NA,NA,13.33985043,26.89972115,3.992919445,34.00021362,3.387347698,7.746504307,13.92983723,16.39632416,236.865448,0.221407801,50.37054062,-1043.239558,-477.489323,WhiteTroatedCaracara,20
161,NA,NA,NA,NA,NA,NA,NA,NA,NA,NA,0,0,0,NA,NA,NA,NA,NA,NA,NA,NA,NA,NA,4,20,19,NA,NA,NA,NA,NA,NA,NA,NA,NA,NA,14,9,13,NA,NA,NA,NA,NA,NA,NA,NA,NA,NA,1,2,1,3.827451944,NA,NA,NA,NA,NA,NA,NA,NA,NA,NA,38,336,270,NA,NA,NA,NA,NA,NA,NA,NA,NA,NA,11,12,13,10.32273769,44.04185486,4.611789227,14.28387737,2.289582253,19.89524841,5.787599087,16.21891403,998.7244873,1.304097772,153.6115875,-1003.239558,-477.489323,WhiteTroatedCaracara,20
162,NA,NA,NA,NA,NA,NA,NA,NA,0,0,0,0,0,NA,NA,NA,NA,NA,NA,NA,NA,300,30,6,30,8,NA,NA,NA,NA,NA,NA,NA,NA,7,11,13,18,8,NA,NA,NA,NA,NA,NA,NA,NA,3,3,1,2,1,3.827451944,NA,NA,NA,NA,NA,NA,NA,NA,51,339,294,351,53,NA,NA,NA,NA,NA,NA,NA,NA,9,10,11,12,13,10.32273769,44.04185486,4.611789227,14.28387737,2.289582253,19.89524841,5.787599087,16.21891403,998.7244873,1.304097772,153.6115875,-983.2395576,-477.489323,WhiteTroatedCaracara,20
163,NA,NA,0,NA,NA,NA,0,0,0,0,0,0,0,NA,NA,15,NA,NA,NA,45,15,180,60,120,236,15,NA,NA,15,NA,NA,NA,19,17,9,9,9,11,10,NA,NA,2,NA,NA,NA,2,1,3,2,3,1,2,3.599460602,NA,NA,41,NA,NA,NA,282,274,43,46,346,51,308,NA,NA,3,NA,NA,NA,7,8,9,10,11,12,13,9.533874512,42.63462067,7.434762478,16.22014236,1.758187294,17.14270592,14.34952927,24.32514381,1259.86792,-2.504323244,179.8535614,-963.2395576,-477.489323,WhiteTroatedCaracara,20
164,NA,0,0,NA,0,0,NA,NA,0,0,0,0,0,NA,15,10,NA,10,15,NA,NA,15,10,30,5,12,NA,8,9,NA,14,14,NA,NA,13,13,10,10,20,NA,1,7,NA,2,2,NA,NA,1,5,10,1,1,4.877840042,NA,10,364,NA,259,253,NA,NA,53,346,342,337,342,NA,2,3,NA,5,6,NA,NA,9,10,11,12,13,7.493256092,40.85216904,29.78123665,3.659133196,0.418839812,14.49116135,11.17637444,30.50879478,1756.565674,-1.07352829,202.0027924,-943.2395576,-477.489323,WhiteTroatedCaracara,20
165,NA,0,0,0,0,0,NA,0,0,0,0,0,0,NA,30,20,45,60,60,NA,60,120,2,60,13,60,NA,10,10,9,10,11,NA,13,11,11,18,18,13,NA,1,2,1,2,5,NA,2,2,1,2,1,2,5.808489799,NA,10,43,352,259,294,NA,261,266,44,297,335,309,NA,2,3,4,5,6,NA,8,9,10,11,12,13,5.165313721,39.76620483,57.90617752,0.412069231,0,9.411165237,6.169753075,25.97237206,2253.425293,-1.649921417,174.6220093,-923.2395576,-477.489323,WhiteTroatedCaracara,20
166,NA,NA,NA,NA,NA,NA,NA,NA,NA,NA,NA,NA,0,NA,NA,NA,NA,NA,NA,NA,NA,NA,NA,NA,NA,60,NA,NA,NA,NA,NA,NA,NA,NA,NA,NA,NA,NA,14,NA,NA,NA,NA,NA,NA,NA,NA,NA,NA,NA,NA,1,8.67586422,NA,NA,NA,NA,NA,NA,NA,NA,NA,NA,NA,NA,24,NA,NA,NA,NA,NA,NA,NA,NA,NA,NA,NA,NA,13,3.024193048,41.33195114,76.23016357,0.808728635,0,2.560083389,8.6872015,10.7336483,2644.506592,0.549944818,116.0237274,-903.2395576,-477.489323,WhiteTroatedCaracara,20
174,NA,NA,NA,NA,NA,NA,NA,NA,0,NA,NA,0,NA,NA,NA,NA,NA,NA,NA,NA,NA,42,NA,NA,57,NA,NA,NA,NA,NA,NA,NA,NA,NA,17,NA,NA,12,NA,NA,NA,NA,NA,NA,NA,NA,NA,2,NA,NA,1,NA,3.777739763,NA,NA,NA,NA,NA,NA,NA,NA,47,NA,NA,7,NA,NA,NA,NA,NA,NA,NA,NA,NA,9,NA,NA,12,NA,12.39769173,32.85480499,0.755055308,2.711444616,3.266887426,15.12486839,2.626028061,12.92495918,278.2240906,0.136801988,46.72683334,-1123.239558,-497.489323,WhiteTroatedCaracara,20
175,NA,0,0,NA,0,0,NA,0,0,0,0,0,0,NA,60,140,NA,20,60,NA,83,94,120,18,120,12,NA,17,9,NA,11,13,NA,7,11,21,16,17,13,NA,2,1,NA,2,2,NA,1,3,2,1,1,1,3.777739763,NA,277,31,NA,258,276,NA,13,287,365,306,303,328,NA,2,3,NA,5,6,NA,8,9,10,11,12,13,12.39769173,32.85480499,0.755055308,2.711444616,3.266887426,15.12486839,2.626028061,12.92495918,278.2240906,0.136801988,46.72683334,-1103.239558,-497.489323,WhiteTroatedCaracara,20
176,NA,NA,0,NA,NA,NA,NA,NA,NA,0,NA,0,0,NA,NA,15,NA,NA,NA,NA,NA,NA,85,NA,1,3,NA,NA,12,NA,NA,NA,NA,NA,NA,11,NA,18,21,NA,NA,3,NA,NA,NA,NA,NA,NA,1,NA,1,1,2.856568813,NA,NA,29,NA,NA,NA,NA,NA,NA,334,NA,286,281,NA,NA,3,NA,NA,NA,NA,NA,NA,10,NA,12,13,12.86883068,29.4818325,1.907594323,15.18230534,4.046644211,5.72046566,14.98376751,18.28847885,304.7463379,-0.205349565,41.71284103,-1083.239558,-497.489323,WhiteTroatedCaracara,20
177,NA,NA,NA,NA,NA,NA,NA,NA,NA,NA,NA,NA,0,NA,NA,NA,NA,NA,NA,NA,NA,NA,NA,NA,NA,2,NA,NA,NA,NA,NA,NA,NA,NA,NA,NA,NA,NA,14,NA,NA,NA,NA,NA,NA,NA,NA,NA,NA,NA,NA,4,2.974189281,NA,NA,NA,NA,NA,NA,NA,NA,NA,NA,NA,NA,246,NA,NA,NA,NA,NA,NA,NA,NA,NA,NA,NA,NA,13,13.51586533,29.64492416,2.694817066,22.95460129,3.977661848,4.920239925,25.35007286,23.86556244,212.1594086,-0.431540549,26.68054581,-1063.239558,-497.489323,WhiteTroatedCaracara,20
178,NA,NA,0,0,0,NA,NA,0,0,0,0,0,0,NA,NA,150,90,20,NA,NA,60,60,120,2,26,45,NA,NA,17,18,16,NA,NA,7,17,10,7,13,17,NA,NA,2,2,2,NA,NA,2,2,1,1,1,1,2.226956129,NA,NA,28,58,265,NA,NA,49,364,278,270,1,268,NA,NA,3,4,5,NA,NA,8,9,10,11,12,13,13.00402164,50.68924332,1.695896745,35.56277084,4.940906048,7.912061691,5.600905418,14.37075233,330.4785767,-0.243264139,38.79042053,-1003.239558,-497.489323,WhiteTroatedCaracara,20
179,NA,NA,NA,NA,NA,NA,0,NA,NA,0,0,0,0,NA,NA,NA,NA,NA,NA,180,NA,NA,120,120,108,59,NA,NA,NA,NA,NA,NA,8,NA,NA,8,10,8,16,NA,NA,NA,NA,NA,NA,2,NA,NA,4,1,1,1,5.921571255,NA,NA,NA,NA,NA,NA,51,NA,NA,50,291,6,275,NA,NA,NA,NA,NA,NA,7,NA,NA,10,11,12,13,9.514323235,48.38955307,10.63800907,8.440514565,2.402771711,17.61829376,8.50604248,22.12924385,1171.55835,-0.805281758,156.1291962,-983.2395576,-497.489323,WhiteTroatedCaracara,20
182,0,0,0,0,0,0,0,0,0,0,0,0,0,120,30,120,30,15,120,10,90,120,52,120,120,50,8,11,10,14,17,12,18,17,16,18,22,14,10,1,1,7,1,1,2,1,3,2,2,1,4,5,6.908209324,2,12,364,352,332,363,332,363,329,306,306,284,338,1,2,3,4,5,6,7,8,9,10,11,12,13,4.47770071,40.82072449,62.93619156,0.66757828,0.083254553,5.13205719,7.10412693,16.70845985,2340.458496,0.018137123,104.8828888,-923.2395576,-497.489323,WhiteTroatedCaracara,20
183,NA,NA,NA,NA,0,NA,NA,NA,0,0,0,0,0,NA,NA,NA,NA,30,NA,NA,NA,45,60,32,60,120,NA,NA,NA,NA,14,NA,NA,NA,13,13,10,15,12,NA,NA,NA,NA,4,NA,NA,NA,2,2,2,3,1,8.67586422,NA,NA,NA,NA,319,NA,NA,NA,49,361,14,1,288,NA,NA,NA,NA,5,NA,NA,NA,9,10,11,12,13,3.024193048,41.33195114,76.23016357,0.808728635,0,2.560083389,8.6872015,10.7336483,2644.506592,0.549944818,116.0237274,-903.2395576,-497.489323,WhiteTroatedCaracara,20
188,NA,NA,NA,NA,NA,NA,NA,NA,NA,NA,NA,NA,0,NA,NA,NA,NA,NA,NA,NA,NA,NA,NA,NA,NA,15,NA,NA,NA,NA,NA,NA,NA,NA,NA,NA,NA,NA,10,NA,NA,NA,NA,NA,NA,NA,NA,NA,NA,NA,NA,1,6.956568241,NA,NA,NA,NA,NA,NA,NA,NA,NA,NA,NA,NA,297,NA,NA,NA,NA,NA,NA,NA,NA,NA,NA,NA,NA,13,10.28904629,54.10370636,20.74475861,0,0,6.207130432,0,73.04574585,1535.175903,-0.521344244,21.50317001,-803.2395576,-497.489323,WhiteTroatedCaracara,20
191,NA,NA,NA,NA,NA,NA,NA,NA,NA,NA,NA,NA,0,NA,NA,NA,NA,NA,NA,NA,NA,NA,NA,NA,NA,11,NA,NA,NA,NA,NA,NA,NA,NA,NA,NA,NA,NA,10,NA,NA,NA,NA,NA,NA,NA,NA,NA,NA,NA,NA,2,5.705760479,NA,NA,NA,NA,NA,NA,NA,NA,NA,NA,NA,NA,50,NA,NA,NA,NA,NA,NA,NA,NA,NA,NA,NA,NA,13,10.5328207,71.89962769,2.083487511,0.049917642,0,13.41507244,0,84.44894409,1486.161865,-0.323282719,28.23631668,-743.2395576,-497.489323,WhiteTroatedCaracara,20
192,NA,NA,NA,NA,NA,NA,NA,NA,NA,NA,NA,NA,0,NA,NA,NA,NA,NA,NA,NA,NA,NA,NA,NA,NA,30,NA,NA,NA,NA,NA,NA,NA,NA,NA,NA,NA,NA,16,NA,NA,NA,NA,NA,NA,NA,NA,NA,NA,NA,NA,2,2.690809965,NA,NA,NA,NA,NA,NA,NA,NA,NA,NA,NA,NA,32,NA,NA,NA,NA,NA,NA,NA,NA,NA,NA,NA,NA,13,12.1835804,76.28083801,0.987205565,0.065940015,0,12.97373199,0,85.74681091,1135.08728,0.11070931,16.45558357,-723.2395576,-497.489323,WhiteTroatedCaracara,20
193,NA,0,0,0,NA,0,0,0,0,0,0,0,0,NA,15,120,60,NA,12,75,30,10,4,49,10,60,NA,19,18,17,NA,11,10,21,0,18,10,17,8,NA,2,2,4,NA,2,1,1,2,1,1,1,1,2.755803585,NA,277,12,269,NA,14,1,340,54,285,305,268,324,NA,2,3,4,NA,6,7,8,9,10,11,12,13,11.97860336,35.65826797,0.273584068,3.275773048,4.346042633,11.77983475,2.349950314,7.765257359,381.7692261,0.805203319,56.88312912,-1123.239558,-517.489323,WhiteTroatedCaracara,20
194,NA,NA,NA,0,NA,NA,NA,NA,NA,0,0,0,0,NA,NA,NA,20,NA,NA,NA,NA,NA,120,60,131,135,NA,NA,NA,20,NA,NA,NA,NA,NA,19,11,10,8,NA,NA,NA,3,NA,NA,NA,NA,NA,2,1,2,1,2.755803585,NA,NA,NA,267,NA,NA,NA,NA,NA,2,21,259,52,NA,NA,NA,4,NA,NA,NA,NA,NA,10,11,12,13,11.97860336,35.65826797,0.273584068,3.275773048,4.346042633,11.77983475,2.349950314,7.765257359,381.7692261,0.805203319,56.88312912,-1103.239558,-517.489323,WhiteTroatedCaracara,20
195,NA,NA,NA,NA,NA,NA,NA,NA,NA,NA,NA,0,NA,NA,NA,NA,NA,NA,NA,NA,NA,NA,NA,NA,22,NA,NA,NA,NA,NA,NA,NA,NA,NA,NA,NA,NA,14,NA,NA,NA,NA,NA,NA,NA,NA,NA,NA,NA,NA,1,NA,3.06701088,NA,NA,NA,NA,NA,NA,NA,NA,NA,NA,NA,350,NA,NA,NA,NA,NA,NA,NA,NA,NA,NA,NA,NA,12,NA,13.21388245,34.11266327,4.588932037,27.1473999,3.451501608,4.314924717,23.10734367,20.75099754,256.3246155,-0.198750734,33.84989166,-1083.239558,-517.489323,WhiteTroatedCaracara,20
198,NA,NA,NA,NA,NA,NA,NA,NA,NA,0,NA,NA,NA,NA,NA,NA,NA,NA,NA,NA,NA,NA,11,NA,NA,NA,NA,NA,NA,NA,NA,NA,NA,NA,NA,12,NA,NA,NA,NA,NA,NA,NA,NA,NA,NA,NA,NA,1,NA,NA,NA,3.320432186,NA,NA,NA,NA,NA,NA,NA,NA,NA,45,NA,NA,NA,NA,NA,NA,NA,NA,NA,NA,NA,NA,10,NA,NA,NA,12.51029587,58.84382248,0.662043631,25.67392159,5.463675022,9.71935463,5.138487339,12.89548302,420.8616638,-0.145938993,34.45976257,-1003.239558,-517.489323,WhiteTroatedCaracara,20
199,NA,NA,0,NA,NA,NA,0,NA,NA,0,0,NA,NA,NA,NA,1,NA,NA,NA,120,NA,NA,210,60,NA,NA,NA,NA,16,NA,NA,NA,15,NA,NA,12,10,NA,NA,NA,NA,1,NA,NA,NA,1,NA,NA,2,1,NA,NA,3.696134329,NA,NA,39,NA,NA,NA,262,NA,NA,318,299,NA,NA,NA,NA,3,NA,NA,NA,7,NA,NA,10,11,NA,NA,9.664131165,53.99515533,2.869340897,8.693325043,3.327604055,22.97445107,7.268202305,14.717206,1113.562866,-3.759255171,150.421524,-983.2395576,-517.489323,WhiteTroatedCaracara,20
200,NA,NA,NA,NA,NA,NA,NA,NA,NA,NA,0,NA,NA,NA,NA,NA,NA,NA,NA,NA,NA,NA,NA,180,NA,NA,NA,NA,NA,NA,NA,NA,NA,NA,NA,NA,17,NA,NA,NA,NA,NA,NA,NA,NA,NA,NA,NA,NA,2,NA,NA,11.26176357,NA,NA,NA,NA,NA,NA,NA,NA,NA,NA,19,NA,NA,NA,NA,NA,NA,NA,NA,NA,NA,NA,NA,11,NA,NA,6.270992279,46.31498337,29.7294445,6.088942528,0.515961826,16.50679588,15.3305006,27.75649643,1888.877075,0.640007615,177.2192688,-963.2395576,-517.489323,WhiteTroatedCaracara,20
205,NA,NA,NA,NA,NA,NA,NA,NA,NA,0,NA,NA,0,NA,NA,NA,NA,NA,NA,NA,NA,NA,25,NA,NA,5,NA,NA,NA,NA,NA,NA,NA,NA,NA,15,NA,NA,9,NA,NA,NA,NA,NA,NA,NA,NA,NA,2,NA,NA,1,2.526663542,NA,NA,NA,NA,NA,NA,NA,NA,NA,6,NA,NA,300,NA,NA,NA,NA,NA,NA,NA,NA,NA,10,NA,NA,13,10.56178761,44.44796753,33.49655533,2.87225461,0.295466363,6.616951942,0.247411624,56.49403381,1446.963623,-1.416639328,40.67176819,-843.2395576,-517.489323,WhiteTroatedCaracara,20
206,NA,NA,NA,NA,NA,NA,NA,NA,NA,NA,NA,NA,0,NA,NA,NA,NA,NA,NA,NA,NA,NA,NA,NA,NA,30,NA,NA,NA,NA,NA,NA,NA,NA,NA,NA,NA,NA,15,NA,NA,NA,NA,NA,NA,NA,NA,NA,NA,NA,NA,1,6.027551174,NA,NA,NA,NA,NA,NA,NA,NA,NA,NA,NA,NA,295,NA,NA,NA,NA,NA,NA,NA,NA,NA,NA,NA,NA,13,9.028804779,48.08562088,32.41862106,0.04547802,0.038843922,5.882379532,0.30826515,60.23706055,1770.020508,-0.989501297,47.2578392,-823.2395576,-517.489323,WhiteTroatedCaracara,20
212,NA,NA,NA,NA,NA,NA,NA,0,0,0,0,0,0,NA,NA,NA,NA,NA,NA,NA,120,16,15,120,60,282,NA,NA,NA,NA,NA,NA,NA,16,12,13,10,11,13,NA,NA,NA,NA,NA,NA,NA,1,2,1,2,2,1,2.522192478,NA,NA,NA,NA,NA,NA,NA,54,26,2,25,28,354,NA,NA,NA,NA,NA,NA,NA,8,9,10,11,12,13,12.20240211,40.05013657,1.451068521,9.866071701,5.791308403,15.39697647,6.186896801,9.541945457,329.7646179,0.73354435,46.80298615,-1123.239558,-537.489323,WhiteTroatedCaracara,20
213,NA,NA,NA,0,NA,NA,NA,NA,NA,NA,NA,NA,0,NA,NA,NA,300,NA,NA,NA,NA,NA,NA,NA,NA,45,NA,NA,NA,8,NA,NA,NA,NA,NA,NA,NA,NA,18,NA,NA,NA,4,NA,NA,NA,NA,NA,NA,NA,NA,1,2.522192478,NA,NA,NA,269,NA,NA,NA,NA,NA,NA,NA,NA,9,NA,NA,NA,4,NA,NA,NA,NA,NA,NA,NA,NA,13,12.20240211,40.05013657,1.451068521,9.866071701,5.791308403,15.39697647,6.186896801,9.541945457,329.7646179,0.73354435,46.80298615,-1103.239558,-537.489323,WhiteTroatedCaracara,20
214,NA,NA,NA,NA,NA,0,NA,NA,NA,NA,NA,0,0,NA,NA,NA,NA,NA,240,NA,NA,NA,NA,NA,25,48,NA,NA,NA,NA,NA,18,NA,NA,NA,NA,NA,13,11,NA,NA,NA,NA,NA,3,NA,NA,NA,NA,NA,2,1,2.297705173,NA,NA,NA,NA,NA,19,NA,NA,NA,NA,NA,350,361,NA,NA,NA,NA,NA,6,NA,NA,NA,NA,NA,12,13,12.97408485,42.23873138,3.083028316,20.76330757,6.504101753,7.916489601,20.23469543,17.86222649,269.1158447,-0.172483146,40.29655075,-1083.239558,-537.489323,WhiteTroatedCaracara,20
215,NA,NA,NA,NA,NA,NA,NA,NA,NA,0,NA,NA,NA,NA,NA,NA,NA,NA,NA,NA,NA,NA,40,NA,NA,NA,NA,NA,NA,NA,NA,NA,NA,NA,NA,9,NA,NA,NA,NA,NA,NA,NA,NA,NA,NA,NA,NA,1,NA,NA,NA,6.524899483,NA,NA,NA,NA,NA,NA,NA,NA,NA,60,NA,NA,NA,NA,NA,NA,NA,NA,NA,NA,NA,NA,10,NA,NA,NA,11.9301796,65.39474487,0.765166581,7.740748405,4.564465523,18.4796524,3.053934813,15.20443439,527.0360718,-1.197106838,58.18820953,-1023.239558,-537.489323,WhiteTroatedCaracara,20
217,NA,NA,NA,NA,NA,NA,NA,NA,NA,NA,NA,0,0,NA,NA,NA,NA,NA,NA,NA,NA,NA,NA,NA,30,180,NA,NA,NA,NA,NA,NA,NA,NA,NA,NA,NA,17,12,NA,NA,NA,NA,NA,NA,NA,NA,NA,NA,NA,1,1,12.76005268,NA,NA,NA,NA,NA,NA,NA,NA,NA,NA,NA,33,295,NA,NA,NA,NA,NA,NA,NA,NA,NA,NA,NA,12,13,8.597128868,55.98284531,3.338346481,11.87486362,3.367306232,24.40073204,9.786185265,15.58879185,1328.775024,2.421174526,156.9985199,-983.2395576,-537.489323,WhiteTroatedCaracara,20
219,NA,NA,NA,NA,NA,NA,NA,NA,NA,NA,NA,NA,0,NA,NA,NA,NA,NA,NA,NA,NA,NA,NA,NA,NA,120,NA,NA,NA,NA,NA,NA,NA,NA,NA,NA,NA,NA,15,NA,NA,NA,NA,NA,NA,NA,NA,NA,NA,NA,NA,1,5.161791801,NA,NA,NA,NA,NA,NA,NA,NA,NA,NA,NA,NA,54,NA,NA,NA,NA,NA,NA,NA,NA,NA,NA,NA,NA,13,6.380564213,47.36932755,35.44566727,2.87620163,0,14.71350861,10.61166477,35.24860764,1914.233765,0.953084588,163.1538391,-943.2395576,-537.489323,WhiteTroatedCaracara,20
220,NA,NA,NA,NA,NA,NA,0,NA,NA,0,0,0,0,NA,NA,NA,NA,NA,NA,150,NA,NA,120,60,90,5,NA,NA,NA,NA,NA,NA,12,NA,NA,12,14,14,14,NA,NA,NA,NA,NA,NA,1,NA,NA,1,3,1,2,5.030725002,NA,NA,NA,NA,NA,NA,2,NA,NA,4,44,58,54,NA,NA,NA,NA,NA,NA,7,NA,NA,10,11,12,13,4.159951687,44.59280014,52.88601685,2.392726421,0,7.098255634,10.21878815,24.4934063,2357.879395,0.881498098,128.8772888,-923.2395576,-537.489323,WhiteTroatedCaracara,20
221,NA,NA,NA,NA,NA,NA,NA,NA,NA,NA,0,NA,NA,NA,NA,NA,NA,NA,NA,NA,NA,NA,NA,120,NA,NA,NA,NA,NA,NA,NA,NA,NA,NA,NA,NA,15,NA,NA,NA,NA,NA,NA,NA,NA,NA,NA,NA,NA,3,NA,NA,8.459672928,NA,NA,NA,NA,NA,NA,NA,NA,NA,NA,46,NA,NA,NA,NA,NA,NA,NA,NA,NA,NA,NA,NA,11,NA,NA,4.02103281,43.80076599,48.58409882,3.674161434,0,11.16699886,7.82917881,28.25219917,2459.565918,-3.384717703,139.0115204,-903.2395576,-537.489323,WhiteTroatedCaracara,20
225,NA,NA,NA,NA,NA,NA,NA,0,NA,NA,NA,NA,0,NA,NA,NA,NA,NA,NA,NA,30,NA,NA,NA,NA,30,NA,NA,NA,NA,NA,NA,NA,13,NA,NA,NA,NA,8,NA,NA,NA,NA,NA,NA,NA,1,NA,NA,NA,NA,1,11.83509922,NA,NA,NA,NA,NA,NA,NA,27,NA,NA,NA,NA,299,NA,NA,NA,NA,NA,NA,NA,8,NA,NA,NA,NA,13,7.987287045,46.79090118,34.45461273,0.112560868,0.003911297,4.242402077,0.705219686,60.07274628,1935.239868,-0.041352369,48.05334854,-823.2395576,-537.489323,WhiteTroatedCaracara,20
226,NA,NA,NA,NA,NA,NA,NA,NA,NA,NA,NA,NA,0,NA,NA,NA,NA,NA,NA,NA,NA,NA,NA,NA,NA,50,NA,NA,NA,NA,NA,NA,NA,NA,NA,NA,NA,NA,9,NA,NA,NA,NA,NA,NA,NA,NA,NA,NA,NA,NA,1,20.38828468,NA,NA,NA,NA,NA,NA,NA,NA,NA,NA,NA,NA,299,NA,NA,NA,NA,NA,NA,NA,NA,NA,NA,NA,NA,13,4.025651455,53.06630325,32.21768951,0.186025664,0.008021113,4.225167751,0.894305289,60.60753632,2654.293457,7.080041409,99.36126709,-803.2395576,-537.489323,WhiteTroatedCaracara,20
231,0,0,NA,0,0,NA,0,0,0,0,0,0,0,240,20,NA,180,180,NA,30,70,180,10,15,18,22,16,8,NA,10,15,NA,20,11,9,15,15,9,9,3,2,NA,4,4,NA,1,1,2,1,1,1,1,2.721990108,45,278,NA,42,278,NA,58,40,19,314,312,351,254,1,2,NA,4,5,NA,7,8,9,10,11,12,13,12.83930016,42.8993988,1.321512699,13.52881432,6.315382004,13.54190826,6.994932652,11.20993233,185.6681519,-0.105751075,43.62797165,-1123.239558,-557.489323,WhiteTroatedCaracara,20
232,NA,NA,NA,NA,0,NA,0,NA,NA,NA,0,0,0,NA,NA,NA,NA,105,NA,60,NA,NA,NA,12,43,120,NA,NA,NA,NA,15,NA,18,NA,NA,NA,11,13,18,NA,NA,NA,NA,6,NA,2,NA,NA,NA,1,2,1,2.721990108,NA,NA,NA,NA,277,NA,45,NA,NA,NA,53,350,293,NA,NA,NA,NA,5,NA,7,NA,NA,NA,11,12,13,12.83930016,42.8993988,1.321512699,13.52881432,6.315382004,13.54190826,6.994932652,11.20993233,185.6681519,-0.105751075,43.62797165,-1103.239558,-557.489323,WhiteTroatedCaracara,20
233,NA,NA,NA,NA,0,0,0,0,0,NA,NA,NA,NA,NA,NA,NA,NA,165,165,145,25,55,NA,NA,NA,NA,NA,NA,NA,NA,7,10,11,17,12,NA,NA,NA,NA,NA,NA,NA,NA,1,4,4,1,1,NA,NA,NA,NA,3.082004547,NA,NA,NA,NA,1,262,262,262,26,NA,NA,NA,NA,NA,NA,NA,NA,5,6,7,8,9,NA,NA,NA,NA,13.51016998,48.5112648,3.517766476,26.20272636,2.963805437,7.30938673,30.16457176,23.82901573,143.8236542,0.229492694,31.15447235,-1083.239558,-557.489323,WhiteTroatedCaracara,20
235,NA,NA,0,NA,NA,NA,NA,0,0,0,0,0,0,NA,NA,180,NA,NA,NA,NA,90,160,210,30,136,76,NA,NA,10,NA,NA,NA,NA,8,17,8,14,10,19,NA,NA,2,NA,NA,NA,NA,2,2,1,1,1,1,4.659379482,NA,NA,315,NA,NA,NA,NA,296,338,328,351,300,43,NA,NA,3,NA,NA,NA,NA,8,9,10,11,12,13,10.59052658,68.42728424,0.890435755,10.44802475,5.733885288,22.55272102,3.769309044,7.715661049,806.2278442,2.103795767,98.81373596,-1003.239558,-557.489323,WhiteTroatedCaracara,20
236,NA,NA,0,NA,NA,NA,NA,NA,NA,NA,NA,NA,NA,NA,NA,240,NA,NA,NA,NA,NA,NA,NA,NA,NA,NA,NA,NA,8,NA,NA,NA,NA,NA,NA,NA,NA,NA,NA,NA,NA,3,NA,NA,NA,NA,NA,NA,NA,NA,NA,NA,13.46197701,NA,NA,8,NA,NA,NA,NA,NA,NA,NA,NA,NA,NA,NA,NA,3,NA,NA,NA,NA,NA,NA,NA,NA,NA,NA,7.8147645,58.72932053,5.197817326,14.44265366,6.354823112,22.93753052,15.20699978,22.27955055,1474.406738,0.138484925,165.4514008,-983.2395576,-557.489323,WhiteTroatedCaracara,20
237,NA,NA,NA,NA,NA,NA,NA,NA,NA,NA,0,NA,NA,NA,NA,NA,NA,NA,NA,NA,NA,NA,NA,270,NA,NA,NA,NA,NA,NA,NA,NA,NA,NA,NA,NA,16,NA,NA,NA,NA,NA,NA,NA,NA,NA,NA,NA,NA,1,NA,NA,18.49487686,NA,NA,NA,NA,NA,NA,NA,NA,NA,NA,22,NA,NA,NA,NA,NA,NA,NA,NA,NA,NA,NA,NA,11,NA,NA,6.699463844,53.09723282,22.22071838,8.322443962,1.725384712,17.840168,13.02438927,34.55594254,1750.382568,-1.667878747,148.0694733,-963.2395576,-557.489323,WhiteTroatedCaracara,20
238,NA,NA,NA,NA,NA,NA,NA,0,NA,NA,0,0,0,NA,NA,NA,NA,NA,NA,NA,22,NA,NA,30,10,3,NA,NA,NA,NA,NA,NA,NA,18,NA,NA,14,12,9,NA,NA,NA,NA,NA,NA,NA,2,NA,NA,3,1,1,5.705641747,NA,NA,NA,NA,NA,NA,NA,320,NA,NA,47,58,54,NA,NA,NA,NA,NA,NA,NA,8,NA,NA,11,12,13,6.258561134,49.16381073,32.89139175,4.882161617,0.063275762,16.79010963,9.689245224,35.37994385,1915.085693,-4.616742611,145.9649048,-943.2395576,-557.489323,WhiteTroatedCaracara,20
239,NA,NA,NA,NA,NA,NA,NA,0,0,NA,0,0,0,NA,NA,NA,NA,NA,NA,NA,60,20,NA,280,60,35,NA,NA,NA,NA,NA,NA,NA,10,12,NA,9,12,15,NA,NA,NA,NA,NA,NA,NA,2,2,NA,2,1,3,4.900361061,NA,NA,NA,NA,NA,NA,NA,321,325,NA,45,1,36,NA,NA,NA,NA,NA,NA,NA,8,9,NA,11,12,13,4.676923275,46.30690765,44.01296616,4.639587402,0.00527086,13.11395836,8.498153687,29.58371925,2270.814453,0.822852135,139.3101196,-923.2395576,-557.489323,WhiteTroatedCaracara,20
242,NA,NA,NA,NA,NA,NA,0,NA,NA,0,NA,0,0,NA,NA,NA,NA,NA,NA,20,NA,NA,30,NA,10,25,NA,NA,NA,NA,NA,NA,15,NA,NA,16,NA,16,10,NA,NA,NA,NA,NA,NA,2,NA,NA,2,NA,2,1,5.111978054,NA,NA,NA,NA,NA,NA,31,NA,NA,6,NA,54,300,NA,NA,NA,NA,NA,NA,7,NA,NA,10,NA,12,13,7.064201832,42.70010757,25.42716217,0.197799712,0.026131883,10.30656528,0.554234505,63.36985779,2059.174805,0.721734285,107.2852936,-863.2395576,-557.489323,WhiteTroatedCaracara,20
243,NA,NA,NA,NA,NA,NA,NA,NA,NA,NA,NA,NA,0,NA,NA,NA,NA,NA,NA,NA,NA,NA,NA,NA,NA,84,NA,NA,NA,NA,NA,NA,NA,NA,NA,NA,NA,NA,7,NA,NA,NA,NA,NA,NA,NA,NA,NA,NA,NA,NA,1,6.611619949,NA,NA,NA,NA,NA,NA,NA,NA,NA,NA,NA,NA,29,NA,NA,NA,NA,NA,NA,NA,NA,NA,NA,NA,NA,13,11.08319759,41.18896484,47.40386581,0.339777112,0.02757539,4.193841934,0.256087959,47.70856094,1310.042603,-1.308133364,55.7399292,-843.2395576,-557.489323,WhiteTroatedCaracara,20
250,NA,NA,NA,NA,0,0,NA,0,NA,0,0,0,0,NA,NA,NA,NA,150,240,NA,120,NA,60,60,30,69,NA,NA,NA,NA,16,12,NA,14,NA,14,16,18,17,NA,NA,NA,NA,3,3,NA,2,NA,2,2,1,1,1.735651135,NA,NA,NA,NA,258,361,NA,34,NA,60,13,257,327,NA,NA,NA,NA,5,6,NA,8,NA,10,11,12,13,12.21300697,47.55026245,0.231099337,1.550604105,2.071697474,23.36137199,0.790308654,4.970871449,186.3092651,0.147737667,22.45882988,-1143.239558,-577.489323,WhiteTroatedCaracara,20
251,NA,NA,NA,NA,0,0,0,0,0,0,0,0,0,NA,NA,NA,NA,25,30,240,19,30,68,16,60,35,NA,NA,NA,NA,13,12,11,8,18,15,11,11,8,NA,NA,NA,NA,1,1,3,1,1,3,1,1,1,1.735651135,NA,NA,NA,NA,248,285,303,337,349,36,361,275,316,NA,NA,NA,NA,5,6,7,8,9,10,11,12,13,12.21300697,47.55026245,0.231099337,1.550604105,2.071697474,23.36137199,0.790308654,4.970871449,186.3092651,0.147737667,22.45882988,-1123.239558,-577.489323,WhiteTroatedCaracara,20
252,NA,NA,NA,NA,NA,NA,0,NA,NA,NA,0,NA,0,NA,NA,NA,NA,NA,NA,10,NA,NA,NA,20,NA,4,NA,NA,NA,NA,NA,NA,10,NA,NA,NA,17,NA,18,NA,NA,NA,NA,NA,NA,3,NA,NA,NA,1,NA,1,1.81563735,NA,NA,NA,NA,NA,NA,32,NA,NA,NA,319,NA,343,NA,NA,NA,NA,NA,NA,7,NA,NA,NA,11,NA,13,12.49177933,48.27667999,1.858623385,11.93596745,9.62078476,12.17098522,5.885705471,6.508552551,219.9618378,0.068545282,26.65715599,-1103.239558,-577.489323,WhiteTroatedCaracara,20
253,NA,NA,NA,NA,NA,NA,NA,NA,0,NA,0,NA,0,NA,NA,NA,NA,NA,NA,NA,NA,2,NA,3,NA,2,NA,NA,NA,NA,NA,NA,NA,NA,16,NA,18,NA,14,NA,NA,NA,NA,NA,NA,NA,NA,1,NA,1,NA,1,3.082004547,NA,NA,NA,NA,NA,NA,NA,NA,362,NA,251,NA,264,NA,NA,NA,NA,NA,NA,NA,NA,9,NA,11,NA,13,13.51016998,48.5112648,3.517766476,26.20272636,2.963805437,7.30938673,30.16457176,23.82901573,143.8236542,0.229492694,31.15447235,-1083.239558,-577.489323,WhiteTroatedCaracara,20
255,NA,NA,NA,NA,NA,NA,NA,NA,0,NA,NA,0,NA,NA,NA,NA,NA,NA,NA,NA,NA,60,NA,NA,123,NA,NA,NA,NA,NA,NA,NA,NA,NA,10,NA,NA,7,NA,NA,NA,NA,NA,NA,NA,NA,NA,1,NA,NA,1,NA,8.337841034,NA,NA,NA,NA,NA,NA,NA,NA,53,NA,NA,294,NA,NA,NA,NA,NA,NA,NA,NA,NA,9,NA,NA,12,NA,9.619793892,72.41088867,0.603010535,8.64975071,4.35895586,25.73370552,2.881434679,6.663236618,979.9561768,-1.277437925,115.381134,-1003.239558,-577.489323,WhiteTroatedCaracara,20
256,NA,NA,NA,NA,0,NA,0,NA,NA,0,NA,0,0,NA,NA,NA,NA,210,NA,180,NA,NA,30,NA,30,58,NA,NA,NA,NA,13,NA,9,NA,NA,17,NA,15,19,NA,NA,NA,NA,6,NA,1,NA,NA,1,NA,1,2,4.700368404,NA,NA,NA,NA,323,NA,36,NA,NA,262,NA,298,51,NA,NA,NA,NA,5,NA,7,NA,NA,10,NA,12,13,8.522865295,66.4618988,5.021266937,15.91890717,5.487453461,26.00815773,9.497355461,16.4008503,1288.801636,-2.140386343,172.9507294,-983.2395576,-577.489323,WhiteTroatedCaracara,20
257,NA,NA,NA,NA,NA,NA,NA,NA,NA,NA,0,0,NA,NA,NA,NA,NA,NA,NA,NA,NA,NA,NA,90,44,NA,NA,NA,NA,NA,NA,NA,NA,NA,NA,NA,14,17,NA,NA,NA,NA,NA,NA,NA,NA,NA,NA,NA,1,1,NA,8.036044121,NA,NA,NA,NA,NA,NA,NA,NA,NA,NA,2,29,NA,NA,NA,NA,NA,NA,NA,NA,NA,NA,NA,11,12,NA,5.97922039,55.59209442,23.12313843,8.033631325,2.332390547,18.83120918,13.5166111,30.807724,1888.348022,1.830498099,144.9880371,-963.2395576,-577.489323,WhiteTroatedCaracara,20
258,NA,NA,NA,NA,NA,NA,NA,0,NA,0,0,0,0,NA,NA,NA,NA,NA,NA,NA,10,NA,12,60,55,16,NA,NA,NA,NA,NA,NA,NA,20,NA,7,17,14,10,NA,NA,NA,NA,NA,NA,NA,2,NA,1,1,2,3,7.251134872,NA,NA,NA,NA,NA,NA,NA,320,NA,5,33,27,362,NA,NA,NA,NA,NA,NA,NA,8,NA,10,11,12,13,6.502972126,51.33308792,28.40951729,2.753189087,0.592901051,20.00808907,7.211032391,40.46372986,1862,0.411496639,97.54810333,-943.2395576,-577.489323,WhiteTroatedCaracara,20
259,NA,NA,NA,NA,NA,0,NA,0,0,0,0,0,0,NA,NA,NA,NA,NA,30,NA,5,15,60,60,240,235,NA,NA,NA,NA,NA,17,NA,8,8,19,5,7,13,NA,NA,NA,NA,NA,3,NA,4,1,1,1,1,2,4.649031639,NA,NA,NA,NA,NA,325,NA,301,327,4,2,30,271,NA,NA,NA,NA,NA,6,NA,8,9,10,11,12,13,6.920704365,48.17827225,21.70240784,2.044723511,0.241150737,16.22094917,5.005821228,54.60375977,1871.221436,0.632792592,93.29392242,-923.2395576,-577.489323,WhiteTroatedCaracara,20
260,NA,NA,NA,NA,NA,0,NA,NA,NA,NA,0,NA,0,NA,NA,NA,NA,NA,120,NA,NA,NA,NA,100,NA,51,NA,NA,NA,NA,NA,7,NA,NA,NA,NA,16,NA,14,NA,NA,NA,NA,NA,1,NA,NA,NA,NA,2,NA,1,6.771815777,NA,NA,NA,NA,NA,36,NA,NA,NA,NA,360,NA,343,NA,NA,NA,NA,NA,6,NA,NA,NA,NA,11,NA,13,2.429703951,46.67181015,41.08138657,2.434333563,0,8.474534035,15.34188652,32.27780151,2718.685303,0.510666966,119.4248962,-903.2395576,-577.489323,WhiteTroatedCaracara,20
262,NA,NA,NA,NA,NA,NA,NA,NA,NA,NA,NA,NA,0,NA,NA,NA,NA,NA,NA,NA,NA,NA,NA,NA,NA,20,NA,NA,NA,NA,NA,NA,NA,NA,NA,NA,NA,NA,13,NA,NA,NA,NA,NA,NA,NA,NA,NA,NA,NA,NA,1,4.275614738,NA,NA,NA,NA,NA,NA,NA,NA,NA,NA,NA,NA,300,NA,NA,NA,NA,NA,NA,NA,NA,NA,NA,NA,NA,13,10.31657696,39.41368866,32.33285141,0.2596111,0.00156511,8.045877457,0.28444162,59.04510117,1431.502197,-2.060034752,73.27705383,-863.2395576,-577.489323,WhiteTroatedCaracara,20
269,0,0,0,0,0,0,0,0,0,0,0,0,0,30,30,180,120,30,60,30,60,56,46,30,20,5,18,19,8,17,10,18,20,17,10,18,16,18,19,1,1,7,2,1,2,2,1,1,2,1,1,1,1.198467016,290,269,329,319,258,248,340,347,294,286,334,282,359,1,2,3,4,5,6,7,8,9,10,11,12,13,12.810853,51.64389801,5.566337585,13.59374046,0.993770719,5.750518799,3.390593052,15.42484283,33.35845184,0.020869352,3.24858427,-1143.239558,-597.489323,WhiteTroatedCaracara,20
270,0,0,0,0,0,0,0,0,0,0,0,0,0,90,65,90,70,30,300,40,32,93,8,37,193,60,10,14,18,16,6,14,9,9,16,6,17,6,17,2,1,1,2,2,2,1,1,1,1,1,1,3,2.56865263,36,296,350,255,361,334,343,326,251,282,327,282,320,1,2,3,4,5,6,7,8,9,10,11,12,13,12.42708206,53.70250702,2.367243052,6.934528828,2.467147589,11.76070309,0.789064527,6.271146774,132.6405945,-0.353071243,28.11079407,-1123.239558,-597.489323,WhiteTroatedCaracara,20
271,NA,NA,NA,NA,NA,0,0,0,NA,0,0,0,0,NA,NA,NA,NA,NA,180,180,5,NA,83,72,10,15,NA,NA,NA,NA,NA,8,13,15,NA,18,19,10,22,NA,NA,NA,NA,NA,3,2,1,NA,2,4,1,1,1.836737633,NA,NA,NA,NA,NA,1,37,1,NA,32,49,268,361,NA,NA,NA,NA,NA,6,7,8,NA,10,11,12,13,12.30511856,55.09977722,2.515925884,15.24044132,12.72465801,11.07210159,6.162785053,5.589010239,229.7568512,0.216822758,23.34754181,-1103.239558,-597.489323,WhiteTroatedCaracara,20
272,NA,NA,NA,NA,NA,NA,NA,NA,NA,NA,0,NA,NA,NA,NA,NA,NA,NA,NA,NA,NA,NA,NA,80,NA,NA,NA,NA,NA,NA,NA,NA,NA,NA,NA,NA,22,NA,NA,NA,NA,NA,NA,NA,NA,NA,NA,NA,NA,1,NA,NA,2.838338375,NA,NA,NA,NA,NA,NA,NA,NA,NA,NA,264,NA,NA,NA,NA,NA,NA,NA,NA,NA,NA,NA,NA,11,NA,NA,13.06349754,62.40093994,2.611706257,28.29366302,8.595971107,10.52274132,8.328568459,13.15082645,155.8951416,0.479140192,28.42819405,-1083.239558,-597.489323,WhiteTroatedCaracara,20
273,NA,NA,NA,NA,NA,NA,0,NA,NA,NA,NA,0,0,NA,NA,NA,NA,NA,NA,15,NA,NA,NA,NA,180,65,NA,NA,NA,NA,NA,NA,13,NA,NA,NA,NA,15,17,NA,NA,NA,NA,NA,NA,2,NA,NA,NA,NA,1,1,2.922947645,NA,NA,NA,NA,NA,NA,48,NA,NA,NA,NA,263,14,NA,NA,NA,NA,NA,NA,7,NA,NA,NA,NA,12,13,11.54390335,80.98442841,0.10204646,42.03820038,6.1986413,11.99122429,5.533121586,14.38237858,490.6891479,-0.205870122,27.48057365,-1023.239558,-597.489323,WhiteTroatedCaracara,20
274,NA,NA,0,0,0,0,0,0,NA,0,0,0,0,NA,NA,15,45,22,70,15,125,NA,35,15,120,43,NA,NA,10,6,19,9,7,17,NA,16,16,7,16,NA,NA,1,5,1,1,1,1,NA,1,1,1,2,4.531718254,NA,NA,366,310,7,3,337,51,NA,365,287,269,351,NA,NA,3,4,5,6,7,8,NA,10,11,12,13,8.733957291,76.96632385,1.440378904,9.569933891,5.234379292,27.49632072,2.978904009,5.660097599,1150.483032,0.649929702,121.1812973,-1003.239558,-597.489323,WhiteTroatedCaracara,20
275,NA,NA,NA,NA,0,0,0,0,0,0,0,0,0,NA,NA,NA,NA,60,10,2,100,30,10,150,60,14,NA,NA,NA,NA,8,18,10,10,15,20,11,13,10,NA,NA,NA,NA,1,2,1,3,1,2,4,1,2,8.109954834,NA,NA,NA,NA,323,341,337,36,286,364,278,314,352,NA,NA,NA,NA,5,6,7,8,9,10,11,12,13,5.079264641,64.86045837,21.41180038,8.469316483,4.323420525,20.15632248,9.331708908,19.07524109,1953.563477,0.969428062,153.6490021,-983.2395576,-597.489323,WhiteTroatedCaracara,20
276,NA,NA,NA,NA,0,0,0,0,0,0,0,0,0,NA,NA,NA,NA,120,180,80,20,275,30,81,44,60,NA,NA,NA,NA,11,8,16,11,8,10,6,18,10,NA,NA,NA,NA,2,6,2,2,2,1,1,1,1,9.377450943,NA,NA,NA,NA,11,284,332,43,362,292,2,59,324,NA,NA,NA,NA,5,6,7,8,9,10,11,12,13,6.16446352,60.22798538,17.29041862,10.62375259,4.262443542,20.52380753,15.38737011,24.9588604,1811.166626,1.04444313,146.9450226,-963.2395576,-597.489323,WhiteTroatedCaracara,20
277,NA,NA,NA,NA,NA,NA,0,0,NA,0,0,0,0,NA,NA,NA,NA,NA,NA,40,25,NA,20,30,30,7,NA,NA,NA,NA,NA,NA,11,9,NA,9,12,12,14,NA,NA,NA,NA,NA,NA,2,2,NA,1,2,2,2,4.088462353,NA,NA,NA,NA,NA,NA,332,18,NA,292,1,59,1,NA,NA,NA,NA,NA,NA,7,8,NA,10,11,12,13,7.579210758,55.3629303,16.46169662,5.173946381,1.577573657,20.22672462,5.795225143,50.37073898,1643.846558,0.473744959,59.38484573,-943.2395576,-597.489323,WhiteTroatedCaracara,20
278,NA,NA,NA,NA,NA,0,0,0,0,0,0,0,0,NA,NA,NA,NA,NA,120,150,45,35,20,70,10,18,NA,NA,NA,NA,NA,6,9,7,15,7,20,11,19,NA,NA,NA,NA,NA,1,1,4,2,1,3,1,1,4.539411068,NA,NA,NA,NA,NA,2,366,301,362,36,43,1,270,NA,NA,NA,NA,NA,6,7,8,9,10,11,12,13,7.853225708,50.63646317,16.01371002,1.996284723,0.178919792,15.91897678,1.986586809,63.55989075,1687.067139,0.627515674,87.81217957,-923.2395576,-597.489323,WhiteTroatedCaracara,20
279,NA,NA,NA,NA,NA,NA,NA,NA,NA,NA,NA,NA,0,NA,NA,NA,NA,NA,NA,NA,NA,NA,NA,NA,NA,56,NA,NA,NA,NA,NA,NA,NA,NA,NA,NA,NA,NA,16,NA,NA,NA,NA,NA,NA,NA,NA,NA,NA,NA,NA,1,5.661252499,NA,NA,NA,NA,NA,NA,NA,NA,NA,NA,NA,NA,330,NA,NA,NA,NA,NA,NA,NA,NA,NA,NA,NA,NA,13,6.040023804,46.26506805,24.61707115,6.457286358,0.049366821,14.89702415,7.211156845,46.53334427,2066.77417,-2.845205307,127.9584961,-903.2395576,-597.489323,WhiteTroatedCaracara,20
281,NA,NA,NA,NA,NA,NA,NA,NA,NA,NA,0,NA,NA,NA,NA,NA,NA,NA,NA,NA,NA,NA,NA,23,NA,NA,NA,NA,NA,NA,NA,NA,NA,NA,NA,NA,16,NA,NA,NA,NA,NA,NA,NA,NA,NA,NA,NA,NA,3,NA,NA,3.907680511,NA,NA,NA,NA,NA,NA,NA,NA,NA,NA,47,NA,NA,NA,NA,NA,NA,NA,NA,NA,NA,NA,NA,11,NA,NA,8.044085503,41.22386169,17.39820671,1.014961243,0,12.44699192,0.035730984,69.06066895,1827.367065,0.983061492,56.56139374,-863.2395576,-597.489323,WhiteTroatedCaracara,20
289,NA,NA,0,NA,0,0,0,0,0,0,0,0,0,NA,NA,40,NA,60,15,60,60,120,120,70,50,180,NA,NA,16,NA,10,12,8,12,16,15,14,17,15,NA,NA,2,NA,3,1,3,2,2,2,1,1,3,1.198467016,NA,NA,333,NA,364,258,319,246,285,306,302,339,317,NA,NA,3,NA,5,6,7,8,9,10,11,12,13,12.810853,51.64389801,5.566337585,13.59374046,0.993770719,5.750518799,3.390593052,15.42484283,33.35845184,0.020869352,3.24858427,-1143.239558,-617.489323,WhiteTroatedCaracara,20
290,NA,0,NA,NA,NA,NA,0,0,0,0,0,0,0,NA,90,NA,NA,NA,NA,59,109,5,30,91,62,30,NA,14,NA,NA,NA,NA,18,11,16,16,20,18,11,NA,3,NA,NA,NA,NA,1,2,1,1,1,1,1,1.746020913,NA,50,NA,NA,NA,NA,41,280,311,300,364,264,257,NA,2,NA,NA,NA,NA,7,8,9,10,11,12,13,12.2070446,58.97705841,1.012098789,4.742514133,2.442472935,18.6562252,0.501751661,7.406774521,177.3967285,0.672457516,48.51168823,-1123.239558,-617.489323,WhiteTroatedCaracara,20
291,NA,NA,NA,NA,NA,NA,NA,0,NA,0,0,0,NA,NA,NA,NA,NA,NA,NA,NA,15,NA,57,102,18,NA,NA,NA,NA,NA,NA,NA,NA,18,NA,17,8,11,NA,NA,NA,NA,NA,NA,NA,NA,1,NA,1,1,1,NA,2.277278185,NA,NA,NA,NA,NA,NA,NA,365,NA,262,44,342,NA,NA,NA,NA,NA,NA,NA,NA,8,NA,10,11,12,NA,12.25267029,60.34609985,2.235711336,14.93617821,9.848545074,9.147279739,6.717844963,7.291009903,236.9607391,0.565959156,25.76086044,-1103.239558,-617.489323,WhiteTroatedCaracara,20
292,NA,NA,NA,NA,NA,NA,NA,NA,NA,NA,NA,0,0,NA,NA,NA,NA,NA,NA,NA,NA,NA,NA,NA,58,24,NA,NA,NA,NA,NA,NA,NA,NA,NA,NA,NA,19,17,NA,NA,NA,NA,NA,NA,NA,NA,NA,NA,NA,1,1,2.838338375,NA,NA,NA,NA,NA,NA,NA,NA,NA,NA,NA,341,334,NA,NA,NA,NA,NA,NA,NA,NA,NA,NA,NA,12,13,13.06349754,62.40093994,2.611706257,28.29366302,8.595971107,10.52274132,8.328568459,13.15082645,155.8951416,0.479140192,28.42819405,-1083.239558,-617.489323,WhiteTroatedCaracara,20
294,NA,NA,NA,NA,NA,NA,NA,NA,NA,0,NA,0,0,NA,NA,NA,NA,NA,NA,NA,NA,NA,300,NA,119,9,NA,NA,NA,NA,NA,NA,NA,NA,NA,9,NA,14,8,NA,NA,NA,NA,NA,NA,NA,NA,NA,1,NA,1,1,5.203762531,NA,NA,NA,NA,NA,NA,NA,NA,NA,262,NA,318,20,NA,NA,NA,NA,NA,NA,NA,NA,NA,10,NA,12,13,7.964871407,82.65563965,1.645649672,7.678976536,7.359549046,26.98805428,5.50059557,7.95388937,1297.510986,1.152649999,122.3763809,-1003.239558,-617.489323,WhiteTroatedCaracara,20
297,NA,NA,NA,NA,NA,NA,NA,0,NA,0,0,NA,NA,NA,NA,NA,NA,NA,NA,NA,16,NA,10,130,NA,NA,NA,NA,NA,NA,NA,NA,NA,13,NA,9,16,NA,NA,NA,NA,NA,NA,NA,NA,NA,2,NA,1,2,NA,NA,13.86469364,NA,NA,NA,NA,NA,NA,NA,323,NA,292,361,NA,NA,NA,NA,NA,NA,NA,NA,NA,8,NA,10,11,NA,NA,6.412790775,57.55826569,26.64503098,4.902021885,1.474010348,18.55833817,7.91669035,39.96352768,1862.652466,0.247342065,103.5030212,-943.2395576,-617.489323,WhiteTroatedCaracara,20
298,NA,NA,NA,NA,NA,0,NA,0,NA,0,0,0,0,NA,NA,NA,NA,NA,40,NA,20,NA,60,20,4,6,NA,NA,NA,NA,NA,8,NA,9,NA,18,18,9,10,NA,NA,NA,NA,NA,2,NA,2,NA,1,1,2,2,3.000036478,NA,NA,NA,NA,NA,319,NA,42,NA,292,341,28,277,NA,NA,NA,NA,NA,6,NA,8,NA,10,11,12,13,8.888430595,52.90644455,11.78005981,2.011622429,0.204336956,13.9352541,1.578907013,70.11602783,1490.652832,-1.86508441,91.02116394,-923.2395576,-617.489323,WhiteTroatedCaracara,20
300,NA,NA,NA,NA,0,0,NA,0,0,NA,0,NA,0,NA,NA,NA,NA,180,180,NA,180,30,NA,6,NA,74,NA,NA,NA,NA,8,6,NA,8,9,NA,18,NA,11,NA,NA,NA,NA,4,3,NA,2,3,NA,1,NA,1,3.109000921,NA,NA,NA,NA,53,10,NA,301,279,NA,30,NA,330,NA,NA,NA,NA,5,6,NA,8,9,NA,11,NA,13,7.096028805,43.36463547,12.86100674,2.12671566,0.241541579,16.68190002,0.800777793,67.11672974,1937.425049,0.000628822,70.14199066,-883.2395576,-617.489323,WhiteTroatedCaracara,20
301,NA,NA,NA,NA,NA,NA,0,0,0,0,0,NA,0,NA,NA,NA,NA,NA,NA,60,90,180,60,180,NA,120,NA,NA,NA,NA,NA,NA,11,19,8,18,8,NA,17,NA,NA,NA,NA,NA,NA,4,2,2,2,1,NA,4,7.387490749,NA,NA,NA,NA,NA,NA,43,41,363,306,348,NA,282,NA,NA,NA,NA,NA,NA,7,8,9,10,11,NA,13,5.820436478,43.35791779,25.30073547,0.951750219,0.019875659,9.090930939,1.109502077,62.49320602,2211.574463,1.7996732,94.65103149,-863.2395576,-617.489323,WhiteTroatedCaracara,20
304,NA,NA,NA,NA,NA,NA,NA,NA,0,0,0,NA,0,NA,NA,NA,NA,NA,NA,NA,NA,45,19,7,NA,11,NA,NA,NA,NA,NA,NA,NA,NA,14,12,12,NA,12,NA,NA,NA,NA,NA,NA,NA,NA,2,1,3,NA,2,4.188966274,NA,NA,NA,NA,NA,NA,NA,NA,45,38,46,NA,351,NA,NA,NA,NA,NA,NA,NA,NA,9,10,11,NA,13,13.36437988,41.25631714,34.87933731,0.150401369,0.163751543,6.64150095,0.005197536,58.16786957,816.496582,-1.160187721,24.23209953,-803.2395576,-617.489323,WhiteTroatedCaracara,20
305,NA,NA,NA,NA,NA,NA,NA,NA,NA,0,0,NA,0,NA,NA,NA,NA,NA,NA,NA,NA,NA,210,6,NA,47,NA,NA,NA,NA,NA,NA,NA,NA,NA,12,10,NA,12,NA,NA,NA,NA,NA,NA,NA,NA,NA,1,1,NA,2,4.237745762,NA,NA,NA,NA,NA,NA,NA,NA,NA,314,46,NA,351,NA,NA,NA,NA,NA,NA,NA,NA,NA,10,11,NA,13,13.04199314,45.92910004,34.68873978,0.138285205,0.067366466,6.171583176,0.162317723,58.54066849,873.6452637,-1.033487439,27.75513458,-783.2395576,-617.489323,WhiteTroatedCaracara,20
308,NA,NA,NA,NA,NA,0,0,0,NA,NA,NA,NA,0,NA,NA,NA,NA,NA,120,120,120,NA,NA,NA,NA,10,NA,NA,NA,NA,NA,11,11,11,NA,NA,NA,NA,17,NA,NA,NA,NA,NA,3,3,8,NA,NA,NA,NA,3,2.506017208,NA,NA,NA,NA,NA,249,320,10,NA,NA,NA,NA,44,NA,NA,NA,NA,NA,6,7,8,NA,NA,NA,NA,13,12.64513111,81.42664337,0.370612979,9.832846642,8.12863636,23.40428925,1.095722198,5.999366283,95.68571472,0.014928028,29.07599449,-1163.239558,-637.489323,WhiteTroatedCaracara,20
309,NA,NA,NA,0,NA,0,0,0,0,0,0,0,0,NA,NA,NA,60,NA,60,120,63,35,60,6,15,8,NA,NA,NA,12,NA,20,17,18,21,12,10,10,18,NA,NA,NA,1,NA,1,1,1,1,2,1,1,1,3.042525053,NA,NA,NA,15,NA,15,56,365,364,272,283,318,297,NA,NA,NA,4,NA,6,7,8,9,10,11,12,13,11.99934483,65.51572418,0.4496921,4.612006187,4.659332275,21.40779305,1.6600492,9.855477333,238.3422241,0.378303647,54.24958038,-1143.239558,-637.489323,WhiteTroatedCaracara,20
310,NA,NA,NA,NA,NA,NA,NA,NA,NA,0,0,NA,0,NA,NA,NA,NA,NA,NA,NA,NA,NA,5,250,NA,72,NA,NA,NA,NA,NA,NA,NA,NA,NA,12,17,NA,13,NA,NA,NA,NA,NA,NA,NA,NA,NA,1,1,NA,1,3.042525053,NA,NA,NA,NA,NA,NA,NA,NA,NA,265,7,NA,364,NA,NA,NA,NA,NA,NA,NA,NA,NA,10,11,NA,13,11.99934483,65.51572418,0.4496921,4.612006187,4.659332275,21.40779305,1.6600492,9.855477333,238.3422241,0.378303647,54.24958038,-1123.239558,-637.489323,WhiteTroatedCaracara,20
311,NA,NA,NA,NA,NA,NA,NA,0,NA,NA,NA,0,0,NA,NA,NA,NA,NA,NA,NA,5,NA,NA,NA,240,60,NA,NA,NA,NA,NA,NA,NA,14,NA,NA,NA,12,9,NA,NA,NA,NA,NA,NA,NA,1,NA,NA,NA,1,1,2.363463402,NA,NA,NA,NA,NA,NA,NA,281,NA,NA,NA,8,28,NA,NA,NA,NA,NA,NA,NA,8,NA,NA,NA,12,13,12.62172985,63.36248779,1.840914488,12.17019939,9.718003273,10.28936672,5.78002739,9.616704941,180.0348206,0.095526919,30.58228493,-1103.239558,-637.489323,WhiteTroatedCaracara,20
312,NA,NA,NA,NA,NA,NA,NA,NA,NA,NA,NA,0,NA,NA,NA,NA,NA,NA,NA,NA,NA,NA,NA,NA,60,NA,NA,NA,NA,NA,NA,NA,NA,NA,NA,NA,NA,18,NA,NA,NA,NA,NA,NA,NA,NA,NA,NA,NA,NA,1,NA,2.363463402,NA,NA,NA,NA,NA,NA,NA,NA,NA,NA,NA,343,NA,NA,NA,NA,NA,NA,NA,NA,NA,NA,NA,NA,12,NA,12.62172985,63.36248779,1.840914488,12.17019939,9.718003273,10.28936672,5.78002739,9.616704941,180.0348206,0.095526919,30.58228493,-1083.239558,-637.489323,WhiteTroatedCaracara,20
313,NA,NA,NA,NA,NA,0,NA,NA,NA,NA,NA,NA,NA,NA,NA,NA,NA,NA,10,NA,NA,NA,NA,NA,NA,NA,NA,NA,NA,NA,NA,9,NA,NA,NA,NA,NA,NA,NA,NA,NA,NA,NA,NA,1,NA,NA,NA,NA,NA,NA,NA,7.314470768,NA,NA,NA,NA,NA,333,NA,NA,NA,NA,NA,NA,NA,NA,NA,NA,NA,NA,6,NA,NA,NA,NA,NA,NA,NA,8.048575401,92.2877655,0.600589156,8.969856262,5.860154629,29.17110062,4.294268608,7.349898815,1253.860229,2.198213577,133.8351288,-1023.239558,-637.489323,WhiteTroatedCaracara,20
314,NA,NA,NA,NA,NA,NA,NA,NA,NA,NA,NA,0,NA,NA,NA,NA,NA,NA,NA,NA,NA,NA,NA,NA,240,NA,NA,NA,NA,NA,NA,NA,NA,NA,NA,NA,NA,6,NA,NA,NA,NA,NA,NA,NA,NA,NA,NA,NA,NA,4,NA,7.314470768,NA,NA,NA,NA,NA,NA,NA,NA,NA,NA,NA,325,NA,NA,NA,NA,NA,NA,NA,NA,NA,NA,NA,NA,12,NA,8.048575401,92.2877655,0.600589156,8.969856262,5.860154629,29.17110062,4.294268608,7.349898815,1253.860229,2.198213577,133.8351288,-1003.239558,-637.489323,WhiteTroatedCaracara,20
317,NA,NA,NA,NA,NA,NA,NA,0,NA,0,NA,NA,NA,NA,NA,NA,NA,NA,NA,NA,45,NA,80,NA,NA,NA,NA,NA,NA,NA,NA,NA,NA,16,NA,8,NA,NA,NA,NA,NA,NA,NA,NA,NA,NA,2,NA,1,NA,NA,NA,23.59346581,NA,NA,NA,NA,NA,NA,NA,323,NA,27,NA,NA,NA,NA,NA,NA,NA,NA,NA,NA,8,NA,10,NA,NA,NA,6.3933568,61.63779831,25.04931641,5.193858147,0.908621252,17.80881882,5.048057079,45.17653656,1861.562988,1.694725752,121.0635529,-943.2395576,-637.489323,WhiteTroatedCaracara,20
318,NA,NA,NA,NA,0,NA,NA,0,0,0,0,0,0,NA,NA,NA,NA,180,NA,NA,15,5,60,80,40,3,NA,NA,NA,NA,10,NA,NA,11,10,10,19,11,18,NA,NA,NA,NA,2,NA,NA,2,1,1,1,2,1,7.543314934,NA,NA,NA,NA,6,NA,NA,44,323,292,285,282,270,NA,NA,NA,NA,5,NA,NA,8,9,10,11,12,13,9.77453804,56.07714081,9.383003235,2.385592699,0.765500546,14.63879776,1.223277211,71.27981567,1324.421021,-1.076810002,72.55488586,-923.2395576,-637.489323,WhiteTroatedCaracara,20
319,NA,NA,NA,NA,NA,NA,NA,NA,NA,NA,0,0,NA,NA,NA,NA,NA,NA,NA,NA,NA,NA,NA,60,5,NA,NA,NA,NA,NA,NA,NA,NA,NA,NA,NA,11,10,NA,NA,NA,NA,NA,NA,NA,NA,NA,NA,NA,2,2,NA,3.724343538,NA,NA,NA,NA,NA,NA,NA,NA,NA,NA,263,28,NA,NA,NA,NA,NA,NA,NA,NA,NA,NA,NA,11,12,NA,9.737656593,44.61768341,15.51379395,1.35461688,0.054860014,12.91434765,0.845043004,68.89841461,1424.463379,2.175914288,93.49624634,-903.2395576,-637.489323,WhiteTroatedCaracara,20
320,NA,NA,NA,NA,NA,NA,NA,NA,NA,0,NA,NA,0,NA,NA,NA,NA,NA,NA,NA,NA,NA,120,NA,NA,39,NA,NA,NA,NA,NA,NA,NA,NA,NA,7,NA,NA,11,NA,NA,NA,NA,NA,NA,NA,NA,NA,3,NA,NA,1,3.038386345,NA,NA,NA,NA,NA,NA,NA,NA,NA,356,NA,NA,324,NA,NA,NA,NA,NA,NA,NA,NA,NA,10,NA,NA,13,10.39678955,37.44407654,13.59555244,2.183904648,0.030487096,11.49251652,0.243315503,71.82318115,1350.27417,-0.90531975,60.25299835,-883.2395576,-637.489323,WhiteTroatedCaracara,20
321,NA,NA,NA,NA,NA,NA,NA,NA,NA,NA,NA,NA,0,NA,NA,NA,NA,NA,NA,NA,NA,NA,NA,NA,NA,11,NA,NA,NA,NA,NA,NA,NA,NA,NA,NA,NA,NA,10,NA,NA,NA,NA,NA,NA,NA,NA,NA,NA,NA,NA,2,5.788561344,NA,NA,NA,NA,NA,NA,NA,NA,NA,NA,NA,NA,351,NA,NA,NA,NA,NA,NA,NA,NA,NA,NA,NA,NA,13,7.787086487,39.32023621,18.4473877,1.478987694,0,10.48717785,0.883683443,68.41789246,1848.873047,0.842313409,74.5581131,-863.2395576,-637.489323,WhiteTroatedCaracara,20
324,NA,NA,NA,NA,NA,NA,NA,NA,NA,NA,NA,0,NA,NA,NA,NA,NA,NA,NA,NA,NA,NA,NA,NA,194,NA,NA,NA,NA,NA,NA,NA,NA,NA,NA,NA,NA,18,NA,NA,NA,NA,NA,NA,NA,NA,NA,NA,NA,NA,1,NA,4.188966274,NA,NA,NA,NA,NA,NA,NA,NA,NA,NA,NA,282,NA,NA,NA,NA,NA,NA,NA,NA,NA,NA,NA,NA,12,NA,13.36437988,41.25631714,34.87933731,0.150401369,0.163751543,6.64150095,0.005197536,58.16786957,816.496582,-1.160187721,24.23209953,-803.2395576,-637.489323,WhiteTroatedCaracara,20
327,0,0,0,NA,0,0,0,0,0,0,0,0,0,60,45,60,NA,120,180,30,30,120,60,7,98,41,16,11,12,NA,12,11,16,15,7,17,10,12,10,3,2,2,NA,3,1,2,3,1,1,2,1,5,2.506017208,46,279,339,NA,256,290,13,359,316,287,295,250,316,1,2,3,NA,5,6,7,8,9,10,11,12,13,12.64513111,81.42664337,0.370612979,9.832846642,8.12863636,23.40428925,1.095722198,5.999366283,95.68571472,0.014928028,29.07599449,-1163.239558,-657.489323,WhiteTroatedCaracara,20
328,NA,0,NA,NA,0,0,0,0,0,0,0,0,0,NA,120,NA,NA,120,180,45,60,53,18,25,37,120,NA,19,NA,NA,14,14,18,17,10,18,10,14,18,NA,2,NA,NA,3,1,3,1,2,1,1,1,1,2.813995361,NA,278,NA,NA,270,277,365,14,279,285,366,304,362,NA,2,NA,NA,5,6,7,8,9,10,11,12,13,12.4366951,84.75656891,0.353590369,5.312119484,6.01493454,19.03177261,0.716581881,4.93666029,141.1842957,-0.254651815,37.57013321,-1143.239558,-657.489323,WhiteTroatedCaracara,20
330,NA,NA,NA,NA,NA,NA,NA,NA,0,0,0,0,0,NA,NA,NA,NA,NA,NA,NA,NA,180,5,85,44,49,NA,NA,NA,NA,NA,NA,NA,NA,16,11,9,17,16,NA,NA,NA,NA,NA,NA,NA,NA,1,1,1,1,1,3.802007437,NA,NA,NA,NA,NA,NA,NA,NA,262,265,318,316,6,NA,NA,NA,NA,NA,NA,NA,NA,9,10,11,12,13,12.84915447,66.47275543,1.41724968,16.53151894,11.15298843,13.87389469,4.337711811,10.5119257,147.4713135,0.191218853,27.912817,-1103.239558,-657.489323,WhiteTroatedCaracara,20
331,NA,NA,NA,NA,NA,NA,NA,NA,NA,NA,0,NA,NA,NA,NA,NA,NA,NA,NA,NA,NA,NA,NA,80,NA,NA,NA,NA,NA,NA,NA,NA,NA,NA,NA,NA,10,NA,NA,NA,NA,NA,NA,NA,NA,NA,NA,NA,NA,1,NA,NA,3.802007437,NA,NA,NA,NA,NA,NA,NA,NA,NA,NA,306,NA,NA,NA,NA,NA,NA,NA,NA,NA,NA,NA,NA,11,NA,NA,12.84915447,66.47275543,1.41724968,16.53151894,11.15298843,13.87389469,4.337711811,10.5119257,147.4713135,0.191218853,27.912817,-1083.239558,-657.489323,WhiteTroatedCaracara,20
332,NA,NA,NA,NA,NA,0,0,NA,NA,NA,0,0,0,NA,NA,NA,NA,NA,10,60,NA,NA,NA,16,47,10,NA,NA,NA,NA,NA,10,15,NA,NA,NA,13,13,12,NA,NA,NA,NA,NA,1,3,NA,NA,NA,1,1,1,2.553715229,NA,NA,NA,NA,NA,333,296,NA,NA,NA,32,311,309,NA,NA,NA,NA,NA,6,7,NA,NA,NA,11,12,13,11.32933044,99.65093231,0.756441057,35.0067215,7.761131763,16.34838676,3.473933935,18.03400612,474.9842834,-0.149226367,25.13078117,-1023.239558,-657.489323,WhiteTroatedCaracara,20
333,NA,0,0,NA,NA,NA,NA,NA,NA,0,0,0,0,NA,40,60,NA,NA,NA,NA,NA,NA,38,53,120,11,NA,20,11,NA,NA,NA,NA,NA,NA,7,17,13,15,NA,4,10,NA,NA,NA,NA,NA,NA,1,1,2,2,4.663334846,NA,294,295,NA,NA,NA,NA,NA,NA,292,261,264,346,NA,2,3,NA,NA,NA,NA,NA,NA,10,11,12,13,9.188680649,110.3623276,1.779031992,12.06876945,2.940005541,27.04933548,2.702058792,16.44075966,971.3407593,-4.426263332,116.7864151,-1003.239558,-657.489323,WhiteTroatedCaracara,20
334,NA,0,0,NA,0,NA,0,NA,0,0,0,0,0,NA,180,300,NA,240,NA,30,NA,180,240,16,130,30,NA,17,9,NA,13,NA,11,NA,9,15,19,11,14,NA,2,10,NA,1,NA,3,NA,2,3,1,3,1,3.577027559,NA,293,294,NA,24,NA,296,NA,287,265,35,262,283,NA,2,3,NA,5,NA,7,NA,9,10,11,12,13,6.440706253,91.09568024,10.577425,5.923310757,2.607979298,18.7699337,10.35223866,14.4244318,1628.107056,1.313277125,153.8656921,-983.2395576,-657.489323,WhiteTroatedCaracara,20
335,NA,NA,NA,NA,NA,NA,0,0,NA,0,NA,NA,0,NA,NA,NA,NA,NA,NA,60,150,NA,70,NA,NA,73,NA,NA,NA,NA,NA,NA,0,15,NA,15,NA,NA,12,NA,NA,NA,NA,NA,NA,3,4,NA,4,NA,NA,1,10.37443352,NA,NA,NA,NA,NA,NA,296,18,NA,11,NA,NA,7,NA,NA,NA,NA,NA,NA,7,8,NA,10,NA,NA,13,6.33243227,77.81331635,19.0944519,3.377048254,3.293223858,19.83576393,13.79486084,25.86566734,1748.385498,-1.972180843,118.9188156,-963.2395576,-657.489323,WhiteTroatedCaracara,20
336,NA,NA,NA,0,NA,NA,NA,0,NA,0,NA,0,0,NA,NA,NA,180,NA,NA,NA,150,NA,70,NA,190,70,NA,NA,NA,8,NA,NA,NA,12,NA,15,NA,15,6,NA,NA,NA,3,NA,NA,NA,4,NA,2,NA,5,4,22.49817085,NA,NA,NA,12,NA,NA,NA,353,NA,19,NA,37,9,NA,NA,NA,4,NA,NA,NA,8,NA,10,NA,12,13,6.41702795,66.29234314,24.47712898,5.806838036,1.386788726,18.86234665,7.650862694,40.89679718,1822.948364,-1.394695282,106.4739609,-943.2395576,-657.489323,WhiteTroatedCaracara,20
337,NA,NA,NA,NA,NA,NA,NA,0,NA,NA,0,NA,0,NA,NA,NA,NA,NA,NA,NA,20,NA,NA,2,NA,12,NA,NA,NA,NA,NA,NA,NA,16,NA,NA,12,NA,20,NA,NA,NA,NA,NA,NA,NA,2,NA,NA,1,NA,1,17.14173317,NA,NA,NA,NA,NA,NA,NA,41,NA,NA,37,NA,27,NA,NA,NA,NA,NA,NA,NA,8,NA,NA,11,NA,13,9.677915573,58.87770844,5.837947845,3.698056936,0.43228969,11.68958282,0.733609319,77.55705261,1316.364014,-1.475157619,61.67181396,-923.2395576,-657.489323,WhiteTroatedCaracara,20
338,NA,NA,NA,NA,NA,NA,0,NA,NA,NA,NA,NA,NA,NA,NA,NA,NA,NA,NA,250,NA,NA,NA,NA,NA,NA,NA,NA,NA,NA,NA,NA,14,NA,NA,NA,NA,NA,NA,NA,NA,NA,NA,NA,NA,2,NA,NA,NA,NA,NA,NA,6.070457458,NA,NA,NA,NA,NA,NA,291,NA,NA,NA,NA,NA,NA,NA,NA,NA,NA,NA,NA,7,NA,NA,NA,NA,NA,NA,10.10471058,45.8885498,8.671154976,3.046168089,0.0002563,12.94514942,1.702789068,73.63560486,1319.278198,-2.814132929,80.86711121,-903.2395576,-657.489323,WhiteTroatedCaracara,20
339,NA,NA,NA,NA,0,0,0,0,0,0,0,0,0,NA,NA,NA,NA,120,120,230,60,34,1,10,17,15,NA,NA,NA,NA,9,10,7,12,16,19,12,8,12,NA,NA,NA,NA,2,1,3,2,1,1,1,1,1,3.24111557,NA,NA,NA,NA,12,255,266,357,361,291,305,299,281,NA,NA,NA,NA,5,6,7,8,9,10,11,12,13,11.96634197,33.45572662,20.30957603,1.91377604,0.243562296,10.021245,0.187462851,66.01329803,1036.798462,-0.770206451,54.45558167,-883.2395576,-657.489323,WhiteTroatedCaracara,20
344,NA,NA,NA,NA,NA,NA,NA,NA,0,0,NA,NA,NA,NA,NA,NA,NA,NA,NA,NA,NA,15,3,NA,NA,NA,NA,NA,NA,NA,NA,NA,NA,NA,13,18,NA,NA,NA,NA,NA,NA,NA,NA,NA,NA,NA,2,1,NA,NA,NA,2.361359119,NA,NA,NA,NA,NA,NA,NA,NA,272,25,NA,NA,NA,NA,NA,NA,NA,NA,NA,NA,NA,9,10,NA,NA,NA,12.30980492,100.3771362,0.945581019,5.469146729,6.208277702,28.41691399,1.987700105,2.617817402,136.8879089,0.362796545,25.61874771,-1183.239558,-677.489323,WhiteTroatedCaracara,20
345,NA,NA,NA,NA,NA,NA,NA,NA,NA,0,NA,NA,NA,NA,NA,NA,NA,NA,NA,NA,NA,NA,42,NA,NA,NA,NA,NA,NA,NA,NA,NA,NA,NA,NA,19,NA,NA,NA,NA,NA,NA,NA,NA,NA,NA,NA,NA,1,NA,NA,NA,2.361359119,NA,NA,NA,NA,NA,NA,NA,NA,NA,25,NA,NA,NA,NA,NA,NA,NA,NA,NA,NA,NA,NA,10,NA,NA,NA,12.30980492,100.3771362,0.945581019,5.469146729,6.208277702,28.41691399,1.987700105,2.617817402,136.8879089,0.362796545,25.61874771,-1163.239558,-677.489323,WhiteTroatedCaracara,20
346,NA,NA,NA,NA,NA,NA,NA,NA,0,NA,0,0,NA,NA,NA,NA,NA,NA,NA,NA,NA,3,NA,120,15,NA,NA,NA,NA,NA,NA,NA,NA,NA,19,NA,13,16,NA,NA,NA,NA,NA,NA,NA,NA,NA,1,NA,1,1,NA,2.841225386,NA,NA,NA,NA,NA,NA,NA,NA,24,NA,362,7,NA,NA,NA,NA,NA,NA,NA,NA,NA,9,NA,11,12,NA,11.49790001,94.24751282,0.398257405,1.737193584,2.880438328,20.66379356,1.093704581,8.879542351,306.8552856,-0.951322675,50.60006714,-1143.239558,-677.489323,WhiteTroatedCaracara,20
349,NA,NA,NA,NA,NA,NA,NA,NA,NA,0,0,NA,0,NA,NA,NA,NA,NA,NA,NA,NA,NA,2,20,NA,15,NA,NA,NA,NA,NA,NA,NA,NA,NA,21,14,NA,16,NA,NA,NA,NA,NA,NA,NA,NA,NA,1,1,NA,1,2.981190681,NA,NA,NA,NA,NA,NA,NA,NA,NA,14,291,NA,269,NA,NA,NA,NA,NA,NA,NA,NA,NA,10,11,NA,13,12.15975571,71.14351654,0.245667502,11.04545403,7.056463242,14.69111061,2.558720589,4.98737812,254.1721802,0.103598759,52.69772339,-1083.239558,-677.489323,WhiteTroatedCaracara,20
350,NA,NA,NA,0,0,NA,NA,NA,NA,NA,NA,NA,NA,NA,NA,NA,60,180,NA,NA,NA,NA,NA,NA,NA,NA,NA,NA,NA,0,10,NA,NA,NA,NA,NA,NA,NA,NA,NA,NA,NA,3,1,NA,NA,NA,NA,NA,NA,NA,NA,2.300917625,NA,NA,NA,39,263,NA,NA,NA,NA,NA,NA,NA,NA,NA,NA,NA,4,5,NA,NA,NA,NA,NA,NA,NA,NA,11.27273846,108.4585266,1.021245599,22.88268089,9.096940994,16.99019241,4.701153278,9.592858315,481.090332,0.697337508,29.9041996,-1023.239558,-677.489323,WhiteTroatedCaracara,20
351,NA,NA,NA,NA,NA,NA,NA,NA,NA,NA,NA,0,NA,NA,NA,NA,NA,NA,NA,NA,NA,NA,NA,NA,35,NA,NA,NA,NA,NA,NA,NA,NA,NA,NA,NA,NA,6,NA,NA,NA,NA,NA,NA,NA,NA,NA,NA,NA,NA,1,NA,3.439014673,NA,NA,NA,NA,NA,NA,NA,NA,NA,NA,NA,344,NA,NA,NA,NA,NA,NA,NA,NA,NA,NA,NA,NA,12,NA,8.882112503,124.4644318,0.322013706,6.941963196,4.314709663,32.98423386,1.349812508,4.686508179,1040.255981,-1.446101308,132.019455,-1003.239558,-677.489323,WhiteTroatedCaracara,20
353,NA,NA,NA,NA,NA,NA,NA,NA,NA,NA,NA,NA,0,NA,NA,NA,NA,NA,NA,NA,NA,NA,NA,NA,NA,26,NA,NA,NA,NA,NA,NA,NA,NA,NA,NA,NA,NA,15,NA,NA,NA,NA,NA,NA,NA,NA,NA,NA,NA,NA,1,4.467783451,NA,NA,NA,NA,NA,NA,NA,NA,NA,NA,NA,NA,7,NA,NA,NA,NA,NA,NA,NA,NA,NA,NA,NA,NA,13,5.811854362,81.87494659,19.76865005,4.925607681,1.823633909,19.75952721,13.48554993,35.37530518,1826.304077,-0.758040667,126.2281342,-963.2395576,-677.489323,WhiteTroatedCaracara,20
354,NA,NA,NA,NA,NA,NA,NA,NA,NA,0,NA,NA,0,NA,NA,NA,NA,NA,NA,NA,NA,NA,20,NA,NA,100,NA,NA,NA,NA,NA,NA,NA,NA,NA,8,NA,NA,11,NA,NA,NA,NA,NA,NA,NA,NA,NA,5,NA,NA,4,6.592141628,NA,NA,NA,NA,NA,NA,NA,NA,NA,37,NA,NA,51,NA,NA,NA,NA,NA,NA,NA,NA,NA,10,NA,NA,13,7.140621185,73.30528259,22.21525192,2.069617987,0.748852253,20.92285347,4.779549122,47.82171631,1677.55603,-0.20696032,109.1540604,-943.2395576,-677.489323,WhiteTroatedCaracara,20
355,NA,NA,NA,NA,NA,NA,NA,0,NA,NA,NA,NA,0,NA,NA,NA,NA,NA,NA,NA,20,NA,NA,NA,NA,60,NA,NA,NA,NA,NA,NA,NA,14,NA,NA,NA,NA,9,NA,NA,NA,NA,NA,NA,NA,2,NA,NA,NA,NA,1,8.352151871,NA,NA,NA,NA,NA,NA,NA,41,NA,NA,NA,NA,349,NA,NA,NA,NA,NA,NA,NA,8,NA,NA,NA,NA,13,8.115253448,61.30768204,15.64223385,2.836206913,0.841223001,20.31863022,1.013458967,59.03578949,1592.473267,1.669858694,62.98540497,-923.2395576,-677.489323,WhiteTroatedCaracara,20
356,NA,NA,NA,NA,NA,NA,NA,0,NA,0,0,0,NA,NA,NA,NA,NA,NA,NA,NA,140,NA,75,90,120,NA,NA,NA,NA,NA,NA,NA,NA,17,NA,16,16,16,NA,NA,NA,NA,NA,NA,NA,NA,4,NA,2,3,1,NA,6.164500713,NA,NA,NA,NA,NA,NA,NA,2,NA,9,296,321,NA,NA,NA,NA,NA,NA,NA,NA,8,NA,10,11,12,NA,8.431052208,49.72921753,8.884196281,3.169497967,0.119142264,14.68445015,2.474729061,70.53424835,1590.258301,1.020955682,82.50050354,-903.2395576,-677.489323,WhiteTroatedCaracara,20
361,NA,NA,NA,NA,NA,NA,NA,0,0,NA,NA,0,0,NA,NA,NA,NA,NA,NA,NA,4,38,NA,NA,48,39,NA,NA,NA,NA,NA,NA,NA,17,17,NA,NA,19,14,NA,NA,NA,NA,NA,NA,NA,1,2,NA,NA,1,1,2.102343559,NA,NA,NA,NA,NA,NA,NA,20,272,NA,NA,304,15,NA,NA,NA,NA,NA,NA,NA,8,9,NA,NA,12,13,12.22807789,115.7911911,0.248178467,3.674521685,5.148763657,25.40530968,0.390241593,1.987150669,136.8676605,0.264114141,27.54928398,-1183.239558,-697.489323,WhiteTroatedCaracara,20
362,NA,NA,NA,NA,NA,NA,NA,NA,NA,NA,NA,NA,0,NA,NA,NA,NA,NA,NA,NA,NA,NA,NA,NA,NA,8,NA,NA,NA,NA,NA,NA,NA,NA,NA,NA,NA,NA,19,NA,NA,NA,NA,NA,NA,NA,NA,NA,NA,NA,NA,1,2.102343559,NA,NA,NA,NA,NA,NA,NA,NA,NA,NA,NA,NA,13,NA,NA,NA,NA,NA,NA,NA,NA,NA,NA,NA,NA,13,12.22807789,115.7911911,0.248178467,3.674521685,5.148763657,25.40530968,0.390241593,1.987150669,136.8676605,0.264114141,27.54928398,-1163.239558,-697.489323,WhiteTroatedCaracara,20
363,NA,NA,NA,NA,NA,NA,0,NA,0,NA,NA,0,NA,NA,NA,NA,NA,NA,NA,40,NA,125,NA,NA,9,NA,NA,NA,NA,NA,NA,NA,21,NA,15,NA,NA,16,NA,NA,NA,NA,NA,NA,NA,6,NA,2,NA,NA,1,NA,2.164830685,NA,NA,NA,NA,NA,NA,364,NA,300,NA,NA,8,NA,NA,NA,NA,NA,NA,NA,7,NA,9,NA,NA,12,NA,10.59411335,101.1688843,0.242204368,1.33280313,1.86515522,32.5105629,0.492954344,8.488367081,462.3052979,1.110837817,77.32665253,-1143.239558,-697.489323,WhiteTroatedCaracara,20
364,NA,NA,NA,NA,NA,NA,NA,NA,NA,NA,NA,0,NA,NA,NA,NA,NA,NA,NA,NA,NA,NA,NA,NA,240,NA,NA,NA,NA,NA,NA,NA,NA,NA,NA,NA,NA,10,NA,NA,NA,NA,NA,NA,NA,NA,NA,NA,NA,NA,5,NA,4.127048969,NA,NA,NA,NA,NA,NA,NA,NA,NA,NA,NA,275,NA,NA,NA,NA,NA,NA,NA,NA,NA,NA,NA,NA,12,NA,8.61405468,86.69262695,0.048999608,2.498638868,4.557431698,32.677948,0.707149744,1.466213226,879.677002,0.031005111,68.76085663,-1123.239558,-697.489323,WhiteTroatedCaracara,20
366,NA,NA,NA,NA,NA,NA,NA,NA,NA,NA,NA,NA,0,NA,NA,NA,NA,NA,NA,NA,NA,NA,NA,NA,NA,40,NA,NA,NA,NA,NA,NA,NA,NA,NA,NA,NA,NA,14,NA,NA,NA,NA,NA,NA,NA,NA,NA,NA,NA,NA,2,3.064172268,NA,NA,NA,NA,NA,NA,NA,NA,NA,NA,NA,NA,248,NA,NA,NA,NA,NA,NA,NA,NA,NA,NA,NA,NA,13,12.77381516,66.91972351,0.537121594,37.86871338,5.404504776,12.71439362,0.940280259,4.426365852,152.9726715,0.578488588,24.18372536,-1083.239558,-697.489323,WhiteTroatedCaracara,20
367,NA,NA,NA,NA,NA,NA,NA,NA,NA,0,0,0,0,NA,NA,NA,NA,NA,NA,NA,NA,NA,20,48,45,20,NA,NA,NA,NA,NA,NA,NA,NA,NA,9,9,16,19,NA,NA,NA,NA,NA,NA,NA,NA,NA,2,1,4,2,3.117583275,NA,NA,NA,NA,NA,NA,NA,NA,NA,361,248,284,49,NA,NA,NA,NA,NA,NA,NA,NA,NA,10,11,12,13,11.73032475,128.8161621,0.328369409,30.46801949,9.25376606,18.49276733,3.111481905,9.430514336,388.8551331,-1.065490603,30.1425457,-1023.239558,-697.489323,WhiteTroatedCaracara,20
368,NA,NA,NA,NA,NA,NA,NA,NA,0,NA,0,0,0,NA,NA,NA,NA,NA,NA,NA,NA,120,NA,50,120,30,NA,NA,NA,NA,NA,NA,NA,NA,22,NA,9,17,8,NA,NA,NA,NA,NA,NA,NA,NA,3,NA,1,9,1,3.716417074,NA,NA,NA,NA,NA,NA,NA,NA,59,NA,292,244,283,NA,NA,NA,NA,NA,NA,NA,NA,9,NA,11,12,13,9.312911987,139.5037689,0.678529799,14.10022163,6.219527245,27.08540344,5.501405239,8.866498947,943.1599121,0.326499939,141.396347,-1003.239558,-697.489323,WhiteTroatedCaracara,20
369,NA,NA,NA,NA,NA,NA,NA,NA,NA,0,0,0,0,NA,NA,NA,NA,NA,NA,NA,NA,NA,15,7,120,16,NA,NA,NA,NA,NA,NA,NA,NA,NA,11,7,8,9,NA,NA,NA,NA,NA,NA,NA,NA,NA,1,1,4,1,3.214258194,NA,NA,NA,NA,NA,NA,NA,NA,NA,325,306,325,46,NA,NA,NA,NA,NA,NA,NA,NA,NA,10,11,12,13,8.142109871,129.3701782,2.567840815,10.7895546,6.817911148,29.76629829,7.527406216,8.861186028,1247.003174,-0.516656578,158.7017975,-983.2395576,-697.489323,WhiteTroatedCaracara,20
370,NA,NA,NA,NA,NA,0,NA,NA,NA,0,0,0,0,NA,NA,NA,NA,NA,240,NA,NA,NA,120,44,160,130,NA,NA,NA,NA,NA,11,NA,NA,NA,14,10,10,5,NA,NA,NA,NA,NA,2,NA,NA,NA,1,1,5,1,2.960796118,NA,NA,NA,NA,NA,52,NA,NA,NA,47,306,41,3,NA,NA,NA,NA,NA,6,NA,NA,NA,10,11,12,13,6.419219017,95.8374939,10.73225689,8.010007858,5.421210289,23.84353065,12.9688673,24.11264801,1669.880859,-1.590963244,148.4025726,-963.2395576,-697.489323,WhiteTroatedCaracara,20
371,NA,NA,NA,NA,NA,0,NA,0,0,0,0,0,0,NA,NA,NA,NA,NA,60,NA,60,120,45,212,55,50,NA,NA,NA,NA,NA,10,NA,17,18,8,17,8,17,NA,NA,NA,NA,NA,2,NA,3,2,2,1,2,3,4.266313553,NA,NA,NA,NA,NA,46,NA,362,27,364,334,350,12,NA,NA,NA,NA,NA,6,NA,8,9,10,11,12,13,6.291708469,75.75773621,19.15730286,5.393440723,1.929555893,19.26101112,10.33031082,41.0638504,1805.605591,0.563459277,93.24871826,-943.2395576,-697.489323,WhiteTroatedCaracara,20
372,NA,NA,NA,NA,NA,NA,NA,NA,0,0,0,0,0,NA,NA,NA,NA,NA,NA,NA,NA,120,9,20,10,15,NA,NA,NA,NA,NA,NA,NA,NA,11,18,16,10,16,NA,NA,NA,NA,NA,NA,NA,NA,2,1,3,1,2,2.167101145,NA,NA,NA,NA,NA,NA,NA,NA,4,46,48,322,2,NA,NA,NA,NA,NA,NA,NA,NA,9,10,11,12,13,9.164926529,65.66020966,6.20993042,4.300181389,0.493404478,8.103596687,1.400431156,78.77018738,1362.551514,-2.228379726,41.47206879,-923.2395576,-697.489323,WhiteTroatedCaracara,20
379,NA,NA,NA,NA,NA,NA,NA,NA,NA,0,NA,NA,NA,NA,NA,NA,NA,NA,NA,NA,NA,NA,30,NA,NA,NA,NA,NA,NA,NA,NA,NA,NA,NA,NA,19,NA,NA,NA,NA,NA,NA,NA,NA,NA,NA,NA,NA,1,NA,NA,NA,9.846176147,NA,NA,NA,NA,NA,NA,NA,NA,NA,335,NA,NA,NA,NA,NA,NA,NA,NA,NA,NA,NA,NA,10,NA,NA,NA,12.60499001,124.5172195,0.724124134,21.74085426,9.050559998,13.80056286,3.233752966,12.77440739,66.08081055,-0.143571123,13.546381,-1163.239558,-717.489323,WhiteTroatedCaracara,20
380,0,NA,NA,NA,NA,NA,0,0,0,NA,0,0,0,30,NA,NA,NA,NA,NA,60,24,40,NA,44,92,2,20,NA,NA,NA,NA,NA,14,9,13,NA,10,12,6,2,NA,NA,NA,NA,NA,8,1,2,NA,1,1,1,2.890308142,36,NA,NA,NA,NA,NA,350,365,267,NA,334,245,50,1,NA,NA,NA,NA,NA,7,8,9,NA,11,12,13,11.44044685,115.2837296,0.248690352,12.79262924,5.449909687,23.26568413,0.940154552,8.122372627,290.5051575,0.074079446,76.55069733,-1143.239558,-717.489323,WhiteTroatedCaracara,20
381,0,NA,NA,0,0,0,0,NA,0,0,0,0,0,120,NA,NA,45,180,180,180,NA,300,300,186,7,95,11,NA,NA,7,6,17,15,NA,9,12,16,11,15,1,NA,NA,1,2,2,3,NA,3,3,1,1,1,5.342337132,37,NA,NA,319,32,9,284,NA,249,4,36,329,25,1,NA,NA,4,5,6,7,NA,9,10,11,12,13,8.543452263,95.21298981,0.255516529,4.245865345,1.972489476,29.50058937,1.578481674,3.225234032,867.4882813,0.279102951,76.739151,-1123.239558,-717.489323,WhiteTroatedCaracara,20
382,NA,NA,NA,NA,NA,NA,NA,NA,NA,NA,0,0,NA,NA,NA,NA,NA,NA,NA,NA,NA,NA,NA,100,118,NA,NA,NA,NA,NA,NA,NA,NA,NA,NA,NA,18,8,NA,NA,NA,NA,NA,NA,NA,NA,NA,NA,NA,1,1,NA,4.021682262,NA,NA,NA,NA,NA,NA,NA,NA,NA,NA,33,260,NA,NA,NA,NA,NA,NA,NA,NA,NA,NA,NA,11,12,NA,9.80815506,88.41682434,1.118596673,18.28786469,7.506529808,20.48300743,6.711402416,7.447939396,648.3526001,0.516287744,77.70516968,-1103.239558,-717.489323,WhiteTroatedCaracara,20
383,NA,NA,NA,NA,NA,NA,NA,NA,NA,NA,0,0,0,NA,NA,NA,NA,NA,NA,NA,NA,NA,NA,70,61,43,NA,NA,NA,NA,NA,NA,NA,NA,NA,NA,18,15,9,NA,NA,NA,NA,NA,NA,NA,NA,NA,NA,1,1,1,1.952836394,NA,NA,NA,NA,NA,NA,NA,NA,NA,NA,308,259,335,NA,NA,NA,NA,NA,NA,NA,NA,NA,NA,11,12,13,12.55706501,72.7013855,1.256188512,33.84315109,7.075526714,15.46840191,2.911752939,9.863495827,134.6595612,-1.316366911,23.13954544,-1083.239558,-717.489323,WhiteTroatedCaracara,20
385,NA,NA,NA,NA,NA,NA,NA,0,NA,NA,0,0,0,NA,NA,NA,NA,NA,NA,NA,30,NA,NA,30,37,180,NA,NA,NA,NA,NA,NA,NA,12,NA,NA,14,17,10,NA,NA,NA,NA,NA,NA,NA,2,NA,NA,1,1,1,4.370380878,NA,NA,NA,NA,NA,NA,NA,13,NA,NA,349,50,316,NA,NA,NA,NA,NA,NA,NA,8,NA,NA,11,12,13,9.07487011,160.9088135,0.121300414,9.742827415,5.499464989,34.00314331,0.837898076,3.261334419,979.5838623,-0.548281968,132.0703888,-1003.239558,-717.489323,WhiteTroatedCaracara,20
386,NA,NA,NA,NA,NA,NA,NA,NA,NA,NA,NA,0,0,NA,NA,NA,NA,NA,NA,NA,NA,NA,NA,NA,90,120,NA,NA,NA,NA,NA,NA,NA,NA,NA,NA,NA,14,19,NA,NA,NA,NA,NA,NA,NA,NA,NA,NA,NA,2,2,4.541665554,NA,NA,NA,NA,NA,NA,NA,NA,NA,NA,NA,338,353,NA,NA,NA,NA,NA,NA,NA,NA,NA,NA,NA,12,13,6.813079357,127.6533508,4.41860342,5.378315449,5.442734241,31.97875214,8.927143097,10.35845566,1494.66272,4.059585571,153.3742676,-983.2395576,-717.489323,WhiteTroatedCaracara,20
387,0,NA,NA,NA,NA,NA,NA,NA,NA,0,NA,0,NA,5,NA,NA,NA,NA,NA,NA,NA,NA,220,NA,60,NA,18,NA,NA,NA,NA,NA,NA,NA,NA,9,NA,8,NA,1,NA,NA,NA,NA,NA,NA,NA,NA,2,NA,1,NA,4.96199131,324,NA,NA,NA,NA,NA,NA,NA,NA,25,NA,36,NA,1,NA,NA,NA,NA,NA,NA,NA,NA,10,NA,12,NA,6.273180485,102.9292603,11.88428211,4.202172756,7.127140999,27.30065155,11.80040741,21.83512115,1686.807007,0.172593325,128.515152,-963.2395576,-717.489323,WhiteTroatedCaracara,20
388,NA,NA,NA,NA,0,0,NA,0,NA,NA,0,0,0,NA,NA,NA,NA,70,30,NA,60,NA,NA,8,234,60,NA,NA,NA,NA,19,16,NA,17,NA,NA,16,9,11,NA,NA,NA,NA,2,2,NA,3,NA,NA,1,1,2,12.22223091,NA,NA,NA,NA,13,51,NA,363,NA,NA,50,251,345,NA,NA,NA,NA,5,6,NA,8,NA,NA,11,12,13,5.864948273,78.81044769,22.41590881,4.812579632,2.17435813,20.22529984,11.22684956,32.63301468,1850.415405,0.593594015,107.8748322,-943.2395576,-717.489323,WhiteTroatedCaracara,20
389,NA,NA,NA,NA,NA,NA,NA,NA,NA,NA,0,0,0,NA,NA,NA,NA,NA,NA,NA,NA,NA,NA,29,44,90,NA,NA,NA,NA,NA,NA,NA,NA,NA,NA,14,19,12,NA,NA,NA,NA,NA,NA,NA,NA,NA,NA,2,3,4,8.555192947,NA,NA,NA,NA,NA,NA,NA,NA,NA,NA,357,340,244,NA,NA,NA,NA,NA,NA,NA,NA,NA,NA,11,12,13,9.215112686,69.37142181,9.004159927,4.541808128,1.36925447,11.85141659,1.123385787,71.57885742,1328.080933,-0.137798682,28.37773323,-923.2395576,-717.489323,WhiteTroatedCaracara,20
390,NA,NA,NA,NA,NA,NA,NA,NA,0,0,0,0,NA,NA,NA,NA,NA,NA,NA,NA,NA,30,90,113,111,NA,NA,NA,NA,NA,NA,NA,NA,NA,12,15,13,11,NA,NA,NA,NA,NA,NA,NA,NA,NA,5,4,3,2,NA,9.509792328,NA,NA,NA,NA,NA,NA,NA,NA,5,314,340,318,NA,NA,NA,NA,NA,NA,NA,NA,NA,9,10,11,12,NA,9.834060669,53.01032257,2.968516588,3.498049021,0.143754527,10.00971699,0.395061284,82.74822235,1266.613281,-0.210631549,54.06612396,-903.2395576,-717.489323,WhiteTroatedCaracara,20
391,NA,NA,NA,NA,NA,NA,NA,NA,0,0,NA,NA,NA,NA,NA,NA,NA,NA,NA,NA,NA,60,70,NA,NA,NA,NA,NA,NA,NA,NA,NA,NA,NA,12,9,NA,NA,NA,NA,NA,NA,NA,NA,NA,NA,NA,2,10,NA,NA,NA,17.9740696,NA,NA,NA,NA,NA,NA,NA,NA,245,264,NA,NA,NA,NA,NA,NA,NA,NA,NA,NA,NA,9,10,NA,NA,NA,10.03763103,40.23860931,8.526654243,0.480141819,0,11.79502487,0.048353568,79.15886688,1288.22168,0.02465108,52.81716156,-883.2395576,-717.489323,WhiteTroatedCaracara,20
392,NA,NA,NA,NA,NA,NA,NA,NA,0,NA,NA,0,0,NA,NA,NA,NA,NA,NA,NA,NA,10,NA,NA,2,20,NA,NA,NA,NA,NA,NA,NA,NA,14,NA,NA,12,17,NA,NA,NA,NA,NA,NA,NA,NA,1,NA,NA,2,2,4.809149742,NA,NA,NA,NA,NA,NA,NA,NA,361,NA,NA,28,346,NA,NA,NA,NA,NA,NA,NA,NA,9,NA,NA,12,13,11.30161285,32.40739441,26.52985573,0.299846768,0,5.275129795,1.328534245,66.55927277,1083.532837,0.089121677,37.53310776,-863.2395576,-717.489323,WhiteTroatedCaracara,20
397,NA,NA,0,0,0,0,NA,0,0,0,0,0,0,NA,NA,20,180,30,30,NA,60,35,180,30,112,205,NA,NA,9,16,8,13,NA,16,14,7,9,16,10,NA,NA,1,1,5,1,NA,2,1,2,1,3,1,2.793271065,NA,NA,26,8,302,270,NA,59,308,38,305,23,54,NA,NA,3,4,5,6,NA,8,9,10,11,12,13,12.04849148,123.5440903,1.162651896,16.06829834,6.1049757,22.07515526,0.755940974,6.750252724,163.2697296,-1.238097429,61.40337753,-1143.239558,-737.489323,WhiteTroatedCaracara,20
398,NA,NA,NA,0,0,0,NA,NA,0,0,0,0,NA,NA,NA,NA,130,120,40,NA,NA,180,180,50,4,NA,NA,NA,NA,12,9,11,NA,NA,13,16,18,7,NA,NA,NA,NA,6,5,1,NA,NA,1,1,2,1,NA,3.996461391,NA,NA,NA,314,302,270,NA,NA,54,263,344,282,NA,NA,NA,NA,4,5,6,NA,NA,9,10,11,12,NA,10.78090763,100.7400055,0.597067654,17.31628418,4.806384563,18.82819366,3.120610952,5.207675934,385.9917908,0.401190877,74.2148056,-1123.239558,-737.489323,WhiteTroatedCaracara,20
399,NA,NA,NA,NA,NA,NA,NA,0,NA,0,0,0,0,NA,NA,NA,NA,NA,NA,NA,30,NA,120,120,54,42,NA,NA,NA,NA,NA,NA,NA,8,NA,18,18,17,11,NA,NA,NA,NA,NA,NA,NA,1,NA,3,1,3,2,2.915004492,NA,NA,NA,NA,NA,NA,NA,331,NA,7,314,247,315,NA,NA,NA,NA,NA,NA,NA,8,NA,10,11,12,13,11.96401978,81.13043976,3.146331787,44.07888031,3.15209651,10.40659714,9.777919769,12.47690392,180.9560089,-0.526341558,31.72166824,-1103.239558,-737.489323,WhiteTroatedCaracara,20
402,NA,NA,NA,NA,NA,NA,NA,NA,NA,NA,NA,NA,0,NA,NA,NA,NA,NA,NA,NA,NA,NA,NA,NA,NA,30,NA,NA,NA,NA,NA,NA,NA,NA,NA,NA,NA,NA,17,NA,NA,NA,NA,NA,NA,NA,NA,NA,NA,NA,NA,2,8.97004509,NA,NA,NA,NA,NA,NA,NA,NA,NA,NA,NA,NA,53,NA,NA,NA,NA,NA,NA,NA,NA,NA,NA,NA,NA,13,8.121011734,164.7058868,0.490488589,6.54172945,5.118667126,37.76296616,2.554055929,6.272150517,1173.402344,1.457049847,135.4993896,-1003.239558,-737.489323,WhiteTroatedCaracara,20
406,NA,NA,NA,NA,NA,NA,NA,NA,NA,NA,NA,0,NA,NA,NA,NA,NA,NA,NA,NA,NA,NA,NA,NA,92,NA,NA,NA,NA,NA,NA,NA,NA,NA,NA,NA,NA,18,NA,NA,NA,NA,NA,NA,NA,NA,NA,NA,NA,NA,2,NA,14.41426563,NA,NA,NA,NA,NA,NA,NA,NA,NA,NA,NA,8,NA,NA,NA,NA,NA,NA,NA,NA,NA,NA,NA,NA,12,NA,8.688260078,69.70765686,9.165902138,5.605029583,1.709330201,7.570981503,5.819620132,69.1619339,1395.589722,-1.890135407,50.83981705,-923.2395576,-737.489323,WhiteTroatedCaracara,20
407,NA,NA,NA,NA,NA,NA,NA,0,0,0,0,0,0,NA,NA,NA,NA,NA,NA,NA,70,150,180,104,95,70,NA,NA,NA,NA,NA,NA,NA,18,18,13,18,11,17,NA,NA,NA,NA,NA,NA,NA,1,3,2,1,1,1,6.218744755,NA,NA,NA,NA,NA,NA,NA,266,360,254,353,282,253,NA,NA,NA,NA,NA,NA,NA,8,9,10,11,12,13,9.912934303,53.73854065,6.302373886,3.429054022,0.336286813,10.79772377,0.834254801,77.81092834,1226.74231,0.644502521,55.24457932,-903.2395576,-737.489323,WhiteTroatedCaracara,20
409,NA,NA,NA,NA,NA,NA,NA,NA,0,NA,NA,NA,0,NA,NA,NA,NA,NA,NA,NA,NA,30,NA,NA,NA,8,NA,NA,NA,NA,NA,NA,NA,NA,10,NA,NA,NA,17,NA,NA,NA,NA,NA,NA,NA,NA,2,NA,NA,NA,2,4.831737041,NA,NA,NA,NA,NA,NA,NA,NA,48,NA,NA,NA,346,NA,NA,NA,NA,NA,NA,NA,NA,9,NA,NA,NA,13,11.7996645,31.01473808,41.23716354,0.08514405,0,2.727706909,2.448815823,53.50285339,938.3408203,-0.131839812,37.17886353,-863.2395576,-737.489323,WhiteTroatedCaracara,20
413,NA,NA,NA,NA,NA,NA,NA,0,0,0,NA,NA,0,NA,NA,NA,NA,NA,NA,NA,30,120,20,NA,NA,50,NA,NA,NA,NA,NA,NA,NA,15,16,13,NA,NA,9,NA,NA,NA,NA,NA,NA,NA,2,1,1,NA,NA,1,2.966589212,NA,NA,NA,NA,NA,NA,NA,59,44,37,NA,NA,30,NA,NA,NA,NA,NA,NA,NA,8,9,10,NA,NA,13,12.17634773,117.7340393,0.452021003,18.35830688,5.229656219,18.78544807,1.40058136,6.657661438,134.9477997,-0.271543503,47.7999382,-1143.239558,-757.489323,WhiteTroatedCaracara,20
414,NA,NA,NA,NA,NA,NA,NA,0,NA,NA,NA,NA,NA,NA,NA,NA,NA,NA,NA,NA,17,NA,NA,NA,NA,NA,NA,NA,NA,NA,NA,NA,NA,16,NA,NA,NA,NA,NA,NA,NA,NA,NA,NA,NA,NA,2,NA,NA,NA,NA,NA,2.816533327,NA,NA,NA,NA,NA,NA,NA,345,NA,NA,NA,NA,NA,NA,NA,NA,NA,NA,NA,NA,8,NA,NA,NA,NA,NA,10.47498894,101.8557281,0,4.634325981,4.634626389,22.85535049,0.180493593,1.260444999,436.1689453,-0.537477911,77.30066681,-1123.239558,-757.489323,WhiteTroatedCaracara,20
415,NA,NA,NA,NA,NA,NA,NA,0,NA,0,0,0,NA,NA,NA,NA,NA,NA,NA,NA,5,NA,300,60,8,NA,NA,NA,NA,NA,NA,NA,NA,13,NA,13,16,17,NA,NA,NA,NA,NA,NA,NA,NA,2,NA,1,2,1,NA,2.935808182,NA,NA,NA,NA,NA,NA,NA,345,NA,13,366,297,NA,NA,NA,NA,NA,NA,NA,NA,8,NA,10,11,12,NA,11.67080688,86.3111496,2.068852663,25.8871727,7.731503487,14.2949295,8.616028786,12.61176014,225.6969604,-0.413444787,37.86429977,-1103.239558,-757.489323,WhiteTroatedCaracara,20
416,0,NA,NA,NA,NA,NA,NA,0,NA,NA,NA,0,0,120,NA,NA,NA,NA,NA,NA,90,NA,NA,NA,20,9,19,NA,NA,NA,NA,NA,NA,12,NA,NA,NA,14,18,2,NA,NA,NA,NA,NA,NA,1,NA,NA,NA,1,1,1.901960254,17,NA,NA,NA,NA,NA,NA,301,NA,NA,NA,295,281,1,NA,NA,NA,NA,NA,NA,8,NA,NA,NA,12,13,11.81138802,96.99893951,0.718212545,47.88944244,4.62778616,16.46229935,2.941471577,9.806774139,229.197525,-0.383017838,20.00277328,-1083.239558,-757.489323,WhiteTroatedCaracara,20
417,NA,NA,NA,0,NA,NA,NA,NA,NA,NA,NA,NA,NA,NA,NA,NA,20,NA,NA,NA,NA,NA,NA,NA,NA,NA,NA,NA,NA,21,NA,NA,NA,NA,NA,NA,NA,NA,NA,NA,NA,NA,2,NA,NA,NA,NA,NA,NA,NA,NA,NA,2.159146309,NA,NA,NA,321,NA,NA,NA,NA,NA,NA,NA,NA,NA,NA,NA,NA,4,NA,NA,NA,NA,NA,NA,NA,NA,NA,9.325624466,174.6041412,0.326779157,6.797855854,7.191421986,39.11782455,1.203274608,2.95106411,821.0949097,-0.868441164,45.52408981,-1023.239558,-757.489323,WhiteTroatedCaracara,20
418,NA,0,0,NA,0,0,0,0,0,0,0,0,0,NA,120,45,NA,240,60,150,54,240,120,240,180,270,NA,13,13,NA,13,21,7,15,8,11,14,7,14,NA,3,2,NA,2,1,2,3,1,1,2,3,4,3.535557747,NA,302,38,NA,285,316,303,315,288,47,25,284,296,NA,2,3,NA,5,6,7,8,9,10,11,12,13,7.161458015,156.8050385,1.862018704,6.303262711,5.54338932,34.76288605,4.669949055,7.47618103,1351.744873,-1.217009544,126.0759583,-1003.239558,-757.489323,WhiteTroatedCaracara,20
419,NA,NA,NA,NA,NA,NA,NA,0,0,NA,NA,NA,0,NA,NA,NA,NA,NA,NA,NA,10,46,NA,NA,NA,150,NA,NA,NA,NA,NA,NA,NA,11,11,NA,NA,NA,14,NA,NA,NA,NA,NA,NA,NA,2,2,NA,NA,NA,4,3.679079294,NA,NA,NA,NA,NA,NA,NA,363,335,NA,NA,NA,14,NA,NA,NA,NA,NA,NA,NA,8,9,NA,NA,NA,13,7.053518772,142.2587738,4.781488419,4.467249393,4.595089436,34.67380142,9.270196915,9.302895546,1428.610474,1.854611397,122.0717392,-983.2395576,-757.489323,WhiteTroatedCaracara,20
422,NA,NA,NA,NA,NA,NA,NA,NA,NA,NA,NA,NA,0,NA,NA,NA,NA,NA,NA,NA,NA,NA,NA,NA,NA,60,NA,NA,NA,NA,NA,NA,NA,NA,NA,NA,NA,NA,9,NA,NA,NA,NA,NA,NA,NA,NA,NA,NA,NA,NA,2,16.26403427,NA,NA,NA,NA,NA,NA,NA,NA,NA,NA,NA,NA,328,NA,NA,NA,NA,NA,NA,NA,NA,NA,NA,NA,NA,13,7.329885483,67.21126556,14.49455643,1.856952667,0.136649251,11.2766943,4.473569393,66.59121704,1617.714355,2.490147829,78.89554596,-923.2395576,-757.489323,WhiteTroatedCaracara,20
423,NA,NA,NA,NA,NA,NA,NA,0,0,0,0,0,0,NA,NA,NA,NA,NA,NA,NA,20,35,180,13,69,7,NA,NA,NA,NA,NA,NA,NA,12,14,16,13,18,16,NA,NA,NA,NA,NA,NA,NA,2,1,2,1,2,2,4.788393497,NA,NA,NA,NA,NA,NA,NA,41,279,265,296,312,5,NA,NA,NA,NA,NA,NA,NA,8,9,10,11,12,13,10.82149792,51.05290604,7.665664196,2.215565205,0.164362907,13.08538818,0.148511738,76.67739868,1025.388184,-1.21882844,43.07714844,-903.2395576,-757.489323,WhiteTroatedCaracara,20
425,NA,NA,NA,NA,NA,NA,NA,NA,NA,NA,0,NA,0,NA,NA,NA,NA,NA,NA,NA,NA,NA,NA,190,NA,56,NA,NA,NA,NA,NA,NA,NA,NA,NA,NA,10,NA,16,NA,NA,NA,NA,NA,NA,NA,NA,NA,NA,8,NA,2,5.705888271,NA,NA,NA,NA,NA,NA,NA,NA,NA,NA,16,NA,346,NA,NA,NA,NA,NA,NA,NA,NA,NA,NA,11,NA,13,11.56969452,30.25110245,28.94668388,0.48762846,0,4.066731453,3.93689847,62.56427765,941.6237183,0.453728646,44.20073318,-863.2395576,-757.489323,WhiteTroatedCaracara,20
428,0,NA,NA,NA,0,0,0,0,0,NA,NA,0,0,140,NA,NA,NA,300,210,120,60,4,NA,NA,270,9,11,NA,NA,NA,14,10,15,23,12,NA,NA,15,12,2,NA,NA,NA,5,2,10,1,2,NA,NA,1,1,3.009241819,39,NA,NA,NA,302,281,302,342,246,NA,NA,25,49,1,NA,NA,NA,5,6,7,8,9,NA,NA,12,13,11.2173481,107.9117584,0.812912226,6.601732731,6.514419079,22.81005287,2.139243841,5.39248085,301.7862244,1.429501891,71.0906601,-1183.239558,-777.489323,WhiteTroatedCaracara,20
429,0,NA,0,NA,NA,0,0,0,0,0,0,0,0,15,NA,90,NA,NA,30,120,60,10,20,63,53,55,11,NA,15,NA,NA,16,10,13,20,14,15,7,10,1,NA,3,NA,NA,2,3,2,1,2,1,1,1,3.009241819,325,NA,266,NA,NA,285,46,59,48,261,39,330,43,1,NA,3,NA,NA,6,7,8,9,10,11,12,13,11.2173481,107.9117584,0.812912226,6.601732731,6.514419079,22.81005287,2.139243841,5.39248085,301.7862244,1.429501891,71.0906601,-1163.239558,-777.489323,WhiteTroatedCaracara,20
430,NA,NA,NA,NA,NA,NA,0,0,NA,0,0,0,0,NA,NA,NA,NA,NA,NA,30,60,NA,3,30,120,64,NA,NA,NA,NA,NA,NA,10,11,NA,8,14,11,13,NA,NA,NA,NA,NA,NA,1,2,NA,2,1,1,1,3.009241819,NA,NA,NA,NA,NA,NA,44,59,NA,261,31,25,43,NA,NA,NA,NA,NA,NA,7,8,NA,10,11,12,13,11.2173481,107.9117584,0.812912226,6.601732731,6.514419079,22.81005287,2.139243841,5.39248085,301.7862244,1.429501891,71.0906601,-1143.239558,-777.489323,WhiteTroatedCaracara,20
431,NA,NA,NA,NA,NA,NA,NA,0,NA,NA,NA,NA,NA,NA,NA,NA,NA,NA,NA,NA,11,NA,NA,NA,NA,NA,NA,NA,NA,NA,NA,NA,NA,11,NA,NA,NA,NA,NA,NA,NA,NA,NA,NA,NA,NA,4,NA,NA,NA,NA,NA,2.504716158,NA,NA,NA,NA,NA,NA,NA,347,NA,NA,NA,NA,NA,NA,NA,NA,NA,NA,NA,NA,8,NA,NA,NA,NA,NA,10.69341373,98.69765472,0.077734716,4.535065651,6.523239136,22.79161644,1.22586143,2.362533808,386.9116821,0.847771764,93.00221252,-1123.239558,-777.489323,WhiteTroatedCaracara,20
432,NA,NA,NA,NA,0,NA,NA,NA,0,NA,0,NA,NA,NA,NA,NA,NA,120,NA,NA,NA,71,NA,56,NA,NA,NA,NA,NA,NA,9,NA,NA,NA,9,NA,19,NA,NA,NA,NA,NA,NA,4,NA,NA,NA,1,NA,1,NA,NA,3.912522078,NA,NA,NA,NA,38,NA,NA,NA,358,NA,40,NA,NA,NA,NA,NA,NA,5,NA,NA,NA,9,NA,11,NA,NA,11.58341217,83.91009521,1.400690436,16.93113899,10.98042774,17.42895317,2.906324148,8.861050606,233.9741364,-0.199438974,55.52336502,-1103.239558,-777.489323,WhiteTroatedCaracara,20
433,NA,NA,NA,NA,NA,NA,NA,NA,NA,NA,NA,0,0,NA,NA,NA,NA,NA,NA,NA,NA,NA,NA,NA,42,39,NA,NA,NA,NA,NA,NA,NA,NA,NA,NA,NA,10,18,NA,NA,NA,NA,NA,NA,NA,NA,NA,NA,NA,1,2,1.901960254,NA,NA,NA,NA,NA,NA,NA,NA,NA,NA,NA,262,16,NA,NA,NA,NA,NA,NA,NA,NA,NA,NA,NA,12,13,11.81138802,96.99893951,0.718212545,47.88944244,4.62778616,16.46229935,2.941471577,9.806774139,229.197525,-0.383017838,20.00277328,-1083.239558,-777.489323,WhiteTroatedCaracara,20
434,NA,NA,NA,NA,0,NA,0,0,0,0,0,0,0,NA,NA,NA,NA,120,NA,79,24,60,20,32,18,20,NA,NA,NA,NA,17,NA,11,11,18,9,13,10,16,NA,NA,NA,NA,2,NA,1,1,2,1,1,1,1,2.771088839,NA,NA,NA,NA,51,NA,45,360,343,336,350,341,244,NA,NA,NA,NA,5,NA,7,8,9,10,11,12,13,10.28484726,179.7888947,0.385445982,35.30472565,4.417535782,27.43328857,2.899232626,1.391502142,576.8921509,-0.591232657,28.21023941,-1023.239558,-777.489323,WhiteTroatedCaracara,20
435,NA,NA,NA,NA,NA,NA,0,0,0,0,0,0,0,NA,NA,NA,NA,NA,NA,120,90,44,270,25,32,40,NA,NA,NA,NA,NA,NA,11,16,6,8,12,15,12,NA,NA,NA,NA,NA,NA,1,1,2,2,1,1,1,3.751893759,NA,NA,NA,NA,NA,NA,315,10,335,266,287,269,288,NA,NA,NA,NA,NA,NA,7,8,9,10,11,12,13,8.596215248,179.9055786,1.840813875,13.40027332,5.307094574,34.75714493,2.007667303,6.389193058,1033.005127,0.092049763,82.14322662,-1003.239558,-777.489323,WhiteTroatedCaracara,20
436,NA,NA,NA,NA,0,0,0,0,0,0,0,0,0,NA,NA,NA,NA,40,120,65,15,30,180,60,20,10,NA,NA,NA,NA,10,18,20,16,11,14,13,17,4,NA,NA,NA,NA,1,2,1,2,1,4,1,1,1,3.117923737,NA,NA,NA,NA,346,283,3,363,26,359,10,365,245,NA,NA,NA,NA,5,6,7,8,9,10,11,12,13,6.823685169,141.298233,5.164680958,4.63051939,4.35326767,37.37819672,5.344633102,12.42834949,1466.768188,1.890884519,120.2297668,-983.2395576,-777.489323,WhiteTroatedCaracara,20
437,0,NA,NA,0,NA,0,0,0,0,0,0,0,0,16,NA,NA,10,NA,120,120,90,15,230,54,5,2,10,NA,NA,10,NA,12,18,19,16,11,11,13,11,1,NA,NA,1,NA,1,4,2,1,2,1,1,1,2.714554548,322,NA,NA,307,NA,283,300,324,293,321,345,248,281,1,NA,NA,4,NA,6,7,8,9,10,11,12,13,8.693599701,136.2573395,6.261237621,8.446101189,11.07521534,27.64689064,10.86646461,19.91114044,1169.297607,-2.557173729,88.57161713,-963.2395576,-777.489323,WhiteTroatedCaracara,20
438,NA,NA,NA,NA,NA,NA,NA,NA,NA,NA,0,0,NA,NA,NA,NA,NA,NA,NA,NA,NA,NA,NA,4,144,NA,NA,NA,NA,NA,NA,NA,NA,NA,NA,NA,16,16,NA,NA,NA,NA,NA,NA,NA,NA,NA,NA,NA,1,1,NA,13.08071995,NA,NA,NA,NA,NA,NA,NA,NA,NA,NA,319,41,NA,NA,NA,NA,NA,NA,NA,NA,NA,NA,NA,11,12,NA,6.18063736,88.48635864,11.99815273,4.288277626,6.683000565,20.23305702,11.72406197,38.54278946,1702.253174,1.414552212,104.5345154,-943.2395576,-777.489323,WhiteTroatedCaracara,20
439,NA,NA,NA,NA,NA,NA,NA,NA,NA,NA,NA,NA,0,NA,NA,NA,NA,NA,NA,NA,NA,NA,NA,NA,NA,13,NA,NA,NA,NA,NA,NA,NA,NA,NA,NA,NA,NA,15,NA,NA,NA,NA,NA,NA,NA,NA,NA,NA,NA,NA,1,13.76636028,NA,NA,NA,NA,NA,NA,NA,NA,NA,NA,NA,NA,316,NA,NA,NA,NA,NA,NA,NA,NA,NA,NA,NA,NA,13,6.954283237,66.69799042,12.64067936,3.90813899,0.869458258,13.21092129,5.854107857,62.20409012,1642.928467,-0.718745768,103.67379,-923.2395576,-777.489323,WhiteTroatedCaracara,20
440,NA,NA,NA,NA,NA,NA,0,0,NA,NA,NA,0,0,NA,NA,NA,NA,NA,NA,240,30,NA,NA,NA,130,10,NA,NA,NA,NA,NA,NA,14,11,NA,NA,NA,15,14,NA,NA,NA,NA,NA,NA,2,2,NA,NA,NA,2,2,4.396888733,NA,NA,NA,NA,NA,NA,36,41,NA,NA,NA,248,5,NA,NA,NA,NA,NA,NA,7,8,NA,NA,NA,12,13,11.00901222,47.81666946,5.784584045,1.992660642,0.037144363,13.47673798,0.061447199,78.64169312,956.5429077,-0.407024741,30.96578598,-903.2395576,-777.489323,WhiteTroatedCaracara,20
441,NA,0,NA,NA,0,0,0,0,0,0,0,0,0,NA,240,NA,NA,180,120,60,90,12,70,31,72,88,NA,8,NA,NA,17,10,18,16,13,11,10,10,9,NA,10,NA,NA,1,1,5,5,1,1,1,1,1,4.684525967,NA,260,NA,NA,333,247,293,255,361,298,295,258,281,NA,2,NA,NA,5,6,7,8,9,10,11,12,13,11.65153122,32.55817413,20.33910561,3.248024464,0.230837464,8.685769081,0.399700463,66.20104218,858.0343628,-0.973985374,35.36877441,-883.2395576,-777.489323,WhiteTroatedCaracara,20
442,NA,NA,NA,NA,NA,NA,NA,0,0,0,NA,0,0,NA,NA,NA,NA,NA,NA,NA,100,120,100,NA,119,90,NA,NA,NA,NA,NA,NA,NA,12,14,0,NA,11,15,NA,NA,NA,NA,NA,NA,NA,2,2,3,NA,2,3,5.705888271,NA,NA,NA,NA,NA,NA,NA,336,312,334,NA,310,318,NA,NA,NA,NA,NA,NA,NA,8,9,10,NA,12,13,11.56969452,30.25110245,28.94668388,0.48762846,0,4.066731453,3.93689847,62.56427765,941.6237183,0.453728646,44.20073318,-863.2395576,-777.489323,WhiteTroatedCaracara,20
444,NA,NA,NA,NA,NA,0,NA,0,0,NA,NA,NA,NA,NA,NA,NA,NA,NA,120,NA,65,70,NA,NA,NA,NA,NA,NA,NA,NA,NA,17,NA,9,14,NA,NA,NA,NA,NA,NA,NA,NA,NA,1,NA,1,1,NA,NA,NA,NA,7.659230232,NA,NA,NA,NA,NA,307,NA,56,58,NA,NA,NA,NA,NA,NA,NA,NA,NA,6,NA,8,9,NA,NA,NA,NA,10.56970501,111.805397,0.256626785,9.040245056,7.242706776,24.37723732,2.163551331,3.348844051,409.5006104,-0.111309871,67.98003387,-1183.239558,-797.489323,WhiteTroatedCaracara,20
445,NA,0,NA,NA,NA,NA,NA,NA,NA,NA,NA,NA,NA,NA,150,NA,NA,NA,NA,NA,NA,NA,NA,NA,NA,NA,NA,19,NA,NA,NA,NA,NA,NA,NA,NA,NA,NA,NA,NA,2,NA,NA,NA,NA,NA,NA,NA,NA,NA,NA,NA,7.659230232,NA,39,NA,NA,NA,NA,NA,NA,NA,NA,NA,NA,NA,NA,2,NA,NA,NA,NA,NA,NA,NA,NA,NA,NA,NA,10.56970501,111.805397,0.256626785,9.040245056,7.242706776,24.37723732,2.163551331,3.348844051,409.5006104,-0.111309871,67.98003387,-1163.239558,-797.489323,WhiteTroatedCaracara,20
446,NA,0,NA,NA,NA,NA,NA,0,NA,NA,NA,NA,NA,NA,20,NA,NA,NA,NA,NA,68,NA,NA,NA,NA,NA,NA,16,NA,NA,NA,NA,NA,13,NA,NA,NA,NA,NA,NA,2,NA,NA,NA,NA,NA,1,NA,NA,NA,NA,NA,7.659230232,NA,40,NA,NA,NA,NA,NA,349,NA,NA,NA,NA,NA,NA,2,NA,NA,NA,NA,NA,8,NA,NA,NA,NA,NA,10.56970501,111.805397,0.256626785,9.040245056,7.242706776,24.37723732,2.163551331,3.348844051,409.5006104,-0.111309871,67.98003387,-1143.239558,-797.489323,WhiteTroatedCaracara,20
447,NA,NA,NA,NA,NA,NA,NA,0,NA,NA,NA,NA,NA,NA,NA,NA,NA,NA,NA,NA,30,NA,NA,NA,NA,NA,NA,NA,NA,NA,NA,NA,NA,9,NA,NA,NA,NA,NA,NA,NA,NA,NA,NA,NA,NA,1,NA,NA,NA,NA,NA,4.824668884,NA,NA,NA,NA,NA,NA,NA,349,NA,NA,NA,NA,NA,NA,NA,NA,NA,NA,NA,NA,8,NA,NA,NA,NA,NA,9.671861649,110.3157654,0,2.493592978,4.389482021,35.43951035,0.754288137,1.973941445,575.0995483,-0.149573565,56.18066788,-1123.239558,-797.489323,WhiteTroatedCaracara,20
448,NA,NA,NA,NA,NA,NA,NA,NA,NA,NA,0,NA,NA,NA,NA,NA,NA,NA,NA,NA,NA,NA,NA,50,NA,NA,NA,NA,NA,NA,NA,NA,NA,NA,NA,NA,10,NA,NA,NA,NA,NA,NA,NA,NA,NA,NA,NA,NA,1,NA,NA,3.324441195,NA,NA,NA,NA,NA,NA,NA,NA,NA,NA,42,NA,NA,NA,NA,NA,NA,NA,NA,NA,NA,NA,NA,11,NA,NA,11.61372757,90.46838379,1.528962851,19.75546455,10.43354034,22.86075401,1.834442616,9.580352783,213.5546112,0.382549971,43.6573143,-1103.239558,-797.489323,WhiteTroatedCaracara,20
451,NA,NA,0,NA,NA,NA,NA,NA,NA,NA,NA,0,NA,NA,NA,120,NA,NA,NA,NA,NA,NA,NA,NA,10,NA,NA,NA,18,NA,NA,NA,NA,NA,NA,NA,NA,10,NA,NA,NA,1,NA,NA,NA,NA,NA,NA,NA,NA,2,NA,5.312568665,NA,NA,329,NA,NA,NA,NA,NA,NA,NA,NA,7,NA,NA,NA,3,NA,NA,NA,NA,NA,NA,NA,NA,12,NA,9.773932457,185.3592072,0.015713466,21.76699638,6.06159687,33.77402878,2.096079588,0.779342711,663.0375977,-0.272725224,44.37851334,-1023.239558,-797.489323,WhiteTroatedCaracara,20
452,0,NA,NA,0,0,0,0,0,0,0,0,0,0,50,NA,NA,90,90,60,90,10,60,4,50,49,5,16,NA,NA,14,11,18,15,11,15,11,16,15,18,2,NA,NA,2,2,1,1,1,1,2,1,1,3,4.618434429,43,NA,NA,322,50,364,361,339,360,317,291,327,351,1,NA,NA,4,5,6,7,8,9,10,11,12,13,7.740722179,169.0271912,3.655407667,7.757237911,4.555701733,31.23621178,3.03888464,8.229419708,1181.822388,-0.748017073,104.2715378,-1003.239558,-797.489323,WhiteTroatedCaracara,20
453,0,NA,0,0,0,0,0,0,0,0,0,0,0,60,NA,150,120,90,90,120,180,60,82,150,11,1,15,NA,16,16,6,10,11,12,18,10,11,12,13,2,NA,1,2,5,1,5,1,3,2,2,3,1,4.429997921,297,NA,281,322,299,364,276,324,284,337,345,282,340,1,NA,3,4,5,6,7,8,9,10,11,12,13,6.828168869,142.1012878,3.380095959,3.14246726,5.371539593,34.81567383,4.962290287,12.47280693,1414.373657,-1.813261032,127.2467117,-983.2395576,-797.489323,WhiteTroatedCaracara,20
454,NA,NA,NA,NA,NA,NA,NA,0,0,0,0,0,0,NA,NA,NA,NA,NA,NA,NA,160,10,120,150,48,10,NA,NA,NA,NA,NA,NA,NA,14,17,17,9,16,8,NA,NA,NA,NA,NA,NA,NA,1,1,1,2,2,1,4.198445797,NA,NA,NA,NA,NA,NA,NA,336,292,25,346,291,14,NA,NA,NA,NA,NA,NA,NA,8,9,10,11,12,13,7.512059212,120.2147369,7.680053711,3.316952467,8.019173622,28.41775894,8.159779549,21.67405319,1354.483643,-1.843891859,84.5635376,-963.2395576,-797.489323,WhiteTroatedCaracara,20
455,NA,NA,NA,NA,NA,0,0,NA,0,0,NA,0,0,NA,NA,NA,NA,NA,20,60,NA,30,200,NA,20,45,NA,NA,NA,NA,NA,8,18,NA,13,10,NA,16,16,NA,NA,NA,NA,NA,1,2,NA,1,1,NA,2,4,3.091904402,NA,NA,NA,NA,NA,297,36,NA,356,307,NA,23,58,NA,NA,NA,NA,NA,6,7,NA,9,10,NA,12,13,8.016946793,94.08849335,12.46326733,2.520886421,7.546118736,19.60508728,7.157865524,46.21110535,1334.787109,-1.632757187,63.34288406,-943.2395576,-797.489323,WhiteTroatedCaracara,20
456,NA,NA,NA,NA,NA,0,0,0,0,0,0,0,0,NA,NA,NA,NA,NA,300,240,60,100,120,65,15,13,NA,NA,NA,NA,NA,14,16,13,17,17,11,15,16,NA,NA,NA,NA,NA,8,2,1,3,2,1,2,2,3.919917107,NA,NA,NA,NA,NA,1,21,305,310,311,41,348,23,NA,NA,NA,NA,NA,6,7,8,9,10,11,12,13,6.038764477,66.11173248,16.40597725,1.721425414,2.241463661,15.31991482,9.854262352,53.15357971,1754.322144,1.139808297,90.86582184,-923.2395576,-797.489323,WhiteTroatedCaracara,20
457,NA,NA,NA,NA,NA,NA,0,NA,NA,NA,NA,NA,NA,NA,NA,NA,NA,NA,NA,180,NA,NA,NA,NA,NA,NA,NA,NA,NA,NA,NA,NA,10,NA,NA,NA,NA,NA,NA,NA,NA,NA,NA,NA,NA,2,NA,NA,NA,NA,NA,NA,10.68198586,NA,NA,NA,NA,NA,NA,11,NA,NA,NA,NA,NA,NA,NA,NA,NA,NA,NA,NA,7,NA,NA,NA,NA,NA,NA,8.811968803,47.65827179,4.170920849,1.566314459,0.055831619,8.873143196,0.959644377,84.07118225,1334.654297,-1.141456127,55.3729248,-903.2395576,-797.489323,WhiteTroatedCaracara,20
458,NA,NA,NA,NA,NA,NA,NA,NA,0,0,0,NA,NA,NA,NA,NA,NA,NA,NA,NA,NA,40,30,14,NA,NA,NA,NA,NA,NA,NA,NA,NA,NA,9,12,19,NA,NA,NA,NA,NA,NA,NA,NA,NA,NA,2,1,1,NA,NA,5.057885647,NA,NA,NA,NA,NA,NA,NA,NA,279,279,51,NA,NA,NA,NA,NA,NA,NA,NA,NA,NA,9,10,11,NA,NA,10.36262703,34.05578232,15.67885113,0.092247292,0,11.17741966,0,73.08966827,1083.088379,0.308080345,27.42287827,-883.2395576,-797.489323,WhiteTroatedCaracara,20
459,NA,NA,NA,NA,NA,NA,NA,NA,NA,0,NA,0,0,NA,NA,NA,NA,NA,NA,NA,NA,NA,90,NA,20,75,NA,NA,NA,NA,NA,NA,NA,NA,NA,15,NA,5,14,NA,NA,NA,NA,NA,NA,NA,NA,NA,5,NA,2,3,6.025339603,NA,NA,NA,NA,NA,NA,NA,NA,NA,292,NA,258,43,NA,NA,NA,NA,NA,NA,NA,NA,NA,10,NA,12,13,10.87508965,28.33588409,11.76784134,1.402773142,0.022837535,9.996190071,0.221992716,76.3121109,1004.208801,0.218548238,35.23265457,-863.2395576,-797.489323,WhiteTroatedCaracara,20
461,0,0,0,0,NA,0,0,0,0,0,0,0,0,6,150,45,60,NA,120,90,30,21,10,15,10,121,11,15,11,18,NA,13,9,10,18,14,10,17,10,5,1,3,1,NA,1,2,5,1,2,1,1,1,2.295572519,337,56,266,32,NA,325,50,23,48,313,348,282,323,1,2,3,4,NA,6,7,8,9,10,11,12,13,12.41201878,109.3065414,0.961930394,20.28197098,10.42792511,19.10559654,2.859614611,7.646985054,75.80660248,-0.600947082,21.96905518,-1143.239558,-817.489323,WhiteTroatedCaracara,20
462,NA,NA,NA,NA,0,NA,NA,0,0,0,0,0,0,NA,NA,NA,NA,120,NA,NA,60,6,65,22,60,120,NA,NA,NA,NA,11,NA,NA,14,16,20,19,17,16,NA,NA,NA,NA,4,NA,NA,1,4,1,1,1,1,3.089552164,NA,NA,NA,NA,35,NA,NA,348,266,35,46,304,249,NA,NA,NA,NA,5,NA,NA,8,9,10,11,12,13,11.98670769,98.6969986,0.625432849,27.38406372,15.42037678,16.54244041,1.124537587,5.751042366,155.9165497,0.037504829,38.40867996,-1123.239558,-817.489323,WhiteTroatedCaracara,20
465,NA,NA,NA,NA,NA,NA,NA,NA,NA,NA,NA,0,0,NA,NA,NA,NA,NA,NA,NA,NA,NA,NA,NA,15,180,NA,NA,NA,NA,NA,NA,NA,NA,NA,NA,NA,10,10,NA,NA,NA,NA,NA,NA,NA,NA,NA,NA,NA,2,1,6.391427517,NA,NA,NA,NA,NA,NA,NA,NA,NA,NA,NA,7,311,NA,NA,NA,NA,NA,NA,NA,NA,NA,NA,NA,12,13,9.417089462,192.8196106,0.044340357,12.77134514,3.771999121,39.21970749,0.982598305,1.236129522,719.8673096,1.698002577,70.39252472,-1023.239558,-817.489323,WhiteTroatedCaracara,20
466,NA,NA,NA,0,0,0,0,0,0,0,0,0,0,NA,NA,NA,60,10,60,7,10,7,11,9,40,60,NA,NA,NA,11,9,9,11,9,19,19,17,9,15,NA,NA,NA,1,1,1,1,1,2,1,1,1,1,4.376677036,NA,NA,NA,31,272,60,47,25,287,338,349,267,304,NA,NA,NA,4,5,6,7,8,9,10,11,12,13,8.00110054,169.8652191,2.778083086,5.744904518,3.141760349,32.00390625,2.347318649,8.15776062,1104.317383,0.107047908,85.88310242,-1003.239558,-817.489323,WhiteTroatedCaracara,20
467,NA,NA,NA,NA,0,NA,0,0,0,0,0,0,0,NA,NA,NA,NA,60,NA,20,32,20,45,30,7,120,NA,NA,NA,NA,17,NA,18,11,16,12,14,22,10,NA,NA,NA,NA,1,NA,1,2,4,1,2,1,2,2.230192423,NA,NA,NA,NA,33,NA,363,339,363,331,298,276,244,NA,NA,NA,NA,5,NA,7,8,9,10,11,12,13,7.783763885,146.1220245,2.321229219,6.961797714,3.611528873,35.60044861,2.579223394,11.00729656,1201.651245,0.709264874,156.0292358,-983.2395576,-817.489323,WhiteTroatedCaracara,20
468,0,0,0,NA,0,NA,0,0,0,0,0,0,0,90,300,10,NA,120,NA,35,60,180,12,45,99,201,9,0,15,NA,9,NA,16,8,15,12,15,16,15,1,4,8,NA,1,NA,2,2,1,1,1,1,1,2.687298298,324,48,16,NA,14,NA,308,365,276,348,257,259,295,1,2,3,NA,5,NA,7,8,9,10,11,12,13,6.96313715,108.9965668,4.834644794,1.174352646,5.786937714,31.35835266,5.707680702,14.1928606,1422.462891,1.613331318,97.44517517,-963.2395576,-817.489323,WhiteTroatedCaracara,20
469,NA,NA,0,NA,NA,0,0,0,0,0,0,0,0,NA,NA,30,NA,NA,89,85,10,150,30,120,18,109,NA,NA,12,NA,NA,6,10,17,15,18,16,19,8,NA,NA,2,NA,NA,1,2,1,3,1,1,2,1,2.267485142,NA,NA,30,NA,NA,312,307,288,336,327,311,259,14,NA,NA,3,NA,NA,6,7,8,9,10,11,12,13,7.163680553,83.66674805,20.19274712,0.835288465,1.970433593,19.56126976,9.832803726,40.54959488,1456.208374,0.737290025,51.616436,-943.2395576,-817.489323,WhiteTroatedCaracara,20
470,NA,NA,NA,NA,NA,NA,0,NA,0,0,NA,0,0,NA,NA,NA,NA,NA,NA,13,NA,120,120,NA,31,49,NA,NA,NA,NA,NA,NA,12,NA,11,14,NA,10,12,NA,NA,NA,NA,NA,NA,2,NA,1,3,NA,1,2,5.141667843,NA,NA,NA,NA,NA,NA,310,NA,356,270,NA,289,283,NA,NA,NA,NA,NA,NA,7,NA,9,10,NA,12,13,6.044116974,63.74559784,26.07156372,0.857243598,0.34396413,19.53100204,4.279654503,48.40976334,1720.419678,-1.365995288,69.93114471,-923.2395576,-817.489323,WhiteTroatedCaracara,20
471,NA,NA,NA,NA,0,NA,0,0,0,0,0,0,0,NA,NA,NA,NA,180,NA,180,300,180,240,126,70,39,NA,NA,NA,NA,11,NA,14,13,14,14,16,8,11,NA,NA,NA,NA,1,NA,2,3,2,3,1,1,1,5.308167934,NA,NA,NA,NA,7,NA,357,323,308,53,54,289,354,NA,NA,NA,NA,5,NA,7,8,9,10,11,12,13,6.027609348,50.37240219,20.8395443,1.514151812,0.021923056,17.25114632,3.963347912,55.04211044,1791.890381,0.68793124,70.85098267,-903.2395576,-817.489323,WhiteTroatedCaracara,20
472,NA,NA,NA,NA,NA,NA,NA,0,0,0,NA,NA,0,NA,NA,NA,NA,NA,NA,NA,20,20,60,NA,NA,45,NA,NA,NA,NA,NA,NA,NA,15,13,12,NA,NA,9,NA,NA,NA,NA,NA,NA,NA,2,3,3,NA,NA,4,5.601920605,NA,NA,NA,NA,NA,NA,NA,27,362,53,NA,NA,59,NA,NA,NA,NA,NA,NA,NA,8,9,10,NA,NA,13,9.325482368,35.12605286,10.83122063,0.9728477,0.004159228,10.21112251,0.306774318,77.61332703,1239.47168,0.632811248,37.00537491,-883.2395576,-817.489323,WhiteTroatedCaracara,20
473,NA,NA,NA,0,NA,NA,0,0,0,0,0,0,0,NA,NA,NA,26,NA,NA,20,5,30,20,15,30,20,NA,NA,NA,11,NA,NA,15,13,20,15,11,18,9,NA,NA,NA,2,NA,NA,3,4,1,1,6,1,1,4.085011959,NA,NA,NA,306,NA,NA,32,295,279,37,295,289,258,NA,NA,NA,4,NA,NA,7,8,9,10,11,12,13,10.52157021,28.2961216,19.6462822,1.320033669,0.069866411,9.516298294,0.091500297,66.09551239,1036.308838,-0.463210255,18.85474205,-863.2395576,-817.489323,WhiteTroatedCaracara,20
474,0,0,0,0,0,0,0,0,0,0,0,0,0,180,240,60,240,170,120,30,80,15,12,2,6,90,16,10,0,9,8,15,18,16,19,11,13,11,10,1,2,2,2,4,4,2,1,4,1,1,1,1,2.295572519,295,363,53,6,38,51,304,349,266,309,250,269,304,1,2,3,4,5,6,7,8,9,10,11,12,13,12.41201878,109.3065414,0.961930394,20.28197098,10.42792511,19.10559654,2.859614611,7.646985054,75.80660248,-0.600947082,21.96905518,-1143.239558,-837.489323,WhiteTroatedCaracara,20
475,NA,0,NA,NA,0,0,0,0,0,0,0,0,0,NA,60,NA,NA,18,120,45,60,60,120,6,15,84,NA,17,NA,NA,16,11,9,16,17,10,11,16,18,NA,5,NA,NA,4,2,2,2,2,2,1,1,1,4.835705757,NA,50,NA,NA,38,50,335,10,274,37,347,285,290,NA,2,NA,NA,5,6,7,8,9,10,11,12,13,12.24197388,118.6839905,0.209485441,25.70680428,9.839660645,17.10952568,1.628834844,4.245944977,97.88726044,0.401972622,23.8886776,-1123.239558,-837.489323,WhiteTroatedCaracara,20
478,NA,NA,0,NA,0,0,NA,0,0,0,NA,NA,0,NA,NA,60,NA,10,25,NA,83,23,4,NA,NA,10,NA,NA,18,NA,10,17,NA,6,9,14,NA,NA,9,NA,NA,10,NA,1,3,NA,1,2,1,NA,NA,3,3.362094164,NA,NA,21,NA,244,358,NA,33,28,307,NA,NA,307,NA,NA,3,NA,5,6,NA,8,9,10,NA,NA,13,10.30174923,223.1974792,0.530810952,35.24116135,3.259519815,21.48850441,1.717584968,1.733157516,498.9126892,-0.603451848,57.34193802,-1023.239558,-837.489323,WhiteTroatedCaracara,20
479,NA,NA,0,NA,NA,NA,NA,NA,NA,NA,NA,0,0,NA,NA,120,NA,NA,NA,NA,NA,NA,NA,NA,60,10,NA,NA,10,NA,NA,NA,NA,NA,NA,NA,NA,11,12,NA,NA,1,NA,NA,NA,NA,NA,NA,NA,NA,1,3,4.503998756,NA,NA,49,NA,NA,NA,NA,NA,NA,NA,NA,267,54,NA,NA,3,NA,NA,NA,NA,NA,NA,NA,NA,12,13,8.494887352,176.5601349,0.294549346,11.66385841,4.097952366,37.98187256,1.137456536,4.965707779,956.5526733,2.55461359,117.08181,-1003.239558,-837.489323,WhiteTroatedCaracara,20
480,NA,NA,NA,NA,NA,NA,NA,NA,0,0,0,0,0,NA,NA,NA,NA,NA,NA,NA,NA,58,120,5,25,49,NA,NA,NA,NA,NA,NA,NA,NA,9,13,17,17,15,NA,NA,NA,NA,NA,NA,NA,NA,2,1,1,1,3,6.68206501,NA,NA,NA,NA,NA,NA,NA,NA,333,332,270,317,291,NA,NA,NA,NA,NA,NA,NA,NA,9,10,11,12,13,6.465709686,132.2288513,7.190626621,4.812915325,4.90005827,32.94962311,5.735497475,12.09959602,1423.668457,1.5271734,131.6889954,-983.2395576,-837.489323,WhiteTroatedCaracara,20
481,NA,NA,NA,NA,NA,0,NA,0,NA,0,0,0,0,NA,NA,NA,NA,NA,160,NA,180,NA,59,75,12,61,NA,NA,NA,NA,NA,10,NA,14,NA,18,9,18,18,NA,NA,NA,NA,NA,2,NA,2,NA,4,1,1,1,4.529139042,NA,NA,NA,NA,NA,8,NA,306,NA,13,246,261,346,NA,NA,NA,NA,NA,6,NA,8,NA,10,11,12,13,6.226059914,100.6171036,2.95604229,4.277224064,6.850186825,32.46734238,10.97560215,14.07220364,1526.57959,-0.350202143,118.7555618,-963.2395576,-837.489323,WhiteTroatedCaracara,20
482,NA,NA,NA,NA,0,NA,0,NA,NA,0,NA,0,0,NA,NA,NA,NA,240,NA,15,NA,NA,19,NA,120,5,NA,NA,NA,NA,11,NA,19,NA,NA,9,NA,16,12,NA,NA,NA,NA,2,NA,2,NA,NA,3,NA,2,2,5.174724102,NA,NA,NA,NA,348,NA,308,NA,NA,348,NA,351,283,NA,NA,NA,NA,5,NA,7,NA,NA,10,NA,12,13,7.29317522,75.79225922,11.95879936,1.558263421,6.723343372,20.28716087,9.899873734,33.64489365,1393.939575,2.136414528,59.62551117,-943.2395576,-837.489323,WhiteTroatedCaracara,20
483,NA,NA,NA,NA,NA,NA,NA,NA,NA,0,NA,0,NA,NA,NA,NA,NA,NA,NA,NA,NA,NA,19,NA,10,NA,NA,NA,NA,NA,NA,NA,NA,NA,NA,17,NA,14,NA,NA,NA,NA,NA,NA,NA,NA,NA,NA,3,NA,2,NA,4.177290916,NA,NA,NA,NA,NA,NA,NA,NA,NA,347,NA,25,NA,NA,NA,NA,NA,NA,NA,NA,NA,NA,10,NA,12,NA,7.42613554,57.9707489,17.98954773,3.981796741,1.767326474,19.71229935,6.914431572,48.90840912,1442.02478,-0.456740767,68.53353882,-923.2395576,-837.489323,WhiteTroatedCaracara,20
484,NA,0,NA,NA,NA,NA,NA,NA,NA,NA,NA,NA,NA,NA,60,NA,NA,NA,NA,NA,NA,NA,NA,NA,NA,NA,NA,8,NA,NA,NA,NA,NA,NA,NA,NA,NA,NA,NA,NA,2,NA,NA,NA,NA,NA,NA,NA,NA,NA,NA,NA,11.79835606,NA,315,NA,NA,NA,NA,NA,NA,NA,NA,NA,NA,NA,NA,2,NA,NA,NA,NA,NA,NA,NA,NA,NA,NA,NA,5.113434315,50.63172913,21.91368484,2.709228754,0.470704764,13.05285931,14.92755795,46.1558876,1904.750244,1.9925915,115.1885071,-903.2395576,-837.489323,WhiteTroatedCaracara,20
485,NA,NA,NA,0,0,NA,0,0,0,0,0,0,0,NA,NA,NA,200,120,NA,85,20,75,25,20,20,41,NA,NA,NA,10,16,NA,12,12,16,17,17,17,9,NA,NA,NA,2,2,NA,2,2,3,1,2,5,1,6.401192665,NA,NA,NA,328,18,NA,315,302,279,339,44,289,283,NA,NA,NA,4,5,NA,7,8,9,10,11,12,13,8.308459282,36.05855179,19.00043106,0.45225808,0.025603227,11.23601437,0.944975853,65.06116486,1398.705078,-0.417095482,36.74278259,-883.2395576,-837.489323,WhiteTroatedCaracara,20
486,NA,NA,NA,0,NA,NA,NA,0,NA,0,0,NA,0,NA,NA,NA,15,NA,NA,NA,20,NA,120,75,NA,45,NA,NA,NA,12,NA,NA,NA,16,NA,16,9,NA,10,NA,NA,NA,2,NA,NA,NA,1,NA,2,2,NA,3,4.282738686,NA,NA,NA,306,NA,NA,NA,345,NA,295,30,NA,4,NA,NA,NA,4,NA,NA,NA,8,NA,10,11,NA,13,9.706335068,29.21575928,33.30681229,0.923015296,0.006281338,7.053135872,0.083410174,58.35116196,1159.403442,0.367132574,23.85746384,-863.2395576,-837.489323,WhiteTroatedCaracara,20
489,NA,NA,NA,NA,NA,NA,0,NA,0,0,0,0,0,NA,NA,NA,NA,NA,NA,40,NA,2,60,40,75,2,NA,NA,NA,NA,NA,NA,11,NA,11,9,10,18,17,NA,NA,NA,NA,NA,NA,2,NA,4,1,2,1,1,3.550045729,NA,NA,NA,NA,NA,NA,335,NA,267,51,325,305,282,NA,NA,NA,NA,NA,NA,7,NA,9,10,11,12,13,12.40066814,147.8636932,1.46867466,36.00870895,5.859325409,16.59614944,3.916404009,4.457905769,35.17126083,-0.356449187,11.44145966,-1123.239558,-857.489323,WhiteTroatedCaracara,20
490,NA,0,0,NA,0,NA,NA,NA,0,0,NA,0,0,NA,300,60,NA,40,NA,NA,NA,1,5,NA,20,2,NA,10,8,NA,8,NA,NA,NA,12,12,NA,9,17,NA,4,2,NA,3,NA,NA,NA,4,1,NA,1,1,2.846237183,NA,49,12,NA,353,NA,NA,NA,267,318,NA,300,329,NA,2,3,NA,5,NA,NA,NA,9,10,NA,12,13,11.88156796,149.4962006,0.267177343,31.48002815,7.878951073,23.09734535,0.318100303,1.919227004,107.5840302,-0.532459497,33.23474884,-1103.239558,-857.489323,WhiteTroatedCaracara,20
493,NA,NA,NA,NA,NA,NA,NA,NA,0,NA,NA,0,0,NA,NA,NA,NA,NA,NA,NA,NA,22,NA,NA,26,207,NA,NA,NA,NA,NA,NA,NA,NA,14,NA,NA,17,14,NA,NA,NA,NA,NA,NA,NA,NA,2,NA,NA,1,1,3.712705612,NA,NA,NA,NA,NA,NA,NA,NA,10,NA,NA,256,267,NA,NA,NA,NA,NA,NA,NA,NA,9,NA,NA,12,13,9.834317207,231.3881531,0.124840543,12.59508324,3.179833651,34.01045227,1.22778964,2.207341433,572.4088745,1.491720557,79.55540466,-1023.239558,-857.489323,WhiteTroatedCaracara,20
494,0,NA,0,0,NA,0,0,0,0,0,0,0,0,180,NA,275,90,NA,120,180,10,121,65,94,180,48,9,NA,12,7,NA,7,8,10,12,23,19,11,15,2,NA,4,2,NA,3,2,1,2,1,1,2,1,2.657369614,38,NA,5,325,NA,338,56,291,352,343,348,338,352,1,NA,3,4,NA,6,7,8,9,10,11,12,13,9.116819382,192.7149963,0.134534389,4.19568634,1.649318099,39.00188828,0.762222707,5.340689182,793.8401489,-1.845802903,129.6052246,-1003.239558,-857.489323,WhiteTroatedCaracara,20
495,NA,0,0,NA,NA,0,0,0,0,0,0,0,0,NA,38,240,NA,NA,43,30,10,60,4,180,50,90,NA,11,8,NA,NA,12,16,15,14,14,8,13,16,NA,1,3,NA,NA,1,1,2,2,1,1,2,2,12.43967819,NA,58,349,NA,NA,291,39,349,354,281,48,339,261,NA,2,3,NA,NA,6,7,8,9,10,11,12,13,7.338795185,135.4695129,1.190112233,5.495470047,4.614886761,41.07757568,2.67271781,7.676202297,1223.104248,-1.786048651,152.7267609,-983.2395576,-857.489323,WhiteTroatedCaracara,20
496,NA,NA,NA,NA,0,0,0,0,NA,0,0,0,0,NA,NA,NA,NA,120,74,130,75,NA,60,30,60,60,NA,NA,NA,NA,14,13,14,13,NA,11,8,11,18,NA,NA,NA,NA,1,1,2,3,NA,1,1,3,2,7.427821159,NA,NA,NA,NA,15,312,309,1,NA,359,335,38,5,NA,NA,NA,NA,5,6,7,8,NA,10,11,12,13,6.412566662,99.21182251,2.192959547,4.165082455,4.169828892,36.40510178,7.155471802,12.34587479,1455.651611,2.734961271,142.5984039,-963.2395576,-857.489323,WhiteTroatedCaracara,20
497,NA,NA,NA,NA,0,0,0,0,NA,0,0,0,0,NA,NA,NA,NA,60,49,24,40,NA,31,6,99,129,NA,NA,NA,NA,17,14,11,15,NA,11,12,17,18,NA,NA,NA,NA,2,1,2,1,NA,3,3,3,1,5.032471657,NA,NA,NA,NA,347,312,309,19,NA,348,270,300,323,NA,NA,NA,NA,5,6,7,8,NA,10,11,12,13,7.039390564,71.32511139,8.577711105,3.752650738,8.024186134,24.43644333,11.84505653,28.86156464,1409.071411,-1.881856203,99.55149841,-943.2395576,-857.489323,WhiteTroatedCaracara,20
498,0,NA,NA,0,0,NA,0,NA,0,0,0,0,0,30,NA,NA,60,90,NA,24,NA,5,23,120,2,21,15,NA,NA,18,19,NA,11,NA,16,17,18,13,15,1,NA,NA,1,2,NA,2,NA,2,1,7,2,1,4.683783054,324,NA,NA,44,347,NA,309,NA,55,32,324,323,307,1,NA,NA,4,5,NA,7,NA,9,10,11,12,13,8.072483063,52.91542435,15.39123535,2.705646992,3.345501423,17.83859253,5.694452286,53.04408646,1282.665649,-1.90646708,70.31060028,-923.2395576,-857.489323,WhiteTroatedCaracara,20
500,NA,NA,NA,NA,NA,NA,NA,NA,NA,NA,NA,NA,0,NA,NA,NA,NA,NA,NA,NA,NA,NA,NA,NA,NA,20,NA,NA,NA,NA,NA,NA,NA,NA,NA,NA,NA,NA,9,NA,NA,NA,NA,NA,NA,NA,NA,NA,NA,NA,NA,2,7.261809349,NA,NA,NA,NA,NA,NA,NA,NA,NA,NA,NA,NA,364,NA,NA,NA,NA,NA,NA,NA,NA,NA,NA,NA,NA,13,8.404539108,35.50967789,10.13315296,1.170689583,0,13.43034267,0.530087173,74.68465424,1348.571533,-1.138863087,56.9794426,-883.2395576,-857.489323,WhiteTroatedCaracara,20
501,NA,NA,NA,NA,NA,NA,NA,NA,NA,NA,NA,NA,0,NA,NA,NA,NA,NA,NA,NA,NA,NA,NA,NA,NA,85,NA,NA,NA,NA,NA,NA,NA,NA,NA,NA,NA,NA,1,NA,NA,NA,NA,NA,NA,NA,NA,NA,NA,NA,NA,3,7.983352184,NA,NA,NA,NA,NA,NA,NA,NA,NA,NA,NA,NA,4,NA,NA,NA,NA,NA,NA,NA,NA,NA,NA,NA,NA,13,10.04798698,30.16035843,37.78587723,0.374458045,0.046115156,4.494553089,0.171035156,56.73922729,1053.039063,0.015311885,43.60147095,-863.2395576,-857.489323,WhiteTroatedCaracara,20
502,NA,NA,NA,NA,NA,NA,NA,NA,NA,NA,NA,NA,0,NA,NA,NA,NA,NA,NA,NA,NA,NA,NA,NA,NA,75,NA,NA,NA,NA,NA,NA,NA,NA,NA,NA,NA,NA,13,NA,NA,NA,NA,NA,NA,NA,NA,NA,NA,NA,NA,3,6.232519627,NA,NA,NA,NA,NA,NA,NA,NA,NA,NA,NA,NA,324,NA,NA,NA,NA,NA,NA,NA,NA,NA,NA,NA,NA,13,10.92247295,27.54025078,30.13511276,0.118074156,0.00459551,6.633605003,0.120780863,63.00944138,907.8984985,0.412293434,34.97433853,-843.2395576,-857.489323,WhiteTroatedCaracara,20
504,NA,NA,NA,NA,NA,NA,0,NA,0,0,0,0,0,NA,NA,NA,NA,NA,NA,60,NA,2,5,30,30,16,NA,NA,NA,NA,NA,NA,14,NA,10,10,6,6,16,NA,NA,NA,NA,NA,NA,3,NA,1,5,1,1,1,3.550045729,NA,NA,NA,NA,NA,NA,52,NA,246,338,351,279,278,NA,NA,NA,NA,NA,NA,7,NA,9,10,11,12,13,12.40066814,147.8636932,1.46867466,36.00870895,5.859325409,16.59614944,3.916404009,4.457905769,35.17126083,-0.356449187,11.44145966,-1123.239558,-877.489323,WhiteTroatedCaracara,20
505,NA,NA,NA,NA,NA,NA,NA,NA,NA,NA,NA,0,NA,NA,NA,NA,NA,NA,NA,NA,NA,NA,NA,NA,105,NA,NA,NA,NA,NA,NA,NA,NA,NA,NA,NA,NA,17,NA,NA,NA,NA,NA,NA,NA,NA,NA,NA,NA,NA,2,NA,5.884803772,NA,NA,NA,NA,NA,NA,NA,NA,NA,NA,NA,320,NA,NA,NA,NA,NA,NA,NA,NA,NA,NA,NA,NA,12,NA,11.02115536,175.2848969,0.08660046,7.271759987,6.954822063,36.16473389,0.041243788,3.194162846,241.5157928,0.95293045,78.88986969,-1103.239558,-877.489323,WhiteTroatedCaracara,20
507,NA,NA,NA,NA,NA,NA,NA,NA,0,0,NA,0,0,NA,NA,NA,NA,NA,NA,NA,NA,30,39,NA,13,8,NA,NA,NA,NA,NA,NA,NA,NA,13,12,NA,9,7,NA,NA,NA,NA,NA,NA,NA,NA,3,1,NA,1,1,3.753398418,NA,NA,NA,NA,NA,NA,NA,NA,362,256,NA,336,292,NA,NA,NA,NA,NA,NA,NA,NA,9,10,NA,12,13,10.97169304,184.6398468,0.051449027,5.970990658,9.06453228,32.59567261,0.345455527,0.833912015,233.1286469,-0.728585839,61.98984146,-1063.239558,-877.489323,WhiteTroatedCaracara,20
508,NA,0,0,NA,NA,NA,NA,NA,NA,NA,0,0,0,NA,60,40,NA,NA,NA,NA,NA,NA,NA,10,26,13,NA,10,17,NA,NA,NA,NA,NA,NA,NA,17,18,19,NA,1,4,NA,NA,NA,NA,NA,NA,NA,2,2,1,3.72645545,NA,303,265,NA,NA,NA,NA,NA,NA,NA,276,253,50,NA,2,3,NA,NA,NA,NA,NA,NA,NA,11,12,13,10.65387154,247.6964569,0.375198394,17.42933273,2.493536472,13.90326309,2.167143583,2.324687243,382.7463989,-2.251148701,35.14610291,-1043.239558,-877.489323,WhiteTroatedCaracara,20
509,0,0,0,0,0,0,0,0,0,0,0,0,0,60,90,190,30,20,60,30,38,265,7,10,90,26,18,11,14,9,10,6,11,19,13,17,20,11,11,1,3,4,1,1,1,1,2,1,1,2,3,1,3.72645545,18,7,322,344,262,336,294,351,362,331,364,251,352,1,2,3,4,5,6,7,8,9,10,11,12,13,10.65387154,247.6964569,0.375198394,17.42933273,2.493536472,13.90326309,2.167143583,2.324687243,382.7463989,-2.251148701,35.14610291,-1023.239558,-877.489323,WhiteTroatedCaracara,20
510,0,0,0,0,0,0,0,0,0,0,0,0,0,90,120,240,10,120,60,60,30,120,120,30,60,169,0,0,12,18,11,10,15,15,18,10,12,8,8,1,4,2,1,2,3,1,1,2,1,2,1,2,3.705399036,259,7,270,49,4,338,296,262,299,293,348,304,281,1,2,3,4,5,6,7,8,9,10,11,12,13,9.553638458,204.7719116,0.727641225,11.42593384,5.706419945,31.61946297,1.862609148,5.086850166,665.2594604,-2.285012007,98.93271637,-1003.239558,-877.489323,WhiteTroatedCaracara,20
511,0,NA,0,0,NA,0,NA,0,0,0,0,NA,0,180,NA,20,180,NA,20,NA,120,300,10,3,NA,4,8,NA,0,8,NA,10,NA,16,8,12,14,NA,17,2,NA,2,2,NA,1,NA,2,2,1,1,NA,2,4.804563522,43,NA,339,48,NA,342,NA,267,319,365,291,NA,31,1,NA,3,4,NA,6,NA,8,9,10,11,NA,13,8.801149368,156.1447296,0.967677474,6.413842201,5.166146278,40.30263901,2.042172194,5.413175106,882.5732422,-1.606897473,135.289856,-983.2395576,-877.489323,WhiteTroatedCaracara,20
512,NA,NA,NA,NA,NA,NA,NA,NA,0,NA,NA,NA,NA,NA,NA,NA,NA,NA,NA,NA,NA,300,NA,NA,NA,NA,NA,NA,NA,NA,NA,NA,NA,NA,10,NA,NA,NA,NA,NA,NA,NA,NA,NA,NA,NA,NA,5,NA,NA,NA,NA,4.669054985,NA,NA,NA,NA,NA,NA,NA,NA,314,NA,NA,NA,NA,NA,NA,NA,NA,NA,NA,NA,NA,9,NA,NA,NA,NA,7.129966259,103.5052414,1.242546916,3.703896284,2.063983917,40.64001083,3.808959007,10.05073071,1271.290771,-1.412302852,137.2162628,-963.2395576,-877.489323,WhiteTroatedCaracara,20
513,NA,NA,NA,NA,NA,NA,0,NA,0,NA,0,0,0,NA,NA,NA,NA,NA,NA,20,NA,60,NA,15,90,241,NA,NA,NA,NA,NA,NA,13,NA,13,NA,13,10,15,NA,NA,NA,NA,NA,NA,2,NA,2,NA,1,2,1,5.038647652,NA,NA,NA,NA,NA,NA,314,NA,299,NA,9,44,267,NA,NA,NA,NA,NA,NA,7,NA,9,NA,11,12,13,6.835770607,72.78001404,6.661152363,3.394984484,9.482032776,27.70629883,13.19607067,19.43255043,1399.360229,-0.171683103,97.98403168,-943.2395576,-877.489323,WhiteTroatedCaracara,20
514,NA,NA,NA,NA,NA,NA,0,NA,0,0,0,NA,0,NA,NA,NA,NA,NA,NA,24,NA,120,3,57,NA,60,NA,NA,NA,NA,NA,NA,11,NA,16,11,19,NA,19,NA,NA,NA,NA,NA,NA,2,NA,3,3,2,NA,2,3.265618324,NA,NA,NA,NA,NA,NA,314,NA,22,347,327,NA,365,NA,NA,NA,NA,NA,NA,7,NA,9,10,11,NA,13,7.898165703,53.90000153,12.71785831,3.394902945,3.767302275,16.43590546,7.711717129,50.94462204,1273.769897,0.010920275,70.75629425,-923.2395576,-877.489323,WhiteTroatedCaracara,20
515,NA,NA,NA,NA,NA,NA,0,NA,NA,0,NA,NA,0,NA,NA,NA,NA,NA,NA,15,NA,NA,20,NA,NA,2,NA,NA,NA,NA,NA,NA,10,NA,NA,11,NA,NA,8,NA,NA,NA,NA,NA,NA,2,NA,NA,1,NA,NA,1,4.783661842,NA,NA,NA,NA,NA,NA,315,NA,NA,42,NA,NA,284,NA,NA,NA,NA,NA,NA,7,NA,NA,10,NA,NA,13,7.867362022,42.96639252,12.62585354,3.206444025,0.563051581,15.45713902,5.227501869,62.51984787,1346.223877,-0.835229158,73.77912903,-903.2395576,-877.489323,WhiteTroatedCaracara,20
517,NA,NA,NA,NA,NA,NA,0,NA,NA,NA,NA,NA,0,NA,NA,NA,NA,NA,NA,6,NA,NA,NA,NA,NA,10,NA,NA,NA,NA,NA,NA,15,NA,NA,NA,NA,NA,10,NA,NA,NA,NA,NA,NA,2,NA,NA,NA,NA,NA,2,4.517495155,NA,NA,NA,NA,NA,NA,357,NA,NA,NA,NA,NA,346,NA,NA,NA,NA,NA,NA,7,NA,NA,NA,NA,NA,13,10.33095741,31.51469421,25.53606606,0.086821042,0.06903632,7.794917107,0.28301388,66.19406128,957.772644,-0.067480713,29.44449806,-863.2395576,-877.489323,WhiteTroatedCaracara,20
519,NA,NA,NA,NA,NA,NA,NA,NA,NA,0,NA,NA,0,NA,NA,NA,NA,NA,NA,NA,NA,NA,120,NA,NA,130,NA,NA,NA,NA,NA,NA,NA,NA,NA,9,NA,NA,10,NA,NA,NA,NA,NA,NA,NA,NA,NA,2,NA,NA,2,6.095067024,NA,NA,NA,NA,NA,NA,NA,NA,NA,38,NA,NA,362,NA,NA,NA,NA,NA,NA,NA,NA,NA,10,NA,NA,13,12.35093594,27.66047859,22.1048851,0.613143563,0.009965071,10.8839016,0.033928096,66.33753967,601.527771,-0.195465192,9.750455856,-823.2395576,-877.489323,WhiteTroatedCaracara,20
520,0,0,0,NA,NA,0,0,0,0,0,0,0,0,24,10,60,NA,NA,60,10,5,60,10,120,90,41,16,11,15,NA,NA,8,13,18,11,15,16,13,12,1,1,1,NA,NA,3,2,2,4,4,3,3,1,3.514305592,299,5,9,NA,NA,348,362,22,293,338,326,278,355,1,2,3,NA,NA,6,7,8,9,10,11,12,13,10.89156437,186.969635,0.054817639,4.166491032,6.953635693,39.24748611,0.400304317,1.670175076,222.4346771,0.28509593,73.15795898,-1123.239558,-897.489323,WhiteTroatedCaracara,20
521,NA,NA,NA,NA,NA,NA,NA,NA,NA,0,0,NA,0,NA,NA,NA,NA,NA,NA,NA,NA,NA,10,28,NA,79,NA,NA,NA,NA,NA,NA,NA,NA,NA,10,13,NA,13,NA,NA,NA,NA,NA,NA,NA,NA,NA,3,1,NA,1,3.514305592,NA,NA,NA,NA,NA,NA,NA,NA,NA,32,12,NA,324,NA,NA,NA,NA,NA,NA,NA,NA,NA,10,11,NA,13,10.89156437,186.969635,0.054817639,4.166491032,6.953635693,39.24748611,0.400304317,1.670175076,222.4346771,0.28509593,73.15795898,-1103.239558,-897.489323,WhiteTroatedCaracara,20
522,NA,NA,NA,NA,NA,NA,NA,NA,NA,0,0,0,0,NA,NA,NA,NA,NA,NA,NA,NA,NA,60,4,13,9,NA,NA,NA,NA,NA,NA,NA,NA,NA,15,16,16,11,NA,NA,NA,NA,NA,NA,NA,NA,NA,1,1,1,1,3.547514439,NA,NA,NA,NA,NA,NA,NA,NA,NA,357,347,275,262,NA,NA,NA,NA,NA,NA,NA,NA,NA,10,11,12,13,11.04958248,194.7063446,0.118141703,13.08258152,9.334766388,28.41007805,1.023941398,1.068267703,193.0206909,-0.36247322,49.4310112,-1083.239558,-897.489323,WhiteTroatedCaracara,20
523,NA,NA,NA,NA,NA,NA,NA,NA,NA,NA,0,0,0,NA,NA,NA,NA,NA,NA,NA,NA,NA,NA,45,10,17,NA,NA,NA,NA,NA,NA,NA,NA,NA,NA,16,17,14,NA,NA,NA,NA,NA,NA,NA,NA,NA,NA,1,1,1,2.989658594,NA,NA,NA,NA,NA,NA,NA,NA,NA,NA,291,260,254,NA,NA,NA,NA,NA,NA,NA,NA,NA,NA,11,12,13,10.68612289,214.9136658,0.292996377,18.02734756,5.425235748,30.9962883,1.029680371,2.490604401,275.7008362,-0.165947691,59.22356415,-1063.239558,-897.489323,WhiteTroatedCaracara,20
524,NA,NA,NA,NA,NA,NA,NA,0,0,0,0,0,0,NA,NA,NA,NA,NA,NA,NA,5,240,5,20,3,76,NA,NA,NA,NA,NA,NA,NA,10,16,15,19,14,20,NA,NA,NA,NA,NA,NA,NA,1,1,3,2,2,2,2.902906418,NA,NA,NA,NA,NA,NA,NA,333,364,362,336,303,361,NA,NA,NA,NA,NA,NA,NA,8,9,10,11,12,13,10.30998898,239.0232239,0.317659676,20.5801487,6.56324482,24.94450188,2.322862148,1.482875824,374.115509,0.492673934,49.59998322,-1043.239558,-897.489323,WhiteTroatedCaracara,20
525,NA,NA,0,0,NA,NA,0,0,0,0,0,0,0,NA,NA,240,300,NA,NA,20,60,60,60,44,68,167,NA,NA,16,11,NA,NA,10,19,12,18,14,9,13,NA,NA,1,2,NA,NA,1,2,2,2,2,3,1,3.391199112,NA,NA,55,281,NA,NA,55,351,362,291,364,313,347,NA,NA,3,4,NA,NA,7,8,9,10,11,12,13,9.62618351,231.1206665,0.614814579,7.659173489,4.84331274,28.74879074,3.548448086,4.351678371,578.8339233,-0.924684644,67.16088867,-1023.239558,-897.489323,WhiteTroatedCaracara,20
526,NA,NA,0,0,NA,0,NA,0,0,0,0,0,0,NA,NA,60,300,NA,30,NA,39,28,60,55,13,41,NA,NA,11,10,NA,12,NA,12,12,20,11,12,12,NA,NA,3,3,NA,1,NA,2,1,3,1,1,1,5.370569229,NA,NA,2,361,NA,314,NA,341,337,349,357,262,363,NA,NA,3,4,NA,6,NA,8,9,10,11,12,13,6.619972706,160.0249634,4.697691917,3.016320944,2.69428134,37.61936569,2.47307086,9.770433426,1286.929443,2.798203707,109.4934692,-1003.239558,-897.489323,WhiteTroatedCaracara,20
527,NA,0,0,0,NA,0,0,0,0,0,0,0,0,NA,60,180,60,NA,34,60,5,6,30,90,45,9,NA,11,12,16,NA,11,8,18,14,14,16,12,20,NA,1,1,1,NA,3,2,4,2,1,1,2,1,5.460679054,NA,329,251,318,NA,290,310,295,351,365,55,268,288,NA,2,3,4,NA,6,7,8,9,10,11,12,13,6.670271397,134.5769501,5.562294006,6.16875124,3.997896433,35.82709503,3.65448308,9.537308693,1288.101807,0.776831508,134.2684479,-983.2395576,-897.489323,WhiteTroatedCaracara,20
528,0,NA,0,0,NA,0,NA,0,0,0,0,0,0,120,NA,143,240,NA,101,NA,5,70,30,30,112,45,12,NA,10,9,NA,6,NA,18,19,9,15,14,9,2,NA,2,1,NA,2,NA,4,1,2,1,1,1,7.525719643,361,NA,52,354,NA,48,NA,295,315,45,290,262,15,1,NA,3,4,NA,6,NA,8,9,10,11,12,13,7.000046253,102.7396698,0.986763537,3.131282091,4.657242775,37.19671631,4.972803593,8.541620255,1273.131348,-0.969750285,105.8393555,-963.2395576,-897.489323,WhiteTroatedCaracara,20
529,NA,NA,NA,NA,NA,NA,0,NA,0,NA,NA,NA,NA,NA,NA,NA,NA,NA,NA,150,NA,75,NA,NA,NA,NA,NA,NA,NA,NA,NA,NA,15,NA,11,NA,NA,NA,NA,NA,NA,NA,NA,NA,NA,4,NA,1,NA,NA,NA,NA,10.54900265,NA,NA,NA,NA,NA,NA,259,NA,282,NA,NA,NA,NA,NA,NA,NA,NA,NA,NA,7,NA,9,NA,NA,NA,NA,6.583581448,72.9803009,4.512614727,2.407434225,7.061307907,30.24461555,10.37291622,20.58530617,1433.602783,2.006951094,79.0697403,-943.2395576,-897.489323,WhiteTroatedCaracara,20
530,NA,NA,NA,NA,NA,NA,NA,NA,0,NA,0,0,0,NA,NA,NA,NA,NA,NA,NA,NA,10,NA,40,83,10,NA,NA,NA,NA,NA,NA,NA,NA,19,NA,17,10,9,NA,NA,NA,NA,NA,NA,NA,NA,3,NA,1,2,1,4.957695007,NA,NA,NA,NA,NA,NA,NA,NA,55,NA,9,38,41,NA,NA,NA,NA,NA,NA,NA,NA,9,NA,11,12,13,7.580902576,57.791996,14.15888596,3.222206831,3.197589159,17.72275352,7.411274433,52.59725952,1321.79834,1.890549302,90.30135345,-923.2395576,-897.489323,WhiteTroatedCaracara,20
531,NA,NA,NA,NA,NA,0,NA,NA,NA,0,NA,NA,0,NA,NA,NA,NA,NA,100,NA,NA,NA,60,NA,NA,9,NA,NA,NA,NA,NA,13,NA,NA,NA,7,NA,NA,11,NA,NA,NA,NA,NA,4,NA,NA,NA,1,NA,NA,1,14.05513,NA,NA,NA,NA,NA,309,NA,NA,NA,42,NA,NA,258,NA,NA,NA,NA,NA,6,NA,NA,NA,10,NA,NA,13,8.554048538,44.50596237,15.33324337,1.633283496,0.512944937,15.35087872,2.083785772,64.3666687,1190.999756,-0.436763287,41.73140335,-903.2395576,-897.489323,WhiteTroatedCaracara,20
532,NA,NA,NA,NA,NA,NA,NA,0,0,NA,0,NA,0,NA,NA,NA,NA,NA,NA,NA,10,5,NA,30,NA,25,NA,NA,NA,NA,NA,NA,NA,14,15,NA,9,NA,9,NA,NA,NA,NA,NA,NA,NA,4,1,NA,1,NA,2,7.949350357,NA,NA,NA,NA,NA,NA,NA,295,322,NA,291,NA,346,NA,NA,NA,NA,NA,NA,NA,8,9,NA,11,NA,13,9.192756653,36.89349365,3.712029219,0.380112529,0,14.94569588,0.076671392,80.90868378,1112.831787,0.085793197,38.77059937,-883.2395576,-897.489323,WhiteTroatedCaracara,20
536,0,NA,NA,NA,NA,NA,0,0,0,0,0,0,0,30,NA,NA,NA,NA,NA,3,1,20,34,2,15,8,14,NA,NA,NA,NA,NA,15,13,11,15,16,7,10,5,NA,NA,NA,NA,NA,1,2,1,2,1,1,1,3.656024218,338,NA,NA,NA,NA,NA,6,276,350,268,285,246,294,1,NA,NA,NA,NA,NA,7,8,9,10,11,12,13,11.59648228,182.1947937,0.033448342,28.06235123,5.01377964,24.6721344,2.096692562,1.754237294,52.09386063,-1.150693893,15.20236492,-1123.239558,-917.489323,WhiteTroatedCaracara,20
537,NA,NA,0,NA,NA,NA,NA,0,0,0,0,0,0,NA,NA,30,NA,NA,NA,NA,2,60,60,6,18,16,NA,NA,9,NA,NA,NA,NA,10,13,11,18,14,13,NA,NA,1,NA,NA,NA,NA,2,4,1,1,1,1,3.656024218,NA,NA,255,NA,NA,NA,NA,4,291,284,276,310,281,NA,NA,3,NA,NA,NA,NA,8,9,10,11,12,13,11.59648228,182.1947937,0.033448342,28.06235123,5.01377964,24.6721344,2.096692562,1.754237294,52.09386063,-1.150693893,15.20236492,-1103.239558,-917.489323,WhiteTroatedCaracara,20
538,NA,NA,NA,NA,NA,NA,NA,0,0,NA,0,0,0,NA,NA,NA,NA,NA,NA,NA,60,2,NA,14,23,16,NA,NA,NA,NA,NA,NA,NA,11,10,NA,10,14,17,NA,NA,NA,NA,NA,NA,NA,3,1,NA,1,1,1,2.952308655,NA,NA,NA,NA,NA,NA,NA,305,364,NA,296,278,288,NA,NA,NA,NA,NA,NA,NA,8,9,NA,11,12,13,10.98924065,199.0305023,0.058402605,10.06466675,7.906291008,30.7535305,0.732739806,2.408453465,176.8775482,0.894924819,43.02285767,-1083.239558,-917.489323,WhiteTroatedCaracara,20
539,NA,NA,NA,NA,NA,NA,0,NA,NA,NA,NA,0,0,NA,NA,NA,NA,NA,NA,30,NA,NA,NA,NA,20,63,NA,NA,NA,NA,NA,NA,18,NA,NA,NA,NA,14,15,NA,NA,NA,NA,NA,NA,3,NA,NA,NA,NA,1,1,4.463766575,NA,NA,NA,NA,NA,NA,38,NA,NA,NA,NA,5,322,NA,NA,NA,NA,NA,NA,7,NA,NA,NA,NA,12,13,10.20761585,222.4707184,0.065939933,15.95138168,3.814956903,34.59117889,2.912931442,2.957205296,341.8597107,0.270190567,65.28753662,-1063.239558,-917.489323,WhiteTroatedCaracara,20
540,NA,0,0,0,0,NA,NA,0,0,0,0,0,0,NA,120,150,60,175,NA,NA,30,2,5,5,42,93,NA,18,9,16,11,NA,NA,11,10,16,17,14,10,NA,3,2,1,2,NA,NA,4,1,3,2,1,1,2.834160805,NA,332,329,294,43,NA,NA,255,272,360,359,310,342,NA,2,3,4,5,NA,NA,8,9,10,11,12,13,10.83639336,238.4908447,0.111898743,36.91032791,3.18943429,15.2221384,4.304758549,0.479722589,245.0140533,-1.514395356,29.10766602,-1043.239558,-917.489323,WhiteTroatedCaracara,20
541,NA,NA,NA,0,NA,0,0,0,0,0,0,0,0,NA,NA,NA,5,NA,70,50,60,40,30,83,6,14,NA,NA,NA,16,NA,9,12,9,20,16,16,23,11,NA,NA,NA,1,NA,1,1,4,2,1,1,1,1,6.887653828,NA,NA,NA,287,NA,266,57,255,26,49,17,288,339,NA,NA,NA,4,NA,6,7,8,9,10,11,12,13,8.928905487,219.23526,0,5.974932671,2.403771162,42.47885513,2.377200603,9.668923378,693.9832153,4.322865963,124.8437653,-1023.239558,-917.489323,WhiteTroatedCaracara,20
542,NA,NA,0,NA,NA,NA,NA,0,0,0,0,0,0,NA,NA,45,NA,NA,NA,NA,15,3,20,10,95,60,NA,NA,17,NA,NA,NA,NA,17,11,19,13,16,12,NA,NA,1,NA,NA,NA,NA,1,1,1,1,1,4,3.844555855,NA,NA,57,NA,NA,NA,NA,57,20,23,251,250,253,NA,NA,3,NA,NA,NA,NA,8,9,10,11,12,13,8.857328415,197.4323883,0.094537981,3.681659698,1.665044904,46.59129715,1.027372956,7.791041851,768.0930176,-2.346655846,131.3640442,-1003.239558,-917.489323,WhiteTroatedCaracara,20
543,NA,NA,0,NA,0,NA,0,0,0,0,0,0,NA,NA,NA,240,NA,60,NA,120,240,180,228,150,19,NA,NA,NA,13,NA,8,NA,14,15,13,13,12,15,NA,NA,NA,1,NA,1,NA,2,1,4,3,2,2,NA,4.172780991,NA,NA,365,NA,46,NA,318,365,307,30,348,257,NA,NA,NA,3,NA,5,NA,7,8,9,10,11,12,NA,6.334760189,131.7634277,3.670424938,3.637638092,2.484678507,39.4040947,3.054020643,10.74222469,1334.961548,1.3101753,133.2936401,-983.2395576,-917.489323,WhiteTroatedCaracara,20
544,NA,NA,0,NA,0,NA,0,0,0,0,0,0,0,NA,NA,180,NA,120,NA,60,90,76,50,180,84,206,NA,NA,10,NA,10,NA,11,10,11,14,16,8,14,NA,NA,1,NA,2,NA,2,1,1,1,1,2,1,3.004434824,NA,NA,361,NA,11,NA,318,314,328,36,10,258,310,NA,NA,3,NA,5,NA,7,8,9,10,11,12,13,6.313517094,102.1745605,7.976865292,4.829610825,5.642564774,22.45624733,11.19019318,16.64603806,1401.209473,-1.431151271,120.4475861,-963.2395576,-917.489323,WhiteTroatedCaracara,20
545,NA,NA,NA,NA,NA,NA,0,0,0,NA,0,NA,0,NA,NA,NA,NA,NA,NA,20,4,120,NA,20,NA,5,NA,NA,NA,NA,NA,NA,10,14,13,NA,10,NA,19,NA,NA,NA,NA,NA,NA,2,2,2,NA,3,NA,2,3.673500538,NA,NA,NA,NA,NA,NA,318,45,285,NA,291,NA,310,NA,NA,NA,NA,NA,NA,7,8,9,NA,11,NA,13,8.145648956,82.5687027,9.51463604,3.203306913,3.796828747,16.08866692,12.74625111,44.16832733,1125.081055,-1.145697236,69.35575104,-943.2395576,-917.489323,WhiteTroatedCaracara,20
546,NA,0,NA,NA,NA,NA,0,0,0,0,NA,0,0,NA,180,NA,NA,NA,NA,10,5,15,4,NA,82,173,NA,9,NA,NA,NA,NA,12,11,19,9,NA,13,16,NA,1,NA,NA,NA,NA,2,1,3,3,NA,1,2,5.533389091,NA,284,NA,NA,NA,NA,317,18,55,347,NA,352,331,NA,2,NA,NA,NA,NA,7,8,9,10,NA,12,13,8.879449844,64.17987823,13.196558,1.811724544,0.528622568,13.89211464,2.551854372,67.92451477,1055.506348,-0.292313576,68.75131989,-923.2395576,-917.489323,WhiteTroatedCaracara,20
547,NA,NA,NA,0,NA,NA,0,0,0,0,0,0,0,NA,NA,NA,20,NA,NA,150,120,200,120,205,148,3,NA,NA,NA,15,NA,NA,15,9,8,10,8,8,9,NA,NA,NA,2,NA,NA,1,1,2,1,2,1,1,8.507989883,NA,NA,NA,306,NA,NA,292,270,1,252,359,282,284,NA,NA,NA,4,NA,NA,7,8,9,10,11,12,13,9.340579987,50.64603806,13.93357086,1.448906422,0.159930512,12.87239456,0.76623255,70.78871918,1005.794373,-0.69097662,41.35704041,-903.2395576,-917.489323,WhiteTroatedCaracara,20
548,NA,NA,NA,NA,NA,NA,0,0,NA,NA,NA,NA,0,NA,NA,NA,NA,NA,NA,7,120,NA,NA,NA,NA,106,NA,NA,NA,NA,NA,NA,15,11,NA,NA,NA,NA,12,NA,NA,NA,NA,NA,NA,2,4,NA,NA,NA,NA,1,4.520797253,NA,NA,NA,NA,NA,NA,357,295,NA,NA,NA,NA,360,NA,NA,NA,NA,NA,NA,7,8,NA,NA,NA,NA,13,9.265306473,40.54068756,12.55253124,0.34736982,0,12.71848488,0.079787374,74.32439423,1056.076294,-0.290290385,29.8738327,-883.2395576,-917.489323,WhiteTroatedCaracara,20
549,NA,NA,NA,NA,NA,NA,NA,NA,NA,NA,NA,0,NA,NA,NA,NA,NA,NA,NA,NA,NA,NA,NA,NA,91,NA,NA,NA,NA,NA,NA,NA,NA,NA,NA,NA,NA,11,NA,NA,NA,NA,NA,NA,NA,NA,NA,NA,NA,NA,1,NA,10.63823414,NA,NA,NA,NA,NA,NA,NA,NA,NA,NA,NA,10,NA,NA,NA,NA,NA,NA,NA,NA,NA,NA,NA,NA,12,NA,9.815693855,35.01069641,18.33945084,0.251838624,0.055102475,10.98310566,0.043998946,69.81708527,978.1310425,0.008743126,23.05102158,-863.2395576,-917.489323,WhiteTroatedCaracara,20
551,0,0,0,0,0,0,0,0,0,0,0,0,0,180,90,15,120,60,5,60,20,104,3,30,48,5,2,8,17,10,11,16,17,16,10,11,8,7,14,1,1,2,1,3,1,3,4,1,1,1,1,1,7.466630459,282,351,280,289,298,276,302,296,351,292,278,320,267,1,2,3,4,5,6,7,8,9,10,11,12,13,10.97639847,214.271759,0.294698507,6.256603241,2.068719864,38.29788208,0.708045363,6.631913185,137.3219147,-0.796768904,38.36918259,-1123.239558,-937.489323,WhiteTroatedCaracara,20
552,NA,NA,0,NA,0,NA,0,0,0,0,0,0,0,NA,NA,60,NA,25,NA,240,45,96,68,4,300,62,NA,NA,0,NA,14,NA,9,13,10,11,19,9,13,NA,NA,1,NA,3,NA,2,1,1,1,1,2,4,1.923589349,NA,NA,256,NA,271,NA,269,301,330,322,276,305,317,NA,NA,3,NA,5,NA,7,8,9,10,11,12,13,11.176898,197.2728882,0.039933015,11.50095844,6.735307693,28.82217598,0.794745564,2.693690777,103.119957,0.902475238,33.15850067,-1103.239558,-937.489323,WhiteTroatedCaracara,20
553,NA,NA,NA,NA,NA,NA,0,0,0,0,0,0,0,NA,NA,NA,NA,NA,NA,300,56,10,10,3,9,5,NA,NA,NA,NA,NA,NA,7,16,13,18,11,15,9,NA,NA,NA,NA,NA,NA,4,3,1,1,1,2,1,1.949561715,NA,NA,NA,NA,NA,NA,292,305,42,332,336,303,354,NA,NA,NA,NA,NA,NA,7,8,9,10,11,12,13,11.25933552,194.1226807,0.125527173,13.69662285,7.864405632,26.55651093,1.412137508,2.545241594,109.180809,-1.263210893,33.34209442,-1083.239558,-937.489323,WhiteTroatedCaracara,20
554,NA,NA,NA,NA,NA,0,NA,0,NA,0,NA,0,0,NA,NA,NA,NA,NA,120,NA,7,NA,2,NA,30,25,NA,NA,NA,NA,NA,11,NA,12,NA,17,NA,13,16,NA,NA,NA,NA,NA,3,NA,6,NA,1,NA,1,1,2.156636715,NA,NA,NA,NA,NA,35,NA,323,NA,332,NA,51,319,NA,NA,NA,NA,NA,6,NA,8,NA,10,NA,12,13,10.83906555,218.4414825,0.130241647,25.59210587,5.77066946,27.47220612,4.026288986,1.431145787,218.1185303,-0.406115711,33.78179169,-1063.239558,-937.489323,WhiteTroatedCaracara,20
555,NA,NA,NA,NA,NA,0,NA,NA,NA,NA,0,0,0,NA,NA,NA,NA,NA,35,NA,NA,NA,NA,144,258,46,NA,NA,NA,NA,NA,12,NA,NA,NA,NA,9,15,18,NA,NA,NA,NA,NA,2,NA,NA,NA,NA,1,2,2,7.549936295,NA,NA,NA,NA,NA,267,NA,NA,NA,NA,291,44,13,NA,NA,NA,NA,NA,6,NA,NA,NA,NA,11,12,13,9.667764664,226.7532501,0.321697801,7.870229721,2.739052534,36.33282852,1.881007314,6.979425907,496.1762695,0.656795263,103.7199249,-1043.239558,-937.489323,WhiteTroatedCaracara,20
556,NA,0,NA,NA,NA,NA,NA,0,0,0,0,0,0,NA,120,NA,NA,NA,NA,NA,78,5,5,2,15,100,NA,8,NA,NA,NA,NA,NA,9,17,18,15,11,15,NA,2,NA,NA,NA,NA,NA,2,2,3,1,1,1,6.054833412,NA,338,NA,NA,NA,NA,NA,40,280,360,275,280,343,NA,2,NA,NA,NA,NA,NA,8,9,10,11,12,13,9.588585854,226.1628418,0.422280997,3.380294561,1.404120922,39.36347961,0.72329241,7.396409035,550.0310669,-6.380823612,132.5100708,-1023.239558,-937.489323,WhiteTroatedCaracara,20
557,NA,0,0,0,0,NA,0,0,0,0,0,0,0,NA,180,60,120,30,NA,60,10,20,21,90,14,120,NA,10,17,12,17,NA,14,23,9,18,9,10,15,NA,2,2,1,1,NA,1,1,1,1,2,1,4,3.913243532,NA,339,21,54,263,NA,262,294,339,350,327,264,253,NA,2,3,4,5,NA,7,8,9,10,11,12,13,8.175970078,189.2263031,0.449828625,2.775213242,1.270431995,42.07027054,1.154201627,7.537277699,892.0205078,1.291372299,122.3371124,-1003.239558,-937.489323,WhiteTroatedCaracara,20
558,0,0,NA,NA,NA,NA,NA,NA,NA,0,NA,0,NA,180,60,NA,NA,NA,NA,NA,NA,NA,90,NA,40,NA,8,12,NA,NA,NA,NA,NA,NA,NA,20,NA,18,NA,5,8,NA,NA,NA,NA,NA,NA,NA,1,NA,2,NA,5.667024612,332,331,NA,NA,NA,NA,NA,NA,NA,24,NA,11,NA,1,2,NA,NA,NA,NA,NA,NA,NA,10,NA,12,NA,6.634617329,138.7586212,2.603531361,3.132287979,3.083387375,41.4216423,3.196919918,9.946129799,1247.360962,-2.642239094,137.0296021,-983.2395576,-937.489323,WhiteTroatedCaracara,20
559,NA,0,NA,NA,NA,NA,NA,0,NA,0,0,0,0,NA,60,NA,NA,NA,NA,NA,46,NA,141,83,64,10,NA,14,NA,NA,NA,NA,NA,17,NA,12,13,13,10,NA,8,NA,NA,NA,NA,NA,1,NA,3,1,2,2,4.319485188,NA,331,NA,NA,NA,NA,NA,26,NA,344,14,257,9,NA,2,NA,NA,NA,NA,NA,8,NA,10,11,12,13,5.837593079,101.6672745,3.677341223,6.239086151,6.88581419,29.55778885,13.99253559,14.57980728,1461.402832,7.326550961,154.2327423,-963.2395576,-937.489323,WhiteTroatedCaracara,20
560,NA,NA,NA,0,NA,NA,0,0,0,0,0,0,0,NA,NA,NA,30,NA,NA,60,30,80,72,30,29,6,NA,NA,NA,19,NA,NA,15,11,15,12,17,13,9,NA,NA,NA,2,NA,NA,2,1,3,2,2,1,2,2.692294836,NA,NA,NA,306,NA,NA,317,295,313,292,312,358,337,NA,NA,NA,4,NA,NA,7,8,9,10,11,12,13,8.544623375,90.7394104,5.777063847,5.996982574,5.376092911,9.609890938,21.52574921,44.40139389,1011.166687,-0.716484368,55.53700256,-943.2395576,-937.489323,WhiteTroatedCaracara,20
561,NA,0,0,0,0,0,0,0,0,0,0,0,0,NA,120,30,120,30,60,30,5,150,15,90,150,25,NA,8,11,18,18,6,11,15,9,11,8,17,9,NA,2,2,1,2,1,3,4,3,2,1,1,2,4.876815319,NA,271,30,46,7,59,54,295,287,290,287,289,281,NA,2,3,4,5,6,7,8,9,10,11,12,13,9.430143356,73.17628479,4.284638405,3.664741278,0.801489115,9.308481216,4.397255898,76.89982605,916.5123901,-1.784037709,55.29598999,-923.2395576,-937.489323,WhiteTroatedCaracara,20
562,NA,NA,NA,NA,NA,NA,NA,NA,NA,0,NA,NA,NA,NA,NA,NA,NA,NA,NA,NA,NA,NA,210,NA,NA,NA,NA,NA,NA,NA,NA,NA,NA,NA,NA,12,NA,NA,NA,NA,NA,NA,NA,NA,NA,NA,NA,NA,2,NA,NA,NA,4.504024506,NA,NA,NA,NA,NA,NA,NA,NA,NA,278,NA,NA,NA,NA,NA,NA,NA,NA,NA,NA,NA,NA,10,NA,NA,NA,9.04404068,54.96619415,16.58176613,1.505066752,0.155646548,12.35136318,1.061717033,67.88167572,1033.717285,1.141785979,34.49420166,-903.2395576,-937.489323,WhiteTroatedCaracara,20
564,NA,NA,NA,NA,NA,NA,NA,NA,NA,NA,NA,0,NA,NA,NA,NA,NA,NA,NA,NA,NA,NA,NA,NA,93,NA,NA,NA,NA,NA,NA,NA,NA,NA,NA,NA,NA,19,NA,NA,NA,NA,NA,NA,NA,NA,NA,NA,NA,NA,2,NA,10.59911728,NA,NA,NA,NA,NA,NA,NA,NA,NA,NA,NA,33,NA,NA,NA,NA,NA,NA,NA,NA,NA,NA,NA,NA,12,NA,10.28535366,39.13803482,21.83732605,0.099615917,0.003448288,10.84138107,0,67.1886673,853.6599731,0.816101432,24.4412632,-863.2395576,-937.489323,WhiteTroatedCaracara,20
565,NA,NA,NA,NA,NA,NA,NA,0,NA,NA,NA,0,NA,NA,NA,NA,NA,NA,NA,NA,195,NA,NA,NA,75,NA,NA,NA,NA,NA,NA,NA,NA,14,NA,NA,NA,8,NA,NA,NA,NA,NA,NA,NA,NA,3,NA,NA,NA,1,NA,10.59911728,NA,NA,NA,NA,NA,NA,NA,283,NA,NA,NA,35,NA,NA,NA,NA,NA,NA,NA,NA,8,NA,NA,NA,12,NA,10.28535366,39.13803482,21.83732605,0.099615917,0.003448288,10.84138107,0,67.1886673,853.6599731,0.816101432,24.4412632,-843.2395576,-937.489323,WhiteTroatedCaracara,20
574,0,NA,0,0,0,0,0,0,0,0,0,0,0,120,NA,120,63,180,45,15,30,101,60,54,5,7,13,NA,0,19,10,11,13,16,15,16,17,11,17,1,NA,4,8,1,2,1,2,2,2,1,4,2,5.970288754,274,NA,285,43,345,17,349,361,38,289,259,282,306,1,NA,3,4,5,6,7,8,9,10,11,12,13,10.5525198,214.8965759,0.235058248,4.219799042,0.758750737,33.01594543,0.227892265,5.089800835,197.7209015,0.291793317,64.6266861,-1143.239558,-957.489323,WhiteTroatedCaracara,20
575,NA,0,0,0,0,0,0,0,0,0,0,0,0,NA,120,240,10,25,50,20,15,60,3,74,56,120,NA,9,16,11,8,5,10,19,18,16,13,13,13,NA,2,3,1,5,1,2,4,4,1,1,1,1,5.970288754,NA,356,258,290,268,289,331,297,291,357,291,250,295,NA,2,3,4,5,6,7,8,9,10,11,12,13,10.5525198,214.8965759,0.235058248,4.219799042,0.758750737,33.01594543,0.227892265,5.089800835,197.7209015,0.291793317,64.6266861,-1123.239558,-957.489323,WhiteTroatedCaracara,20
576,0,NA,NA,NA,NA,0,0,0,0,0,0,0,0,90,NA,NA,NA,NA,2,20,20,295,15,21,7,5,15,NA,NA,NA,NA,15,21,11,7,9,17,17,18,1,NA,NA,NA,NA,1,5,4,3,2,1,1,3,2.947991848,277,NA,NA,NA,NA,312,33,298,346,351,47,302,310,1,NA,NA,NA,NA,6,7,8,9,10,11,12,13,10.51166058,200.4372864,0.000384303,2.590929985,3.451764107,34.52597427,0.553273439,3.201280355,217.9770508,-0.34130013,58.01364899,-1103.239558,-957.489323,WhiteTroatedCaracara,20
577,NA,NA,NA,NA,NA,NA,NA,0,NA,0,0,0,0,NA,NA,NA,NA,NA,NA,NA,90,NA,19,7,8,2,NA,NA,NA,NA,NA,NA,NA,16,NA,9,18,14,20,NA,NA,NA,NA,NA,NA,NA,1,NA,1,1,1,1,2.600094318,NA,NA,NA,NA,NA,NA,NA,281,NA,281,349,244,346,NA,NA,NA,NA,NA,NA,NA,8,NA,10,11,12,13,10.59814072,192.7874908,0.286622077,12.49132729,4.32478714,29.88561249,2.208900452,4.049388885,232.8112335,0.626577735,54.58956146,-1083.239558,-957.489323,WhiteTroatedCaracara,20
578,NA,NA,NA,NA,NA,NA,NA,NA,NA,0,NA,0,NA,NA,NA,NA,NA,NA,NA,NA,NA,NA,33,NA,45,NA,NA,NA,NA,NA,NA,NA,NA,NA,NA,10,NA,12,NA,NA,NA,NA,NA,NA,NA,NA,NA,NA,1,NA,1,NA,2.208709717,NA,NA,NA,NA,NA,NA,NA,NA,NA,26,NA,296,NA,NA,NA,NA,NA,NA,NA,NA,NA,NA,10,NA,12,NA,10.92434406,213.1926117,0.24023968,26.94541168,6.070623875,22.75755692,4.891050816,1.417080164,207.3978729,-0.716023147,24.26524353,-1063.239558,-957.489323,WhiteTroatedCaracara,20
579,NA,NA,NA,NA,NA,NA,NA,NA,NA,NA,0,0,0,NA,NA,NA,NA,NA,NA,NA,NA,NA,NA,4,16,59,NA,NA,NA,NA,NA,NA,NA,NA,NA,NA,18,10,16,NA,NA,NA,NA,NA,NA,NA,NA,NA,NA,1,2,1,4.225165367,NA,NA,NA,NA,NA,NA,NA,NA,NA,NA,44,57,268,NA,NA,NA,NA,NA,NA,NA,NA,NA,NA,11,12,13,8.42147541,220.1831818,0,4.031982899,0.715135872,50.95611954,0.475009918,10.8755703,766.3994751,4.244543076,121.8328094,-1043.239558,-957.489323,WhiteTroatedCaracara,20
580,NA,NA,NA,NA,NA,NA,NA,NA,NA,0,0,NA,0,NA,NA,NA,NA,NA,NA,NA,NA,NA,10,10,NA,128,NA,NA,NA,NA,NA,NA,NA,NA,NA,14,17,NA,14,NA,NA,NA,NA,NA,NA,NA,NA,NA,1,1,NA,1,6.5744133,NA,NA,NA,NA,NA,NA,NA,NA,NA,35,264,NA,354,NA,NA,NA,NA,NA,NA,NA,NA,NA,10,11,NA,13,7.281732082,200.6579437,0.609623492,2.628175259,1.036859155,48.32881165,0.63719058,9.527544975,1034.903931,5.777775288,163.4049683,-1023.239558,-957.489323,WhiteTroatedCaracara,20
581,NA,NA,NA,0,NA,NA,NA,NA,0,0,NA,NA,NA,NA,NA,NA,120,NA,NA,NA,NA,120,15,NA,NA,NA,NA,NA,NA,0,NA,NA,NA,NA,15,15,NA,NA,NA,NA,NA,NA,6,NA,NA,NA,NA,1,2,NA,NA,NA,11.74267769,NA,NA,NA,57,NA,NA,NA,NA,286,317,NA,NA,NA,NA,NA,NA,4,NA,NA,NA,NA,9,10,NA,NA,NA,7.014734268,177.3918457,0.64456439,2.425819635,1.612012506,47.07871246,1.321969748,10.36057472,1118.722168,-0.151490644,134.4428101,-1003.239558,-957.489323,WhiteTroatedCaracara,20
582,NA,NA,NA,0,0,NA,NA,NA,0,0,0,0,0,NA,NA,NA,180,120,NA,NA,NA,20,66,240,120,120,NA,NA,NA,8,13,NA,NA,NA,18,16,8,13,10,NA,NA,NA,2,1,NA,NA,NA,1,1,2,2,6,5.482822418,NA,NA,NA,51,24,NA,NA,NA,350,20,291,275,281,NA,NA,NA,4,5,NA,NA,NA,9,10,11,12,13,6.749373913,145.0972748,0.310507625,5.230875015,2.769043684,41.3772583,3.828622818,9.083690643,1198.907227,-0.550927997,147.7704926,-983.2395576,-957.489323,WhiteTroatedCaracara,20
583,NA,NA,0,0,0,NA,NA,0,0,0,0,0,0,NA,NA,180,180,240,NA,NA,180,180,7,240,55,66,NA,NA,8,17,8,NA,NA,21,8,13,13,9,18,NA,NA,1,2,1,NA,NA,5,1,1,2,1,1,6.442231655,NA,NA,331,326,318,NA,NA,9,38,323,362,282,328,NA,NA,3,4,5,NA,NA,8,9,10,11,12,13,6.820615292,113.0977707,1.193192959,2.147908688,6.774599075,34.82549286,7.723044395,9.396254539,1246.510376,-2.743795872,124.2653732,-963.2395576,-957.489323,WhiteTroatedCaracara,20
584,0,NA,NA,0,0,0,0,0,0,0,0,0,0,120,NA,NA,180,150,60,120,60,180,60,115,246,214,15,NA,NA,14,9,16,16,17,9,12,7,12,11,1,NA,NA,1,3,2,9,4,2,1,1,2,2,2.470136166,327,NA,NA,283,28,266,54,334,268,286,299,335,304,1,NA,NA,4,5,6,7,8,9,10,11,12,13,8.502609253,97.04506683,6.804368496,7.462434769,8.648075104,13.74656773,19.5247345,34.03125763,989.7217407,-0.74612999,61.21257401,-943.2395576,-957.489323,WhiteTroatedCaracara,20
585,NA,NA,NA,NA,NA,NA,NA,0,0,0,0,0,0,NA,NA,NA,NA,NA,NA,NA,90,45,24,113,180,60,NA,NA,NA,NA,NA,NA,NA,15,8,9,8,16,22,NA,NA,NA,NA,NA,NA,NA,3,1,2,2,4,1,3.401899815,NA,NA,NA,NA,NA,NA,NA,57,309,290,306,282,333,NA,NA,NA,NA,NA,NA,NA,8,9,10,11,12,13,9.528698921,79.36286163,3.128509521,4.35246563,1.652674913,8.354030609,6.388277054,75.42044067,864.4093018,-0.531025231,48.91867828,-923.2395576,-957.489323,WhiteTroatedCaracara,20
586,NA,NA,NA,0,NA,NA,0,0,0,0,0,0,0,NA,NA,NA,10,NA,NA,5,30,180,21,84,66,35,NA,NA,NA,15,NA,NA,9,12,8,12,7,14,16,NA,NA,NA,2,NA,NA,2,1,2,1,1,1,1,2.52704215,NA,NA,NA,306,NA,NA,320,295,285,290,59,326,260,NA,NA,NA,4,NA,NA,7,8,9,10,11,12,13,9.884322166,63.4834938,7.263768673,1.862753987,0.094219461,13.7343626,0.453329831,76.4030304,843.0039673,-1.139471412,41.4731369,-903.2395576,-957.489323,WhiteTroatedCaracara,20
587,NA,NA,NA,NA,NA,NA,NA,0,NA,NA,NA,NA,0,NA,NA,NA,NA,NA,NA,NA,135,NA,NA,NA,NA,11,NA,NA,NA,NA,NA,NA,NA,14,NA,NA,NA,NA,12,NA,NA,NA,NA,NA,NA,NA,3,NA,NA,NA,NA,1,3.821065903,NA,NA,NA,NA,NA,NA,NA,280,NA,NA,NA,NA,343,NA,NA,NA,NA,NA,NA,NA,8,NA,NA,NA,NA,13,9.221384048,46.47108841,3.048763752,0.045962621,0.066898249,15.13730049,0.122337312,81.58078766,1005.589355,0.745099068,33.83978653,-883.2395576,-957.489323,WhiteTroatedCaracara,20
588,NA,NA,NA,NA,NA,NA,NA,0,0,NA,NA,NA,0,NA,NA,NA,NA,NA,NA,NA,5,3,NA,NA,NA,5,NA,NA,NA,NA,NA,NA,NA,17,16,NA,NA,NA,10,NA,NA,NA,NA,NA,NA,NA,3,1,NA,NA,NA,1,3.066687584,NA,NA,NA,NA,NA,NA,NA,279,12,NA,NA,NA,38,NA,NA,NA,NA,NA,NA,NA,8,9,NA,NA,NA,13,10.49717045,43.1464653,4.597854137,1.073975921,0,13.65778255,0.034662884,80.6240387,782.4817505,-1.049343705,35.52436447,-863.2395576,-957.489323,WhiteTroatedCaracara,20
589,NA,NA,0,NA,NA,0,0,0,0,0,0,0,0,NA,NA,60,NA,NA,5,30,10,10,14,60,60,77,NA,NA,13,NA,NA,9,11,17,15,13,15,18,17,NA,NA,1,NA,NA,2,2,3,5,1,2,1,1,9.674785614,NA,NA,6,NA,NA,9,320,279,266,335,46,271,271,NA,NA,3,NA,NA,6,7,8,9,10,11,12,13,11.22591209,40.37703705,15.77110863,0.29406485,0.045691546,10.27725315,0.377710462,68.53912354,653.6542969,-0.47164613,32.67180252,-843.2395576,-957.489323,WhiteTroatedCaracara,20
591,NA,NA,NA,NA,NA,NA,NA,0,NA,NA,NA,NA,NA,NA,NA,NA,NA,NA,NA,NA,220,NA,NA,NA,NA,NA,NA,NA,NA,NA,NA,NA,NA,10,NA,NA,NA,NA,NA,NA,NA,NA,NA,NA,NA,NA,3,NA,NA,NA,NA,NA,10.20562744,NA,NA,NA,NA,NA,NA,NA,284,NA,NA,NA,NA,NA,NA,NA,NA,NA,NA,NA,NA,8,NA,NA,NA,NA,NA,9.922041893,32.9101181,3.738264799,0,0.000282444,15.29680347,0.005011151,80.96918488,950.1065063,0.189517662,24.74573517,-803.2395576,-957.489323,WhiteTroatedCaracara,20
600,NA,NA,NA,NA,0,NA,0,0,0,NA,0,0,0,NA,NA,NA,NA,5,NA,90,215,35,NA,98,3,180,NA,NA,NA,NA,10,NA,14,14,16,NA,7,11,17,NA,NA,NA,NA,1,NA,3,4,1,NA,1,1,2,2.14974308,NA,NA,NA,NA,21,NA,34,22,56,NA,249,245,288,NA,NA,NA,NA,5,NA,7,8,9,NA,11,12,13,9.518543243,209.2980347,0.069602147,3.984987974,0.274289995,38.27722549,0.751090229,6.02601099,363.5452271,-0.056193184,57.72759628,-1143.239558,-977.489323,WhiteTroatedCaracara,20
601,NA,NA,NA,NA,NA,0,0,NA,NA,NA,NA,NA,NA,NA,NA,NA,NA,NA,180,10,NA,NA,NA,NA,NA,NA,NA,NA,NA,NA,NA,16,15,NA,NA,NA,NA,NA,NA,NA,NA,NA,NA,NA,5,2,NA,NA,NA,NA,NA,NA,3.36143446,NA,NA,NA,NA,NA,44,341,NA,NA,NA,NA,NA,NA,NA,NA,NA,NA,NA,6,7,NA,NA,NA,NA,NA,NA,9.005599022,200.2307129,0,0.846892059,0.856796861,41.42305756,0.060638446,4.070761204,483.4422913,-0.175950885,66.38357544,-1123.239558,-977.489323,WhiteTroatedCaracara,20
602,NA,NA,NA,NA,NA,NA,0,NA,NA,0,0,NA,NA,NA,NA,NA,NA,NA,NA,12,NA,NA,30,95,NA,NA,NA,NA,NA,NA,NA,NA,15,NA,NA,21,16,NA,NA,NA,NA,NA,NA,NA,NA,2,NA,NA,4,1,NA,NA,3.147176027,NA,NA,NA,NA,NA,NA,341,NA,NA,32,257,NA,NA,NA,NA,NA,NA,NA,NA,7,NA,NA,10,11,NA,NA,10.27004719,179.1263733,0,4.208655357,5.074177742,28.93494415,0.653496921,1.984058499,252.3775635,0.319797188,44.99159622,-1103.239558,-977.489323,WhiteTroatedCaracara,20
603,NA,NA,NA,0,NA,NA,NA,0,NA,0,NA,0,0,NA,NA,NA,240,NA,NA,NA,5,NA,20,NA,5,3,NA,NA,NA,8,NA,NA,NA,13,NA,12,NA,9,9,NA,NA,NA,2,NA,NA,NA,1,NA,4,NA,1,1,3.20091176,NA,NA,NA,338,NA,NA,NA,306,NA,279,NA,244,245,NA,NA,NA,4,NA,NA,NA,8,NA,10,NA,12,13,11.07480145,167.3496857,0.336632818,38.79577637,1.64627099,18.10339355,5.068356991,1.157259345,140.6805115,-0.277856857,24.55885506,-1083.239558,-977.489323,WhiteTroatedCaracara,20
604,NA,NA,NA,NA,NA,NA,NA,0,NA,0,0,0,0,NA,NA,NA,NA,NA,NA,NA,60,NA,30,30,7,122,NA,NA,NA,NA,NA,NA,NA,13,NA,13,19,14,18,NA,NA,NA,NA,NA,NA,NA,1,NA,1,2,1,4,3.01220274,NA,NA,NA,NA,NA,NA,NA,36,NA,45,305,293,359,NA,NA,NA,NA,NA,NA,NA,8,NA,10,11,12,13,11.14059734,205.3297577,0.283496439,43.51583862,1.34756124,16.36242676,4.735896111,0.560802579,188.3687744,0.183339134,13.88824272,-1063.239558,-977.489323,WhiteTroatedCaracara,20
605,NA,0,NA,NA,NA,0,NA,0,0,0,0,0,0,NA,180,NA,NA,NA,180,NA,240,20,11,27,82,5,NA,10,NA,NA,NA,8,NA,10,9,11,15,14,16,NA,2,NA,NA,NA,2,NA,2,1,1,1,4,1,4.272693634,NA,54,NA,NA,NA,339,NA,270,354,281,264,360,305,NA,2,NA,NA,NA,6,NA,8,9,10,11,12,13,11.76492119,239.1467743,0.010210469,13.22698116,0.99211812,11.9326334,1.784529328,1.618858337,156.3715057,-1.434340119,30.8507061,-1043.239558,-977.489323,WhiteTroatedCaracara,20
606,0,NA,NA,0,0,0,NA,0,0,0,0,0,0,5,NA,NA,6,60,120,NA,120,11,25,150,34,19,14,NA,NA,9,12,9,NA,18,9,10,14,17,10,1,NA,NA,1,1,4,NA,1,1,1,2,1,1,5.566532135,331,NA,NA,272,52,337,NA,33,352,285,250,261,258,1,NA,NA,4,5,6,NA,8,9,10,11,12,13,9.778899193,242.0846863,0.03163955,6.4124856,1.981296062,42.47661591,1.241944194,8.339483261,551.9310913,-1.27053678,155.2371826,-1023.239558,-977.489323,WhiteTroatedCaracara,20
607,NA,NA,NA,NA,NA,NA,NA,NA,0,0,0,0,0,NA,NA,NA,NA,NA,NA,NA,NA,30,2,9,15,58,NA,NA,NA,NA,NA,NA,NA,NA,12,12,17,15,14,NA,NA,NA,NA,NA,NA,NA,NA,3,1,4,1,1,18.17484283,NA,NA,NA,NA,NA,NA,NA,NA,304,7,347,289,342,NA,NA,NA,NA,NA,NA,NA,NA,9,10,11,12,13,8.146511078,204.9536591,1.369967103,5.094889164,2.148244143,43.92720795,3.830816984,13.07628441,898.4663086,0.411714911,169.8768616,-1003.239558,-977.489323,WhiteTroatedCaracara,20
608,NA,NA,0,NA,0,NA,NA,NA,0,0,0,0,0,NA,NA,240,NA,35,NA,NA,NA,117,180,180,24,13,NA,NA,7,NA,17,NA,NA,NA,21,13,12,17,12,NA,NA,10,NA,1,NA,NA,NA,1,1,3,2,2,10.80563068,NA,NA,330,NA,24,NA,NA,NA,359,2,17,290,340,NA,NA,3,NA,5,NA,NA,NA,9,10,11,12,13,6.371986389,144.5203247,1.439295769,3.911247969,3.728565931,38.73923874,6.323722839,11.24911404,1259.42334,0.383144319,163.4026794,-983.2395576,-977.489323,WhiteTroatedCaracara,20
609,0,0,0,0,0,0,0,0,0,0,0,0,0,120,90,30,180,180,120,60,30,5,90,150,162,15,14,13,7,7,10,11,17,19,11,16,17,9,13,3,1,1,3,1,2,2,1,1,2,2,1,1,4.549144268,328,254,258,320,8,269,52,28,359,296,311,281,339,1,2,3,4,5,6,7,8,9,10,11,12,13,6.980667591,120.6437073,0.543955028,2.177065134,5.96197319,36.36101532,6.055109024,7.227463722,1181.726929,0.457138836,122.8738632,-963.2395576,-977.489323,WhiteTroatedCaracara,20
610,NA,0,NA,0,0,NA,0,NA,0,0,0,0,1,NA,300,NA,15,120,NA,60,NA,90,95,21,2,120,NA,9,NA,10,9,NA,16,NA,10,8,17,13,12,NA,6,NA,2,2,NA,2,NA,1,1,1,1,1,8.13731575,NA,309,NA,327,320,NA,53,NA,37,307,308,359,273,NA,2,NA,4,5,NA,7,NA,9,10,11,12,13,5.540925026,83.00310516,7.97778368,5.343204975,9.980722427,26.11413956,14.47835922,20.66750145,1533.834717,2.525821209,124.5526428,-943.2395576,-977.489323,WhiteTroatedCaracara,20
612,NA,NA,NA,NA,NA,NA,0,0,NA,0,0,0,0,NA,NA,NA,NA,NA,NA,60,30,NA,21,8,20,2,NA,NA,NA,NA,NA,NA,17,12,NA,15,10,10,11,NA,NA,NA,NA,NA,NA,1,1,NA,2,1,3,1,1.98622632,NA,NA,NA,NA,NA,NA,23,294,NA,290,59,268,270,NA,NA,NA,NA,NA,NA,7,8,NA,10,11,12,13,10.18208694,68.91181183,19.13683891,0.769017518,0.105132103,11.96089268,1.759590268,66.19766998,758.7199097,0.153686732,25.83886719,-903.2395576,-977.489323,WhiteTroatedCaracara,20
613,NA,NA,NA,NA,NA,NA,NA,0,0,NA,0,0,0,NA,NA,NA,NA,NA,NA,NA,15,15,NA,50,10,12,NA,NA,NA,NA,NA,NA,NA,16,9,NA,16,17,10,NA,NA,NA,NA,NA,NA,NA,2,5,NA,2,1,3,5.318350792,NA,NA,NA,NA,NA,NA,NA,7,264,NA,339,11,301,NA,NA,NA,NA,NA,NA,NA,8,9,NA,11,12,13,9.296982765,50.90624619,10.37844753,0.122540355,0.140182808,15.06509495,1.344798326,72.91651154,951.7751465,0.392037153,33.04214859,-883.2395576,-977.489323,WhiteTroatedCaracara,20
614,NA,NA,NA,NA,NA,NA,NA,NA,NA,NA,NA,0,NA,NA,NA,NA,NA,NA,NA,NA,NA,NA,NA,NA,30,NA,NA,NA,NA,NA,NA,NA,NA,NA,NA,NA,NA,15,NA,NA,NA,NA,NA,NA,NA,NA,NA,NA,NA,NA,2,NA,5.898741245,NA,NA,NA,NA,NA,NA,NA,NA,NA,NA,NA,362,NA,NA,NA,NA,NA,NA,NA,NA,NA,NA,NA,NA,12,NA,9.59640789,42.9628067,4.886036396,0.689366698,0.027624866,13.94095135,0.26655972,80.08105469,921.6906738,0.63992548,28.03809166,-863.2395576,-977.489323,WhiteTroatedCaracara,20
621,NA,NA,NA,NA,NA,NA,NA,NA,NA,0,0,NA,NA,NA,NA,NA,NA,NA,NA,NA,NA,NA,60,75,NA,NA,NA,NA,NA,NA,NA,NA,NA,NA,NA,12,8,NA,NA,NA,NA,NA,NA,NA,NA,NA,NA,NA,4,2,NA,NA,4.842333794,NA,NA,NA,NA,NA,NA,NA,NA,NA,355,17,NA,NA,NA,NA,NA,NA,NA,NA,NA,NA,NA,10,11,NA,NA,9.300590515,44.1025238,21.80498123,0,0.01300549,8.868488312,0.364462525,68.9477005,1119.002441,0.174900383,12.29003716,-723.2395576,-977.489323,WhiteTroatedCaracara,20
622,NA,NA,NA,NA,NA,NA,NA,0,0,0,0,NA,NA,NA,NA,NA,NA,NA,NA,NA,10,120,300,140,NA,NA,NA,NA,NA,NA,NA,NA,NA,11,9,6,10,NA,NA,NA,NA,NA,NA,NA,NA,NA,4,2,5,2,NA,NA,4.907603264,NA,NA,NA,NA,NA,NA,NA,330,279,355,17,NA,NA,NA,NA,NA,NA,NA,NA,NA,8,9,10,11,NA,NA,9.823781967,47.75128555,12.6327076,0,0.006966057,9.436218262,0.00782193,77.90454102,1035.862305,-0.23419106,11.96574211,-703.2395576,-977.489323,WhiteTroatedCaracara,20
627,NA,NA,NA,NA,NA,NA,NA,NA,NA,NA,NA,NA,0,NA,NA,NA,NA,NA,NA,NA,NA,NA,NA,NA,NA,18,NA,NA,NA,NA,NA,NA,NA,NA,NA,NA,NA,NA,12,NA,NA,NA,NA,NA,NA,NA,NA,NA,NA,NA,NA,1,3.226517916,NA,NA,NA,NA,NA,NA,NA,NA,NA,NA,NA,NA,41,NA,NA,NA,NA,NA,NA,NA,NA,NA,NA,NA,NA,13,9.02075386,203.7588959,0,1.185062408,0.106196396,47.4058609,0.073241629,6.786932468,448.404541,0.152087405,116.9116135,-1163.239558,-997.489323,WhiteTroatedCaracara,20
628,NA,NA,NA,0,NA,NA,NA,NA,NA,NA,0,0,NA,NA,NA,NA,20,NA,NA,NA,NA,NA,NA,8,15,NA,NA,NA,NA,20,NA,NA,NA,NA,NA,NA,20,11,NA,NA,NA,NA,2,NA,NA,NA,NA,NA,NA,1,1,NA,3.226517916,NA,NA,NA,360,NA,NA,NA,NA,NA,NA,39,27,NA,NA,NA,NA,4,NA,NA,NA,NA,NA,NA,11,12,NA,9.02075386,203.7588959,0,1.185062408,0.106196396,47.4058609,0.073241629,6.786932468,448.404541,0.152087405,116.9116135,-1143.239558,-997.489323,WhiteTroatedCaracara,20
629,NA,NA,NA,NA,NA,0,NA,0,0,0,0,0,0,NA,NA,NA,NA,NA,80,NA,15,60,58,4,54,40,NA,NA,NA,NA,NA,16,NA,10,10,20,15,10,9,NA,NA,NA,NA,NA,2,NA,2,1,2,1,2,1,2.364264965,NA,NA,NA,NA,NA,250,NA,46,260,25,266,304,34,NA,NA,NA,NA,NA,6,NA,8,9,10,11,12,13,10.04536057,181.452652,0.247411385,8.986429214,3.613861322,32.27593231,0.616660893,3.751142979,265.0088806,-0.478454828,71.29121399,-1123.239558,-997.489323,WhiteTroatedCaracara,20
630,NA,NA,NA,NA,NA,0,0,0,0,0,0,0,0,NA,NA,NA,NA,NA,21,90,10,85,20,30,60,28,NA,NA,NA,NA,NA,15,15,17,16,6,11,1,9,NA,NA,NA,NA,NA,2,2,2,2,1,3,1,1,2.568295717,NA,NA,NA,NA,NA,250,248,274,246,307,330,252,281,NA,NA,NA,NA,NA,6,7,8,9,10,11,12,13,11.04154968,149.3193512,0.093471356,35.7002182,6.476707458,14.90241528,0.979013801,2.06454587,100.0286942,0.705746353,27.59994507,-1103.239558,-997.489323,WhiteTroatedCaracara,20
631,NA,NA,NA,NA,NA,NA,NA,0,0,0,0,0,0,NA,NA,NA,NA,NA,NA,NA,10,97,5,7,34,2,NA,NA,NA,NA,NA,NA,NA,21,10,12,8,9,7,NA,NA,NA,NA,NA,NA,NA,1,1,1,1,1,1,2.254988909,NA,NA,NA,NA,NA,NA,NA,326,293,31,304,276,345,NA,NA,NA,NA,NA,NA,NA,8,9,10,11,12,13,11.33734512,147.0558014,0.092462577,58.91493607,0.531052113,9.749367714,4.147005558,0.593148232,84.09521484,-0.042061504,6.541546345,-1083.239558,-997.489323,WhiteTroatedCaracara,20
632,NA,NA,NA,NA,0,NA,NA,NA,0,0,0,0,0,NA,NA,NA,NA,18,NA,NA,NA,47,20,25,103,240,NA,NA,NA,NA,11,NA,NA,NA,12,16,13,8,9,NA,NA,NA,NA,1,NA,NA,NA,2,4,2,1,4,4.35349369,NA,NA,NA,NA,254,NA,NA,NA,351,314,285,245,296,NA,NA,NA,NA,5,NA,NA,NA,9,10,11,12,13,11.22788429,202.381897,0.318071604,53.59760284,1.324698687,11.17407036,10.09496593,0.286367834,176.7154541,0.082771912,12.06965637,-1063.239558,-997.489323,WhiteTroatedCaracara,20
633,NA,NA,NA,NA,0,NA,0,0,0,0,0,0,0,NA,NA,NA,NA,60,NA,150,30,9,30,120,18,23,NA,NA,NA,NA,13,NA,16,11,14,10,9,7,9,NA,NA,NA,NA,2,NA,5,2,1,1,1,1,1,4.902588367,NA,NA,NA,NA,53,NA,281,365,326,363,306,352,340,NA,NA,NA,NA,5,NA,7,8,9,10,11,12,13,10.44104099,245.428421,0.044043653,11.13105392,1.538108349,26.58899117,2.31650877,4.447725296,393.5127258,0.192871064,52.96880722,-1043.239558,-997.489323,WhiteTroatedCaracara,20
634,NA,NA,NA,NA,0,NA,NA,0,0,0,0,0,0,NA,NA,NA,NA,90,NA,NA,120,15,39,17,180,15,NA,NA,NA,NA,17,NA,NA,10,12,7,12,9,14,NA,NA,NA,NA,2,NA,NA,1,1,1,1,2,1,5.653683186,NA,NA,NA,NA,52,NA,NA,47,20,327,287,269,295,NA,NA,NA,NA,5,NA,NA,8,9,10,11,12,13,9.765377045,262.3918457,0.250744343,8.762706757,1.918907523,39.65698242,2.035115719,4.95250845,547.6564941,-1.418518662,112.7497253,-1023.239558,-997.489323,WhiteTroatedCaracara,20
635,NA,NA,NA,NA,NA,0,NA,NA,NA,0,0,0,0,NA,NA,NA,NA,NA,30,NA,NA,NA,45,30,5,120,NA,NA,NA,NA,NA,11,NA,NA,NA,15,6,12,8,NA,NA,NA,NA,NA,1,NA,NA,NA,2,1,1,1,17.9951992,NA,NA,NA,NA,NA,37,NA,NA,NA,260,6,2,352,NA,NA,NA,NA,NA,6,NA,NA,NA,10,11,12,13,8.649952888,228.5090637,0.774679482,3.687411308,1.372741103,43.82304764,2.884025335,12.37678051,789.9345093,-0.648405135,143.0495605,-1003.239558,-997.489323,WhiteTroatedCaracara,20
637,0,NA,NA,0,0,NA,0,0,0,0,1,0,0,120,NA,NA,25,120,NA,90,75,120,15,161,21,68,9,NA,NA,16,10,NA,15,19,14,13,8,16,16,8,NA,NA,2,1,NA,1,3,2,2,1,4,2,4.696289539,332,NA,NA,327,10,NA,14,34,352,301,334,326,272,1,NA,NA,4,5,NA,7,8,9,10,11,12,13,5.98771286,113.406456,2.094862461,4.674256325,6.914061069,36.13669968,10.25736332,11.27411366,1355.571045,0.523972154,138.516571,-963.2395576,-997.489323,WhiteTroatedCaracara,20
638,NA,NA,NA,NA,NA,NA,NA,NA,0,0,0,0,1,NA,NA,NA,NA,NA,NA,NA,NA,120,180,3,90,3,NA,NA,NA,NA,NA,NA,NA,NA,18,14,9,13,10,NA,NA,NA,NA,NA,NA,NA,NA,2,1,1,1,1,4.093932629,NA,NA,NA,NA,NA,NA,NA,NA,50,30,328,250,325,NA,NA,NA,NA,NA,NA,NA,NA,9,10,11,12,13,6.357270241,88.18608856,4.823462963,6.198770046,8.424313545,26.34319878,13.93299866,17.74236107,1349.152954,-0.718467236,122.5825577,-943.2395576,-997.489323,WhiteTroatedCaracara,20
639,NA,NA,NA,NA,NA,NA,NA,NA,NA,NA,0,0,NA,NA,NA,NA,NA,NA,NA,NA,NA,NA,NA,48,120,NA,NA,NA,NA,NA,NA,NA,NA,NA,NA,NA,8,9,NA,NA,NA,NA,NA,NA,NA,NA,NA,NA,NA,1,3,NA,4.97753191,NA,NA,NA,NA,NA,NA,NA,NA,NA,NA,46,269,NA,NA,NA,NA,NA,NA,NA,NA,NA,NA,NA,11,12,NA,8.43469429,76.19891357,11.39773369,1.85142386,1.931672335,17.49700356,5.153235912,60.58074951,1042.056396,0.129331082,66.36798859,-923.2395576,-997.489323,WhiteTroatedCaracara,20
640,NA,NA,NA,0,NA,0,NA,0,0,0,0,0,0,NA,NA,NA,10,NA,15,NA,10,5,15,25,32,20,NA,NA,NA,14,NA,10,NA,16,10,16,17,10,14,NA,NA,NA,2,NA,2,NA,3,2,2,1,1,1,3.121913195,NA,NA,NA,1,NA,9,NA,281,305,290,339,338,330,NA,NA,NA,4,NA,6,NA,8,9,10,11,12,13,10.05691719,70.94756317,13.52904606,0.045490567,0.000190988,13.12988091,2.542215109,67.67591858,760.52771,-0.28516224,28.5149498,-903.2395576,-997.489323,WhiteTroatedCaracara,20
644,NA,NA,NA,NA,NA,NA,NA,NA,NA,0,NA,NA,NA,NA,NA,NA,NA,NA,NA,NA,NA,NA,180,NA,NA,NA,NA,NA,NA,NA,NA,NA,NA,NA,NA,10,NA,NA,NA,NA,NA,NA,NA,NA,NA,NA,NA,NA,1,NA,NA,NA,6.066759109,NA,NA,NA,NA,NA,NA,NA,NA,NA,15,NA,NA,NA,NA,NA,NA,NA,NA,NA,NA,NA,NA,10,NA,NA,NA,8.48572731,36.4363327,11.27189541,0.06898354,0.068989977,13.96947479,1.427707195,73.21255493,1154.145996,-0.103530973,53.67344284,-823.2395576,-997.489323,WhiteTroatedCaracara,20
650,NA,NA,NA,NA,NA,NA,NA,0,0,NA,NA,NA,NA,NA,NA,NA,NA,NA,NA,NA,10,180,NA,NA,NA,NA,NA,NA,NA,NA,NA,NA,NA,19,13,NA,NA,NA,NA,NA,NA,NA,NA,NA,NA,NA,4,2,NA,NA,NA,NA,3.901409626,NA,NA,NA,NA,NA,NA,NA,331,279,NA,NA,NA,NA,NA,NA,NA,NA,NA,NA,NA,8,9,NA,NA,NA,NA,9.567937851,49.22912979,9.436210632,0,0.018323032,10.96650791,0.030184083,79.50320435,1064.551025,-0.054614909,10.51307678,-703.2395576,-997.489323,WhiteTroatedCaracara,20
652,NA,NA,NA,NA,NA,NA,NA,NA,0,NA,0,0,0,NA,NA,NA,NA,NA,NA,NA,NA,8,NA,15,15,2,NA,NA,NA,NA,NA,NA,NA,NA,10,NA,16,14,12,NA,NA,NA,NA,NA,NA,NA,NA,2,NA,3,4,1,4.192240238,NA,NA,NA,NA,NA,NA,NA,NA,285,NA,57,305,262,NA,NA,NA,NA,NA,NA,NA,NA,9,NA,11,12,13,11.21856785,53.48822403,5.328330994,0.077529058,0.023999199,15.08867168,0,79.2973938,794.0899658,-0.11854811,12.59679317,-663.2395576,-997.489323,WhiteTroatedCaracara,20
653,NA,NA,NA,NA,NA,NA,NA,NA,NA,NA,0,0,0,NA,NA,NA,NA,NA,NA,NA,NA,NA,NA,10,15,5,NA,NA,NA,NA,NA,NA,NA,NA,NA,NA,17,13,14,NA,NA,NA,NA,NA,NA,NA,NA,NA,NA,4,4,2,4.835458279,NA,NA,NA,NA,NA,NA,NA,NA,NA,NA,57,305,264,NA,NA,NA,NA,NA,NA,NA,NA,NA,NA,11,12,13,11.98374462,55.2174263,5.465649128,0,0.108703963,15.0694313,0,78.65267181,659.656311,-0.142527789,10.47852993,-643.2395576,-997.489323,WhiteTroatedCaracara,20
655,NA,NA,NA,NA,NA,NA,NA,NA,NA,NA,NA,NA,0,NA,NA,NA,NA,NA,NA,NA,NA,NA,NA,NA,NA,55,NA,NA,NA,NA,NA,NA,NA,NA,NA,NA,NA,NA,9,NA,NA,NA,NA,NA,NA,NA,NA,NA,NA,NA,NA,1,8.90836525,NA,NA,NA,NA,NA,NA,NA,NA,NA,NA,NA,NA,42,NA,NA,NA,NA,NA,NA,NA,NA,NA,NA,NA,NA,13,9.023079872,200.4882202,0,1.02733922,0.842857778,46.67618561,0.070857473,4.311110497,426.4178772,1.968740225,83.9078064,-1163.239558,-1017.489323,WhiteTroatedCaracara,20
656,NA,NA,0,NA,NA,NA,NA,NA,NA,NA,NA,0,0,NA,NA,60,NA,NA,NA,NA,NA,NA,NA,NA,13,1,NA,NA,15,NA,NA,NA,NA,NA,NA,NA,NA,17,20,NA,NA,1,NA,NA,NA,NA,NA,NA,NA,NA,1,1,8.90836525,NA,NA,309,NA,NA,NA,NA,NA,NA,NA,NA,362,299,NA,NA,3,NA,NA,NA,NA,NA,NA,NA,NA,12,13,9.023079872,200.4882202,0,1.02733922,0.842857778,46.67618561,0.070857473,4.311110497,426.4178772,1.968740225,83.9078064,-1143.239558,-1017.489323,WhiteTroatedCaracara,20
657,NA,NA,NA,NA,NA,0,NA,0,NA,0,NA,0,0,NA,NA,NA,NA,NA,6,NA,12,NA,19,NA,9,38,NA,NA,NA,NA,NA,18,NA,16,NA,14,NA,12,12,NA,NA,NA,NA,NA,2,NA,1,NA,1,NA,1,1,2.613082886,NA,NA,NA,NA,NA,250,NA,308,NA,300,NA,262,251,NA,NA,NA,NA,NA,6,NA,8,NA,10,NA,12,13,10.64887142,172.346756,0.525898516,29.89038849,3.906783581,19.10324669,1.762208939,2.297936678,128.4495544,-0.537220061,42.62679291,-1123.239558,-1017.489323,WhiteTroatedCaracara,20
658,NA,NA,0,0,0,0,0,0,0,0,0,0,0,NA,NA,30,10,2,75,5,62,1,2,35,15,100,NA,NA,9,8,16,17,17,16,16,10,9,14,10,NA,NA,1,2,2,1,2,2,2,1,1,1,1,3.544204712,NA,NA,268,306,340,260,248,299,246,285,263,271,259,NA,NA,3,4,5,6,7,8,9,10,11,12,13,11.01201534,150.9249115,0.097733192,54.99935532,2.33859539,11.92819118,1.945312977,0.97504431,79.25627899,-0.25042209,14.23866272,-1103.239558,-1017.489323,WhiteTroatedCaracara,20
659,NA,NA,0,NA,0,0,0,0,0,0,0,0,0,NA,NA,60,NA,45,90,80,5,12,33,7,15,21,NA,NA,16,NA,13,15,16,16,11,10,18,17,13,NA,NA,1,NA,1,2,2,1,2,2,1,2,2,3.203214407,NA,NA,323,NA,340,291,56,357,268,292,258,256,359,NA,NA,3,NA,5,6,7,8,9,10,11,12,13,11.20210648,157.7319183,0,58.43447876,0.382212996,11.22265148,9.828318596,0.064994641,92.89381409,-0.034589503,4.439910412,-1083.239558,-1017.489323,WhiteTroatedCaracara,20
660,NA,NA,NA,NA,0,NA,NA,NA,NA,0,NA,NA,NA,NA,NA,NA,NA,150,NA,NA,NA,NA,30,NA,NA,NA,NA,NA,NA,NA,12,NA,NA,NA,NA,16,NA,NA,NA,NA,NA,NA,NA,3,NA,NA,NA,NA,4,NA,NA,NA,7.479621887,NA,NA,NA,NA,326,NA,NA,NA,NA,310,NA,NA,NA,NA,NA,NA,NA,5,NA,NA,NA,NA,10,NA,NA,NA,11.16037369,211.7429199,0.119581863,48.34796143,0.457760096,17.23755646,8.914779663,0.174584553,181.8413849,-0.066556051,6.978516579,-1063.239558,-1017.489323,WhiteTroatedCaracara,20
661,NA,NA,NA,NA,NA,NA,NA,NA,NA,NA,NA,NA,0,NA,NA,NA,NA,NA,NA,NA,NA,NA,NA,NA,NA,5,NA,NA,NA,NA,NA,NA,NA,NA,NA,NA,NA,NA,13,NA,NA,NA,NA,NA,NA,NA,NA,NA,NA,NA,NA,1,10.34483051,NA,NA,NA,NA,NA,NA,NA,NA,NA,NA,NA,NA,54,NA,NA,NA,NA,NA,NA,NA,NA,NA,NA,NA,NA,13,9.517558098,262.131958,0.088719726,12.8757267,1.909901857,40.54582596,1.697426677,4.48054266,559.5548096,0.822247624,49.39920807,-1043.239558,-1017.489323,WhiteTroatedCaracara,20
662,NA,NA,NA,NA,NA,NA,0,NA,NA,NA,NA,0,NA,NA,NA,NA,NA,NA,NA,15,NA,NA,NA,NA,3,NA,NA,NA,NA,NA,NA,NA,11,NA,NA,NA,NA,14,NA,NA,NA,NA,NA,NA,NA,1,NA,NA,NA,NA,2,NA,12.4529705,NA,NA,NA,NA,NA,NA,1,NA,NA,NA,NA,304,NA,NA,NA,NA,NA,NA,NA,7,NA,NA,NA,NA,12,NA,6.216506958,213.3225861,11.04392624,2.080248356,2.079643965,32.93668747,11.14014149,11.8717289,1242.34082,4.345789909,107.8758545,-1023.239558,-1017.489323,WhiteTroatedCaracara,20
664,NA,NA,NA,0,0,NA,NA,0,0,0,0,0,0,NA,NA,NA,15,240,NA,NA,15,120,10,60,30,8,NA,NA,NA,18,14,NA,NA,9,10,12,13,18,12,NA,NA,NA,2,4,NA,NA,3,4,2,2,1,1,5.230373383,NA,NA,NA,327,288,NA,NA,281,39,301,248,316,337,NA,NA,NA,4,5,NA,NA,8,9,10,11,12,13,6.800239563,163.6570435,0.299203634,4.424091339,3.462288141,38.28697205,6.478333473,13.37472439,1150.198364,1.469146967,128.312973,-983.2395576,-1017.489323,WhiteTroatedCaracara,20
665,NA,NA,NA,NA,NA,NA,0,0,0,0,0,0,0,NA,NA,NA,NA,NA,NA,120,5,15,5,40,120,140,NA,NA,NA,NA,NA,NA,11,10,8,17,9,11,11,NA,NA,NA,NA,NA,NA,10,3,1,1,2,1,1,5.304659367,NA,NA,NA,NA,NA,NA,290,281,359,344,31,25,339,NA,NA,NA,NA,NA,NA,7,8,9,10,11,12,13,6.113481998,118.2057114,2.895165205,5.612273216,5.326670647,29.57836151,11.86353111,12.38469696,1314.992188,-1.055602074,148.7090302,-963.2395576,-1017.489323,WhiteTroatedCaracara,20
666,NA,NA,NA,0,NA,NA,NA,NA,0,0,NA,0,0,NA,NA,NA,270,NA,NA,NA,NA,38,5,NA,45,45,NA,NA,NA,7,NA,NA,NA,NA,9,17,NA,18,18,NA,NA,NA,2,NA,NA,NA,NA,1,1,NA,1,2,4.681190491,NA,NA,NA,328,NA,NA,NA,NA,14,344,NA,24,320,NA,NA,NA,4,NA,NA,NA,NA,9,10,NA,12,13,6.600150108,89.39244843,6.164709568,4.769307613,5.029360771,22.91931534,16.44680977,24.0912838,1279.881348,-1.019218445,114.7842178,-943.2395576,-1017.489323,WhiteTroatedCaracara,20
667,NA,NA,NA,NA,NA,0,NA,0,NA,NA,0,0,0,NA,NA,NA,NA,NA,40,NA,10,NA,NA,90,32,25,NA,NA,NA,NA,NA,11,NA,18,NA,NA,16,10,11,NA,NA,NA,NA,NA,2,NA,3,NA,NA,1,1,3,4.685910225,NA,NA,NA,NA,NA,9,NA,279,NA,NA,47,244,301,NA,NA,NA,NA,NA,6,NA,8,NA,NA,11,12,13,7.829199791,73.69615173,10.18608093,3.161100149,3.070949793,17.66060638,10.52789307,49.85462952,1125.319458,2.362872601,72.41024017,-923.2395576,-1017.489323,WhiteTroatedCaracara,20
668,NA,NA,NA,NA,NA,NA,NA,NA,NA,NA,NA,NA,0,NA,NA,NA,NA,NA,NA,NA,NA,NA,NA,NA,NA,7,NA,NA,NA,NA,NA,NA,NA,NA,NA,NA,NA,NA,11,NA,NA,NA,NA,NA,NA,NA,NA,NA,NA,NA,NA,1,4.519838333,NA,NA,NA,NA,NA,NA,NA,NA,NA,NA,NA,NA,11,NA,NA,NA,NA,NA,NA,NA,NA,NA,NA,NA,NA,13,9.646468163,68.40737152,13.16812229,0.113999553,0.070490889,12.99648571,4.351446629,59.56257248,805.2751465,-0.778707206,34.63303757,-903.2395576,-1017.489323,WhiteTroatedCaracara,20
670,NA,NA,NA,NA,NA,NA,NA,NA,NA,NA,NA,NA,0,NA,NA,NA,NA,NA,NA,NA,NA,NA,NA,NA,NA,5,NA,NA,NA,NA,NA,NA,NA,NA,NA,NA,NA,NA,13,NA,NA,NA,NA,NA,NA,NA,NA,NA,NA,NA,NA,1,4.956404209,NA,NA,NA,NA,NA,NA,NA,NA,NA,NA,NA,NA,11,NA,NA,NA,NA,NA,NA,NA,NA,NA,NA,NA,NA,13,9.626653671,47.85596466,9.257299423,0.114670746,0.048205856,13.44925785,0.069112301,76.21626282,867.0879517,0.740956485,43.15653992,-863.2395576,-1017.489323,WhiteTroatedCaracara,20
679,NA,NA,NA,NA,NA,0,NA,NA,NA,NA,NA,NA,NA,NA,NA,NA,NA,NA,30,NA,NA,NA,NA,NA,NA,NA,NA,NA,NA,NA,NA,14,NA,NA,NA,NA,NA,NA,NA,NA,NA,NA,NA,NA,2,NA,NA,NA,NA,NA,NA,NA,4.929264069,NA,NA,NA,NA,NA,39,NA,NA,NA,NA,NA,NA,NA,NA,NA,NA,NA,NA,6,NA,NA,NA,NA,NA,NA,NA,10.47908878,52.74186707,33.9640274,0,0.025952458,7.083884716,0,58.56579971,896.2484741,-0.370482236,15.49316311,-683.2395576,-1017.489323,WhiteTroatedCaracara,20
680,NA,NA,NA,NA,NA,NA,NA,NA,NA,NA,NA,0,NA,NA,NA,NA,NA,NA,NA,NA,NA,NA,NA,NA,180,NA,NA,NA,NA,NA,NA,NA,NA,NA,NA,NA,NA,7,NA,NA,NA,NA,NA,NA,NA,NA,NA,NA,NA,NA,2,NA,4.912896633,NA,NA,NA,NA,NA,NA,NA,NA,NA,NA,NA,274,NA,NA,NA,NA,NA,NA,NA,NA,NA,NA,NA,NA,12,NA,11.00296211,54.11001587,8.236481667,0.076802745,0,13.14548206,0,78.51867676,807.6014404,-0.079576112,14.69828701,-663.2395576,-1017.489323,WhiteTroatedCaracara,20
685,NA,NA,NA,NA,NA,NA,NA,0,NA,NA,NA,NA,NA,NA,NA,NA,NA,NA,NA,NA,5,NA,NA,NA,NA,NA,NA,NA,NA,NA,NA,NA,NA,15,NA,NA,NA,NA,NA,NA,NA,NA,NA,NA,NA,NA,2,NA,NA,NA,NA,NA,4.910724163,NA,NA,NA,NA,NA,NA,NA,28,NA,NA,NA,NA,NA,NA,NA,NA,NA,NA,NA,NA,8,NA,NA,NA,NA,NA,9.334350586,200.9580688,0,1.343085766,0.840758026,42.75606155,0.05508659,2.923345327,333.9325256,1.181793094,76.24985504,-1163.239558,-1037.489323,WhiteTroatedCaracara,20
686,0,0,0,0,NA,0,NA,0,NA,0,0,0,0,180,30,20,4,NA,60,NA,120,NA,120,29,33,16,9,16,18,12,NA,18,NA,13,NA,9,10,8,18,8,1,1,1,NA,1,NA,1,NA,3,1,1,1,4.910724163,334,32,309,49,NA,361,NA,282,NA,337,7,311,299,1,2,3,4,NA,6,NA,8,NA,10,11,12,13,9.334350586,200.9580688,0,1.343085766,0.840758026,42.75606155,0.05508659,2.923345327,333.9325256,1.181793094,76.24985504,-1143.239558,-1037.489323,WhiteTroatedCaracara,20
687,NA,NA,NA,NA,NA,NA,NA,NA,NA,0,NA,NA,0,NA,NA,NA,NA,NA,NA,NA,NA,NA,8,NA,NA,4,NA,NA,NA,NA,NA,NA,NA,NA,NA,16,NA,NA,10,NA,NA,NA,NA,NA,NA,NA,NA,NA,1,NA,NA,1,2.91972661,NA,NA,NA,NA,NA,NA,NA,NA,NA,304,NA,NA,298,NA,NA,NA,NA,NA,NA,NA,NA,NA,10,NA,NA,13,10.23995972,177.6432343,0.064056069,26.7718029,4.698845387,21.48966599,1.854180217,0.327031791,184.2463226,-0.418793052,30.61871147,-1123.239558,-1037.489323,WhiteTroatedCaracara,20
688,0,0,0,0,0,0,0,0,0,0,0,0,0,150,149,75,240,120,72,210,60,30,17,47,5,13,16,14,20,16,16,16,13,19,16,14,19,13,15,2,1,1,1,3,1,2,1,1,1,1,1,1,1.945230484,304,321,333,341,334,286,332,309,314,280,269,317,322,1,2,3,4,5,6,7,8,9,10,11,12,13,10.88718224,161.0304718,0.061727211,49.83666992,1.154094219,15.38267803,3.430681944,0.619963825,86.49162292,0.16053085,12.84315491,-1103.239558,-1037.489323,WhiteTroatedCaracara,20
689,NA,NA,NA,NA,0,0,NA,0,0,0,0,0,0,NA,NA,NA,NA,24,12,NA,5,6,5,1,6,1,NA,NA,NA,NA,16,16,NA,9,15,8,9,14,19,NA,NA,NA,NA,1,1,NA,1,1,1,1,1,1,2.602949142,NA,NA,NA,NA,257,273,NA,47,286,286,300,249,261,NA,NA,NA,NA,5,6,NA,8,9,10,11,12,13,11.11922359,174.0725098,0,52.2924118,0.753349781,13.33812809,12.70621872,0.034126431,100.2913513,-0.111690581,4.264687538,-1083.239558,-1037.489323,WhiteTroatedCaracara,20
690,NA,0,0,0,NA,0,0,0,0,0,0,0,0,NA,20,20,14,NA,40,30,60,10,7,75,200,40,NA,9,13,16,NA,20,16,18,11,9,22,18,11,NA,1,2,1,NA,1,2,4,1,1,1,1,1,2.388675928,NA,351,10,18,NA,364,338,261,285,286,281,282,256,NA,2,3,4,NA,6,7,8,9,10,11,12,13,11.19471073,225.8050537,0.070493594,43.27764511,0.561886072,15.65783215,12.60122681,0.236840874,186.9543152,0.002317961,8.945314407,-1063.239558,-1037.489323,WhiteTroatedCaracara,20
691,NA,0,NA,NA,NA,0,0,0,0,0,0,0,0,NA,150,NA,NA,NA,14,120,10,60,113,180,46,18,NA,10,NA,NA,NA,12,14,9,11,8,23,11,10,NA,1,NA,NA,NA,2,1,4,1,1,2,2,1,2.71454215,NA,351,NA,NA,NA,319,39,303,329,356,52,261,317,NA,2,NA,NA,NA,6,7,8,9,10,11,12,13,11.28261948,292.6645508,0.109768614,15.94161129,1.41458559,18.14778328,4.535868168,1.550246,253.3826599,-1.036261201,26.02194023,-1043.239558,-1037.489323,WhiteTroatedCaracara,20
692,0,0,0,0,0,0,0,0,1,0,0,0,0,120,60,180,60,15,70,120,20,1,37,113,120,46,11,21,10,8,18,10,16,11,11,19,11,16,15,1,7,4,5,2,2,4,2,1,1,1,1,1,2.592542171,42,20,303,338,24,319,261,295,34,295,344,316,316,1,2,3,4,5,6,7,8,9,10,11,12,13,8.209044456,273.1371765,2.163262367,3.421313047,2.534420729,42.04933929,1.226104498,7.244374275,834.1686401,-2.596307039,107.1529922,-1023.239558,-1037.489323,WhiteTroatedCaracara,20
693,NA,NA,NA,0,NA,NA,0,0,0,0,NA,NA,0,NA,NA,NA,60,NA,NA,11,10,100,4,NA,NA,40,NA,NA,NA,17,NA,NA,10,10,14,12,NA,NA,13,NA,NA,NA,1,NA,NA,2,4,2,1,NA,NA,1,4.198462963,NA,NA,NA,8,NA,NA,323,303,18,39,NA,NA,264,NA,NA,NA,4,NA,NA,7,8,9,10,NA,NA,13,6.287085056,198.4649811,4.897999763,1.813838124,4.937565804,39.5307579,6.772019863,13.00366879,1209.414429,-0.109168626,91.72577667,-1003.239558,-1037.489323,WhiteTroatedCaracara,20
694,NA,NA,NA,0,0,0,0,0,0,0,0,0,0,NA,NA,NA,180,60,7,60,105,20,51,80,1,15,NA,NA,NA,0,11,21,17,11,12,19,10,16,12,NA,NA,NA,3,1,1,3,3,5,1,1,1,2,3.935646534,NA,NA,NA,321,13,361,318,280,264,292,38,291,282,NA,NA,NA,4,5,6,7,8,9,10,11,12,13,7.49231863,181.6526947,0.96956563,2.748440742,2.96366787,31.14683723,6.281234264,10.47135735,1013.909302,0.066195652,110.0512085,-983.2395576,-1037.489323,WhiteTroatedCaracara,20
695,NA,NA,0,NA,NA,0,0,0,0,0,0,0,0,NA,NA,120,NA,NA,15,80,5,80,57,112,5,15,NA,NA,9,NA,NA,12,17,14,14,10,10,14,16,NA,NA,2,NA,NA,1,3,4,1,1,1,1,1,5.947700024,NA,NA,25,NA,NA,16,288,303,342,292,363,249,282,NA,NA,3,NA,NA,6,7,8,9,10,11,12,13,5.532958031,115.5317841,5.323673248,4.644899845,5.690468311,30.87864685,14.85094833,15.17673111,1413.502441,1.847298503,128.2137451,-963.2395576,-1037.489323,WhiteTroatedCaracara,20
696,NA,NA,NA,NA,NA,NA,0,NA,0,0,NA,0,NA,NA,NA,NA,NA,NA,NA,20,NA,82,5,NA,80,NA,NA,NA,NA,NA,NA,NA,14,NA,18,18,NA,18,NA,NA,NA,NA,NA,NA,NA,2,NA,2,1,NA,2,NA,6.948935986,NA,NA,NA,NA,NA,NA,290,NA,13,344,NA,359,NA,NA,NA,NA,NA,NA,NA,7,NA,9,10,NA,12,NA,6.007546902,85.51012421,8.465392113,6.701746464,5.769920349,20.52218437,15.04221916,30.68997002,1365.660522,0.552150726,121.7518997,-943.2395576,-1037.489323,WhiteTroatedCaracara,20
697,NA,NA,NA,NA,NA,0,NA,0,0,0,0,0,0,NA,NA,NA,NA,NA,10,NA,5,15,7,1,164,10,NA,NA,NA,NA,NA,11,NA,15,14,18,19,10,16,NA,NA,NA,NA,NA,2,NA,3,5,1,1,1,3,4.669830322,NA,NA,NA,NA,NA,30,NA,281,266,344,14,262,335,NA,NA,NA,NA,NA,6,NA,8,9,10,11,12,13,7.770323753,72.03076935,13.74442291,1.114718318,0.367670566,17.98503876,2.646319628,59.34228134,1096.732544,-0.634001374,88.33673096,-923.2395576,-1037.489323,WhiteTroatedCaracara,20
698,NA,NA,NA,0,0,NA,NA,NA,NA,NA,NA,NA,0,NA,NA,NA,240,60,NA,NA,NA,NA,NA,NA,NA,11,NA,NA,NA,15,8,NA,NA,NA,NA,NA,NA,NA,11,NA,NA,NA,1,2,NA,NA,NA,NA,NA,NA,NA,1,12.73644829,NA,NA,NA,29,12,NA,NA,NA,NA,NA,NA,NA,11,NA,NA,NA,4,5,NA,NA,NA,NA,NA,NA,NA,13,8.124052048,58.45730972,18.40754318,0.809369743,0.164328068,20.2565937,0.286035836,59.8626442,1066.869141,-0.313026249,50.35646439,-903.2395576,-1037.489323,WhiteTroatedCaracara,20
700,NA,NA,NA,NA,NA,NA,NA,NA,NA,NA,NA,NA,0,NA,NA,NA,NA,NA,NA,NA,NA,NA,NA,NA,NA,4,NA,NA,NA,NA,NA,NA,NA,NA,NA,NA,NA,NA,14,NA,NA,NA,NA,NA,NA,NA,NA,NA,NA,NA,NA,1,4.418852806,NA,NA,NA,NA,NA,NA,NA,NA,NA,NA,NA,NA,11,NA,NA,NA,NA,NA,NA,NA,NA,NA,NA,NA,NA,13,9.021457672,46.76679611,15.33685684,0.351028591,0.085652307,14.65327454,0.900355577,68.51184082,950.6704712,-0.971197844,46.95963287,-863.2395576,-1037.489323,WhiteTroatedCaracara,20
701,NA,NA,NA,NA,NA,NA,NA,NA,NA,NA,NA,NA,0,NA,NA,NA,NA,NA,NA,NA,NA,NA,NA,NA,NA,6,NA,NA,NA,NA,NA,NA,NA,NA,NA,NA,NA,NA,15,NA,NA,NA,NA,NA,NA,NA,NA,NA,NA,NA,NA,1,5.737127781,NA,NA,NA,NA,NA,NA,NA,NA,NA,NA,NA,NA,11,NA,NA,NA,NA,NA,NA,NA,NA,NA,NA,NA,NA,13,8.576341629,41.67207336,20.39268303,0.220599934,0.050550815,11.39375877,1.830841184,66.05843353,1066.738892,0.471003622,38.71584702,-843.2395576,-1037.489323,WhiteTroatedCaracara,20
709,NA,NA,NA,0,NA,NA,NA,0,NA,NA,0,0,0,NA,NA,NA,25,NA,NA,NA,10,NA,NA,1,15,18,NA,NA,NA,12,NA,NA,NA,12,NA,NA,14,15,15,NA,NA,NA,3,NA,NA,NA,4,NA,NA,1,4,2,3.821641445,NA,NA,NA,291,NA,NA,NA,330,NA,NA,346,302,262,NA,NA,NA,4,NA,NA,NA,8,NA,NA,11,12,13,10.37904072,53.76927948,26.90198898,0,0.029524935,8.530328751,0,63.88967133,882.1210327,0.04189764,15.66461468,-683.2395576,-1037.489323,WhiteTroatedCaracara,20
714,NA,NA,NA,0,NA,NA,NA,NA,NA,NA,NA,0,0,NA,NA,NA,120,NA,NA,NA,NA,NA,NA,NA,15,210,NA,NA,NA,12,NA,NA,NA,NA,NA,NA,NA,10,8,NA,NA,NA,1,NA,NA,NA,NA,NA,NA,NA,9,1,19.37356186,NA,NA,NA,12,NA,NA,NA,NA,NA,NA,NA,324,269,NA,NA,NA,4,NA,NA,NA,NA,NA,NA,NA,12,13,12.11055756,56.40436172,40.67510223,0,0,5.032280922,0,54.30928421,642.9188843,-0.230398655,18.70230103,-563.2395576,-1037.489323,WhiteTroatedCaracara,20
715,NA,NA,NA,NA,NA,NA,NA,NA,NA,NA,NA,0,NA,NA,NA,NA,NA,NA,NA,NA,NA,NA,NA,NA,102,NA,NA,NA,NA,NA,NA,NA,NA,NA,NA,NA,NA,12,NA,NA,NA,NA,NA,NA,NA,NA,NA,NA,NA,NA,2,NA,12.78550816,NA,NA,NA,NA,NA,NA,NA,NA,NA,NA,NA,35,NA,NA,NA,NA,NA,NA,NA,NA,NA,NA,NA,NA,12,NA,12.54927063,57.19885635,42.63672638,0,0,3.565731525,0,53.79197311,560.8326416,-0.097454384,16.49082565,-543.2395576,-1037.489323,WhiteTroatedCaracara,20
717,NA,NA,NA,0,NA,NA,NA,0,NA,0,0,0,0,NA,NA,NA,120,NA,NA,NA,15,NA,180,36,44,28,NA,NA,NA,9,NA,NA,NA,13,NA,16,20,16,9,NA,NA,NA,1,NA,NA,NA,2,NA,2,1,2,1,25.22359848,NA,NA,NA,35,NA,NA,NA,28,NA,362,9,13,35,NA,NA,NA,4,NA,NA,NA,8,NA,10,11,12,13,9.385840416,229.1751404,0,1.123789549,0.172575191,19.2148571,0.094318807,3.394861698,150.2512817,-0.313978732,41.38557434,-1163.239558,-1057.489323,WhiteTroatedCaracara,20
718,NA,NA,NA,NA,NA,NA,NA,NA,NA,NA,NA,0,0,NA,NA,NA,NA,NA,NA,NA,NA,NA,NA,NA,24,5,NA,NA,NA,NA,NA,NA,NA,NA,NA,NA,NA,16,14,NA,NA,NA,NA,NA,NA,NA,NA,NA,NA,NA,2,1,14.11837578,NA,NA,NA,NA,NA,NA,NA,NA,NA,NA,NA,330,35,NA,NA,NA,NA,NA,NA,NA,NA,NA,NA,NA,12,13,8.221703529,214.8645782,0,1.981531262,0.318969816,46.75006866,0.000183245,4.992750645,550.491272,-0.257730722,102.6025772,-1143.239558,-1057.489323,WhiteTroatedCaracara,20
719,NA,NA,NA,NA,NA,NA,NA,0,NA,NA,0,NA,0,NA,NA,NA,NA,NA,NA,NA,90,NA,NA,15,NA,30,NA,NA,NA,NA,NA,NA,NA,15,NA,NA,13,NA,12,NA,NA,NA,NA,NA,NA,NA,2,NA,NA,4,NA,1,3.546972752,NA,NA,NA,NA,NA,NA,NA,260,NA,NA,256,NA,251,NA,NA,NA,NA,NA,NA,NA,8,NA,NA,11,NA,13,9.939313889,189.6674652,0.016926484,25.11516571,2.908688068,25.51521873,1.950179696,0.993916154,232.0735168,-0.30285427,38.97618866,-1123.239558,-1057.489323,WhiteTroatedCaracara,20
720,NA,NA,NA,NA,NA,0,NA,0,0,NA,0,0,0,NA,NA,NA,NA,NA,35,NA,5,4,NA,11,51,26,NA,NA,NA,NA,NA,11,NA,15,19,NA,11,19,19,NA,NA,NA,NA,NA,2,NA,1,1,NA,1,2,2,2.367129087,NA,NA,NA,NA,NA,10,NA,263,305,NA,282,45,280,NA,NA,NA,NA,NA,6,NA,8,9,NA,11,12,13,10.8335495,174.1537323,0,48.6223259,0.445705593,16.66433716,8.301984787,0.112610146,97.11625671,-0.325393468,10.01833344,-1103.239558,-1057.489323,WhiteTroatedCaracara,20
721,NA,NA,NA,NA,NA,NA,0,0,NA,NA,0,0,0,NA,NA,NA,NA,NA,NA,13,5,NA,NA,18,6,1,NA,NA,NA,NA,NA,NA,12,19,NA,NA,14,21,18,NA,NA,NA,NA,NA,NA,2,1,NA,NA,1,1,1,3.401749134,NA,NA,NA,NA,NA,NA,340,38,NA,NA,330,12,261,NA,NA,NA,NA,NA,NA,7,8,NA,NA,11,12,13,11.00710487,191.5825653,0.125338688,46.59865189,0.503859937,15.17935658,10.39154911,0.22096312,125.2723007,0.050354294,5.136615276,-1083.239558,-1057.489323,WhiteTroatedCaracara,20
722,NA,NA,0,NA,NA,NA,0,NA,0,0,0,0,0,NA,NA,30,NA,NA,NA,5,NA,25,35,13,27,19,NA,NA,19,NA,NA,NA,12,NA,11,15,10,19,11,NA,NA,1,NA,NA,NA,1,NA,1,1,1,1,1,3.041298389,NA,NA,323,NA,NA,NA,7,NA,285,261,330,328,246,NA,NA,3,NA,NA,NA,7,NA,9,10,11,12,13,11.08492279,243.3929138,0.15294376,29.32224846,2.357052803,23.64379692,5.424327374,0.237360135,190.7825775,-0.087650463,10.59666252,-1063.239558,-1057.489323,WhiteTroatedCaracara,20
723,NA,NA,NA,NA,NA,0,NA,NA,0,0,0,0,NA,NA,NA,NA,NA,NA,72,NA,NA,22,8,46,150,NA,NA,NA,NA,NA,NA,10,NA,NA,16,10,11,7,NA,NA,NA,NA,NA,NA,2,NA,NA,1,1,1,1,NA,3.936715364,NA,NA,NA,NA,NA,319,NA,NA,42,286,279,282,NA,NA,NA,NA,NA,NA,6,NA,NA,9,10,11,12,NA,10.85016823,314.6381226,0.030727375,8.839189529,1.058513165,26.22610474,2.080273628,4.304927349,307.6060791,-2.405019999,60.58020782,-1043.239558,-1057.489323,WhiteTroatedCaracara,20
724,NA,NA,NA,0,0,NA,NA,0,0,0,0,0,0,NA,NA,NA,300,120,NA,NA,260,120,120,9,38,18,NA,NA,NA,9,12,NA,NA,11,15,9,11,14,16,NA,NA,NA,1,2,NA,NA,2,2,1,1,1,2,3.48773098,NA,NA,NA,49,362,NA,NA,29,54,12,58,304,354,NA,NA,NA,4,5,NA,NA,8,9,10,11,12,13,8.775715828,315.4673157,1.3758744,2.851575851,1.226876378,40.8029747,1.145646572,9.197404861,735.7525024,0.756454647,133.9616394,-1023.239558,-1057.489323,WhiteTroatedCaracara,20
726,NA,NA,NA,NA,NA,NA,NA,NA,NA,NA,0,NA,0,NA,NA,NA,NA,NA,NA,NA,NA,NA,NA,2,NA,180,NA,NA,NA,NA,NA,NA,NA,NA,NA,NA,16,NA,17,NA,NA,NA,NA,NA,NA,NA,NA,NA,NA,1,NA,1,12.42559052,NA,NA,NA,NA,NA,NA,NA,NA,NA,NA,304,NA,326,NA,NA,NA,NA,NA,NA,NA,NA,NA,NA,11,NA,13,5.751074314,156.5209808,5.608578682,3.808069229,4.261758327,32.67861557,13.91550732,17.14348412,1322.294922,0.6681422,178.1332855,-983.2395576,-1057.489323,WhiteTroatedCaracara,20
727,NA,NA,NA,0,NA,0,0,NA,0,0,0,0,0,NA,NA,NA,5,NA,46,120,NA,10,6,46,41,15,NA,NA,NA,13,NA,8,10,NA,17,10,14,12,15,NA,NA,NA,2,NA,2,1,NA,1,1,1,1,1,5.562251091,NA,NA,NA,325,NA,46,39,NA,7,344,289,272,282,NA,NA,NA,4,NA,6,7,NA,9,10,11,12,13,7.950336456,137.4225464,0.958492279,1.5141747,2.642100573,22.378479,4.706677437,7.723299503,951.2123413,-0.766007066,77.69538116,-963.2395576,-1057.489323,WhiteTroatedCaracara,20
728,NA,NA,NA,NA,NA,0,NA,NA,0,0,0,0,0,NA,NA,NA,NA,NA,15,NA,NA,15,5,180,65,15,NA,NA,NA,NA,NA,14,NA,NA,9,7,8,16,9,NA,NA,NA,NA,NA,1,NA,NA,5,1,1,4,1,4.577294827,NA,NA,NA,NA,NA,365,NA,NA,266,323,7,5,349,NA,NA,NA,NA,NA,6,NA,NA,9,10,11,12,13,6.283071041,85.67596436,8.363936424,7.668669701,5.598137379,21.67664719,17.22351456,21.86787224,1297.008057,3.493775129,90.02813721,-943.2395576,-1057.489323,WhiteTroatedCaracara,20
729,NA,0,NA,NA,NA,0,0,0,0,1,0,0,0,NA,60,NA,NA,NA,45,240,20,80,120,4,20,15,NA,11,NA,NA,NA,15,8,14,13,17,12,7,13,NA,1,NA,NA,NA,2,3,1,1,1,1,4,1,3.842553139,NA,27,NA,NA,NA,2,52,279,11,38,264,23,246,NA,2,NA,NA,NA,6,7,8,9,10,11,12,13,7.71402359,69.38056946,17.17044067,1.103121519,0.797821045,19.01157379,3.351310253,57.29430771,1080.294067,0.211017668,73.29296875,-923.2395576,-1057.489323,WhiteTroatedCaracara,20
730,NA,NA,NA,NA,0,NA,NA,NA,NA,0,0,0,NA,NA,NA,NA,NA,180,NA,NA,NA,NA,100,120,47,NA,NA,NA,NA,NA,10,NA,NA,NA,NA,19,19,17,NA,NA,NA,NA,NA,1,NA,NA,NA,NA,1,2,2,NA,9.14424324,NA,NA,NA,NA,11,NA,NA,NA,NA,38,28,263,NA,NA,NA,NA,NA,5,NA,NA,NA,NA,10,11,12,NA,7.789934158,56.274189,19.76078606,0.220827654,0.163048714,21.12778473,1.985627651,56.19641113,1099.786011,-0.872643411,55.78430176,-903.2395576,-1057.489323,WhiteTroatedCaracara,20
731,NA,NA,NA,NA,NA,NA,NA,NA,NA,NA,0,0,0,NA,NA,NA,NA,NA,NA,NA,NA,NA,NA,15,15,9,NA,NA,NA,NA,NA,NA,NA,NA,NA,NA,17,9,9,NA,NA,NA,NA,NA,NA,NA,NA,NA,NA,3,4,1,3.438454866,NA,NA,NA,NA,NA,NA,NA,NA,NA,NA,56,302,262,NA,NA,NA,NA,NA,NA,NA,NA,NA,NA,11,12,13,7.902726173,48.45698166,20.38094711,0.477870286,0.134436786,16.34768867,3.838705778,58.62271118,1103.968872,0.720424652,32.40688324,-883.2395576,-1057.489323,WhiteTroatedCaracara,20
732,NA,NA,NA,NA,0,NA,NA,NA,NA,0,NA,0,0,NA,NA,NA,NA,20,NA,NA,NA,NA,15,NA,18,4,NA,NA,NA,NA,13,NA,NA,NA,NA,15,NA,10,10,NA,NA,NA,NA,2,NA,NA,NA,NA,4,NA,2,3,4.206297398,NA,NA,NA,NA,286,NA,NA,NA,NA,46,NA,352,287,NA,NA,NA,NA,5,NA,NA,NA,NA,10,NA,12,13,8.46101284,44.75547409,20.03385544,0.850775838,0.083761059,14.18165302,3.275677443,60.94925308,1035.025146,0.672614694,55.40806961,-863.2395576,-1057.489323,WhiteTroatedCaracara,20
739,NA,NA,NA,NA,NA,NA,NA,NA,NA,NA,0,0,NA,NA,NA,NA,NA,NA,NA,NA,NA,NA,NA,5,5,NA,NA,NA,NA,NA,NA,NA,NA,NA,NA,NA,14,12,NA,NA,NA,NA,NA,NA,NA,NA,NA,NA,NA,3,9,NA,7.025480747,NA,NA,NA,NA,NA,NA,NA,NA,NA,NA,57,323,NA,NA,NA,NA,NA,NA,NA,NA,NA,NA,NA,11,12,NA,9.177556038,52.84114075,39.49553299,0,0,5.191064358,0.485054016,54.74804688,1051.98584,0.0614524,18.40243721,-723.2395576,-1057.489323,WhiteTroatedCaracara,20
740,NA,NA,NA,NA,NA,NA,NA,NA,NA,NA,NA,NA,0,NA,NA,NA,NA,NA,NA,NA,NA,NA,NA,NA,NA,7,NA,NA,NA,NA,NA,NA,NA,NA,NA,NA,NA,NA,15,NA,NA,NA,NA,NA,NA,NA,NA,NA,NA,NA,NA,5,4.201848507,NA,NA,NA,NA,NA,NA,NA,NA,NA,NA,NA,NA,57,NA,NA,NA,NA,NA,NA,NA,NA,NA,NA,NA,NA,13,9.751776695,53.98328018,38.48393631,0.039628685,0.003937907,4.718140125,0.458752811,55.84542084,956.2839355,0.054798979,16.45621109,-703.2395576,-1057.489323,WhiteTroatedCaracara,20
742,NA,NA,NA,NA,NA,NA,NA,0,NA,NA,NA,NA,NA,NA,NA,NA,NA,NA,NA,NA,15,NA,NA,NA,NA,NA,NA,NA,NA,NA,NA,NA,NA,18,NA,NA,NA,NA,NA,NA,NA,NA,NA,NA,NA,NA,4,NA,NA,NA,NA,NA,3.148997068,NA,NA,NA,NA,NA,NA,NA,300,NA,NA,NA,NA,NA,NA,NA,NA,NA,NA,NA,NA,8,NA,NA,NA,NA,NA,10.46473885,53.36738968,36.44604111,0,0,6.116588593,0.063040696,57.30270386,860.4536133,0.088155277,13.04586124,-663.2395576,-1057.489323,WhiteTroatedCaracara,20
750,NA,NA,NA,NA,NA,NA,NA,NA,NA,0,0,0,NA,NA,NA,NA,NA,NA,NA,NA,NA,NA,45,5,16,NA,NA,NA,NA,NA,NA,NA,NA,NA,NA,10,20,16,NA,NA,NA,NA,NA,NA,NA,NA,NA,NA,1,1,1,NA,25.22359848,NA,NA,NA,NA,NA,NA,NA,NA,NA,310,22,45,NA,NA,NA,NA,NA,NA,NA,NA,NA,NA,10,11,12,NA,9.385840416,229.1751404,0,1.123789549,0.172575191,19.2148571,0.094318807,3.394861698,150.2512817,-0.313978732,41.38557434,-1163.239558,-1077.489323,WhiteTroatedCaracara,20
751,NA,NA,NA,NA,NA,NA,NA,NA,NA,NA,NA,0,NA,NA,NA,NA,NA,NA,NA,NA,NA,NA,NA,NA,10,NA,NA,NA,NA,NA,NA,NA,NA,NA,NA,NA,NA,13,NA,NA,NA,NA,NA,NA,NA,NA,NA,NA,NA,NA,1,NA,10.51533985,NA,NA,NA,NA,NA,NA,NA,NA,NA,NA,NA,45,NA,NA,NA,NA,NA,NA,NA,NA,NA,NA,NA,NA,12,NA,8.587971687,224.5471649,0.060682405,8.968923569,0.744335413,38.11536026,0.787073076,3.805927992,461.7653503,0.758439243,79.22373962,-1143.239558,-1077.489323,WhiteTroatedCaracara,20
752,NA,NA,NA,NA,NA,NA,NA,NA,NA,NA,0,NA,0,NA,NA,NA,NA,NA,NA,NA,NA,NA,NA,5,NA,46,NA,NA,NA,NA,NA,NA,NA,NA,NA,NA,14,NA,16,NA,NA,NA,NA,NA,NA,NA,NA,NA,NA,4,NA,1,2.13237071,NA,NA,NA,NA,NA,NA,NA,NA,NA,NA,256,NA,23,NA,NA,NA,NA,NA,NA,NA,NA,NA,NA,11,NA,13,10.06438828,206.8843994,0.035496932,35.34669113,2.00310874,19.82000732,2.836319685,0.178654626,195.7766724,-0.664907336,23.50094414,-1123.239558,-1077.489323,WhiteTroatedCaracara,20
753,NA,NA,NA,NA,NA,NA,NA,0,0,0,0,0,0,NA,NA,NA,NA,NA,NA,NA,15,29,15,5,40,10,NA,NA,NA,NA,NA,NA,NA,16,19,12,15,16,18,NA,NA,NA,NA,NA,NA,NA,4,1,1,1,1,1,3.323048353,NA,NA,NA,NA,NA,NA,NA,302,358,282,307,294,365,NA,NA,NA,NA,NA,NA,NA,8,9,10,11,12,13,10.60196209,197.0296326,0,49.56632996,0.475179851,14.19331741,8.252998352,0.012194268,127.8440094,-0.099181354,8.341949463,-1103.239558,-1077.489323,WhiteTroatedCaracara,20
754,NA,NA,0,NA,0,0,0,0,0,0,0,0,0,NA,NA,180,NA,20,30,120,30,30,2,110,253,33,NA,NA,9,NA,17,17,11,8,15,8,13,19,16,NA,NA,2,NA,1,2,2,1,1,1,1,1,1,3.3096416,NA,NA,333,NA,41,60,347,288,250,304,50,352,351,NA,NA,3,NA,5,6,7,8,9,10,11,12,13,10.98709393,214.3334808,0,33.13811493,0.826174855,13.52112007,9.794285774,0.101220608,123.4093704,0.135095283,8.310538292,-1083.239558,-1077.489323,WhiteTroatedCaracara,20
755,0,0,0,NA,0,NA,0,0,0,0,0,0,0,5,102,90,NA,12,NA,5,100,52,63,98,65,11,12,16,17,NA,15,NA,12,11,16,18,18,18,18,2,1,1,NA,1,NA,1,1,1,1,1,1,1,5.693269253,324,317,316,NA,341,NA,7,265,262,261,48,284,261,1,2,3,NA,5,NA,7,8,9,10,11,12,13,11.58987236,251.8104095,8.54273748700507e-05,9.530867577,0.749767542,13.06554413,2.049539328,0.365299106,99.32462311,-0.340517253,9.875114441,-1063.239558,-1077.489323,WhiteTroatedCaracara,20
756,0,NA,0,0,NA,0,0,0,0,0,0,0,0,10,NA,90,120,NA,30,180,15,19,5,46,42,15,11,NA,14,16,NA,8,21,9,17,15,14,14,14,1,NA,2,1,NA,2,2,3,1,1,1,2,1,6.925329685,363,NA,338,265,NA,311,352,262,357,292,263,255,344,1,NA,3,4,NA,6,7,8,9,10,11,12,13,8.518510818,302.2713928,2.215979338,4.717977524,1.765299082,40.84474945,1.496804953,10.50841331,716.3779297,3.888959646,113.9000778,-1043.239558,-1077.489323,WhiteTroatedCaracara,20
757,NA,NA,NA,0,0,NA,NA,NA,0,NA,NA,0,0,NA,NA,NA,300,120,NA,NA,NA,105,NA,NA,35,20,NA,NA,NA,9,17,NA,NA,NA,18,NA,NA,18,9,NA,NA,NA,2,10,NA,NA,NA,2,NA,NA,1,3,12.27503967,NA,NA,NA,20,314,NA,NA,NA,19,NA,NA,305,294,NA,NA,NA,4,5,NA,NA,NA,9,NA,NA,12,13,9.395612717,363.7163696,0.716985464,3.088576317,0.815351188,33.44735718,1.452744246,6.818408012,601.8505249,-3.703889132,129.6682129,-1023.239558,-1077.489323,WhiteTroatedCaracara,20
758,NA,NA,0,NA,0,NA,0,0,0,NA,NA,NA,0,NA,NA,180,NA,135,NA,240,57,15,NA,NA,NA,34,NA,NA,12,NA,11,NA,12,18,15,NA,NA,NA,15,NA,NA,1,NA,1,NA,1,1,2,NA,NA,NA,2,7.2753582,NA,NA,276,NA,48,NA,27,24,57,NA,NA,NA,311,NA,NA,3,NA,5,NA,7,8,9,NA,NA,NA,13,7.861340523,295.440155,2.277225494,3.696709633,1.087792516,41.14554977,4.062558651,13.08611107,907.9833984,-1.240893006,221.0540771,-1003.239558,-1077.489323,WhiteTroatedCaracara,20
759,0,NA,0,0,0,0,0,0,0,0,0,1,0,90,NA,120,90,120,26,300,38,30,30,94,2,10,10,NA,10,18,15,11,11,13,19,11,11,19,0,1,NA,5,2,1,2,2,1,1,1,1,1,1,5.2354846,269,NA,288,41,23,18,327,25,356,312,304,321,331,1,NA,3,4,5,6,7,8,9,10,11,12,13,5.592160225,169.7834473,3.930489063,4.835006237,3.156229496,32.70855713,10.55598164,12.32421207,1326.373291,2.492053509,197.668396,-983.2395576,-1077.489323,WhiteTroatedCaracara,20
760,0,0,0,0,0,1,0,1,0,1,1,1,1,15,60,120,180,210,150,60,15,180,90,43,270,50,11,9,10,13,7,15,8,9,18,15,13,11,7,1,4,1,3,1,1,1,1,2,3,1,2,1,4.703057766,48,356,264,293,317,59,290,245,347,341,263,246,331,1,2,3,4,5,6,7,8,9,10,11,12,13,6.336485863,125.8185806,5.825847626,4.803137302,4.755969048,22.60055542,13.44423389,13.64478111,1227.587524,0.230821431,134.7532959,-963.2395576,-1077.489323,WhiteTroatedCaracara,20
761,0,NA,0,1,0,0,0,0,0,0,0,1,0,180,NA,180,20,120,60,60,30,180,120,4,50,5,16,NA,9,16,8,15,10,16,10,17,9,9,9,2,NA,1,2,6,1,2,1,5,4,1,2,1,2.310943842,324,NA,271,25,328,258,325,349,360,278,321,355,279,1,NA,3,4,5,6,7,8,9,10,11,12,13,8.141133308,97.30625916,5.32290411,3.715450048,3.995137691,11.43482685,10.53203583,15.43698978,899.71698,-1.248672962,46.52840424,-943.2395576,-1077.489323,WhiteTroatedCaracara,20
762,0,0,NA,0,0,0,0,0,0,0,0,0,0,300,30,NA,65,45,9,57,3,30,10,15,2,11,6,11,NA,14,14,14,13,11,9,9,13,8,10,1,2,NA,2,3,1,1,1,1,2,1,1,1,2.81238699,342,329,NA,298,317,362,336,46,43,318,248,352,281,1,2,NA,4,5,6,7,8,9,10,11,12,13,8.021679878,66.9310379,13.13527012,6.92161417,1.459202051,11.01710892,13.79859161,50.93889236,968.5793457,-0.961435676,37.8549614,-923.2395576,-1077.489323,WhiteTroatedCaracara,20
763,NA,NA,NA,NA,0,NA,0,NA,NA,0,0,0,0,NA,NA,NA,NA,20,NA,60,NA,NA,92,18,101,16,NA,NA,NA,NA,15,NA,16,NA,NA,11,13,10,8,NA,NA,NA,NA,2,NA,2,NA,NA,1,2,4,1,4.415238857,NA,NA,NA,NA,286,NA,57,NA,NA,276,264,346,322,NA,NA,NA,NA,5,NA,7,NA,NA,10,11,12,13,7.572513103,53.50977707,20.77924728,0.90533036,0.799405634,21.46448898,1.509418249,53.86576843,1106.665039,-0.270861328,42.87591553,-903.2395576,-1077.489323,WhiteTroatedCaracara,20
764,NA,NA,NA,NA,NA,NA,NA,NA,NA,0,0,0,0,NA,NA,NA,NA,NA,NA,NA,NA,NA,20,30,55,14,NA,NA,NA,NA,NA,NA,NA,NA,NA,19,8,18,8,NA,NA,NA,NA,NA,NA,NA,NA,NA,2,2,6,3,5.21572876,NA,NA,NA,NA,NA,NA,NA,NA,NA,44,291,282,328,NA,NA,NA,NA,NA,NA,NA,NA,NA,10,11,12,13,7.818256378,46.94586563,19.39484596,1.298869729,0.617473125,19.80758095,2.869427443,55.58011627,1091.911743,-0.356479645,32.29594421,-883.2395576,-1077.489323,WhiteTroatedCaracara,20
765,NA,NA,NA,NA,NA,NA,NA,NA,NA,NA,NA,0,NA,NA,NA,NA,NA,NA,NA,NA,NA,NA,NA,NA,24,NA,NA,NA,NA,NA,NA,NA,NA,NA,NA,NA,NA,11,NA,NA,NA,NA,NA,NA,NA,NA,NA,NA,NA,NA,3,NA,4.522166252,NA,NA,NA,NA,NA,NA,NA,NA,NA,NA,NA,51,NA,NA,NA,NA,NA,NA,NA,NA,NA,NA,NA,NA,12,NA,8.369421005,44.43468475,33.46676636,0.518324852,0.093785398,9.046961784,7.121790886,49.67369461,1021.438477,-0.216649756,33.48731995,-863.2395576,-1077.489323,WhiteTroatedCaracara,20
766,NA,NA,NA,NA,0,NA,NA,NA,NA,NA,0,0,0,NA,NA,NA,NA,5,NA,NA,NA,NA,NA,15,16,15,NA,NA,NA,NA,11,NA,NA,NA,NA,NA,8,10,10,NA,NA,NA,NA,2,NA,NA,NA,NA,NA,3,4,3,4.712413311,NA,NA,NA,NA,286,NA,NA,NA,NA,NA,57,302,287,NA,NA,NA,NA,5,NA,NA,NA,NA,NA,11,12,13,7.994734764,40.38633347,39.81673431,0.034096032,0.040640023,6.149204254,7.206526279,46.58169937,1122.623535,0.399309993,31.63993263,-843.2395576,-1077.489323,WhiteTroatedCaracara,20
769,NA,NA,NA,NA,NA,NA,NA,NA,NA,0,0,0,0,NA,NA,NA,NA,NA,NA,NA,NA,NA,102,15,73,15,NA,NA,NA,NA,NA,NA,NA,NA,NA,10,11,5,12,NA,NA,NA,NA,NA,NA,NA,NA,NA,8,3,1,3,3.38582921,NA,NA,NA,NA,NA,NA,NA,NA,NA,40,57,343,287,NA,NA,NA,NA,NA,NA,NA,NA,NA,10,11,12,13,9.781549454,45.23516083,28.82237434,0.081008263,0.124100454,7.078070164,2.023954153,57.64273071,853.4954224,-0.06326957,11.3693285,-783.2395576,-1077.489323,WhiteTroatedCaracara,20
770,NA,NA,NA,NA,NA,NA,NA,NA,NA,0,NA,NA,NA,NA,NA,NA,NA,NA,NA,NA,NA,NA,10,NA,NA,NA,NA,NA,NA,NA,NA,NA,NA,NA,NA,18,NA,NA,NA,NA,NA,NA,NA,NA,NA,NA,NA,NA,4,NA,NA,NA,6.335464001,NA,NA,NA,NA,NA,NA,NA,NA,NA,46,NA,NA,NA,NA,NA,NA,NA,NA,NA,NA,NA,NA,10,NA,NA,NA,9.80526638,48.79127502,35.4748764,0.096139953,0.488385946,6.856583595,2.155741215,54.48904419,865.4020996,0.040287554,7.537785053,-763.2395576,-1077.489323,WhiteTroatedCaracara,20
771,NA,NA,NA,0,NA,NA,NA,NA,NA,NA,NA,NA,NA,NA,NA,NA,5,NA,NA,NA,NA,NA,NA,NA,NA,NA,NA,NA,NA,14,NA,NA,NA,NA,NA,NA,NA,NA,NA,NA,NA,NA,3,NA,NA,NA,NA,NA,NA,NA,NA,NA,5.279070377,NA,NA,NA,291,NA,NA,NA,NA,NA,NA,NA,NA,NA,NA,NA,NA,4,NA,NA,NA,NA,NA,NA,NA,NA,NA,9.642766953,53.03188324,38.49880219,0.975669742,0.328905523,6.06618309,0.139273643,53.85560989,912.6397705,-0.313197941,13.49647522,-743.2395576,-1077.489323,WhiteTroatedCaracara,20
772,NA,NA,NA,0,NA,NA,NA,0,NA,NA,0,0,0,NA,NA,NA,5,NA,NA,NA,30,NA,NA,2,13,15,NA,NA,NA,13,NA,NA,NA,17,NA,NA,13,11,15,NA,NA,NA,3,NA,NA,NA,4,NA,NA,1,1,2,2.43097806,NA,NA,NA,291,NA,NA,NA,330,NA,NA,346,323,268,NA,NA,NA,4,NA,NA,NA,8,NA,NA,11,12,13,9.762601852,56.93152618,28.54753685,0.281003952,0.045698684,9.102602959,0.434678108,60.93170166,900.9921265,-0.364963204,10.8217392,-723.2395576,-1077.489323,WhiteTroatedCaracara,20
775,NA,NA,NA,NA,NA,NA,NA,0,NA,NA,NA,NA,NA,NA,NA,NA,NA,NA,NA,NA,210,NA,NA,NA,NA,NA,NA,NA,NA,NA,NA,NA,NA,11,NA,NA,NA,NA,NA,NA,NA,NA,NA,NA,NA,NA,4,NA,NA,NA,NA,NA,4.61640501,NA,NA,NA,NA,NA,NA,NA,331,NA,NA,NA,NA,NA,NA,NA,NA,NA,NA,NA,NA,8,NA,NA,NA,NA,NA,9.646953583,52.04912567,28.31824303,0.018538134,0.048262283,8.814408302,0.155293643,62.11509323,991.2615356,-0.136192635,19.90041924,-663.2395576,-1077.489323,WhiteTroatedCaracara,20
780,NA,NA,NA,NA,NA,NA,NA,NA,NA,NA,NA,0,NA,NA,NA,NA,NA,NA,NA,NA,NA,NA,NA,NA,13,NA,NA,NA,NA,NA,NA,NA,NA,NA,NA,NA,NA,8,NA,NA,NA,NA,NA,NA,NA,NA,NA,NA,NA,NA,1,NA,37.96817398,NA,NA,NA,NA,NA,NA,NA,NA,NA,NA,NA,325,NA,NA,NA,NA,NA,NA,NA,NA,NA,NA,NA,NA,12,NA,8.946712494,52.2385025,46.66578293,0,0,0.229278907,0.257286042,52.26379776,1194.258179,0.501149356,13.85347271,-563.2395576,-1077.489323,WhiteTroatedCaracara,20
784,NA,NA,NA,NA,NA,NA,NA,NA,0,0,0,0,0,NA,NA,NA,NA,NA,NA,NA,NA,31,57,120,15,69,NA,NA,NA,NA,NA,NA,NA,NA,20,9,15,11,19,NA,NA,NA,NA,NA,NA,NA,NA,1,1,1,1,1,16.23819733,NA,NA,NA,NA,NA,NA,NA,NA,308,27,48,248,6,NA,NA,NA,NA,NA,NA,NA,NA,9,10,11,12,13,9.351995468,239.889328,0.096256375,10.5498209,2.369136333,27.59559441,0.63495189,4.680411816,297.1605835,-0.14416796,61.82341766,-1143.239558,-1097.489323,WhiteTroatedCaracara,20
785,NA,NA,NA,NA,NA,NA,NA,0,NA,NA,0,0,0,NA,NA,NA,NA,NA,NA,NA,133,NA,NA,7,16,15,NA,NA,NA,NA,NA,NA,NA,18,NA,NA,9,13,14,NA,NA,NA,NA,NA,NA,NA,2,NA,NA,3,1,1,3.622344971,NA,NA,NA,NA,NA,NA,NA,344,NA,NA,250,255,348,NA,NA,NA,NA,NA,NA,NA,8,NA,NA,11,12,13,10.16969585,231.2956543,0,36.62186813,1.850012183,18.61125946,4.30650425,0.073939137,157.300354,0.52248311,22.88400078,-1123.239558,-1097.489323,WhiteTroatedCaracara,20
786,NA,NA,NA,NA,NA,NA,NA,0,NA,0,0,0,0,NA,NA,NA,NA,NA,NA,NA,130,NA,43,15,3,4,NA,NA,NA,NA,NA,NA,NA,7,NA,18,14,12,9,NA,NA,NA,NA,NA,NA,NA,1,NA,1,1,1,1,2.823346376,NA,NA,NA,NA,NA,NA,NA,300,NA,39,319,255,327,NA,NA,NA,NA,NA,NA,NA,8,NA,10,11,12,13,10.3084774,230.3501282,0.047446113,44.92640686,0.464869469,14.26256752,13.1312027,0.057079639,156.4586639,0.289168328,5.752802372,-1103.239558,-1097.489323,WhiteTroatedCaracara,20
787,0,0,0,0,0,0,0,0,0,0,0,0,0,30,60,240,60,20,10,60,32,47,10,5,6,6,15,10,13,9,13,17,8,8,12,14,19,19,17,1,2,1,1,1,1,5,4,1,2,7,1,1,4.652494431,324,346,275,310,271,360,322,270,348,304,293,286,314,1,2,3,4,5,6,7,8,9,10,11,12,13,11.02543259,244.1445465,0.082603164,19.49796104,0.845620632,10.95170879,7.950669765,0.271068811,88.59262848,-0.317892134,8.588050842,-1083.239558,-1097.489323,WhiteTroatedCaracara,20
788,0,NA,NA,NA,NA,0,0,0,0,0,0,0,0,10,NA,NA,NA,NA,96,15,50,15,1,77,60,9,9,NA,NA,NA,NA,18,12,17,9,11,18,18,20,2,NA,NA,NA,NA,2,1,4,1,1,1,1,1,4.99379921,324,NA,NA,NA,NA,39,312,298,314,291,268,317,281,1,NA,NA,NA,NA,6,7,8,9,10,11,12,13,11.16631985,269.7189026,0.002361765,3.946477413,0.67014575,15.97832584,1.531037092,0.384015262,132.6571198,-0.426171869,18.14856148,-1063.239558,-1097.489323,WhiteTroatedCaracara,20
789,0,0,0,0,0,0,0,0,0,0,0,0,0,70,240,45,40,180,180,5,20,180,7,80,10,120,10,2,12,8,15,9,17,14,11,9,11,15,15,2,6,2,1,10,3,1,1,2,5,3,1,1,3.326616287,324,303,338,291,314,322,294,300,319,292,296,255,279,1,2,3,4,5,6,7,8,9,10,11,12,13,10.2712326,321.364502,0.231309384,4.282311916,1.563797235,37.04410172,0.481663883,6.525670052,344.5341797,-2.79039073,94.55970764,-1043.239558,-1097.489323,WhiteTroatedCaracara,20
790,NA,NA,NA,0,NA,0,NA,NA,0,0,0,0,0,NA,NA,NA,130,NA,2,NA,NA,10,83,11,32,6,NA,NA,NA,11,NA,17,NA,NA,9,14,11,19,13,NA,NA,NA,3,NA,1,NA,NA,2,1,2,1,1,10.3534441,NA,NA,NA,305,NA,40,NA,NA,47,327,270,288,323,NA,NA,NA,4,NA,6,NA,NA,9,10,11,12,13,8.160713196,325.2367859,0.615452647,3.247198343,0.944223583,46.77157974,1.978097677,11.93067741,796.0133667,2.775750875,164.1003723,-1023.239558,-1097.489323,WhiteTroatedCaracara,20
791,NA,NA,NA,NA,NA,NA,NA,NA,0,NA,NA,NA,0,NA,NA,NA,NA,NA,NA,NA,NA,5,NA,NA,NA,31,NA,NA,NA,NA,NA,NA,NA,NA,5,NA,NA,NA,20,NA,NA,NA,NA,NA,NA,NA,NA,2,NA,NA,NA,1,14.0231781,NA,NA,NA,NA,NA,NA,NA,NA,49,NA,NA,NA,323,NA,NA,NA,NA,NA,NA,NA,NA,9,NA,NA,NA,13,7.130696774,258.5561829,2.00996685,4.105610371,1.947324753,44.8564415,5.88066721,13.65831852,1014.831482,-2.035710335,200.6837921,-1003.239558,-1097.489323,WhiteTroatedCaracara,20
792,NA,NA,NA,NA,0,NA,0,NA,0,0,0,1,0,NA,NA,NA,NA,120,NA,7,NA,5,300,60,1,20,NA,NA,NA,NA,12,NA,12,NA,16,22,11,12,17,NA,NA,NA,NA,4,NA,3,NA,2,1,1,2,1,5.272202492,NA,NA,NA,NA,350,NA,52,NA,50,354,17,316,282,NA,NA,NA,NA,5,NA,7,NA,9,10,11,12,13,5.906025887,164.2129211,2.164886951,4.789369106,3.453701019,41.49520111,4.847852707,9.957035065,1257.734253,-0.413057446,160.609787,-983.2395576,-1097.489323,WhiteTroatedCaracara,20
793,NA,NA,NA,0,0,0,0,0,0,0,0,0,0,NA,NA,NA,100,30,180,15,50,35,240,40,110,29,NA,NA,NA,15,9,15,14,17,10,0,17,14,20,NA,NA,NA,2,1,1,3,1,1,1,1,2,1,2.727891207,NA,NA,NA,52,53,267,51,343,27,283,291,262,351,NA,NA,NA,4,5,6,7,8,9,10,11,12,13,5.984658718,125.4337311,4.005587101,4.614814281,5.468332767,30.69992638,11.80081081,13.73376846,1262.957397,-2.167335272,167.8140259,-963.2395576,-1097.489323,WhiteTroatedCaracara,20
794,NA,0,NA,0,0,0,0,0,NA,0,0,0,0,NA,60,NA,120,180,90,30,120,NA,50,60,120,25,NA,13,NA,6,6,17,10,17,NA,17,14,14,10,NA,3,NA,5,1,2,1,2,NA,3,1,1,2,5.930448055,NA,328,NA,296,5,49,30,38,NA,292,19,254,306,NA,2,NA,4,5,6,7,8,NA,10,11,12,13,4.653688908,82.94340515,11.0929718,5.604336739,6.994324684,23.79611015,16.77786636,22.13254929,1545.367676,2.156789064,128.4544067,-943.2395576,-1097.489323,WhiteTroatedCaracara,20
795,NA,0,NA,NA,NA,NA,0,NA,0,0,0,0,0,NA,14,NA,NA,NA,NA,240,NA,150,240,177,40,288,NA,13,NA,NA,NA,NA,8,NA,14,15,10,16,10,NA,1,NA,NA,NA,NA,2,NA,1,1,3,1,1,2.464337587,NA,17,NA,NA,NA,NA,38,NA,34,349,340,277,325,NA,2,NA,NA,NA,NA,7,NA,9,10,11,12,13,6.621469021,64.2491684,18.56254387,2.537536383,3.734125137,20.95663071,9.529462814,42.38023758,1227.462891,-0.287519962,46.07021332,-923.2395576,-1097.489323,WhiteTroatedCaracara,20
796,NA,0,NA,NA,NA,NA,NA,NA,NA,NA,NA,0,NA,NA,120,NA,NA,NA,NA,NA,NA,NA,NA,NA,5,NA,NA,14,NA,NA,NA,NA,NA,NA,NA,NA,NA,17,NA,NA,1,NA,NA,NA,NA,NA,NA,NA,NA,NA,1,NA,4.201630592,NA,25,NA,NA,NA,NA,NA,NA,NA,NA,NA,40,NA,NA,2,NA,NA,NA,NA,NA,NA,NA,NA,NA,12,NA,7.190467358,52.17188263,21.01416397,0.901543915,0.386234194,21.15429878,2.659124613,52.93572235,1165.522461,0.400409341,32.25588989,-903.2395576,-1097.489323,WhiteTroatedCaracara,20
797,NA,NA,NA,NA,NA,NA,NA,NA,NA,NA,0,NA,NA,NA,NA,NA,NA,NA,NA,NA,NA,NA,NA,10,NA,NA,NA,NA,NA,NA,NA,NA,NA,NA,NA,NA,9,NA,NA,NA,NA,NA,NA,NA,NA,NA,NA,NA,NA,2,NA,NA,5.01477766,NA,NA,NA,NA,NA,NA,NA,NA,NA,NA,291,NA,NA,NA,NA,NA,NA,NA,NA,NA,NA,NA,NA,11,NA,NA,7.102919579,44.82434082,27.12134743,1.329819441,0.727823675,18.61858749,5.046288013,46.10194397,1218.955078,1.03454113,35.59995651,-883.2395576,-1097.489323,WhiteTroatedCaracara,20
800,NA,NA,NA,NA,NA,NA,NA,NA,NA,NA,0,0,0,NA,NA,NA,NA,NA,NA,NA,NA,NA,NA,2,15,37,NA,NA,NA,NA,NA,NA,NA,NA,NA,NA,12,11,13,NA,NA,NA,NA,NA,NA,NA,NA,NA,NA,1,4,3,5.957319736,NA,NA,NA,NA,NA,NA,NA,NA,NA,NA,346,302,262,NA,NA,NA,NA,NA,NA,NA,NA,NA,NA,11,12,13,8.373147964,39.61453629,36.9852562,0.319987476,0,10.32502365,8.079933167,44.02212906,1067.624512,0.154234603,27.26869965,-823.2395576,-1097.489323,WhiteTroatedCaracara,20
801,NA,NA,NA,0,NA,NA,NA,NA,NA,NA,0,NA,0,NA,NA,NA,20,NA,NA,NA,NA,NA,NA,10,NA,12,NA,NA,NA,15,NA,NA,NA,NA,NA,NA,16,NA,14,NA,NA,NA,3,NA,NA,NA,NA,NA,NA,1,NA,2,4.847466469,NA,NA,NA,291,NA,NA,NA,NA,NA,NA,349,NA,262,NA,NA,NA,4,NA,NA,NA,NA,NA,NA,11,NA,13,8.707102776,41.02031708,37.85791016,0.110259026,0.023506887,7.388216972,5.755656719,47.29910278,1025.628906,0.161514595,27.96870232,-803.2395576,-1097.489323,WhiteTroatedCaracara,20
802,NA,NA,NA,NA,NA,NA,NA,NA,NA,NA,NA,NA,0,NA,NA,NA,NA,NA,NA,NA,NA,NA,NA,NA,NA,100,NA,NA,NA,NA,NA,NA,NA,NA,NA,NA,NA,NA,16,NA,NA,NA,NA,NA,NA,NA,NA,NA,NA,NA,NA,2,4.510170937,NA,NA,NA,NA,NA,NA,NA,NA,NA,NA,NA,NA,14,NA,NA,NA,NA,NA,NA,NA,NA,NA,NA,NA,NA,13,9.461495399,44.51172256,28.96685028,0.093606897,0.051792275,7.55561924,6.590742111,56.46292877,897.3731689,-0.564617038,15.55291271,-783.2395576,-1097.489323,WhiteTroatedCaracara,20
805,NA,NA,0,NA,NA,NA,NA,NA,NA,0,NA,NA,NA,NA,NA,30,NA,NA,NA,NA,NA,NA,226,NA,NA,NA,NA,NA,10,NA,NA,NA,NA,NA,NA,12,NA,NA,NA,NA,NA,1,NA,NA,NA,NA,NA,NA,8,NA,NA,NA,3.402125835,NA,NA,277,NA,NA,NA,NA,NA,NA,39,NA,NA,NA,NA,NA,3,NA,NA,NA,NA,NA,NA,10,NA,NA,NA,9.548464775,54.20943451,41.25128555,0.381105006,0.327971578,4.988359451,1.398680687,50.32198715,923.2402344,-0.189540461,7.480488777,-723.2395576,-1097.489323,WhiteTroatedCaracara,20
806,NA,NA,NA,NA,NA,NA,NA,NA,NA,0,NA,NA,NA,NA,NA,NA,NA,NA,NA,NA,NA,NA,30,NA,NA,NA,NA,NA,NA,NA,NA,NA,NA,NA,NA,15,NA,NA,NA,NA,NA,NA,NA,NA,NA,NA,NA,NA,8,NA,NA,NA,7.41705513,NA,NA,NA,NA,NA,NA,NA,NA,NA,39,NA,NA,NA,NA,NA,NA,NA,NA,NA,NA,NA,NA,10,NA,NA,NA,9.204537392,52.76445389,46.56560516,0.18633157,0.044902679,2.551750183,1.083993316,49.11616135,1016.271973,0.047950901,11.91705513,-703.2395576,-1097.489323,WhiteTroatedCaracara,20
810,NA,NA,0,NA,NA,NA,NA,NA,NA,NA,NA,NA,NA,NA,NA,300,NA,NA,NA,NA,NA,NA,NA,NA,NA,NA,NA,NA,9,NA,NA,NA,NA,NA,NA,NA,NA,NA,NA,NA,NA,1,NA,NA,NA,NA,NA,NA,NA,NA,NA,NA,36.25938416,NA,NA,276,NA,NA,NA,NA,NA,NA,NA,NA,NA,NA,NA,NA,3,NA,NA,NA,NA,NA,NA,NA,NA,NA,NA,8.831041336,49.55226517,51.59480286,0,0.468672007,0.486343205,0.209153488,47.12802124,1162.522095,-0.029687142,8.371449471,-623.2395576,-1097.489323,WhiteTroatedCaracara,20
818,NA,NA,NA,NA,NA,NA,NA,NA,0,0,0,0,0,NA,NA,NA,NA,NA,NA,NA,NA,36,23,13,15,68,NA,NA,NA,NA,NA,NA,NA,NA,13,12,18,15,15,NA,NA,NA,NA,NA,NA,NA,NA,1,1,2,1,2,5.111619473,NA,NA,NA,NA,NA,NA,NA,NA,306,25,249,248,255,NA,NA,NA,NA,NA,NA,NA,NA,9,10,11,12,13,9.614771843,263.3005676,0.14693509,7.16464901,3.238347292,25.95821571,0.382391214,2.819111109,236.1750183,1.005385637,43.18652725,-1143.239558,-1117.489323,WhiteTroatedCaracara,20
819,NA,NA,NA,NA,NA,NA,NA,NA,NA,NA,0,0,0,NA,NA,NA,NA,NA,NA,NA,NA,NA,NA,25,20,65,NA,NA,NA,NA,NA,NA,NA,NA,NA,NA,16,9,13,NA,NA,NA,NA,NA,NA,NA,NA,NA,NA,2,1,1,2.687292099,NA,NA,NA,NA,NA,NA,NA,NA,NA,NA,354,360,247,NA,NA,NA,NA,NA,NA,NA,NA,NA,NA,11,12,13,10.16622639,258.8250122,0,37.38102722,0.922371268,18.42980003,9.079264641,0,147.6810455,-0.058827266,14.56819534,-1123.239558,-1117.489323,WhiteTroatedCaracara,20
820,NA,NA,NA,NA,NA,0,NA,0,0,0,0,0,0,NA,NA,NA,NA,NA,10,NA,30,18,25,63,12,65,NA,NA,NA,NA,NA,20,NA,14,12,11,13,13,17,NA,NA,NA,NA,NA,1,NA,2,2,1,1,1,1,1.916019917,NA,NA,NA,NA,NA,5,NA,14,315,252,269,325,291,NA,NA,NA,NA,NA,6,NA,8,9,10,11,12,13,10.56892776,259.7313232,0.01450848,34.48435211,1.025195837,17.91635323,8.15476799,0.042029444,80.49560547,-0.338533521,10.72383881,-1103.239558,-1117.489323,WhiteTroatedCaracara,20
821,0,0,0,0,0,0,0,0,0,0,0,0,0,5,240,40,65,75,15,20,40,35,10,15,15,5,15,9,17,18,16,11,18,11,13,18,17,14,11,2,1,1,2,1,1,2,1,1,1,1,1,1,2.039434671,325,307,268,290,326,332,300,299,353,280,324,360,306,1,2,3,4,5,6,7,8,9,10,11,12,13,10.68799686,274.8454895,1.537882447,18.7870636,4.955696106,19.97595406,6.004936218,4.446358681,90.59056091,0.137801573,10.65503597,-1083.239558,-1117.489323,WhiteTroatedCaracara,20
822,NA,0,0,0,0,NA,0,0,0,0,0,0,0,NA,60,40,30,60,NA,60,34,87,4,6,55,12,NA,10,14,22,17,NA,18,17,9,19,12,13,12,NA,1,3,1,2,NA,2,3,2,4,1,6,1,4.225378513,NA,325,15,24,319,NA,14,315,328,320,293,262,261,NA,2,3,4,5,NA,7,8,9,10,11,12,13,10.42357731,300.9297485,0.156934053,4.436866283,3.606000662,36.03607178,0.629736125,2.615727186,215.7184448,-0.576287448,34.78267288,-1063.239558,-1117.489323,WhiteTroatedCaracara,20
823,NA,NA,NA,NA,0,NA,0,0,0,0,0,0,0,NA,NA,NA,NA,240,NA,249,137,14,5,15,115,123,NA,NA,NA,NA,10,NA,14,12,11,16,14,17,17,NA,NA,NA,NA,3,NA,1,4,2,1,1,1,1,6.175334454,NA,NA,NA,NA,10,NA,247,281,279,339,289,340,261,NA,NA,NA,NA,5,NA,7,8,9,10,11,12,13,8.579633713,315.5322266,0.579714298,1.704334021,0.606465995,44.29715729,1.490521073,9.751508713,643.1218872,2.251489878,144.8789063,-1043.239558,-1117.489323,WhiteTroatedCaracara,20
824,NA,0,NA,NA,NA,0,0,0,0,0,0,0,0,NA,210,NA,NA,NA,52,20,10,40,60,4,15,5,NA,13,NA,NA,NA,15,18,16,7,13,10,10,12,NA,1,NA,NA,NA,2,4,4,1,2,1,1,1,3.307876348,NA,328,NA,NA,NA,40,349,298,330,332,267,265,285,NA,2,NA,NA,NA,6,7,8,9,10,11,12,13,8.826621056,327.5988464,1.38622129,3.454846859,1.389807463,42.63668823,2.758539915,11.9101305,618.2988892,-1.914778829,182.9578094,-1023.239558,-1117.489323,WhiteTroatedCaracara,20
825,NA,NA,NA,NA,0,NA,NA,0,0,0,0,0,0,NA,NA,NA,NA,240,NA,NA,28,10,44,15,19,174,NA,NA,NA,NA,9,NA,NA,14,10,15,6,8,10,NA,NA,NA,NA,2,NA,NA,1,1,1,2,1,1,4.287114143,NA,NA,NA,NA,38,NA,NA,343,362,336,7,304,21,NA,NA,NA,NA,5,NA,NA,8,9,10,11,12,13,6.498577118,229.5506287,4.29412508,4.002821922,2.171073914,39.80794144,9.11451149,16.7996788,1110.346802,2.153501749,221.9107056,-1003.239558,-1117.489323,WhiteTroatedCaracara,20
826,NA,NA,NA,NA,NA,NA,NA,NA,NA,NA,0,0,0,NA,NA,NA,NA,NA,NA,NA,NA,NA,NA,120,69,50,NA,NA,NA,NA,NA,NA,NA,NA,NA,NA,14,16,12,NA,NA,NA,NA,NA,NA,NA,NA,NA,NA,2,1,1,2.635086775,NA,NA,NA,NA,NA,NA,NA,NA,NA,NA,271,31,351,NA,NA,NA,NA,NA,NA,NA,NA,NA,NA,11,12,13,6.452495575,181.7530823,1.548513293,5.931324005,2.870715618,43.54563522,5.175209999,10.79438019,1132.307617,-0.207006603,177.7443237,-983.2395576,-1117.489323,WhiteTroatedCaracara,20
827,NA,NA,NA,0,0,NA,NA,NA,0,0,0,0,0,NA,NA,NA,60,30,NA,NA,NA,180,45,31,26,13,NA,NA,NA,15,11,NA,NA,NA,10,18,10,9,12,NA,NA,NA,2,1,NA,NA,NA,3,2,1,1,1,3.063485384,NA,NA,NA,365,12,NA,NA,NA,325,320,324,301,286,NA,NA,NA,4,5,NA,NA,NA,9,10,11,12,13,6.348547459,132.3090668,2.66305995,5.422829628,5.763759613,38.2311821,8.616482735,14.35754967,1169.331299,1.884664774,173.8138733,-963.2395576,-1117.489323,WhiteTroatedCaracara,20
828,NA,NA,NA,NA,NA,NA,0,NA,0,0,0,0,0,NA,NA,NA,NA,NA,NA,15,NA,10,40,60,101,46,NA,NA,NA,NA,NA,NA,17,NA,9,12,14,12,12,NA,NA,NA,NA,NA,NA,2,NA,2,1,4,4,2,4.067865849,NA,NA,NA,NA,NA,NA,363,NA,309,299,334,3,318,NA,NA,NA,NA,NA,NA,7,NA,9,10,11,12,13,4.718846798,87.78344727,10.58430386,3.554973841,6.971706867,26.8354435,17.05825996,21.16504478,1517.660645,1.088455677,141.9422607,-943.2395576,-1117.489323,WhiteTroatedCaracara,20
829,NA,NA,NA,NA,NA,NA,NA,NA,NA,NA,NA,0,NA,NA,NA,NA,NA,NA,NA,NA,NA,NA,NA,NA,144,NA,NA,NA,NA,NA,NA,NA,NA,NA,NA,NA,NA,13,NA,NA,NA,NA,NA,NA,NA,NA,NA,NA,NA,NA,4,NA,6.625096798,NA,NA,NA,NA,NA,NA,NA,NA,NA,NA,NA,30,NA,NA,NA,NA,NA,NA,NA,NA,NA,NA,NA,NA,12,NA,5.119925976,64.21910095,15.94349575,4.393704891,2.929653883,19.08372879,16.83648109,38.62399673,1503.090454,-1.090138197,76.06255341,-923.2395576,-1117.489323,WhiteTroatedCaracara,20
830,NA,NA,NA,NA,NA,NA,NA,NA,NA,NA,0,NA,NA,NA,NA,NA,NA,NA,NA,NA,NA,NA,NA,45,NA,NA,NA,NA,NA,NA,NA,NA,NA,NA,NA,NA,14,NA,NA,NA,NA,NA,NA,NA,NA,NA,NA,NA,NA,5,NA,NA,2.668517113,NA,NA,NA,NA,NA,NA,NA,NA,NA,NA,320,NA,NA,NA,NA,NA,NA,NA,NA,NA,NA,NA,NA,11,NA,NA,6.940752029,52.03377151,27.87131882,0.736467838,0.207088023,21.25242615,3.003156424,46.87454987,1203.545776,0.052030239,37.21285629,-903.2395576,-1117.489323,WhiteTroatedCaracara,20
831,NA,NA,NA,NA,NA,NA,NA,NA,NA,NA,0,NA,0,NA,NA,NA,NA,NA,NA,NA,NA,NA,NA,7,NA,44,NA,NA,NA,NA,NA,NA,NA,NA,NA,NA,13,NA,12,NA,NA,NA,NA,NA,NA,NA,NA,NA,NA,2,NA,3,2.5720222,NA,NA,NA,NA,NA,NA,NA,NA,NA,NA,303,NA,328,NA,NA,NA,NA,NA,NA,NA,NA,NA,NA,11,NA,13,7.709846497,45.53138733,41.35086823,0.730010748,0.421723396,6.844993114,5.48552084,44.13948059,1087.116699,-0.774771988,28.31485367,-883.2395576,-1117.489323,WhiteTroatedCaracara,20
851,0,0,NA,0,0,0,0,0,0,0,0,0,0,120,150,NA,120,30,300,76,240,210,113,19,33,10,7,13,NA,16,10,14,13,12,12,18,16,11,11,2,5,NA,2,1,6,1,4,2,6,1,2,1,3.371737957,340,42,NA,50,348,290,254,330,279,317,250,282,364,1,2,NA,4,5,6,7,8,9,10,11,12,13,10.53410625,284.6188354,0.473652035,10.74870682,3.193163633,25.2842598,1.647457004,2.297062635,49.334198,-0.152737737,16.3411293,-1143.239558,-1137.489323,WhiteTroatedCaracara,20
852,NA,NA,0,NA,0,0,0,0,0,0,0,0,0,NA,NA,90,NA,300,120,60,60,60,15,10,23,15,NA,NA,18,NA,8,20,9,12,15,8,20,19,8,NA,NA,2,NA,4,2,2,2,1,1,1,1,1,3.087085247,NA,NA,334,NA,14,338,282,274,274,293,294,341,354,NA,NA,3,NA,5,6,7,8,9,10,11,12,13,10.70290565,283.6600342,0.431021869,24.67239189,2.471202612,18.37309837,3.608151674,1.815519452,45.45083237,-0.187155083,14.74033642,-1123.239558,-1137.489323,WhiteTroatedCaracara,20
853,NA,NA,0,NA,NA,0,NA,NA,0,0,0,0,0,NA,NA,60,NA,NA,180,NA,NA,60,25,28,32,20,NA,NA,12,NA,NA,19,NA,NA,12,16,18,17,15,NA,NA,1,NA,NA,3,NA,NA,1,1,2,1,1,2.656250954,NA,NA,3,NA,NA,338,NA,NA,53,316,342,356,352,NA,NA,3,NA,NA,6,NA,NA,9,10,11,12,13,10.65388489,283.3538818,0.079519138,15.99528217,7.21831131,19.51641083,2.362363815,1.360813975,57.94996643,0.037468307,9.57196331,-1103.239558,-1137.489323,WhiteTroatedCaracara,20
854,NA,0,NA,0,0,0,0,0,0,0,0,0,0,NA,120,NA,15,60,35,120,150,30,7,50,210,3,NA,10,NA,8,9,10,13,11,10,10,16,14,13,NA,2,NA,6,1,1,1,1,1,1,1,2,1,1.65973115,NA,355,NA,336,272,281,284,351,292,285,272,267,281,NA,2,NA,4,5,6,7,8,9,10,11,12,13,10.80183601,306.9266968,0.18484132,6.470585823,9.003381729,34.7600975,0.676589549,1.1340276,68.16110229,-0.061435148,7.147065639,-1083.239558,-1137.489323,WhiteTroatedCaracara,20
855,0,0,0,0,0,0,0,0,0,0,0,0,0,5,117,90,298,10,27,240,60,60,5,7,28,27,15,10,10,14,13,9,14,10,11,9,18,16,19,2,4,2,2,1,1,2,10,1,1,1,1,1,4.225378513,325,7,334,286,245,320,326,279,308,280,304,255,364,1,2,3,4,5,6,7,8,9,10,11,12,13,10.42357731,300.9297485,0.156934053,4.436866283,3.606000662,36.03607178,0.629736125,2.615727186,215.7184448,-0.576287448,34.78267288,-1063.239558,-1137.489323,WhiteTroatedCaracara,20
856,0,0,0,NA,0,0,0,0,0,0,0,0,0,5,60,150,NA,180,4,240,180,90,40,57,39,15,14,13,15,NA,13,19,11,9,11,7,15,12,16,2,2,8,NA,1,2,2,3,5,2,2,1,1,15.63938141,325,25,314,NA,278,283,353,312,9,335,250,313,303,1,2,3,NA,5,6,7,8,9,10,11,12,13,8.300033569,308.2946472,0.040639408,0.448943764,0.759373724,50.50680542,0.511801839,14.95782852,660.0109863,1.738970041,141.6675873,-1043.239558,-1137.489323,WhiteTroatedCaracara,20
857,NA,NA,NA,NA,NA,NA,0,NA,NA,0,0,0,0,NA,NA,NA,NA,NA,NA,120,NA,NA,75,10,106,12,NA,NA,NA,NA,NA,NA,7,NA,NA,17,12,17,10,NA,NA,NA,NA,NA,NA,1,NA,NA,2,1,1,1,14.30157661,NA,NA,NA,NA,NA,NA,283,NA,NA,57,260,4,247,NA,NA,NA,NA,NA,NA,7,NA,NA,10,11,12,13,9.280180931,317.1693726,0.523900867,2.284437656,1.432646275,40.80994034,1.542481899,11.34772968,487.9926147,-0.504326582,133.9501495,-1023.239558,-1137.489323,WhiteTroatedCaracara,20
858,NA,NA,NA,NA,NA,NA,NA,NA,NA,0,NA,0,0,NA,NA,NA,NA,NA,NA,NA,NA,NA,118,NA,36,8,NA,NA,NA,NA,NA,NA,NA,NA,NA,11,NA,17,8,NA,NA,NA,NA,NA,NA,NA,NA,NA,1,NA,1,1,14.03425884,NA,NA,NA,NA,NA,NA,NA,NA,NA,59,NA,44,363,NA,NA,NA,NA,NA,NA,NA,NA,NA,10,NA,12,13,7.494070053,243.0118408,1.478177547,4.274636745,1.314638734,45.45100021,3.9899261,15.03579521,892.5648804,0.438596487,205.2662811,-1003.239558,-1137.489323,WhiteTroatedCaracara,20
859,NA,NA,NA,NA,NA,NA,NA,NA,NA,0,NA,0,NA,NA,NA,NA,NA,NA,NA,NA,NA,NA,120,NA,160,NA,NA,NA,NA,NA,NA,NA,NA,NA,NA,17,NA,15,NA,NA,NA,NA,NA,NA,NA,NA,NA,NA,1,NA,2,NA,8.752398491,NA,NA,NA,NA,NA,NA,NA,NA,NA,30,NA,32,NA,NA,NA,NA,NA,NA,NA,NA,NA,NA,10,NA,12,NA,6.784101009,185.4606323,1.325737357,7.175262451,2.211623907,43.4017601,4.518931389,10.50105286,1048.027832,-0.289199978,192.7639465,-983.2395576,-1137.489323,WhiteTroatedCaracara,20
860,NA,NA,NA,NA,NA,NA,NA,NA,NA,0,0,NA,0,NA,NA,NA,NA,NA,NA,NA,NA,NA,2,15,NA,13,NA,NA,NA,NA,NA,NA,NA,NA,NA,17,9,NA,17,NA,NA,NA,NA,NA,NA,NA,NA,NA,2,1,NA,2,5.656207085,NA,NA,NA,NA,NA,NA,NA,NA,NA,283,342,NA,345,NA,NA,NA,NA,NA,NA,NA,NA,NA,10,11,NA,13,7.271018028,138.8341827,2.426959038,7.199167252,7.192683697,37.45824814,6.148275375,10.77643394,976.3150635,-0.560595334,155.2463837,-963.2395576,-1137.489323,WhiteTroatedCaracara,20
861,NA,NA,NA,NA,NA,NA,NA,NA,NA,0,0,0,0,NA,NA,NA,NA,NA,NA,NA,NA,NA,300,180,110,16,NA,NA,NA,NA,NA,NA,NA,NA,NA,11,13,12,9,NA,NA,NA,NA,NA,NA,NA,NA,NA,2,2,2,1,3.361544847,NA,NA,NA,NA,NA,NA,NA,NA,NA,313,319,289,300,NA,NA,NA,NA,NA,NA,NA,NA,NA,10,11,12,13,5.79895401,93.84233093,4.462080002,4.172173977,10.04244137,34.84738922,7.309269428,15.48932934,1275.373291,-0.850322306,129.9035034,-943.2395576,-1137.489323,WhiteTroatedCaracara,20
875,NA,NA,NA,NA,NA,NA,NA,NA,NA,0,NA,NA,NA,NA,NA,NA,NA,NA,NA,NA,NA,NA,110,NA,NA,NA,NA,NA,NA,NA,NA,NA,NA,NA,NA,17,NA,NA,NA,NA,NA,NA,NA,NA,NA,NA,NA,NA,8,NA,NA,NA,5.86838913,NA,NA,NA,NA,NA,NA,NA,NA,NA,39,NA,NA,NA,NA,NA,NA,NA,NA,NA,NA,NA,NA,10,NA,NA,NA,8.876564026,46.51121902,24.25642204,0.070028074,0.014075233,9.93259716,4.37484026,61.10668945,1096.475098,-0.146997258,13.32022095,-663.2395576,-1137.489323,WhiteTroatedCaracara,20
881,NA,0,NA,0,0,NA,0,0,0,0,NA,0,0,NA,180,NA,15,29,NA,120,5,120,30,NA,114,21,NA,11,NA,11,11,NA,12,16,10,12,NA,13,16,NA,4,NA,1,2,NA,2,1,1,2,NA,1,1,2.723581314,NA,56,NA,334,16,NA,263,295,335,353,NA,275,354,NA,2,NA,4,5,NA,7,8,9,10,NA,12,13,10.50076485,344.7555542,0.516083717,10.54769897,2.990851164,22.43205643,1.686851382,1.972628593,51.32904434,0.452523708,15.29065132,-1143.239558,-1157.489323,WhiteTroatedCaracara,20
882,NA,NA,NA,NA,0,0,NA,0,0,0,0,0,0,NA,NA,NA,NA,5,75,NA,34,6,180,75,5,22,NA,NA,NA,NA,19,17,NA,10,6,14,15,19,17,NA,NA,NA,NA,1,2,NA,2,1,1,1,1,2,2.599431276,NA,NA,NA,NA,17,10,NA,30,335,29,274,282,357,NA,NA,NA,NA,5,6,NA,8,9,10,11,12,13,10.79568291,302.2792664,0.319072843,10.29902458,4.399119377,25.79763031,0.474677533,1.281642675,28.15455437,-0.045114134,5.806091785,-1123.239558,-1157.489323,WhiteTroatedCaracara,20
883,NA,NA,NA,0,NA,0,0,0,0,0,0,0,0,NA,NA,NA,9,NA,1,60,40,10,35,12,60,3,NA,NA,NA,13,NA,17,20,14,11,17,15,18,13,NA,NA,NA,2,NA,3,1,2,1,2,1,1,1,3.31199789,NA,NA,NA,287,NA,319,355,45,253,324,3,19,300,NA,NA,NA,4,NA,6,7,8,9,10,11,12,13,10.69876766,299.4181824,0.043276172,6.131981373,6.574520588,24.00479317,0.716671288,1.586355686,62.93344879,0.100175075,9.645124435,-1103.239558,-1157.489323,WhiteTroatedCaracara,20
884,NA,NA,NA,NA,0,NA,0,0,0,0,0,0,0,NA,NA,NA,NA,30,NA,180,5,60,45,80,63,30,NA,NA,NA,NA,18,NA,10,18,11,16,12,17,14,NA,NA,NA,NA,2,NA,9,1,1,4,1,1,1,1.65973115,NA,NA,NA,NA,18,NA,341,332,276,314,286,292,319,NA,NA,NA,NA,5,NA,7,8,9,10,11,12,13,10.80183601,306.9266968,0.18484132,6.470585823,9.003381729,34.7600975,0.676589549,1.1340276,68.16110229,-0.061435148,7.147065639,-1083.239558,-1157.489323,WhiteTroatedCaracara,20
885,NA,NA,NA,NA,NA,NA,NA,0,0,0,NA,0,0,NA,NA,NA,NA,NA,NA,NA,3,60,26,NA,126,24,NA,NA,NA,NA,NA,NA,NA,12,16,13,NA,10,18,NA,NA,NA,NA,NA,NA,NA,2,1,1,NA,1,1,30.92042351,NA,NA,NA,NA,NA,NA,NA,42,4,262,NA,338,349,NA,NA,NA,NA,NA,NA,NA,8,9,10,NA,12,13,8.96854496,311.9285278,0.030747198,0.683385611,0.142439872,43.65317535,0.289431185,13.8186264,485.1040344,-0.853319407,121.501503,-1063.239558,-1157.489323,WhiteTroatedCaracara,20
886,NA,NA,NA,NA,NA,NA,NA,NA,NA,0,0,0,0,NA,NA,NA,NA,NA,NA,NA,NA,NA,10,19,32,23,NA,NA,NA,NA,NA,NA,NA,NA,NA,12,17,9,23,NA,NA,NA,NA,NA,NA,NA,NA,NA,1,1,1,1,30.92042351,NA,NA,NA,NA,NA,NA,NA,NA,NA,289,249,313,315,NA,NA,NA,NA,NA,NA,NA,NA,NA,10,11,12,13,8.96854496,311.9285278,0.030747198,0.683385611,0.142439872,43.65317535,0.289431185,13.8186264,485.1040344,-0.853319407,121.501503,-1043.239558,-1157.489323,WhiteTroatedCaracara,20
887,NA,NA,NA,NA,NA,NA,NA,NA,NA,0,NA,0,0,NA,NA,NA,NA,NA,NA,NA,NA,NA,90,NA,53,81,NA,NA,NA,NA,NA,NA,NA,NA,NA,16,NA,18,15,NA,NA,NA,NA,NA,NA,NA,NA,NA,2,NA,2,1,33.43989182,NA,NA,NA,NA,NA,NA,NA,NA,NA,305,NA,51,351,NA,NA,NA,NA,NA,NA,NA,NA,NA,10,NA,12,13,7.177752018,266.2799683,4.240311623,1.765017152,1.960512996,40.2734375,4.003510475,14.79106808,900.8790894,1.207735658,169.8818207,-1023.239558,-1157.489323,WhiteTroatedCaracara,20
888,NA,NA,NA,NA,NA,NA,NA,NA,NA,NA,0,0,0,NA,NA,NA,NA,NA,NA,NA,NA,NA,NA,15,5,40,NA,NA,NA,NA,NA,NA,NA,NA,NA,NA,10,18,16,NA,NA,NA,NA,NA,NA,NA,NA,NA,NA,1,2,2,31.43152618,NA,NA,NA,NA,NA,NA,NA,NA,NA,NA,328,9,343,NA,NA,NA,NA,NA,NA,NA,NA,NA,NA,11,12,13,8.095697403,243.0377197,1.929394722,5.02846241,2.19576025,42.23142624,6.404345989,12.41403389,751.1962891,0.176222667,204.5013123,-1003.239558,-1157.489323,WhiteTroatedCaracara,20
889,NA,NA,NA,NA,NA,NA,NA,0,NA,NA,0,0,0,NA,NA,NA,NA,NA,NA,NA,90,NA,NA,53,14,55,NA,NA,NA,NA,NA,NA,NA,11,NA,NA,16,12,8,NA,NA,NA,NA,NA,NA,NA,1,NA,NA,2,2,1,24.29435921,NA,NA,NA,NA,NA,NA,NA,318,NA,NA,15,3,272,NA,NA,NA,NA,NA,NA,NA,8,NA,NA,11,12,13,6.518596649,173.5930176,3.75910759,6.301011086,3.450515509,40.22388077,10.08662319,15.17072296,1082.907715,-0.573420465,203.2321167,-983.2395576,-1157.489323,WhiteTroatedCaracara,20
890,NA,NA,NA,NA,0,NA,0,0,0,0,0,0,0,NA,NA,NA,NA,15,NA,1,60,60,30,30,68,31,NA,NA,NA,NA,12,NA,9,23,10,10,13,14,16,NA,NA,NA,NA,1,NA,1,1,1,1,1,1,1,8.568609238,NA,NA,NA,NA,15,NA,348,344,258,327,267,299,247,NA,NA,NA,NA,5,NA,7,8,9,10,11,12,13,6.419665813,122.1854019,4.050248146,3.936923265,7.978067398,39.2856636,7.395406723,13.06520844,1125.673584,-0.908816338,162.6409607,-963.2395576,-1157.489323,WhiteTroatedCaracara,20
891,NA,NA,NA,NA,NA,0,NA,NA,0,NA,0,0,0,NA,NA,NA,NA,NA,40,NA,NA,6,NA,15,20,10,NA,NA,NA,NA,NA,15,NA,NA,10,NA,17,18,14,NA,NA,NA,NA,NA,2,NA,NA,3,NA,3,1,1,4.577719212,NA,NA,NA,NA,NA,30,NA,NA,16,NA,55,37,267,NA,NA,NA,NA,NA,6,NA,NA,9,NA,11,12,13,6.279923916,92.34603119,6.094092369,7.767934322,8.041229248,26.48467827,11.4780941,22.63122177,1192.73291,2.114491701,130.8370514,-943.2395576,-1157.489323,WhiteTroatedCaracara,20
893,NA,NA,NA,NA,NA,NA,0,NA,NA,NA,NA,NA,NA,NA,NA,NA,NA,NA,NA,60,NA,NA,NA,NA,NA,NA,NA,NA,NA,NA,NA,NA,7,NA,NA,NA,NA,NA,NA,NA,NA,NA,NA,NA,NA,2,NA,NA,NA,NA,NA,NA,3.210142612,NA,NA,NA,NA,NA,NA,25,NA,NA,NA,NA,NA,NA,NA,NA,NA,NA,NA,NA,7,NA,NA,NA,NA,NA,NA,7.954386234,54.84612656,18.20894241,0.733902693,0.229081661,12.5798378,7.036317825,60.67172241,1003.234009,0.205316648,40.03289795,-903.2395576,-1157.489323,WhiteTroatedCaracara,20
908,0,0,0,0,0,0,0,0,0,0,0,0,0,15,120,60,26,180,15,79,37,120,66,30,40,9,13,11,10,12,9,15,14,14,16,12,14,13,19,3,2,2,2,3,1,1,1,1,1,2,2,1,2.723581314,327,353,58,333,315,365,318,333,294,323,324,276,364,1,2,3,4,5,6,7,8,9,10,11,12,13,10.50076485,344.7555542,0.516083717,10.54769897,2.990851164,22.43205643,1.686851382,1.972628593,51.32904434,0.452523708,15.29065132,-1163.239558,-1177.489323,WhiteTroatedCaracara,20
909,0,0,NA,0,0,0,0,0,0,0,0,0,0,10,120,NA,65,10,60,60,5,40,30,120,15,32,7,13,NA,11,8,18,8,12,22,14,12,14,16,1,2,NA,2,2,3,2,4,4,1,1,1,1,2.723581314,327,351,NA,288,46,339,283,299,253,285,270,337,259,1,2,NA,4,5,6,7,8,9,10,11,12,13,10.50076485,344.7555542,0.516083717,10.54769897,2.990851164,22.43205643,1.686851382,1.972628593,51.32904434,0.452523708,15.29065132,-1143.239558,-1177.489323,WhiteTroatedCaracara,20
910,0,0,0,0,0,0,0,0,0,0,0,0,0,65,125,30,150,60,60,30,10,71,32,50,157,20,9,17,12,10,9,15,11,17,13,9,13,10,14,3,1,2,3,10,1,2,2,1,1,1,1,5,2.805063725,327,321,57,272,315,344,301,301,359,308,261,359,308,1,2,3,4,5,6,7,8,9,10,11,12,13,10.75027466,330.3354797,0.159086168,11.42609119,4.726501465,24.77871323,2.158508778,0.621554554,38.02586365,0.071001269,6.453669071,-1123.239558,-1177.489323,WhiteTroatedCaracara,20
911,NA,NA,NA,NA,NA,0,NA,NA,0,0,NA,0,NA,NA,NA,NA,NA,NA,5,NA,NA,19,18,NA,300,NA,NA,NA,NA,NA,NA,20,NA,NA,11,17,NA,13,NA,NA,NA,NA,NA,NA,2,NA,NA,1,1,NA,2,NA,1.65973115,NA,NA,NA,NA,NA,44,NA,NA,359,60,NA,363,NA,NA,NA,NA,NA,NA,6,NA,NA,9,10,NA,12,NA,10.80183601,306.9266968,0.18484132,6.470585823,9.003381729,34.7600975,0.676589549,1.1340276,68.16110229,-0.061435148,7.147065639,-1083.239558,-1177.489323,WhiteTroatedCaracara,20
912,NA,NA,NA,NA,NA,NA,NA,NA,NA,0,NA,0,0,NA,NA,NA,NA,NA,NA,NA,NA,NA,3,NA,14,20,NA,NA,NA,NA,NA,NA,NA,NA,NA,12,NA,20,19,NA,NA,NA,NA,NA,NA,NA,NA,NA,1,NA,1,1,47.01516724,NA,NA,NA,NA,NA,NA,NA,NA,NA,48,NA,311,357,NA,NA,NA,NA,NA,NA,NA,NA,NA,10,NA,12,13,9.692363739,322.0791016,0.064406,0.883606732,1.449945927,48.76172256,0.267216653,9.228097916,363.2746582,0.62326622,89.65979767,-1063.239558,-1177.489323,WhiteTroatedCaracara,20
913,NA,NA,0,NA,NA,0,NA,NA,0,0,NA,0,0,NA,NA,150,NA,NA,120,NA,NA,1,3,NA,12,5,NA,NA,9,NA,NA,17,NA,NA,15,11,NA,15,10,NA,NA,2,NA,NA,3,NA,NA,2,1,NA,1,1,47.01516724,NA,NA,348,NA,NA,343,NA,NA,48,340,NA,254,255,NA,NA,3,NA,NA,6,NA,NA,9,10,NA,12,13,9.692363739,322.0791016,0.064406,0.883606732,1.449945927,48.76172256,0.267216653,9.228097916,363.2746582,0.62326622,89.65979767,-1043.239558,-1177.489323,WhiteTroatedCaracara,20
914,NA,0,NA,NA,0,NA,NA,0,NA,0,NA,0,0,NA,120,NA,NA,165,NA,NA,30,NA,20,NA,80,44,NA,15,NA,NA,9,NA,NA,9,NA,16,NA,19,16,NA,4,NA,NA,2,NA,NA,1,NA,1,NA,1,1,52.69314194,NA,8,NA,NA,345,NA,NA,5,NA,346,NA,282,350,NA,2,NA,NA,5,NA,NA,8,NA,10,NA,12,13,7.21257782,260.9451904,6.914277077,2.103095531,0.761652827,32.3161087,8.616586685,13.35779572,858.9866333,2.202788591,190.4322968,-1023.239558,-1177.489323,WhiteTroatedCaracara,20
915,NA,NA,NA,NA,NA,NA,NA,NA,NA,NA,NA,NA,0,NA,NA,NA,NA,NA,NA,NA,NA,NA,NA,NA,NA,68,NA,NA,NA,NA,NA,NA,NA,NA,NA,NA,NA,NA,21,NA,NA,NA,NA,NA,NA,NA,NA,NA,NA,NA,NA,1,43.33958435,NA,NA,NA,NA,NA,NA,NA,NA,NA,NA,NA,NA,2,NA,NA,NA,NA,NA,NA,NA,NA,NA,NA,NA,NA,13,5.792333603,203.750061,8.988117218,3.085104704,2.761682272,24.55752754,16.21591568,9.328184128,1170.481079,0.780364096,248.7006989,-1003.239558,-1177.489323,WhiteTroatedCaracara,20
916,NA,NA,NA,NA,NA,NA,NA,NA,0,0,0,0,0,NA,NA,NA,NA,NA,NA,NA,NA,120,240,10,40,19,NA,NA,NA,NA,NA,NA,NA,NA,10,7,13,9,12,NA,NA,NA,NA,NA,NA,NA,NA,3,1,1,1,1,24.51437569,NA,NA,NA,NA,NA,NA,NA,NA,306,60,328,331,298,NA,NA,NA,NA,NA,NA,NA,NA,9,10,11,12,13,8.258110046,182.0545349,1.831309199,5.966552258,3.109575033,40.08489609,6.607017994,10.87730598,726.2486572,-3.562050343,165.8023682,-983.2395576,-1177.489323,WhiteTroatedCaracara,20
917,NA,NA,NA,0,0,0,0,0,0,0,0,0,0,NA,NA,NA,180,20,30,180,120,30,180,100,60,30,NA,NA,NA,8,16,16,17,20,9,12,9,17,9,NA,NA,NA,8,1,2,1,1,2,1,1,1,1,6.559397221,NA,NA,NA,285,16,323,250,329,310,300,291,264,262,NA,NA,NA,4,5,6,7,8,9,10,11,12,13,7.463309765,121.7944183,4.540015221,5.806071758,6.281785011,35.99362183,7.641144276,12.43079662,914.6013794,0.546277761,149.5151367,-963.2395576,-1177.489323,WhiteTroatedCaracara,20
918,NA,NA,NA,NA,NA,NA,NA,NA,0,0,0,0,0,NA,NA,NA,NA,NA,NA,NA,NA,120,11,60,60,80,NA,NA,NA,NA,NA,NA,NA,NA,16,16,12,20,18,NA,NA,NA,NA,NA,NA,NA,NA,1,2,1,2,1,4.234430313,NA,NA,NA,NA,NA,NA,NA,NA,309,320,307,42,338,NA,NA,NA,NA,NA,NA,NA,NA,9,10,11,12,13,6.697591305,91.0282135,4.79857111,7.706349373,6.74987793,29.47398186,12.30310345,20.72678375,1087.270264,0.725865722,144.2781219,-943.2395576,-1177.489323,WhiteTroatedCaracara,20
919,NA,NA,NA,NA,NA,NA,0,NA,NA,0,0,NA,0,NA,NA,NA,NA,NA,NA,240,NA,NA,60,120,NA,65,NA,NA,NA,NA,NA,NA,11,NA,NA,13,13,NA,13,NA,NA,NA,NA,NA,NA,2,NA,NA,2,2,NA,2,3.497101307,NA,NA,NA,NA,NA,NA,322,NA,NA,44,357,NA,364,NA,NA,NA,NA,NA,NA,7,NA,NA,10,11,NA,13,7.53309679,69.32363892,12.98668861,4.012926579,5.184430599,20.86467552,8.903688431,42.1934166,993.1699829,0.438242435,66.56604004,-923.2395576,-1177.489323,WhiteTroatedCaracara,20
920,NA,NA,NA,NA,NA,NA,NA,NA,NA,NA,NA,0,NA,NA,NA,NA,NA,NA,NA,NA,NA,NA,NA,NA,32,NA,NA,NA,NA,NA,NA,NA,NA,NA,NA,NA,NA,10,NA,NA,NA,NA,NA,NA,NA,NA,NA,NA,NA,NA,6,NA,3.677758217,NA,NA,NA,NA,NA,NA,NA,NA,NA,NA,NA,282,NA,NA,NA,NA,NA,NA,NA,NA,NA,NA,NA,NA,12,NA,8.145578384,54.6029892,14.67635536,0.251202166,0.555408239,14.97047329,3.758921146,65.43431091,950.5993652,-0.995619655,34.0752182,-903.2395576,-1177.489323,WhiteTroatedCaracara,20
926,NA,NA,NA,NA,NA,NA,NA,NA,0,NA,NA,NA,NA,NA,NA,NA,NA,NA,NA,NA,NA,2,NA,NA,NA,NA,NA,NA,NA,NA,NA,NA,NA,NA,20,NA,NA,NA,NA,NA,NA,NA,NA,NA,NA,NA,NA,1,NA,NA,NA,NA,4.59945488,NA,NA,NA,NA,NA,NA,NA,NA,348,NA,NA,NA,NA,NA,NA,NA,NA,NA,NA,NA,NA,9,NA,NA,NA,NA,7.662919998,35.33851242,23.28763199,0.478035867,0.051705927,12.61455536,6.980618954,54.74578857,1185.040771,0.87667805,39.48805237,-783.2395576,-1177.489323,WhiteTroatedCaracara,20
934,NA,NA,0,0,0,0,0,0,0,0,NA,0,0,NA,NA,180,20,150,240,120,20,120,120,NA,8,38,NA,NA,15,9,9,5,11,19,15,11,NA,16,18,NA,NA,3,3,2,5,2,1,4,2,NA,2,2,15.97177124,NA,NA,20,313,348,338,303,301,250,352,NA,345,316,NA,NA,3,4,5,6,7,8,9,10,NA,12,13,8.806413651,320.2649231,0,0.286754012,0,36.10001755,0.23899582,8.670571327,260.1975708,1.285430431,54.50508499,-1163.239558,-1197.489323,WhiteTroatedCaracara,20
935,NA,NA,NA,0,NA,0,0,0,0,0,0,0,0,NA,NA,NA,300,NA,1,60,5,21,180,30,29,3,NA,NA,NA,11,NA,14,18,8,17,17,14,17,17,NA,NA,NA,2,NA,1,5,1,2,1,1,1,1,2.654542923,NA,NA,NA,328,NA,317,334,323,55,3,337,262,272,NA,NA,NA,4,NA,6,7,8,9,10,11,12,13,10.43733692,348.7832031,0.377801239,12.70580959,6.490138531,21.39252281,0.319720984,2.308215618,59.00838089,-0.937380612,17.16484833,-1143.239558,-1197.489323,WhiteTroatedCaracara,20
936,NA,0,NA,0,0,0,0,0,0,0,0,0,0,NA,60,NA,23,15,30,60,30,15,43,85,4,52,NA,12,NA,16,19,16,11,20,17,16,16,8,10,NA,2,NA,2,1,2,2,1,1,1,1,1,1,3.725871563,NA,30,NA,332,305,327,42,344,252,349,335,353,253,NA,2,NA,4,5,6,7,8,9,10,11,12,13,10.47169209,351.5768738,0.214218348,6.650688171,3.684810638,26.85611916,0.708859324,0.873168111,96.59592438,0.163755789,11.57329082,-1123.239558,-1197.489323,WhiteTroatedCaracara,20
937,NA,NA,NA,NA,NA,0,NA,NA,NA,NA,NA,0,0,NA,NA,NA,NA,NA,25,NA,NA,NA,NA,NA,50,60,NA,NA,NA,NA,NA,14,NA,NA,NA,NA,NA,17,18,NA,NA,NA,NA,NA,2,NA,NA,NA,NA,NA,1,1,3.725871563,NA,NA,NA,NA,NA,12,NA,NA,NA,NA,NA,357,267,NA,NA,NA,NA,NA,6,NA,NA,NA,NA,NA,12,13,10.47169209,351.5768738,0.214218348,6.650688171,3.684810638,26.85611916,0.708859324,0.873168111,96.59592438,0.163755789,11.57329082,-1103.239558,-1197.489323,WhiteTroatedCaracara,20
938,NA,0,NA,NA,NA,NA,NA,NA,NA,NA,NA,0,NA,NA,90,NA,NA,NA,NA,NA,NA,NA,NA,NA,167,NA,NA,20,NA,NA,NA,NA,NA,NA,NA,NA,NA,15,NA,NA,7,NA,NA,NA,NA,NA,NA,NA,NA,NA,1,NA,58.63494873,NA,39,NA,NA,NA,NA,NA,NA,NA,NA,NA,311,NA,NA,2,NA,NA,NA,NA,NA,NA,NA,NA,NA,12,NA,8.838457108,310.4891052,0,0.847215891,1.101495385,51.09714508,1.015529752,12.37705421,504.1798706,3.87656641,131.9815979,-1043.239558,-1197.489323,WhiteTroatedCaracara,20
939,NA,NA,NA,NA,0,NA,NA,NA,NA,NA,NA,NA,0,NA,NA,NA,NA,60,NA,NA,NA,NA,NA,NA,NA,118,NA,NA,NA,NA,16,NA,NA,NA,NA,NA,NA,NA,16,NA,NA,NA,NA,1,NA,NA,NA,NA,NA,NA,NA,1,64.86428833,NA,NA,NA,NA,276,NA,NA,NA,NA,NA,NA,NA,345,NA,NA,NA,NA,5,NA,NA,NA,NA,NA,NA,NA,13,8.222976685,273.6380005,3.18598628,0.948350012,0.357605785,34.30913925,8.394981384,13.47518063,623.7094116,-4.042081833,198.49617,-1023.239558,-1197.489323,WhiteTroatedCaracara,20
941,NA,NA,NA,NA,NA,NA,NA,NA,NA,0,NA,0,NA,NA,NA,NA,NA,NA,NA,NA,NA,NA,52,NA,35,NA,NA,NA,NA,NA,NA,NA,NA,NA,NA,12,NA,16,NA,NA,NA,NA,NA,NA,NA,NA,NA,NA,1,NA,1,NA,29.73875046,NA,NA,NA,NA,NA,NA,NA,NA,NA,315,NA,317,NA,NA,NA,NA,NA,NA,NA,NA,NA,NA,10,NA,12,NA,5.930977821,158.9133911,4.872993946,4.237925529,4.715596199,32.86094666,12.11671352,15.34900761,1155.679199,8.332192421,209.2621307,-983.2395576,-1197.489323,WhiteTroatedCaracara,20
942,NA,NA,NA,NA,NA,NA,NA,NA,0,0,NA,0,0,NA,NA,NA,NA,NA,NA,NA,NA,120,26,NA,27,22,NA,NA,NA,NA,NA,NA,NA,NA,15,15,NA,11,8,NA,NA,NA,NA,NA,NA,NA,NA,1,2,NA,1,4,16.76746368,NA,NA,NA,NA,NA,NA,NA,NA,311,320,NA,347,15,NA,NA,NA,NA,NA,NA,NA,NA,9,10,NA,12,13,7.852231979,129.8558502,2.767296076,7.160783291,6.462090015,32.88841248,8.539958,9.852147102,807.8862915,-2.169199705,171.9523315,-963.2395576,-1197.489323,WhiteTroatedCaracara,20
943,NA,0,0,NA,NA,0,0,NA,0,0,0,0,0,NA,10,60,NA,NA,240,240,NA,210,45,20,300,300,NA,17,17,NA,NA,9,5,NA,13,11,20,11,12,NA,1,1,NA,NA,2,1,NA,1,2,2,1,2,5.107496738,NA,16,51,NA,NA,323,364,NA,304,335,47,282,331,NA,2,3,NA,NA,6,7,NA,9,10,11,12,13,7.981604576,94.39233398,4.9114604,8.95447731,8.983719826,26.5230732,11.85332966,19.21408844,832.6841431,-1.891673923,137.524292,-943.2395576,-1197.489323,WhiteTroatedCaracara,20
944,NA,0,NA,NA,0,NA,NA,NA,NA,0,NA,NA,NA,NA,30,NA,NA,240,NA,NA,NA,NA,21,NA,NA,NA,NA,12,NA,NA,8,NA,NA,NA,NA,14,NA,NA,NA,NA,4,NA,NA,4,NA,NA,NA,NA,2,NA,NA,NA,2.928461313,NA,364,NA,NA,14,NA,NA,NA,NA,292,NA,NA,NA,NA,2,NA,NA,5,NA,NA,NA,NA,10,NA,NA,NA,8.555850983,71.5429306,18.25117302,3.425622702,2.898654699,18.04629898,7.779414654,46.70360565,784.8648682,-1.354191303,44.69364929,-923.2395576,-1197.489323,WhiteTroatedCaracara,20
952,NA,NA,NA,NA,NA,NA,NA,NA,NA,NA,NA,NA,0,NA,NA,NA,NA,NA,NA,NA,NA,NA,NA,NA,NA,120,NA,NA,NA,NA,NA,NA,NA,NA,NA,NA,NA,NA,11,NA,NA,NA,NA,NA,NA,NA,NA,NA,NA,NA,NA,2,2.555028439,NA,NA,NA,NA,NA,NA,NA,NA,NA,NA,NA,NA,14,NA,NA,NA,NA,NA,NA,NA,NA,NA,NA,NA,NA,13,8.424412727,35.34638214,29.19702148,0.216902003,0.02166475,7.809613705,2.958427429,59.21705246,1052.83374,0.121520728,17.16533852,-763.2395576,-1197.489323,WhiteTroatedCaracara,20
962,NA,NA,NA,NA,NA,NA,NA,NA,NA,NA,NA,NA,0,NA,NA,NA,NA,NA,NA,NA,NA,NA,NA,NA,NA,13,NA,NA,NA,NA,NA,NA,NA,NA,NA,NA,NA,NA,11,NA,NA,NA,NA,NA,NA,NA,NA,NA,NA,NA,NA,1,15.97177124,NA,NA,NA,NA,NA,NA,NA,NA,NA,NA,NA,NA,28,NA,NA,NA,NA,NA,NA,NA,NA,NA,NA,NA,NA,13,8.806413651,320.2649231,0,0.286754012,0,36.10001755,0.23899582,8.670571327,260.1975708,1.285430431,54.50508499,-1163.239558,-1217.489323,WhiteTroatedCaracara,20
963,NA,NA,NA,NA,NA,NA,NA,NA,NA,0,NA,0,NA,NA,NA,NA,NA,NA,NA,NA,NA,NA,120,NA,248,NA,NA,NA,NA,NA,NA,NA,NA,NA,NA,12,NA,13,NA,NA,NA,NA,NA,NA,NA,NA,NA,NA,5,NA,1,NA,3.825224876,NA,NA,NA,NA,NA,NA,NA,NA,NA,269,NA,350,NA,NA,NA,NA,NA,NA,NA,NA,NA,NA,10,NA,12,NA,9.227700233,331.3840942,0.003132196,1.101312876,1.594250917,28.64450645,0.371009052,3.228463173,275.4520569,0.342764765,47.9459877,-1143.239558,-1217.489323,WhiteTroatedCaracara,20
964,NA,NA,NA,0,NA,0,NA,0,0,0,NA,0,0,NA,NA,NA,10,NA,10,NA,300,52,11,NA,85,10,NA,NA,NA,7,NA,17,NA,12,19,14,NA,19,10,NA,NA,NA,2,NA,2,NA,1,1,1,NA,1,1,3.620461702,NA,NA,NA,335,NA,15,NA,17,362,279,NA,352,253,NA,NA,NA,4,NA,6,NA,8,9,10,NA,12,13,10.25627518,349.1011353,0,7.88449192,7.24139595,22.36603928,0.182715073,0.930427253,143.0336456,0.374257326,15.02280426,-1123.239558,-1217.489323,WhiteTroatedCaracara,20
965,NA,NA,NA,NA,0,0,0,0,0,0,0,0,0,NA,NA,NA,NA,30,90,30,12,70,13,9,2,81,NA,NA,NA,NA,8,14,8,11,19,14,15,16,10,NA,NA,NA,NA,1,1,1,2,3,1,1,1,1,2.078117371,NA,NA,NA,NA,357,293,45,6,312,349,264,318,268,NA,NA,NA,NA,5,6,7,8,9,10,11,12,13,10.68421841,357.4575195,0,14.94320869,5.509459972,34.70061874,0.53292942,2.578417301,94.19944763,0.051764093,11.24773979,-1103.239558,-1217.489323,WhiteTroatedCaracara,20
967,NA,NA,NA,NA,NA,NA,NA,NA,NA,0,0,0,0,NA,NA,NA,NA,NA,NA,NA,NA,NA,90,73,76,44,NA,NA,NA,NA,NA,NA,NA,NA,NA,17,13,18,13,NA,NA,NA,NA,NA,NA,NA,NA,NA,1,1,1,1,58.63494873,NA,NA,NA,NA,NA,NA,NA,NA,NA,336,12,293,291,NA,NA,NA,NA,NA,NA,NA,NA,NA,10,11,12,13,8.838457108,310.4891052,0,0.847215891,1.101495385,51.09714508,1.015529752,12.37705421,504.1798706,3.87656641,131.9815979,-1063.239558,-1217.489323,WhiteTroatedCaracara,20
968,NA,0,NA,NA,NA,NA,NA,NA,0,NA,NA,0,NA,NA,30,NA,NA,NA,NA,NA,NA,30,NA,NA,136,NA,NA,8,NA,NA,NA,NA,NA,NA,10,NA,NA,15,NA,NA,1,NA,NA,NA,NA,NA,NA,1,NA,NA,1,NA,58.63494873,NA,35,NA,NA,NA,NA,NA,NA,351,NA,NA,292,NA,NA,2,NA,NA,NA,NA,NA,NA,9,NA,NA,12,NA,8.838457108,310.4891052,0,0.847215891,1.101495385,51.09714508,1.015529752,12.37705421,504.1798706,3.87656641,131.9815979,-1043.239558,-1217.489323,WhiteTroatedCaracara,20
969,NA,0,NA,NA,NA,NA,NA,NA,NA,NA,NA,NA,NA,NA,120,NA,NA,NA,NA,NA,NA,NA,NA,NA,NA,NA,NA,14,NA,NA,NA,NA,NA,NA,NA,NA,NA,NA,NA,NA,7,NA,NA,NA,NA,NA,NA,NA,NA,NA,NA,NA,65.82291412,NA,41,NA,NA,NA,NA,NA,NA,NA,NA,NA,NA,NA,NA,2,NA,NA,NA,NA,NA,NA,NA,NA,NA,NA,NA,8.25306797,275.5544128,3.479911566,2.155101299,1.512001514,37.36232758,8.45213604,13.55155087,611.0987549,-3.077167749,174.0318451,-1023.239558,-1217.489323,WhiteTroatedCaracara,20
973,NA,NA,NA,NA,NA,NA,0,NA,NA,0,NA,0,NA,NA,NA,NA,NA,NA,NA,50,NA,NA,15,NA,15,NA,NA,NA,NA,NA,NA,NA,16,NA,NA,12,NA,11,NA,NA,NA,NA,NA,NA,NA,3,NA,NA,2,NA,1,NA,5.184036732,NA,NA,NA,NA,NA,NA,24,NA,NA,335,NA,42,NA,NA,NA,NA,NA,NA,NA,7,NA,NA,10,NA,12,NA,7.564389706,94.77867889,8.137504578,5.936093807,7.919245243,24.12215614,13.40500069,26.75573349,914.9293823,1.022594929,86.35946655,-943.2395576,-1217.489323,WhiteTroatedCaracara,20
974,NA,NA,NA,NA,NA,NA,NA,0,NA,0,NA,0,NA,NA,NA,NA,NA,NA,NA,NA,15,NA,10,NA,50,NA,NA,NA,NA,NA,NA,NA,NA,17,NA,14,NA,14,NA,NA,NA,NA,NA,NA,NA,NA,1,NA,2,NA,1,NA,3.246348619,NA,NA,NA,NA,NA,NA,NA,55,NA,292,NA,337,NA,NA,NA,NA,NA,NA,NA,NA,8,NA,10,NA,12,NA,7.495545387,71.55210114,14.33605957,5.528836727,2.636834145,18.26773071,12.06282139,45.62562561,981.9761963,0.367840439,73.51101685,-923.2395576,-1217.489323,WhiteTroatedCaracara,20
976,NA,NA,NA,NA,NA,NA,NA,NA,NA,NA,NA,0,NA,NA,NA,NA,NA,NA,NA,NA,NA,NA,NA,NA,165,NA,NA,NA,NA,NA,NA,NA,NA,NA,NA,NA,NA,12,NA,NA,NA,NA,NA,NA,NA,NA,NA,NA,NA,NA,6,NA,5.247455597,NA,NA,NA,NA,NA,NA,NA,NA,NA,NA,NA,282,NA,NA,NA,NA,NA,NA,NA,NA,NA,NA,NA,NA,12,NA,9.436601639,48.92425919,24.55291939,2.755629778,0.241809368,10.41630459,9.189785957,52.22628403,705.8168945,-0.18079102,30.03906441,-883.2395576,-1217.489323,WhiteTroatedCaracara,20
977,NA,NA,NA,NA,NA,NA,NA,NA,NA,NA,NA,NA,0,NA,NA,NA,NA,NA,NA,NA,NA,NA,NA,NA,NA,45,NA,NA,NA,NA,NA,NA,NA,NA,NA,NA,NA,NA,15,NA,NA,NA,NA,NA,NA,NA,NA,NA,NA,NA,NA,1,5.840741158,NA,NA,NA,NA,NA,NA,NA,NA,NA,NA,NA,NA,336,NA,NA,NA,NA,NA,NA,NA,NA,NA,NA,NA,NA,13,9.477497101,43.07244873,33.43771744,1.438558102,0.331622005,7.948360443,7.122780323,48.94747925,725.1026611,0.430525124,38.02051163,-863.2395576,-1217.489323,WhiteTroatedCaracara,20
978,NA,NA,NA,NA,NA,NA,NA,NA,NA,NA,0,NA,NA,NA,NA,NA,NA,NA,NA,NA,NA,NA,NA,30,NA,NA,NA,NA,NA,NA,NA,NA,NA,NA,NA,NA,8,NA,NA,NA,NA,NA,NA,NA,NA,NA,NA,NA,NA,1,NA,NA,15.94664764,NA,NA,NA,NA,NA,NA,NA,NA,NA,NA,342,NA,NA,NA,NA,NA,NA,NA,NA,NA,NA,NA,NA,11,NA,NA,7.720170021,34.15949249,37.95884705,0.266341895,0.143481776,6.274815083,10.02288532,43.52092361,1086.663818,0.656172097,57.01338196,-843.2395576,-1217.489323,WhiteTroatedCaracara,20
986,NA,NA,NA,NA,NA,NA,NA,NA,NA,NA,NA,NA,0,NA,NA,NA,NA,NA,NA,NA,NA,NA,NA,NA,NA,120,NA,NA,NA,NA,NA,NA,NA,NA,NA,NA,NA,NA,10,NA,NA,NA,NA,NA,NA,NA,NA,NA,NA,NA,NA,2,3.851942778,NA,NA,NA,NA,NA,NA,NA,NA,NA,NA,NA,NA,14,NA,NA,NA,NA,NA,NA,NA,NA,NA,NA,NA,NA,13,9.341600418,37.73907471,36.05216217,0.459593266,0.090718322,6.489521503,5.644382,50.19453049,943.2615356,-0.562831044,12.47685719,-683.2395576,-1217.489323,WhiteTroatedCaracara,20
993,0,0,NA,0,0,0,0,0,0,0,0,0,0,30,180,NA,120,45,6,30,1,30,2,3,12,8,17,9,NA,11,10,11,11,16,9,7,7,7,13,2,2,NA,1,2,1,1,2,1,1,1,1,1,6.91286993,47,350,NA,12,46,319,318,250,263,288,291,329,331,1,2,NA,4,5,6,7,8,9,10,11,12,13,8.747061729,324.4276428,0.142679498,5.653774261,2.10395956,32.92095947,0.098847844,4.198335171,349.107666,-0.240319356,56.53152466,-1143.239558,-1237.489323,WhiteTroatedCaracara,20
994,0,0,0,0,0,0,0,0,0,0,0,0,0,30,125,180,60,2,20,20,20,60,10,20,17,60,19,8,15,11,12,14,10,16,12,8,17,17,5,1,3,8,6,1,1,6,1,1,1,2,1,2,3.620461702,59,6,53,309,20,290,11,9,261,292,292,324,281,1,2,3,4,5,6,7,8,9,10,11,12,13,10.25627518,349.1011353,0,7.88449192,7.24139595,22.36603928,0.182715073,0.930427253,143.0336456,0.374257326,15.02280426,-1123.239558,-1237.489323,WhiteTroatedCaracara,20
995,NA,NA,NA,0,NA,NA,NA,0,0,0,NA,NA,0,NA,NA,NA,25,NA,NA,NA,57,12,94,NA,NA,55,NA,NA,NA,16,NA,NA,NA,14,11,18,NA,NA,22,NA,NA,NA,3,NA,NA,NA,7,3,2,NA,NA,1,2.078117371,NA,NA,NA,42,NA,NA,NA,8,22,47,NA,NA,271,NA,NA,NA,4,NA,NA,NA,8,9,10,NA,NA,13,10.68421841,357.4575195,0,14.94320869,5.509459972,34.70061874,0.53292942,2.578417301,94.19944763,0.051764093,11.24773979,-1103.239558,-1237.489323,WhiteTroatedCaracara,20
996,NA,NA,NA,NA,NA,NA,NA,NA,NA,0,NA,NA,NA,NA,NA,NA,NA,NA,NA,NA,NA,NA,20,NA,NA,NA,NA,NA,NA,NA,NA,NA,NA,NA,NA,10,NA,NA,NA,NA,NA,NA,NA,NA,NA,NA,NA,NA,1,NA,NA,NA,2.078117371,NA,NA,NA,NA,NA,NA,NA,NA,NA,18,NA,NA,NA,NA,NA,NA,NA,NA,NA,NA,NA,NA,10,NA,NA,NA,10.68421841,357.4575195,0,14.94320869,5.509459972,34.70061874,0.53292942,2.578417301,94.19944763,0.051764093,11.24773979,-1083.239558,-1237.489323,WhiteTroatedCaracara,20
998,NA,0,NA,NA,NA,NA,NA,NA,NA,NA,0,0,0,NA,300,NA,NA,NA,NA,NA,NA,NA,NA,180,96,16,NA,7,NA,NA,NA,NA,NA,NA,NA,NA,17,13,14,NA,3,NA,NA,NA,NA,NA,NA,NA,NA,1,1,1,28.66341972,NA,27,NA,NA,NA,NA,NA,NA,NA,NA,310,294,353,NA,2,NA,NA,NA,NA,NA,NA,NA,NA,11,12,13,8.575701714,323.2329102,0,1.441363931,0.319485307,52.17987061,1.324710369,14.46237469,527.0913086,1.56865561,164.5896606,-1043.239558,-1237.489323,WhiteTroatedCaracara,20
999,NA,0,NA,NA,NA,NA,NA,0,0,0,0,0,0,NA,80,NA,NA,NA,NA,NA,30,120,90,17,10,10,NA,9,NA,NA,NA,NA,NA,13,22,13,7,21,15,NA,7,NA,NA,NA,NA,NA,1,1,2,1,1,1,51.58648682,NA,42,NA,NA,NA,NA,NA,289,331,252,304,348,315,NA,2,NA,NA,NA,NA,NA,8,9,10,11,12,13,8.021147728,276.1425781,2.765481472,2.256796837,1.038433194,40.9273262,7.476143837,13.12917423,653.3355713,2.057279348,187.6618195,-1023.239558,-1237.489323,WhiteTroatedCaracara,20
1001,0,NA,NA,NA,NA,NA,NA,NA,NA,NA,0,NA,NA,60,NA,NA,NA,NA,NA,NA,NA,NA,NA,94,NA,NA,14,NA,NA,NA,NA,NA,NA,NA,NA,NA,12,NA,NA,1,NA,NA,NA,NA,NA,NA,NA,NA,NA,1,NA,NA,24.73426247,269,NA,NA,NA,NA,NA,NA,NA,NA,NA,47,NA,NA,1,NA,NA,NA,NA,NA,NA,NA,NA,NA,11,NA,NA,5.569141865,164.2924805,4.147844315,3.470205307,4.043288708,33.20711136,11.62383366,12.73117352,1185.248535,-3.469911814,205.6413422,-983.2395576,-1237.489323,WhiteTroatedCaracara,20
1002,NA,NA,0,NA,NA,NA,0,0,NA,NA,0,0,0,NA,NA,180,NA,NA,NA,120,300,NA,NA,42,18,50,NA,NA,8,NA,NA,NA,9,15,NA,NA,19,13,7,NA,NA,1,NA,NA,NA,2,1,NA,NA,1,1,2,7.701246738,NA,NA,42,NA,NA,NA,246,48,NA,NA,44,317,327,NA,NA,3,NA,NA,NA,7,8,NA,NA,11,12,13,6.172126293,126.0591965,4.30043745,4.516689777,6.763825417,30.29675865,11.28683376,13.90442371,1116.207275,-0.944619596,167.4551086,-963.2395576,-1237.489323,WhiteTroatedCaracara,20
1003,NA,NA,NA,0,NA,NA,0,NA,NA,0,0,0,0,NA,NA,NA,150,NA,NA,180,NA,NA,30,15,44,3,NA,NA,NA,12,NA,NA,12,NA,NA,13,12,19,17,NA,NA,NA,2,NA,NA,2,NA,NA,2,1,1,1,6.278419495,NA,NA,NA,46,NA,NA,342,NA,NA,335,51,50,19,NA,NA,NA,4,NA,NA,7,NA,NA,10,11,12,13,7.174424171,96.68128967,5.726409912,5.092166901,14.15617371,27.73926544,16.68375015,13.52066422,960.3394775,0.101772666,56.59584045,-943.2395576,-1237.489323,WhiteTroatedCaracara,20
1007,NA,NA,NA,NA,NA,NA,NA,NA,NA,NA,0,NA,0,NA,NA,NA,NA,NA,NA,NA,NA,NA,NA,75,NA,15,NA,NA,NA,NA,NA,NA,NA,NA,NA,NA,6,NA,17,NA,NA,NA,NA,NA,NA,NA,NA,NA,NA,1,NA,1,3.287809372,NA,NA,NA,NA,NA,NA,NA,NA,NA,NA,340,NA,346,NA,NA,NA,NA,NA,NA,NA,NA,NA,NA,11,NA,13,10.23705959,45.13950348,31.12417412,1.286808014,0.344151586,7.42419529,5.850450516,53.61968231,575.7591553,-1.003781319,25.44411659,-863.2395576,-1237.489323,WhiteTroatedCaracara,20
1008,NA,NA,NA,NA,NA,NA,NA,NA,0,0,0,0,NA,NA,NA,NA,NA,NA,NA,NA,NA,4,4,30,4,NA,NA,NA,NA,NA,NA,NA,NA,NA,9,9,11,18,NA,NA,NA,NA,NA,NA,NA,NA,NA,1,2,1,1,NA,4.752434254,NA,NA,NA,NA,NA,NA,NA,NA,353,7,271,286,NA,NA,NA,NA,NA,NA,NA,NA,NA,9,10,11,12,NA,9.513652802,37.01376343,41.18980408,0.187884912,0.386129469,6.242752075,7.916789532,43.43645096,742.5343018,0.547288418,61.6133461,-843.2395576,-1237.489323,WhiteTroatedCaracara,20
1009,NA,NA,0,0,NA,NA,NA,0,0,0,0,0,0,NA,NA,60,120,NA,NA,NA,120,120,120,60,19,2,NA,NA,9,10,NA,NA,NA,9,10,10,12,10,20,NA,NA,1,3,NA,NA,NA,2,2,2,1,1,1,4.980102539,NA,NA,333,320,NA,NA,NA,316,295,292,270,285,361,NA,NA,3,4,NA,NA,NA,8,9,10,11,12,13,9.855203629,35.15077209,42.99398422,0.723256171,0.169488803,4.867996216,7.861838818,42.66441727,700.2842407,-0.963047445,61.08775711,-823.2395576,-1237.489323,WhiteTroatedCaracara,20
1022,0,0,0,0,0,0,0,0,0,0,0,0,0,175,240,120,105,120,138,13,65,58,24,13,47,8,14,10,11,14,8,9,22,11,16,16,15,12,16,2,2,8,2,2,1,2,1,1,1,1,1,1,22.97398949,326,349,55,337,8,297,366,359,361,258,263,345,282,1,2,3,4,5,6,7,8,9,10,11,12,13,8.883227348,324.5123901,0.636603057,0.544266582,0.771923184,34.51947403,1.358240962,9.499266624,204.3578644,0.77845788,33.14193726,-1163.239558,-1257.489323,WhiteTroatedCaracara,20
1023,0,NA,0,0,0,0,0,0,0,0,0,0,0,90,NA,120,30,30,75,120,225,60,24,1,10,4,16,NA,9,14,6,11,10,9,16,10,20,20,15,1,NA,8,2,1,1,3,1,1,1,1,1,1,6.721822262,51,NA,55,334,14,280,284,315,299,327,35,288,269,1,NA,3,4,5,6,7,8,9,10,11,12,13,9.352425575,331.4336548,0.115967564,14.84855556,2.469187498,31.0757103,1.41066277,4.153771877,216.3246765,-1.099613786,45.17208481,-1143.239558,-1257.489323,WhiteTroatedCaracara,20
1024,0,NA,NA,NA,0,0,NA,0,0,0,0,0,0,20,NA,NA,NA,60,300,NA,90,3,105,13,6,45,4,NA,NA,NA,11,9,NA,14,12,11,20,15,19,2,NA,NA,NA,3,2,NA,2,1,4,1,1,1,0.925700009,48,NA,NA,NA,44,50,NA,34,342,22,277,290,267,1,NA,NA,NA,5,6,NA,8,9,10,11,12,13,10.25009823,342.6725769,0,27.41428947,2.717448235,24.08988953,5.235085487,0.453402281,121.7152481,-0.121481933,5.795018196,-1123.239558,-1257.489323,WhiteTroatedCaracara,20
1025,NA,NA,NA,0,0,0,0,0,0,0,0,0,0,NA,NA,NA,60,105,30,15,60,120,10,30,89,63,NA,NA,NA,13,16,11,15,15,11,17,13,14,11,NA,NA,NA,2,1,1,1,1,1,2,2,1,1,0.925700009,NA,NA,NA,336,306,281,12,9,268,292,292,247,357,NA,NA,NA,4,5,6,7,8,9,10,11,12,13,10.25009823,342.6725769,0,27.41428947,2.717448235,24.08988953,5.235085487,0.453402281,121.7152481,-0.121481933,5.795018196,-1103.239558,-1257.489323,WhiteTroatedCaracara,20
1026,NA,NA,NA,NA,NA,NA,NA,NA,NA,NA,NA,NA,0,NA,NA,NA,NA,NA,NA,NA,NA,NA,NA,NA,NA,16,NA,NA,NA,NA,NA,NA,NA,NA,NA,NA,NA,NA,12,NA,NA,NA,NA,NA,NA,NA,NA,NA,NA,NA,NA,1,0.925700009,NA,NA,NA,NA,NA,NA,NA,NA,NA,NA,NA,NA,306,NA,NA,NA,NA,NA,NA,NA,NA,NA,NA,NA,NA,13,10.25009823,342.6725769,0,27.41428947,2.717448235,24.08988953,5.235085487,0.453402281,121.7152481,-0.121481933,5.795018196,-1083.239558,-1257.489323,WhiteTroatedCaracara,20
1027,NA,NA,NA,NA,0,NA,NA,0,0,0,0,0,0,NA,NA,NA,NA,90,NA,NA,300,120,13,71,32,21,NA,NA,NA,NA,8,NA,NA,10,12,17,10,15,11,NA,NA,NA,NA,1,NA,NA,2,1,1,1,1,2,28.66341972,NA,NA,NA,NA,279,NA,NA,336,327,27,12,359,294,NA,NA,NA,NA,5,NA,NA,8,9,10,11,12,13,8.575701714,323.2329102,0,1.441363931,0.319485307,52.17987061,1.324710369,14.46237469,527.0913086,1.56865561,164.5896606,-1063.239558,-1257.489323,WhiteTroatedCaracara,20
1028,NA,NA,NA,NA,NA,0,NA,0,NA,0,0,0,0,NA,NA,NA,NA,NA,120,NA,210,NA,194,5,55,10,NA,NA,NA,NA,NA,18,NA,11,NA,8,13,16,17,NA,NA,NA,NA,NA,3,NA,3,NA,1,2,1,1,28.66341972,NA,NA,NA,NA,NA,344,NA,354,NA,284,327,59,318,NA,NA,NA,NA,NA,6,NA,8,NA,10,11,12,13,8.575701714,323.2329102,0,1.441363931,0.319485307,52.17987061,1.324710369,14.46237469,527.0913086,1.56865561,164.5896606,-1043.239558,-1257.489323,WhiteTroatedCaracara,20
1029,NA,0,NA,NA,NA,NA,NA,NA,NA,NA,NA,NA,NA,NA,60,NA,NA,NA,NA,NA,NA,NA,NA,NA,NA,NA,NA,14,NA,NA,NA,NA,NA,NA,NA,NA,NA,NA,NA,NA,2,NA,NA,NA,NA,NA,NA,NA,NA,NA,NA,NA,34.17739105,NA,32,NA,NA,NA,NA,NA,NA,NA,NA,NA,NA,NA,NA,2,NA,NA,NA,NA,NA,NA,NA,NA,NA,NA,NA,8.045061111,287.2860718,1.238232374,2.906818151,0.469881892,47.70677185,3.433962345,10.92693901,637.6345215,-3.436730146,157.8542633,-1023.239558,-1257.489323,WhiteTroatedCaracara,20
1032,NA,0,0,0,0,0,0,0,0,0,0,0,0,NA,180,120,180,120,30,135,120,60,180,180,10,170,NA,16,9,14,10,10,10,10,15,9,8,17,12,NA,2,1,2,1,3,2,1,1,1,2,2,1,4.250454426,NA,41,267,7,32,296,342,341,349,307,365,283,289,NA,2,3,4,5,6,7,8,9,10,11,12,13,6.670635223,140.3951263,2.315237045,4.317493916,5.737471581,36.04552841,6.743649006,8.268877983,991.9863892,1.546751142,141.374115,-963.2395576,-1257.489323,WhiteTroatedCaracara,20
1033,NA,NA,NA,NA,NA,NA,NA,NA,NA,0,NA,NA,NA,NA,NA,NA,NA,NA,NA,NA,NA,NA,30,NA,NA,NA,NA,NA,NA,NA,NA,NA,NA,NA,NA,12,NA,NA,NA,NA,NA,NA,NA,NA,NA,NA,NA,NA,2,NA,NA,NA,11.78007221,NA,NA,NA,NA,NA,NA,NA,NA,NA,292,NA,NA,NA,NA,NA,NA,NA,NA,NA,NA,NA,NA,10,NA,NA,NA,5.761355877,94.10608673,9.370818138,3.422672033,10.37861347,27.50714111,17.11079979,16.42250061,1225.668091,0.888075292,80.04934692,-943.2395576,-1257.489323,WhiteTroatedCaracara,20
1034,NA,NA,NA,0,NA,0,NA,NA,NA,0,0,0,0,NA,NA,NA,90,NA,180,NA,NA,NA,60,150,3,135,NA,NA,NA,10,NA,13,NA,NA,NA,14,13,9,10,NA,NA,NA,2,NA,2,NA,NA,NA,2,1,1,2,12.36237526,NA,NA,NA,7,NA,328,NA,NA,NA,292,354,347,295,NA,NA,NA,4,NA,6,NA,NA,NA,10,11,12,13,5.333255291,68.9942627,19.84401131,4.165678978,1.540742397,17.00760651,21.04790497,35.57594299,1378.7771,2.754038334,93.78726196,-923.2395576,-1257.489323,WhiteTroatedCaracara,20
1035,NA,NA,NA,NA,NA,NA,NA,NA,0,0,NA,0,NA,NA,NA,NA,NA,NA,NA,NA,NA,2,3,NA,40,NA,NA,NA,NA,NA,NA,NA,NA,NA,10,10,NA,17,NA,NA,NA,NA,NA,NA,NA,NA,NA,1,2,NA,1,NA,2.881309032,NA,NA,NA,NA,NA,NA,NA,NA,353,340,NA,338,NA,NA,NA,NA,NA,NA,NA,NA,NA,9,10,NA,12,NA,8.35679245,56.20568848,23.53820419,0.648127258,0.055862539,13.20514393,8.167737961,52.78369141,860.1118164,-0.461400509,28.93796158,-903.2395576,-1257.489323,WhiteTroatedCaracara,20
1036,NA,NA,NA,NA,NA,NA,NA,NA,NA,NA,NA,NA,0,NA,NA,NA,NA,NA,NA,NA,NA,NA,NA,NA,NA,68,NA,NA,NA,NA,NA,NA,NA,NA,NA,NA,NA,NA,10,NA,NA,NA,NA,NA,NA,NA,NA,NA,NA,NA,NA,2,2.879717588,NA,NA,NA,NA,NA,NA,NA,NA,NA,NA,NA,NA,319,NA,NA,NA,NA,NA,NA,NA,NA,NA,NA,NA,NA,13,8.935152054,47.1546402,26.04535103,0.797856748,0.142585412,10.27830315,11.47671127,50.1132164,785.8079224,0.140923038,35.4003334,-883.2395576,-1257.489323,WhiteTroatedCaracara,20
1037,NA,NA,NA,NA,NA,NA,0,NA,NA,NA,NA,NA,0,NA,NA,NA,NA,NA,NA,240,NA,NA,NA,NA,NA,45,NA,NA,NA,NA,NA,NA,15,NA,NA,NA,NA,NA,14,NA,NA,NA,NA,NA,NA,2,NA,NA,NA,NA,NA,2,4.136750221,NA,NA,NA,NA,NA,NA,338,NA,NA,NA,NA,NA,319,NA,NA,NA,NA,NA,NA,7,NA,NA,NA,NA,NA,13,9.53976059,42.3885231,26.06718254,2.904827118,0.414220095,8.807198524,9.004576683,47.82141876,693.4017334,-0.119136781,36.49150467,-863.2395576,-1257.489323,WhiteTroatedCaracara,20
1052,NA,NA,NA,0,NA,0,0,0,0,0,0,NA,0,NA,NA,NA,240,NA,90,240,76,180,195,20,NA,109,NA,NA,NA,11,NA,19,10,17,6,14,16,NA,11,NA,NA,NA,3,NA,2,10,1,1,1,1,NA,1,34.11224365,NA,NA,NA,10,NA,328,337,32,311,259,257,NA,345,NA,NA,NA,4,NA,6,7,8,9,10,11,NA,13,8.886000633,336.5323792,0.141488731,0.035120279,0.115796663,42.53481674,0.127570838,4.409209251,81.4803772,-0.12444213,17.50293541,-1163.239558,-1277.489323,WhiteTroatedCaracara,20
1053,NA,0,NA,NA,0,0,0,0,0,0,0,0,0,NA,40,NA,NA,41,90,248,180,10,8,78,53,8,NA,13,NA,NA,7,6,9,10,12,13,17,16,10,NA,3,NA,NA,10,10,1,2,1,1,1,1,2,9.958921432,NA,8,NA,NA,287,319,317,303,294,286,328,288,287,NA,2,NA,NA,5,6,7,8,9,10,11,12,13,9.567791939,344.0682678,0,2.172992706,1.375468135,39.9924202,0.149144992,1.89464879,125.6114731,-0.216310054,28.13348007,-1143.239558,-1277.489323,WhiteTroatedCaracara,20
1054,NA,NA,NA,NA,0,0,0,0,0,0,0,0,0,NA,NA,NA,NA,75,15,9,30,35,15,25,8,6,NA,NA,NA,NA,9,16,17,16,14,15,19,18,15,NA,NA,NA,NA,1,2,5,7,1,1,1,1,1,3.033173084,NA,NA,NA,NA,306,14,18,11,294,328,305,304,262,NA,NA,NA,NA,5,6,7,8,9,10,11,12,13,10.1139679,361.1236572,0.032451306,4.341190338,2.731517553,40.1681366,0.067008309,1.794499516,114.9220505,0.221906513,29.46231079,-1123.239558,-1277.489323,WhiteTroatedCaracara,20
1055,0,NA,0,NA,NA,0,NA,0,0,0,0,0,0,10,NA,180,NA,NA,4,NA,9,24,20,22,86,4,14,NA,15,NA,NA,14,NA,19,15,11,15,19,16,2,NA,1,NA,NA,2,NA,1,1,1,1,1,1,3.409335613,48,NA,263,NA,NA,57,NA,359,315,313,262,5,269,1,NA,3,NA,NA,6,NA,8,9,10,11,12,13,10.48738861,390.7218628,0.114773661,5.762246609,1.613663435,41.13587189,0.325016379,2.22796154,71.75912476,-0.094098307,3.445065022,-1103.239558,-1277.489323,WhiteTroatedCaracara,20
1056,NA,NA,NA,NA,NA,NA,NA,0,0,0,NA,0,0,NA,NA,NA,NA,NA,NA,NA,15,180,60,NA,20,12,NA,NA,NA,NA,NA,NA,NA,9,11,10,NA,17,16,NA,NA,NA,NA,NA,NA,NA,1,1,1,NA,1,1,10.07178307,NA,NA,NA,NA,NA,NA,NA,337,251,47,NA,342,248,NA,NA,NA,NA,NA,NA,NA,8,9,10,NA,12,13,9.308703423,343.0794373,0.04478085,1.166647553,0.413744211,44.94174957,1.744715095,10.13764477,345.8704529,-0.813886642,107.8920059,-1063.239558,-1277.489323,WhiteTroatedCaracara,20
1057,NA,NA,0,0,0,0,0,0,0,0,0,0,0,NA,NA,240,150,60,240,10,15,60,28,120,36,37,NA,NA,10,17,11,9,18,8,12,13,15,11,14,NA,NA,2,2,2,4,1,2,1,1,1,1,2,10.07178307,NA,NA,362,35,35,43,32,335,257,354,271,338,294,NA,NA,3,4,5,6,7,8,9,10,11,12,13,9.308703423,343.0794373,0.04478085,1.166647553,0.413744211,44.94174957,1.744715095,10.13764477,345.8704529,-0.813886642,107.8920059,-1043.239558,-1277.489323,WhiteTroatedCaracara,20
1058,NA,NA,NA,NA,NA,NA,NA,NA,0,0,0,NA,0,NA,NA,NA,NA,NA,NA,NA,NA,5,14,149,NA,120,NA,NA,NA,NA,NA,NA,NA,NA,16,15,12,NA,7,NA,NA,NA,NA,NA,NA,NA,NA,2,1,4,NA,2,18.71291161,NA,NA,NA,NA,NA,NA,NA,NA,43,3,53,NA,307,NA,NA,NA,NA,NA,NA,NA,NA,9,10,11,NA,13,6.038640499,268.8773499,4.462170124,2.360541344,0.878090918,36.01963425,8.466236115,11.47879982,1004.707642,0.864184558,152.8062439,-1023.239558,-1277.489323,WhiteTroatedCaracara,20
1061,NA,NA,0,0,NA,0,0,0,0,0,0,0,0,NA,NA,60,60,NA,80,20,180,15,180,120,4,60,NA,NA,16,9,NA,20,19,11,16,9,12,23,16,NA,NA,1,1,NA,2,2,1,3,4,1,1,3,4.973658085,NA,NA,34,283,NA,30,341,259,25,351,313,286,309,NA,NA,3,4,NA,6,7,8,9,10,11,12,13,5.959684849,143.3266602,5.622563839,4.859852791,5.385296345,34.43468857,8.167412758,12.13598442,1116.800293,1.435681462,164.3003845,-963.2395576,-1277.489323,WhiteTroatedCaracara,20
1062,NA,0,0,0,0,0,0,0,0,0,0,0,0,NA,240,30,60,60,90,60,30,240,100,80,70,56,NA,8,11,8,19,8,8,9,9,10,15,16,10,NA,10,3,9,10,1,2,1,2,3,1,2,2,3.151247025,NA,261,18,272,50,312,268,259,306,334,342,282,268,NA,2,3,4,5,6,7,8,9,10,11,12,13,7.85747242,114.6911087,4.986026287,7.179545403,9.991246223,27.76106834,15.24138927,17.62398148,822.4669189,-2.230404139,64.22135925,-943.2395576,-1277.489323,WhiteTroatedCaracara,20
1063,0,0,0,0,0,0,0,0,0,0,0,0,1,180,30,180,60,120,90,140,30,120,150,90,40,140,9,18,15,12,8,8,8,10,9,6,8,11,9,1,10,1,2,6,1,3,1,1,2,2,1,1,3.289119959,268,296,32,365,326,307,54,355,326,338,41,311,39,1,2,3,4,5,6,7,8,9,10,11,12,13,7.553035259,78.5304718,16.17763329,5.677259922,2.388597488,17.24798203,13.30542564,39.61659241,945.0509033,-0.606073797,87.51623535,-923.2395576,-1277.489323,WhiteTroatedCaracara,20
1064,NA,NA,NA,NA,NA,0,0,NA,NA,NA,NA,0,0,NA,NA,NA,NA,NA,60,240,NA,NA,NA,NA,300,5,NA,NA,NA,NA,NA,10,9,NA,NA,NA,NA,15,22,NA,NA,NA,NA,NA,2,7,NA,NA,NA,NA,4,1,3.339510679,NA,NA,NA,NA,NA,45,276,NA,NA,NA,NA,336,4,NA,NA,NA,NA,NA,6,7,NA,NA,NA,NA,12,13,7.931839466,56.40754318,26.69883728,0.456589013,0.566763222,15.57064247,7.256316662,48.68702698,925.9667358,0.492904782,39.49858475,-903.2395576,-1277.489323,WhiteTroatedCaracara,20
1082,NA,NA,NA,NA,NA,NA,NA,NA,NA,0,NA,NA,0,NA,NA,NA,NA,NA,NA,NA,NA,NA,240,NA,NA,5,NA,NA,NA,NA,NA,NA,NA,NA,NA,11,NA,NA,12,NA,NA,NA,NA,NA,NA,NA,NA,NA,1,NA,NA,2,19.10422516,NA,NA,NA,NA,NA,NA,NA,NA,NA,315,NA,NA,287,NA,NA,NA,NA,NA,NA,NA,NA,NA,10,NA,NA,13,8.777004242,353.5912476,0.505440772,0.067633338,0.572495699,36.10626602,0.01736171,10.96257591,224.7267456,0.674372017,28.56128693,-1143.239558,-1297.489323,WhiteTroatedCaracara,20
1083,NA,NA,NA,NA,0,0,0,0,0,NA,0,0,0,NA,NA,NA,NA,5,30,61,8,60,NA,35,14,90,NA,NA,NA,NA,14,12,11,15,10,NA,18,11,19,NA,NA,NA,NA,2,2,5,1,2,NA,1,1,1,5.360032082,NA,NA,NA,NA,13,14,18,297,333,NA,311,289,282,NA,NA,NA,NA,5,6,7,8,9,NA,11,12,13,9.853204727,377.0759277,0.008269332,2.867106676,1.774137259,44.93609238,0.225052416,3.163280487,138.7772064,0.427082121,29.63976097,-1123.239558,-1297.489323,WhiteTroatedCaracara,20
1084,NA,NA,NA,0,NA,0,NA,0,0,0,0,0,0,NA,NA,NA,40,NA,7,NA,56,17,42,16,44,120,NA,NA,NA,10,NA,14,NA,13,18,16,18,16,21,NA,NA,NA,2,NA,2,NA,1,1,1,1,1,1,3.409335613,NA,NA,NA,49,NA,57,NA,294,315,52,326,290,361,NA,NA,NA,4,NA,6,NA,8,9,10,11,12,13,10.48738861,390.7218628,0.114773661,5.762246609,1.613663435,41.13587189,0.325016379,2.22796154,71.75912476,-0.094098307,3.445065022,-1103.239558,-1297.489323,WhiteTroatedCaracara,20
1087,NA,NA,NA,NA,NA,NA,NA,0,NA,NA,0,NA,0,NA,NA,NA,NA,NA,NA,NA,120,NA,NA,90,NA,16,NA,NA,NA,NA,NA,NA,NA,11,NA,NA,16,NA,16,NA,NA,NA,NA,NA,NA,NA,1,NA,NA,2,NA,2,9.173183441,NA,NA,NA,NA,NA,NA,NA,51,NA,NA,262,NA,253,NA,NA,NA,NA,NA,NA,NA,8,NA,NA,11,NA,13,9.336915016,357.0003357,0.018649073,2.19136548,0.315585732,44.1211586,2.509873152,11.39700699,319.6334534,-0.597703576,120.5167084,-1043.239558,-1297.489323,WhiteTroatedCaracara,20
1088,NA,NA,NA,NA,NA,0,0,0,0,0,0,0,0,NA,NA,NA,NA,NA,20,25,60,5,90,35,5,40,NA,NA,NA,NA,NA,10,14,16,15,18,15,13,12,NA,NA,NA,NA,NA,3,1,2,2,2,2,1,2,5.667418003,NA,NA,NA,NA,NA,346,47,346,41,306,2,273,295,NA,NA,NA,NA,NA,6,7,8,9,10,11,12,13,8.69274044,316.6349792,0.693941653,2.669162512,0.614335954,48.76506424,3.888749123,11.81304073,490.9312439,1.177328229,171.2744293,-1023.239558,-1297.489323,WhiteTroatedCaracara,20
1090,NA,NA,NA,NA,NA,NA,NA,NA,NA,0,NA,NA,0,NA,NA,NA,NA,NA,NA,NA,NA,NA,3,NA,NA,12,NA,NA,NA,NA,NA,NA,NA,NA,NA,11,NA,NA,15,NA,NA,NA,NA,NA,NA,NA,NA,NA,2,NA,NA,1,10.03055763,NA,NA,NA,NA,NA,NA,NA,NA,NA,314,NA,NA,347,NA,NA,NA,NA,NA,NA,NA,NA,NA,10,NA,NA,13,6.317302227,201.5106659,3.048331261,6.573791981,3.821005821,35.7829361,10.52337265,14.16407204,996.6624146,-1.724710703,198.0905609,-983.2395576,-1297.489323,WhiteTroatedCaracara,20
1091,NA,NA,NA,NA,NA,NA,0,NA,0,NA,NA,0,0,NA,NA,NA,NA,NA,NA,180,NA,45,NA,NA,120,10,NA,NA,NA,NA,NA,NA,9,NA,13,NA,NA,11,19,NA,NA,NA,NA,NA,NA,2,NA,1,NA,NA,2,1,3.968637466,NA,NA,NA,NA,NA,NA,343,NA,49,NA,NA,365,337,NA,NA,NA,NA,NA,NA,7,NA,9,NA,NA,12,13,6.802559376,163.803894,5.394312859,4.578243732,4.285908699,30.77432442,10.40192509,12.00423241,953.4890747,-1.505529404,156.9775848,-963.2395576,-1297.489323,WhiteTroatedCaracara,20
1092,0,0,NA,0,0,NA,0,0,0,0,0,0,0,300,240,NA,60,20,NA,225,60,30,80,25,1,57,8,8,NA,9,15,NA,12,10,16,7,11,20,9,2,2,NA,1,2,NA,1,2,3,2,1,1,1,2.403561831,328,275,NA,280,8,NA,329,304,348,337,284,281,288,1,2,NA,4,5,NA,7,8,9,10,11,12,13,9.01779747,142.7344055,1.816776276,20.45420647,10.61578846,23.74601936,14.01674461,13.22789955,584.1005859,-1.087752104,48.61349487,-943.2395576,-1297.489323,WhiteTroatedCaracara,20
1093,NA,NA,NA,NA,NA,NA,0,NA,0,0,0,0,0,NA,NA,NA,NA,NA,NA,36,NA,75,90,140,15,45,NA,NA,NA,NA,NA,NA,10,NA,15,10,9,13,10,NA,NA,NA,NA,NA,NA,1,NA,1,2,2,1,1,7.48638916,NA,NA,NA,NA,NA,NA,337,NA,313,292,308,311,302,NA,NA,NA,NA,NA,NA,7,NA,9,10,11,12,13,7.955325603,88.27649689,9.333950043,9.640147209,7.224889278,19.60397148,18.00756645,31.06289673,846.5255737,1.308699369,86.82214355,-923.2395576,-1297.489323,WhiteTroatedCaracara,20
1095,0,NA,0,NA,0,0,NA,0,NA,NA,0,0,0,240,NA,180,NA,240,180,NA,240,NA,NA,90,2,16,9,NA,10,NA,8,8,NA,9,NA,NA,11,14,20,1,NA,1,NA,3,2,NA,3,NA,NA,3,1,1,4.730882645,297,NA,247,NA,273,255,NA,56,NA,NA,291,304,53,1,NA,3,NA,5,6,NA,8,NA,NA,11,12,13,8.341738701,46.47288132,34.22882843,0.667062402,0.183553413,11.26849937,7.541744709,45.92405701,857.7136841,-0.355357617,49.0162735,-883.2395576,-1297.489323,WhiteTroatedCaracara,20
1096,NA,NA,NA,NA,NA,0,0,NA,NA,NA,NA,NA,0,NA,NA,NA,NA,NA,60,240,NA,NA,NA,NA,NA,110,NA,NA,NA,NA,NA,9,10,NA,NA,NA,NA,NA,11,NA,NA,NA,NA,NA,8,1,NA,NA,NA,NA,NA,7,3.554431677,NA,NA,NA,NA,NA,52,353,NA,NA,NA,NA,NA,296,NA,NA,NA,NA,NA,6,7,NA,NA,NA,NA,NA,13,9.241420746,39.08138657,38.7840538,0.232058793,0.022737904,5.316637993,7.879566193,44.05043793,714.9209595,-0.287467718,25.12714577,-863.2395576,-1297.489323,WhiteTroatedCaracara,20
1111,NA,NA,NA,NA,NA,NA,NA,NA,0,NA,NA,NA,NA,NA,NA,NA,NA,NA,NA,NA,NA,120,NA,NA,NA,NA,NA,NA,NA,NA,NA,NA,NA,NA,10,NA,NA,NA,NA,NA,NA,NA,NA,NA,NA,NA,NA,1,NA,NA,NA,NA,43.85494614,NA,NA,NA,NA,NA,NA,NA,NA,2,NA,NA,NA,NA,NA,NA,NA,NA,NA,NA,NA,NA,9,NA,NA,NA,NA,8.362418175,342.1246338,0.064711347,0.269702226,0.380291432,39.43502426,0.019813605,5.910396099,99.53179169,-0.21162197,17.95780563,-1163.239558,-1317.489323,WhiteTroatedCaracara,20
1112,NA,NA,NA,NA,NA,NA,NA,NA,NA,0,NA,0,0,NA,NA,NA,NA,NA,NA,NA,NA,NA,120,NA,120,120,NA,NA,NA,NA,NA,NA,NA,NA,NA,18,NA,10,18,NA,NA,NA,NA,NA,NA,NA,NA,NA,1,NA,1,2,25.39957047,NA,NA,NA,NA,NA,NA,NA,NA,NA,363,NA,44,359,NA,NA,NA,NA,NA,NA,NA,NA,NA,10,NA,12,13,8.515871048,368.7927856,0.475316554,0.026121877,0.701899409,27.05608368,0.13667804,9.211083412,224.2816162,0.400104046,21.5353241,-1143.239558,-1317.489323,WhiteTroatedCaracara,20
1113,NA,NA,NA,0,0,0,0,0,0,0,0,0,0,NA,NA,NA,120,55,45,60,45,60,8,60,60,10,NA,NA,NA,11,14,9,17,14,14,8,7,17,17,NA,NA,NA,1,2,2,4,1,1,1,1,1,1,23.10531425,NA,NA,NA,258,13,14,3,343,276,294,354,271,270,NA,NA,NA,4,5,6,7,8,9,10,11,12,13,9.199325562,413.2080078,0,0.446340948,0.602692783,44.60499954,0.058903687,4.368834019,147.6140747,-0.179119319,29.97742653,-1123.239558,-1317.489323,WhiteTroatedCaracara,20
1114,NA,NA,NA,NA,NA,NA,NA,0,0,0,0,0,0,NA,NA,NA,NA,NA,NA,NA,3,30,30,20,42,19,NA,NA,NA,NA,NA,NA,NA,17,18,11,12,13,9,NA,NA,NA,NA,NA,NA,NA,1,1,1,1,1,1,3.409335613,NA,NA,NA,NA,NA,NA,NA,37,267,277,326,342,310,NA,NA,NA,NA,NA,NA,NA,8,9,10,11,12,13,10.48738861,390.7218628,0.114773661,5.762246609,1.613663435,41.13587189,0.325016379,2.22796154,71.75912476,-0.094098307,3.445065022,-1103.239558,-1317.489323,WhiteTroatedCaracara,20
1117,NA,NA,NA,NA,NA,NA,NA,NA,NA,0,0,0,0,NA,NA,NA,NA,NA,NA,NA,NA,NA,2,70,89,83,NA,NA,NA,NA,NA,NA,NA,NA,NA,19,17,15,15,NA,NA,NA,NA,NA,NA,NA,NA,NA,1,4,1,1,10.69043732,NA,NA,NA,NA,NA,NA,NA,NA,NA,284,51,277,59,NA,NA,NA,NA,NA,NA,NA,NA,NA,10,11,12,13,7.380525112,307.4481506,3.263502598,2.64504385,1.831813216,37.66593552,7.755333424,10.43639755,710.1682129,-1.728147864,183.3293762,-1023.239558,-1317.489323,WhiteTroatedCaracara,20
1119,NA,NA,NA,NA,NA,NA,0,0,0,NA,NA,NA,0,NA,NA,NA,NA,NA,NA,1,60,60,NA,NA,NA,23,NA,NA,NA,NA,NA,NA,14,10,9,NA,NA,NA,14,NA,NA,NA,NA,NA,NA,6,1,2,NA,NA,NA,1,9.497226715,NA,NA,NA,NA,NA,NA,332,283,46,NA,NA,NA,348,NA,NA,NA,NA,NA,NA,7,8,9,NA,NA,NA,13,6.657291889,216.6212311,3.796245098,7.700595856,4.476587772,33.21576309,10.2327776,8.698848724,918.1010132,0.096550018,197.2987061,-983.2395576,-1317.489323,WhiteTroatedCaracara,20
1120,NA,NA,NA,0,NA,NA,0,0,0,0,0,0,0,NA,NA,NA,30,NA,NA,60,50,120,60,4,157,35,NA,NA,NA,11,NA,NA,9,12,7,17,19,12,8,NA,NA,NA,2,NA,NA,1,1,3,1,1,3,1,9.355763435,NA,NA,NA,35,NA,NA,332,365,50,336,334,331,256,NA,NA,NA,4,NA,NA,7,8,9,10,11,12,13,5.49143219,154.0765991,6.680349827,6.413495541,6.692739964,31.74860954,12.10773182,15.24022198,1188.344604,5.793791294,183.973175,-963.2395576,-1317.489323,WhiteTroatedCaracara,20
1121,NA,NA,NA,NA,0,NA,NA,NA,NA,NA,NA,NA,0,NA,NA,NA,NA,240,NA,NA,NA,NA,NA,NA,NA,50,NA,NA,NA,NA,11,NA,NA,NA,NA,NA,NA,NA,16,NA,NA,NA,NA,1,NA,NA,NA,NA,NA,NA,NA,1,4.346907616,NA,NA,NA,NA,26,NA,NA,NA,NA,NA,NA,NA,40,NA,NA,NA,NA,5,NA,NA,NA,NA,NA,NA,NA,13,7.677514553,127.3705292,3.788478374,4.286826134,14.27666378,31.73760796,15.37656784,6.512404919,807.961792,-0.499765545,48.25753403,-943.2395576,-1317.489323,WhiteTroatedCaracara,20
1122,NA,NA,NA,NA,NA,NA,NA,NA,NA,NA,NA,0,0,NA,NA,NA,NA,NA,NA,NA,NA,NA,NA,NA,6,12,NA,NA,NA,NA,NA,NA,NA,NA,NA,NA,NA,15,17,NA,NA,NA,NA,NA,NA,NA,NA,NA,NA,NA,1,1,10.41808224,NA,NA,NA,NA,NA,NA,NA,NA,NA,NA,NA,339,331,NA,NA,NA,NA,NA,NA,NA,NA,NA,NA,NA,12,13,6.01865387,79.87231445,4.086746693,2.793001175,10.31227589,28.90363693,16.47169876,16.5146904,1168.818604,1.146129489,87.11634827,-923.2395576,-1317.489323,WhiteTroatedCaracara,20
1124,NA,NA,NA,NA,NA,NA,NA,NA,NA,0,0,0,0,NA,NA,NA,NA,NA,NA,NA,NA,NA,8,2,20,30,NA,NA,NA,NA,NA,NA,NA,NA,NA,12,17,13,9,NA,NA,NA,NA,NA,NA,NA,NA,NA,1,2,2,1,3.58462882,NA,NA,NA,NA,NA,NA,NA,NA,NA,2,46,254,302,NA,NA,NA,NA,NA,NA,NA,NA,NA,10,11,12,13,7.791425705,44.83912277,35.86594009,0.923574567,0.454565197,12.79292965,6.058196068,43.43967819,951.6351929,-0.019591138,46.45210648,-883.2395576,-1317.489323,WhiteTroatedCaracara,20
1131,NA,NA,NA,0,NA,NA,NA,NA,NA,0,NA,NA,NA,NA,NA,NA,120,NA,NA,NA,NA,NA,45,NA,NA,NA,NA,NA,NA,7,NA,NA,NA,NA,NA,7,NA,NA,NA,NA,NA,NA,1,NA,NA,NA,NA,NA,1,NA,NA,NA,5.724753857,NA,NA,NA,13,NA,NA,NA,NA,NA,20,NA,NA,NA,NA,NA,NA,4,NA,NA,NA,NA,NA,10,NA,NA,NA,10.8388586,28.19659042,37.63211823,0.224579006,0.132822007,5.409618855,1.182174206,55.20528412,603.7081909,-0.104519144,40.71237946,-743.2395576,-1317.489323,WhiteTroatedCaracara,20
1139,NA,0,0,NA,NA,NA,0,NA,NA,NA,NA,0,0,NA,120,150,NA,NA,NA,240,NA,NA,NA,NA,180,11,NA,17,8,NA,NA,NA,11,NA,NA,NA,NA,18,15,NA,4,2,NA,NA,NA,3,NA,NA,NA,NA,2,1,48.62487793,NA,46,263,NA,NA,NA,246,NA,NA,NA,NA,16,322,NA,2,3,NA,NA,NA,7,NA,NA,NA,NA,12,13,8.115127563,351.5436707,0.032646466,0.209795862,0.4414289,47.5527916,0.022374211,4.954832554,99.15062714,0.226252183,18.28505325,-1163.239558,-1337.489323,WhiteTroatedCaracara,20
1146,NA,NA,NA,0,NA,NA,NA,NA,0,0,NA,0,0,NA,NA,NA,60,NA,NA,NA,NA,224,98,NA,32,4,NA,NA,NA,12,NA,NA,NA,NA,7,18,NA,16,19,NA,NA,NA,2,NA,NA,NA,NA,1,2,NA,1,1,30.04154968,NA,NA,NA,36,NA,NA,NA,NA,39,16,NA,316,305,NA,NA,NA,4,NA,NA,NA,NA,9,10,NA,12,13,7.510820866,277.7088928,3.937895536,1.619880319,2.337164879,35.34741592,8.631315231,9.256973267,701.4789429,-1.310385108,184.3150482,-1003.239558,-1337.489323,WhiteTroatedCaracara,20
1147,NA,NA,NA,0,NA,NA,0,NA,0,NA,NA,NA,0,NA,NA,NA,30,NA,NA,10,NA,11,NA,NA,NA,165,NA,NA,NA,13,NA,NA,13,NA,14,NA,NA,NA,16,NA,NA,NA,2,NA,NA,2,NA,2,NA,NA,NA,3,22.85656929,NA,NA,NA,36,NA,NA,327,NA,41,NA,NA,NA,57,NA,NA,NA,4,NA,NA,7,NA,9,NA,NA,NA,13,6.403766632,214.3194885,2.603002787,4.84648037,4.098237038,39.17672348,9.240299225,12.31543446,943.6826782,1.819469571,192.514267,-983.2395576,-1337.489323,WhiteTroatedCaracara,20
1149,NA,NA,NA,NA,NA,0,NA,NA,NA,NA,NA,NA,NA,NA,NA,NA,NA,NA,33,NA,NA,NA,NA,NA,NA,NA,NA,NA,NA,NA,NA,18,NA,NA,NA,NA,NA,NA,NA,NA,NA,NA,NA,NA,2,NA,NA,NA,NA,NA,NA,NA,3.320332527,NA,NA,NA,NA,NA,10,NA,NA,NA,NA,NA,NA,NA,NA,NA,NA,NA,NA,6,NA,NA,NA,NA,NA,NA,NA,8.241934776,140.1430969,4.128683567,6.085923672,11.79537296,37.24552155,9.865944862,5.891983986,687.9812622,-3.402505875,53.63422012,-943.2395576,-1337.489323,WhiteTroatedCaracara,20
1152,NA,NA,NA,0,0,0,0,NA,NA,0,0,0,0,NA,NA,NA,60,60,15,90,NA,NA,1,15,21,9,NA,NA,NA,9,15,13,15,NA,NA,13,19,11,13,NA,NA,NA,2,6,2,2,NA,NA,1,1,1,4,2.384685516,NA,NA,NA,365,325,31,344,NA,NA,283,37,45,268,NA,NA,NA,4,5,6,7,NA,NA,10,11,12,13,8.160528183,45.32955933,37.54065323,2.467342138,0.459345043,9.4083004,7.774446487,41.59725571,857.5289917,-0.942812383,32.37132645,-883.2395576,-1337.489323,WhiteTroatedCaracara,20
1154,NA,NA,NA,NA,NA,NA,NA,0,NA,NA,NA,NA,NA,NA,NA,NA,NA,NA,NA,NA,30,NA,NA,NA,NA,NA,NA,NA,NA,NA,NA,NA,NA,18,NA,NA,NA,NA,NA,NA,NA,NA,NA,NA,NA,NA,2,NA,NA,NA,NA,NA,4.303333759,NA,NA,NA,NA,NA,NA,NA,41,NA,NA,NA,NA,NA,NA,NA,NA,NA,NA,NA,NA,8,NA,NA,NA,NA,NA,8.210336685,26.47634697,44.10193634,0.255490869,0.044758987,4.772808552,8.420482635,41.90251541,916.5826416,0.734567881,36.32912064,-843.2395576,-1337.489323,WhiteTroatedCaracara,20
1168,NA,NA,NA,NA,NA,NA,NA,0,NA,0,NA,NA,0,NA,NA,NA,NA,NA,NA,NA,12,NA,8,NA,NA,1,NA,NA,NA,NA,NA,NA,NA,16,NA,10,NA,NA,10,NA,NA,NA,NA,NA,NA,NA,10,NA,8,NA,NA,1,3.503435612,NA,NA,NA,NA,NA,NA,NA,12,NA,335,NA,NA,289,NA,NA,NA,NA,NA,NA,NA,8,NA,10,NA,NA,13,12.18343258,42.60041046,33.48935699,0,0,6.215367794,0.175625101,59.34399414,222.8282471,0.236718982,11.12318993,-443.2395576,-1337.489323,WhiteTroatedCaracara,20
1175,NA,NA,NA,NA,0,NA,NA,NA,NA,NA,NA,0,NA,NA,NA,NA,NA,60,NA,NA,NA,NA,NA,NA,10,NA,NA,NA,NA,NA,13,NA,NA,NA,NA,NA,NA,10,NA,NA,NA,NA,NA,1,NA,NA,NA,NA,NA,NA,1,NA,53.89418793,NA,NA,NA,NA,280,NA,NA,NA,NA,NA,NA,344,NA,NA,NA,NA,NA,5,NA,NA,NA,NA,NA,NA,12,NA,8.30753994,376.3024597,1.939988852,2.107372761,1.184360504,41.74638748,3.361094236,7.727409363,478.8600464,-1.599794507,146.1245728,-1043.239558,-1357.489323,WhiteTroatedCaracara,20
1177,NA,NA,NA,NA,NA,NA,NA,NA,NA,NA,NA,0,0,NA,NA,NA,NA,NA,NA,NA,NA,NA,NA,NA,29,5,NA,NA,NA,NA,NA,NA,NA,NA,NA,NA,NA,13,11,NA,NA,NA,NA,NA,NA,NA,NA,NA,NA,NA,1,2,39.8446846,NA,NA,NA,NA,NA,NA,NA,NA,NA,NA,NA,309,310,NA,NA,NA,NA,NA,NA,NA,NA,NA,NA,NA,12,13,6.365076542,262.3334656,4.940803051,2.008639336,1.550353408,39.344944,8.232038498,9.584314346,899.2590942,1.655256748,195.5130463,-1003.239558,-1357.489323,WhiteTroatedCaracara,20
1178,NA,NA,NA,NA,NA,NA,NA,NA,0,NA,0,NA,NA,NA,NA,NA,NA,NA,NA,NA,NA,36,NA,120,NA,NA,NA,NA,NA,NA,NA,NA,NA,NA,12,NA,11,NA,NA,NA,NA,NA,NA,NA,NA,NA,NA,2,NA,3,NA,NA,21.42957497,NA,NA,NA,NA,NA,NA,NA,NA,41,NA,284,NA,NA,NA,NA,NA,NA,NA,NA,NA,NA,9,NA,11,NA,NA,7.655536175,236.5735321,0.82785058,7.50314188,3.397057772,42.90706635,4.951473236,6.973775387,699.5450439,-1.636643887,182.2110138,-983.2395576,-1357.489323,WhiteTroatedCaracara,20
1179,NA,NA,NA,0,NA,NA,NA,0,0,NA,0,0,NA,NA,NA,NA,60,NA,NA,NA,90,6,NA,75,120,NA,NA,NA,NA,19,NA,NA,NA,10,19,NA,15,22,NA,NA,NA,NA,2,NA,NA,NA,3,2,NA,1,1,NA,6.832801819,NA,NA,NA,36,NA,NA,NA,5,40,NA,284,5,NA,NA,NA,NA,4,NA,NA,NA,8,9,NA,11,12,NA,7.511014938,183.0785522,1.466305494,9.765329361,7.495301247,35.96626282,8.671341896,7.090749741,767.7175293,-1.941501856,139.0723267,-963.2395576,-1357.489323,WhiteTroatedCaracara,20
1182,NA,NA,NA,NA,NA,0,NA,NA,NA,NA,NA,NA,NA,NA,NA,NA,NA,NA,29,NA,NA,NA,NA,NA,NA,NA,NA,NA,NA,NA,NA,15,NA,NA,NA,NA,NA,NA,NA,NA,NA,NA,NA,NA,2,NA,NA,NA,NA,NA,NA,NA,2.584928989,NA,NA,NA,NA,NA,10,NA,NA,NA,NA,NA,NA,NA,NA,NA,NA,NA,NA,6,NA,NA,NA,NA,NA,NA,NA,7.605257988,59.34423447,23.52608871,1.666223407,0.394055754,15.97286987,8.868214607,48.98113632,903.9549561,-0.600890577,27.67281151,-903.2395576,-1357.489323,WhiteTroatedCaracara,20
1183,NA,NA,NA,NA,NA,NA,NA,NA,0,NA,NA,NA,NA,NA,NA,NA,NA,NA,NA,NA,NA,3,NA,NA,NA,NA,NA,NA,NA,NA,NA,NA,NA,NA,8,NA,NA,NA,NA,NA,NA,NA,NA,NA,NA,NA,NA,2,NA,NA,NA,NA,4.34574461,NA,NA,NA,NA,NA,NA,NA,NA,33,NA,NA,NA,NA,NA,NA,NA,NA,NA,NA,NA,NA,9,NA,NA,NA,NA,6.967939377,41.94487762,27.93148232,0.859338343,0.003009214,13.88766861,12.27189922,43.87038422,1059.970337,1.248055816,37.29620743,-883.2395576,-1357.489323,WhiteTroatedCaracara,20
1186,NA,NA,0,NA,NA,NA,NA,NA,NA,NA,NA,0,NA,NA,NA,30,NA,NA,NA,NA,NA,NA,NA,NA,7,NA,NA,NA,13,NA,NA,NA,NA,NA,NA,NA,NA,11,NA,NA,NA,2,NA,NA,NA,NA,NA,NA,NA,NA,2,NA,4.089258194,NA,NA,295,NA,NA,NA,NA,NA,NA,NA,NA,28,NA,NA,NA,3,NA,NA,NA,NA,NA,NA,NA,NA,12,NA,8.733727455,21.51319695,47.06355286,1.12304318,0.063970573,2.763162136,6.338251591,42.25255203,834.1846924,-0.713129818,31.21326637,-823.2395576,-1357.489323,WhiteTroatedCaracara,20
1189,NA,NA,NA,NA,NA,NA,NA,0,NA,NA,NA,0,NA,NA,NA,NA,NA,NA,NA,NA,20,NA,NA,NA,5,NA,NA,NA,NA,NA,NA,NA,NA,10,NA,NA,NA,20,NA,NA,NA,NA,NA,NA,NA,NA,2,NA,NA,NA,2,NA,5.277930737,NA,NA,NA,NA,NA,NA,NA,45,NA,NA,NA,47,NA,NA,NA,NA,NA,NA,NA,NA,8,NA,NA,NA,12,NA,9.484753609,20.97935677,30.34295082,0.338335425,0.015726134,8.277275085,3.680986166,57.12148285,792.40625,-0.506640017,27.4100132,-763.2395576,-1357.489323,WhiteTroatedCaracara,20
1190,NA,NA,NA,NA,NA,NA,NA,NA,NA,NA,NA,0,0,NA,NA,NA,NA,NA,NA,NA,NA,NA,NA,NA,15,3,NA,NA,NA,NA,NA,NA,NA,NA,NA,NA,NA,13,9,NA,NA,NA,NA,NA,NA,NA,NA,NA,NA,NA,1,1,6.075815201,NA,NA,NA,NA,NA,NA,NA,NA,NA,NA,NA,45,35,NA,NA,NA,NA,NA,NA,NA,NA,NA,NA,NA,12,13,10.72934628,24.45189857,19.81602669,0.063640758,0,11.08153439,0.266891837,68.53512573,597.7450562,-0.113569371,21.5710125,-743.2395576,-1357.489323,WhiteTroatedCaracara,20
1193,NA,NA,NA,NA,NA,NA,NA,NA,NA,NA,0,NA,0,NA,NA,NA,NA,NA,NA,NA,NA,NA,NA,60,NA,15,NA,NA,NA,NA,NA,NA,NA,NA,NA,NA,14,NA,11,NA,NA,NA,NA,NA,NA,NA,NA,NA,NA,2,NA,4,7.384558678,NA,NA,NA,NA,NA,NA,NA,NA,NA,NA,37,NA,268,NA,NA,NA,NA,NA,NA,NA,NA,NA,NA,11,NA,13,11.87048817,30.5873909,40.45210266,0.124516048,0.102927662,4.685433865,3.20775795,51.41362,403.2158203,-0.231297553,36.16101456,-683.2395576,-1357.489323,WhiteTroatedCaracara,20
1194,NA,NA,NA,0,NA,NA,NA,NA,NA,NA,NA,NA,0,NA,NA,NA,20,NA,NA,NA,NA,NA,NA,NA,NA,5,NA,NA,NA,15,NA,NA,NA,NA,NA,NA,NA,NA,10,NA,NA,NA,2,NA,NA,NA,NA,NA,NA,NA,NA,4,5.930652142,NA,NA,NA,6,NA,NA,NA,NA,NA,NA,NA,NA,35,NA,NA,NA,4,NA,NA,NA,NA,NA,NA,NA,NA,13,12.42692947,32.72576523,45.30067062,1.784161448,0.079909317,2.278701544,3.872346163,46.35756683,285.374939,-0.768858373,15.71470261,-663.2395576,-1357.489323,WhiteTroatedCaracara,20
1195,NA,NA,NA,NA,NA,NA,NA,NA,NA,0,NA,NA,NA,NA,NA,NA,NA,NA,NA,NA,NA,NA,20,NA,NA,NA,NA,NA,NA,NA,NA,NA,NA,NA,NA,14,NA,NA,NA,NA,NA,NA,NA,NA,NA,NA,NA,NA,2,NA,NA,NA,5.340693474,NA,NA,NA,NA,NA,NA,NA,NA,NA,326,NA,NA,NA,NA,NA,NA,NA,NA,NA,NA,NA,NA,10,NA,NA,NA,12.09280109,33.35400772,30.51983643,0.506715477,0.089633718,7.43392086,2.055778742,59.34550476,356.2446899,0.938230276,32.40619278,-643.2395576,-1357.489323,WhiteTroatedCaracara,20
1200,NA,NA,NA,0,0,NA,0,0,NA,0,NA,NA,0,NA,NA,NA,30,120,NA,40,5,NA,105,NA,NA,30,NA,NA,NA,12,15,NA,9,13,NA,9,NA,NA,12,NA,NA,NA,2,3,NA,7,2,NA,3,NA,NA,2,3.503435612,NA,NA,NA,359,291,NA,318,10,NA,287,NA,NA,297,NA,NA,NA,4,5,NA,7,8,NA,10,NA,NA,13,12.18343258,42.60041046,33.48935699,0,0,6.215367794,0.175625101,59.34399414,222.8282471,0.236718982,11.12318993,-443.2395576,-1357.489323,WhiteTroatedCaracara,20
1201,NA,NA,NA,NA,NA,NA,NA,NA,NA,NA,NA,NA,0,NA,NA,NA,NA,NA,NA,NA,NA,NA,NA,NA,NA,3,NA,NA,NA,NA,NA,NA,NA,NA,NA,NA,NA,NA,13,NA,NA,NA,NA,NA,NA,NA,NA,NA,NA,NA,NA,1,3.503435612,NA,NA,NA,NA,NA,NA,NA,NA,NA,NA,NA,NA,305,NA,NA,NA,NA,NA,NA,NA,NA,NA,NA,NA,NA,13,12.18343258,42.60041046,33.48935699,0,0,6.215367794,0.175625101,59.34399414,222.8282471,0.236718982,11.12318993,-423.2395576,-1357.489323,WhiteTroatedCaracara,20
1202,NA,NA,NA,NA,0,NA,NA,NA,NA,NA,NA,NA,NA,NA,NA,NA,NA,20,NA,NA,NA,NA,NA,NA,NA,NA,NA,NA,NA,NA,13,NA,NA,NA,NA,NA,NA,NA,NA,NA,NA,NA,NA,1,NA,NA,NA,NA,NA,NA,NA,NA,102.1390991,NA,NA,NA,NA,354,NA,NA,NA,NA,NA,NA,NA,NA,NA,NA,NA,NA,5,NA,NA,NA,NA,NA,NA,NA,NA,7.107223511,270.9167175,0,4.657719135,0.090217955,33.14287949,0.969927728,1.269389749,105.0902939,0.04897083,14.61767673,-1203.239558,-1377.489323,WhiteTroatedCaracara,20
1205,NA,NA,NA,NA,NA,0,NA,0,0,NA,0,0,0,NA,NA,NA,NA,NA,182,NA,1,120,NA,45,90,6,NA,NA,NA,NA,NA,18,NA,7,15,NA,19,8,14,NA,NA,NA,NA,NA,2,NA,5,1,NA,2,2,2,58.74417496,NA,NA,NA,NA,NA,42,NA,9,285,NA,363,283,361,NA,NA,NA,NA,NA,6,NA,8,9,NA,11,12,13,9.070383072,449.7258911,0,2.619105339,0.288170367,37.0030365,1.904151917,8.429733276,192.8860321,0.591610968,93.29803467,-1063.239558,-1377.489323,WhiteTroatedCaracara,20
1206,NA,NA,NA,NA,NA,NA,NA,0,NA,NA,NA,NA,NA,NA,NA,NA,NA,NA,NA,NA,1,NA,NA,NA,NA,NA,NA,NA,NA,NA,NA,NA,NA,19,NA,NA,NA,NA,NA,NA,NA,NA,NA,NA,NA,NA,9,NA,NA,NA,NA,NA,59.66680145,NA,NA,NA,NA,NA,NA,NA,9,NA,NA,NA,NA,NA,NA,NA,NA,NA,NA,NA,NA,8,NA,NA,NA,NA,NA,8.414763451,390.4266357,0.050111044,4.241887093,0.29169172,44.32710648,2.806329489,10.2076025,386.8583374,-0.013001968,157.0366058,-1043.239558,-1377.489323,WhiteTroatedCaracara,20
1208,NA,NA,NA,NA,NA,NA,NA,0,NA,NA,NA,NA,NA,NA,NA,NA,NA,NA,NA,NA,30,NA,NA,NA,NA,NA,NA,NA,NA,NA,NA,NA,NA,10,NA,NA,NA,NA,NA,NA,NA,NA,NA,NA,NA,NA,1,NA,NA,NA,NA,NA,41.30496979,NA,NA,NA,NA,NA,NA,NA,289,NA,NA,NA,NA,NA,NA,NA,NA,NA,NA,NA,NA,8,NA,NA,NA,NA,NA,7.095767021,280.3603516,3.293015957,3.068344593,2.802641869,42.63321304,6.702888966,10.16153049,734.1099243,-1.150044203,193.3426666,-1003.239558,-1377.489323,WhiteTroatedCaracara,20
1209,NA,NA,NA,NA,NA,NA,NA,0,NA,NA,NA,NA,NA,NA,NA,NA,NA,NA,NA,NA,300,NA,NA,NA,NA,NA,NA,NA,NA,NA,NA,NA,NA,17,NA,NA,NA,NA,NA,NA,NA,NA,NA,NA,NA,NA,1,NA,NA,NA,NA,NA,30.25769997,NA,NA,NA,NA,NA,NA,NA,10,NA,NA,NA,NA,NA,NA,NA,NA,NA,NA,NA,NA,8,NA,NA,NA,NA,NA,5.642507553,210.0136719,6.574100018,2.869684935,3.616953373,33.06745148,13.10918522,13.15406704,1038.147095,1.520763159,226.7793884,-983.2395576,-1377.489323,WhiteTroatedCaracara,20
1210,NA,NA,NA,NA,NA,NA,NA,0,NA,NA,NA,NA,NA,NA,NA,NA,NA,NA,NA,NA,60,NA,NA,NA,NA,NA,NA,NA,NA,NA,NA,NA,NA,14,NA,NA,NA,NA,NA,NA,NA,NA,NA,NA,NA,NA,4,NA,NA,NA,NA,NA,20.89958382,NA,NA,NA,NA,NA,NA,NA,7,NA,NA,NA,NA,NA,NA,NA,NA,NA,NA,NA,NA,8,NA,NA,NA,NA,NA,5.305533409,155.8541565,4.703480244,4.009338856,7.256511688,28.79131317,13.8123312,16.10423279,1149.260376,0.758634925,159.2169647,-963.2395576,-1377.489323,WhiteTroatedCaracara,20
1216,NA,NA,NA,NA,NA,NA,NA,NA,NA,NA,0,NA,NA,NA,NA,NA,NA,NA,NA,NA,NA,NA,NA,60,NA,NA,NA,NA,NA,NA,NA,NA,NA,NA,NA,NA,17,NA,NA,NA,NA,NA,NA,NA,NA,NA,NA,NA,NA,2,NA,NA,4.732694149,NA,NA,NA,NA,NA,NA,NA,NA,NA,NA,51,NA,NA,NA,NA,NA,NA,NA,NA,NA,NA,NA,NA,11,NA,NA,7.641103745,22.60834312,35.45489502,0.845074832,0.024774771,8.228126526,12.74682999,42.49850464,991.9484253,0.561457872,43.18522644,-843.2395576,-1377.489323,WhiteTroatedCaracara,20
1235,NA,NA,NA,NA,NA,0,NA,NA,NA,NA,NA,NA,NA,NA,NA,NA,NA,NA,2,NA,NA,NA,NA,NA,NA,NA,NA,NA,NA,NA,NA,12,NA,NA,NA,NA,NA,NA,NA,NA,NA,NA,NA,NA,3,NA,NA,NA,NA,NA,NA,NA,3.128060818,NA,NA,NA,NA,NA,13,NA,NA,NA,NA,NA,NA,NA,NA,NA,NA,NA,NA,6,NA,NA,NA,NA,NA,NA,NA,12.19855881,41.41644669,20.85023689,0.120734252,0.009146212,9.284406662,0.021761764,69.52483368,207.5272217,0.352361292,12.79341125,-443.2395576,-1377.489323,WhiteTroatedCaracara,20
1236,0,0,0,0,0,0,0,0,0,0,0,0,0,110,240,180,90,120,60,120,219,195,120,178,150,1,10,10,10,14,12,12,10,13,7,12,14,13,14,1,4,1,2,1,1,1,1,2,1,1,2,1,3.128060818,270,39,25,322,333,14,296,362,313,342,55,337,289,1,2,3,4,5,6,7,8,9,10,11,12,13,12.19855881,41.41644669,20.85023689,0.120734252,0.009146212,9.284406662,0.021761764,69.52483368,207.5272217,0.352361292,12.79341125,-423.2395576,-1377.489323,WhiteTroatedCaracara,20
1238,NA,NA,NA,NA,NA,NA,NA,0,NA,0,NA,0,0,NA,NA,NA,NA,NA,NA,NA,80,NA,16,NA,10,25,NA,NA,NA,NA,NA,NA,NA,10,NA,19,NA,14,13,NA,NA,NA,NA,NA,NA,NA,1,NA,1,NA,1,1,83.66090393,NA,NA,NA,NA,NA,NA,NA,325,NA,9,NA,342,290,NA,NA,NA,NA,NA,NA,NA,8,NA,10,NA,12,13,8.98747921,508.0286865,0.292728841,0.198012441,5.3169384,36.78362274,2.460710049,6.480561733,70.8995285,-0.05833992,8.100719452,-1123.239558,-1397.489323,WhiteTroatedCaracara,20
1241,NA,NA,NA,NA,NA,NA,NA,0,0,NA,NA,0,0,NA,NA,NA,NA,NA,NA,NA,5,145,NA,NA,31,9,NA,NA,NA,NA,NA,NA,NA,19,10,NA,NA,21,17,NA,NA,NA,NA,NA,NA,NA,2,2,NA,NA,1,2,58.74417496,NA,NA,NA,NA,NA,NA,NA,57,45,NA,NA,339,50,NA,NA,NA,NA,NA,NA,NA,8,9,NA,NA,12,13,9.070383072,449.7258911,0,2.619105339,0.288170367,37.0030365,1.904151917,8.429733276,192.8860321,0.591610968,93.29803467,-1063.239558,-1397.489323,WhiteTroatedCaracara,20
1242,NA,NA,NA,NA,NA,NA,NA,NA,NA,NA,NA,NA,0,NA,NA,NA,NA,NA,NA,NA,NA,NA,NA,NA,NA,5,NA,NA,NA,NA,NA,NA,NA,NA,NA,NA,NA,NA,11,NA,NA,NA,NA,NA,NA,NA,NA,NA,NA,NA,NA,1,46.2080307,NA,NA,NA,NA,NA,NA,NA,NA,NA,NA,NA,NA,311,NA,NA,NA,NA,NA,NA,NA,NA,NA,NA,NA,NA,13,8.455446243,404.7330322,0.115329996,6.334424019,0.367640108,48.67008972,0.868579566,8.436426163,377.3851318,-1.837744117,146.0469513,-1043.239558,-1397.489323,WhiteTroatedCaracara,20
1243,NA,NA,NA,0,NA,NA,NA,0,NA,NA,NA,NA,0,NA,NA,NA,120,NA,NA,NA,20,NA,NA,NA,NA,5,NA,NA,NA,17,NA,NA,NA,21,NA,NA,NA,NA,11,NA,NA,NA,2,NA,NA,NA,2,NA,NA,NA,NA,1,32.22023392,NA,NA,NA,341,NA,NA,NA,56,NA,NA,NA,NA,311,NA,NA,NA,4,NA,NA,NA,8,NA,NA,NA,NA,13,7.766780853,344.4395752,0.698818803,5.978062153,1.88993609,45.69988251,3.382405281,10.12991333,544.2964478,-1.529981732,144.5965118,-1023.239558,-1397.489323,WhiteTroatedCaracara,20
1244,NA,0,NA,0,NA,0,NA,0,NA,0,0,0,0,NA,180,NA,45,NA,120,NA,10,NA,12,20,21,8,NA,14,NA,16,NA,7,NA,9,NA,11,17,21,18,NA,1,NA,1,NA,2,NA,3,NA,1,2,1,2,25.06015205,NA,53,NA,24,NA,297,NA,262,NA,365,363,279,50,NA,2,NA,4,NA,6,NA,8,NA,10,11,12,13,8.732778549,315.5567932,0.17237404,7.115196228,2.489161253,45.63223648,2.325723648,6.411806107,387.1630554,-2.051401138,141.5888977,-1003.239558,-1397.489323,WhiteTroatedCaracara,20
1246,NA,NA,NA,NA,NA,NA,NA,0,NA,NA,NA,NA,NA,NA,NA,NA,NA,NA,NA,NA,180,NA,NA,NA,NA,NA,NA,NA,NA,NA,NA,NA,NA,10,NA,NA,NA,NA,NA,NA,NA,NA,NA,NA,NA,NA,1,NA,NA,NA,NA,NA,22.34378624,NA,NA,NA,NA,NA,NA,NA,8,NA,NA,NA,NA,NA,NA,NA,NA,NA,NA,NA,NA,8,NA,NA,NA,NA,NA,4.899199963,153.586731,6.489961624,3.849210262,8.16270256,30.74723053,12.34722424,13.58141041,1194.705811,-0.581969142,173.8350677,-963.2395576,-1397.489323,WhiteTroatedCaracara,20
1247,NA,NA,NA,NA,NA,NA,NA,NA,NA,NA,NA,0,NA,NA,NA,NA,NA,NA,NA,NA,NA,NA,NA,NA,114,NA,NA,NA,NA,NA,NA,NA,NA,NA,NA,NA,NA,13,NA,NA,NA,NA,NA,NA,NA,NA,NA,NA,NA,NA,1,NA,9.001030922,NA,NA,NA,NA,NA,NA,NA,NA,NA,NA,NA,56,NA,NA,NA,NA,NA,NA,NA,NA,NA,NA,NA,NA,12,NA,5.534591675,109.0353317,5.790106773,3.771338463,10.53206921,23.1886692,13.83553219,11.00919914,1139.796875,0.929580569,91.75484467,-943.2395576,-1397.489323,WhiteTroatedCaracara,20
1250,NA,NA,NA,NA,NA,0,NA,NA,NA,NA,NA,NA,NA,NA,NA,NA,NA,NA,26,NA,NA,NA,NA,NA,NA,NA,NA,NA,NA,NA,NA,14,NA,NA,NA,NA,NA,NA,NA,NA,NA,NA,NA,NA,2,NA,NA,NA,NA,NA,NA,NA,2.953575134,NA,NA,NA,NA,NA,31,NA,NA,NA,NA,NA,NA,NA,NA,NA,NA,NA,NA,6,NA,NA,NA,NA,NA,NA,NA,7.890979767,40.18328476,27.432724,2.457932234,0.340274274,13.85066986,10.98482037,44.64248276,846.7644043,-0.523502827,20.85098457,-883.2395576,-1397.489323,WhiteTroatedCaracara,20
1251,NA,NA,NA,NA,NA,0,NA,NA,0,0,0,NA,0,NA,NA,NA,NA,NA,37,NA,NA,3,11,9,NA,3,NA,NA,NA,NA,NA,20,NA,NA,15,14,14,NA,16,NA,NA,NA,NA,NA,2,NA,NA,1,1,1,NA,1,3.945849895,NA,NA,NA,NA,NA,7,NA,NA,285,11,30,NA,52,NA,NA,NA,NA,NA,6,NA,NA,9,10,11,NA,13,8.203263283,28.07525444,24.1687355,4.683801651,0.6091429,13.95116711,12.2162447,44.01334381,822.6140747,-0.255543947,33.03898239,-863.2395576,-1397.489323,WhiteTroatedCaracara,20
1252,NA,NA,0,NA,NA,NA,NA,NA,NA,NA,NA,NA,NA,NA,NA,20,NA,NA,NA,NA,NA,NA,NA,NA,NA,NA,NA,NA,12,NA,NA,NA,NA,NA,NA,NA,NA,NA,NA,NA,NA,2,NA,NA,NA,NA,NA,NA,NA,NA,NA,NA,2.692417145,NA,NA,295,NA,NA,NA,NA,NA,NA,NA,NA,NA,NA,NA,NA,3,NA,NA,NA,NA,NA,NA,NA,NA,NA,NA,8.44476223,21.36332893,32.76743317,6.781705379,0.468971252,8.600057602,10.52596855,40.21089172,815.9831543,-0.582653463,29.28751373,-843.2395576,-1397.489323,WhiteTroatedCaracara,20
1269,NA,NA,NA,0,NA,NA,NA,NA,NA,NA,NA,NA,NA,NA,NA,NA,5,NA,NA,NA,NA,NA,NA,NA,NA,NA,NA,NA,NA,17,NA,NA,NA,NA,NA,NA,NA,NA,NA,NA,NA,NA,2,NA,NA,NA,NA,NA,NA,NA,NA,NA,3.415446758,NA,NA,NA,359,NA,NA,NA,NA,NA,NA,NA,NA,NA,NA,NA,NA,4,NA,NA,NA,NA,NA,NA,NA,NA,NA,11.56848717,39.02345657,50.82804871,0,0,1.370785117,0.543455422,46.87724304,346.9996338,0.007595073,2.582894087,-503.2395576,-1397.489323,WhiteTroatedCaracara,20
1272,NA,NA,NA,NA,NA,NA,NA,NA,NA,NA,NA,NA,0,NA,NA,NA,NA,NA,NA,NA,NA,NA,NA,NA,NA,7,NA,NA,NA,NA,NA,NA,NA,NA,NA,NA,NA,NA,13,NA,NA,NA,NA,NA,NA,NA,NA,NA,NA,NA,NA,6,6.410459518,NA,NA,NA,NA,NA,NA,NA,NA,NA,NA,NA,NA,9,NA,NA,NA,NA,NA,NA,NA,NA,NA,NA,NA,NA,13,12.28977871,40.10929108,9.757385254,0.032666352,0.019258099,10.27457142,0,79.93751526,169.4781647,-0.19345057,12.82093906,-443.2395576,-1397.489323,WhiteTroatedCaracara,20
1273,NA,NA,NA,NA,NA,0,NA,0,0,NA,NA,0,NA,NA,NA,NA,NA,NA,5,NA,35,10,NA,NA,180,NA,NA,NA,NA,NA,NA,13,NA,10,14,NA,NA,16,NA,NA,NA,NA,NA,NA,5,NA,1,4,NA,NA,4,NA,6.410459518,NA,NA,NA,NA,NA,13,NA,34,297,NA,NA,30,NA,NA,NA,NA,NA,NA,6,NA,8,9,NA,NA,12,NA,12.28977871,40.10929108,9.757385254,0.032666352,0.019258099,10.27457142,0,79.93751526,169.4781647,-0.19345057,12.82093906,-423.2395576,-1397.489323,WhiteTroatedCaracara,20
1278,NA,NA,NA,NA,NA,NA,NA,0,NA,NA,NA,0,NA,NA,NA,NA,NA,NA,NA,NA,6,NA,NA,NA,5,NA,NA,NA,NA,NA,NA,NA,NA,7,NA,NA,NA,9,NA,NA,NA,NA,NA,NA,NA,NA,1,NA,NA,NA,1,NA,48.56694412,NA,NA,NA,NA,NA,NA,NA,12,NA,NA,NA,280,NA,NA,NA,NA,NA,NA,NA,NA,8,NA,NA,NA,12,NA,8.535399437,453.8057556,0,2.855832338,0.229703248,42.39367294,1.899016261,7.546724319,279.2330017,0.806867719,119.9044495,-1083.239558,-1417.489323,WhiteTroatedCaracara,20
1279,NA,NA,NA,NA,0,0,NA,NA,NA,0,NA,0,NA,NA,NA,NA,NA,20,100,NA,NA,NA,30,NA,68,NA,NA,NA,NA,NA,7,19,NA,NA,NA,11,NA,6,NA,NA,NA,NA,NA,1,1,NA,NA,NA,1,NA,2,NA,48.56694412,NA,NA,NA,NA,276,42,NA,NA,NA,269,NA,342,NA,NA,NA,NA,NA,5,6,NA,NA,NA,10,NA,12,NA,8.535399437,453.8057556,0,2.855832338,0.229703248,42.39367294,1.899016261,7.546724319,279.2330017,0.806867719,119.9044495,-1063.239558,-1417.489323,WhiteTroatedCaracara,20
1281,NA,0,NA,NA,NA,NA,NA,0,NA,NA,NA,NA,NA,NA,60,NA,NA,NA,NA,NA,15,NA,NA,NA,NA,NA,NA,11,NA,NA,NA,NA,NA,13,NA,NA,NA,NA,NA,NA,2,NA,NA,NA,NA,NA,2,NA,NA,NA,NA,NA,18.16866684,NA,31,NA,NA,NA,NA,NA,53,NA,NA,NA,NA,NA,NA,2,NA,NA,NA,NA,NA,8,NA,NA,NA,NA,NA,6.313576698,323.6166687,0.775812864,6.642869949,1.935304046,43.9277916,3.514158726,7.242174625,796.5909424,0.673288107,137.377655,-1023.239558,-1417.489323,WhiteTroatedCaracara,20
1282,NA,NA,NA,NA,NA,NA,NA,0,NA,NA,NA,NA,0,NA,NA,NA,NA,NA,NA,NA,4,NA,NA,NA,NA,5,NA,NA,NA,NA,NA,NA,NA,14,NA,NA,NA,NA,19,NA,NA,NA,NA,NA,NA,NA,2,NA,NA,NA,NA,1,7.839319706,NA,NA,NA,NA,NA,NA,NA,54,NA,NA,NA,NA,59,NA,NA,NA,NA,NA,NA,NA,8,NA,NA,NA,NA,13,6.9545784,290.6060486,1.681420088,4.187475681,2.875718117,41.90629578,7.425140858,11.35279083,693.6843262,-0.328671277,192.9777069,-1003.239558,-1417.489323,WhiteTroatedCaracara,20
1283,NA,NA,NA,NA,NA,NA,NA,0,NA,NA,NA,NA,NA,NA,NA,NA,NA,NA,NA,NA,2,NA,NA,NA,NA,NA,NA,NA,NA,NA,NA,NA,NA,12,NA,NA,NA,NA,NA,NA,NA,NA,NA,NA,NA,NA,2,NA,NA,NA,NA,NA,16.17126083,NA,NA,NA,NA,NA,NA,NA,56,NA,NA,NA,NA,NA,NA,NA,NA,NA,NA,NA,NA,8,NA,NA,NA,NA,NA,6.388927937,228.8607635,3.469338655,3.557270765,2.165285587,42.48744202,9.288700104,14.24534035,843.1542358,-0.036488257,200.2780609,-983.2395576,-1417.489323,WhiteTroatedCaracara,20
1284,NA,NA,NA,NA,NA,NA,NA,0,NA,NA,NA,NA,NA,NA,NA,NA,NA,NA,NA,NA,4,NA,NA,NA,NA,NA,NA,NA,NA,NA,NA,NA,NA,8,NA,NA,NA,NA,NA,NA,NA,NA,NA,NA,NA,NA,2,NA,NA,NA,NA,NA,8.468362808,NA,NA,NA,NA,NA,NA,NA,56,NA,NA,NA,NA,NA,NA,NA,NA,NA,NA,NA,NA,8,NA,NA,NA,NA,NA,6.949575901,177.0034943,1.661668181,5.347233295,4.870513916,39.27630997,6.678951263,9.858133316,791.5299072,-0.870166957,151.174408,-963.2395576,-1417.489323,WhiteTroatedCaracara,20
1285,NA,NA,NA,NA,NA,NA,NA,0,NA,NA,NA,NA,0,NA,NA,NA,NA,NA,NA,NA,120,NA,NA,NA,NA,10,NA,NA,NA,NA,NA,NA,NA,17,NA,NA,NA,NA,18,NA,NA,NA,NA,NA,NA,NA,1,NA,NA,NA,NA,1,5.669448853,NA,NA,NA,NA,NA,NA,NA,29,NA,NA,NA,NA,32,NA,NA,NA,NA,NA,NA,NA,8,NA,NA,NA,NA,13,7.501877785,123.6467896,3.583892822,4.667713165,12.55933952,30.87810135,12.31660271,8.75056839,739.4211426,-0.741470397,65.84262848,-943.2395576,-1417.489323,WhiteTroatedCaracara,20
1286,NA,NA,NA,NA,NA,NA,NA,NA,NA,NA,NA,0,NA,NA,NA,NA,NA,NA,NA,NA,NA,NA,NA,NA,110,NA,NA,NA,NA,NA,NA,NA,NA,NA,NA,NA,NA,18,NA,NA,NA,NA,NA,NA,NA,NA,NA,NA,NA,NA,1,NA,3.709641933,NA,NA,NA,NA,NA,NA,NA,NA,NA,NA,NA,315,NA,NA,NA,NA,NA,NA,NA,NA,NA,NA,NA,NA,12,NA,7.823092937,82.69791412,18.25586319,6.022611618,3.724530697,21.387537,19.4389286,27.19755745,743.5594482,-1.292891622,33.1268158,-923.2395576,-1417.489323,WhiteTroatedCaracara,20
1290,NA,NA,NA,NA,NA,NA,NA,NA,NA,NA,NA,0,NA,NA,NA,NA,NA,NA,NA,NA,NA,NA,NA,NA,11,NA,NA,NA,NA,NA,NA,NA,NA,NA,NA,NA,NA,17,NA,NA,NA,NA,NA,NA,NA,NA,NA,NA,NA,NA,1,NA,3.343747377,NA,NA,NA,NA,NA,NA,NA,NA,NA,NA,NA,253,NA,NA,NA,NA,NA,NA,NA,NA,NA,NA,NA,NA,12,NA,8.893693924,21.91373253,22.25650024,9.456609726,1.515555382,13.748312,9.128261566,41.78673172,711.5169067,-0.213715315,21.25547409,-843.2395576,-1417.489323,WhiteTroatedCaracara,20
1306,NA,NA,NA,NA,NA,NA,NA,0,0,NA,NA,NA,NA,NA,NA,NA,NA,NA,NA,NA,119,240,NA,NA,NA,NA,NA,NA,NA,NA,NA,NA,NA,11,9,NA,NA,NA,NA,NA,NA,NA,NA,NA,NA,NA,1,1,NA,NA,NA,NA,4.786814213,NA,NA,NA,NA,NA,NA,NA,33,298,NA,NA,NA,NA,NA,NA,NA,NA,NA,NA,NA,8,9,NA,NA,NA,NA,11.31418419,37.45720673,51.86626434,0.011190855,0,1.000989199,0.30684346,46.76623154,388.7920227,0.007015007,3.371969461,-523.2395576,-1417.489323,WhiteTroatedCaracara,20
1307,0,NA,NA,NA,NA,NA,NA,NA,NA,NA,NA,NA,NA,15,NA,NA,NA,NA,NA,NA,NA,NA,NA,NA,NA,NA,7,NA,NA,NA,NA,NA,NA,NA,NA,NA,NA,NA,NA,3,NA,NA,NA,NA,NA,NA,NA,NA,NA,NA,NA,NA,6.912511826,8,NA,NA,NA,NA,NA,NA,NA,NA,NA,NA,NA,NA,1,NA,NA,NA,NA,NA,NA,NA,NA,NA,NA,NA,NA,11.34303665,38.02754974,51.66508102,0.010477629,0,0.974187255,0.025696447,47.32753372,370.4080811,0.016474208,6.005028725,-503.2395576,-1417.489323,WhiteTroatedCaracara,20
1309,NA,NA,NA,NA,NA,NA,NA,0,0,NA,NA,NA,NA,NA,NA,NA,NA,NA,NA,NA,10,12,NA,NA,NA,NA,NA,NA,NA,NA,NA,NA,NA,18,11,NA,NA,NA,NA,NA,NA,NA,NA,NA,NA,NA,2,4,NA,NA,NA,NA,4.222920895,NA,NA,NA,NA,NA,NA,NA,278,297,NA,NA,NA,NA,NA,NA,NA,NA,NA,NA,NA,8,9,NA,NA,NA,NA,11.96672344,39.03194427,18.26474953,0,0,10.57147026,0.168116421,70.7771225,231.1215363,0.081159085,12.05776215,-463.2395576,-1417.489323,WhiteTroatedCaracara,20
1310,NA,NA,NA,NA,NA,NA,NA,0,NA,NA,NA,NA,NA,NA,NA,NA,NA,NA,NA,NA,19,NA,NA,NA,NA,NA,NA,NA,NA,NA,NA,NA,NA,17,NA,NA,NA,NA,NA,NA,NA,NA,NA,NA,NA,NA,3,NA,NA,NA,NA,NA,4.520725727,NA,NA,NA,NA,NA,NA,NA,278,NA,NA,NA,NA,NA,NA,NA,NA,NA,NA,NA,NA,8,NA,NA,NA,NA,NA,12.38056564,39.35473251,1.377588391,0,0,11.88017559,0.333396018,86.4243927,138.0515289,0.226620212,16.81487846,-443.2395576,-1417.489323,WhiteTroatedCaracara,20
1314,NA,NA,NA,NA,NA,NA,NA,NA,NA,0,NA,NA,NA,NA,NA,NA,NA,NA,NA,NA,NA,NA,16,NA,NA,NA,NA,NA,NA,NA,NA,NA,NA,NA,NA,13,NA,NA,NA,NA,NA,NA,NA,NA,NA,NA,NA,NA,1,NA,NA,NA,118.2015152,NA,NA,NA,NA,NA,NA,NA,NA,NA,12,NA,NA,NA,NA,NA,NA,NA,NA,NA,NA,NA,NA,10,NA,NA,NA,7.956141949,465.9448242,0,1.87150538,0.033353295,32.56403351,2.408647776,7.745095253,151.9109955,-0.051253513,45.90050888,-1123.239558,-1437.489323,WhiteTroatedCaracara,20
1318,NA,NA,NA,NA,NA,NA,NA,NA,NA,NA,NA,NA,0,NA,NA,NA,NA,NA,NA,NA,NA,NA,NA,NA,NA,30,NA,NA,NA,NA,NA,NA,NA,NA,NA,NA,NA,NA,10,NA,NA,NA,NA,NA,NA,NA,NA,NA,NA,NA,NA,1,24.56951141,NA,NA,NA,NA,NA,NA,NA,NA,NA,NA,NA,NA,278,NA,NA,NA,NA,NA,NA,NA,NA,NA,NA,NA,NA,13,7.816767693,408.9328308,0.059539523,3.914863586,0.287231714,44.14964676,1.85534811,8.27512455,452.4329224,-0.154869109,131.2100525,-1043.239558,-1437.489323,WhiteTroatedCaracara,20
1319,NA,NA,0,NA,0,0,NA,0,0,0,NA,0,0,NA,NA,120,NA,120,34,NA,70,68,4,NA,15,5,NA,NA,13,NA,15,19,NA,8,8,20,NA,23,15,NA,NA,2,NA,1,2,NA,1,1,1,NA,1,1,8.016752243,NA,NA,360,NA,285,296,NA,289,40,9,NA,313,309,NA,NA,3,NA,5,6,NA,8,9,10,NA,12,13,7.157626629,352.0941467,0.325340658,6.143947124,1.003919363,45.28853989,2.140445471,5.398294449,602.2463379,-0.720484316,142.8613281,-1023.239558,-1437.489323,WhiteTroatedCaracara,20
1320,NA,NA,NA,NA,NA,0,NA,NA,NA,NA,NA,NA,NA,NA,NA,NA,NA,NA,60,NA,NA,NA,NA,NA,NA,NA,NA,NA,NA,NA,NA,11,NA,NA,NA,NA,NA,NA,NA,NA,NA,NA,NA,NA,1,NA,NA,NA,NA,NA,NA,NA,9.999114037,NA,NA,NA,NA,NA,303,NA,NA,NA,NA,NA,NA,NA,NA,NA,NA,NA,NA,6,NA,NA,NA,NA,NA,NA,NA,4.590559959,258.328949,8.714616776,3.033438444,1.952984333,21.0905304,16.77590179,5.822625637,1112.919067,3.461047411,212.8634491,-1003.239558,-1437.489323,WhiteTroatedCaracara,20
1322,NA,NA,NA,NA,NA,NA,NA,NA,NA,NA,0,NA,NA,NA,NA,NA,NA,NA,NA,NA,NA,NA,NA,2,NA,NA,NA,NA,NA,NA,NA,NA,NA,NA,NA,NA,19,NA,NA,NA,NA,NA,NA,NA,NA,NA,NA,NA,NA,1,NA,NA,4.09746933,NA,NA,NA,NA,NA,NA,NA,NA,NA,NA,12,NA,NA,NA,NA,NA,NA,NA,NA,NA,NA,NA,NA,11,NA,NA,5.447331429,163.1548767,3.253020048,5.86400032,6.544264317,32.32759857,14.05194664,12.4291172,1047.508911,-0.211130679,140.7472839,-963.2395576,-1437.489323,WhiteTroatedCaracara,20
1343,NA,NA,NA,0,NA,NA,NA,NA,0,0,0,NA,0,NA,NA,NA,10,NA,NA,NA,NA,15,25,15,NA,15,NA,NA,NA,18,NA,NA,NA,NA,20,17,18,NA,13,NA,NA,NA,2,NA,NA,NA,NA,1,1,1,NA,1,3.081377268,NA,NA,NA,359,NA,NA,NA,NA,293,338,349,NA,365,NA,NA,NA,4,NA,NA,NA,NA,9,10,11,NA,13,11.34310722,36.24326706,48.69974136,0,0.094352759,2.231167078,0.65140897,47.94557571,376.0761414,-0.03513721,5.039228439,-543.2395576,-1437.489323,WhiteTroatedCaracara,20
1344,NA,NA,NA,NA,NA,0,NA,0,0,NA,NA,NA,0,NA,NA,NA,NA,NA,10,NA,22,30,NA,NA,NA,60,NA,NA,NA,NA,NA,18,NA,7,12,NA,NA,NA,8,NA,NA,NA,NA,NA,2,NA,1,1,NA,NA,NA,1,3.859745979,NA,NA,NA,NA,NA,35,NA,33,298,NA,NA,NA,344,NA,NA,NA,NA,NA,6,NA,8,9,NA,NA,NA,13,11.08715343,36.23574066,41.71034622,0,0,4.860793591,0.107681125,53.24889374,413.6626587,0.058056321,4.382089615,-523.2395576,-1437.489323,WhiteTroatedCaracara,20
1345,NA,NA,NA,NA,NA,0,NA,0,0,NA,NA,NA,NA,NA,NA,NA,NA,NA,10,NA,4,18,NA,NA,NA,NA,NA,NA,NA,NA,NA,10,NA,17,16,NA,NA,NA,NA,NA,NA,NA,NA,NA,2,NA,1,4,NA,NA,NA,NA,6.819682598,NA,NA,NA,NA,NA,38,NA,31,293,NA,NA,NA,NA,NA,NA,NA,NA,NA,6,NA,8,9,NA,NA,NA,NA,11.13528156,36.6658287,20.86223793,0,0.007980994,9.429419518,0.10123767,69.61437225,394.3377686,0.094493158,5.118235111,-503.2395576,-1437.489323,WhiteTroatedCaracara,20
1346,NA,NA,NA,NA,NA,0,NA,NA,NA,NA,NA,NA,NA,NA,NA,NA,NA,NA,10,NA,NA,NA,NA,NA,NA,NA,NA,NA,NA,NA,NA,22,NA,NA,NA,NA,NA,NA,NA,NA,NA,NA,NA,NA,2,NA,NA,NA,NA,NA,NA,NA,2.966903925,NA,NA,NA,NA,NA,36,NA,NA,NA,NA,NA,NA,NA,NA,NA,NA,NA,NA,6,NA,NA,NA,NA,NA,NA,NA,11.67241859,37.19925308,6.985812664,0,0,10.79970455,0.034434479,82.19210052,289.4297485,0.082977332,17.35095024,-483.2395576,-1437.489323,WhiteTroatedCaracara,20
1347,NA,NA,NA,NA,NA,NA,NA,0,0,NA,NA,NA,NA,NA,NA,NA,NA,NA,NA,NA,3,13,NA,NA,NA,NA,NA,NA,NA,NA,NA,NA,NA,6,10,NA,NA,NA,NA,NA,NA,NA,NA,NA,NA,NA,1,4,NA,NA,NA,NA,2.772934914,NA,NA,NA,NA,NA,NA,NA,34,297,NA,NA,NA,NA,NA,NA,NA,NA,NA,NA,NA,8,9,NA,NA,NA,NA,12.63431263,38.30127335,21.84665489,0.081385702,0,10.68885612,0.317236871,66.96013641,81.64822388,-0.166078657,8.644910812,-463.2395576,-1437.489323,WhiteTroatedCaracara,20
1352,NA,NA,NA,NA,NA,NA,NA,NA,NA,NA,0,NA,NA,NA,NA,NA,NA,NA,NA,NA,NA,NA,NA,2,NA,NA,NA,NA,NA,NA,NA,NA,NA,NA,NA,NA,21,NA,NA,NA,NA,NA,NA,NA,NA,NA,NA,NA,NA,1,NA,NA,105.0567703,NA,NA,NA,NA,NA,NA,NA,NA,NA,NA,48,NA,NA,NA,NA,NA,NA,NA,NA,NA,NA,NA,NA,11,NA,NA,8.198696136,488.0049133,0,0.297064662,1.380454779,41.61858368,4.196138859,9.27521801,149.2973328,-0.808460951,20.37442589,-1123.239558,-1457.489323,WhiteTroatedCaracara,20
1357,NA,NA,NA,0,NA,0,0,0,0,0,0,0,0,NA,NA,NA,120,NA,60,183,10,60,152,10,111,50,NA,NA,NA,9,NA,13,11,12,22,16,11,13,18,NA,NA,NA,2,NA,1,1,1,2,1,1,1,1,13.11300945,NA,NA,NA,343,NA,302,51,26,54,289,14,19,310,NA,NA,NA,4,NA,6,7,8,9,10,11,12,13,4.878259182,268.3506165,9.162769318,2.386383772,2.460011005,22.96841812,16.46020508,7.537482738,1036.859131,-0.766719639,230.0504303,-1023.239558,-1457.489323,WhiteTroatedCaracara,20
1358,NA,NA,NA,NA,0,NA,NA,NA,0,NA,0,0,NA,NA,NA,NA,NA,15,NA,NA,NA,180,NA,60,180,NA,NA,NA,NA,NA,15,NA,NA,NA,9,NA,18,15,NA,NA,NA,NA,NA,1,NA,NA,NA,2,NA,1,2,NA,13.11300945,NA,NA,NA,NA,47,NA,NA,NA,55,NA,335,58,NA,NA,NA,NA,NA,5,NA,NA,NA,9,NA,11,12,NA,4.878259182,268.3506165,9.162769318,2.386383772,2.460011005,22.96841812,16.46020508,7.537482738,1036.859131,-0.766719639,230.0504303,-1003.239558,-1457.489323,WhiteTroatedCaracara,20
1361,0,0,0,0,0,0,NA,NA,0,NA,0,NA,NA,150,85,35,45,90,50,NA,NA,15,NA,210,NA,NA,10,12,10,12,15,18,NA,NA,16,NA,18,NA,NA,1,1,1,1,1,1,NA,NA,3,NA,2,NA,NA,2.295858145,283,304,261,360,262,262,NA,NA,22,NA,298,NA,NA,1,2,3,4,5,6,NA,NA,9,NA,11,NA,NA,6.445457458,122.2762833,1.893740654,4.001608849,15.18242836,32.04333115,13.5172596,13.67661095,889.4765015,-2.417295694,79.44411469,-943.2395576,-1457.489323,WhiteTroatedCaracara,20
1362,NA,NA,NA,NA,NA,0,NA,NA,NA,NA,NA,NA,0,NA,NA,NA,NA,NA,15,NA,NA,NA,NA,NA,NA,45,NA,NA,NA,NA,NA,10,NA,NA,NA,NA,NA,NA,13,NA,NA,NA,NA,NA,2,NA,NA,NA,NA,NA,NA,1,5.16594553,NA,NA,NA,NA,NA,264,NA,NA,NA,NA,NA,NA,14,NA,NA,NA,NA,NA,6,NA,NA,NA,NA,NA,NA,13,6.594947338,85.68527222,6.676418781,2.705708981,11.62015533,25.14854431,18.98574257,24.22409439,915.5137939,-2.063591242,47.83589554,-923.2395576,-1457.489323,WhiteTroatedCaracara,20
1363,NA,NA,NA,NA,NA,0,NA,NA,NA,NA,NA,NA,0,NA,NA,NA,NA,NA,15,NA,NA,NA,NA,NA,NA,28,NA,NA,NA,NA,NA,12,NA,NA,NA,NA,NA,NA,21,NA,NA,NA,NA,NA,1,NA,NA,NA,NA,NA,NA,1,6.342750072,NA,NA,NA,NA,NA,363,NA,NA,NA,NA,NA,NA,14,NA,NA,NA,NA,NA,6,NA,NA,NA,NA,NA,NA,13,6.595162868,59.03409576,18.48379517,2.593244076,1.113229871,18.8036232,12.65523815,45.38332367,978.1293945,-1.055293918,37.98836517,-903.2395576,-1457.489323,WhiteTroatedCaracara,20
1381,NA,NA,NA,NA,NA,NA,NA,NA,NA,NA,NA,NA,0,NA,NA,NA,NA,NA,NA,NA,NA,NA,NA,NA,NA,7,NA,NA,NA,NA,NA,NA,NA,NA,NA,NA,NA,NA,18,NA,NA,NA,NA,NA,NA,NA,NA,NA,NA,NA,NA,1,3.737945795,NA,NA,NA,NA,NA,NA,NA,NA,NA,NA,NA,NA,319,NA,NA,NA,NA,NA,NA,NA,NA,NA,NA,NA,NA,13,10.98999786,35.93599701,29.78729248,0,0,8.618538857,0.04852302,61.56906509,428.9798584,0.515268981,12.15430164,-543.2395576,-1457.489323,WhiteTroatedCaracara,20
1384,NA,NA,NA,NA,NA,0,NA,0,NA,NA,NA,NA,NA,NA,NA,NA,NA,NA,10,NA,4,NA,NA,NA,NA,NA,NA,NA,NA,NA,NA,15,NA,17,NA,NA,NA,NA,NA,NA,NA,NA,NA,NA,2,NA,1,NA,NA,NA,NA,NA,3.859834433,NA,NA,NA,NA,NA,36,NA,31,NA,NA,NA,NA,NA,NA,NA,NA,NA,NA,6,NA,8,NA,NA,NA,NA,NA,12.308074,37.43978119,16.22836494,0.006550281,0,11.75030518,0.04977392,71.94054413,144.3149414,0.140549883,14.44562435,-483.2395576,-1457.489323,WhiteTroatedCaracara,20
1385,NA,0,NA,NA,NA,0,0,0,0,0,0,0,0,NA,180,NA,NA,NA,10,240,180,60,10,54,180,120,NA,18,NA,NA,NA,16,7,15,17,18,16,19,15,NA,5,NA,NA,NA,2,1,2,1,2,1,1,1,1.544841886,NA,49,NA,NA,NA,36,315,327,293,292,262,333,281,NA,2,NA,NA,NA,6,7,8,9,10,11,12,13,12.60066605,36.62438583,13.76836491,0.385026664,0.063456729,8.877339363,2.58933115,54.41822433,43.75489807,-0.245731413,7.639592648,-463.2395576,-1457.489323,WhiteTroatedCaracara,20
1386,NA,NA,NA,NA,NA,NA,NA,0,0,NA,NA,0,0,NA,NA,NA,NA,NA,NA,NA,17,180,NA,NA,30,38,NA,NA,NA,NA,NA,NA,NA,10,15,NA,NA,14,11,NA,NA,NA,NA,NA,NA,NA,2,9,NA,NA,2,1,1.544841886,NA,NA,NA,NA,NA,NA,NA,281,43,NA,NA,27,347,NA,NA,NA,NA,NA,NA,NA,8,9,NA,NA,12,13,12.60066605,36.62438583,13.76836491,0.385026664,0.063456729,8.877339363,2.58933115,54.41822433,43.75489807,-0.245731413,7.639592648,-443.2395576,-1457.489323,WhiteTroatedCaracara,20
1395,NA,NA,NA,NA,NA,NA,NA,NA,NA,0,NA,NA,NA,NA,NA,NA,NA,NA,NA,NA,NA,NA,27,NA,NA,NA,NA,NA,NA,NA,NA,NA,NA,NA,NA,8,NA,NA,NA,NA,NA,NA,NA,NA,NA,NA,NA,NA,1,NA,NA,NA,19.94014549,NA,NA,NA,NA,NA,NA,NA,NA,NA,36,NA,NA,NA,NA,NA,NA,NA,NA,NA,NA,NA,NA,10,NA,NA,NA,7.58875227,427.2005005,0.046449024,3.968284607,1.016428351,44.23929977,0.657593548,6.463830471,432.7576599,-0.396524101,116.9396439,-1043.239558,-1477.489323,WhiteTroatedCaracara,20
1396,NA,NA,NA,NA,NA,0,0,0,0,0,0,0,0,NA,NA,NA,NA,NA,98,20,50,120,102,59,25,24,NA,NA,NA,NA,NA,14,10,17,18,11,18,17,7,NA,NA,NA,NA,NA,2,1,1,1,1,1,2,1,6.450373173,NA,NA,NA,NA,NA,296,299,260,3,292,308,350,285,NA,NA,NA,NA,NA,6,7,8,9,10,11,12,13,8.071028709,392.3814697,0.402776808,3.011961222,0.452785552,39.43315887,2.565514326,7.25094986,364.1037292,-2.437377214,105.7782516,-1023.239558,-1477.489323,WhiteTroatedCaracara,20
1397,NA,NA,NA,NA,0,NA,0,0,NA,NA,0,NA,NA,NA,NA,NA,NA,100,NA,120,4,NA,NA,60,NA,NA,NA,NA,NA,NA,17,NA,14,10,NA,NA,18,NA,NA,NA,NA,NA,NA,1,NA,2,2,NA,NA,2,NA,NA,5.255451679,NA,NA,NA,NA,343,NA,365,51,NA,NA,335,NA,NA,NA,NA,NA,NA,5,NA,7,8,NA,NA,11,NA,NA,5.8434515,289.5523987,5.250873566,2.895944595,1.801577568,34.01478958,13.66923904,10.39417934,827.168396,1.184594512,212.4237823,-1003.239558,-1477.489323,WhiteTroatedCaracara,20
1398,NA,NA,NA,NA,NA,NA,NA,0,0,NA,0,NA,0,NA,NA,NA,NA,NA,NA,NA,112,5,NA,45,NA,15,NA,NA,NA,NA,NA,NA,NA,11,15,NA,18,NA,11,NA,NA,NA,NA,NA,NA,NA,2,3,NA,2,NA,1,3.703274488,NA,NA,NA,NA,NA,NA,NA,31,22,NA,250,NA,11,NA,NA,NA,NA,NA,NA,NA,8,9,NA,11,NA,13,6.12955904,234.3502197,3.19169879,3.510965586,2.965283394,40.67787933,9.740625381,12.42493057,819.1461182,1.390241146,177.1838989,-983.2395576,-1477.489323,WhiteTroatedCaracara,20
1399,NA,NA,NA,NA,NA,NA,NA,NA,0,NA,0,NA,0,NA,NA,NA,NA,NA,NA,NA,NA,10,NA,20,NA,111,NA,NA,NA,NA,NA,NA,NA,NA,15,NA,14,NA,10,NA,NA,NA,NA,NA,NA,NA,NA,3,NA,2,NA,1,5.945485115,NA,NA,NA,NA,NA,NA,NA,NA,22,NA,29,NA,312,NA,NA,NA,NA,NA,NA,NA,NA,9,NA,11,NA,13,5.300494194,166.2651062,3.912018538,3.250865221,6.342778206,34.65975571,11.73285103,11.79913998,1024.256104,1.327117443,136.4107513,-963.2395576,-1477.489323,WhiteTroatedCaracara,20
1400,NA,NA,NA,NA,NA,NA,NA,NA,NA,NA,NA,0,NA,NA,NA,NA,NA,NA,NA,NA,NA,NA,NA,NA,74,NA,NA,NA,NA,NA,NA,NA,NA,NA,NA,NA,NA,12,NA,NA,NA,NA,NA,NA,NA,NA,NA,NA,NA,NA,1,NA,4.493783951,NA,NA,NA,NA,NA,NA,NA,NA,NA,NA,NA,284,NA,NA,NA,NA,NA,NA,NA,NA,NA,NA,NA,NA,12,NA,4.930418491,113.9934998,3.244613886,1.276057839,13.02200699,31.4186306,14.90252209,12.47105694,1142.812622,2.852700949,67.66466522,-943.2395576,-1477.489323,WhiteTroatedCaracara,20
1406,NA,NA,NA,NA,NA,NA,NA,NA,0,NA,NA,NA,NA,NA,NA,NA,NA,NA,NA,NA,NA,9,NA,NA,NA,NA,NA,NA,NA,NA,NA,NA,NA,NA,10,NA,NA,NA,NA,NA,NA,NA,NA,NA,NA,NA,NA,2,NA,NA,NA,NA,4.69444418,NA,NA,NA,NA,NA,NA,NA,NA,33,NA,NA,NA,NA,NA,NA,NA,NA,NA,NA,NA,NA,9,NA,NA,NA,NA,9.593403816,25.52202606,35.08989334,5.266524315,0.488192558,7.485095024,7.49237299,44.03091049,556.0291748,-0.031675246,3.928082705,-823.2395576,-1477.489323,WhiteTroatedCaracara,20
1420,NA,NA,NA,NA,NA,NA,NA,NA,0,0,NA,0,NA,NA,NA,NA,NA,NA,NA,NA,NA,148,11,NA,128,NA,NA,NA,NA,NA,NA,NA,NA,NA,16,16,NA,9,NA,NA,NA,NA,NA,NA,NA,NA,NA,1,2,NA,1,NA,2.225596189,NA,NA,NA,NA,NA,NA,NA,NA,16,336,NA,15,NA,NA,NA,NA,NA,NA,NA,NA,NA,9,10,NA,12,NA,12.03301144,37.36096954,14.5763073,0.017705262,0.012576018,13.04405975,0,72.33151245,224.9935303,-0.105353191,16.83169556,-543.2395576,-1477.489323,WhiteTroatedCaracara,20
1421,NA,NA,NA,NA,NA,0,NA,NA,NA,0,0,0,0,NA,NA,NA,NA,NA,2,NA,NA,NA,4,20,10,3,NA,NA,NA,NA,NA,15,NA,NA,NA,16,12,10,8,NA,NA,NA,NA,NA,5,NA,NA,NA,1,1,1,5,3.48819375,NA,NA,NA,NA,NA,17,NA,NA,NA,336,325,249,10,NA,NA,NA,NA,NA,6,NA,NA,NA,10,11,12,13,12.62624645,37.97227097,20.28184319,0.030500663,0,11.00917339,0.119070917,68.41104126,90.62757111,-0.128693253,8.791670799,-523.2395576,-1477.489323,WhiteTroatedCaracara,20
1422,NA,NA,NA,NA,NA,NA,NA,0,0,NA,NA,0,0,NA,NA,NA,NA,NA,NA,NA,7,15,NA,NA,45,9,NA,NA,NA,NA,NA,NA,NA,7,10,NA,NA,17,17,NA,NA,NA,NA,NA,NA,NA,1,4,NA,NA,4,1,2.914039135,NA,NA,NA,NA,NA,NA,NA,38,300,NA,NA,38,9,NA,NA,NA,NA,NA,NA,NA,8,9,NA,NA,12,13,12.72171879,37.29289246,22.08160973,0,0,9.51181221,0.52890116,67.43943024,52.14080811,-0.108659953,4.802535534,-503.2395576,-1477.489323,WhiteTroatedCaracara,20
1423,NA,NA,NA,NA,NA,0,NA,NA,NA,0,NA,0,NA,NA,NA,NA,NA,NA,25,NA,NA,NA,26,NA,11,NA,NA,NA,NA,NA,NA,9,NA,NA,NA,10,NA,17,NA,NA,NA,NA,NA,NA,3,NA,NA,NA,1,NA,1,NA,2.073001146,NA,NA,NA,NA,NA,21,NA,NA,NA,273,NA,7,NA,NA,NA,NA,NA,NA,6,NA,NA,NA,10,NA,12,NA,12.60363102,36.99604416,27.78593063,0,0.023095522,9.610090256,0.540393949,61.80042648,53.86857224,-0.057922542,5.020554543,-483.2395576,-1477.489323,WhiteTroatedCaracara,20
1424,NA,NA,NA,NA,NA,NA,NA,NA,NA,0,0,0,NA,NA,NA,NA,NA,NA,NA,NA,NA,NA,21,39,21,NA,NA,NA,NA,NA,NA,NA,NA,NA,NA,17,9,16,NA,NA,NA,NA,NA,NA,NA,NA,NA,NA,2,2,1,NA,3.536664248,NA,NA,NA,NA,NA,NA,NA,NA,NA,292,291,336,NA,NA,NA,NA,NA,NA,NA,NA,NA,NA,10,11,12,NA,12.3292675,35.53686523,10.83129501,0,0,13.22152805,2.614449739,72.67457581,82.54940033,0.324253947,10.97007084,-463.2395576,-1477.489323,WhiteTroatedCaracara,20
1425,0,NA,NA,NA,NA,0,NA,0,0,NA,0,NA,0,270,NA,NA,NA,NA,60,NA,90,68,NA,250,NA,150,11,NA,NA,NA,NA,11,NA,12,16,NA,12,NA,13,3,NA,NA,NA,NA,1,NA,5,1,NA,2,NA,1,3.536664248,8,NA,NA,NA,NA,270,NA,31,18,NA,350,NA,17,1,NA,NA,NA,NA,6,NA,8,9,NA,11,NA,13,12.3292675,35.53686523,10.83129501,0,0,13.22152805,2.614449739,72.67457581,82.54940033,0.324253947,10.97007084,-443.2395576,-1477.489323,WhiteTroatedCaracara,20
1432,NA,NA,NA,NA,0,NA,NA,NA,NA,NA,NA,NA,NA,NA,NA,NA,NA,75,NA,NA,NA,NA,NA,NA,NA,NA,NA,NA,NA,NA,10,NA,NA,NA,NA,NA,NA,NA,NA,NA,NA,NA,NA,1,NA,NA,NA,NA,NA,NA,NA,NA,78.04821777,NA,NA,NA,NA,299,NA,NA,NA,NA,NA,NA,NA,NA,NA,NA,NA,NA,5,NA,NA,NA,NA,NA,NA,NA,NA,7.98339653,494.7344055,0.286158323,0.639314592,2.731644392,35.72838211,0.994969606,11.52163506,212.3498993,-1.630665183,44.27943802,-1103.239558,-1497.489323,WhiteTroatedCaracara,20
1438,NA,NA,NA,NA,NA,NA,NA,0,NA,NA,0,NA,0,NA,NA,NA,NA,NA,NA,NA,30,NA,NA,60,NA,53,NA,NA,NA,NA,NA,NA,NA,16,NA,NA,14,NA,12,NA,NA,NA,NA,NA,NA,NA,2,NA,NA,1,NA,1,4.82767868,NA,NA,NA,NA,NA,NA,NA,46,NA,NA,299,NA,352,NA,NA,NA,NA,NA,NA,NA,8,NA,NA,11,NA,13,6.055337429,238.9173737,2.976626396,2.87251091,3.675919533,41.08831024,9.888646126,14.24405956,809.0120239,-3.057548761,164.644989,-983.2395576,-1497.489323,WhiteTroatedCaracara,20
1439,NA,0,NA,NA,NA,NA,NA,NA,NA,NA,NA,NA,NA,NA,20,NA,NA,NA,NA,NA,NA,NA,NA,NA,NA,NA,NA,8,NA,NA,NA,NA,NA,NA,NA,NA,NA,NA,NA,NA,1,NA,NA,NA,NA,NA,NA,NA,NA,NA,NA,NA,15.33703709,NA,23,NA,NA,NA,NA,NA,NA,NA,NA,NA,NA,NA,NA,2,NA,NA,NA,NA,NA,NA,NA,NA,NA,NA,NA,4.540565491,157.2344055,3.214880943,2.001881123,10.57263088,31.48939133,9.937885284,11.39354038,1152.179688,2.830883026,118.3706818,-963.2395576,-1497.489323,WhiteTroatedCaracara,20
1440,NA,NA,NA,NA,NA,0,NA,NA,NA,NA,NA,0,NA,NA,NA,NA,NA,NA,61,NA,NA,NA,NA,NA,120,NA,NA,NA,NA,NA,NA,17,NA,NA,NA,NA,NA,12,NA,NA,NA,NA,NA,NA,2,NA,NA,NA,NA,NA,1,NA,8.229607582,NA,NA,NA,NA,NA,8,NA,NA,NA,NA,NA,283,NA,NA,NA,NA,NA,NA,6,NA,NA,NA,NA,NA,12,NA,4.457305908,111.3697662,4.871474743,0.326451689,10.87634373,24.57310295,17.09210396,12.59015369,1218.954346,-1.321550369,60.44227219,-943.2395576,-1497.489323,WhiteTroatedCaracara,20
1441,NA,NA,NA,0,NA,0,NA,NA,NA,NA,NA,NA,NA,NA,NA,NA,15,NA,6,NA,NA,NA,NA,NA,NA,NA,NA,NA,NA,17,NA,15,NA,NA,NA,NA,NA,NA,NA,NA,NA,NA,1,NA,2,NA,NA,NA,NA,NA,NA,NA,4.979279041,NA,NA,NA,11,NA,8,NA,NA,NA,NA,NA,NA,NA,NA,NA,NA,4,NA,6,NA,NA,NA,NA,NA,NA,NA,5.233159542,81.41420746,10.91605473,1.416701317,5.051028252,18.41080666,20.93606377,21.80861855,1137.280884,-0.317680925,50.65739059,-923.2395576,-1497.489323,WhiteTroatedCaracara,20
1442,NA,NA,NA,0,NA,NA,NA,NA,NA,NA,NA,NA,NA,NA,NA,NA,30,NA,NA,NA,NA,NA,NA,NA,NA,NA,NA,NA,NA,16,NA,NA,NA,NA,NA,NA,NA,NA,NA,NA,NA,NA,1,NA,NA,NA,NA,NA,NA,NA,NA,NA,6.192556858,NA,NA,NA,11,NA,NA,NA,NA,NA,NA,NA,NA,NA,NA,NA,NA,4,NA,NA,NA,NA,NA,NA,NA,NA,NA,6.363441467,59.60796738,18.80839348,0.597789347,0.221175343,14.64465618,17.22501564,48.16134644,1002.87915,-0.430693746,43.01040649,-903.2395576,-1497.489323,WhiteTroatedCaracara,20
1444,NA,NA,NA,0,NA,0,NA,NA,0,NA,NA,0,NA,NA,NA,NA,15,NA,38,NA,NA,40,NA,NA,1,NA,NA,NA,NA,11,NA,12,NA,NA,7,NA,NA,16,NA,NA,NA,NA,1,NA,2,NA,NA,3,NA,NA,1,NA,4.152945995,NA,NA,NA,11,NA,8,NA,NA,22,NA,NA,296,NA,NA,NA,NA,4,NA,6,NA,NA,9,NA,NA,12,NA,8.645655632,38.03578568,20.39815903,5.144758224,0.817893922,12.67389679,8.139019012,52.61734772,653.5523682,-0.0514374,2.851406097,-863.2395576,-1497.489323,WhiteTroatedCaracara,20
1458,NA,NA,NA,NA,NA,NA,NA,NA,NA,NA,NA,NA,0,NA,NA,NA,NA,NA,NA,NA,NA,NA,NA,NA,NA,3,NA,NA,NA,NA,NA,NA,NA,NA,NA,NA,NA,NA,18,NA,NA,NA,NA,NA,NA,NA,NA,NA,NA,NA,NA,1,5.225729942,NA,NA,NA,NA,NA,NA,NA,NA,NA,NA,NA,NA,319,NA,NA,NA,NA,NA,NA,NA,NA,NA,NA,NA,NA,13,10.38344288,34.10589981,20.12588882,0,0.050112516,11.91380787,1.177233338,66.67290497,529.5596924,1.078070641,14.82068157,-583.2395576,-1497.489323,WhiteTroatedCaracara,20
1459,NA,NA,NA,NA,NA,NA,NA,NA,NA,NA,NA,NA,0,NA,NA,NA,NA,NA,NA,NA,NA,NA,NA,NA,NA,1,NA,NA,NA,NA,NA,NA,NA,NA,NA,NA,NA,NA,14,NA,NA,NA,NA,NA,NA,NA,NA,NA,NA,NA,NA,2,4.776288033,NA,NA,NA,NA,NA,NA,NA,NA,NA,NA,NA,NA,27,NA,NA,NA,NA,NA,NA,NA,NA,NA,NA,NA,NA,13,11.7867136,36.62491226,18.48943901,0,0.116116002,10.30021667,1.002580404,69.72027588,267.8161316,0.231901467,23.624403,-563.2395576,-1497.489323,WhiteTroatedCaracara,20
1461,0,NA,0,NA,NA,0,0,0,0,0,0,0,0,150,NA,90,NA,NA,120,240,270,120,22,9,20,180,17,NA,11,NA,NA,15,15,14,6,8,18,10,9,1,NA,10,NA,NA,6,3,2,1,1,1,1,1,1.035314441,24,NA,302,NA,NA,269,57,270,327,338,302,297,355,1,NA,3,NA,NA,6,7,8,9,10,11,12,13,12.85326576,37.99716568,21.62479591,0.120147526,0,7.99752903,4.317948818,52.03303146,20.28934288,-0.084851339,1.114018083,-523.2395576,-1497.489323,WhiteTroatedCaracara,20
1469,NA,NA,NA,NA,NA,NA,NA,NA,NA,NA,NA,NA,0,NA,NA,NA,NA,NA,NA,NA,NA,NA,NA,NA,NA,1,NA,NA,NA,NA,NA,NA,NA,NA,NA,NA,NA,NA,16,NA,NA,NA,NA,NA,NA,NA,NA,NA,NA,NA,NA,1,49.16113663,NA,NA,NA,NA,NA,NA,NA,NA,NA,NA,NA,NA,268,NA,NA,NA,NA,NA,NA,NA,NA,NA,NA,NA,NA,13,6.648928642,445.9894409,2.098545074,3.083678246,1.268304944,41.66740417,3.61238718,10.94110203,524.0475464,-1.123588204,149.7751007,-1063.239558,-1517.489323,WhiteTroatedCaracara,20
1473,NA,NA,NA,NA,NA,0,0,0,0,NA,0,0,0,NA,NA,NA,NA,NA,14,60,5,10,NA,10,4,9,NA,NA,NA,NA,NA,9,8,17,13,NA,12,17,12,NA,NA,NA,NA,NA,2,5,1,3,NA,2,1,2,5.534170151,NA,NA,NA,NA,NA,284,51,288,22,NA,357,356,304,NA,NA,NA,NA,NA,6,7,8,9,NA,11,12,13,6.350853443,241.7997131,1.582684159,6.992128372,5.558312416,38.98952484,8.393424988,11.5966711,722.3687744,-2.280368567,172.7689667,-983.2395576,-1517.489323,WhiteTroatedCaracara,20
1474,NA,NA,0,NA,0,NA,NA,NA,NA,NA,NA,NA,0,NA,NA,60,NA,15,NA,NA,NA,NA,NA,NA,NA,20,NA,NA,16,NA,19,NA,NA,NA,NA,NA,NA,NA,13,NA,NA,2,NA,1,NA,NA,NA,NA,NA,NA,NA,4,6.164129257,NA,NA,48,NA,252,NA,NA,NA,NA,NA,NA,NA,281,NA,NA,3,NA,5,NA,NA,NA,NA,NA,NA,NA,13,5.578817368,171.3085632,2.544032574,4.157168865,8.299571037,33.74975967,11.92716026,12.70330715,922.3442993,-2.012673378,135.799942,-963.2395576,-1517.489323,WhiteTroatedCaracara,20
1475,NA,NA,NA,NA,NA,NA,NA,NA,NA,NA,NA,NA,0,NA,NA,NA,NA,NA,NA,NA,NA,NA,NA,NA,NA,56,NA,NA,NA,NA,NA,NA,NA,NA,NA,NA,NA,NA,19,NA,NA,NA,NA,NA,NA,NA,NA,NA,NA,NA,NA,2,9.862096786,NA,NA,NA,NA,NA,NA,NA,NA,NA,NA,NA,NA,362,NA,NA,NA,NA,NA,NA,NA,NA,NA,NA,NA,NA,13,5.701963425,120.6941757,2.217232943,2.466983795,12.14315033,31.27265739,13.2250843,11.88759804,955.1125488,1.019506335,79.04283142,-943.2395576,-1517.489323,WhiteTroatedCaracara,20
1476,NA,NA,NA,0,NA,NA,NA,NA,NA,NA,NA,NA,NA,NA,NA,NA,60,NA,NA,NA,NA,NA,NA,NA,NA,NA,NA,NA,NA,17,NA,NA,NA,NA,NA,NA,NA,NA,NA,NA,NA,NA,3,NA,NA,NA,NA,NA,NA,NA,NA,NA,9.890002251,NA,NA,NA,342,NA,NA,NA,NA,NA,NA,NA,NA,NA,NA,NA,NA,4,NA,NA,NA,NA,NA,NA,NA,NA,NA,5.598127842,83.90891266,17.39934349,1.34778738,4.896116734,21.28105736,18.41884422,33.26361847,1048.033936,-0.408005834,33.65491486,-923.2395576,-1517.489323,WhiteTroatedCaracara,20
1492,NA,NA,NA,NA,NA,NA,NA,NA,NA,0,NA,NA,NA,NA,NA,NA,NA,NA,NA,NA,NA,NA,15,NA,NA,NA,NA,NA,NA,NA,NA,NA,NA,NA,NA,8,NA,NA,NA,NA,NA,NA,NA,NA,NA,NA,NA,NA,1,NA,NA,NA,8.336333275,NA,NA,NA,NA,NA,NA,NA,NA,NA,325,NA,NA,NA,NA,NA,NA,NA,NA,NA,NA,NA,NA,10,NA,NA,NA,11.03549862,35.54959869,31.57868576,0,0,7.150727272,3.02156353,58.16348267,375.4819946,-0.720253527,14.80098438,-603.2395576,-1517.489323,WhiteTroatedCaracara,20
1493,NA,NA,NA,NA,NA,NA,NA,NA,NA,NA,0,NA,NA,NA,NA,NA,NA,NA,NA,NA,NA,NA,NA,10,NA,NA,NA,NA,NA,NA,NA,NA,NA,NA,NA,NA,8,NA,NA,NA,NA,NA,NA,NA,NA,NA,NA,NA,NA,3,NA,NA,3.034512758,NA,NA,NA,NA,NA,NA,NA,NA,NA,NA,49,NA,NA,NA,NA,NA,NA,NA,NA,NA,NA,NA,NA,11,NA,NA,10.9980545,35.12804413,16.05628967,0,0.11566323,9.566644669,2.374724865,71.22392273,403.051239,0.985339344,31.33698463,-583.2395576,-1517.489323,WhiteTroatedCaracara,20
1495,NA,NA,NA,NA,0,NA,NA,NA,NA,NA,NA,NA,NA,NA,NA,NA,NA,90,NA,NA,NA,NA,NA,NA,NA,NA,NA,NA,NA,NA,10,NA,NA,NA,NA,NA,NA,NA,NA,NA,NA,NA,NA,2,NA,NA,NA,NA,NA,NA,NA,NA,115.5742645,NA,NA,NA,NA,297,NA,NA,NA,NA,NA,NA,NA,NA,NA,NA,NA,NA,5,NA,NA,NA,NA,NA,NA,NA,NA,7.697849274,474.4341736,0.10048715,0.671260118,2.544015169,36.38801193,1.739616632,12.45872021,178.6840668,0.095892906,57.19251633,-1163.239558,-1537.489323,WhiteTroatedCaracara,20
1500,NA,NA,NA,NA,NA,NA,NA,NA,NA,NA,0,NA,NA,NA,NA,NA,NA,NA,NA,NA,NA,NA,NA,67,NA,NA,NA,NA,NA,NA,NA,NA,NA,NA,NA,NA,16,NA,NA,NA,NA,NA,NA,NA,NA,NA,NA,NA,NA,1,NA,NA,43.58522034,NA,NA,NA,NA,NA,NA,NA,NA,NA,NA,332,NA,NA,NA,NA,NA,NA,NA,NA,NA,NA,NA,NA,11,NA,NA,6.69352293,449.930481,2.643291712,1.711448312,0.663181961,35.59010315,2.71658349,6.940367222,482.1350708,1.207544684,110.0778961,-1063.239558,-1537.489323,WhiteTroatedCaracara,20
1502,NA,NA,NA,NA,NA,0,NA,NA,NA,NA,NA,0,0,NA,NA,NA,NA,NA,30,NA,NA,NA,NA,NA,61,30,NA,NA,NA,NA,NA,12,NA,NA,NA,NA,NA,14,17,NA,NA,NA,NA,NA,2,NA,NA,NA,NA,NA,1,1,17.90563202,NA,NA,NA,NA,NA,284,NA,NA,NA,NA,NA,35,260,NA,NA,NA,NA,NA,6,NA,NA,NA,NA,NA,12,13,5.65272522,346.5113525,2.593597889,3.562329769,2.864574671,40.84952927,11.45652866,13.10690403,778.7546997,1.707661986,218.4856262,-1023.239558,-1537.489323,WhiteTroatedCaracara,20
1503,NA,NA,NA,NA,NA,NA,NA,NA,NA,NA,NA,0,NA,NA,NA,NA,NA,NA,NA,NA,NA,NA,NA,NA,7,NA,NA,NA,NA,NA,NA,NA,NA,NA,NA,NA,NA,10,NA,NA,NA,NA,NA,NA,NA,NA,NA,NA,NA,NA,1,NA,8.915786743,NA,NA,NA,NA,NA,NA,NA,NA,NA,NA,NA,35,NA,NA,NA,NA,NA,NA,NA,NA,NA,NA,NA,NA,12,NA,4.890616417,267.9299316,1.853589535,3.159054279,4.035899162,40.41203308,10.71126556,14.72737217,971.7128296,0.064037845,183.6680756,-1003.239558,-1537.489323,WhiteTroatedCaracara,20
1504,NA,0,NA,NA,NA,NA,NA,NA,NA,NA,NA,NA,0,NA,20,NA,NA,NA,NA,NA,NA,NA,NA,NA,NA,13,NA,9,NA,NA,NA,NA,NA,NA,NA,NA,NA,NA,17,NA,1,NA,NA,NA,NA,NA,NA,NA,NA,NA,NA,1,3.947517872,NA,45,NA,NA,NA,NA,NA,NA,NA,NA,NA,NA,352,NA,2,NA,NA,NA,NA,NA,NA,NA,NA,NA,NA,13,5.468587399,226.3985291,2.986195564,4.587609291,6.881895065,34.57434845,12.94287491,14.90797615,880.6680908,0.720658839,206.5052338,-983.2395576,-1537.489323,WhiteTroatedCaracara,20
1505,NA,0,NA,NA,NA,NA,0,NA,NA,NA,NA,NA,NA,NA,20,NA,NA,NA,NA,10,NA,NA,NA,NA,NA,NA,NA,9,NA,NA,NA,NA,17,NA,NA,NA,NA,NA,NA,NA,1,NA,NA,NA,NA,2,NA,NA,NA,NA,NA,NA,4.15660429,NA,35,NA,NA,NA,NA,28,NA,NA,NA,NA,NA,NA,NA,2,NA,NA,NA,NA,7,NA,NA,NA,NA,NA,NA,5.299739838,164.6678009,3.186719179,4.586423874,8.841799736,32.37769699,13.2134428,14.37014294,966.2202148,2.381304979,135.139267,-963.2395576,-1537.489323,WhiteTroatedCaracara,20
1506,NA,NA,NA,NA,NA,NA,NA,NA,0,NA,0,0,0,NA,NA,NA,NA,NA,NA,NA,NA,5,NA,10,65,72,NA,NA,NA,NA,NA,NA,NA,NA,12,NA,14,15,14,NA,NA,NA,NA,NA,NA,NA,NA,3,NA,2,1,4,3.876794338,NA,NA,NA,NA,NA,NA,NA,NA,22,NA,357,312,281,NA,NA,NA,NA,NA,NA,NA,NA,9,NA,11,12,13,6.112857342,123.7468872,2.350231647,6.395339489,13.85118771,29.32315063,14.18584728,16.08873367,839.9973755,-0.961558819,58.5762558,-943.2395576,-1537.489323,WhiteTroatedCaracara,20
1507,NA,0,NA,0,NA,0,NA,NA,0,0,0,0,0,NA,46,NA,30,NA,13,NA,NA,30,300,129,30,15,NA,18,NA,16,NA,12,NA,NA,10,15,8,16,13,NA,5,NA,3,NA,2,NA,NA,3,10,2,2,1,2.608305216,NA,21,NA,342,NA,339,NA,NA,22,39,355,276,268,NA,2,NA,4,NA,6,NA,NA,9,10,11,12,13,6.713049889,90.8596344,13.82050514,3.832287312,3.3616817,19.87665939,16.84619713,40.71203995,798.4244995,-0.190005809,29.97514343,-923.2395576,-1537.489323,WhiteTroatedCaracara,20
1508,NA,NA,NA,NA,NA,NA,NA,NA,0,NA,NA,NA,NA,NA,NA,NA,NA,NA,NA,NA,NA,20,NA,NA,NA,NA,NA,NA,NA,NA,NA,NA,NA,NA,10,NA,NA,NA,NA,NA,NA,NA,NA,NA,NA,NA,NA,3,NA,NA,NA,NA,3.478624821,NA,NA,NA,NA,NA,NA,NA,NA,22,NA,NA,NA,NA,NA,NA,NA,NA,NA,NA,NA,NA,9,NA,NA,NA,NA,6.770242691,64.13780212,26.33763504,0.532021105,1.344815731,14.37050152,11.56013489,44.37149048,850.8461304,-0.575250566,13.48366451,-903.2395576,-1537.489323,WhiteTroatedCaracara,20
1511,NA,NA,NA,NA,NA,NA,NA,NA,0,NA,NA,NA,NA,NA,NA,NA,NA,NA,NA,NA,NA,2,NA,NA,NA,NA,NA,NA,NA,NA,NA,NA,NA,NA,21,NA,NA,NA,NA,NA,NA,NA,NA,NA,NA,NA,NA,3,NA,NA,NA,NA,3.175712824,NA,NA,NA,NA,NA,NA,NA,NA,21,NA,NA,NA,NA,NA,NA,NA,NA,NA,NA,NA,NA,9,NA,NA,NA,NA,9.047734261,33.69156647,45.08343124,1.503643155,0.562028885,3.877064466,4.07669735,44.50599289,596.6757813,-0.067485586,4.335724831,-843.2395576,-1537.489323,WhiteTroatedCaracara,20
1513,NA,NA,NA,NA,NA,NA,NA,NA,0,NA,NA,NA,NA,NA,NA,NA,NA,NA,NA,NA,NA,1,NA,NA,NA,NA,NA,NA,NA,NA,NA,NA,NA,NA,11,NA,NA,NA,NA,NA,NA,NA,NA,NA,NA,NA,NA,2,NA,NA,NA,NA,3.157445192,NA,NA,NA,NA,NA,NA,NA,NA,33,NA,NA,NA,NA,NA,NA,NA,NA,NA,NA,NA,NA,9,NA,NA,NA,NA,9.934412003,27.82228279,35.19298935,0.706961393,1.109017968,6.660984516,8.518416405,47.54803085,491.8829346,-0.118351512,7.60343647,-803.2395576,-1537.489323,WhiteTroatedCaracara,20
1514,NA,NA,NA,NA,NA,NA,NA,NA,NA,NA,NA,0,0,NA,NA,NA,NA,NA,NA,NA,NA,NA,NA,NA,13,23,NA,NA,NA,NA,NA,NA,NA,NA,NA,NA,NA,13,19,NA,NA,NA,NA,NA,NA,NA,NA,NA,NA,NA,1,1,4.012121677,NA,NA,NA,NA,NA,NA,NA,NA,NA,NA,NA,305,355,NA,NA,NA,NA,NA,NA,NA,NA,NA,NA,NA,12,13,9.317263603,24.3585968,41.97067261,0.340642452,0.346161455,4.481430054,10.35346413,42.22481537,626.8388672,0.33646968,33.15644073,-783.2395576,-1537.489323,WhiteTroatedCaracara,20
1515,NA,NA,NA,NA,NA,NA,NA,NA,NA,NA,0,NA,NA,NA,NA,NA,NA,NA,NA,NA,NA,NA,NA,2,NA,NA,NA,NA,NA,NA,NA,NA,NA,NA,NA,NA,20,NA,NA,NA,NA,NA,NA,NA,NA,NA,NA,NA,NA,3,NA,NA,3.789714098,NA,NA,NA,NA,NA,NA,NA,NA,NA,NA,25,NA,NA,NA,NA,NA,NA,NA,NA,NA,NA,NA,NA,11,NA,NA,9.083133698,21.72988892,34.85602188,0.538961589,0.075638637,8.176996231,11.62562275,44.47208786,680.2588501,0.161602035,41.44898987,-763.2395576,-1537.489323,WhiteTroatedCaracara,20
1516,NA,NA,NA,NA,NA,NA,NA,0,NA,NA,NA,NA,NA,NA,NA,NA,NA,NA,NA,NA,48,NA,NA,NA,NA,NA,NA,NA,NA,NA,NA,NA,NA,8,NA,NA,NA,NA,NA,NA,NA,NA,NA,NA,NA,NA,3,NA,NA,NA,NA,NA,4.635361195,NA,NA,NA,NA,NA,NA,NA,43,NA,NA,NA,NA,NA,NA,NA,NA,NA,NA,NA,NA,8,NA,NA,NA,NA,NA,10.45625401,23.34076691,17.63011169,0.081814289,0.073467642,2.979119539,6.373042107,21.46422386,366.4386597,0.398075104,24.86496925,-743.2395576,-1537.489323,WhiteTroatedCaracara,20
1523,NA,NA,NA,NA,NA,NA,NA,NA,NA,NA,0,NA,NA,NA,NA,NA,NA,NA,NA,NA,NA,NA,NA,1,NA,NA,NA,NA,NA,NA,NA,NA,NA,NA,NA,NA,11,NA,NA,NA,NA,NA,NA,NA,NA,NA,NA,NA,NA,1,NA,NA,5.096468925,NA,NA,NA,NA,NA,NA,NA,NA,NA,NA,298,NA,NA,NA,NA,NA,NA,NA,NA,NA,NA,NA,NA,11,NA,NA,10.03450012,33.02390671,22.7130661,0.780361652,0.316223413,12.44873238,2.897949696,60.0164299,572.3214111,0.585458994,27.47710037,-603.2395576,-1537.489323,WhiteTroatedCaracara,20
1524,NA,NA,NA,NA,NA,NA,NA,0,0,NA,NA,NA,0,NA,NA,NA,NA,NA,NA,NA,180,300,NA,NA,NA,42,NA,NA,NA,NA,NA,NA,NA,13,9,NA,NA,NA,12,NA,NA,NA,NA,NA,NA,NA,2,2,NA,NA,NA,1,11.48008728,NA,NA,NA,NA,NA,NA,NA,244,315,NA,NA,NA,282,NA,NA,NA,NA,NA,NA,NA,8,9,NA,NA,NA,13,11.88555813,37.66685486,15.69773293,0.102222614,0.232339799,6.670667171,5.567540646,44.67979813,186.5028534,-0.827867806,36.603405,-583.2395576,-1537.489323,WhiteTroatedCaracara,20
1529,NA,NA,NA,NA,NA,NA,NA,NA,0,NA,NA,NA,NA,NA,NA,NA,NA,NA,NA,NA,NA,52,NA,NA,NA,NA,NA,NA,NA,NA,NA,NA,NA,NA,11,NA,NA,NA,NA,NA,NA,NA,NA,NA,NA,NA,NA,1,NA,NA,NA,NA,92.42398834,NA,NA,NA,NA,NA,NA,NA,NA,248,NA,NA,NA,NA,NA,NA,NA,NA,NA,NA,NA,NA,9,NA,NA,NA,NA,7.746515274,485.5531311,0,0.243753955,3.584549189,37.42049789,4.085265636,17.92265701,242.2148438,-0.569197655,101.5320663,-1123.239558,-1557.489323,WhiteTroatedCaracara,20
1531,NA,NA,NA,NA,NA,NA,0,NA,NA,NA,NA,NA,NA,NA,NA,NA,NA,NA,NA,60,NA,NA,NA,NA,NA,NA,NA,NA,NA,NA,NA,NA,10,NA,NA,NA,NA,NA,NA,NA,NA,NA,NA,NA,NA,2,NA,NA,NA,NA,NA,NA,35.24654388,NA,NA,NA,NA,NA,NA,283,NA,NA,NA,NA,NA,NA,NA,NA,NA,NA,NA,NA,7,NA,NA,NA,NA,NA,NA,6.652884483,447.1240234,0.266701788,3.748052359,2.326079369,41.32787704,4.317995548,9.80056572,470.5792847,1.437654138,127.1369629,-1083.239558,-1557.489323,WhiteTroatedCaracara,20
1532,NA,NA,NA,NA,NA,NA,NA,NA,NA,0,0,NA,NA,NA,NA,NA,NA,NA,NA,NA,NA,NA,10,17,NA,NA,NA,NA,NA,NA,NA,NA,NA,NA,NA,7,11,NA,NA,NA,NA,NA,NA,NA,NA,NA,NA,NA,1,1,NA,NA,35.24654388,NA,NA,NA,NA,NA,NA,NA,NA,NA,346,331,NA,NA,NA,NA,NA,NA,NA,NA,NA,NA,NA,10,11,NA,NA,6.652884483,447.1240234,0.266701788,3.748052359,2.326079369,41.32787704,4.317995548,9.80056572,470.5792847,1.437654138,127.1369629,-1063.239558,-1557.489323,WhiteTroatedCaracara,20
1534,0,NA,0,NA,NA,0,0,0,0,0,0,0,0,300,NA,46,NA,NA,45,60,53,163,4,90,60,60,10,NA,13,NA,NA,9,14,11,9,18,10,12,20,2,NA,2,NA,NA,1,1,2,2,1,2,2,1,4.53729105,23,NA,48,NA,NA,299,270,353,16,333,339,244,335,1,NA,3,NA,NA,6,7,8,9,10,11,12,13,7.701972008,414.4115906,0.878601074,5.530842304,3.796849489,38.61493301,4.424768925,6.578566074,332.4507141,-1.630692244,139.9814301,-1023.239558,-1557.489323,WhiteTroatedCaracara,20
1535,0,NA,NA,NA,0,NA,NA,0,0,0,0,0,0,187,NA,NA,NA,60,NA,NA,15,118,10,55,27,60,11,NA,NA,NA,11,NA,NA,11,13,10,16,18,15,1,NA,NA,NA,2,NA,NA,1,1,6,2,1,3,4.93287468,38,NA,NA,NA,33,NA,NA,353,284,41,256,284,281,1,NA,NA,NA,5,NA,NA,8,9,10,11,12,13,7.272913933,334.4474487,0.273176432,5.829105854,2.938947439,45.55812073,4.135799885,8.621829033,457.4325256,-0.679058671,158.4234619,-1003.239558,-1557.489323,WhiteTroatedCaracara,20
1536,NA,NA,NA,NA,NA,NA,0,0,0,0,0,0,0,NA,NA,NA,NA,NA,NA,60,180,100,1,56,15,31,NA,NA,NA,NA,NA,NA,12,12,11,17,9,10,19,NA,NA,NA,NA,NA,NA,2,3,3,1,1,1,2,4.995707035,NA,NA,NA,NA,NA,NA,266,305,22,57,352,10,337,NA,NA,NA,NA,NA,NA,7,8,9,10,11,12,13,5.19124651,216.9193115,2.724174976,4.074173927,5.646203041,39.90118027,8.538934708,13.88374996,913.5971069,0.639973521,189.9780884,-983.2395576,-1557.489323,WhiteTroatedCaracara,20
1537,NA,NA,NA,0,0,0,0,0,0,0,0,0,0,NA,NA,NA,30,240,150,60,30,90,120,10,50,90,NA,NA,NA,9,9,11,14,11,13,9,9,14,16,NA,NA,NA,2,1,1,4,4,3,1,1,1,1,3.25190568,NA,NA,NA,302,257,288,276,259,23,266,262,257,253,NA,NA,NA,4,5,6,7,8,9,10,11,12,13,6.010252476,168.1771088,2.4247365,8.755103111,11.79468632,29.17245483,11.34377193,12.53531265,797.192688,1.104302406,87.48962402,-963.2395576,-1557.489323,WhiteTroatedCaracara,20
1538,NA,0,0,0,0,0,NA,0,0,0,0,0,0,NA,60,120,25,65,60,NA,120,60,130,120,35,149,NA,15,11,10,15,10,NA,13,12,10,12,16,13,NA,2,3,3,4,2,NA,3,3,1,1,1,1,4.293767452,NA,296,10,299,277,245,NA,262,329,285,347,245,275,NA,2,3,4,5,6,NA,8,9,10,11,12,13,5.566196918,113.0408478,5.789023399,2.469885111,14.51657867,27.44822121,14.86480522,22.42734909,940.7243042,-0.232986331,57.4871521,-943.2395576,-1557.489323,WhiteTroatedCaracara,20
1539,NA,0,NA,0,NA,0,NA,0,0,NA,0,0,0,NA,35,NA,10,NA,70,NA,120,180,NA,15,120,5,NA,14,NA,11,NA,19,NA,14,8,NA,18,10,12,NA,5,NA,3,NA,1,NA,4,3,NA,2,2,3,3.53692627,NA,21,NA,299,NA,310,NA,288,298,NA,341,290,35,NA,2,NA,4,NA,6,NA,8,9,NA,11,12,13,6.582312584,86.1460495,18.10967064,2.288731098,3.192206621,19.31847954,14.39720535,41.11861801,811.4544678,-0.094205685,30.7271328,-923.2395576,-1557.489323,WhiteTroatedCaracara,20
1544,NA,NA,NA,NA,NA,NA,0,0,0,0,0,0,0,NA,NA,NA,NA,NA,NA,10,14,19,6,18,21,5,NA,NA,NA,NA,NA,NA,15,14,11,13,10,14,9,NA,NA,NA,NA,NA,NA,2,3,2,2,1,1,1,3.161153793,NA,NA,NA,NA,NA,NA,285,43,33,8,16,305,307,NA,NA,NA,NA,NA,NA,7,8,9,10,11,12,13,9.602499008,31.26107025,47.39168549,0.431815237,0.259237885,2.824235916,5.463427544,43.52038574,529.4784546,0.074940652,4.286430836,-823.2395576,-1557.489323,WhiteTroatedCaracara,20
1547,NA,NA,NA,0,NA,NA,NA,NA,NA,NA,NA,NA,NA,NA,NA,NA,180,NA,NA,NA,NA,NA,NA,NA,NA,NA,NA,NA,NA,9,NA,NA,NA,NA,NA,NA,NA,NA,NA,NA,NA,NA,4,NA,NA,NA,NA,NA,NA,NA,NA,NA,4.610777378,NA,NA,NA,29,NA,NA,NA,NA,NA,NA,NA,NA,NA,NA,NA,NA,4,NA,NA,NA,NA,NA,NA,NA,NA,NA,8.489937782,22.86634636,31.03878212,1.906841874,0.032133125,9.412362099,15.16840458,41.4436264,804.7983398,1.710004926,42.52673721,-763.2395576,-1557.489323,WhiteTroatedCaracara,20
1548,NA,NA,NA,0,NA,0,0,0,NA,0,0,0,0,NA,NA,NA,120,NA,60,5,60,NA,18,180,60,22,NA,NA,NA,17,NA,15,13,19,NA,19,16,14,17,NA,NA,NA,1,NA,1,2,1,NA,2,1,1,1,3.403402328,NA,NA,NA,59,NA,249,285,331,NA,332,295,342,296,NA,NA,NA,4,NA,6,7,8,NA,10,11,12,13,10.28808594,23.95519257,12.27840996,2.655291557,0.705047548,10.25807095,8.533554077,48.52476501,429.8783569,-0.657750785,23.2170639,-743.2395576,-1557.489323,WhiteTroatedCaracara,20
1549,NA,NA,0,NA,NA,0,0,0,NA,0,0,0,0,NA,NA,15,NA,NA,13,20,120,NA,15,35,41,4,NA,NA,12,NA,NA,12,12,7,NA,18,6,14,10,NA,NA,3,NA,NA,1,2,2,NA,1,1,1,1,5.154620171,NA,NA,17,NA,NA,337,285,24,NA,4,280,253,296,NA,NA,3,NA,NA,6,7,8,NA,10,11,12,13,10.9670105,24.68838882,10.47694397,13.34982681,1.786649942,10.20772552,18.10420227,40.8320961,272.31073,0.04131005,1.881632447,-723.2395576,-1557.489323,WhiteTroatedCaracara,20
1552,NA,NA,NA,NA,NA,NA,NA,0,NA,NA,NA,NA,NA,NA,NA,NA,NA,NA,NA,NA,10,NA,NA,NA,NA,NA,NA,NA,NA,NA,NA,NA,NA,9,NA,NA,NA,NA,NA,NA,NA,NA,NA,NA,NA,NA,1,NA,NA,NA,NA,NA,3.388982058,NA,NA,NA,NA,NA,NA,NA,40,NA,NA,NA,NA,NA,NA,NA,NA,NA,NA,NA,NA,8,NA,NA,NA,NA,NA,10.6608448,28.39744186,36.65830612,0.350595862,0.627329171,7.152860165,8.738604546,45.53350449,430.7874451,-0.528336525,24.89069939,-663.2395576,-1557.489323,WhiteTroatedCaracara,20
1553,NA,NA,NA,NA,NA,NA,NA,NA,NA,NA,0,NA,0,NA,NA,NA,NA,NA,NA,NA,NA,NA,NA,30,NA,25,NA,NA,NA,NA,NA,NA,NA,NA,NA,NA,8,NA,8,NA,NA,NA,NA,NA,NA,NA,NA,NA,NA,1,NA,1,2.435366392,NA,NA,NA,NA,NA,NA,NA,NA,NA,NA,283,NA,17,NA,NA,NA,NA,NA,NA,NA,NA,NA,NA,11,NA,13,9.924406052,29.72533035,31.74620247,0.731965303,0.120078966,8.341193199,6.019768238,52.7104187,579.7484741,0.223651156,17.07669449,-643.2395576,-1557.489323,WhiteTroatedCaracara,20
1554,NA,NA,NA,NA,NA,NA,NA,NA,0,0,0,0,0,NA,NA,NA,NA,NA,NA,NA,NA,5,5,46,36,72,NA,NA,NA,NA,NA,NA,NA,NA,12,7,8,11,9,NA,NA,NA,NA,NA,NA,NA,NA,1,1,1,1,1,2.458217382,NA,NA,NA,NA,NA,NA,NA,NA,39,340,317,339,334,NA,NA,NA,NA,NA,NA,NA,NA,9,10,11,12,13,9.8676157,31.40060806,26.1396656,1.238912225,0.305957198,15.00074005,6.077006817,49.15144348,599.3234253,0.053991612,22.17406082,-623.2395576,-1557.489323,WhiteTroatedCaracara,20
1555,NA,NA,NA,NA,NA,NA,NA,0,0,0,0,NA,0,NA,NA,NA,NA,NA,NA,NA,60,180,31,2,NA,90,NA,NA,NA,NA,NA,NA,NA,19,13,18,11,NA,17,NA,NA,NA,NA,NA,NA,NA,4,1,3,3,NA,2,4.898449898,NA,NA,NA,NA,NA,NA,NA,301,293,349,298,NA,302,NA,NA,NA,NA,NA,NA,NA,8,9,10,11,NA,13,11.43149281,38.15591812,15.45880508,2.625111103,0.576595008,12.05397701,3.543397665,62.32777023,316.748291,-0.048537012,40.3172493,-603.2395576,-1557.489323,WhiteTroatedCaracara,20
1556,NA,NA,NA,0,NA,NA,0,0,0,0,0,0,0,NA,NA,NA,120,NA,NA,120,180,240,120,240,120,60,NA,NA,NA,14,NA,NA,9,9,9,9,15,11,13,NA,NA,NA,1,NA,NA,1,1,1,1,1,1,1,11.48008728,NA,NA,NA,308,NA,NA,332,281,288,250,312,283,274,NA,NA,NA,4,NA,NA,7,8,9,10,11,12,13,11.88555813,37.66685486,15.69773293,0.102222614,0.232339799,6.670667171,5.567540646,44.67979813,186.5028534,-0.827867806,36.603405,-583.2395576,-1557.489323,WhiteTroatedCaracara,20
1560,NA,NA,NA,NA,NA,NA,NA,NA,0,NA,NA,NA,NA,NA,NA,NA,NA,NA,NA,NA,NA,1,NA,NA,NA,NA,NA,NA,NA,NA,NA,NA,NA,NA,19,NA,NA,NA,NA,NA,NA,NA,NA,NA,NA,NA,NA,1,NA,NA,NA,NA,73.28637695,NA,NA,NA,NA,NA,NA,NA,NA,334,NA,NA,NA,NA,NA,NA,NA,NA,NA,NA,NA,NA,9,NA,NA,NA,NA,8.173603058,493.6858826,0.045601729,0.022160091,0.713092923,39.22351837,1.615273476,10.12064934,156.6170197,-0.25538373,54.76503372,-1103.239558,-1577.489323,WhiteTroatedCaracara,20
1561,0,NA,NA,NA,NA,NA,NA,NA,NA,NA,NA,NA,NA,90,NA,NA,NA,NA,NA,NA,NA,NA,NA,NA,NA,NA,10,NA,NA,NA,NA,NA,NA,NA,NA,NA,NA,NA,NA,2,NA,NA,NA,NA,NA,NA,NA,NA,NA,NA,NA,NA,61.91555405,287,NA,NA,NA,NA,NA,NA,NA,NA,NA,NA,NA,NA,1,NA,NA,NA,NA,NA,NA,NA,NA,NA,NA,NA,NA,7.316186905,461.9276733,0,0.687926292,0.270032167,29.03766632,0.697329879,5.890350819,249.9563904,0.419169545,70.91195679,-1083.239558,-1577.489323,WhiteTroatedCaracara,20
1562,NA,NA,0,NA,NA,NA,NA,NA,NA,NA,NA,NA,NA,NA,NA,30,NA,NA,NA,NA,NA,NA,NA,NA,NA,NA,NA,NA,10,NA,NA,NA,NA,NA,NA,NA,NA,NA,NA,NA,NA,6,NA,NA,NA,NA,NA,NA,NA,NA,NA,NA,36.63618851,NA,NA,18,NA,NA,NA,NA,NA,NA,NA,NA,NA,NA,NA,NA,3,NA,NA,NA,NA,NA,NA,NA,NA,NA,NA,6.815792561,442.1029663,0.371608496,3.288546801,1.553117275,41.11120224,3.028278828,8.919249535,452.3466797,-0.991461277,132.155838,-1063.239558,-1577.489323,WhiteTroatedCaracara,20
1563,0,NA,0,NA,NA,NA,NA,NA,NA,NA,NA,NA,NA,120,NA,180,NA,NA,NA,NA,NA,NA,NA,NA,NA,NA,18,NA,8,NA,NA,NA,NA,NA,NA,NA,NA,NA,NA,2,NA,2,NA,NA,NA,NA,NA,NA,NA,NA,NA,NA,20.35791779,287,NA,19,NA,NA,NA,NA,NA,NA,NA,NA,NA,NA,1,NA,3,NA,NA,NA,NA,NA,NA,NA,NA,NA,NA,6.026816368,392.983429,1.042063236,2.207026482,1.377038121,45.4789238,4.033599854,11.45203495,634.7684326,-0.470759541,146.4356842,-1043.239558,-1577.489323,WhiteTroatedCaracara,20
1564,NA,NA,NA,NA,NA,NA,NA,NA,NA,NA,0,NA,NA,NA,NA,NA,NA,NA,NA,NA,NA,NA,NA,60,NA,NA,NA,NA,NA,NA,NA,NA,NA,NA,NA,NA,17,NA,NA,NA,NA,NA,NA,NA,NA,NA,NA,NA,NA,2,NA,NA,15.05458927,NA,NA,NA,NA,NA,NA,NA,NA,NA,NA,17,NA,NA,NA,NA,NA,NA,NA,NA,NA,NA,NA,NA,11,NA,NA,5.812839031,341.3439636,2.393340111,3.223383904,1.844460368,41.20294189,6.938380718,9.455324173,698.2109375,-0.353838921,165.3778381,-1023.239558,-1577.489323,WhiteTroatedCaracara,20
1565,NA,NA,NA,NA,NA,NA,NA,NA,NA,NA,NA,0,NA,NA,NA,NA,NA,NA,NA,NA,NA,NA,NA,NA,55,NA,NA,NA,NA,NA,NA,NA,NA,NA,NA,NA,NA,17,NA,NA,NA,NA,NA,NA,NA,NA,NA,NA,NA,NA,1,NA,21.50499535,NA,NA,NA,NA,NA,NA,NA,NA,NA,NA,NA,345,NA,NA,NA,NA,NA,NA,NA,NA,NA,NA,NA,NA,12,NA,6.550071716,299.2450562,0.60383904,4.624728203,2.734813929,46.4937439,3.117826462,10.26416111,578.9654541,-1.394067049,157.4013367,-1003.239558,-1577.489323,WhiteTroatedCaracara,20
1566,NA,NA,NA,NA,NA,0,0,0,NA,0,0,0,0,NA,NA,NA,NA,NA,90,90,105,NA,250,60,65,26,NA,NA,NA,NA,NA,16,17,17,NA,16,10,15,10,NA,NA,NA,NA,NA,1,2,1,NA,3,2,1,3,13.52668476,NA,NA,NA,NA,NA,279,48,332,NA,351,294,265,364,NA,NA,NA,NA,NA,6,7,8,NA,10,11,12,13,5.91242218,214.6556396,2.633406162,11.06685543,5.165681362,32.03824997,12.89007378,12.48377132,751.6323242,-0.504970789,147.1616516,-983.2395576,-1577.489323,WhiteTroatedCaracara,20
1567,NA,0,NA,0,0,0,0,0,0,0,0,0,0,NA,10,NA,45,120,10,60,10,10,5,15,180,59,NA,16,NA,6,10,23,16,14,19,12,17,10,9,NA,2,NA,1,1,1,2,1,3,1,1,3,1,2.781916142,NA,341,NA,353,305,266,290,355,23,288,264,364,269,NA,2,NA,4,5,6,7,8,9,10,11,12,13,6.881175518,171.4461823,1.708956242,18.41100121,8.114949226,24.3286438,12.18223286,15.70748711,597.3123169,0.267835408,69.63999176,-963.2395576,-1577.489323,WhiteTroatedCaracara,20
1568,NA,NA,NA,0,NA,NA,NA,NA,0,NA,NA,0,NA,NA,NA,NA,15,NA,NA,NA,NA,5,NA,NA,60,NA,NA,NA,NA,17,NA,NA,NA,NA,11,NA,NA,12,NA,NA,NA,NA,2,NA,NA,NA,NA,3,NA,NA,2,NA,6.675842762,NA,NA,NA,335,NA,NA,NA,NA,24,NA,NA,303,NA,NA,NA,NA,4,NA,NA,NA,NA,9,NA,NA,12,NA,5.742108345,112.3586884,1.388682485,4.374146938,16.21282959,31.01177216,11.1152792,11.40873432,860.9886475,0.545726597,51.78052139,-943.2395576,-1577.489323,WhiteTroatedCaracara,20
1569,NA,NA,NA,NA,NA,NA,NA,NA,NA,NA,NA,NA,0,NA,NA,NA,NA,NA,NA,NA,NA,NA,NA,NA,NA,52,NA,NA,NA,NA,NA,NA,NA,NA,NA,NA,NA,NA,10,NA,NA,NA,NA,NA,NA,NA,NA,NA,NA,NA,NA,1,11.17854691,NA,NA,NA,NA,NA,NA,NA,NA,NA,NA,NA,NA,23,NA,NA,NA,NA,NA,NA,NA,NA,NA,NA,NA,NA,13,5.324602127,79.39293671,10.57660007,4.026284695,9.239649773,23.92169571,17.30281258,27.46421432,1023.03595,0.734523654,40.03737259,-923.2395576,-1577.489323,WhiteTroatedCaracara,20
1574,NA,NA,NA,NA,NA,NA,NA,NA,0,NA,0,0,0,NA,NA,NA,NA,NA,NA,NA,NA,15,NA,4,31,18,NA,NA,NA,NA,NA,NA,NA,NA,20,NA,9,20,12,NA,NA,NA,NA,NA,NA,NA,NA,3,NA,2,1,1,3.681706429,NA,NA,NA,NA,NA,NA,NA,NA,21,NA,25,282,248,NA,NA,NA,NA,NA,NA,NA,NA,9,NA,11,12,13,9.604096413,32.51164627,46.72445679,0.520162463,0.414627701,2.754584551,4.201814175,45.20256042,536.5278931,-0.130413324,9.119545937,-823.2395576,-1577.489323,WhiteTroatedCaracara,20
1578,NA,NA,NA,NA,0,0,0,NA,NA,NA,0,NA,NA,NA,NA,NA,NA,60,60,120,NA,NA,NA,60,NA,NA,NA,NA,NA,NA,10,11,17,NA,NA,NA,11,NA,NA,NA,NA,NA,NA,1,1,1,NA,NA,NA,1,NA,NA,4.496790409,NA,NA,NA,NA,306,43,290,NA,NA,NA,267,NA,NA,NA,NA,NA,NA,5,6,7,NA,NA,NA,11,NA,NA,10.58290577,26.28946304,29.61450005,1.361108541,0.158553168,9.04865551,6.401614666,53.1480484,418.3108826,-0.542583644,27.41176033,-743.2395576,-1577.489323,WhiteTroatedCaracara,20
1579,NA,NA,NA,NA,NA,0,NA,0,NA,0,0,0,NA,NA,NA,NA,NA,NA,30,NA,120,NA,48,45,120,NA,NA,NA,NA,NA,NA,10,NA,8,NA,9,11,16,NA,NA,NA,NA,NA,NA,1,NA,2,NA,2,1,1,NA,2.968542337,NA,NA,NA,NA,NA,274,NA,25,NA,333,309,356,NA,NA,NA,NA,NA,NA,6,NA,8,NA,10,11,12,NA,10.86118793,26.33481789,31.20830345,1.157997847,0.467945933,7.088424206,7.736403465,51.97877121,351.9594421,-0.125118777,12.56431675,-723.2395576,-1577.489323,WhiteTroatedCaracara,20
1580,NA,NA,NA,NA,NA,NA,NA,NA,NA,NA,0,NA,NA,NA,NA,NA,NA,NA,NA,NA,NA,NA,NA,7,NA,NA,NA,NA,NA,NA,NA,NA,NA,NA,NA,NA,8,NA,NA,NA,NA,NA,NA,NA,NA,NA,NA,NA,NA,1,NA,NA,3.133093596,NA,NA,NA,NA,NA,NA,NA,NA,NA,NA,280,NA,NA,NA,NA,NA,NA,NA,NA,NA,NA,NA,NA,11,NA,NA,10.75499058,25.75082588,34.20672989,0.100868225,0.703131855,6.789711952,7.105671406,50.19354248,383.1758728,-0.158669904,14.95247364,-703.2395576,-1577.489323,WhiteTroatedCaracara,20
1582,NA,NA,NA,NA,NA,NA,NA,0,NA,NA,NA,NA,NA,NA,NA,NA,NA,NA,NA,NA,10,NA,NA,NA,NA,NA,NA,NA,NA,NA,NA,NA,NA,8,NA,NA,NA,NA,NA,NA,NA,NA,NA,NA,NA,NA,1,NA,NA,NA,NA,NA,4.446608543,NA,NA,NA,NA,NA,NA,NA,40,NA,NA,NA,NA,NA,NA,NA,NA,NA,NA,NA,NA,8,NA,NA,NA,NA,NA,9.647029877,26.68325424,31.14824486,0.463333309,0.386030048,8.316056252,5.271512032,54.18906784,630.5239868,0.310724705,20.71921539,-663.2395576,-1577.489323,WhiteTroatedCaracara,20
1583,NA,NA,NA,NA,NA,NA,NA,0,NA,NA,0,0,NA,NA,NA,NA,NA,NA,NA,NA,124,NA,NA,60,13,NA,NA,NA,NA,NA,NA,NA,NA,17,NA,NA,16,14,NA,NA,NA,NA,NA,NA,NA,NA,1,NA,NA,1,1,NA,1.737703443,NA,NA,NA,NA,NA,NA,NA,41,NA,NA,290,244,NA,NA,NA,NA,NA,NA,NA,NA,8,NA,NA,11,12,NA,9.521892548,28.40805626,34.66355133,1.159495115,0.338146389,11.64145756,4.984605312,43.36828613,663.9145508,0.263921797,25.44446945,-643.2395576,-1577.489323,WhiteTroatedCaracara,20
1584,NA,NA,NA,NA,NA,0,NA,0,0,0,0,0,NA,NA,NA,NA,NA,NA,20,NA,180,5,180,111,4,NA,NA,NA,NA,NA,NA,12,NA,9,10,9,8,8,NA,NA,NA,NA,NA,NA,2,NA,1,1,1,1,1,NA,2.712524891,NA,NA,NA,NA,NA,32,NA,309,41,326,286,292,NA,NA,NA,NA,NA,NA,6,NA,8,9,10,11,12,NA,10.84279156,33.47265625,10.04723454,0.024144625,0.352135241,14.71608162,0.829229176,70.71644592,427.5180664,-0.156942233,41.9029274,-623.2395576,-1577.489323,WhiteTroatedCaracara,20
1585,0,0,0,0,0,0,0,0,0,0,0,0,0,20,240,135,165,15,120,180,300,180,30,45,60,51,18,15,10,7,13,10,13,9,9,7,10,15,9,3,1,2,2,1,1,1,2,1,2,1,2,1,2.159242392,8,50,246,360,349,313,344,289,252,287,340,282,307,1,2,3,4,5,6,7,8,9,10,11,12,13,12.30905151,41.19255447,9.515041351,0,0.155710503,6.083940029,1.555812478,41.4553833,127.1991196,0.196685731,26.75207138,-603.2395576,-1577.489323,WhiteTroatedCaracara,20
1586,NA,NA,NA,NA,NA,NA,NA,0,0,0,0,0,0,NA,NA,NA,NA,NA,NA,NA,60,30,30,63,21,15,NA,NA,NA,NA,NA,NA,NA,9,13,8,9,18,19,NA,NA,NA,NA,NA,NA,NA,2,4,2,1,1,2,2.159242392,NA,NA,NA,NA,NA,NA,NA,44,28,287,349,338,341,NA,NA,NA,NA,NA,NA,NA,8,9,10,11,12,13,12.30905151,41.19255447,9.515041351,0,0.155710503,6.083940029,1.555812478,41.4553833,127.1991196,0.196685731,26.75207138,-583.2395576,-1577.489323,WhiteTroatedCaracara,20
1589,NA,NA,NA,NA,0,NA,NA,NA,NA,NA,NA,NA,NA,NA,NA,NA,NA,30,NA,NA,NA,NA,NA,NA,NA,NA,NA,NA,NA,NA,16,NA,NA,NA,NA,NA,NA,NA,NA,NA,NA,NA,NA,1,NA,NA,NA,NA,NA,NA,NA,NA,141.217865,NA,NA,NA,NA,2,NA,NA,NA,NA,NA,NA,NA,NA,NA,NA,NA,NA,5,NA,NA,NA,NA,NA,NA,NA,NA,7.672013283,488.7478333,0.514076114,0.879436493,1.796503425,21.54127121,6.556147099,10.1686182,171.7395782,-2.603176594,81.04030609,-1163.239558,-1597.489323,WhiteTroatedCaracara,20
1591,NA,NA,NA,NA,0,NA,NA,NA,NA,NA,NA,NA,NA,NA,NA,NA,NA,60,NA,NA,NA,NA,NA,NA,NA,NA,NA,NA,NA,NA,15,NA,NA,NA,NA,NA,NA,NA,NA,NA,NA,NA,NA,2,NA,NA,NA,NA,NA,NA,NA,NA,95.82872772,NA,NA,NA,NA,295,NA,NA,NA,NA,NA,NA,NA,NA,NA,NA,NA,NA,5,NA,NA,NA,NA,NA,NA,NA,NA,7.686014652,484.8854065,0,0.033323038,0.912164807,31.34404755,2.658567667,11.83555126,201.7744598,-0.408832371,61.27662277,-1123.239558,-1597.489323,WhiteTroatedCaracara,20
1593,0,NA,NA,NA,NA,NA,NA,0,NA,NA,NA,NA,NA,60,NA,NA,NA,NA,NA,NA,90,NA,NA,NA,NA,NA,15,NA,NA,NA,NA,NA,NA,9,NA,NA,NA,NA,NA,2,NA,NA,NA,NA,NA,NA,2,NA,NA,NA,NA,NA,61.91555405,287,NA,NA,NA,NA,NA,NA,30,NA,NA,NA,NA,NA,1,NA,NA,NA,NA,NA,NA,8,NA,NA,NA,NA,NA,7.316186905,461.9276733,0,0.687926292,0.270032167,29.03766632,0.697329879,5.890350819,249.9563904,0.419169545,70.91195679,-1083.239558,-1597.489323,WhiteTroatedCaracara,20
1597,NA,NA,NA,NA,NA,NA,NA,NA,NA,NA,NA,0,NA,NA,NA,NA,NA,NA,NA,NA,NA,NA,NA,NA,30,NA,NA,NA,NA,NA,NA,NA,NA,NA,NA,NA,NA,16,NA,NA,NA,NA,NA,NA,NA,NA,NA,NA,NA,NA,2,NA,36.5786705,NA,NA,NA,NA,NA,NA,NA,NA,NA,NA,NA,319,NA,NA,NA,NA,NA,NA,NA,NA,NA,NA,NA,NA,12,NA,4.941064835,253.4227142,4.901898384,2.810909748,4.155696869,33.53767776,11.04598904,11.5891428,875.6686401,2.633185387,182.7062378,-1003.239558,-1597.489323,WhiteTroatedCaracara,20
1598,NA,0,NA,NA,NA,NA,NA,0,NA,NA,0,0,NA,NA,50,NA,NA,NA,NA,NA,15,NA,NA,120,47,NA,NA,7,NA,NA,NA,NA,NA,21,NA,NA,7,19,NA,NA,1,NA,NA,NA,NA,NA,2,NA,NA,1,1,NA,23.26287651,NA,39,NA,NA,NA,NA,NA,24,NA,NA,291,14,NA,NA,2,NA,NA,NA,NA,NA,8,NA,NA,11,12,NA,5.245716095,197.5691376,6.723926067,5.857086182,5.798379898,27.70707321,15.35015202,12.82816124,864.65802,2.91421771,190.0544586,-983.2395576,-1597.489323,WhiteTroatedCaracara,20
1599,NA,0,NA,0,NA,NA,NA,NA,NA,0,0,0,0,NA,15,NA,180,NA,NA,NA,NA,NA,120,200,50,1,NA,12,NA,16,NA,NA,NA,NA,NA,16,15,14,13,NA,1,NA,2,NA,NA,NA,NA,NA,1,3,1,1,9.234694481,NA,45,NA,344,NA,NA,NA,NA,NA,357,307,251,284,NA,2,NA,4,NA,NA,NA,NA,NA,10,11,12,13,6.135159969,145.2427063,2.029811859,15.98031425,6.388517857,23.14280319,14.43196869,17.88487816,710.8131714,-1.456052423,99.37020874,-963.2395576,-1597.489323,WhiteTroatedCaracara,20
1600,0,0,0,0,0,0,0,0,NA,0,0,0,0,2,125,9,14,30,65,5,190,NA,72,15,55,5,9,10,16,0,14,17,11,9,NA,11,17,16,12,1,3,3,2,2,4,1,1,NA,1,2,1,5,3.406672716,32,36,291,11,262,283,56,50,NA,354,354,326,35,1,2,3,4,5,6,7,8,NA,10,11,12,13,6.721117973,100.2719269,3.135393381,17.31043053,5.274564743,21.25906181,16.23727608,20.1739254,635.1400146,-1.612701058,40.89208984,-943.2395576,-1597.489323,WhiteTroatedCaracara,20
1601,NA,NA,NA,NA,NA,NA,NA,NA,0,NA,NA,NA,0,NA,NA,NA,NA,NA,NA,NA,NA,15,NA,NA,NA,120,NA,NA,NA,NA,NA,NA,NA,NA,11,NA,NA,NA,12,NA,NA,NA,NA,NA,NA,NA,NA,2,NA,NA,NA,1,7.278781414,NA,NA,NA,NA,NA,NA,NA,NA,14,NA,NA,NA,16,NA,NA,NA,NA,NA,NA,NA,NA,9,NA,NA,NA,13,6.362944126,68.5769043,12.20220184,6.789441586,2.077436447,19.4489212,18.50148773,32.42259216,805.3493652,-0.129065245,34.29843903,-923.2395576,-1597.489323,WhiteTroatedCaracara,20
1605,NA,NA,NA,NA,NA,NA,NA,NA,0,NA,NA,NA,0,NA,NA,NA,NA,NA,NA,NA,NA,10,NA,NA,NA,4,NA,NA,NA,NA,NA,NA,NA,NA,20,NA,NA,NA,16,NA,NA,NA,NA,NA,NA,NA,NA,3,NA,NA,NA,2,3.445214748,NA,NA,NA,NA,NA,NA,NA,NA,21,NA,NA,NA,305,NA,NA,NA,NA,NA,NA,NA,NA,9,NA,NA,NA,13,8.833868027,33.5063324,43.655056,0.650510311,0.291385889,4.047060966,6.231433392,45.08728027,637.4987183,-0.06291198,6.342552662,-843.2395576,-1597.489323,WhiteTroatedCaracara,20
1606,NA,NA,NA,NA,NA,NA,NA,NA,NA,NA,0,NA,NA,NA,NA,NA,NA,NA,NA,NA,NA,NA,NA,2,NA,NA,NA,NA,NA,NA,NA,NA,NA,NA,NA,NA,21,NA,NA,NA,NA,NA,NA,NA,NA,NA,NA,NA,NA,3,NA,NA,2.94616127,NA,NA,NA,NA,NA,NA,NA,NA,NA,NA,25,NA,NA,NA,NA,NA,NA,NA,NA,NA,NA,NA,NA,11,NA,NA,9.39129734,32.52595901,50.44436646,0,0.097882152,1.168697834,3.394939184,44.77161789,589.5773926,-0.064316094,3.772871017,-823.2395576,-1597.489323,WhiteTroatedCaracara,20
1609,NA,NA,NA,0,NA,NA,NA,NA,NA,NA,NA,NA,NA,NA,NA,NA,120,NA,NA,NA,NA,NA,NA,NA,NA,NA,NA,NA,NA,16,NA,NA,NA,NA,NA,NA,NA,NA,NA,NA,NA,NA,1,NA,NA,NA,NA,NA,NA,NA,NA,NA,2.270637989,NA,NA,NA,53,NA,NA,NA,NA,NA,NA,NA,NA,NA,NA,NA,NA,4,NA,NA,NA,NA,NA,NA,NA,NA,NA,10.7251873,30.34747887,33.58406067,0.660906255,0.22615698,8.221717834,11.84694481,44.46191788,439.9968567,-0.104576088,19.70766449,-763.2395576,-1597.489323,WhiteTroatedCaracara,20
1612,NA,NA,NA,0,0,0,0,NA,0,0,0,0,NA,NA,NA,NA,105,120,60,60,NA,120,120,120,60,NA,NA,NA,NA,18,16,16,18,NA,16,11,16,16,NA,NA,NA,NA,1,1,1,1,NA,1,1,1,1,NA,4.780099392,NA,NA,NA,47,32,353,20,NA,307,363,326,346,NA,NA,NA,NA,4,5,6,7,NA,9,10,11,12,NA,10.071661,25.08906364,31.57302856,0.249498919,0.101591453,8.08571434,2.100809097,57.4824791,558.4614868,0.008021975,22.68455315,-703.2395576,-1597.489323,WhiteTroatedCaracara,20
1614,NA,NA,NA,NA,NA,NA,0,NA,NA,NA,NA,0,NA,NA,NA,NA,NA,NA,NA,60,NA,NA,NA,NA,120,NA,NA,NA,NA,NA,NA,NA,8,NA,NA,NA,NA,13,NA,NA,NA,NA,NA,NA,NA,2,NA,NA,NA,NA,1,NA,2.910036087,NA,NA,NA,NA,NA,NA,345,NA,NA,NA,NA,310,NA,NA,NA,NA,NA,NA,NA,7,NA,NA,NA,NA,12,NA,9.786542892,26.24525452,25.73526955,0.767567039,0.371654987,13.16200161,6.362356663,52.72624969,622.5547485,0.596925378,23.66979599,-663.2395576,-1597.489323,WhiteTroatedCaracara,20
1617,NA,NA,NA,0,0,NA,0,NA,0,0,0,0,0,NA,NA,NA,7,30,NA,103,NA,30,5,11,11,12,NA,NA,NA,13,11,NA,17,NA,16,15,12,9,16,NA,NA,NA,4,1,NA,2,NA,1,1,1,1,1,2.159242392,NA,NA,NA,9,358,NA,333,NA,43,32,318,294,337,NA,NA,NA,4,5,NA,7,NA,9,10,11,12,13,12.30905151,41.19255447,9.515041351,0,0.155710503,6.083940029,1.555812478,41.4553833,127.1991196,0.196685731,26.75207138,-603.2395576,-1597.489323,WhiteTroatedCaracara,20
1629,NA,NA,NA,NA,NA,NA,NA,NA,0,0,NA,NA,NA,NA,NA,NA,NA,NA,NA,NA,NA,100,180,NA,NA,NA,NA,NA,NA,NA,NA,NA,NA,NA,10,13,NA,NA,NA,NA,NA,NA,NA,NA,NA,NA,NA,1,2,NA,NA,NA,18.43877792,NA,NA,NA,NA,NA,NA,NA,NA,46,327,NA,NA,NA,NA,NA,NA,NA,NA,NA,NA,NA,9,10,NA,NA,NA,3.376023769,167.4843903,16.39922905,3.074799776,4.413692474,19.54358292,19.85590172,18.29337692,1228.905151,-0.928438485,205.6740417,-983.2395576,-1617.489323,WhiteTroatedCaracara,20
1630,NA,NA,NA,NA,0,0,0,0,0,0,0,0,0,NA,NA,NA,NA,120,60,120,15,95,30,180,95,30,NA,NA,NA,NA,13,16,11,14,9,16,10,17,10,NA,NA,NA,NA,2,2,4,1,1,1,3,5,1,6.261752605,NA,NA,NA,NA,24,7,44,317,45,359,36,307,263,NA,NA,NA,NA,5,6,7,8,9,10,11,12,13,3.491156101,122.4671097,14.13513374,1.773006082,5.693747044,21.35522079,19.44279671,21.50633621,1258.218506,3.419186831,166.2336273,-963.2395576,-1617.489323,WhiteTroatedCaracara,20
1631,NA,NA,0,0,0,0,0,0,0,0,0,0,0,NA,NA,15,10,15,60,155,5,4,60,20,14,36,NA,NA,0,9,13,9,8,11,10,10,14,19,13,NA,NA,2,2,2,2,2,2,2,1,2,3,1,4.959142208,NA,NA,51,345,53,313,329,29,55,313,282,307,306,NA,NA,3,4,5,6,7,8,9,10,11,12,13,4.017982006,87.29710388,20.05246544,4.508606434,4.210264683,14.43562508,20.41324425,30.79786682,1201.708618,0.529285729,92.22470093,-943.2395576,-1617.489323,WhiteTroatedCaracara,20
1632,NA,NA,NA,NA,NA,NA,NA,NA,NA,NA,NA,0,NA,NA,NA,NA,NA,NA,NA,NA,NA,NA,NA,NA,25,NA,NA,NA,NA,NA,NA,NA,NA,NA,NA,NA,NA,19,NA,NA,NA,NA,NA,NA,NA,NA,NA,NA,NA,NA,2,NA,3.45328474,NA,NA,NA,NA,NA,NA,NA,NA,NA,NA,NA,35,NA,NA,NA,NA,NA,NA,NA,NA,NA,NA,NA,NA,12,NA,5.563327789,62.50865173,16.62835312,3.717557907,0.720561087,16.99019432,19.91467476,40.57894897,953.3328247,-0.077513136,44.26288223,-923.2395576,-1617.489323,WhiteTroatedCaracara,20
1636,NA,NA,NA,NA,NA,NA,NA,NA,0,NA,NA,NA,0,NA,NA,NA,NA,NA,NA,NA,NA,10,NA,NA,NA,18,NA,NA,NA,NA,NA,NA,NA,NA,10,NA,NA,NA,14,NA,NA,NA,NA,NA,NA,NA,NA,2,NA,NA,NA,1,4.475590706,NA,NA,NA,NA,NA,NA,NA,NA,39,NA,NA,NA,53,NA,NA,NA,NA,NA,NA,NA,NA,9,NA,NA,NA,13,8.541038513,31.46311569,45.63151169,0.167999685,0.137795135,3.482508659,5.874890804,44.53651047,701.569458,-0.027682943,8.739390373,-843.2395576,-1617.489323,WhiteTroatedCaracara,20
1648,NA,NA,NA,NA,NA,NA,NA,NA,0,NA,NA,NA,NA,NA,NA,NA,NA,NA,NA,NA,NA,3,NA,NA,NA,NA,NA,NA,NA,NA,NA,NA,NA,NA,12,NA,NA,NA,NA,NA,NA,NA,NA,NA,NA,NA,NA,2,NA,NA,NA,NA,2.391838551,NA,NA,NA,NA,NA,NA,NA,NA,2,NA,NA,NA,NA,NA,NA,NA,NA,NA,NA,NA,NA,9,NA,NA,NA,NA,12.22237396,38.63318634,25.25286102,0,0.166185573,7.551478863,6.456279755,54.67484283,95.12805939,-0.327532291,14.34143162,-603.2395576,-1617.489323,WhiteTroatedCaracara,20
1653,NA,NA,NA,NA,0,NA,NA,NA,NA,NA,NA,NA,NA,NA,NA,NA,NA,60,NA,NA,NA,NA,NA,NA,NA,NA,NA,NA,NA,NA,12,NA,NA,NA,NA,NA,NA,NA,NA,NA,NA,NA,NA,1,NA,NA,NA,NA,NA,NA,NA,NA,115.3603134,NA,NA,NA,NA,292,NA,NA,NA,NA,NA,NA,NA,NA,NA,NA,NA,NA,5,NA,NA,NA,NA,NA,NA,NA,NA,7.474316597,499.1064148,0.258794308,0.089311667,2.904985189,36.55770111,7.187023163,22.06586075,280.4751282,-2.951866627,121.157692,-1123.239558,-1637.489323,WhiteTroatedCaracara,20
1654,NA,NA,0,NA,NA,NA,NA,NA,NA,NA,NA,NA,NA,NA,NA,15,NA,NA,NA,NA,NA,NA,NA,NA,NA,NA,NA,NA,8,NA,NA,NA,NA,NA,NA,NA,NA,NA,NA,NA,NA,10,NA,NA,NA,NA,NA,NA,NA,NA,NA,NA,97.68000793,NA,NA,21,NA,NA,NA,NA,NA,NA,NA,NA,NA,NA,NA,NA,3,NA,NA,NA,NA,NA,NA,NA,NA,NA,NA,7.378248215,485.242218,0.030757593,0.571346045,0.620738029,42.37659836,3.784250021,15.01712322,284.8148193,0.440986931,112.1640091,-1103.239558,-1637.489323,WhiteTroatedCaracara,20
1658,NA,NA,NA,NA,NA,NA,NA,NA,NA,NA,NA,0,NA,NA,NA,NA,NA,NA,NA,NA,NA,NA,NA,NA,3,NA,NA,NA,NA,NA,NA,NA,NA,NA,NA,NA,NA,11,NA,NA,NA,NA,NA,NA,NA,NA,NA,NA,NA,NA,1,NA,31.90695,NA,NA,NA,NA,NA,NA,NA,NA,NA,NA,NA,338,NA,NA,NA,NA,NA,NA,NA,NA,NA,NA,NA,NA,12,NA,4.313338757,267.354187,9.064513206,3.34980464,3.317521811,26.86048317,14.64259148,15.89139843,958.9396973,1.470200777,151.3260498,-1023.239558,-1637.489323,WhiteTroatedCaracara,20
1659,NA,NA,NA,NA,NA,NA,NA,0,NA,NA,NA,NA,NA,NA,NA,NA,NA,NA,NA,NA,60,NA,NA,NA,NA,NA,NA,NA,NA,NA,NA,NA,NA,13,NA,NA,NA,NA,NA,NA,NA,NA,NA,NA,NA,NA,2,NA,NA,NA,NA,NA,16.29250526,NA,NA,NA,NA,NA,NA,NA,308,NA,NA,NA,NA,NA,NA,NA,NA,NA,NA,NA,NA,8,NA,NA,NA,NA,NA,4.068343163,211.0995483,12.1492424,1.490030408,3.859243393,26.33983421,14.98250103,19.18270302,1044.443848,-1.62244308,179.7553406,-1003.239558,-1637.489323,WhiteTroatedCaracara,20
1660,NA,NA,NA,0,NA,NA,NA,NA,NA,NA,0,0,NA,NA,NA,NA,30,NA,NA,NA,NA,NA,NA,15,240,NA,NA,NA,NA,10,NA,NA,NA,NA,NA,NA,13,15,NA,NA,NA,NA,2,NA,NA,NA,NA,NA,NA,2,1,NA,5.353611469,NA,NA,NA,348,NA,NA,NA,NA,NA,NA,288,260,NA,NA,NA,NA,4,NA,NA,NA,NA,NA,NA,11,12,NA,5.443709373,158.566391,5.078567505,3.039778948,5.785485268,29.78727341,15.07347012,16.45503998,810.0874023,-2.80317378,156.6878204,-983.2395576,-1637.489323,WhiteTroatedCaracara,20
1661,NA,NA,0,NA,NA,0,0,NA,0,0,0,0,0,NA,NA,30,NA,NA,2,25,NA,120,60,180,23,17,NA,NA,11,NA,NA,10,15,NA,13,14,16,11,18,NA,NA,2,NA,NA,3,1,NA,1,2,1,1,1,2.896795034,NA,NA,284,NA,NA,248,35,NA,1,326,250,310,316,NA,NA,3,NA,NA,6,7,NA,9,10,11,12,13,6.029699802,109.3605347,8.285102844,3.825951576,8.278948784,23.69738197,18.56108856,21.75282478,742.7514038,-2.441901684,106.7794571,-963.2395576,-1637.489323,WhiteTroatedCaracara,20
1662,NA,NA,NA,NA,0,0,0,0,0,0,0,0,0,NA,NA,NA,NA,30,30,15,3,10,60,94,11,30,NA,NA,NA,NA,9,15,12,14,15,16,9,13,9,NA,NA,NA,NA,1,1,1,2,3,2,2,1,1,5.087232113,NA,NA,NA,NA,56,340,57,330,18,312,314,254,263,NA,NA,NA,NA,5,6,7,8,9,10,11,12,13,4.371004581,76.30307007,19.5879364,2.112319708,2.082305431,14.88461018,23.3003273,28.47568512,1148.936646,1.580034375,115.2668381,-943.2395576,-1637.489323,WhiteTroatedCaracara,20
1664,NA,NA,NA,NA,NA,NA,0,NA,0,NA,NA,NA,NA,NA,NA,NA,NA,NA,NA,90,NA,60,NA,NA,NA,NA,NA,NA,NA,NA,NA,NA,9,NA,21,NA,NA,NA,NA,NA,NA,NA,NA,NA,NA,1,NA,3,NA,NA,NA,NA,5.506283283,NA,NA,NA,NA,NA,NA,57,NA,18,NA,NA,NA,NA,NA,NA,NA,NA,NA,NA,7,NA,9,NA,NA,NA,NA,7.086155415,38.79581833,44.74538803,0.398175061,0.041761078,5.025034428,7.692239285,41.65994263,759.9675903,0.982450485,29.05175018,-903.2395576,-1637.489323,WhiteTroatedCaracara,20
1679,0,NA,NA,0,NA,0,0,0,0,0,0,0,0,15,NA,NA,20,NA,45,60,120,60,60,17,11,7,11,NA,NA,17,NA,11,17,15,12,14,15,11,19,3,NA,NA,3,NA,2,3,2,4,2,2,1,1,2.391838551,17,NA,NA,257,NA,35,24,246,327,294,291,337,304,1,NA,NA,4,NA,6,7,8,9,10,11,12,13,12.22237396,38.63318634,25.25286102,0,0.166185573,7.551478863,6.456279755,54.67484283,95.12805939,-0.327532291,14.34143162,-603.2395576,-1637.489323,WhiteTroatedCaracara,20
1688,NA,NA,NA,NA,NA,NA,NA,0,NA,0,NA,0,0,NA,NA,NA,NA,NA,NA,NA,5,NA,10,NA,60,15,NA,NA,NA,NA,NA,NA,NA,11,NA,12,NA,12,19,NA,NA,NA,NA,NA,NA,NA,1,NA,1,NA,1,1,55.73758316,NA,NA,NA,NA,NA,NA,NA,30,NA,15,NA,18,308,NA,NA,NA,NA,NA,NA,NA,8,NA,10,NA,12,13,6.509182453,397.3731689,1.093479276,2.189319372,2.661248446,41.81649399,9.528074265,14.94450283,489.3387451,1.141578913,182.882782,-1063.239558,-1657.489323,WhiteTroatedCaracara,20
1690,NA,NA,NA,NA,NA,NA,NA,0,NA,NA,NA,NA,NA,NA,NA,NA,NA,NA,NA,NA,15,NA,NA,NA,NA,NA,NA,NA,NA,NA,NA,NA,NA,14,NA,NA,NA,NA,NA,NA,NA,NA,NA,NA,NA,NA,1,NA,NA,NA,NA,NA,19.66157341,NA,NA,NA,NA,NA,NA,NA,29,NA,NA,NA,NA,NA,NA,NA,NA,NA,NA,NA,NA,8,NA,NA,NA,NA,NA,4.666965008,259.5187683,4.543996811,3.89474535,4.13676548,31.00331497,15.46679974,14.41958714,888.9758301,-0.07156983,188.4511261,-1023.239558,-1657.489323,WhiteTroatedCaracara,20
1694,NA,NA,NA,NA,NA,NA,NA,0,0,0,NA,0,NA,NA,NA,NA,NA,NA,NA,NA,10,120,60,NA,45,NA,NA,NA,NA,NA,NA,NA,NA,18,15,18,NA,10,NA,NA,NA,NA,NA,NA,NA,NA,2,3,2,NA,2,NA,5.694223881,NA,NA,NA,NA,NA,NA,NA,330,299,260,NA,47,NA,NA,NA,NA,NA,NA,NA,NA,8,9,10,NA,12,NA,8.702098846,60.36901093,5.034316063,0.568650126,0.557990432,5.77945137,8.062581062,10.18258286,258.0131226,-2.324800968,25.33296776,-943.2395576,-1657.489323,WhiteTroatedCaracara,20
1698,NA,NA,NA,NA,NA,NA,NA,NA,NA,0,NA,0,0,NA,NA,NA,NA,NA,NA,NA,NA,NA,2,NA,3,41,NA,NA,NA,NA,NA,NA,NA,NA,NA,15,NA,17,9,NA,NA,NA,NA,NA,NA,NA,NA,NA,1,NA,5,2,4.677401066,NA,NA,NA,NA,NA,NA,NA,NA,NA,5,NA,356,320,NA,NA,NA,NA,NA,NA,NA,NA,NA,10,NA,12,13,9.006136894,28.89761543,50.10931396,0.013025291,0.424099654,0.882220447,3.706878901,44.66642761,563.3245239,-0.243206486,14.95330334,-863.2395576,-1657.489323,WhiteTroatedCaracara,20
1699,NA,NA,NA,NA,NA,NA,NA,NA,NA,0,NA,NA,0,NA,NA,NA,NA,NA,NA,NA,NA,NA,108,NA,NA,8,NA,NA,NA,NA,NA,NA,NA,NA,NA,8,NA,NA,8,NA,NA,NA,NA,NA,NA,NA,NA,NA,1,NA,NA,1,3.529542685,NA,NA,NA,NA,NA,NA,NA,NA,NA,30,NA,NA,54,NA,NA,NA,NA,NA,NA,NA,NA,NA,10,NA,NA,13,9.275148392,30.47428322,44.77258301,0.117436826,0.405108482,3.885568142,6.720282555,44.04550552,590.4924316,0.494826883,25.9624939,-843.2395576,-1657.489323,WhiteTroatedCaracara,20
1701,NA,0,NA,0,NA,NA,NA,NA,NA,NA,NA,NA,NA,NA,60,NA,5,NA,NA,NA,NA,NA,NA,NA,NA,NA,NA,11,NA,18,NA,NA,NA,NA,NA,NA,NA,NA,NA,NA,1,NA,1,NA,NA,NA,NA,NA,NA,NA,NA,NA,5.636790752,NA,53,NA,9,NA,NA,NA,NA,NA,NA,NA,NA,NA,NA,2,NA,4,NA,NA,NA,NA,NA,NA,NA,NA,NA,11.01455593,40.46332932,42.77310944,0.736651242,0.354394823,5.463984489,7.712929249,42.62998962,419.6177368,-0.231052518,18.19630432,-803.2395576,-1657.489323,WhiteTroatedCaracara,20
1704,NA,NA,NA,NA,NA,NA,NA,NA,NA,NA,NA,NA,0,NA,NA,NA,NA,NA,NA,NA,NA,NA,NA,NA,NA,10,NA,NA,NA,NA,NA,NA,NA,NA,NA,NA,NA,NA,11,NA,NA,NA,NA,NA,NA,NA,NA,NA,NA,NA,NA,1,3.170419693,NA,NA,NA,NA,NA,NA,NA,NA,NA,NA,NA,NA,333,NA,NA,NA,NA,NA,NA,NA,NA,NA,NA,NA,NA,13,11.99632645,43.64107513,44.4625473,0.087012708,0.023044281,4.500607967,8.195405006,42.48723221,370.7175598,-0.397582084,12.54497623,-743.2395576,-1657.489323,WhiteTroatedCaracara,20
1705,NA,NA,NA,0,NA,NA,NA,NA,NA,NA,NA,NA,NA,NA,NA,NA,20,NA,NA,NA,NA,NA,NA,NA,NA,NA,NA,NA,NA,11,NA,NA,NA,NA,NA,NA,NA,NA,NA,NA,NA,NA,1,NA,NA,NA,NA,NA,NA,NA,NA,NA,3.221547365,NA,NA,NA,273,NA,NA,NA,NA,NA,NA,NA,NA,NA,NA,NA,NA,4,NA,NA,NA,NA,NA,NA,NA,NA,NA,11.93707752,34.01356888,35.97175598,0.334229022,0.000362248,7.39461565,7.622132778,47.69148254,354.0574951,-0.126430213,12.3634882,-723.2395576,-1657.489323,WhiteTroatedCaracara,20
1706,NA,NA,NA,NA,NA,NA,NA,NA,0,NA,0,0,0,NA,NA,NA,NA,NA,NA,NA,NA,120,NA,15,58,58,NA,NA,NA,NA,NA,NA,NA,NA,20,NA,13,14,14,NA,NA,NA,NA,NA,NA,NA,NA,1,NA,1,3,1,3.308944702,NA,NA,NA,NA,NA,NA,NA,NA,266,NA,49,318,311,NA,NA,NA,NA,NA,NA,NA,NA,9,NA,11,12,13,11.78347111,28.45752335,32.69406509,0.513774157,0.039340731,7.507645607,5.629505157,50.63290405,338.4568481,-0.162287265,11.40408802,-703.2395576,-1657.489323,WhiteTroatedCaracara,20
1711,NA,NA,NA,NA,NA,NA,NA,NA,0,0,0,0,0,NA,NA,NA,NA,NA,NA,NA,NA,1,1,40,71,16,NA,NA,NA,NA,NA,NA,NA,NA,10,10,11,15,17,NA,NA,NA,NA,NA,NA,NA,NA,1,1,1,1,1,3.950267076,NA,NA,NA,NA,NA,NA,NA,NA,349,294,334,271,253,NA,NA,NA,NA,NA,NA,NA,NA,9,10,11,12,13,11.46293545,36.76541901,18.6189537,0,0,11.39189911,0.96614027,67.0628891,229.7323914,0.392788917,20.58013535,-603.2395576,-1657.489323,WhiteTroatedCaracara,20
1712,NA,NA,NA,NA,NA,NA,NA,NA,NA,NA,0,NA,0,NA,NA,NA,NA,NA,NA,NA,NA,NA,NA,31,NA,68,NA,NA,NA,NA,NA,NA,NA,NA,NA,NA,13,NA,14,NA,NA,NA,NA,NA,NA,NA,NA,NA,NA,1,NA,1,3.838507414,NA,NA,NA,NA,NA,NA,NA,NA,NA,NA,335,NA,281,NA,NA,NA,NA,NA,NA,NA,NA,NA,NA,11,NA,13,11.09062004,37.63575745,20.82588959,0,0.011483634,10.90072823,2.856542587,65.09256744,242.1162872,0.512840629,9.518666267,-583.2395576,-1657.489323,WhiteTroatedCaracara,20
1721,NA,NA,NA,NA,NA,NA,0,NA,NA,NA,NA,NA,NA,NA,NA,NA,NA,NA,NA,240,NA,NA,NA,NA,NA,NA,NA,NA,NA,NA,NA,NA,9,NA,NA,NA,NA,NA,NA,NA,NA,NA,NA,NA,NA,2,NA,NA,NA,NA,NA,NA,73.91291046,NA,NA,NA,NA,NA,NA,294,NA,NA,NA,NA,NA,NA,NA,NA,NA,NA,NA,NA,7,NA,NA,NA,NA,NA,NA,5.683233261,442.624939,3.873091459,3.50318718,2.561717272,23.33986092,17.59778404,5.005099297,623.6633911,0.262249798,203.949646,-1083.239558,-1677.489323,WhiteTroatedCaracara,20
1723,NA,NA,0,NA,NA,0,0,0,NA,NA,NA,0,0,NA,NA,74,NA,NA,145,60,60,NA,NA,NA,150,120,NA,NA,10,NA,NA,6,14,13,NA,NA,NA,15,8,NA,NA,2,NA,NA,2,2,1,NA,NA,NA,1,1,35.75966263,NA,NA,285,NA,NA,40,358,14,NA,NA,NA,47,259,NA,NA,3,NA,NA,6,7,8,NA,NA,NA,12,13,5.051541805,324.8790894,4.879914761,4.500425816,2.126590252,19.83984756,19.36030388,7.548456669,777.9656982,-1.244282365,216.6422729,-1043.239558,-1677.489323,WhiteTroatedCaracara,20
1724,NA,NA,NA,NA,NA,NA,NA,NA,NA,NA,NA,0,0,NA,NA,NA,NA,NA,NA,NA,NA,NA,NA,NA,17,2,NA,NA,NA,NA,NA,NA,NA,NA,NA,NA,NA,19,20,NA,NA,NA,NA,NA,NA,NA,NA,NA,NA,NA,1,1,17.11362839,NA,NA,NA,NA,NA,NA,NA,NA,NA,NA,NA,44,267,NA,NA,NA,NA,NA,NA,NA,NA,NA,NA,NA,12,13,4.249181271,244.2512207,5.207262993,2.438231468,4.37601757,24.96190453,16.05006218,13.17730999,988.6262207,-0.629810929,202.3299255,-1023.239558,-1677.489323,WhiteTroatedCaracara,20
1725,0,NA,NA,NA,NA,NA,0,0,NA,NA,0,0,0,4,NA,NA,NA,NA,NA,30,3,NA,NA,15,2,5,13,NA,NA,NA,NA,NA,16,20,NA,NA,16,11,15,2,NA,NA,NA,NA,NA,1,2,NA,NA,2,1,1,4.861991405,43,NA,NA,NA,NA,NA,4,304,NA,NA,258,58,13,1,NA,NA,NA,NA,NA,7,8,NA,NA,11,12,13,5.994755268,182.2537231,4.02989912,3.106630325,5.588023186,24.98506927,11.96477127,13.4450388,695.3365479,-0.665802002,118.1710281,-1003.239558,-1677.489323,WhiteTroatedCaracara,20
1726,NA,NA,NA,NA,NA,NA,NA,NA,0,NA,NA,0,0,NA,NA,NA,NA,NA,NA,NA,NA,10,NA,NA,1,10,NA,NA,NA,NA,NA,NA,NA,NA,13,NA,NA,17,10,NA,NA,NA,NA,NA,NA,NA,NA,2,NA,NA,2,2,3.333221197,NA,NA,NA,NA,NA,NA,NA,NA,38,NA,NA,261,259,NA,NA,NA,NA,NA,NA,NA,NA,9,NA,NA,12,13,5.497294903,131.0308228,9.894443512,1.389084578,2.655661821,17.18530846,16.1478138,15.73853683,829.8378296,-1.969738126,155.0687866,-983.2395576,-1677.489323,WhiteTroatedCaracara,20
1727,NA,NA,NA,NA,NA,NA,NA,NA,0,0,0,0,0,NA,NA,NA,NA,NA,NA,NA,NA,14,10,10,20,10,NA,NA,NA,NA,NA,NA,NA,NA,13,18,11,11,11,NA,NA,NA,NA,NA,NA,NA,NA,2,3,2,2,2,3.969680786,NA,NA,NA,NA,NA,NA,NA,NA,38,33,308,264,259,NA,NA,NA,NA,NA,NA,NA,NA,9,10,11,12,13,5.948504448,91.52200317,15.75835514,1.655975342,0.943456113,13.47200298,15.79856491,18.05105972,778.3128662,-2.239639521,110.0733948,-963.2395576,-1677.489323,WhiteTroatedCaracara,20
1728,NA,NA,NA,NA,NA,NA,NA,NA,NA,NA,NA,0,0,NA,NA,NA,NA,NA,NA,NA,NA,NA,NA,NA,90,45,NA,NA,NA,NA,NA,NA,NA,NA,NA,NA,NA,11,12,NA,NA,NA,NA,NA,NA,NA,NA,NA,NA,NA,2,2,6.0607934,NA,NA,NA,NA,NA,NA,NA,NA,NA,NA,NA,47,259,NA,NA,NA,NA,NA,NA,NA,NA,NA,NA,NA,12,13,5.152427197,59.83136749,25.55339241,1.819736719,1.317834616,14.56847095,19.24916649,30.74167442,995.0830688,1.62089777,90.44548798,-943.2395576,-1677.489323,WhiteTroatedCaracara,20
1729,NA,NA,0,0,0,0,0,0,0,0,0,0,0,NA,NA,30,120,120,11,120,90,180,25,20,30,5,NA,NA,12,14,20,8,15,19,14,14,12,11,10,NA,NA,2,3,1,1,2,2,2,2,2,2,2,3.46949935,NA,NA,271,285,359,282,21,301,258,353,275,268,290,NA,NA,3,4,5,6,7,8,9,10,11,12,13,8.315083504,33.40031433,21.03004456,2.08987236,1.194471002,6.781299114,10.49367714,37.84689713,424.7226868,-2.05948019,37.53852844,-923.2395576,-1677.489323,WhiteTroatedCaracara,20
1730,NA,NA,NA,NA,NA,0,0,0,0,0,0,0,0,NA,NA,NA,NA,NA,89,120,120,110,30,90,120,92,NA,NA,NA,NA,NA,15,14,10,11,16,17,18,16,NA,NA,NA,NA,NA,1,3,2,1,2,2,3,1,4.920752048,NA,NA,NA,NA,NA,281,5,350,53,292,291,282,306,NA,NA,NA,NA,NA,6,7,8,9,10,11,12,13,8.949292183,30.35384178,20.50850296,1.865430951,0.595735192,3.6664083,7.124271393,29.14460564,371.0005798,-1.428707123,26.96353912,-903.2395576,-1677.489323,WhiteTroatedCaracara,20
1731,NA,0,NA,0,NA,NA,0,NA,NA,NA,NA,0,0,NA,30,NA,15,NA,NA,25,NA,NA,NA,NA,18,1,NA,16,NA,15,NA,NA,8,NA,NA,NA,NA,9,16,NA,1,NA,2,NA,NA,1,NA,NA,NA,NA,2,2,4.445911407,NA,53,NA,348,NA,NA,54,NA,NA,NA,NA,317,350,NA,2,NA,4,NA,NA,7,NA,NA,NA,NA,12,13,9.162008286,28.01440048,38.43088531,0.865983307,0.201501489,4.145699024,6.291048527,40.85142899,429.4321594,-1.071091652,20.80828667,-883.2395576,-1677.489323,WhiteTroatedCaracara,20
1732,NA,NA,NA,0,0,0,0,0,0,1,0,0,0,NA,NA,NA,28,40,37,108,20,60,96,3,25,60,NA,NA,NA,14,15,10,8,18,10,13,15,15,10,NA,NA,NA,1,2,1,2,1,1,1,2,1,1,2.71925354,NA,NA,NA,273,31,280,5,308,21,321,344,309,319,NA,NA,NA,4,5,6,7,8,9,10,11,12,13,9.30579567,28.2483902,43.94129181,0.925914466,0.161242306,4.491607666,5.803134441,43.74212646,494.9261475,-0.560388565,15.02459717,-863.2395576,-1677.489323,WhiteTroatedCaracara,20
1733,NA,NA,NA,NA,NA,NA,NA,0,0,NA,NA,NA,NA,NA,NA,NA,NA,NA,NA,NA,5,70,NA,NA,NA,NA,NA,NA,NA,NA,NA,NA,NA,14,13,NA,NA,NA,NA,NA,NA,NA,NA,NA,NA,NA,1,2,NA,NA,NA,NA,4.05245924,NA,NA,NA,NA,NA,NA,NA,308,356,NA,NA,NA,NA,NA,NA,NA,NA,NA,NA,NA,8,9,NA,NA,NA,NA,9.297948837,29.7557869,43.18804932,0.24434258,0.026232241,4.579209328,6.689246655,45.22391891,579.4344482,-0.06260632,22.84621239,-843.2395576,-1677.489323,WhiteTroatedCaracara,20
1736,NA,NA,NA,NA,NA,NA,NA,NA,NA,NA,NA,0,NA,NA,NA,NA,NA,NA,NA,NA,NA,NA,NA,NA,4,NA,NA,NA,NA,NA,NA,NA,NA,NA,NA,NA,NA,11,NA,NA,NA,NA,NA,NA,NA,NA,NA,NA,NA,NA,2,NA,5.020493507,NA,NA,NA,NA,NA,NA,NA,NA,NA,NA,NA,55,NA,NA,NA,NA,NA,NA,NA,NA,NA,NA,NA,NA,12,NA,11.78820038,48.72652435,46.13542175,1.682010889,0.062090863,4.915106297,6.842074871,40.22145844,362.1218567,-0.336925328,19.7553463,-783.2395576,-1677.489323,WhiteTroatedCaracara,20
1737,NA,NA,NA,NA,NA,NA,NA,NA,NA,NA,NA,0,NA,NA,NA,NA,NA,NA,NA,NA,NA,NA,NA,NA,15,NA,NA,NA,NA,NA,NA,NA,NA,NA,NA,NA,NA,18,NA,NA,NA,NA,NA,NA,NA,NA,NA,NA,NA,NA,1,NA,2.806167364,NA,NA,NA,NA,NA,NA,NA,NA,NA,NA,NA,253,NA,NA,NA,NA,NA,NA,NA,NA,NA,NA,NA,NA,12,NA,12.49982452,57.67102051,47.06476974,0.743683875,0.010743951,3.222715855,6.758310795,41.77359772,320.1287231,-0.464990318,14.65377331,-763.2395576,-1677.489323,WhiteTroatedCaracara,20
1742,NA,NA,NA,NA,NA,0,NA,NA,NA,NA,NA,NA,NA,NA,NA,NA,NA,NA,165,NA,NA,NA,NA,NA,NA,NA,NA,NA,NA,NA,NA,6,NA,NA,NA,NA,NA,NA,NA,NA,NA,NA,NA,NA,1,NA,NA,NA,NA,NA,NA,NA,3.712054729,NA,NA,NA,NA,NA,53,NA,NA,NA,NA,NA,NA,NA,NA,NA,NA,NA,NA,6,NA,NA,NA,NA,NA,NA,NA,11.95517826,33.73291016,36.91212845,0.216446638,0.026939057,5.867154598,4.258550167,51.48422241,229.9398346,-0.168233559,9.609446526,-663.2395576,-1677.489323,WhiteTroatedCaracara,20
1744,NA,NA,NA,NA,NA,NA,NA,NA,NA,NA,NA,0,0,NA,NA,NA,NA,NA,NA,NA,NA,NA,NA,NA,20,30,NA,NA,NA,NA,NA,NA,NA,NA,NA,NA,NA,15,16,NA,NA,NA,NA,NA,NA,NA,NA,NA,NA,NA,1,1,3.139533043,NA,NA,NA,NA,NA,NA,NA,NA,NA,NA,NA,282,281,NA,NA,NA,NA,NA,NA,NA,NA,NA,NA,NA,12,13,11.29823875,36.01779938,30.52746391,0,0.028815137,6.40059948,6.377467155,54.42502213,280.2458801,-0.005108362,1.541836739,-623.2395576,-1677.489323,WhiteTroatedCaracara,20
1746,NA,NA,NA,NA,NA,NA,NA,NA,NA,0,NA,NA,NA,NA,NA,NA,NA,NA,NA,NA,NA,NA,1,NA,NA,NA,NA,NA,NA,NA,NA,NA,NA,NA,NA,11,NA,NA,NA,NA,NA,NA,NA,NA,NA,NA,NA,NA,1,NA,NA,NA,3.838507414,NA,NA,NA,NA,NA,NA,NA,NA,NA,332,NA,NA,NA,NA,NA,NA,NA,NA,NA,NA,NA,NA,10,NA,NA,NA,11.09062004,37.63575745,20.82588959,0,0.011483634,10.90072823,2.856542587,65.09256744,242.1162872,0.512840629,9.518666267,-583.2395576,-1677.489323,WhiteTroatedCaracara,20
1756,0,0,0,NA,0,NA,NA,0,NA,NA,0,0,0,142,150,180,NA,180,NA,NA,20,NA,NA,120,40,3,9,10,10,NA,11,NA,NA,13,NA,NA,16,11,10,2,2,2,NA,2,NA,NA,1,NA,NA,3,1,1,91.35180664,44,256,356,NA,290,NA,NA,267,NA,NA,288,245,334,1,2,3,NA,5,NA,NA,8,NA,NA,11,12,13,7.6428895,521.7462158,0.559652507,0.428315729,3.373166323,26.55565262,8.801702499,6.111143112,189.8343658,1.161594748,66.66930389,-1103.239558,-1697.489323,WhiteTroatedCaracara,20
1760,NA,NA,NA,0,NA,1,NA,0,NA,0,0,0,NA,NA,NA,NA,180,NA,90,NA,4,NA,4,30,30,NA,NA,NA,NA,11,NA,9,NA,9,NA,15,16,7,NA,NA,NA,NA,2,NA,1,NA,2,NA,1,2,1,NA,16.25559044,NA,NA,NA,47,NA,32,NA,31,NA,356,273,11,NA,NA,NA,NA,4,NA,6,NA,8,NA,10,11,12,NA,5.3914814,221.737793,5.577370167,4.681460381,5.825438023,27.30541039,15.7329483,16.4400444,791.7572632,0.823343933,158.3538666,-1023.239558,-1697.489323,WhiteTroatedCaracara,20
1761,NA,NA,0,0,NA,0,0,0,0,NA,0,0,0,NA,NA,90,270,NA,40,10,5,110,NA,30,30,120,NA,NA,19,17,NA,20,13,18,10,NA,17,17,10,NA,NA,2,2,NA,2,2,1,6,NA,2,2,2,3.301697731,NA,NA,51,345,NA,56,59,287,13,NA,272,244,276,NA,NA,3,4,NA,6,7,8,9,NA,11,12,13,7.604541302,168.8145142,3.08550334,2.080999136,4.392138481,12.92609596,8.737681389,6.627447128,398.4304199,-0.420121223,54.27383804,-1003.239558,-1697.489323,WhiteTroatedCaracara,20
1762,NA,NA,NA,NA,NA,NA,NA,NA,NA,NA,NA,0,0,NA,NA,NA,NA,NA,NA,NA,NA,NA,NA,NA,180,5,NA,NA,NA,NA,NA,NA,NA,NA,NA,NA,NA,8,9,NA,NA,NA,NA,NA,NA,NA,NA,NA,NA,NA,1,1,6.693075657,NA,NA,NA,NA,NA,NA,NA,NA,NA,NA,NA,259,322,NA,NA,NA,NA,NA,NA,NA,NA,NA,NA,NA,12,13,4.8156147,137.9023438,9.069234848,2.559185743,7.004583836,19.03333664,16.17126465,14.89663982,953.1281128,2.31127739,137.9289246,-983.2395576,-1697.489323,WhiteTroatedCaracara,20
1763,NA,NA,0,NA,NA,NA,0,NA,NA,NA,NA,0,0,NA,NA,220,NA,NA,NA,180,NA,NA,NA,NA,120,118,NA,NA,10,NA,NA,NA,9,NA,NA,NA,NA,17,10,NA,NA,2,NA,NA,NA,1,NA,NA,NA,NA,3,2,16.43647575,NA,NA,54,NA,NA,NA,10,NA,NA,NA,NA,27,8,NA,NA,3,NA,NA,NA,7,NA,NA,NA,NA,12,13,2.690540075,105.6599731,21.5071373,1.777886629,1.730211973,11.87342072,23.26072502,23.10214806,1388.07959,-0.725509703,181.183548,-963.2395576,-1697.489323,WhiteTroatedCaracara,20
1764,NA,NA,0,0,NA,0,0,NA,0,0,0,1,0,NA,NA,35,21,NA,60,5,NA,120,30,105,146,4,NA,NA,15,13,NA,10,13,NA,8,18,12,15,15,NA,NA,2,4,NA,4,1,NA,2,4,2,3,1,7.883476257,NA,NA,54,12,NA,18,330,NA,42,259,290,28,305,NA,NA,3,4,NA,6,7,NA,9,10,11,12,13,4.408636093,60.52448654,24.73332787,2.494834661,0.766545951,14.38742733,18.7368927,35.95158005,1146.343262,-1.192330837,102.8961334,-943.2395576,-1697.489323,WhiteTroatedCaracara,20
1765,NA,NA,NA,0,NA,NA,0,0,1,0,0,0,1,NA,NA,NA,3,NA,NA,62,60,10,32,6,20,81,NA,NA,NA,14,NA,NA,8,15,18,19,18,17,20,NA,NA,NA,4,NA,NA,2,2,2,2,1,2,2,7.824486732,NA,NA,NA,12,NA,NA,44,53,29,360,32,264,48,NA,NA,NA,4,NA,NA,7,8,9,10,11,12,13,3.902863503,47.54953003,36.17854309,0.188344344,0.019597333,5.899698257,17.36863518,38.24303818,1298.043701,0.353130609,59.37924576,-923.2395576,-1697.489323,WhiteTroatedCaracara,20
1766,NA,NA,NA,NA,NA,0,0,1,1,0,1,1,1,NA,NA,NA,NA,NA,240,10,86,3,45,45,54,2,NA,NA,NA,NA,NA,9,23,18,11,12,11,18,16,NA,NA,NA,NA,NA,1,3,2,2,3,2,2,2,17.75050545,NA,NA,NA,NA,NA,60,346,25,30,52,33,4,57,NA,NA,NA,NA,NA,6,7,8,9,10,11,12,13,3.644801617,38.76890564,49.60668564,0.010098903,0,1.329862714,6.077595711,42.04297256,1386.617065,1.526861787,27.49405861,-903.2395576,-1697.489323,WhiteTroatedCaracara,20
1767,NA,NA,NA,NA,NA,NA,NA,NA,0,NA,0,0,0,NA,NA,NA,NA,NA,NA,NA,NA,54,NA,53,19,4,NA,NA,NA,NA,NA,NA,NA,NA,10,NA,14,14,15,NA,NA,NA,NA,NA,NA,NA,NA,2,NA,1,3,2,16.89335632,NA,NA,NA,NA,NA,NA,NA,NA,26,NA,365,5,340,NA,NA,NA,NA,NA,NA,NA,NA,9,NA,11,12,13,4.53118372,33.17546082,44.87585831,0.040981341,0,3.317360878,8.888253212,41.52222061,1301.370972,1.601629019,31.67178345,-883.2395576,-1697.489323,WhiteTroatedCaracara,20
1768,NA,NA,NA,NA,NA,NA,0,0,1,0,0,NA,0,NA,NA,NA,NA,NA,NA,5,17,48,2,18,NA,10,NA,NA,NA,NA,NA,NA,11,13,10,15,15,NA,10,NA,NA,NA,NA,NA,NA,2,3,2,3,1,NA,3,7.846081257,NA,NA,NA,NA,NA,NA,286,250,26,351,5,NA,54,NA,NA,NA,NA,NA,NA,7,8,9,10,11,NA,13,7.100492001,28.60493279,35.37319183,0.052325547,0.003503652,6.910153389,9.741770744,47.47203827,909.4504395,0.493158996,29.97265816,-863.2395576,-1697.489323,WhiteTroatedCaracara,20
1769,NA,NA,NA,NA,NA,0,NA,NA,0,0,1,0,0,NA,NA,NA,NA,NA,60,NA,NA,50,60,66,7,18,NA,NA,NA,NA,NA,14,NA,NA,11,14,10,10,11,NA,NA,NA,NA,NA,3,NA,NA,1,3,2,2,1,7.279978752,NA,NA,NA,NA,NA,318,NA,NA,28,355,50,309,45,NA,NA,NA,NA,NA,6,NA,NA,9,10,11,12,13,9.049424171,30.39642715,39.72050858,0.272895753,0.129667729,5.789254665,9.690011978,44.05263519,624.7357788,0.080262192,25.2364254,-843.2395576,-1697.489323,WhiteTroatedCaracara,20
1770,NA,NA,NA,NA,NA,NA,0,NA,NA,0,NA,1,1,NA,NA,NA,NA,NA,NA,139,NA,NA,70,NA,159,94,NA,NA,NA,NA,NA,NA,11,NA,NA,10,NA,14,11,NA,NA,NA,NA,NA,NA,1,NA,NA,1,NA,1,1,11.9372797,NA,NA,NA,NA,NA,NA,344,NA,NA,292,NA,256,327,NA,NA,NA,NA,NA,NA,7,NA,NA,10,NA,12,13,9.46823597,34.08724976,36.57177734,0.33702755,0.16929324,7.154270649,12.65778351,42.81982422,623.4497681,-0.55680573,37.97660065,-823.2395576,-1697.489323,WhiteTroatedCaracara,20
1771,NA,NA,NA,NA,NA,NA,NA,NA,NA,NA,NA,1,0,NA,NA,NA,NA,NA,NA,NA,NA,NA,NA,NA,180,104,NA,NA,NA,NA,NA,NA,NA,NA,NA,NA,NA,16,9,NA,NA,NA,NA,NA,NA,NA,NA,NA,NA,NA,3,1,3.457150936,NA,NA,NA,NA,NA,NA,NA,NA,NA,NA,NA,254,330,NA,NA,NA,NA,NA,NA,NA,NA,NA,NA,NA,12,13,9.307909966,36.54879761,45.23466492,0.058590122,0.032928903,4.368999958,8.759954453,41.17832565,719.5147705,0.252907008,21.18598366,-803.2395576,-1697.489323,WhiteTroatedCaracara,20
1772,NA,NA,NA,NA,NA,NA,NA,NA,NA,NA,NA,0,NA,NA,NA,NA,NA,NA,NA,NA,NA,NA,NA,NA,10,NA,NA,NA,NA,NA,NA,NA,NA,NA,NA,NA,NA,12,NA,NA,NA,NA,NA,NA,NA,NA,NA,NA,NA,NA,2,NA,4.989197731,NA,NA,NA,NA,NA,NA,NA,NA,NA,NA,NA,41,NA,NA,NA,NA,NA,NA,NA,NA,NA,NA,NA,NA,12,NA,10.49104118,44.17803955,47.8205986,0.125230312,0.030004494,3.683063269,7.358789444,40.95119095,589.3182373,-0.087590396,28.11905098,-783.2395576,-1697.489323,WhiteTroatedCaracara,20
1773,NA,NA,NA,NA,NA,NA,NA,NA,NA,NA,NA,0,0,NA,NA,NA,NA,NA,NA,NA,NA,NA,NA,NA,18,106,NA,NA,NA,NA,NA,NA,NA,NA,NA,NA,NA,14,13,NA,NA,NA,NA,NA,NA,NA,NA,NA,NA,NA,1,1,3.243665457,NA,NA,NA,NA,NA,NA,NA,NA,NA,NA,NA,306,321,NA,NA,NA,NA,NA,NA,NA,NA,NA,NA,NA,12,13,11.08791924,50.19094086,49.33083725,0.667612791,0.420300871,2.200232983,5.184148788,41.95272064,545.5405884,-0.138143241,33.54737091,-763.2395576,-1697.489323,WhiteTroatedCaracara,20
1782,NA,NA,NA,NA,NA,NA,NA,NA,NA,NA,0,NA,0,NA,NA,NA,NA,NA,NA,NA,NA,NA,NA,70,NA,1,NA,NA,NA,NA,NA,NA,NA,NA,NA,NA,14,NA,9,NA,NA,NA,NA,NA,NA,NA,NA,NA,NA,1,NA,3,4.028587818,NA,NA,NA,NA,NA,NA,NA,NA,NA,NA,346,NA,365,NA,NA,NA,NA,NA,NA,NA,NA,NA,NA,11,NA,13,11.08425426,38.69748688,26.16467285,0.033558134,0.034682699,9.815273285,9.789203644,53.20861053,220.194458,0.13649261,8.324016571,-583.2395576,-1697.489323,WhiteTroatedCaracara,20
1789,NA,NA,NA,NA,NA,NA,NA,NA,0,0,NA,NA,NA,NA,NA,NA,NA,NA,NA,NA,NA,87,80,NA,NA,NA,NA,NA,NA,NA,NA,NA,NA,NA,12,14,NA,NA,NA,NA,NA,NA,NA,NA,NA,NA,NA,1,5,NA,NA,NA,214.3648834,NA,NA,NA,NA,NA,NA,NA,NA,285,286,NA,NA,NA,NA,NA,NA,NA,NA,NA,NA,NA,9,10,NA,NA,NA,7.763539791,516.9303589,0.121601157,2.102218628,0.780197859,18.89995956,2.073689461,3.183040857,137.6003723,0.913449705,37.0862999,-1243.239558,-1717.489323,WhiteTroatedCaracara,20
1800,NA,NA,NA,NA,NA,NA,NA,0,0,NA,0,0,NA,NA,NA,NA,NA,NA,NA,NA,15,120,NA,4,180,NA,NA,NA,NA,NA,NA,NA,NA,5,13,NA,20,7,NA,NA,NA,NA,NA,NA,NA,NA,1,2,NA,1,1,NA,12.23108768,NA,NA,NA,NA,NA,NA,NA,33,365,NA,28,257,NA,NA,NA,NA,NA,NA,NA,NA,8,9,NA,11,12,NA,4.810348034,223.9369812,6.006603718,4.886024475,3.789690495,19.25634193,13.90592289,11.0525322,900.2244873,2.782154083,161.6009674,-1023.239558,-1717.489323,WhiteTroatedCaracara,20
1801,0,NA,NA,0,0,0,NA,NA,0,0,0,0,0,31,NA,NA,60,30,20,NA,NA,60,30,60,60,10,10,NA,NA,7,16,15,NA,NA,6,18,16,0,15,2,NA,NA,2,5,1,NA,NA,1,1,2,2,1,5.559187412,43,NA,NA,345,361,57,NA,NA,13,356,269,282,245,1,NA,NA,4,5,6,NA,NA,9,10,11,12,13,5.075402737,160.9305725,5.042386532,2.950671434,12.01019192,29.08377075,16.11022758,11.33502388,881.1470337,-0.007038946,97.82346344,-1003.239558,-1717.489323,WhiteTroatedCaracara,20
1803,NA,NA,NA,NA,NA,NA,NA,NA,NA,NA,NA,0,0,NA,NA,NA,NA,NA,NA,NA,NA,NA,NA,NA,18,60,NA,NA,NA,NA,NA,NA,NA,NA,NA,NA,NA,13,17,NA,NA,NA,NA,NA,NA,NA,NA,NA,NA,NA,2,1,13.14950657,NA,NA,NA,NA,NA,NA,NA,NA,NA,NA,NA,1,44,NA,NA,NA,NA,NA,NA,NA,NA,NA,NA,NA,12,13,2.718120575,99.01089478,26.14056396,2.079939365,1.637148023,11.03153324,18.7551899,29.29237556,1413.399902,0.996630192,184.5836487,-963.2395576,-1717.489323,WhiteTroatedCaracara,20
1804,NA,NA,NA,0,NA,0,0,0,0,1,0,NA,0,NA,NA,NA,74,NA,73,20,1,5,20,25,NA,26,NA,NA,NA,12,NA,15,11,15,17,15,12,NA,14,NA,NA,NA,4,NA,4,1,1,3,1,1,NA,1,6.625156403,NA,NA,NA,12,NA,47,330,28,20,360,18,NA,305,NA,NA,NA,4,NA,6,7,8,9,10,11,NA,13,2.180699348,74.12903595,40.7920723,2.125944138,0.182685375,7.32566309,14.72757721,30.58144569,1556.169312,1.839168906,134.0972748,-943.2395576,-1717.489323,WhiteTroatedCaracara,20
1806,NA,NA,NA,NA,NA,0,NA,NA,1,0,1,0,0,NA,NA,NA,NA,NA,59,NA,NA,3,59,15,60,16,NA,NA,NA,NA,NA,13,NA,NA,7,9,9,12,15,NA,NA,NA,NA,NA,3,NA,NA,1,1,3,3,2,23.29550552,NA,NA,NA,NA,NA,43,NA,NA,47,22,364,348,10,NA,NA,NA,NA,NA,6,NA,NA,9,10,11,12,13,2.911357403,40.61193085,48.28302002,0,0,2.17403841,8.875663757,39.00605392,1532.24292,0.002112351,14.75115967,-903.2395576,-1717.489323,WhiteTroatedCaracara,20
1807,NA,NA,NA,NA,NA,0,NA,NA,0,0,0,1,0,NA,NA,NA,NA,NA,22,NA,NA,10,50,50,3,3,NA,NA,NA,NA,NA,17,NA,NA,16,10,10,14,15,NA,NA,NA,NA,NA,2,NA,NA,1,4,3,1,2,23.33155823,NA,NA,NA,NA,NA,57,NA,NA,55,17,21,41,16,NA,NA,NA,NA,NA,6,NA,NA,9,10,11,12,13,4.294331074,32.58251953,52.35498047,0.035966069,0,0.490965307,2.662476301,43.47018051,1356.521362,0.145555139,17.96069717,-883.2395576,-1717.489323,WhiteTroatedCaracara,20
1808,NA,NA,NA,NA,NA,0,NA,NA,0,0,0,0,0,NA,NA,NA,NA,NA,120,NA,NA,39,32,33,19,4,NA,NA,NA,NA,NA,14,NA,NA,15,10,11,16,8,NA,NA,NA,NA,NA,1,NA,NA,2,1,2,4,1,9.894170761,NA,NA,NA,NA,NA,53,NA,NA,333,3,361,5,8,NA,NA,NA,NA,NA,6,NA,NA,9,10,11,12,13,6.70387125,29.42654228,43.30357361,0.2554003,0,4.563127995,9.940446854,41.09415054,990.1835327,0.696807146,35.33898926,-863.2395576,-1717.489323,WhiteTroatedCaracara,20
1809,NA,NA,NA,NA,NA,NA,0,NA,0,0,0,0,0,NA,NA,NA,NA,NA,NA,28,NA,30,32,60,60,25,NA,NA,NA,NA,NA,NA,9,NA,17,9,9,20,18,NA,NA,NA,NA,NA,NA,1,NA,1,1,1,1,1,6.726240158,NA,NA,NA,NA,NA,NA,344,NA,346,280,22,342,321,NA,NA,NA,NA,NA,NA,7,NA,9,10,11,12,13,8.478863716,31.03841782,38.30915833,0.147465348,0,6.848649025,14.09206486,39.98034286,725.9671021,1.159959793,38.31758881,-843.2395576,-1717.489323,WhiteTroatedCaracara,20
1810,NA,NA,NA,NA,NA,0,NA,NA,NA,NA,NA,0,0,NA,NA,NA,NA,NA,123,NA,NA,NA,NA,NA,50,86,NA,NA,NA,NA,NA,7,NA,NA,NA,NA,NA,10,15,NA,NA,NA,NA,NA,3,NA,NA,NA,NA,NA,2,1,20.59636307,NA,NA,NA,NA,NA,355,NA,NA,NA,NA,NA,47,324,NA,NA,NA,NA,NA,6,NA,NA,NA,NA,NA,12,13,8.496946335,33.20339203,34.20482254,0.295091838,0.026959091,7.826954842,18.25961685,38.99142075,779.7819824,-0.384241402,47.94745636,-823.2395576,-1717.489323,WhiteTroatedCaracara,20
1811,NA,NA,NA,NA,NA,NA,NA,NA,NA,NA,NA,0,0,NA,NA,NA,NA,NA,NA,NA,NA,NA,NA,NA,21,23,NA,NA,NA,NA,NA,NA,NA,NA,NA,NA,NA,13,11,NA,NA,NA,NA,NA,NA,NA,NA,NA,NA,NA,1,1,14.2495718,NA,NA,NA,NA,NA,NA,NA,NA,NA,NA,NA,268,329,NA,NA,NA,NA,NA,NA,NA,NA,NA,NA,NA,12,13,7.987511158,33.6435585,31.40215683,0.061641928,0.040770605,7.518743992,20.10497093,39.92430496,924.4138184,0.667547703,20.11026001,-803.2395576,-1717.489323,WhiteTroatedCaracara,20
1812,NA,NA,NA,NA,NA,NA,NA,NA,NA,NA,NA,0,NA,NA,NA,NA,NA,NA,NA,NA,NA,NA,NA,NA,10,NA,NA,NA,NA,NA,NA,NA,NA,NA,NA,NA,NA,9,NA,NA,NA,NA,NA,NA,NA,NA,NA,NA,NA,NA,1,NA,4.263095379,NA,NA,NA,NA,NA,NA,NA,NA,NA,NA,NA,266,NA,NA,NA,NA,NA,NA,NA,NA,NA,NA,NA,NA,12,NA,9.321269035,39.52103424,40.11725235,0.055198047,0.091520444,6.42125845,13.45873165,39.61715317,757.9334717,0.23892203,19.88749695,-783.2395576,-1717.489323,WhiteTroatedCaracara,20
1822,NA,NA,NA,NA,NA,NA,NA,NA,NA,NA,0,NA,NA,NA,NA,NA,NA,NA,NA,NA,NA,NA,NA,30,NA,NA,NA,NA,NA,NA,NA,NA,NA,NA,NA,NA,13,NA,NA,NA,NA,NA,NA,NA,NA,NA,NA,NA,NA,1,NA,NA,3.000377417,NA,NA,NA,NA,NA,NA,NA,NA,NA,NA,346,NA,NA,NA,NA,NA,NA,NA,NA,NA,NA,NA,NA,11,NA,NA,11.29176235,40.38249588,35.36603928,0.08722613,0,4.60288763,11.89325905,47.54966354,146.2931976,-0.238738239,7.282401562,-583.2395576,-1717.489323,WhiteTroatedCaracara,20
1823,NA,0,NA,NA,NA,NA,NA,NA,NA,0,NA,NA,NA,NA,30,NA,NA,NA,NA,NA,NA,NA,30,NA,NA,NA,NA,11,NA,NA,NA,NA,NA,NA,NA,17,NA,NA,NA,NA,1,NA,NA,NA,NA,NA,NA,NA,3,NA,NA,NA,2.025657177,NA,51,NA,NA,NA,NA,NA,NA,NA,10,NA,NA,NA,NA,2,NA,NA,NA,NA,NA,NA,NA,10,NA,NA,NA,10.93957806,40.09376526,36.62835312,0.003335743,0.031342983,7.40951252,10.42231178,45.07524872,171.3083496,0.039285071,5.493055344,-563.2395576,-1717.489323,WhiteTroatedCaracara,20
1828,NA,NA,NA,NA,NA,NA,NA,NA,0,0,NA,0,0,NA,NA,NA,NA,NA,NA,NA,NA,10,200,NA,30,13,NA,NA,NA,NA,NA,NA,NA,NA,15,14,NA,10,12,NA,NA,NA,NA,NA,NA,NA,NA,3,1,NA,3,2,1.999571085,NA,NA,NA,NA,NA,NA,NA,NA,27,5,NA,282,26,NA,NA,NA,NA,NA,NA,NA,NA,9,10,NA,12,13,10.31370831,32.64711761,31.0423851,0.047315922,0.068627253,7.560878754,11.58854771,44.99235153,41.91949463,0.005971058,7.724994183,-463.2395576,-1717.489323,WhiteTroatedCaracara,20
1840,NA,NA,0,NA,NA,NA,NA,0,0,NA,0,0,0,NA,NA,240,NA,NA,NA,NA,20,180,NA,10,120,60,NA,NA,10,NA,NA,NA,NA,17,16,NA,11,17,10,NA,NA,3,NA,NA,NA,NA,1,2,NA,1,1,3,11.826828,NA,NA,342,NA,NA,NA,NA,287,289,NA,26,19,260,NA,NA,3,NA,NA,NA,NA,8,9,NA,11,12,13,4.942881584,214.3846436,6.605585575,3.702315807,7.19700861,22.80637932,19.91228294,12.71690655,868.0150757,-1.682671785,178.5171356,-1023.239558,-1737.489323,WhiteTroatedCaracara,20
1841,NA,NA,0,NA,NA,NA,NA,0,0,0,0,0,0,NA,NA,120,NA,NA,NA,NA,10,60,150,15,6,10,NA,NA,8,NA,NA,NA,NA,17,18,9,11,19,10,NA,NA,2,NA,NA,NA,NA,2,1,3,2,1,2,3.816949368,NA,NA,318,NA,NA,NA,NA,280,305,47,267,351,281,NA,NA,3,NA,NA,NA,NA,8,9,10,11,12,13,5.967575073,156.0222321,7.183020115,4.924105644,8.736355782,29.42195702,18.95907784,16.30607605,725.8244019,1.095065236,114.4647751,-1003.239558,-1737.489323,WhiteTroatedCaracara,20
1842,0,NA,0,0,0,NA,0,0,0,0,0,0,0,60,NA,180,150,30,NA,90,40,72,60,20,120,30,14,NA,9,8,7,NA,8,20,11,14,15,13,12,2,NA,4,8,4,NA,2,1,1,1,2,2,2,4.298047543,314,NA,320,292,327,NA,321,279,308,251,267,280,281,1,NA,3,4,5,NA,7,8,9,10,11,12,13,6.49233675,110.7962036,7.969991207,3.756243229,7.569212437,28.53100777,17.50810814,17.30927849,654.9963989,0.663583219,101.0881424,-983.2395576,-1737.489323,WhiteTroatedCaracara,20
1843,NA,NA,0,0,0,NA,NA,0,0,0,0,0,NA,NA,NA,120,300,180,NA,NA,30,14,56,45,20,NA,NA,NA,7,6,10,NA,NA,16,9,11,13,13,NA,NA,NA,2,5,2,NA,NA,4,1,1,2,2,NA,3.381287336,NA,NA,325,303,10,NA,NA,11,308,358,277,43,NA,NA,NA,3,4,5,NA,NA,8,9,10,11,12,NA,6.877383232,79.85591125,8.270994186,2.203735828,3.327803612,18.39113235,14.50666237,24.15034294,601.0053101,-6.097841263,123.8850555,-963.2395576,-1737.489323,WhiteTroatedCaracara,20
1844,NA,NA,0,0,NA,0,0,0,0,0,0,0,0,NA,NA,120,12,NA,140,45,30,30,16,30,14,5,NA,NA,18,10,NA,9,9,16,15,10,15,11,19,NA,NA,2,4,NA,1,2,2,3,3,2,2,1,3.233495951,NA,NA,326,12,NA,42,329,361,20,343,277,349,337,NA,NA,3,4,NA,6,7,8,9,10,11,12,13,5.213583946,58.45584869,23.63674736,3.103841066,0.646574199,15.92142677,16.50688744,32.62446976,991.7537842,2.128276587,112.7254333,-943.2395576,-1737.489323,WhiteTroatedCaracara,20
1845,NA,NA,NA,0,0,0,0,NA,0,0,0,0,0,NA,NA,NA,8,120,66,120,NA,14,120,5,90,11,NA,NA,NA,9,10,11,15,NA,12,10,12,18,14,NA,NA,NA,4,2,3,2,NA,4,1,4,2,2,4.749305725,NA,NA,NA,12,42,353,332,NA,13,59,348,8,353,NA,NA,NA,4,5,6,7,NA,9,10,11,12,13,5.0361166,44.83098221,34.81803131,1.419511676,0.002876158,6.939622879,17.35392952,33.17525101,1097.94165,-0.341789603,66.66493225,-923.2395576,-1737.489323,WhiteTroatedCaracara,20
1846,NA,NA,NA,0,NA,NA,NA,NA,0,1,0,0,1,NA,NA,NA,2,NA,NA,NA,NA,1,45,4,31,37,NA,NA,NA,9,NA,NA,NA,NA,18,11,14,15,12,NA,NA,NA,4,NA,NA,NA,NA,1,5,1,4,2,6.072414875,NA,NA,NA,12,NA,NA,NA,NA,363,31,17,365,338,NA,NA,NA,4,NA,NA,NA,NA,9,10,11,12,13,5.24671793,34.49884033,35.90847778,0.15411897,0,6.061089039,18.82122421,34.96581268,1109.34436,0.338085264,38.53397369,-903.2395576,-1737.489323,WhiteTroatedCaracara,20
1847,NA,NA,0,0,0,1,1,0,1,1,1,0,1,NA,NA,180,35,5,120,26,180,30,10,10,90,86,NA,NA,11,11,20,12,16,10,11,16,15,10,10,NA,NA,2,1,2,1,1,4,3,2,1,3,3,6.945765495,NA,NA,40,10,31,52,342,360,352,292,311,282,26,NA,NA,3,4,5,6,7,8,9,10,11,12,13,6.191585064,29.44722557,38.86984253,0.261957228,0,7.401750088,13.01466942,40.14590073,996.6691895,-0.04353378,26.80956078,-883.2395576,-1737.489323,WhiteTroatedCaracara,20
1848,NA,0,NA,0,NA,0,0,0,0,1,1,0,0,NA,60,NA,3,NA,42,79,240,60,18,96,40,7,NA,7,NA,20,NA,20,14,9,11,15,12,13,14,NA,1,NA,4,NA,2,1,4,1,4,2,2,1,4.297585011,NA,24,NA,9,NA,349,346,351,313,321,321,286,345,NA,2,NA,4,NA,6,7,8,9,10,11,12,13,7.962803841,28.02783775,41.68793869,0.578686595,0.012479929,6.146384239,11.70042324,38.99853516,736.4887695,-0.666946948,30.25062943,-863.2395576,-1737.489323,WhiteTroatedCaracara,20
1849,NA,NA,NA,NA,NA,NA,0,NA,0,0,1,0,0,NA,NA,NA,NA,NA,NA,290,NA,60,1,92,1,105,NA,NA,NA,NA,NA,NA,12,NA,21,16,12,11,10,NA,NA,NA,NA,NA,NA,2,NA,1,2,3,2,2,13.92580986,NA,NA,NA,NA,NA,NA,18,NA,364,9,363,329,322,NA,NA,NA,NA,NA,NA,7,NA,9,10,11,12,13,8.534714699,30.3222084,45.15201569,0.111247703,0.062957332,3.645891428,8.698457718,41.19203186,700.0717773,-0.602579474,38.3247757,-843.2395576,-1737.489323,WhiteTroatedCaracara,20
1850,NA,NA,NA,NA,NA,NA,NA,NA,NA,NA,0,NA,NA,NA,NA,NA,NA,NA,NA,NA,NA,NA,NA,120,NA,NA,NA,NA,NA,NA,NA,NA,NA,NA,NA,NA,11,NA,NA,NA,NA,NA,NA,NA,NA,NA,NA,NA,NA,1,NA,NA,20.89996719,NA,NA,NA,NA,NA,NA,NA,NA,NA,NA,360,NA,NA,NA,NA,NA,NA,NA,NA,NA,NA,NA,NA,11,NA,NA,8.366803169,32.1206665,40.58260727,0.133800268,0.046148296,6.643127441,15.87544727,36.57642746,784.6381226,-0.085186996,40.798172,-823.2395576,-1737.489323,WhiteTroatedCaracara,20
1851,NA,NA,NA,NA,NA,NA,NA,NA,NA,NA,NA,0,NA,NA,NA,NA,NA,NA,NA,NA,NA,NA,NA,NA,16,NA,NA,NA,NA,NA,NA,NA,NA,NA,NA,NA,NA,12,NA,NA,NA,NA,NA,NA,NA,NA,NA,NA,NA,NA,1,NA,11.0567112,NA,NA,NA,NA,NA,NA,NA,NA,NA,NA,NA,268,NA,NA,NA,NA,NA,NA,NA,NA,NA,NA,NA,NA,12,NA,7.814796925,33.5402565,32.67314148,0,0,8.406140327,19.24946594,39.51957321,939.6625366,0.193610415,25.5990448,-803.2395576,-1737.489323,WhiteTroatedCaracara,20
1852,NA,NA,NA,NA,NA,NA,NA,NA,NA,NA,NA,0,NA,NA,NA,NA,NA,NA,NA,NA,NA,NA,NA,NA,17,NA,NA,NA,NA,NA,NA,NA,NA,NA,NA,NA,NA,11,NA,NA,NA,NA,NA,NA,NA,NA,NA,NA,NA,NA,1,NA,5.815840721,NA,NA,NA,NA,NA,NA,NA,NA,NA,NA,NA,268,NA,NA,NA,NA,NA,NA,NA,NA,NA,NA,NA,NA,12,NA,9.036465645,38.18201447,38.62955475,0.265725672,0.05169319,6.239045143,16.52259445,37.64276123,781.8373413,-0.647347271,25.00563812,-783.2395576,-1737.489323,WhiteTroatedCaracara,20
1858,NA,NA,NA,NA,NA,NA,NA,NA,NA,0,NA,NA,NA,NA,NA,NA,NA,NA,NA,NA,NA,NA,60,NA,NA,NA,NA,NA,NA,NA,NA,NA,NA,NA,NA,19,NA,NA,NA,NA,NA,NA,NA,NA,NA,NA,NA,NA,1,NA,NA,NA,3.780327797,NA,NA,NA,NA,NA,NA,NA,NA,NA,55,NA,NA,NA,NA,NA,NA,NA,NA,NA,NA,NA,NA,10,NA,NA,NA,11.4252615,40.84059143,47.23336792,1.311245203,0.103794225,2.270740032,5.61906147,43.05496979,287.5700378,-0.188283399,23.06598663,-663.2395576,-1737.489323,WhiteTroatedCaracara,20
1862,NA,NA,NA,0,NA,NA,NA,NA,NA,NA,NA,NA,NA,NA,NA,NA,30,NA,NA,NA,NA,NA,NA,NA,NA,NA,NA,NA,NA,12,NA,NA,NA,NA,NA,NA,NA,NA,NA,NA,NA,NA,2,NA,NA,NA,NA,NA,NA,NA,NA,NA,4.139905453,NA,NA,NA,360,NA,NA,NA,NA,NA,NA,NA,NA,NA,NA,NA,NA,4,NA,NA,NA,NA,NA,NA,NA,NA,NA,11.02127552,40.74687576,32.12846375,0,0,9.596497536,16.14956474,42.12847519,180.7988892,0.030113827,1.483513951,-583.2395576,-1737.489323,WhiteTroatedCaracara,20
1867,NA,NA,NA,NA,NA,NA,NA,NA,NA,NA,NA,NA,0,NA,NA,NA,NA,NA,NA,NA,NA,NA,NA,NA,NA,30,NA,NA,NA,NA,NA,NA,NA,NA,NA,NA,NA,NA,17,NA,NA,NA,NA,NA,NA,NA,NA,NA,NA,NA,NA,1,4.990954399,NA,NA,NA,NA,NA,NA,NA,NA,NA,NA,NA,NA,359,NA,NA,NA,NA,NA,NA,NA,NA,NA,NA,NA,NA,13,10.09952164,39.4861412,43.36476135,0,0.017619299,3.667557955,3.868128777,46.91323853,117.8595734,0.039453715,4.191223621,-483.2395576,-1737.489323,WhiteTroatedCaracara,20
1876,NA,NA,NA,NA,NA,NA,NA,0,NA,NA,NA,NA,NA,NA,NA,NA,NA,NA,NA,NA,200,NA,NA,NA,NA,NA,NA,NA,NA,NA,NA,NA,NA,7,NA,NA,NA,NA,NA,NA,NA,NA,NA,NA,NA,NA,2,NA,NA,NA,NA,NA,11.85608292,NA,NA,NA,NA,NA,NA,NA,283,NA,NA,NA,NA,NA,NA,NA,NA,NA,NA,NA,NA,8,NA,NA,NA,NA,NA,5.830811977,217.0320282,4.636851311,3.072438478,9.04035759,27.22807503,17.3993969,9.606182098,695.3800049,-4.048474789,141.410141,-1023.239558,-1757.489323,WhiteTroatedCaracara,20
1877,NA,NA,NA,NA,NA,NA,NA,0,NA,0,0,0,0,NA,NA,NA,NA,NA,NA,NA,15,NA,15,6,16,5,NA,NA,NA,NA,NA,NA,NA,16,NA,17,13,17,17,NA,NA,NA,NA,NA,NA,NA,2,NA,1,1,1,4,3.750805855,NA,NA,NA,NA,NA,NA,NA,282,NA,358,24,359,332,NA,NA,NA,NA,NA,NA,NA,8,NA,10,11,12,13,7.53665781,152.1319885,2.06118989,5.68862772,13.01203156,32.04851913,15.42785549,11.31567383,414.3547363,-0.323579967,80.28783417,-1003.239558,-1757.489323,WhiteTroatedCaracara,20
1878,NA,0,0,NA,NA,NA,0,0,0,NA,0,0,0,NA,180,90,NA,NA,NA,120,45,75,NA,9,4,49,NA,16,17,NA,NA,NA,10,18,11,NA,19,16,18,NA,1,3,NA,NA,NA,9,2,3,NA,1,1,3,3.826772213,NA,53,1,NA,NA,NA,27,341,306,NA,41,338,274,NA,2,3,NA,NA,NA,7,8,9,NA,11,12,13,5.630347252,118.5703201,12.17793179,2.502559662,7.158363819,22.77681732,18.47167587,19.02004623,814.3132935,-0.7936818,129.1372833,-983.2395576,-1757.489323,WhiteTroatedCaracara,20
1879,NA,NA,NA,NA,NA,NA,NA,NA,0,NA,NA,NA,NA,NA,NA,NA,NA,NA,NA,NA,NA,132,NA,NA,NA,NA,NA,NA,NA,NA,NA,NA,NA,NA,16,NA,NA,NA,NA,NA,NA,NA,NA,NA,NA,NA,NA,2,NA,NA,NA,NA,2.814535141,NA,NA,NA,NA,NA,NA,NA,NA,52,NA,NA,NA,NA,NA,NA,NA,NA,NA,NA,NA,NA,9,NA,NA,NA,NA,5.023936272,88.13689423,16.2285862,2.125648975,4.17927742,17.79202652,20.7016449,23.12384605,961.2833862,0.024986975,140.7153473,-963.2395576,-1757.489323,WhiteTroatedCaracara,20
1880,NA,NA,NA,NA,NA,NA,NA,NA,NA,NA,NA,0,NA,NA,NA,NA,NA,NA,NA,NA,NA,NA,NA,NA,180,NA,NA,NA,NA,NA,NA,NA,NA,NA,NA,NA,NA,8,NA,NA,NA,NA,NA,NA,NA,NA,NA,NA,NA,NA,1,NA,2.69598484,NA,NA,NA,NA,NA,NA,NA,NA,NA,NA,NA,41,NA,NA,NA,NA,NA,NA,NA,NA,NA,NA,NA,NA,12,NA,7.709258556,55.46617508,15.85623169,2.287314415,0.276917577,6.935390949,22.60672569,16.83281708,493.6824646,1.535914779,75.68019867,-943.2395576,-1757.489323,WhiteTroatedCaracara,20
1881,NA,NA,NA,NA,NA,NA,NA,NA,NA,NA,NA,NA,0,NA,NA,NA,NA,NA,NA,NA,NA,NA,NA,NA,NA,9,NA,NA,NA,NA,NA,NA,NA,NA,NA,NA,NA,NA,13,NA,NA,NA,NA,NA,NA,NA,NA,NA,NA,NA,NA,2,7.238314152,NA,NA,NA,NA,NA,NA,NA,NA,NA,NA,NA,NA,354,NA,NA,NA,NA,NA,NA,NA,NA,NA,NA,NA,NA,13,7.374590874,37.69322968,35.15224838,0.673795462,0.187960848,6.067540169,23.48586655,31.57534599,629.8640747,1.547587276,67.73297882,-923.2395576,-1757.489323,WhiteTroatedCaracara,20
1882,NA,NA,NA,0,NA,NA,NA,NA,NA,0,NA,NA,NA,NA,NA,NA,3,NA,NA,NA,NA,NA,17,NA,NA,NA,NA,NA,NA,9,NA,NA,NA,NA,NA,10,NA,NA,NA,NA,NA,NA,4,NA,NA,NA,NA,NA,5,NA,NA,NA,9.971331596,NA,NA,NA,12,NA,NA,NA,NA,NA,350,NA,NA,NA,NA,NA,NA,4,NA,NA,NA,NA,NA,10,NA,NA,NA,8.830049515,31.79170799,35.31697845,0.471602112,0.404858708,4.470867634,11.72637844,35.47579575,412.2116089,-0.92177707,42.3040657,-903.2395576,-1757.489323,WhiteTroatedCaracara,20
1883,NA,NA,0,0,NA,0,0,0,0,0,0,0,0,NA,NA,120,16,NA,58,60,30,30,80,120,120,31,NA,NA,9,12,NA,18,17,11,17,11,17,18,9,NA,NA,2,1,NA,4,1,1,1,2,3,2,2,10.16876698,NA,NA,28,11,NA,40,343,351,316,292,291,282,281,NA,NA,3,4,NA,6,7,8,9,10,11,12,13,8.784572601,27.32359695,52.32973862,0.113561168,0.032579862,3.681792021,6.955010891,36.54044724,485.2649231,-0.30456543,15.59151554,-883.2395576,-1757.489323,WhiteTroatedCaracara,20
1884,NA,NA,NA,0,NA,NA,0,0,0,NA,0,0,0,NA,NA,NA,60,NA,NA,6,15,15,NA,5,15,4,NA,NA,NA,8,NA,NA,18,15,6,NA,16,17,11,NA,NA,NA,2,NA,NA,2,1,2,NA,3,1,1,3.604346514,NA,NA,NA,364,NA,NA,344,28,312,NA,325,247,365,NA,NA,NA,4,NA,NA,7,8,9,NA,11,12,13,8.325755119,27.04986382,50.72603607,0.360814333,0.095053673,4.340619087,6.494310379,37.57410812,639.0067749,-0.049864806,19.04370689,-863.2395576,-1757.489323,WhiteTroatedCaracara,20
1896,NA,NA,NA,NA,NA,NA,NA,NA,NA,0,NA,NA,NA,NA,NA,NA,NA,NA,NA,NA,NA,NA,90,NA,NA,NA,NA,NA,NA,NA,NA,NA,NA,NA,NA,10,NA,NA,NA,NA,NA,NA,NA,NA,NA,NA,NA,NA,3,NA,NA,NA,11.15842819,NA,NA,NA,NA,NA,NA,NA,NA,NA,40,NA,NA,NA,NA,NA,NA,NA,NA,NA,NA,NA,NA,10,NA,NA,NA,11.42107105,41.74988174,44.30841064,0.000633512,0.270284295,3.590598583,7.271864414,44.36282349,185.3735199,-0.46136567,24.02770424,-623.2395576,-1757.489323,WhiteTroatedCaracara,20
1898,NA,NA,NA,NA,NA,NA,NA,NA,NA,NA,NA,NA,0,NA,NA,NA,NA,NA,NA,NA,NA,NA,NA,NA,NA,1,NA,NA,NA,NA,NA,NA,NA,NA,NA,NA,NA,NA,18,NA,NA,NA,NA,NA,NA,NA,NA,NA,NA,NA,NA,1,7.338523865,NA,NA,NA,NA,NA,NA,NA,NA,NA,NA,NA,NA,27,NA,NA,NA,NA,NA,NA,NA,NA,NA,NA,NA,NA,13,10.98408413,42.73624039,38.62137222,0,0.102800004,6.018795967,12.04827499,42.23713303,160.2820892,-0.178421766,7.453588963,-583.2395576,-1757.489323,WhiteTroatedCaracara,20
1903,NA,NA,NA,0,NA,0,0,0,0,0,0,0,0,NA,NA,NA,120,NA,10,30,90,30,29,40,45,240,NA,NA,NA,8,NA,8,17,23,14,14,17,8,13,NA,NA,NA,2,NA,2,1,2,3,2,1,3,1,3.141947746,NA,NA,NA,292,NA,35,50,322,307,336,291,282,333,NA,NA,NA,4,NA,6,7,8,9,10,11,12,13,10.05618,44.45476913,38.14525604,0,5.72857206861954e-05,6.1214571,4.258051395,50.27993011,108.0976105,0.234834939,4.249397278,-483.2395576,-1757.489323,WhiteTroatedCaracara,20
1904,NA,NA,NA,NA,NA,0,NA,0,NA,0,0,NA,0,NA,NA,NA,NA,NA,10,NA,70,NA,26,10,NA,46,NA,NA,NA,NA,NA,8,NA,15,NA,17,10,NA,11,NA,NA,NA,NA,NA,2,NA,2,NA,1,1,NA,2,3.184621334,NA,NA,NA,NA,NA,35,NA,1,NA,332,291,NA,254,NA,NA,NA,NA,NA,6,NA,8,NA,10,11,NA,13,10.09640312,43.99102783,43.54739761,0,0.215829909,2.701882124,6.788026333,41.8874855,58.50914001,-0.01588284,7.734482765,-463.2395576,-1757.489323,WhiteTroatedCaracara,20
1912,NA,NA,NA,NA,NA,NA,NA,0,NA,NA,NA,NA,0,NA,NA,NA,NA,NA,NA,NA,145,NA,NA,NA,NA,108,NA,NA,NA,NA,NA,NA,NA,8,NA,NA,NA,NA,16,NA,NA,NA,NA,NA,NA,NA,2,NA,NA,NA,NA,2,4.264150143,NA,NA,NA,NA,NA,NA,NA,284,NA,NA,NA,NA,316,NA,NA,NA,NA,NA,NA,NA,8,NA,NA,NA,NA,13,5.225859165,236.9624023,5.562298775,3.673166752,6.576901436,27.2941227,16.32884216,10.21724892,803.7125244,1.812299609,189.4603577,-1023.239558,-1777.489323,WhiteTroatedCaracara,20
1914,NA,NA,NA,NA,NA,NA,NA,NA,0,NA,NA,NA,NA,NA,NA,NA,NA,NA,NA,NA,NA,15,NA,NA,NA,NA,NA,NA,NA,NA,NA,NA,NA,NA,12,NA,NA,NA,NA,NA,NA,NA,NA,NA,NA,NA,NA,2,NA,NA,NA,NA,4.347670078,NA,NA,NA,NA,NA,NA,NA,NA,35,NA,NA,NA,NA,NA,NA,NA,NA,NA,NA,NA,NA,9,NA,NA,NA,NA,4.387935162,132.2707672,9.792564392,3.495144367,6.92181921,20.67384911,18.21385574,15.99392605,1029.489868,-1.063944578,160.6486359,-983.2395576,-1777.489323,WhiteTroatedCaracara,20
1915,NA,NA,NA,NA,NA,NA,NA,NA,NA,NA,NA,0,NA,NA,NA,NA,NA,NA,NA,NA,NA,NA,NA,NA,220,NA,NA,NA,NA,NA,NA,NA,NA,NA,NA,NA,NA,9,NA,NA,NA,NA,NA,NA,NA,NA,NA,NA,NA,NA,1,NA,4.225337505,NA,NA,NA,NA,NA,NA,NA,NA,NA,NA,NA,353,NA,NA,NA,NA,NA,NA,NA,NA,NA,NA,NA,NA,12,NA,3.058274031,101.0397186,23.1338253,3.7286973,3.789597511,11.81067276,22.33666229,21.27347374,1308.294312,1.321873188,170.889801,-963.2395576,-1777.489323,WhiteTroatedCaracara,20
1916,NA,NA,NA,NA,NA,NA,NA,0,0,NA,NA,NA,NA,NA,NA,NA,NA,NA,NA,NA,240,15,NA,NA,NA,NA,NA,NA,NA,NA,NA,NA,NA,13,22,NA,NA,NA,NA,NA,NA,NA,NA,NA,NA,NA,1,2,NA,NA,NA,NA,3.233817577,NA,NA,NA,NA,NA,NA,NA,266,42,NA,NA,NA,NA,NA,NA,NA,NA,NA,NA,NA,8,9,NA,NA,NA,NA,4.991057873,62.18398285,21.67789078,3.003746748,0.57474345,10.15668678,29.04720497,25.86919785,1023.413391,-2.417571306,116.8982315,-943.2395576,-1777.489323,WhiteTroatedCaracara,20
1917,NA,NA,NA,0,NA,NA,NA,NA,NA,0,NA,NA,0,NA,NA,NA,120,NA,NA,NA,NA,NA,28,NA,NA,82,NA,NA,NA,19,NA,NA,NA,NA,NA,13,NA,NA,8,NA,NA,NA,2,NA,NA,NA,NA,NA,3,NA,NA,1,3.840259314,NA,NA,NA,13,NA,NA,NA,NA,NA,342,NA,NA,337,NA,NA,NA,4,NA,NA,NA,NA,NA,10,NA,NA,13,8.68061924,44.78826523,35.44567871,0.442985445,0.166914076,6.592616081,18.64424324,29.67955399,368.4000854,-4.733198166,58.50937653,-923.2395576,-1777.489323,WhiteTroatedCaracara,20
1918,NA,NA,NA,NA,NA,NA,NA,NA,NA,NA,NA,NA,0,NA,NA,NA,NA,NA,NA,NA,NA,NA,NA,NA,NA,35,NA,NA,NA,NA,NA,NA,NA,NA,NA,NA,NA,NA,13,NA,NA,NA,NA,NA,NA,NA,NA,NA,NA,NA,NA,1,4.717255116,NA,NA,NA,NA,NA,NA,NA,NA,NA,NA,NA,NA,336,NA,NA,NA,NA,NA,NA,NA,NA,NA,NA,NA,NA,13,8.423522949,33.90752411,43.83961487,0.33447358,0.094497703,4.627226353,15.9669714,33.88199997,477.5190125,-0.825003743,34.70672226,-903.2395576,-1777.489323,WhiteTroatedCaracara,20
1921,NA,NA,NA,NA,NA,NA,NA,NA,NA,0,NA,NA,NA,NA,NA,NA,NA,NA,NA,NA,NA,NA,44,NA,NA,NA,NA,NA,NA,NA,NA,NA,NA,NA,NA,6,NA,NA,NA,NA,NA,NA,NA,NA,NA,NA,NA,NA,5,NA,NA,NA,7.514043331,NA,NA,NA,NA,NA,NA,NA,NA,NA,364,NA,NA,NA,NA,NA,NA,NA,NA,NA,NA,NA,NA,10,NA,NA,NA,8.276459694,29.80555725,37.3989563,0.093474753,0,7.185258389,18.33546829,35.63443756,695.9772949,-0.182008132,17.86865997,-843.2395576,-1777.489323,WhiteTroatedCaracara,20
1923,NA,NA,NA,NA,NA,NA,NA,NA,NA,NA,NA,NA,0,NA,NA,NA,NA,NA,NA,NA,NA,NA,NA,NA,NA,17,NA,NA,NA,NA,NA,NA,NA,NA,NA,NA,NA,NA,15,NA,NA,NA,NA,NA,NA,NA,NA,NA,NA,NA,NA,1,3.323640347,NA,NA,NA,NA,NA,NA,NA,NA,NA,NA,NA,NA,349,NA,NA,NA,NA,NA,NA,NA,NA,NA,NA,NA,NA,13,8.592916489,34.82571793,30.40813446,0.159213081,0.094081864,9.539588928,18.74434471,40.74017715,750.3601074,0.21588546,20.18813133,-803.2395576,-1777.489323,WhiteTroatedCaracara,20
1931,NA,NA,0,NA,NA,NA,0,NA,NA,0,0,0,0,NA,NA,300,NA,NA,NA,300,NA,NA,77,60,60,116,NA,NA,9,NA,NA,NA,11,NA,NA,12,9,17,10,NA,NA,9,NA,NA,NA,2,NA,NA,1,2,1,2,5.119642258,NA,NA,322,NA,NA,NA,57,NA,NA,300,269,358,17,NA,NA,3,NA,NA,NA,7,NA,NA,10,11,12,13,11.4932127,43.73932266,43.54840851,0.273461044,0.101720035,2.752827168,6.610084534,45.46753311,185.9337311,0.255267382,12.25187206,-643.2395576,-1777.489323,WhiteTroatedCaracara,20
1933,NA,NA,NA,NA,NA,NA,0,NA,NA,NA,NA,NA,0,NA,NA,NA,NA,NA,NA,42,NA,NA,NA,NA,NA,13,NA,NA,NA,NA,NA,NA,17,NA,NA,NA,NA,NA,11,NA,NA,NA,NA,NA,NA,2,NA,NA,NA,NA,NA,3,3.038706303,NA,NA,NA,NA,NA,NA,56,NA,NA,NA,NA,NA,323,NA,NA,NA,NA,NA,NA,7,NA,NA,NA,NA,NA,13,11.12995434,43.17652512,41.7378273,0.146618471,0,5.317062855,9.362447739,42.42530823,152.0998535,0.077052943,9.907810211,-603.2395576,-1777.489323,WhiteTroatedCaracara,20
1937,NA,NA,NA,NA,NA,NA,0,NA,NA,NA,NA,NA,0,NA,NA,NA,NA,NA,NA,15,NA,NA,NA,NA,NA,20,NA,NA,NA,NA,NA,NA,10,NA,NA,NA,NA,NA,12,NA,NA,NA,NA,NA,NA,5,NA,NA,NA,NA,NA,3,3.188608646,NA,NA,NA,NA,NA,NA,297,NA,NA,NA,NA,NA,7,NA,NA,NA,NA,NA,NA,7,NA,NA,NA,NA,NA,13,10.3970499,46.3872261,31.41174507,0.092758834,0.057344496,7.733295441,11.42529678,48.24253464,114.2791519,-0.070302822,12.96544361,-523.2395576,-1777.489323,WhiteTroatedCaracara,20
1938,NA,NA,0,NA,NA,NA,NA,NA,NA,NA,NA,NA,NA,NA,NA,240,NA,NA,NA,NA,NA,NA,NA,NA,NA,NA,NA,NA,8,NA,NA,NA,NA,NA,NA,NA,NA,NA,NA,NA,NA,9,NA,NA,NA,NA,NA,NA,NA,NA,NA,NA,4.776207924,NA,NA,321,NA,NA,NA,NA,NA,NA,NA,NA,NA,NA,NA,NA,3,NA,NA,NA,NA,NA,NA,NA,NA,NA,NA,10.27060032,48.13659286,34.814888,0.084300674,0.025850384,7.511222839,11.02344227,44.82986832,93.14775085,0.165207773,11.36326599,-503.2395576,-1777.489323,WhiteTroatedCaracara,20
1939,NA,NA,NA,NA,NA,NA,NA,NA,NA,0,0,0,0,NA,NA,NA,NA,NA,NA,NA,NA,NA,120,240,10,20,NA,NA,NA,NA,NA,NA,NA,NA,NA,9,14,19,11,NA,NA,NA,NA,NA,NA,NA,NA,NA,2,2,2,9,3.580549955,NA,NA,NA,NA,NA,NA,NA,NA,NA,328,250,284,329,NA,NA,NA,NA,NA,NA,NA,NA,NA,10,11,12,13,10.22825146,49.10031891,34.70524979,0.07999254,0.030404402,5.283089161,7.416473389,42.59194565,52.74944305,-0.221286342,10.65939045,-483.2395576,-1777.489323,WhiteTroatedCaracara,20
1940,NA,0,0,0,0,0,0,0,0,0,0,0,0,NA,120,90,60,60,45,240,20,30,1,40,11,25,NA,15,19,10,15,14,15,16,15,10,16,16,12,NA,1,2,1,10,1,6,2,1,1,1,1,1,1.786532164,NA,52,350,304,287,292,289,314,249,334,291,315,317,NA,2,3,4,5,6,7,8,9,10,11,12,13,10.01245594,49.09375763,34.15962219,0,0,5.926053524,5.374509811,40.62562561,48.81283569,0.15102531,5.98140955,-463.2395576,-1777.489323,WhiteTroatedCaracara,20
1947,NA,NA,NA,NA,NA,NA,NA,0,NA,NA,NA,NA,NA,NA,NA,NA,NA,NA,NA,NA,60,NA,NA,NA,NA,NA,NA,NA,NA,NA,NA,NA,NA,10,NA,NA,NA,NA,NA,NA,NA,NA,NA,NA,NA,NA,2,NA,NA,NA,NA,NA,17.58420563,NA,NA,NA,NA,NA,NA,NA,311,NA,NA,NA,NA,NA,NA,NA,NA,NA,NA,NA,NA,8,NA,NA,NA,NA,NA,5.037972927,332.8457642,4.191543579,2.321310043,5.375210762,26.34648323,17.36411095,6.025186539,802.5820313,0.982036054,201.8381042,-1043.239558,-1797.489323,WhiteTroatedCaracara,20
1948,NA,NA,NA,NA,NA,NA,NA,NA,NA,NA,NA,NA,0,NA,NA,NA,NA,NA,NA,NA,NA,NA,NA,NA,NA,58,NA,NA,NA,NA,NA,NA,NA,NA,NA,NA,NA,NA,6,NA,NA,NA,NA,NA,NA,NA,NA,NA,NA,NA,NA,1,9.273405075,NA,NA,NA,NA,NA,NA,NA,NA,NA,NA,NA,NA,316,NA,NA,NA,NA,NA,NA,NA,NA,NA,NA,NA,NA,13,6.343741894,255.8904877,4.155934334,1.991897345,5.631585121,31.28078461,12.45922279,12.37933922,586.288208,-1.103224397,150.4801483,-1023.239558,-1797.489323,WhiteTroatedCaracara,20
1950,NA,NA,NA,NA,NA,NA,NA,NA,0,NA,NA,0,0,NA,NA,NA,NA,NA,NA,NA,NA,25,NA,NA,16,120,NA,NA,NA,NA,NA,NA,NA,NA,6,NA,NA,14,9,NA,NA,NA,NA,NA,NA,NA,NA,2,NA,NA,1,1,9.325211525,NA,NA,NA,NA,NA,NA,NA,NA,34,NA,NA,291,262,NA,NA,NA,NA,NA,NA,NA,NA,9,NA,NA,12,13,2.62708497,155.6121063,14.72929192,1.939144373,4.548191071,10.77886105,13.87406063,11.56224918,1332.595093,-1.510326862,167.1870117,-983.2395576,-1797.489323,WhiteTroatedCaracara,20
1951,NA,NA,NA,NA,NA,NA,NA,NA,NA,NA,NA,0,NA,NA,NA,NA,NA,NA,NA,NA,NA,NA,NA,NA,80,NA,NA,NA,NA,NA,NA,NA,NA,NA,NA,NA,NA,9,NA,NA,NA,NA,NA,NA,NA,NA,NA,NA,NA,NA,2,NA,15.41713715,NA,NA,NA,NA,NA,NA,NA,NA,NA,NA,NA,39,NA,NA,NA,NA,NA,NA,NA,NA,NA,NA,NA,NA,12,NA,2.465540409,103.8785782,31.04177094,1.696549416,0.744529843,5.966822624,22.93172073,22.89363098,1437.418091,1.249772549,163.551239,-963.2395576,-1797.489323,WhiteTroatedCaracara,20
1954,NA,NA,NA,NA,NA,NA,0,NA,NA,0,0,NA,NA,NA,NA,NA,NA,NA,NA,5,NA,NA,42,10,NA,NA,NA,NA,NA,NA,NA,NA,14,NA,NA,17,13,NA,NA,NA,NA,NA,NA,NA,NA,1,NA,NA,1,1,NA,NA,4.608466148,NA,NA,NA,NA,NA,NA,348,NA,NA,46,38,NA,NA,NA,NA,NA,NA,NA,NA,7,NA,NA,10,11,NA,NA,5.339215755,38.75966644,32.42634201,0.193775699,0.029960496,10.75993252,17.21232796,35.00760269,1061.254883,-0.429186732,38.71495819,-903.2395576,-1797.489323,WhiteTroatedCaracara,20
1955,NA,NA,NA,NA,NA,NA,NA,NA,NA,0,NA,NA,NA,NA,NA,NA,NA,NA,NA,NA,NA,NA,27,NA,NA,NA,NA,NA,NA,NA,NA,NA,NA,NA,NA,14,NA,NA,NA,NA,NA,NA,NA,NA,NA,NA,NA,NA,2,NA,NA,NA,13.6712923,NA,NA,NA,NA,NA,NA,NA,NA,NA,4,NA,NA,NA,NA,NA,NA,NA,NA,NA,NA,NA,NA,10,NA,NA,NA,6.422560215,32.92724991,36.19227219,0.315988839,0,6.941431999,23.35956192,32.69189072,909.7474976,-0.318857759,22.16338348,-883.2395576,-1797.489323,WhiteTroatedCaracara,20
1958,NA,NA,NA,NA,NA,NA,NA,NA,NA,NA,NA,0,NA,NA,NA,NA,NA,NA,NA,NA,NA,NA,NA,NA,5,NA,NA,NA,NA,NA,NA,NA,NA,NA,NA,NA,NA,12,NA,NA,NA,NA,NA,NA,NA,NA,NA,NA,NA,NA,1,NA,4.44912672,NA,NA,NA,NA,NA,NA,NA,NA,NA,NA,NA,325,NA,NA,NA,NA,NA,NA,NA,NA,NA,NA,NA,NA,12,NA,9.098534584,32.78954315,39.22514343,0.064781345,0.008265394,6.342766762,14.98364449,37.92776489,566.8739014,0.001879704,15.8386898,-823.2395576,-1797.489323,WhiteTroatedCaracara,20
1970,NA,NA,NA,NA,NA,NA,NA,NA,NA,NA,NA,NA,0,NA,NA,NA,NA,NA,NA,NA,NA,NA,NA,NA,NA,5,NA,NA,NA,NA,NA,NA,NA,NA,NA,NA,NA,NA,11,NA,NA,NA,NA,NA,NA,NA,NA,NA,NA,NA,NA,1,2.211654186,NA,NA,NA,NA,NA,NA,NA,NA,NA,NA,NA,NA,295,NA,NA,NA,NA,NA,NA,NA,NA,NA,NA,NA,NA,13,10.83151436,46.39590454,41.35915375,0.656230569,0.004835878,3.289520264,11.76452732,40.15580368,134.8440094,0.065027982,8.603805542,-583.2395576,-1797.489323,WhiteTroatedCaracara,20
1974,NA,NA,NA,NA,NA,NA,NA,NA,NA,NA,NA,NA,0,NA,NA,NA,NA,NA,NA,NA,NA,NA,NA,NA,NA,20,NA,NA,NA,NA,NA,NA,NA,NA,NA,NA,NA,NA,14,NA,NA,NA,NA,NA,NA,NA,NA,NA,NA,NA,NA,3,3.841037512,NA,NA,NA,NA,NA,NA,NA,NA,NA,NA,NA,NA,7,NA,NA,NA,NA,NA,NA,NA,NA,NA,NA,NA,NA,13,10.21971226,49.53626633,34.39126968,0.357762814,0.037973173,7.632511139,9.861743927,45.24904633,88.18286133,-0.003162554,9.842668533,-503.2395576,-1797.489323,WhiteTroatedCaracara,20
1975,NA,NA,NA,NA,NA,0,NA,NA,NA,NA,NA,NA,NA,NA,NA,NA,NA,NA,15,NA,NA,NA,NA,NA,NA,NA,NA,NA,NA,NA,NA,11,NA,NA,NA,NA,NA,NA,NA,NA,NA,NA,NA,NA,4,NA,NA,NA,NA,NA,NA,NA,6.108272552,NA,NA,NA,NA,NA,299,NA,NA,NA,NA,NA,NA,NA,NA,NA,NA,NA,NA,6,NA,NA,NA,NA,NA,NA,NA,10.13917542,51.21056747,40.00411987,0.07392408,0.059664339,5.2771945,9.446527481,42.66212463,51.65499115,-0.07476341,8.407729149,-483.2395576,-1797.489323,WhiteTroatedCaracara,20
1976,NA,NA,NA,NA,NA,NA,NA,NA,NA,NA,NA,NA,0,NA,NA,NA,NA,NA,NA,NA,NA,NA,NA,NA,NA,120,NA,NA,NA,NA,NA,NA,NA,NA,NA,NA,NA,NA,8,NA,NA,NA,NA,NA,NA,NA,NA,NA,NA,NA,NA,3,1.786532164,NA,NA,NA,NA,NA,NA,NA,NA,NA,NA,NA,NA,8,NA,NA,NA,NA,NA,NA,NA,NA,NA,NA,NA,NA,13,10.01245594,49.09375763,34.15962219,0,0,5.926053524,5.374509811,40.62562561,48.81283569,0.15102531,5.98140955,-463.2395576,-1797.489323,WhiteTroatedCaracara,20
1985,NA,NA,0,NA,NA,0,0,0,0,0,0,0,0,NA,NA,45,NA,NA,204,300,120,221,180,90,90,25,NA,NA,10,NA,NA,7,11,8,8,9,17,17,17,NA,NA,2,NA,NA,1,2,1,1,10,4,1,1,44.7660141,NA,NA,8,NA,NA,301,56,273,286,287,327,292,300,NA,NA,3,NA,NA,6,7,8,9,10,11,12,13,6.989052296,450.0843506,2.660189629,1.564669013,4.20051527,24.16932869,12.23462677,10.48305798,343.6925354,-2.927243948,144.2560577,-1063.239558,-1817.489323,WhiteTroatedCaracara,20
1990,NA,NA,NA,NA,NA,NA,NA,NA,NA,NA,NA,0,0,NA,NA,NA,NA,NA,NA,NA,NA,NA,NA,NA,91,30,NA,NA,NA,NA,NA,NA,NA,NA,NA,NA,NA,10,8,NA,NA,NA,NA,NA,NA,NA,NA,NA,NA,NA,1,1,9.999586105,NA,NA,NA,NA,NA,NA,NA,NA,NA,NA,NA,359,282,NA,NA,NA,NA,NA,NA,NA,NA,NA,NA,NA,12,13,3.658447027,105.5237122,15.48281765,0.753365517,2.520238876,9.35012722,25.12254906,21.34892845,1202.077393,-0.635802746,140.1411896,-963.2395576,-1817.489323,WhiteTroatedCaracara,20
1991,NA,0,NA,NA,NA,NA,NA,NA,NA,NA,NA,0,0,NA,120,NA,NA,NA,NA,NA,NA,NA,NA,NA,82,18,NA,8,NA,NA,NA,NA,NA,NA,NA,NA,NA,15,19,NA,1,NA,NA,NA,NA,NA,NA,NA,NA,NA,1,2,4.185149193,NA,55,NA,NA,NA,NA,NA,NA,NA,NA,NA,356,14,NA,2,NA,NA,NA,NA,NA,NA,NA,NA,NA,12,13,5.186677933,63.94968033,21.2819252,1.228708863,0.226749197,11.09573936,27.7052002,30.391922,982.8182373,-1.494950294,42.69095612,-943.2395576,-1817.489323,WhiteTroatedCaracara,20
1993,NA,NA,NA,NA,NA,NA,NA,NA,NA,1,NA,NA,NA,NA,NA,NA,NA,NA,NA,NA,NA,NA,17,NA,NA,NA,NA,NA,NA,NA,NA,NA,NA,NA,NA,14,NA,NA,NA,NA,NA,NA,NA,NA,NA,NA,NA,NA,3,NA,NA,NA,9.91642189,NA,NA,NA,NA,NA,NA,NA,NA,NA,55,NA,NA,NA,NA,NA,NA,NA,NA,NA,NA,NA,NA,10,NA,NA,NA,5.01496315,40.47029877,28.46435547,0.083148286,0,9.525491714,29.43436623,28.83411407,1109.934448,0.539127886,38.93623352,-903.2395576,-1817.489323,WhiteTroatedCaracara,20
1995,NA,NA,NA,NA,NA,NA,NA,0,NA,NA,NA,NA,0,NA,NA,NA,NA,NA,NA,NA,1,NA,NA,NA,NA,2,NA,NA,NA,NA,NA,NA,NA,16,NA,NA,NA,NA,11,NA,NA,NA,NA,NA,NA,NA,2,NA,NA,NA,NA,1,4.99367094,NA,NA,NA,NA,NA,NA,NA,335,NA,NA,NA,NA,51,NA,NA,NA,NA,NA,NA,NA,8,NA,NA,NA,NA,13,7.412920952,32.67850494,32.93828583,0.030537026,0,8.381565094,21.92469025,36.6328125,758.840271,0.008943883,17.75814438,-863.2395576,-1817.489323,WhiteTroatedCaracara,20
2012,NA,NA,NA,NA,NA,NA,NA,NA,NA,NA,0,0,NA,NA,NA,NA,NA,NA,NA,NA,NA,NA,NA,3,16,NA,NA,NA,NA,NA,NA,NA,NA,NA,NA,NA,9,16,NA,NA,NA,NA,NA,NA,NA,NA,NA,NA,NA,1,2,NA,5.942119598,NA,NA,NA,NA,NA,NA,NA,NA,NA,NA,30,269,NA,NA,NA,NA,NA,NA,NA,NA,NA,NA,NA,11,12,NA,10.30912304,51.19805145,32.07733154,0.059004948,0,6.914216042,10.99014759,46.07804108,94.29930115,-0.037019067,8.622989655,-523.2395576,-1817.489323,WhiteTroatedCaracara,20
2014,NA,NA,NA,NA,NA,NA,NA,NA,0,NA,NA,NA,NA,NA,NA,NA,NA,NA,NA,NA,NA,1,NA,NA,NA,NA,NA,NA,NA,NA,NA,NA,NA,NA,16,NA,NA,NA,NA,NA,NA,NA,NA,NA,NA,NA,NA,3,NA,NA,NA,NA,2.637183428,NA,NA,NA,NA,NA,NA,NA,NA,27,NA,NA,NA,NA,NA,NA,NA,NA,NA,NA,NA,NA,9,NA,NA,NA,NA,10.13856888,51.50102615,33.99962997,0,0.037603963,6.54281044,9.185857773,41.54872894,38.02376556,0.034597017,4.312844753,-483.2395576,-1817.489323,WhiteTroatedCaracara,20
2015,NA,NA,NA,NA,NA,0,NA,0,NA,NA,NA,NA,0,NA,NA,NA,NA,NA,120,NA,300,NA,NA,NA,NA,270,NA,NA,NA,NA,NA,9,NA,12,NA,NA,NA,NA,10,NA,NA,NA,NA,NA,4,NA,4,NA,NA,NA,NA,3,2.637183428,NA,NA,NA,NA,NA,301,NA,10,NA,NA,NA,NA,8,NA,NA,NA,NA,NA,6,NA,8,NA,NA,NA,NA,13,10.13856888,51.50102615,33.99962997,0,0.037603963,6.54281044,9.185857773,41.54872894,38.02376556,0.034597017,4.312844753,-463.2395576,-1817.489323,WhiteTroatedCaracara,20
2024,NA,NA,NA,NA,NA,0,NA,NA,NA,NA,0,NA,NA,NA,NA,NA,NA,NA,28,NA,NA,NA,NA,15,NA,NA,NA,NA,NA,NA,NA,11,NA,NA,NA,NA,13,NA,NA,NA,NA,NA,NA,NA,2,NA,NA,NA,NA,1,NA,NA,48.20076752,NA,NA,NA,NA,NA,58,NA,NA,NA,NA,23,NA,NA,NA,NA,NA,NA,NA,6,NA,NA,NA,NA,11,NA,NA,6.245959282,369.1100769,5.201349735,2.549663067,5.052706718,29.32201958,15.24855995,11.87498569,523.3187256,-4.745218754,169.8081818,-1043.239558,-1837.489323,WhiteTroatedCaracara,20
2025,NA,NA,NA,NA,NA,NA,NA,NA,NA,NA,NA,NA,0,NA,NA,NA,NA,NA,NA,NA,NA,NA,NA,NA,NA,20,NA,NA,NA,NA,NA,NA,NA,NA,NA,NA,NA,NA,23,NA,NA,NA,NA,NA,NA,NA,NA,NA,NA,NA,NA,1,36.83602905,NA,NA,NA,NA,NA,NA,NA,NA,NA,NA,NA,NA,364,NA,NA,NA,NA,NA,NA,NA,NA,NA,NA,NA,NA,13,5.920818806,286.9979248,4.659797192,2.280151129,4.315778732,29.23083305,19.59220314,15.90123463,635.8654175,-0.038163498,166.8884888,-1023.239558,-1837.489323,WhiteTroatedCaracara,20
2031,NA,NA,NA,NA,NA,NA,NA,NA,NA,NA,NA,0,NA,NA,NA,NA,NA,NA,NA,NA,NA,NA,NA,NA,5,NA,NA,NA,NA,NA,NA,NA,NA,NA,NA,NA,NA,15,NA,NA,NA,NA,NA,NA,NA,NA,NA,NA,NA,NA,2,NA,4.250794411,NA,NA,NA,NA,NA,NA,NA,NA,NA,NA,NA,43,NA,NA,NA,NA,NA,NA,NA,NA,NA,NA,NA,NA,12,NA,6.668317795,40.43692017,38.65127182,0.001169243,0,7.099567413,14.89579201,39.31547546,785.5678101,0.026989512,18.64310074,-903.2395576,-1837.489323,WhiteTroatedCaracara,20
2033,NA,NA,NA,NA,NA,NA,NA,NA,NA,NA,NA,NA,0,NA,NA,NA,NA,NA,NA,NA,NA,NA,NA,NA,NA,2,NA,NA,NA,NA,NA,NA,NA,NA,NA,NA,NA,NA,9,NA,NA,NA,NA,NA,NA,NA,NA,NA,NA,NA,NA,2,8.97707653,NA,NA,NA,NA,NA,NA,NA,NA,NA,NA,NA,NA,18,NA,NA,NA,NA,NA,NA,NA,NA,NA,NA,NA,NA,13,7.671634674,33.77809143,39.51037598,0.069462165,0,6.411102772,15.96597958,37.66198349,671.914856,0.107219934,19.92911148,-863.2395576,-1837.489323,WhiteTroatedCaracara,20
2056,NA,NA,NA,NA,NA,0,NA,NA,NA,NA,NA,NA,NA,NA,NA,NA,NA,NA,10,NA,NA,NA,NA,NA,NA,NA,NA,NA,NA,NA,NA,15,NA,NA,NA,NA,NA,NA,NA,NA,NA,NA,NA,NA,1,NA,NA,NA,NA,NA,NA,NA,114.2760239,NA,NA,NA,NA,NA,301,NA,NA,NA,NA,NA,NA,NA,NA,NA,NA,NA,NA,6,NA,NA,NA,NA,NA,NA,NA,6.782157421,838.2330322,0.605806887,2.603227854,3.936532497,32.02263641,12.15896416,16.35640526,291.7407227,-0.805449784,135.313797,-1143.239558,-1857.489323,WhiteTroatedCaracara,20
2060,NA,NA,NA,NA,NA,NA,NA,NA,NA,NA,0,0,NA,NA,NA,NA,NA,NA,NA,NA,NA,NA,NA,240,18,NA,NA,NA,NA,NA,NA,NA,NA,NA,NA,NA,9,17,NA,NA,NA,NA,NA,NA,NA,NA,NA,NA,NA,8,1,NA,76.45004272,NA,NA,NA,NA,NA,NA,NA,NA,NA,NA,328,341,NA,NA,NA,NA,NA,NA,NA,NA,NA,NA,NA,11,12,NA,4.411492825,481.43927,3.076111078,0.313465953,1.884559035,8.452320099,8.512028694,2.645316362,760.7573242,-1.667961717,131.4821625,-1063.239558,-1857.489323,WhiteTroatedCaracara,20
2065,NA,NA,NA,NA,NA,NA,NA,NA,NA,NA,NA,1,NA,NA,NA,NA,NA,NA,NA,NA,NA,NA,NA,NA,60,NA,NA,NA,NA,NA,NA,NA,NA,NA,NA,NA,NA,15,NA,NA,NA,NA,NA,NA,NA,NA,NA,NA,NA,NA,1,NA,4.048866272,NA,NA,NA,NA,NA,NA,NA,NA,NA,NA,NA,28,NA,NA,NA,NA,NA,NA,NA,NA,NA,NA,NA,NA,12,NA,5.758976936,112.1900787,8.0753088,3.620854616,8.328940392,23.45305634,15.52096176,22.65493393,765.6308594,-0.533095479,104.903923,-963.2395576,-1857.489323,WhiteTroatedCaracara,20
2068,NA,NA,0,NA,NA,NA,NA,NA,1,0,0,1,1,NA,NA,78,NA,NA,NA,NA,NA,10,122,9,4,28,NA,NA,12,NA,NA,NA,NA,NA,17,15,12,19,15,NA,NA,1,NA,NA,NA,NA,NA,1,1,4,3,3,6.376909256,NA,NA,26,NA,NA,NA,NA,NA,14,34,5,13,18,NA,NA,3,NA,NA,NA,NA,NA,9,10,11,12,13,5.986535072,45.0216217,25.26400185,0.982852697,0,9.80380249,20.78579521,34.92071152,875.1386719,-0.492618263,31.81561852,-903.2395576,-1857.489323,WhiteTroatedCaracara,20
2069,NA,NA,NA,NA,NA,NA,NA,NA,1,NA,1,1,1,NA,NA,NA,NA,NA,NA,NA,NA,5,NA,96,300,54,NA,NA,NA,NA,NA,NA,NA,NA,8,NA,12,11,15,NA,NA,NA,NA,NA,NA,NA,NA,1,NA,2,2,2,9.456403732,NA,NA,NA,NA,NA,NA,NA,NA,14,NA,40,34,26,NA,NA,NA,NA,NA,NA,NA,NA,9,NA,11,12,13,6.629866123,35.98757172,31.74013901,0.137013644,0,8.276648521,30.4324646,21.50498581,794.5579834,-0.749508977,26.33580017,-883.2395576,-1857.489323,WhiteTroatedCaracara,20
2072,NA,NA,0,NA,NA,NA,NA,NA,NA,NA,0,0,0,NA,NA,8,NA,NA,NA,NA,NA,NA,NA,12,3,3,NA,NA,14,NA,NA,NA,NA,NA,NA,NA,10,12,17,NA,NA,1,NA,NA,NA,NA,NA,NA,NA,4,1,1,8.18728447,NA,NA,3,NA,NA,NA,NA,NA,NA,NA,352,299,341,NA,NA,3,NA,NA,NA,NA,NA,NA,NA,11,12,13,8.481280327,33.1184845,41.00599289,0.435339332,0,6.072297096,14.26105785,37.88132858,567.2080078,0.036467955,19.57406616,-823.2395576,-1857.489323,WhiteTroatedCaracara,20
2083,NA,NA,NA,NA,NA,0,NA,NA,NA,NA,NA,NA,NA,NA,NA,NA,NA,NA,1,NA,NA,NA,NA,NA,NA,NA,NA,NA,NA,NA,NA,8,NA,NA,NA,NA,NA,NA,NA,NA,NA,NA,NA,NA,1,NA,NA,NA,NA,NA,NA,NA,5.319139481,NA,NA,NA,NA,NA,292,NA,NA,NA,NA,NA,NA,NA,NA,NA,NA,NA,NA,6,NA,NA,NA,NA,NA,NA,NA,10.53057671,48.56911087,41.28070068,0,0.043972868,5.952951431,18.80205345,33.50733566,137.1499176,0.120502651,10.45031738,-603.2395576,-1857.489323,WhiteTroatedCaracara,20
2086,NA,NA,NA,NA,NA,NA,NA,NA,NA,NA,NA,NA,0,NA,NA,NA,NA,NA,NA,NA,NA,NA,NA,NA,NA,90,NA,NA,NA,NA,NA,NA,NA,NA,NA,NA,NA,NA,7,NA,NA,NA,NA,NA,NA,NA,NA,NA,NA,NA,NA,5,2.369332075,NA,NA,NA,NA,NA,NA,NA,NA,NA,NA,NA,NA,338,NA,NA,NA,NA,NA,NA,NA,NA,NA,NA,NA,NA,13,10.46832371,52.6015358,37.63464737,0.007108831,0.047646154,4.599153042,23.86614799,25.79095459,33.30811691,-0.023400035,5.51700449,-543.2395576,-1857.489323,WhiteTroatedCaracara,20
2090,NA,NA,NA,NA,NA,NA,NA,NA,NA,NA,NA,NA,0,NA,NA,NA,NA,NA,NA,NA,NA,NA,NA,NA,NA,1,NA,NA,NA,NA,NA,NA,NA,NA,NA,NA,NA,NA,11,NA,NA,NA,NA,NA,NA,NA,NA,NA,NA,NA,NA,1,183.6512909,NA,NA,NA,NA,NA,NA,NA,NA,NA,NA,NA,NA,15,NA,NA,NA,NA,NA,NA,NA,NA,NA,NA,NA,NA,13,7.394742966,1183.391113,2.336542368,2.200097561,2.177416325,24.19489288,17.20108223,21.01985741,181.6673584,0.130240694,95.76395416,-1183.239558,-1877.489323,WhiteTroatedCaracara,20
2092,NA,NA,NA,NA,NA,NA,NA,NA,NA,NA,NA,NA,0,NA,NA,NA,NA,NA,NA,NA,NA,NA,NA,NA,NA,56,NA,NA,NA,NA,NA,NA,NA,NA,NA,NA,NA,NA,19,NA,NA,NA,NA,NA,NA,NA,NA,NA,NA,NA,NA,2,152.7237549,NA,NA,NA,NA,NA,NA,NA,NA,NA,NA,NA,NA,338,NA,NA,NA,NA,NA,NA,NA,NA,NA,NA,NA,NA,13,7.082883358,1013.279175,2.385958672,1.118281603,2.996178865,33.02183151,9.697140694,17.08444023,287.4724731,-2.706698895,65.76127625,-1143.239558,-1877.489323,WhiteTroatedCaracara,20
2100,NA,NA,0,NA,NA,0,0,NA,0,0,0,0,0,NA,NA,60,NA,NA,20,120,NA,93,3,66,100,180,NA,NA,18,NA,NA,9,15,NA,10,14,11,19,11,NA,NA,2,NA,NA,1,2,NA,2,2,1,1,2,4.721100807,NA,NA,8,NA,NA,58,38,NA,56,345,24,45,364,NA,NA,3,NA,NA,6,7,NA,9,10,11,12,13,6.011519909,167.3769226,5.670866966,1.408329368,6.115493298,25.55235672,16.31815147,14.59678841,671.3422852,-3.24818635,132.7637177,-983.2395576,-1877.489323,WhiteTroatedCaracara,20
2102,NA,NA,NA,NA,NA,NA,NA,NA,NA,NA,NA,0,NA,NA,NA,NA,NA,NA,NA,NA,NA,NA,NA,NA,62,NA,NA,NA,NA,NA,NA,NA,NA,NA,NA,NA,NA,13,NA,NA,NA,NA,NA,NA,NA,NA,NA,NA,NA,NA,1,NA,17.80433655,NA,NA,NA,NA,NA,NA,NA,NA,NA,NA,NA,29,NA,NA,NA,NA,NA,NA,NA,NA,NA,NA,NA,NA,12,NA,5.502460003,78.73606873,8.179581642,6.230196953,7.973548889,23.97687531,15.66077805,21.5997963,840.8781128,-2.254387379,58.31445313,-943.2395576,-1877.489323,WhiteTroatedCaracara,20
2103,NA,NA,NA,NA,NA,NA,NA,NA,NA,NA,NA,0,NA,NA,NA,NA,NA,NA,NA,NA,NA,NA,NA,NA,69,NA,NA,NA,NA,NA,NA,NA,NA,NA,NA,NA,NA,15,NA,NA,NA,NA,NA,NA,NA,NA,NA,NA,NA,NA,1,NA,8.814077377,NA,NA,NA,NA,NA,NA,NA,NA,NA,NA,NA,30,NA,NA,NA,NA,NA,NA,NA,NA,NA,NA,NA,NA,12,NA,4.241282463,70.33542633,27.28252792,3.074874163,1.533085108,12.1487093,18.9618454,31.50398827,1117.439209,-0.049332038,46.13955688,-923.2395576,-1877.489323,WhiteTroatedCaracara,20
2104,NA,NA,NA,NA,NA,NA,1,NA,1,1,0,1,1,NA,NA,NA,NA,NA,NA,180,NA,25,3,56,20,123,NA,NA,NA,NA,NA,NA,13,NA,9,14,10,13,13,NA,NA,NA,NA,NA,NA,2,NA,4,2,2,2,2,20.91435623,NA,NA,NA,NA,NA,NA,15,NA,20,36,59,357,47,NA,NA,NA,NA,NA,NA,7,NA,9,10,11,12,13,4.054970264,48.76047897,23.73983574,1.601227164,0,8.221416473,22.12316895,28.16891861,1201.850586,0.112566561,26.73180962,-903.2395576,-1877.489323,WhiteTroatedCaracara,20
2105,NA,NA,0,0,0,0,1,1,1,1,1,1,1,NA,NA,180,20,26,45,18,48,80,120,73,5,65,NA,NA,6,14,18,19,14,16,12,6,18,11,8,NA,NA,3,1,2,2,5,1,3,2,2,2,2,28.8765564,NA,NA,354,356,58,38,342,333,319,313,47,301,324,NA,NA,3,4,5,6,7,8,9,10,11,12,13,5.752465248,36.73028183,36.89823151,0,0,5.281283379,19.73836708,29.73996544,935.7255859,0.258478522,11.76874542,-883.2395576,-1877.489323,WhiteTroatedCaracara,20
2106,NA,NA,NA,NA,NA,NA,0,NA,0,NA,NA,0,NA,NA,NA,NA,NA,NA,NA,135,NA,5,NA,NA,4,NA,NA,NA,NA,NA,NA,NA,8,NA,16,NA,NA,13,NA,NA,NA,NA,NA,NA,NA,2,NA,3,NA,NA,2,NA,22.75806427,NA,NA,NA,NA,NA,NA,316,NA,323,NA,NA,45,NA,NA,NA,NA,NA,NA,NA,7,NA,9,NA,NA,12,NA,6.61184454,33.25265884,49.69176483,0,0,0.7508955,4.144959927,40.75399017,815.8753662,-0.045120839,6.45669651,-863.2395576,-1877.489323,WhiteTroatedCaracara,20
2107,NA,0,NA,0,0,0,0,0,0,0,NA,0,1,NA,30,NA,30,120,24,23,30,240,80,NA,38,16,NA,15,NA,15,18,16,8,13,15,15,NA,8,15,NA,1,NA,1,10,2,5,3,3,2,NA,2,1,14.18676186,NA,56,NA,278,342,37,343,253,327,316,NA,44,16,NA,2,NA,4,5,6,7,8,9,10,NA,12,13,7.481471062,31.51562691,46.85253525,0.032606676,0.001546757,3.391183853,8.778651237,40.72785187,689.9710693,0.735840499,16.51981926,-843.2395576,-1877.489323,WhiteTroatedCaracara,20
2108,NA,0,0,0,0,0,0,0,0,0,NA,0,0,NA,60,180,240,245,180,180,60,180,42,NA,86,30,NA,5,9,9,14,15,5,18,8,17,NA,19,14,NA,2,1,1,1,1,5,4,4,2,NA,2,1,4.398972511,NA,346,339,308,33,45,342,301,327,320,NA,43,322,NA,2,3,4,5,6,7,8,9,10,NA,12,13,8.610845566,33.81144333,32.17609787,0.512578011,0.044389162,7.904760838,20.28868484,38.62075424,503.5487671,-0.123746023,23.31108284,-823.2395576,-1877.489323,WhiteTroatedCaracara,20
2130,NA,NA,NA,NA,NA,NA,NA,NA,NA,0,NA,NA,NA,NA,NA,NA,NA,NA,NA,NA,NA,NA,73,NA,NA,NA,NA,NA,NA,NA,NA,NA,NA,NA,NA,10,NA,NA,NA,NA,NA,NA,NA,NA,NA,NA,NA,NA,4,NA,NA,NA,96.48340607,NA,NA,NA,NA,NA,NA,NA,NA,NA,288,NA,NA,NA,NA,NA,NA,NA,NA,NA,NA,NA,NA,10,NA,NA,NA,5.772090912,630.4154053,4.486890793,0.654664814,2.85936904,15.21229458,18.90862465,9.971538544,490.5108948,-1.603953958,146.4914093,-1083.239558,-1897.489323,WhiteTroatedCaracara,20
2140,0,NA,NA,NA,NA,NA,0,0,0,0,0,0,1,10,NA,NA,NA,NA,NA,27,5,10,61,17,35,15,14,NA,NA,NA,NA,NA,14,17,9,10,12,14,16,2,NA,NA,NA,NA,NA,2,1,2,1,1,1,2,24.46101761,16,NA,NA,NA,NA,NA,11,300,11,42,40,303,30,1,NA,NA,NA,NA,NA,7,8,9,10,11,12,13,6.139495373,37.79997253,37.06049347,0.038537093,0,7.442350388,14.34160137,39.49838257,860.9313354,-0.16211769,33.79365158,-883.2395576,-1897.489323,WhiteTroatedCaracara,20
2141,NA,NA,NA,0,NA,NA,0,1,1,0,NA,0,1,NA,NA,NA,78,NA,NA,109,105,1,11,NA,4,5,NA,NA,NA,12,NA,NA,9,14,9,14,NA,13,9,NA,NA,NA,1,NA,NA,5,4,1,4,NA,1,3,21.51059532,NA,NA,NA,356,NA,NA,342,301,324,336,NA,358,319,NA,NA,NA,4,NA,NA,7,8,9,10,NA,12,13,6.578756332,33.954319,32.35058975,0.199969292,0,7.248903751,29.44572067,30.35692215,807.3441162,1.455302835,22.20763016,-863.2395576,-1897.489323,WhiteTroatedCaracara,20
2142,NA,NA,NA,NA,NA,NA,NA,0,NA,NA,NA,NA,NA,NA,NA,NA,NA,NA,NA,NA,28,NA,NA,NA,NA,NA,NA,NA,NA,NA,NA,NA,NA,15,NA,NA,NA,NA,NA,NA,NA,NA,NA,NA,NA,NA,3,NA,NA,NA,NA,NA,7.980504513,NA,NA,NA,NA,NA,NA,NA,253,NA,NA,NA,NA,NA,NA,NA,NA,NA,NA,NA,NA,8,NA,NA,NA,NA,NA,7.682723522,31.71439552,38.34633636,0.12352147,0,6.929994583,18.78969002,35.84455872,621.1678467,0.318178564,28.95344734,-843.2395576,-1897.489323,WhiteTroatedCaracara,20
2143,NA,NA,NA,NA,NA,NA,NA,0,NA,0,NA,NA,0,NA,NA,NA,NA,NA,NA,NA,63,NA,62,NA,NA,40,NA,NA,NA,NA,NA,NA,NA,18,NA,16,NA,NA,8,NA,NA,NA,NA,NA,NA,NA,4,NA,8,NA,NA,1,2.638823509,NA,NA,NA,NA,NA,NA,NA,11,NA,337,NA,NA,335,NA,NA,NA,NA,NA,NA,NA,8,NA,10,NA,NA,13,8.717029572,32.69827652,39.51056671,1.075617075,0.032759976,6.00531435,18.92901611,34.14439392,426.9688416,-0.380554259,23.13746834,-823.2395576,-1897.489323,WhiteTroatedCaracara,20
2144,NA,NA,0,NA,NA,0,0,0,0,0,NA,0,0,NA,NA,67,NA,NA,5,43,1,15,60,NA,29,80,NA,NA,12,NA,NA,11,19,17,16,7,NA,7,14,NA,NA,1,NA,NA,1,2,4,1,3,NA,1,2,2.10918355,NA,NA,19,NA,NA,49,246,11,55,30,NA,308,323,NA,NA,3,NA,NA,6,7,8,9,10,NA,12,13,8.949012756,33.32451248,33.11312103,2.228544235,0,8.846897125,13.58631229,40.9091301,404.3345642,-1.011878729,23.78516769,-803.2395576,-1897.489323,WhiteTroatedCaracara,20
2145,NA,NA,NA,NA,NA,NA,0,NA,0,NA,NA,NA,NA,NA,NA,NA,NA,NA,NA,25,NA,46,NA,NA,NA,NA,NA,NA,NA,NA,NA,NA,19,NA,9,NA,NA,NA,NA,NA,NA,NA,NA,NA,NA,2,NA,2,NA,NA,NA,NA,4.177030087,NA,NA,NA,NA,NA,NA,340,NA,269,NA,NA,NA,NA,NA,NA,NA,NA,NA,NA,7,NA,9,NA,NA,NA,NA,8.766274452,33.42552948,35.86758423,0.185763344,0,7.288011074,13.50125408,42.95085144,471.5515137,-0.041401166,18.5509491,-783.2395576,-1897.489323,WhiteTroatedCaracara,20
2146,NA,NA,NA,NA,NA,NA,NA,NA,0,NA,NA,NA,NA,NA,NA,NA,NA,NA,NA,NA,NA,20,NA,NA,NA,NA,NA,NA,NA,NA,NA,NA,NA,NA,10,NA,NA,NA,NA,NA,NA,NA,NA,NA,NA,NA,NA,2,NA,NA,NA,NA,3.01892972,NA,NA,NA,NA,NA,NA,NA,NA,270,NA,NA,NA,NA,NA,NA,NA,NA,NA,NA,NA,NA,9,NA,NA,NA,NA,9.11491394,35.11084366,34.43554688,0.202716202,0.04772133,7.334779739,14.93614292,40.76909637,413.4118347,0.272705823,21.61662292,-763.2395576,-1897.489323,WhiteTroatedCaracara,20
2147,NA,NA,NA,NA,NA,NA,NA,NA,NA,NA,NA,0,NA,NA,NA,NA,NA,NA,NA,NA,NA,NA,NA,NA,5,NA,NA,NA,NA,NA,NA,NA,NA,NA,NA,NA,NA,10,NA,NA,NA,NA,NA,NA,NA,NA,NA,NA,NA,NA,2,NA,4.435406208,NA,NA,NA,NA,NA,NA,NA,NA,NA,NA,NA,346,NA,NA,NA,NA,NA,NA,NA,NA,NA,NA,NA,NA,12,NA,9.438733101,37.35535812,31.71731567,0,0.009994443,8.013315201,19.41972733,40.90527344,354.7699585,-0.654789329,11.96967793,-743.2395576,-1897.489323,WhiteTroatedCaracara,20
2154,NA,NA,NA,0,NA,NA,NA,NA,NA,NA,NA,NA,NA,NA,NA,NA,10,NA,NA,NA,NA,NA,NA,NA,NA,NA,NA,NA,NA,14,NA,NA,NA,NA,NA,NA,NA,NA,NA,NA,NA,NA,1,NA,NA,NA,NA,NA,NA,NA,NA,NA,3.164807796,NA,NA,NA,268,NA,NA,NA,NA,NA,NA,NA,NA,NA,NA,NA,NA,4,NA,NA,NA,NA,NA,NA,NA,NA,NA,9.874782562,51.58742905,43.12030792,0,0.001604774,3.045291424,9.613478661,42.41509628,213.6443024,0.697604716,9.346841812,-603.2395576,-1897.489323,WhiteTroatedCaracara,20
2163,NA,NA,NA,NA,0,NA,NA,NA,NA,NA,NA,NA,NA,NA,NA,NA,NA,30,NA,NA,NA,NA,NA,NA,NA,NA,NA,NA,NA,NA,10,NA,NA,NA,NA,NA,NA,NA,NA,NA,NA,NA,NA,1,NA,NA,NA,NA,NA,NA,NA,NA,96.33300781,NA,NA,NA,NA,6,NA,NA,NA,NA,NA,NA,NA,NA,NA,NA,NA,NA,5,NA,NA,NA,NA,NA,NA,NA,NA,5.262731552,645.3812256,2.864337444,0.755814373,1.513117909,7.170260429,14.27665901,3.984162807,560.585083,0.138778821,77.89453888,-1103.239558,-1917.489323,WhiteTroatedCaracara,20
2164,NA,NA,NA,NA,NA,NA,NA,NA,NA,NA,NA,NA,0,NA,NA,NA,NA,NA,NA,NA,NA,NA,NA,NA,NA,180,NA,NA,NA,NA,NA,NA,NA,NA,NA,NA,NA,NA,8,NA,NA,NA,NA,NA,NA,NA,NA,NA,NA,NA,NA,1,96.33300781,NA,NA,NA,NA,NA,NA,NA,NA,NA,NA,NA,NA,329,NA,NA,NA,NA,NA,NA,NA,NA,NA,NA,NA,NA,13,5.262731552,645.3812256,2.864337444,0.755814373,1.513117909,7.170260429,14.27665901,3.984162807,560.585083,0.138778821,77.89453888,-1083.239558,-1917.489323,WhiteTroatedCaracara,20
2172,NA,NA,NA,NA,NA,NA,NA,NA,1,1,NA,NA,NA,NA,NA,NA,NA,NA,NA,NA,NA,50,65,NA,NA,NA,NA,NA,NA,NA,NA,NA,NA,NA,13,11,NA,NA,NA,NA,NA,NA,NA,NA,NA,NA,NA,3,1,NA,NA,NA,17.25941277,NA,NA,NA,NA,NA,NA,NA,NA,354,42,NA,NA,NA,NA,NA,NA,NA,NA,NA,NA,NA,9,10,NA,NA,NA,4.062016487,55.63372421,26.41614342,3.180794477,0,12.9927702,17.86647415,37.96887589,1150.781982,0.003448743,21.06958199,-923.2395576,-1917.489323,WhiteTroatedCaracara,20
2173,NA,NA,NA,NA,NA,NA,NA,NA,NA,0,0,NA,NA,NA,NA,NA,NA,NA,NA,NA,NA,NA,35,31,NA,NA,NA,NA,NA,NA,NA,NA,NA,NA,NA,16,6,NA,NA,NA,NA,NA,NA,NA,NA,NA,NA,NA,1,5,NA,NA,5.738934994,NA,NA,NA,NA,NA,NA,NA,NA,NA,42,18,NA,NA,NA,NA,NA,NA,NA,NA,NA,NA,NA,10,11,NA,NA,6.441486835,42.90369797,36.05953979,0.049066711,0,7.106659889,20.58595848,36.0610733,750.2188721,-0.583547115,53.93301773,-903.2395576,-1917.489323,WhiteTroatedCaracara,20
2174,NA,NA,NA,0,NA,NA,0,0,0,NA,0,1,1,NA,NA,NA,105,NA,NA,54,40,47,NA,16,58,7,NA,NA,NA,8,NA,NA,10,13,16,NA,10,14,11,NA,NA,NA,2,NA,NA,2,3,2,NA,5,1,2,7.705987453,NA,NA,NA,350,NA,NA,248,254,39,NA,17,42,252,NA,NA,NA,4,NA,NA,7,8,9,NA,11,12,13,8.240381241,38.78247833,27.19052124,0.462475538,0,2.392493963,21.95520592,9.67677784,406.564209,-1.544857144,26.36662102,-883.2395576,-1917.489323,WhiteTroatedCaracara,20
2175,0,NA,0,NA,NA,NA,0,0,0,0,NA,NA,0,180,NA,15,NA,NA,NA,29,1,9,54,NA,NA,60,20,NA,20,NA,NA,NA,11,14,10,12,NA,NA,15,3,NA,2,NA,NA,NA,5,4,1,1,NA,NA,2,6.510971069,292,NA,25,NA,NA,NA,342,9,325,321,NA,NA,252,1,NA,3,NA,NA,NA,7,8,9,10,NA,NA,13,8.532864571,33.66543579,26.06729317,0.061355203,0,2.413624525,16.09841156,12.79876709,364.8698425,-1.231268048,18.39154816,-863.2395576,-1917.489323,WhiteTroatedCaracara,20
2176,NA,NA,NA,NA,NA,NA,NA,0,0,0,0,0,NA,NA,NA,NA,NA,NA,NA,NA,1,1,33,2,10,NA,NA,NA,NA,NA,NA,NA,NA,15,17,11,16,8,NA,NA,NA,NA,NA,NA,NA,NA,4,1,1,1,7,NA,3.60188055,NA,NA,NA,NA,NA,NA,NA,9,55,321,36,44,NA,NA,NA,NA,NA,NA,NA,NA,8,9,10,11,12,NA,7.80281496,31.52900696,33.41905975,0,0,8.414361954,21.15427589,36.87791061,555.9820557,-0.593733191,21.54355049,-843.2395576,-1917.489323,WhiteTroatedCaracara,20
2177,NA,NA,NA,NA,NA,NA,NA,NA,NA,NA,NA,NA,0,NA,NA,NA,NA,NA,NA,NA,NA,NA,NA,NA,NA,5,NA,NA,NA,NA,NA,NA,NA,NA,NA,NA,NA,NA,15,NA,NA,NA,NA,NA,NA,NA,NA,NA,NA,NA,NA,1,7.29159832,NA,NA,NA,NA,NA,NA,NA,NA,NA,NA,NA,NA,284,NA,NA,NA,NA,NA,NA,NA,NA,NA,NA,NA,NA,13,7.348840237,30.43551636,38.40793228,0.135745987,0,7.500517845,14.79912758,39.03529358,676.5675659,1.178678989,24.82424355,-823.2395576,-1917.489323,WhiteTroatedCaracara,20
2179,NA,NA,NA,NA,NA,NA,NA,NA,0,NA,NA,NA,NA,NA,NA,NA,NA,NA,NA,NA,NA,20,NA,NA,NA,NA,NA,NA,NA,NA,NA,NA,NA,NA,9,NA,NA,NA,NA,NA,NA,NA,NA,NA,NA,NA,NA,1,NA,NA,NA,NA,6.309482574,NA,NA,NA,NA,NA,NA,NA,NA,268,NA,NA,NA,NA,NA,NA,NA,NA,NA,NA,NA,NA,9,NA,NA,NA,NA,8.358319283,33.5831871,36.23224258,0.724381268,0,8.787210464,13.5984211,40.40319443,500.9497681,0.901833296,29.82734871,-783.2395576,-1917.489323,WhiteTroatedCaracara,20
2181,NA,NA,NA,NA,NA,NA,NA,NA,NA,NA,NA,0,NA,NA,NA,NA,NA,NA,NA,NA,NA,NA,NA,NA,10,NA,NA,NA,NA,NA,NA,NA,NA,NA,NA,NA,NA,14,NA,NA,NA,NA,NA,NA,NA,NA,NA,NA,NA,NA,2,NA,4.761225224,NA,NA,NA,NA,NA,NA,NA,NA,NA,NA,NA,346,NA,NA,NA,NA,NA,NA,NA,NA,NA,NA,NA,NA,12,NA,8.98592186,36.20795441,39.23942566,0.053476296,0,5.319708347,15.90708256,39.22927094,378.4235535,0.342884213,7.322527409,-743.2395576,-1917.489323,WhiteTroatedCaracara,20
2188,0,NA,NA,NA,NA,NA,NA,NA,0,NA,NA,NA,0,15,NA,NA,NA,NA,NA,NA,NA,1,NA,NA,NA,2,19,NA,NA,NA,NA,NA,NA,NA,11,NA,NA,NA,11,1,NA,NA,NA,NA,NA,NA,NA,2,NA,NA,NA,2,2.576717377,31,NA,NA,NA,NA,NA,NA,NA,342,NA,NA,NA,40,1,NA,NA,NA,NA,NA,NA,NA,9,NA,NA,NA,13,10.46215534,57.63355637,37.51236343,0,0.176855117,4.987514496,12.13644505,39.51350403,63.19115448,-0.488222539,11.77326202,-603.2395576,-1917.489323,WhiteTroatedCaracara,20
2189,NA,NA,NA,NA,0,NA,NA,NA,NA,0,NA,NA,0,NA,NA,NA,NA,10,NA,NA,NA,NA,75,NA,NA,4,NA,NA,NA,NA,15,NA,NA,NA,NA,18,NA,NA,17,NA,NA,NA,NA,1,NA,NA,NA,NA,3,NA,NA,1,4.796117306,NA,NA,NA,NA,363,NA,NA,NA,NA,21,NA,NA,281,NA,NA,NA,NA,5,NA,NA,NA,NA,10,NA,NA,13,10.27180862,53.92616653,45.67500687,0,0.000654736,1.788992405,6.637366295,41.76586914,117.2750015,0.484808028,17.86207771,-583.2395576,-1917.489323,WhiteTroatedCaracara,20
2195,NA,NA,NA,NA,NA,NA,NA,NA,NA,0,NA,NA,NA,NA,NA,NA,NA,NA,NA,NA,NA,NA,10,NA,NA,NA,NA,NA,NA,NA,NA,NA,NA,NA,NA,16,NA,NA,NA,NA,NA,NA,NA,NA,NA,NA,NA,NA,1,NA,NA,NA,121.342804,NA,NA,NA,NA,NA,NA,NA,NA,NA,288,NA,NA,NA,NA,NA,NA,NA,NA,NA,NA,NA,NA,10,NA,NA,NA,7.086285114,944.9910278,1.190748692,0.646457314,4.644892216,26.55508041,13.61210442,13.18203545,257.3457336,-0.057359219,98.07008362,-1123.239558,-1937.489323,WhiteTroatedCaracara,20
2201,NA,NA,NA,0,NA,0,0,0,0,0,0,0,0,NA,NA,NA,40,NA,89,240,20,180,180,10,33,26,NA,NA,NA,12,NA,13,14,17,11,11,14,12,11,NA,NA,NA,2,NA,2,5,3,1,8,2,1,1,31.8545723,NA,NA,NA,15,NA,22,26,313,302,360,298,270,321,NA,NA,NA,4,NA,6,7,8,9,10,11,12,13,4.026170731,223.5562134,10.30663204,1.524398804,5.129500389,15.36887646,21.68211746,16.03900528,1026.986084,0.598191142,168.7043762,-1003.239558,-1937.489323,WhiteTroatedCaracara,20
2204,NA,NA,NA,NA,NA,NA,NA,NA,0,NA,NA,NA,NA,NA,NA,NA,NA,NA,NA,NA,NA,60,NA,NA,NA,NA,NA,NA,NA,NA,NA,NA,NA,NA,13,NA,NA,NA,NA,NA,NA,NA,NA,NA,NA,NA,NA,1,NA,NA,NA,NA,5.417978287,NA,NA,NA,NA,NA,NA,NA,NA,313,NA,NA,NA,NA,NA,NA,NA,NA,NA,NA,NA,NA,9,NA,NA,NA,NA,5.650919914,71.23092651,21.35317421,4.147472858,0.246983722,12.55463886,27.34257317,26.7522583,806.5183105,-0.269851267,57.39093399,-943.2395576,-1937.489323,WhiteTroatedCaracara,20
2205,NA,NA,NA,NA,0,NA,NA,NA,NA,NA,NA,NA,NA,NA,NA,NA,NA,30,NA,NA,NA,NA,NA,NA,NA,NA,NA,NA,NA,NA,10,NA,NA,NA,NA,NA,NA,NA,NA,NA,NA,NA,NA,5,NA,NA,NA,NA,NA,NA,NA,NA,9.915860176,NA,NA,NA,NA,50,NA,NA,NA,NA,NA,NA,NA,NA,NA,NA,NA,NA,5,NA,NA,NA,NA,NA,NA,NA,NA,4.682816982,52.68096161,26.74689102,2.320387363,0,9.921550751,23.31622314,36.93459702,1022.154175,0.623362005,36.14338684,-923.2395576,-1937.489323,WhiteTroatedCaracara,20
2206,NA,NA,1,0,1,0,0,NA,NA,NA,0,NA,1,NA,NA,180,189,22,120,85,NA,NA,NA,22,NA,57,NA,NA,6,12,19,16,14,NA,NA,NA,10,NA,19,NA,NA,3,1,1,2,2,NA,NA,NA,5,NA,3,4.426915646,NA,NA,23,14,20,38,316,NA,NA,NA,20,NA,37,NA,NA,3,4,5,6,7,NA,NA,NA,11,NA,13,5.000429153,42.42560577,31.114748,0,0,9.356283188,19.52225113,39.60712051,987.7471924,1.35496676,23.14620018,-903.2395576,-1937.489323,WhiteTroatedCaracara,20
2207,NA,NA,NA,NA,NA,NA,NA,NA,NA,NA,NA,NA,0,NA,NA,NA,NA,NA,NA,NA,NA,NA,NA,NA,NA,14,NA,NA,NA,NA,NA,NA,NA,NA,NA,NA,NA,NA,14,NA,NA,NA,NA,NA,NA,NA,NA,NA,NA,NA,NA,1,3.645988941,NA,NA,NA,NA,NA,NA,NA,NA,NA,NA,NA,NA,51,NA,NA,NA,NA,NA,NA,NA,NA,NA,NA,NA,NA,13,6.963062286,36.57304764,43.17465591,0,0,4.423668861,16.63627625,32.84146881,637.1268311,0.630393386,31.72293663,-883.2395576,-1937.489323,WhiteTroatedCaracara,20
2208,NA,NA,NA,NA,NA,NA,0,NA,NA,0,NA,0,0,NA,NA,NA,NA,NA,NA,5,NA,NA,2,NA,4,9,NA,NA,NA,NA,NA,NA,16,NA,NA,12,NA,20,15,NA,NA,NA,NA,NA,NA,1,NA,NA,8,NA,3,1,4.022075176,NA,NA,NA,NA,NA,NA,336,NA,NA,337,NA,53,51,NA,NA,NA,NA,NA,NA,7,NA,NA,10,NA,12,13,8.191651344,34.16603088,40.20396423,0,0,6.330331326,17.34405136,32.20036316,412.6224976,0.101042166,23.93501282,-863.2395576,-1937.489323,WhiteTroatedCaracara,20
2212,NA,NA,NA,NA,NA,NA,NA,NA,NA,NA,NA,0,NA,NA,NA,NA,NA,NA,NA,NA,NA,NA,NA,NA,1,NA,NA,NA,NA,NA,NA,NA,NA,NA,NA,NA,NA,14,NA,NA,NA,NA,NA,NA,NA,NA,NA,NA,NA,NA,2,NA,3.068101645,NA,NA,NA,NA,NA,NA,NA,NA,NA,NA,NA,247,NA,NA,NA,NA,NA,NA,NA,NA,NA,NA,NA,NA,12,NA,9.178883553,33.9764061,39.56180191,1.510583401,0,5.020164967,18.97896004,34.71763992,259.5931091,-0.684307814,22.63699341,-783.2395576,-1937.489323,WhiteTroatedCaracara,20
2221,0,NA,NA,0,0,0,0,0,0,0,0,0,0,120,NA,NA,60,61,50,90,90,180,120,60,60,52,12,NA,NA,16,12,6,11,20,16,15,11,16,17,10,NA,NA,3,1,1,1,2,2,1,1,1,1,2.842285395,31,NA,NA,360,328,292,320,337,352,344,304,273,267,1,NA,NA,4,5,6,7,8,9,10,11,12,13,10.19889069,58.80321503,37.26790619,0,0.104200907,3.538680315,13.79219532,35.24434662,69.59085083,0.064546451,17.59822464,-603.2395576,-1937.489323,WhiteTroatedCaracara,20
2222,NA,NA,NA,NA,NA,NA,NA,NA,0,NA,NA,NA,0,NA,NA,NA,NA,NA,NA,NA,NA,20,NA,NA,NA,29,NA,NA,NA,NA,NA,NA,NA,NA,17,NA,NA,NA,13,NA,NA,NA,NA,NA,NA,NA,NA,3,NA,NA,NA,9,2.842285395,NA,NA,NA,NA,NA,NA,NA,NA,18,NA,NA,NA,47,NA,NA,NA,NA,NA,NA,NA,NA,9,NA,NA,NA,13,10.19889069,58.80321503,37.26790619,0,0.104200907,3.538680315,13.79219532,35.24434662,69.59085083,0.064546451,17.59822464,-583.2395576,-1937.489323,WhiteTroatedCaracara,20
2234,NA,NA,0,0,NA,NA,0,0,0,0,0,0,0,NA,NA,60,30,NA,NA,120,50,30,15,23,22,81,NA,NA,17,11,NA,NA,11,16,17,15,14,16,10,NA,NA,2,2,NA,NA,2,2,1,2,1,1,1,15.30396461,NA,NA,32,15,NA,NA,348,301,302,293,247,311,359,NA,NA,3,4,NA,NA,7,8,9,10,11,12,13,3.535735607,220.4566956,13.4882431,5.053916454,3.679931164,15.38654041,18.81861496,17.03645706,1100.321167,0.117905416,181.1316528,-1003.239558,-1957.489323,WhiteTroatedCaracara,20
2236,NA,NA,NA,NA,NA,NA,NA,NA,NA,NA,NA,1,NA,NA,NA,NA,NA,NA,NA,NA,NA,NA,NA,NA,80,NA,NA,NA,NA,NA,NA,NA,NA,NA,NA,NA,NA,10,NA,NA,NA,NA,NA,NA,NA,NA,NA,NA,NA,NA,1,NA,22.33016396,NA,NA,NA,NA,NA,NA,NA,NA,NA,NA,NA,12,NA,NA,NA,NA,NA,NA,NA,NA,NA,NA,NA,NA,12,NA,5.602482319,100.7385635,13.81020164,6.10374403,0.040552296,11.23882484,29.19973946,17.75469971,765.1217651,-2.448894024,63.26836395,-963.2395576,-1957.489323,WhiteTroatedCaracara,20
2238,NA,NA,NA,NA,NA,NA,NA,NA,NA,NA,0,NA,NA,NA,NA,NA,NA,NA,NA,NA,NA,NA,NA,26,NA,NA,NA,NA,NA,NA,NA,NA,NA,NA,NA,NA,16,NA,NA,NA,NA,NA,NA,NA,NA,NA,NA,NA,NA,4,NA,NA,3.756742001,NA,NA,NA,NA,NA,NA,NA,NA,NA,NA,22,NA,NA,NA,NA,NA,NA,NA,NA,NA,NA,NA,NA,11,NA,NA,7.563427448,49.92999268,32.00196075,1.313292027,0,5.818414211,22.51948166,32.8728447,448.9591675,-0.802669406,29.37388229,-923.2395576,-1957.489323,WhiteTroatedCaracara,20
2239,NA,NA,NA,NA,1,NA,NA,NA,NA,NA,NA,NA,NA,NA,NA,NA,NA,90,NA,NA,NA,NA,NA,NA,NA,NA,NA,NA,NA,NA,14,NA,NA,NA,NA,NA,NA,NA,NA,NA,NA,NA,NA,2,NA,NA,NA,NA,NA,NA,NA,NA,4.455286026,NA,NA,NA,NA,41,NA,NA,NA,NA,NA,NA,NA,NA,NA,NA,NA,NA,5,NA,NA,NA,NA,NA,NA,NA,NA,6.065365314,38.17481613,35.65668869,0.179919124,0,7.753689289,18.64031601,37.44065475,757.5129395,0.190281063,21.17501068,-903.2395576,-1957.489323,WhiteTroatedCaracara,20
2240,NA,NA,NA,NA,NA,NA,NA,NA,NA,0,NA,0,0,NA,NA,NA,NA,NA,NA,NA,NA,NA,24,NA,3,2,NA,NA,NA,NA,NA,NA,NA,NA,NA,11,NA,20,15,NA,NA,NA,NA,NA,NA,NA,NA,NA,3,NA,3,1,11.93227577,NA,NA,NA,NA,NA,NA,NA,NA,NA,348,NA,53,264,NA,NA,NA,NA,NA,NA,NA,NA,NA,10,NA,12,13,6.902784348,33.2326088,40.21643066,0,0,6.806184292,13.77529144,39.17638397,615.9495239,0.000127663,28.35416985,-883.2395576,-1957.489323,WhiteTroatedCaracara,20
2246,NA,NA,NA,NA,NA,NA,NA,0,NA,NA,NA,NA,NA,NA,NA,NA,NA,NA,NA,NA,1,NA,NA,NA,NA,NA,NA,NA,NA,NA,NA,NA,NA,16,NA,NA,NA,NA,NA,NA,NA,NA,NA,NA,NA,NA,4,NA,NA,NA,NA,NA,3.113238335,NA,NA,NA,NA,NA,NA,NA,11,NA,NA,NA,NA,NA,NA,NA,NA,NA,NA,NA,NA,8,NA,NA,NA,NA,NA,9.363917351,35.94536591,25.38441467,2.127813816,0.152375013,8.655939102,27.39092064,36.09090424,186.0027924,-0.007137282,7.703149319,-763.2395576,-1957.489323,WhiteTroatedCaracara,20
2247,NA,NA,NA,NA,NA,NA,NA,0,NA,NA,NA,NA,NA,NA,NA,NA,NA,NA,NA,NA,1,NA,NA,NA,NA,NA,NA,NA,NA,NA,NA,NA,NA,16,NA,NA,NA,NA,NA,NA,NA,NA,NA,NA,NA,NA,4,NA,NA,NA,NA,NA,3.985493422,NA,NA,NA,NA,NA,NA,NA,11,NA,NA,NA,NA,NA,NA,NA,NA,NA,NA,NA,NA,8,NA,NA,NA,NA,NA,9.459051132,38.96057892,20.59464073,2.854077101,0.016879205,9.674442291,32.75499344,33.61046219,169.5871582,-0.189973339,7.84013176,-743.2395576,-1957.489323,WhiteTroatedCaracara,20
2255,NA,NA,NA,NA,NA,NA,NA,NA,NA,0,NA,NA,NA,NA,NA,NA,NA,NA,NA,NA,NA,NA,30,NA,NA,NA,NA,NA,NA,NA,NA,NA,NA,NA,NA,11,NA,NA,NA,NA,NA,NA,NA,NA,NA,NA,NA,NA,2,NA,NA,NA,2.237262011,NA,NA,NA,NA,NA,NA,NA,NA,NA,353,NA,NA,NA,NA,NA,NA,NA,NA,NA,NA,NA,NA,10,NA,NA,NA,10.00187874,59.35894012,37.42273331,0,0.111087352,1.95461154,12.15066814,38.13957214,55.76343536,0.012239983,14.04642391,-583.2395576,-1957.489323,WhiteTroatedCaracara,20
2266,1,NA,NA,NA,NA,1,NA,NA,NA,NA,NA,0,NA,60,NA,NA,NA,NA,60,NA,NA,NA,NA,NA,120,NA,12,NA,NA,NA,NA,12,NA,NA,NA,NA,NA,6,NA,10,NA,NA,NA,NA,10,NA,NA,NA,NA,NA,2,NA,22.13153458,309,NA,NA,NA,NA,294,NA,NA,NA,NA,NA,350,NA,1,NA,NA,NA,NA,6,NA,NA,NA,NA,NA,12,NA,1.504119873,357.4732666,0.645798445,28.07749748,0,0.114352964,4.615633011,0.919881642,1310.047485,0.144922391,71.23744202,-1023.239558,-1977.489323,WhiteTroatedCaracara,20
2267,1,0,0,0,0,0,1,0,1,1,1,0,1,180,240,120,30,120,240,120,90,1,15,120,120,65,17,9,23,14,17,17,13,11,12,8,15,11,12,1,1,5,1,1,2,1,1,2,1,3,1,1,6.561470032,18,27,318,283,338,365,334,302,337,10,53,307,353,1,2,3,4,5,6,7,8,9,10,11,12,13,4.920113087,204.6573944,11.10276318,6.031274796,2.093555927,13.49866772,22.40966225,16.31236076,843.9902344,0.158877254,131.4117432,-1003.239558,-1977.489323,WhiteTroatedCaracara,20
2268,NA,NA,NA,NA,NA,NA,NA,NA,NA,0,0,NA,0,NA,NA,NA,NA,NA,NA,NA,NA,NA,60,15,NA,6,NA,NA,NA,NA,NA,NA,NA,NA,NA,11,13,NA,9,NA,NA,NA,NA,NA,NA,NA,NA,NA,2,1,NA,1,8.096532822,NA,NA,NA,NA,NA,NA,NA,NA,NA,246,326,NA,304,NA,NA,NA,NA,NA,NA,NA,NA,NA,10,11,NA,13,5.576362133,134.0287323,28.4736042,1.551221013,0.172664791,6.789312363,34.15527725,23.36457062,795.279541,0.967984915,81.17931366,-983.2395576,-1977.489323,WhiteTroatedCaracara,20
2272,NA,NA,NA,0,0,NA,NA,1,NA,NA,NA,0,NA,NA,NA,NA,15,126,NA,NA,10,NA,NA,NA,45,NA,NA,NA,NA,17,11,NA,NA,15,NA,NA,NA,13,NA,NA,NA,NA,1,3,NA,NA,1,NA,NA,NA,1,NA,3.517845392,NA,NA,NA,357,21,NA,NA,14,NA,NA,NA,10,NA,NA,NA,NA,4,5,NA,NA,8,NA,NA,NA,12,NA,7.501168251,38.43218231,36.55301285,0.528549731,0,7.321851254,16.18824959,38.94539261,444.1955261,-0.352586478,32.05447388,-903.2395576,-1977.489323,WhiteTroatedCaracara,20
2280,NA,NA,NA,NA,NA,NA,0,NA,0,0,0,0,0,NA,NA,NA,NA,NA,NA,10,NA,20,14,18,4,3,NA,NA,NA,NA,NA,NA,15,NA,17,19,13,10,18,NA,NA,NA,NA,NA,NA,1,NA,3,2,3,2,2,2.836373329,NA,NA,NA,NA,NA,NA,48,NA,17,33,345,342,344,NA,NA,NA,NA,NA,NA,7,NA,9,10,11,12,13,9.477974892,39.58131027,20.57478333,2.498883963,0.025521802,9.621217728,38.79912186,28.01374245,102.3843231,-0.102592908,5.086868763,-743.2395576,-1977.489323,WhiteTroatedCaracara,20
2281,NA,NA,NA,NA,NA,NA,NA,NA,NA,NA,NA,NA,0,NA,NA,NA,NA,NA,NA,NA,NA,NA,NA,NA,NA,170,NA,NA,NA,NA,NA,NA,NA,NA,NA,NA,NA,NA,15,NA,NA,NA,NA,NA,NA,NA,NA,NA,NA,NA,NA,2,5.361376286,NA,NA,NA,NA,NA,NA,NA,NA,NA,NA,NA,NA,279,NA,NA,NA,NA,NA,NA,NA,NA,NA,NA,NA,NA,13,9.485984802,42.55278778,19.15863991,1.257386684,0.356154621,10.19102001,40.79635239,27.83912277,100.0584488,0.310110271,8.232515335,-723.2395576,-1977.489323,WhiteTroatedCaracara,20
2287,NA,NA,NA,NA,NA,NA,NA,NA,NA,NA,NA,NA,0,NA,NA,NA,NA,NA,NA,NA,NA,NA,NA,NA,NA,28,NA,NA,NA,NA,NA,NA,NA,NA,NA,NA,NA,NA,12,NA,NA,NA,NA,NA,NA,NA,NA,NA,NA,NA,NA,3,3.825780392,NA,NA,NA,NA,NA,NA,NA,NA,NA,NA,NA,NA,18,NA,NA,NA,NA,NA,NA,NA,NA,NA,NA,NA,NA,13,9.612186432,59.04667282,38.38772583,0,0.052075103,5.09184742,19.85847473,34.43363953,69.23931122,-0.057120468,4.622519493,-603.2395576,-1977.489323,WhiteTroatedCaracara,20
2298,NA,NA,NA,NA,NA,NA,NA,NA,NA,NA,NA,0,NA,NA,NA,NA,NA,NA,NA,NA,NA,NA,NA,NA,120,NA,NA,NA,NA,NA,NA,NA,NA,NA,NA,NA,NA,18,NA,NA,NA,NA,NA,NA,NA,NA,NA,NA,NA,NA,2,NA,14.06847954,NA,NA,NA,NA,NA,NA,NA,NA,NA,NA,NA,352,NA,NA,NA,NA,NA,NA,NA,NA,NA,NA,NA,NA,12,NA,5.956017971,204.7542114,5.991943359,1.309658766,1.116763592,3.399518728,14.59219933,6.773346424,605.0436401,-2.621193647,110.5300522,-1003.239558,-1997.489323,WhiteTroatedCaracara,20
2299,NA,NA,NA,NA,NA,NA,0,NA,NA,0,NA,0,NA,NA,NA,NA,NA,NA,NA,32,NA,NA,17,NA,15,NA,NA,NA,NA,NA,NA,NA,10,NA,NA,19,NA,13,NA,NA,NA,NA,NA,NA,NA,5,NA,NA,1,NA,2,NA,5.997409344,NA,NA,NA,NA,NA,NA,341,NA,NA,34,NA,44,NA,NA,NA,NA,NA,NA,NA,7,NA,NA,10,NA,12,NA,7.953801155,120.5714111,3.400407314,0.332835346,0,1.225899816,10.9885397,5.486570358,259.8118896,-1.327341437,4.73930788,-983.2395576,-1997.489323,WhiteTroatedCaracara,20
2300,NA,NA,NA,0,NA,NA,NA,NA,NA,0,0,0,0,NA,NA,NA,20,NA,NA,NA,NA,NA,25,35,26,7,NA,NA,NA,19,NA,NA,NA,NA,NA,9,17,12,11,NA,NA,NA,10,NA,NA,NA,NA,NA,3,2,1,2,4.410312653,NA,NA,NA,359,NA,NA,NA,NA,NA,278,41,260,326,NA,NA,NA,4,NA,NA,NA,NA,NA,10,11,12,13,7.856955528,78.09723663,8.105568886,0.809036255,0,3.439278126,16.77743721,7.437440395,299.622345,-2.410633802,17.21995354,-963.2395576,-1997.489323,WhiteTroatedCaracara,20
2301,NA,NA,NA,NA,NA,NA,NA,NA,0,1,NA,0,0,NA,NA,NA,NA,NA,NA,NA,NA,1,1,NA,3,30,NA,NA,NA,NA,NA,NA,NA,NA,10,11,NA,14,15,NA,NA,NA,NA,NA,NA,NA,NA,1,1,NA,1,2,5.035489559,NA,NA,NA,NA,NA,NA,NA,NA,1,278,NA,260,5,NA,NA,NA,NA,NA,NA,NA,NA,9,10,NA,12,13,7.395260334,53.52630615,10.59155846,0.011930577,0,6.284308434,24.21640396,10.78689098,409.1765747,-0.43155098,24.85813904,-943.2395576,-1997.489323,WhiteTroatedCaracara,20
2302,NA,NA,NA,NA,NA,NA,NA,NA,NA,NA,0,NA,NA,NA,NA,NA,NA,NA,NA,NA,NA,NA,NA,2,NA,NA,NA,NA,NA,NA,NA,NA,NA,NA,NA,NA,10,NA,NA,NA,NA,NA,NA,NA,NA,NA,NA,NA,NA,2,NA,NA,3.164820671,NA,NA,NA,NA,NA,NA,NA,NA,NA,NA,355,NA,NA,NA,NA,NA,NA,NA,NA,NA,NA,NA,NA,11,NA,NA,7.014082909,40.39463806,26.73044205,0.098901212,0,8.283596992,28.32227516,26.6287365,501.2637024,0.779571474,28.60599709,-923.2395576,-1997.489323,WhiteTroatedCaracara,20
2304,NA,NA,NA,NA,NA,NA,NA,0,NA,NA,NA,NA,NA,NA,NA,NA,NA,NA,NA,NA,34,NA,NA,NA,NA,NA,NA,NA,NA,NA,NA,NA,NA,12,NA,NA,NA,NA,NA,NA,NA,NA,NA,NA,NA,NA,4,NA,NA,NA,NA,NA,5.17781353,NA,NA,NA,NA,NA,NA,NA,9,NA,NA,NA,NA,NA,NA,NA,NA,NA,NA,NA,NA,8,NA,NA,NA,NA,NA,7.738346577,30.37256241,38.9684639,0.109084636,0,6.629102707,18.89379883,35.31163025,365.7008362,-0.663736045,21.99024963,-883.2395576,-1997.489323,WhiteTroatedCaracara,20
2305,NA,NA,NA,NA,NA,NA,NA,NA,NA,0,NA,0,NA,NA,NA,NA,NA,NA,NA,NA,NA,NA,2,NA,5,NA,NA,NA,NA,NA,NA,NA,NA,NA,NA,16,NA,8,NA,NA,NA,NA,NA,NA,NA,NA,NA,NA,1,NA,3,NA,3.788188934,NA,NA,NA,NA,NA,NA,NA,NA,NA,51,NA,54,NA,NA,NA,NA,NA,NA,NA,NA,NA,NA,10,NA,12,NA,8.084630966,30.16728401,40.82124329,0.331923217,0,5.279447556,26.92810631,26.15229797,294.5055542,-1.061784625,18.01148224,-863.2395576,-1997.489323,WhiteTroatedCaracara,20
2313,NA,NA,NA,NA,NA,NA,NA,NA,NA,NA,NA,0,0,NA,NA,NA,NA,NA,NA,NA,NA,NA,NA,NA,5,41,NA,NA,NA,NA,NA,NA,NA,NA,NA,NA,NA,13,12,NA,NA,NA,NA,NA,NA,NA,NA,NA,NA,NA,1,1,4.550138474,NA,NA,NA,NA,NA,NA,NA,NA,NA,NA,NA,247,260,NA,NA,NA,NA,NA,NA,NA,NA,NA,NA,NA,12,13,9.119369507,45.39797974,24.81500816,0.729172826,0.144112095,9.643170357,34.321064,29.84161377,103.6898422,0.248791471,6.915112495,-703.2395576,-1997.489323,WhiteTroatedCaracara,20
2315,NA,NA,NA,NA,NA,0,NA,NA,NA,0,NA,NA,0,NA,NA,NA,NA,NA,10,NA,NA,NA,61,NA,NA,7,NA,NA,NA,NA,NA,15,NA,NA,NA,10,NA,NA,13,NA,NA,NA,NA,NA,1,NA,NA,NA,2,NA,NA,9,2.322964907,NA,NA,NA,NA,NA,291,NA,NA,NA,246,NA,NA,48,NA,NA,NA,NA,NA,6,NA,NA,NA,10,NA,NA,13,9.31689167,49.55495834,24.86386108,0,0.104842372,8.354353905,34.17184448,25.37720299,45.81275558,-0.307696134,6.020329475,-663.2395576,-1997.489323,WhiteTroatedCaracara,20
2332,NA,NA,NA,NA,NA,NA,NA,NA,0,NA,NA,NA,NA,NA,NA,NA,NA,NA,NA,NA,NA,138,NA,NA,NA,NA,NA,NA,NA,NA,NA,NA,NA,NA,11,NA,NA,NA,NA,NA,NA,NA,NA,NA,NA,NA,NA,8,NA,NA,NA,NA,4.308270454,NA,NA,NA,NA,NA,NA,NA,NA,19,NA,NA,NA,NA,NA,NA,NA,NA,NA,NA,NA,NA,9,NA,NA,NA,NA,7.228059769,52.34522247,23.70997047,0.365023702,0,3.942762375,22.02144051,15.84733295,403.2503967,0.261557937,37.1171875,-943.2395576,-2017.489323,WhiteTroatedCaracara,20
2333,NA,NA,NA,NA,NA,NA,0,0,0,0,0,0,0,NA,NA,NA,NA,NA,NA,15,10,14,19,17,7,48,NA,NA,NA,NA,NA,NA,13,9,12,9,11,19,9,NA,NA,NA,NA,NA,NA,1,1,1,8,1,1,1,3.170219183,NA,NA,NA,NA,NA,NA,298,6,23,337,326,284,363,NA,NA,NA,NA,NA,NA,7,8,9,10,11,12,13,7.649950981,36.80459595,43.36006546,0.12811771,0,4.27875948,23.40211868,18.9375,322.927124,-0.343940854,18.32393646,-923.2395576,-2017.489323,WhiteTroatedCaracara,20
2336,NA,NA,NA,NA,NA,NA,NA,NA,NA,0,NA,1,NA,NA,NA,NA,NA,NA,NA,NA,NA,NA,251,NA,21,NA,NA,NA,NA,NA,NA,NA,NA,NA,NA,10,NA,10,NA,NA,NA,NA,NA,NA,NA,NA,NA,NA,2,NA,3,NA,4.43548727,NA,NA,NA,NA,NA,NA,NA,NA,NA,25,NA,54,NA,NA,NA,NA,NA,NA,NA,NA,NA,NA,10,NA,12,NA,5.497952461,32.26138687,28.66661835,0.108971804,0,10.62536812,22.16321754,37.43823624,755.5144653,0.878697693,31.98558617,-863.2395576,-2017.489323,WhiteTroatedCaracara,20
2337,NA,NA,NA,NA,NA,NA,NA,NA,NA,0,NA,1,NA,NA,NA,NA,NA,NA,NA,NA,NA,NA,15,NA,6,NA,NA,NA,NA,NA,NA,NA,NA,NA,NA,7,NA,16,NA,NA,NA,NA,NA,NA,NA,NA,NA,NA,1,NA,3,NA,6.619276524,NA,NA,NA,NA,NA,NA,NA,NA,NA,51,NA,54,NA,NA,NA,NA,NA,NA,NA,NA,NA,NA,10,NA,12,NA,5.636644363,31.2338829,18.26029396,0.140539229,0,10.60905743,34.25795746,36.50014496,743.774292,0.736820996,26.99137115,-843.2395576,-2017.489323,WhiteTroatedCaracara,20
2344,NA,NA,NA,NA,NA,NA,NA,NA,NA,0,NA,0,NA,NA,NA,NA,NA,NA,NA,NA,NA,NA,60,NA,120,NA,NA,NA,NA,NA,NA,NA,NA,NA,NA,18,NA,12,NA,NA,NA,NA,NA,NA,NA,NA,NA,NA,2,NA,3,NA,4.685555935,NA,NA,NA,NA,NA,NA,NA,NA,NA,325,NA,282,NA,NA,NA,NA,NA,NA,NA,NA,NA,NA,10,NA,12,NA,9.120865822,44.05422974,37.1737175,0.738999963,0.238324597,6.217940807,35.08511734,15.30951023,39.76448059,-0.299585879,14.90830994,-703.2395576,-2017.489323,WhiteTroatedCaracara,20
2345,0,NA,0,NA,0,0,0,0,0,0,0,0,0,120,NA,180,NA,40,21,120,4,60,50,60,10,60,9,NA,10,NA,14,13,14,15,21,19,14,19,14,4,NA,2,NA,1,1,1,2,1,2,1,2,1,2.0375278,42,NA,43,NA,21,293,320,274,362,325,290,246,264,1,NA,3,NA,5,6,7,8,9,10,11,12,13,8.841227531,48.12807083,28.16970825,0.113268912,0.117268085,8.012825966,29.5717144,30.1560936,90.31526184,-0.030963328,9.007482529,-683.2395576,-2017.489323,WhiteTroatedCaracara,20
2346,0,NA,NA,NA,NA,0,0,0,0,0,0,0,0,60,NA,NA,NA,NA,60,270,74,29,35,40,11,23,11,NA,NA,NA,NA,14,12,12,11,20,17,15,18,1,NA,NA,NA,NA,1,2,2,2,1,1,2,2,4.007736683,35,NA,NA,NA,NA,291,334,353,262,345,246,261,325,1,NA,NA,NA,NA,6,7,8,9,10,11,12,13,8.84218502,49.8028183,19.37382698,0,0,6.922777653,32.2574501,21.09250259,65.9788208,-0.003573312,9.80394268,-663.2395576,-2017.489323,WhiteTroatedCaracara,20
2354,NA,NA,NA,NA,NA,NA,NA,NA,NA,NA,NA,0,NA,NA,NA,NA,NA,NA,NA,NA,NA,NA,NA,NA,30,NA,NA,NA,NA,NA,NA,NA,NA,NA,NA,NA,NA,10,NA,NA,NA,NA,NA,NA,NA,NA,NA,NA,NA,NA,3,NA,118.9962311,NA,NA,NA,NA,NA,NA,NA,NA,NA,NA,NA,32,NA,NA,NA,NA,NA,NA,NA,NA,NA,NA,NA,NA,12,NA,5.845879078,1114.536987,8.54418087,2.618320942,3.01429987,14.63950348,34.69084549,13.6435461,421.2785339,1.62389791,181.2058411,-1123.239558,-2037.489323,WhiteTroatedCaracara,20
2355,NA,NA,NA,NA,0,NA,NA,NA,NA,NA,NA,NA,NA,NA,NA,NA,NA,10,NA,NA,NA,NA,NA,NA,NA,NA,NA,NA,NA,NA,17,NA,NA,NA,NA,NA,NA,NA,NA,NA,NA,NA,NA,1,NA,NA,NA,NA,NA,NA,NA,NA,98.51824951,NA,NA,NA,NA,11,NA,NA,NA,NA,NA,NA,NA,NA,NA,NA,NA,NA,5,NA,NA,NA,NA,NA,NA,NA,NA,6.895898819,928.725769,3.502336979,0.737726033,1.629983544,16.25006485,19.27033424,13.03141499,174.9748993,-0.088905327,66.86101532,-1103.239558,-2037.489323,WhiteTroatedCaracara,20
2360,NA,NA,NA,NA,NA,NA,1,NA,0,NA,NA,0,0,NA,NA,NA,NA,NA,NA,65,NA,30,NA,NA,90,71,NA,NA,NA,NA,NA,NA,8,NA,15,NA,NA,12,14,NA,NA,NA,NA,NA,NA,2,NA,1,NA,NA,2,3,27.8207016,NA,NA,NA,NA,NA,NA,27,NA,275,NA,NA,21,310,NA,NA,NA,NA,NA,NA,7,NA,9,NA,NA,12,13,2.759574413,253.4150848,18.6484642,3.374067783,0.641414523,6.508061409,32.00990295,21.17507362,1149.769897,1.986762762,141.5428925,-1003.239558,-2037.489323,WhiteTroatedCaracara,20
2363,NA,NA,NA,NA,NA,NA,NA,NA,NA,0,NA,NA,NA,NA,NA,NA,NA,NA,NA,NA,NA,NA,25,NA,NA,NA,NA,NA,NA,NA,NA,NA,NA,NA,NA,14,NA,NA,NA,NA,NA,NA,NA,NA,NA,NA,NA,NA,1,NA,NA,NA,7.08708334,NA,NA,NA,NA,NA,NA,NA,NA,NA,12,NA,NA,NA,NA,NA,NA,NA,NA,NA,NA,NA,NA,10,NA,NA,NA,6.564990997,54.37870407,26.95874977,0.118777588,0,8.069117546,34.71154785,30.08903503,505.4992065,-0.164510012,41.32042694,-943.2395576,-2037.489323,WhiteTroatedCaracara,20
2364,NA,NA,NA,NA,NA,NA,NA,NA,0,NA,NA,NA,NA,NA,NA,NA,NA,NA,NA,NA,NA,60,NA,NA,NA,NA,NA,NA,NA,NA,NA,NA,NA,NA,15,NA,NA,NA,NA,NA,NA,NA,NA,NA,NA,NA,NA,1,NA,NA,NA,NA,4.490517139,NA,NA,NA,NA,NA,NA,NA,NA,42,NA,NA,NA,NA,NA,NA,NA,NA,NA,NA,NA,NA,9,NA,NA,NA,NA,6.532094955,41.72322845,31.18820572,0.542147756,0,7.559697628,30.96041298,29.41431236,517.2832031,0.869677126,40.97604752,-923.2395576,-2037.489323,WhiteTroatedCaracara,20
2375,NA,NA,NA,NA,NA,NA,NA,NA,NA,0,NA,0,NA,NA,NA,NA,NA,NA,NA,NA,NA,NA,120,NA,68,NA,NA,NA,NA,NA,NA,NA,NA,NA,NA,17,NA,12,NA,NA,NA,NA,NA,NA,NA,NA,NA,NA,3,NA,2,NA,2.452610493,NA,NA,NA,NA,NA,NA,NA,NA,NA,6,NA,339,NA,NA,NA,NA,NA,NA,NA,NA,NA,NA,10,NA,12,NA,8.242300034,46.10676956,30.11521912,0.056318861,0.25432995,7.608222485,35.31040192,25.79851151,165.1535339,0.155030072,21.20834351,-703.2395576,-2037.489323,WhiteTroatedCaracara,20
2376,NA,NA,NA,NA,NA,0,0,NA,0,0,0,0,NA,NA,NA,NA,NA,NA,12,122,NA,176,30,1,59,NA,NA,NA,NA,NA,NA,12,14,NA,6,12,9,16,NA,NA,NA,NA,NA,NA,1,1,NA,1,1,1,2,NA,3.672967911,NA,NA,NA,NA,NA,291,331,NA,262,300,246,339,NA,NA,NA,NA,NA,NA,6,7,NA,9,10,11,12,NA,7.991252899,49.42121887,20.81864548,0.024634127,0.351870596,9.292955399,23.41090775,39.098526,206.9373779,0.97023809,14.80895901,-683.2395576,-2037.489323,WhiteTroatedCaracara,20
2377,NA,NA,NA,NA,NA,NA,0,NA,NA,NA,NA,NA,NA,NA,NA,NA,NA,NA,NA,298,NA,NA,NA,NA,NA,NA,NA,NA,NA,NA,NA,NA,5,NA,NA,NA,NA,NA,NA,NA,NA,NA,NA,NA,NA,3,NA,NA,NA,NA,NA,NA,8.87092495,NA,NA,NA,NA,NA,NA,331,NA,NA,NA,NA,NA,NA,NA,NA,NA,NA,NA,NA,7,NA,NA,NA,NA,NA,NA,8.267429352,52.67065811,16.94867134,0,0.083490439,8.890364647,40.32889557,28.29644012,141.3430328,0.195323497,15.67639828,-663.2395576,-2037.489323,WhiteTroatedCaracara,20
2378,NA,NA,NA,NA,NA,NA,NA,NA,0,0,NA,NA,0,NA,NA,NA,NA,NA,NA,NA,NA,18,22,NA,NA,26,NA,NA,NA,NA,NA,NA,NA,NA,13,14,NA,NA,9,NA,NA,NA,NA,NA,NA,NA,NA,2,1,NA,NA,1,5.150279999,NA,NA,NA,NA,NA,NA,NA,NA,284,4,NA,NA,354,NA,NA,NA,NA,NA,NA,NA,NA,9,10,NA,NA,13,9.053229332,53.17546463,10.83757973,0,0.002673888,9.427307129,41.04336166,29.02523422,25.7864418,-0.105573364,2.291000843,-643.2395576,-2037.489323,WhiteTroatedCaracara,20
2388,NA,NA,NA,NA,NA,NA,NA,NA,NA,NA,0,NA,NA,NA,NA,NA,NA,NA,NA,NA,NA,NA,NA,35,NA,NA,NA,NA,NA,NA,NA,NA,NA,NA,NA,NA,12,NA,NA,NA,NA,NA,NA,NA,NA,NA,NA,NA,NA,1,NA,NA,51.62992477,NA,NA,NA,NA,NA,NA,NA,NA,NA,NA,44,NA,NA,NA,NA,NA,NA,NA,NA,NA,NA,NA,NA,11,NA,NA,4.358977318,318.1449585,2.397004128,0.207051769,6.19299078,7.702968121,7.650838852,4.426140308,721.3897095,0.013794512,136.9615479,-1023.239558,-2057.489323,WhiteTroatedCaracara,20
2392,NA,NA,NA,NA,NA,NA,0,NA,NA,0,NA,0,NA,NA,NA,NA,NA,NA,NA,120,NA,NA,21,NA,37,NA,NA,NA,NA,NA,NA,NA,16,NA,NA,15,NA,12,NA,NA,NA,NA,NA,NA,NA,1,NA,NA,2,NA,1,NA,10.69216919,NA,NA,NA,NA,NA,NA,1,NA,NA,29,NA,287,NA,NA,NA,NA,NA,NA,NA,7,NA,NA,10,NA,12,NA,7.277431965,43.07492447,4.554806709,0.118589252,0,4.721205235,14.71177769,7.523849487,301.6979065,0.272741795,22.39891052,-943.2395576,-2057.489323,WhiteTroatedCaracara,20
2393,NA,NA,NA,0,0,0,0,0,0,NA,0,0,0,NA,NA,NA,137,5,5,15,60,120,NA,21,6,2,NA,NA,NA,11,9,12,9,16,15,NA,9,8,10,NA,NA,NA,1,1,1,2,1,1,NA,1,1,1,3.517544746,NA,NA,NA,26,327,290,5,252,262,NA,326,282,302,NA,NA,NA,4,5,6,7,8,9,NA,11,12,13,7.812390804,32.05555725,21.90716934,0.054266233,0,4.772886753,25.25134087,13.41434193,204.7302094,-1.237108946,9.499438286,-923.2395576,-2057.489323,WhiteTroatedCaracara,20
2394,NA,NA,NA,NA,NA,NA,NA,0,0,NA,NA,NA,0,NA,NA,NA,NA,NA,NA,NA,130,5,NA,NA,NA,1,NA,NA,NA,NA,NA,NA,NA,14,9,NA,NA,NA,7,NA,NA,NA,NA,NA,NA,NA,2,2,NA,NA,NA,1,2.385525703,NA,NA,NA,NA,NA,NA,NA,331,315,NA,NA,NA,320,NA,NA,NA,NA,NA,NA,NA,8,9,NA,NA,NA,13,7.802269459,27.84107208,41.13572693,0.009978705,0.034884248,6.068706512,21.77401543,30.07496452,215.9571533,-1.639206529,12.80634689,-903.2395576,-2057.489323,WhiteTroatedCaracara,20
2395,NA,NA,NA,NA,NA,NA,NA,NA,0,NA,NA,NA,0,NA,NA,NA,NA,NA,NA,NA,NA,180,NA,NA,NA,10,NA,NA,NA,NA,NA,NA,NA,NA,18,NA,NA,NA,11,NA,NA,NA,NA,NA,NA,NA,NA,1,NA,NA,NA,1,2.883540154,NA,NA,NA,NA,NA,NA,NA,NA,49,NA,NA,NA,307,NA,NA,NA,NA,NA,NA,NA,NA,9,NA,NA,NA,13,7.399346352,28.92108536,33.68527985,0,0,7.512611866,21.16367531,36.80639267,303.6917725,-1.399626851,30.76441956,-883.2395576,-2057.489323,WhiteTroatedCaracara,20
2403,NA,NA,NA,NA,NA,NA,NA,NA,NA,NA,NA,0,0,NA,NA,NA,NA,NA,NA,NA,NA,NA,NA,NA,44,125,NA,NA,NA,NA,NA,NA,NA,NA,NA,NA,NA,11,12,NA,NA,NA,NA,NA,NA,NA,NA,NA,NA,NA,3,2,2.874804258,NA,NA,NA,NA,NA,NA,NA,NA,NA,NA,NA,321,260,NA,NA,NA,NA,NA,NA,NA,NA,NA,NA,NA,12,13,7.151009083,44.85827255,31.87295723,0,0.025066815,8.690619469,22.59303474,36.27655411,348.1004333,0.300986737,4.172657013,-723.2395576,-2057.489323,WhiteTroatedCaracara,20
2404,NA,NA,NA,NA,NA,NA,0,NA,NA,NA,NA,0,NA,NA,NA,NA,NA,NA,NA,69,NA,NA,NA,NA,25,NA,NA,NA,NA,NA,NA,NA,5,NA,NA,NA,NA,10,NA,NA,NA,NA,NA,NA,NA,1,NA,NA,NA,NA,2,NA,1.681430221,NA,NA,NA,NA,NA,NA,332,NA,NA,NA,NA,321,NA,NA,NA,NA,NA,NA,NA,7,NA,NA,NA,NA,12,NA,7.308628559,48.59382629,25.70362473,0.023927355,0.126594067,7.661967754,29.0573082,36.47675323,306.568634,0.324126214,12.32462215,-703.2395576,-2057.489323,WhiteTroatedCaracara,20
2405,0,NA,0,0,NA,0,0,NA,0,0,NA,0,0,60,NA,240,60,NA,90,62,NA,60,61,NA,25,41,16,NA,14,14,NA,12,14,NA,19,11,NA,13,13,1,NA,2,1,NA,1,1,NA,3,2,NA,2,1,3.672967911,29,NA,43,47,NA,54,354,NA,17,326,NA,342,353,1,NA,3,4,NA,6,7,NA,9,10,NA,12,13,7.991252899,49.42121887,20.81864548,0.024634127,0.351870596,9.292955399,23.41090775,39.098526,206.9373779,0.97023809,14.80895901,-683.2395576,-2057.489323,WhiteTroatedCaracara,20
2410,NA,NA,NA,NA,0,NA,NA,NA,NA,NA,NA,NA,NA,NA,NA,NA,NA,60,NA,NA,NA,NA,NA,NA,NA,NA,NA,NA,NA,NA,15,NA,NA,NA,NA,NA,NA,NA,NA,NA,NA,NA,NA,1,NA,NA,NA,NA,NA,NA,NA,NA,128.4623718,NA,NA,NA,NA,13,NA,NA,NA,NA,NA,NA,NA,NA,NA,NA,NA,NA,5,NA,NA,NA,NA,NA,NA,NA,NA,6.593753338,1165.777466,1.969521999,0.355557412,2.410401344,19.89938164,22.8526001,16.12818146,219.6269684,-0.350551873,79.82569122,-1123.239558,-2077.489323,WhiteTroatedCaracara,20
2415,NA,NA,NA,NA,NA,NA,NA,NA,0,NA,NA,NA,0,NA,NA,NA,NA,NA,NA,NA,NA,20,NA,NA,NA,25,NA,NA,NA,NA,NA,NA,NA,NA,14,NA,NA,NA,10,NA,NA,NA,NA,NA,NA,NA,NA,1,NA,NA,NA,1,44.4436264,NA,NA,NA,NA,NA,NA,NA,NA,9,NA,NA,NA,356,NA,NA,NA,NA,NA,NA,NA,NA,9,NA,NA,NA,13,2.978353977,354.3964844,3.014029503,2.946704626,1.856214404,5.501615047,12.7851553,3.434512854,931.2062378,-1.221611023,181.9909515,-1023.239558,-2077.489323,WhiteTroatedCaracara,20
2416,NA,NA,NA,NA,NA,NA,NA,NA,NA,NA,NA,NA,0,NA,NA,NA,NA,NA,NA,NA,NA,NA,NA,NA,NA,82,NA,NA,NA,NA,NA,NA,NA,NA,NA,NA,NA,NA,14,NA,NA,NA,NA,NA,NA,NA,NA,NA,NA,NA,NA,2,30.90592194,NA,NA,NA,NA,NA,NA,NA,NA,NA,NA,NA,NA,338,NA,NA,NA,NA,NA,NA,NA,NA,NA,NA,NA,NA,13,4.591339111,223.3959045,7.106075287,1.342519403,4.204322338,15.1114378,17.8361454,13.62885952,689.7722778,-0.177515179,154.6536713,-1003.239558,-2077.489323,WhiteTroatedCaracara,20
2417,0,NA,NA,NA,0,0,0,0,0,0,0,0,0,120,NA,NA,NA,80,3,30,60,60,6,165,98,60,8,NA,NA,NA,13,12,9,10,11,9,14,13,11,6,NA,NA,NA,1,1,1,8,2,9,1,1,6,19.21325874,325,NA,NA,NA,360,297,297,344,260,341,249,341,260,1,NA,NA,NA,5,6,7,8,9,10,11,12,13,6.054821491,129.4684601,8.452137947,4.809989452,3.554178476,15.58716488,20.2252388,17.90087318,479.3308411,0.263584793,83.28037262,-983.2395576,-2077.489323,WhiteTroatedCaracara,20
2418,NA,NA,NA,NA,0,0,0,0,0,0,0,0,1,NA,NA,NA,NA,255,17,130,90,10,1,60,60,25,NA,NA,NA,NA,15,7,8,16,15,14,8,13,17,NA,NA,NA,NA,2,1,6,2,2,2,1,1,2,8.845365524,NA,NA,NA,NA,298,297,29,42,314,317,305,262,302,NA,NA,NA,NA,5,6,7,8,9,10,11,12,13,6.941775799,74.41538239,16.31005669,2.690009832,0.068128735,12.22313309,24.13752747,19.32835388,316.3693237,-0.973561645,40.29006195,-963.2395576,-2077.489323,WhiteTroatedCaracara,20
2419,0,0,0,0,0,0,0,1,0,0,0,1,1,120,90,127,120,120,28,120,30,60,15,45,15,3,9,16,10,8,7,16,7,13,20,15,18,14,8,1,3,1,1,2,1,1,1,1,2,1,2,1,3.589915037,335,356,360,306,318,288,290,275,356,290,265,276,11,1,2,3,4,5,6,7,8,9,10,11,12,13,5.382110119,59.6461792,18.1772728,4.186484337,0,14.04801559,27.08656883,20.19240952,629.546814,1.096773267,62.77893066,-943.2395576,-2077.489323,WhiteTroatedCaracara,20
2420,0,NA,NA,NA,NA,NA,1,NA,NA,0,NA,NA,NA,20,NA,NA,NA,NA,NA,15,NA,NA,3,NA,NA,NA,15,NA,NA,NA,NA,NA,10,NA,NA,8,NA,NA,NA,3,NA,NA,NA,NA,NA,1,NA,NA,1,NA,NA,NA,8.89138031,11,NA,NA,NA,NA,NA,286,NA,NA,29,NA,NA,NA,1,NA,NA,NA,NA,NA,7,NA,NA,10,NA,NA,NA,5.120136738,46.00060272,23.33141136,1.672756195,0,13.14165688,27.63180733,33.06136322,689.7502441,0.159444675,48.03582764,-923.2395576,-2077.489323,WhiteTroatedCaracara,20
2421,NA,NA,NA,NA,NA,NA,NA,NA,NA,NA,NA,NA,0,NA,NA,NA,NA,NA,NA,NA,NA,NA,NA,NA,NA,7,NA,NA,NA,NA,NA,NA,NA,NA,NA,NA,NA,NA,8,NA,NA,NA,NA,NA,NA,NA,NA,NA,NA,NA,NA,3,10.57195663,NA,NA,NA,NA,NA,NA,NA,NA,NA,NA,NA,NA,337,NA,NA,NA,NA,NA,NA,NA,NA,NA,NA,NA,NA,13,5.131022453,39.05528641,18.77594376,0.260730982,0,14.00842381,35.11932755,31.39565468,701.4844971,0.124215052,45.60207748,-903.2395576,-2077.489323,WhiteTroatedCaracara,20
2422,NA,NA,NA,0,0,1,NA,0,0,NA,NA,0,0,NA,NA,NA,45,15,35,NA,8,60,NA,NA,41,3,NA,NA,NA,21,12,11,NA,15,8,NA,NA,14,19,NA,NA,NA,2,2,3,NA,1,3,NA,NA,2,1,3.768298149,NA,NA,NA,361,20,290,NA,297,320,NA,NA,340,300,NA,NA,NA,4,5,6,NA,8,9,NA,NA,12,13,5.038967609,35.71365356,18.82991982,0.006607659,0,9.836707115,32.4293251,38.85865402,714.3891602,0.867253423,16.07128143,-883.2395576,-2077.489323,WhiteTroatedCaracara,20
2425,NA,NA,NA,NA,0,NA,NA,NA,NA,NA,NA,NA,NA,NA,NA,NA,NA,20,NA,NA,NA,NA,NA,NA,NA,NA,NA,NA,NA,NA,18,NA,NA,NA,NA,NA,NA,NA,NA,NA,NA,NA,NA,1,NA,NA,NA,NA,NA,NA,NA,NA,2.865959644,NA,NA,NA,NA,47,NA,NA,NA,NA,NA,NA,NA,NA,NA,NA,NA,NA,5,NA,NA,NA,NA,NA,NA,NA,NA,6.677249432,35.74277878,37.49893951,0.077488221,0,7.51610136,16.29514503,38.36264038,404.6081848,-0.060548298,5.330591679,-823.2395576,-2077.489323,WhiteTroatedCaracara,20
2430,NA,NA,0,NA,NA,NA,NA,NA,NA,NA,0,0,0,NA,NA,10,NA,NA,NA,NA,NA,NA,NA,4,10,41,NA,NA,10,NA,NA,NA,NA,NA,NA,NA,9,9,8,NA,NA,3,NA,NA,NA,NA,NA,NA,NA,2,2,2,2.650640249,NA,NA,16,NA,NA,NA,NA,NA,NA,NA,46,264,307,NA,NA,3,NA,NA,NA,NA,NA,NA,NA,11,12,13,7.195196152,49.40271759,21.15300179,0,0.261679322,9.423600197,38.91382599,29.42971611,295.3283997,0.115764558,6.402861595,-723.2395576,-2077.489323,WhiteTroatedCaracara,20
2431,NA,NA,NA,NA,NA,NA,0,NA,NA,NA,0,0,NA,NA,NA,NA,NA,NA,NA,97,NA,NA,NA,9,4,NA,NA,NA,NA,NA,NA,NA,9,NA,NA,NA,18,10,NA,NA,NA,NA,NA,NA,NA,2,NA,NA,NA,2,2,NA,7.550971031,NA,NA,NA,NA,NA,NA,268,NA,NA,NA,266,316,NA,NA,NA,NA,NA,NA,NA,7,NA,NA,NA,11,12,NA,7.756999493,53.07272339,20.34643555,0,0.072785117,8.869874001,36.43655777,34.08211517,178.0401917,0.375820428,18.96167946,-703.2395576,-2077.489323,WhiteTroatedCaracara,20
2442,0,0,0,0,0,0,0,0,1,0,0,0,0,40,180,90,80,270,140,83,90,144,4,34,62,20,11,15,9,14,14,12,10,14,11,15,15,9,11,6,1,8,1,1,4,1,4,2,1,1,1,6,18.1682663,327,60,46,352,336,265,300,356,280,292,315,313,260,1,2,3,4,5,6,7,8,9,10,11,12,13,3.245411396,252.6344452,4.008617878,1.363630295,4.810156822,9.186896324,13.12068939,6.60613966,840.2283936,-1.497589707,152.3239746,-1003.239558,-2097.489323,WhiteTroatedCaracara,20
2443,NA,NA,NA,0,NA,0,0,0,0,0,0,0,0,NA,NA,NA,40,NA,53,62,120,53,16,56,23,180,NA,NA,NA,13,NA,15,18,11,20,15,11,13,13,NA,NA,NA,2,NA,1,1,1,3,2,2,1,2,5.668883324,NA,NA,NA,353,NA,289,283,55,331,317,46,342,271,NA,NA,NA,4,NA,6,7,8,9,10,11,12,13,5.534383297,144.2507324,5.104237556,9.42206192,5.672075272,11.52455044,24.07395172,15.39148808,504.2764587,-1.850357294,80.16913605,-983.2395576,-2097.489323,WhiteTroatedCaracara,20
2444,NA,NA,NA,NA,NA,NA,NA,NA,NA,NA,NA,NA,0,NA,NA,NA,NA,NA,NA,NA,NA,NA,NA,NA,NA,7,NA,NA,NA,NA,NA,NA,NA,NA,NA,NA,NA,NA,8,NA,NA,NA,NA,NA,NA,NA,NA,NA,NA,NA,NA,2,2.895562649,NA,NA,NA,NA,NA,NA,NA,NA,NA,NA,NA,NA,5,NA,NA,NA,NA,NA,NA,NA,NA,NA,NA,NA,NA,13,3.209052324,118.592804,17.08831978,8.159436226,1.248579383,14.34593487,25.8584671,25.2214756,976.7907715,0.885263443,84.66971588,-963.2395576,-2097.489323,WhiteTroatedCaracara,20
2445,NA,0,NA,NA,NA,NA,NA,NA,1,NA,NA,NA,NA,NA,120,NA,NA,NA,NA,NA,NA,190,NA,NA,NA,NA,NA,10,NA,NA,NA,NA,NA,NA,11,NA,NA,NA,NA,NA,3,NA,NA,NA,NA,NA,NA,2,NA,NA,NA,NA,2.582343817,NA,324,NA,NA,NA,NA,NA,NA,294,NA,NA,NA,NA,NA,2,NA,NA,NA,NA,NA,NA,9,NA,NA,NA,NA,2.576615572,98.46143341,16.09529495,6.716449738,0.232613325,12.62059689,27.51385498,28.26135826,1107.411743,0.817590654,96.22514343,-943.2395576,-2097.489323,WhiteTroatedCaracara,20
2449,NA,NA,0,NA,NA,NA,NA,NA,NA,NA,NA,NA,NA,NA,NA,10,NA,NA,NA,NA,NA,NA,NA,NA,NA,NA,NA,NA,12,NA,NA,NA,NA,NA,NA,NA,NA,NA,NA,NA,NA,1,NA,NA,NA,NA,NA,NA,NA,NA,NA,NA,3.771416187,NA,NA,320,NA,NA,NA,NA,NA,NA,NA,NA,NA,NA,NA,NA,3,NA,NA,NA,NA,NA,NA,NA,NA,NA,NA,6.082832336,36.83327103,24.76441193,0.085247345,0,10.4055357,33.76219559,30.9729805,469.8327942,-0.046592593,8.903717041,-863.2395576,-2097.489323,WhiteTroatedCaracara,20
2456,NA,NA,NA,NA,NA,NA,NA,NA,0,NA,0,0,0,NA,NA,NA,NA,NA,NA,NA,NA,3,NA,27,24,20,NA,NA,NA,NA,NA,NA,NA,NA,9,NA,14,13,15,NA,NA,NA,NA,NA,NA,NA,NA,2,NA,2,2,2,2.246665478,NA,NA,NA,NA,NA,NA,NA,NA,250,NA,267,321,257,NA,NA,NA,NA,NA,NA,NA,NA,9,NA,11,12,13,7.185373306,52.68148804,14.1137743,0.052111793,2.361278057,7.434396744,35.11218643,39.43743515,258.6547241,-0.053426344,9.784944534,-723.2395576,-2097.489323,WhiteTroatedCaracara,20
2457,NA,NA,NA,NA,NA,NA,NA,NA,NA,NA,0,0,NA,NA,NA,NA,NA,NA,NA,NA,NA,NA,NA,27,20,NA,NA,NA,NA,NA,NA,NA,NA,NA,NA,NA,16,15,NA,NA,NA,NA,NA,NA,NA,NA,NA,NA,NA,2,2,NA,7.152223587,NA,NA,NA,NA,NA,NA,NA,NA,NA,NA,265,315,NA,NA,NA,NA,NA,NA,NA,NA,NA,NA,NA,11,12,NA,7.886946201,58.24960709,19.44494438,0,0.042918861,9.212445259,42.30248642,27.37381744,106.2754288,-0.237610787,12.93837833,-703.2395576,-2097.489323,WhiteTroatedCaracara,20
2467,NA,NA,NA,NA,NA,NA,NA,NA,NA,NA,NA,NA,0,NA,NA,NA,NA,NA,NA,NA,NA,NA,NA,NA,NA,240,NA,NA,NA,NA,NA,NA,NA,NA,NA,NA,NA,NA,14,NA,NA,NA,NA,NA,NA,NA,NA,NA,NA,NA,NA,2,23.99904633,NA,NA,NA,NA,NA,NA,NA,NA,NA,NA,NA,NA,339,NA,NA,NA,NA,NA,NA,NA,NA,NA,NA,NA,NA,13,2.019154072,286.310791,5.231413841,1.211594462,3.608831167,6.684945583,21.93058777,7.104347706,1046.887939,1.01309979,152.0202637,-1003.239558,-2117.489323,WhiteTroatedCaracara,20
2468,NA,0,NA,NA,NA,NA,NA,NA,NA,NA,NA,NA,NA,NA,30,NA,NA,NA,NA,NA,NA,NA,NA,NA,NA,NA,NA,6,NA,NA,NA,NA,NA,NA,NA,NA,NA,NA,NA,NA,6,NA,NA,NA,NA,NA,NA,NA,NA,NA,NA,NA,15.75771236,NA,317,NA,NA,NA,NA,NA,NA,NA,NA,NA,NA,NA,NA,2,NA,NA,NA,NA,NA,NA,NA,NA,NA,NA,NA,3.527601004,168.4906464,9.301275253,4.17517519,6.12168932,13.60607719,25.89757919,26.07966614,850.1871948,0.553726971,112.0320816,-983.2395576,-2117.489323,WhiteTroatedCaracara,20
2469,NA,NA,NA,NA,NA,0,NA,NA,0,0,NA,0,1,NA,NA,NA,NA,NA,180,NA,NA,150,60,NA,145,72,NA,NA,NA,NA,NA,13,NA,NA,16,11,NA,11,14,NA,NA,NA,NA,NA,1,NA,NA,1,1,NA,2,1,4.222224236,NA,NA,NA,NA,NA,289,NA,NA,258,319,NA,46,269,NA,NA,NA,NA,NA,6,NA,NA,9,10,NA,12,13,3.311926603,124.7045059,16.22114372,6.576478958,0.865347981,13.79795647,29.71875954,25.0634594,928.6642456,-2.884769678,80.8395462,-963.2395576,-2117.489323,WhiteTroatedCaracara,20
2470,NA,NA,1,0,0,1,1,1,1,1,0,1,1,NA,NA,240,30,180,35,60,100,75,150,5,60,75,NA,NA,16,9,10,17,11,15,7,17,14,9,8,NA,NA,2,5,2,3,1,1,1,2,2,1,1,3.05941391,NA,NA,362,305,355,312,262,347,39,304,311,330,328,NA,NA,3,4,5,6,7,8,9,10,11,12,13,2.758493423,103.6840744,16.25692558,4.937132359,0.287482381,12.81487942,27.43894196,26.73110008,1054.075439,-0.720083952,123.7683411,-943.2395576,-2117.489323,WhiteTroatedCaracara,20
2473,NA,NA,NA,NA,NA,NA,NA,NA,0,NA,NA,NA,NA,NA,NA,NA,NA,NA,NA,NA,NA,10,NA,NA,NA,NA,NA,NA,NA,NA,NA,NA,NA,NA,10,NA,NA,NA,NA,NA,NA,NA,NA,NA,NA,NA,NA,2,NA,NA,NA,NA,5.419271946,NA,NA,NA,NA,NA,NA,NA,NA,322,NA,NA,NA,NA,NA,NA,NA,NA,NA,NA,NA,NA,9,NA,NA,NA,NA,5.779722214,41.64229202,21.49832916,0.194525197,0.032931797,14.93060398,34.03620911,29.30635262,479.317688,0.320685565,19.35896683,-883.2395576,-2117.489323,WhiteTroatedCaracara,20
2481,NA,NA,NA,NA,NA,NA,NA,NA,NA,NA,NA,0,NA,NA,NA,NA,NA,NA,NA,NA,NA,NA,NA,NA,38,NA,NA,NA,NA,NA,NA,NA,NA,NA,NA,NA,NA,13,NA,NA,NA,NA,NA,NA,NA,NA,NA,NA,NA,NA,2,NA,2.339418888,NA,NA,NA,NA,NA,NA,NA,NA,NA,NA,NA,314,NA,NA,NA,NA,NA,NA,NA,NA,NA,NA,NA,NA,12,NA,7.530092716,57.93172836,15.23682308,0.041860983,0.095156215,7.798888206,28.07592964,48.07557678,153.0850067,0.070024118,14.98372841,-723.2395576,-2117.489323,WhiteTroatedCaracara,20
2482,NA,0,NA,NA,NA,NA,NA,0,0,0,0,0,NA,NA,120,NA,NA,NA,NA,NA,180,195,181,180,221,NA,NA,8,NA,NA,NA,NA,NA,9,12,12,9,11,NA,NA,2,NA,NA,NA,NA,NA,1,2,3,2,2,NA,3.650920153,NA,52,NA,NA,NA,NA,NA,262,347,353,28,264,NA,NA,2,NA,NA,NA,NA,NA,8,9,10,11,12,NA,7.446216583,65.99756622,13.04204273,0,0.028201969,6.19730854,45.96964645,32.65167999,103.3819122,0.290825129,6.272182465,-703.2395576,-2117.489323,WhiteTroatedCaracara,20
2489,NA,NA,NA,NA,0,NA,NA,NA,NA,NA,NA,NA,NA,NA,NA,NA,NA,60,NA,NA,NA,NA,NA,NA,NA,NA,NA,NA,NA,NA,16,NA,NA,NA,NA,NA,NA,NA,NA,NA,NA,NA,NA,1,NA,NA,NA,NA,NA,NA,NA,NA,88.04629517,NA,NA,NA,NA,16,NA,NA,NA,NA,NA,NA,NA,NA,NA,NA,NA,NA,5,NA,NA,NA,NA,NA,NA,NA,NA,5.850646973,634.9089966,2.59847331,2.026402473,4.618979454,24.71152687,26.44885826,22.91238403,303.2090454,0.745835185,134.4278107,-1063.239558,-2137.489323,WhiteTroatedCaracara,20
2490,NA,NA,0,NA,NA,NA,NA,0,0,0,NA,0,0,NA,NA,60,NA,NA,NA,NA,30,30,200,NA,60,10,NA,NA,13,NA,NA,NA,NA,18,8,16,NA,9,10,NA,NA,1,NA,NA,NA,NA,1,3,1,NA,5,1,65.01142883,NA,NA,13,NA,NA,NA,NA,57,358,315,NA,42,302,NA,NA,3,NA,NA,NA,NA,8,9,10,NA,12,13,2.858901501,511.7479248,1.402823448,0.460254222,2.566550493,3.288548231,11.27193356,2.045135021,785.2984009,-2.138750315,116.3160934,-1043.239558,-2137.489323,WhiteTroatedCaracara,20
2491,NA,NA,NA,NA,NA,NA,0,NA,NA,NA,NA,0,NA,NA,NA,NA,NA,NA,NA,3,NA,NA,NA,NA,10,NA,NA,NA,NA,NA,NA,NA,20,NA,NA,NA,NA,12,NA,NA,NA,NA,NA,NA,NA,8,NA,NA,NA,NA,1,NA,51.42361069,NA,NA,NA,NA,NA,NA,9,NA,NA,NA,NA,245,NA,NA,NA,NA,NA,NA,NA,7,NA,NA,NA,NA,12,NA,0.585788012,419.7239075,0.339153171,0.309634954,0.479159653,0.438465118,25.58943176,0.303048998,1264.957397,-0.138780445,104.1573639,-1023.239558,-2137.489323,WhiteTroatedCaracara,20
2492,NA,NA,0,0,NA,NA,0,0,0,0,0,0,0,NA,NA,45,120,NA,NA,60,10,300,300,6,15,48,NA,NA,15,8,NA,NA,14,18,9,8,18,10,15,NA,NA,2,2,NA,NA,1,2,2,1,1,2,2,38.94339752,NA,NA,42,318,NA,NA,22,363,325,337,22,25,318,NA,NA,3,4,NA,NA,7,8,9,10,11,12,13,3.202750921,294.1912231,4.564287663,2.059405088,4.63320446,9.074647903,24.6031723,7.096251488,835.87677,0.0333753,168.7862244,-1003.239558,-2137.489323,WhiteTroatedCaracara,20
2493,0,0,NA,0,0,1,0,1,1,1,0,1,1,30,225,NA,120,90,45,45,30,180,81,30,239,90,23,11,NA,13,11,9,15,9,16,12,9,6,8,2,1,NA,2,3,2,3,1,3,1,2,3,1,23.75329781,25,305,NA,333,323,322,274,351,55,315,348,48,297,1,2,NA,4,5,6,7,8,9,10,11,12,13,5.231059074,165.4415588,8.435127258,4.111036777,3.189096212,16.50201607,27.93700981,22.36870766,496.520752,1.655267239,113.1923676,-983.2395576,-2137.489323,WhiteTroatedCaracara,20
2494,0,0,0,0,0,0,1,1,1,1,0,0,1,180,15,240,240,120,40,120,120,54,90,140,26,180,9,10,8,17,16,23,14,8,20,9,9,9,5,2,6,2,2,4,2,3,1,5,2,3,1,3,7.067111015,330,317,41,358,320,12,39,267,17,331,354,282,343,1,2,3,4,5,6,7,8,9,10,11,12,13,6.131715775,102.6985397,12.94140148,5.752750397,0.770976365,18.2724247,25.25443268,19.90450096,349.6227722,3.335579395,52.00770569,-963.2395576,-2137.489323,WhiteTroatedCaracara,20
2495,NA,NA,NA,0,0,1,0,0,0,1,1,1,1,NA,NA,NA,16,30,20,30,19,1,20,9,65,2,NA,NA,NA,12,9,11,13,11,8,9,22,15,13,NA,NA,NA,1,2,1,1,1,1,2,1,1,1,7.34795475,NA,NA,NA,282,355,324,323,321,352,319,31,254,328,NA,NA,NA,4,5,6,7,8,9,10,11,12,13,6.650300503,71.68217468,17.69207191,2.905965567,0.519052148,14.77281857,27.01053429,32.40339279,246.4450073,0.411864787,25.19673347,-943.2395576,-2137.489323,WhiteTroatedCaracara,20
2496,NA,NA,NA,NA,NA,NA,NA,NA,NA,NA,NA,0,NA,NA,NA,NA,NA,NA,NA,NA,NA,NA,NA,NA,121,NA,NA,NA,NA,NA,NA,NA,NA,NA,NA,NA,NA,10,NA,NA,NA,NA,NA,NA,NA,NA,NA,NA,NA,NA,3,NA,4.418270588,NA,NA,NA,NA,NA,NA,NA,NA,NA,NA,NA,345,NA,NA,NA,NA,NA,NA,NA,NA,NA,NA,NA,NA,12,NA,6.287359238,55.23620605,22.77897644,1.605539918,0.045630231,12.34922409,28.52162552,32.80661392,308.0082703,-0.234341159,9.874135971,-923.2395576,-2137.489323,WhiteTroatedCaracara,20
2497,NA,NA,NA,0,NA,0,0,0,0,0,NA,NA,0,NA,NA,NA,60,NA,60,30,30,12,30,NA,NA,2,NA,NA,NA,11,NA,18,18,10,13,17,NA,NA,14,NA,NA,NA,2,NA,1,1,4,2,2,NA,NA,1,3.293077946,NA,NA,NA,355,NA,48,340,356,357,315,NA,NA,58,NA,NA,NA,4,NA,6,7,8,9,10,NA,NA,13,6.198376656,47.92901993,15.98271847,1.678595543,0,13.77215576,38.34644318,29.19701195,331.174408,-0.942815185,9.239291191,-903.2395576,-2137.489323,WhiteTroatedCaracara,20
2499,NA,NA,NA,NA,NA,NA,NA,NA,0,NA,NA,NA,NA,NA,NA,NA,NA,NA,NA,NA,NA,10,NA,NA,NA,NA,NA,NA,NA,NA,NA,NA,NA,NA,18,NA,NA,NA,NA,NA,NA,NA,NA,NA,NA,NA,NA,2,NA,NA,NA,NA,4.33949852,NA,NA,NA,NA,NA,NA,NA,NA,364,NA,NA,NA,NA,NA,NA,NA,NA,NA,NA,NA,NA,9,NA,NA,NA,NA,6.291009903,42.89989471,24.02244759,0.666199803,0,11.53411293,35.8120842,26.96808243,332.5083008,0.174933523,14.8322506,-863.2395576,-2137.489323,WhiteTroatedCaracara,20
2500,NA,NA,NA,NA,NA,NA,NA,0,NA,NA,NA,NA,NA,NA,NA,NA,NA,NA,NA,NA,6,NA,NA,NA,NA,NA,NA,NA,NA,NA,NA,NA,NA,14,NA,NA,NA,NA,NA,NA,NA,NA,NA,NA,NA,NA,1,NA,NA,NA,NA,NA,3.542617559,NA,NA,NA,NA,NA,NA,NA,297,NA,NA,NA,NA,NA,NA,NA,NA,NA,NA,NA,NA,8,NA,NA,NA,NA,NA,6.589147091,44.17526627,23.73849106,0.522914231,0.148706019,7.97074461,26.39803123,39.60752869,280.6408081,0.10400974,9.983285904,-843.2395576,-2137.489323,WhiteTroatedCaracara,20
2501,0,NA,NA,0,0,0,0,0,0,NA,NA,0,0,15,NA,NA,15,10,10,25,25,5,NA,NA,98,30,13,NA,NA,19,14,15,13,17,14,NA,NA,16,20,6,NA,NA,2,3,1,9,2,1,NA,NA,2,1,2.784208775,324,NA,NA,361,12,290,21,262,311,NA,NA,341,14,1,NA,NA,4,5,6,7,8,9,NA,NA,12,13,6.867731571,45.77403259,11.98843956,0,2.003303051,2.883167982,24.04228401,52.47742081,233.909256,-0.16151318,7.556593418,-823.2395576,-2137.489323,WhiteTroatedCaracara,20
2502,NA,NA,NA,NA,NA,0,NA,NA,NA,NA,NA,NA,NA,NA,NA,NA,NA,NA,5,NA,NA,NA,NA,NA,NA,NA,NA,NA,NA,NA,NA,10,NA,NA,NA,NA,NA,NA,NA,NA,NA,NA,NA,NA,2,NA,NA,NA,NA,NA,NA,NA,2.564183235,NA,NA,NA,NA,NA,290,NA,NA,NA,NA,NA,NA,NA,NA,NA,NA,NA,NA,6,NA,NA,NA,NA,NA,NA,NA,7.073492527,48.54089355,11.83640194,2.0793221,2.104067802,6.654145241,29.60211563,41.1694603,202.3419495,-0.035998754,6.715584278,-803.2395576,-2137.489323,WhiteTroatedCaracara,20
2505,NA,NA,NA,NA,NA,NA,NA,NA,NA,NA,NA,0,NA,NA,NA,NA,NA,NA,NA,NA,NA,NA,NA,NA,55,NA,NA,NA,NA,NA,NA,NA,NA,NA,NA,NA,NA,13,NA,NA,NA,NA,NA,NA,NA,NA,NA,NA,NA,NA,2,NA,4.127959251,NA,NA,NA,NA,NA,NA,NA,NA,NA,NA,NA,342,NA,NA,NA,NA,NA,NA,NA,NA,NA,NA,NA,NA,12,NA,7.535977364,59.35448074,21.92922783,0.054717764,0.028282477,8.198817253,27.45284843,40.85731125,126.0563202,-0.067066967,12.14337921,-743.2395576,-2137.489323,WhiteTroatedCaracara,20
2506,0,NA,0,0,0,0,0,0,0,0,0,0,0,35,NA,15,110,45,207,127,12,68,68,19,180,1,9,NA,8,9,17,5,7,8,17,14,10,11,22,6,NA,3,1,2,1,1,2,3,2,1,1,2,1.764399409,324,NA,16,334,8,350,332,261,250,338,354,268,364,1,NA,3,4,5,6,7,8,9,10,11,12,13,7.764045238,62.67781067,22.30075264,0.503572047,0.349249661,8.619525909,23.41662025,43.15197754,67.14974213,-0.092212163,8.128998756,-723.2395576,-2137.489323,WhiteTroatedCaracara,20
2507,NA,NA,NA,NA,NA,NA,NA,NA,NA,NA,NA,0,NA,NA,NA,NA,NA,NA,NA,NA,NA,NA,NA,NA,4,NA,NA,NA,NA,NA,NA,NA,NA,NA,NA,NA,NA,12,NA,NA,NA,NA,NA,NA,NA,NA,NA,NA,NA,NA,2,NA,3.650920153,NA,NA,NA,NA,NA,NA,NA,NA,NA,NA,NA,344,NA,NA,NA,NA,NA,NA,NA,NA,NA,NA,NA,NA,12,NA,7.446216583,65.99756622,13.04204273,0,0.028201969,6.19730854,45.96964645,32.65167999,103.3819122,0.290825129,6.272182465,-703.2395576,-2137.489323,WhiteTroatedCaracara,20
2512,NA,NA,NA,NA,0,NA,NA,NA,NA,NA,NA,NA,NA,NA,NA,NA,NA,30,NA,NA,NA,NA,NA,NA,NA,NA,NA,NA,NA,NA,12,NA,NA,NA,NA,NA,NA,NA,NA,NA,NA,NA,NA,2,NA,NA,NA,NA,NA,NA,NA,NA,104.7043915,NA,NA,NA,NA,17,NA,NA,NA,NA,NA,NA,NA,NA,NA,NA,NA,NA,5,NA,NA,NA,NA,NA,NA,NA,NA,6.328485012,770.2615967,1.871446729,0.407749325,1.270687103,20.20403099,24.82872963,16.50763702,208.3171387,0.139357492,93.24623871,-1083.239558,-2157.489323,WhiteTroatedCaracara,20
2516,0,0,0,0,0,0,0,0,0,0,0,0,0,45,120,240,147,150,59,105,128,45,60,15,5,10,10,10,8,9,11,9,11,9,14,19,18,15,15,2,6,3,1,3,1,5,1,5,2,1,1,1,37.85939407,321,316,340,304,321,325,318,322,316,324,45,263,342,1,2,3,4,5,6,7,8,9,10,11,12,13,5.527910709,245.9698181,1.936307549,3.202377081,9.407159805,16.91510391,20.18341446,11.16476154,396.68396,-0.378028303,92.49137878,-1003.239558,-2157.489323,WhiteTroatedCaracara,20
2517,0,0,NA,0,0,0,1,0,1,0,0,0,1,15,300,NA,10,30,75,6,45,281,120,120,120,40,9,10,NA,15,15,19,9,12,7,10,13,13,12,2,4,NA,3,3,3,2,1,2,1,1,1,2,21.45227623,321,306,NA,343,321,308,336,286,37,298,306,304,302,1,2,NA,4,5,6,7,8,9,10,11,12,13,6.373779297,156.8913879,4.729237556,2.832289934,5.032753468,13.85242939,23.04867172,18.06916428,249.2585907,-2.144386292,61.62713623,-983.2395576,-2157.489323,WhiteTroatedCaracara,20
2518,NA,NA,NA,NA,NA,0,NA,0,0,0,NA,0,1,NA,NA,NA,NA,NA,1,NA,1,30,60,NA,20,7,NA,NA,NA,NA,NA,17,NA,10,16,7,NA,14,10,NA,NA,NA,NA,NA,1,NA,1,1,1,NA,2,2,6.474936008,NA,NA,NA,NA,NA,254,NA,321,248,352,NA,266,298,NA,NA,NA,NA,NA,6,NA,8,9,10,NA,12,13,6.410734177,103.2650986,8.612447739,4.693948746,1.776003003,14.73204041,21.55069733,18.03403854,246.4323883,0.267551035,70.64178467,-963.2395576,-2157.489323,WhiteTroatedCaracara,20
2519,0,NA,0,NA,NA,0,0,1,0,0,0,0,1,1,NA,15,NA,NA,1,10,2,23,3,22,30,38,13,NA,10,NA,NA,15,11,16,6,10,17,10,11,1,NA,1,NA,NA,1,1,6,1,2,1,1,8,5.950185299,360,NA,362,NA,NA,257,323,322,289,295,41,266,298,1,NA,3,NA,NA,6,7,8,9,10,11,12,13,5.938444138,78.58163452,6.954780579,11.38028145,1.636314034,11.49111176,33.99337006,23.37122154,333.4646912,-1.643933773,52.15980911,-943.2395576,-2157.489323,WhiteTroatedCaracara,20
2520,NA,NA,NA,0,0,NA,0,0,0,NA,NA,0,0,NA,NA,NA,30,15,NA,5,35,227,NA,NA,166,3,NA,NA,NA,9,18,NA,16,15,9,NA,NA,14,16,NA,NA,NA,1,2,NA,2,1,1,NA,NA,3,1,4.171880722,NA,NA,NA,17,10,NA,338,4,1,NA,NA,345,300,NA,NA,NA,4,5,NA,7,8,9,NA,NA,12,13,5.679059505,63.57398605,15.75750256,3.360879421,0.120037742,17.42961121,28.95510483,24.26881218,371.4351501,-0.387568295,13.81162357,-923.2395576,-2157.489323,WhiteTroatedCaracara,20
2521,NA,NA,NA,NA,NA,NA,NA,0,0,NA,NA,NA,NA,NA,NA,NA,NA,NA,NA,NA,5,15,NA,NA,NA,NA,NA,NA,NA,NA,NA,NA,NA,13,12,NA,NA,NA,NA,NA,NA,NA,NA,NA,NA,NA,1,1,NA,NA,NA,NA,2.869130611,NA,NA,NA,NA,NA,NA,NA,297,304,NA,NA,NA,NA,NA,NA,NA,NA,NA,NA,NA,8,9,NA,NA,NA,NA,5.388428688,55.92812347,20.81518555,1.039551377,8.82922977325507e-05,19.07690239,30.38143158,25.04607391,434.9124756,-0.283653766,12.83857441,-903.2395576,-2157.489323,WhiteTroatedCaracara,20
2527,NA,NA,NA,NA,NA,NA,0,0,NA,0,NA,NA,0,NA,NA,NA,NA,NA,NA,15,45,NA,60,NA,NA,23,NA,NA,NA,NA,NA,NA,8,15,NA,11,NA,NA,9,NA,NA,NA,NA,NA,NA,1,2,NA,3,NA,NA,3,2.911319733,NA,NA,NA,NA,NA,NA,286,262,NA,3,NA,NA,10,NA,NA,NA,NA,NA,NA,7,8,NA,10,NA,NA,13,7.067427635,55.70622635,12.6371212,2.694580793,0.41157192,5.869181156,34.07982635,42.61417007,172.0855713,0.088147923,8.915475845,-783.2395576,-2157.489323,WhiteTroatedCaracara,20
2530,NA,NA,NA,NA,NA,NA,NA,NA,NA,NA,NA,0,NA,NA,NA,NA,NA,NA,NA,NA,NA,NA,NA,NA,33,NA,NA,NA,NA,NA,NA,NA,NA,NA,NA,NA,NA,9,NA,NA,NA,NA,NA,NA,NA,NA,NA,NA,NA,NA,2,NA,1.990150213,NA,NA,NA,NA,NA,NA,NA,NA,NA,NA,NA,314,NA,NA,NA,NA,NA,NA,NA,NA,NA,NA,NA,NA,12,NA,7.363505363,68.63450623,25.08007622,0.013164813,0.010139311,6.005878448,30.1209507,38.15531158,109.5020676,0.027087606,3.637126207,-723.2395576,-2157.489323,WhiteTroatedCaracara,20
2531,NA,NA,NA,NA,NA,NA,NA,NA,NA,NA,NA,0,NA,NA,NA,NA,NA,NA,NA,NA,NA,NA,NA,NA,9,NA,NA,NA,NA,NA,NA,NA,NA,NA,NA,NA,NA,12,NA,NA,NA,NA,NA,NA,NA,NA,NA,NA,NA,NA,2,NA,4.991806507,NA,NA,NA,NA,NA,NA,NA,NA,NA,NA,NA,344,NA,NA,NA,NA,NA,NA,NA,NA,NA,NA,NA,NA,12,NA,7.254623413,72.47576904,14.76546001,0,0.066803314,4.460635662,39.46016693,40.08288193,113.4877548,-0.005606422,4.613425732,-703.2395576,-2157.489323,WhiteTroatedCaracara,20
2538,NA,NA,NA,NA,0,NA,NA,NA,NA,NA,NA,NA,NA,NA,NA,NA,NA,30,NA,NA,NA,NA,NA,NA,NA,NA,NA,NA,NA,NA,9,NA,NA,NA,NA,NA,NA,NA,NA,NA,NA,NA,NA,1,NA,NA,NA,NA,NA,NA,NA,NA,88.04629517,NA,NA,NA,NA,18,NA,NA,NA,NA,NA,NA,NA,NA,NA,NA,NA,NA,5,NA,NA,NA,NA,NA,NA,NA,NA,5.850646973,634.9089966,2.59847331,2.026402473,4.618979454,24.71152687,26.44885826,22.91238403,303.2090454,0.745835185,134.4278107,-1063.239558,-2177.489323,WhiteTroatedCaracara,20
2542,NA,0,0,0,0,0,0,0,0,0,0,0,0,NA,60,60,60,37,135,45,81,90,6,54,240,45,NA,11,6,6,19,17,17,8,17,14,17,8,15,NA,2,2,4,2,1,1,1,1,1,1,1,1,12.8971405,NA,362,43,347,38,59,306,323,269,283,18,362,338,NA,2,3,4,5,6,7,8,9,10,11,12,13,4.842457771,198.8725281,4.481973171,2.201644421,10.44656754,16.40692902,23.85714912,10.68218899,500.4015808,0.494894207,102.7578278,-983.2395576,-2177.489323,WhiteTroatedCaracara,20
2543,NA,NA,0,0,NA,0,0,0,0,0,0,0,0,NA,NA,60,2,NA,120,3,135,270,90,263,92,56,NA,NA,13,7,NA,12,15,16,11,8,7,10,16,NA,NA,2,1,NA,1,1,2,8,3,1,4,2,4.005394459,NA,NA,9,304,NA,295,292,340,257,281,245,282,315,NA,NA,3,4,NA,6,7,8,9,10,11,12,13,5.879349232,113.4665222,2.293034554,11.84931755,4.952768326,6.368285179,36.06541443,15.13340092,295.2833557,0.686362386,80.28075409,-963.2395576,-2177.489323,WhiteTroatedCaracara,20
2544,NA,NA,NA,NA,0,0,0,0,0,0,0,0,0,NA,NA,NA,NA,35,5,10,156,15,10,139,125,2,NA,NA,NA,NA,11,8,19,8,8,9,5,10,7,NA,NA,NA,NA,1,1,4,1,1,1,1,2,1,3.563136339,NA,NA,NA,NA,40,324,358,336,331,310,341,311,281,NA,NA,NA,NA,5,6,7,8,9,10,11,12,13,5.210195541,89.94908905,1.316197991,14.85406876,4.177559376,3.637257099,42.01119995,22.50250244,421.7158508,2.143221855,68.26411438,-943.2395576,-2177.489323,WhiteTroatedCaracara,20
2545,NA,NA,NA,NA,NA,NA,0,NA,0,NA,NA,NA,NA,NA,NA,NA,NA,NA,NA,45,NA,20,NA,NA,NA,NA,NA,NA,NA,NA,NA,NA,16,NA,10,NA,NA,NA,NA,NA,NA,NA,NA,NA,NA,1,NA,1,NA,NA,NA,NA,5.837213516,NA,NA,NA,NA,NA,NA,340,NA,37,NA,NA,NA,NA,NA,NA,NA,NA,NA,NA,7,NA,9,NA,NA,NA,NA,4.273288727,84.74044037,2.143645048,20.48316574,0.222688228,3.679298162,44.59688187,23.98007774,598.0367432,0.438991576,34.5717392,-923.2395576,-2177.489323,WhiteTroatedCaracara,20
2551,NA,NA,NA,NA,NA,NA,NA,0,0,NA,0,0,NA,NA,NA,NA,NA,NA,NA,NA,29,17,NA,26,36,NA,NA,NA,NA,NA,NA,NA,NA,9,16,NA,8,18,NA,NA,NA,NA,NA,NA,NA,NA,1,1,NA,1,2,NA,2.240639687,NA,NA,NA,NA,NA,NA,NA,56,6,NA,319,259,NA,NA,NA,NA,NA,NA,NA,NA,8,9,NA,11,12,NA,6.809096336,58.18431091,7.525443554,0.585472167,0.015167756,3.372686625,45.01942062,42.67786789,176.9219666,-0.02923952,5.21884346,-803.2395576,-2177.489323,WhiteTroatedCaracara,20
2552,0,NA,NA,NA,0,NA,NA,0,NA,NA,NA,NA,0,30,NA,NA,NA,26,NA,NA,50,NA,NA,NA,NA,22,11,NA,NA,NA,20,NA,NA,14,NA,NA,NA,NA,9,6,NA,NA,NA,2,NA,NA,2,NA,NA,NA,NA,1,3.149135113,324,NA,NA,NA,299,NA,NA,262,NA,NA,NA,NA,2,1,NA,NA,NA,5,NA,NA,8,NA,NA,NA,NA,13,7.04259634,60.48722076,5.570827007,0.82545501,0.035510901,0.713970423,47.67999268,44.78208542,142.1533813,-0.08984378,5.901641846,-783.2395576,-2177.489323,WhiteTroatedCaracara,20
2553,NA,NA,NA,NA,NA,NA,NA,NA,NA,NA,NA,0,NA,NA,NA,NA,NA,NA,NA,NA,NA,NA,NA,NA,86,NA,NA,NA,NA,NA,NA,NA,NA,NA,NA,NA,NA,18,NA,NA,NA,NA,NA,NA,NA,NA,NA,NA,NA,NA,2,NA,2.872452497,NA,NA,NA,NA,NA,NA,NA,NA,NA,NA,NA,342,NA,NA,NA,NA,NA,NA,NA,NA,NA,NA,NA,NA,12,NA,7.183708191,64.23859406,6.592908859,1.769437432,0.469775558,2.436507702,47.66701889,40.93259048,123.0899734,-0.019799115,6.425651073,-763.2395576,-2177.489323,WhiteTroatedCaracara,20
2554,NA,NA,NA,NA,NA,NA,NA,NA,NA,NA,NA,0,0,NA,NA,NA,NA,NA,NA,NA,NA,NA,NA,NA,34,1,NA,NA,NA,NA,NA,NA,NA,NA,NA,NA,NA,17,12,NA,NA,NA,NA,NA,NA,NA,NA,NA,NA,NA,2,3,3.337587595,NA,NA,NA,NA,NA,NA,NA,NA,NA,NA,NA,343,301,NA,NA,NA,NA,NA,NA,NA,NA,NA,NA,NA,12,13,7.2392416,70.50823212,10.13858128,0.558636963,0.15643771,3.590444088,44.68987274,39.33406448,114.8536758,0.086329885,10.5351162,-743.2395576,-2177.489323,WhiteTroatedCaracara,20
2555,NA,NA,NA,NA,NA,NA,NA,NA,NA,NA,0,0,0,NA,NA,NA,NA,NA,NA,NA,NA,NA,NA,52,15,3,NA,NA,NA,NA,NA,NA,NA,NA,NA,NA,16,10,21,NA,NA,NA,NA,NA,NA,NA,NA,NA,NA,2,3,2,1.741754293,NA,NA,NA,NA,NA,NA,NA,NA,NA,NA,271,300,364,NA,NA,NA,NA,NA,NA,NA,NA,NA,NA,11,12,13,7.19303751,74.18841553,10.7025528,0.014457035,0.003308913,2.215982437,44.82033157,39.97166061,118.9445648,0.214697123,10.34858322,-723.2395576,-2177.489323,WhiteTroatedCaracara,20
2556,0,NA,0,0,0,0,0,0,0,0,0,0,0,5,NA,25,15,81,168,29,30,2,2,33,3,52,18,NA,10,10,11,8,10,15,12,10,14,11,10,3,NA,2,2,1,1,1,1,1,1,1,3,1,2.068869829,11,NA,47,298,330,263,350,361,245,289,250,260,300,1,NA,3,4,5,6,7,8,9,10,11,12,13,7.245312214,77.36634064,7.60500145,0,0.027634934,3.652904749,46.09870529,33.72542572,91.48138428,-0.008318838,10.96969223,-703.2395576,-2177.489323,WhiteTroatedCaracara,20
2557,NA,NA,NA,NA,0,0,0,0,0,0,0,0,0,NA,NA,NA,NA,120,35,140,59,16,120,60,156,45,NA,NA,NA,NA,12,13,7,10,10,9,15,13,8,NA,NA,NA,NA,1,1,1,2,4,2,1,1,2,1.70669508,NA,NA,NA,NA,344,247,349,275,303,318,317,255,327,NA,NA,NA,NA,5,6,7,8,9,10,11,12,13,7.20213747,76.13398743,9.257108688,0.158964276,0.023009865,3.369728804,43.98754501,27.73927116,69.57195282,-0.072488673,8.101570129,-683.2395576,-2177.489323,WhiteTroatedCaracara,20
2566,0,NA,NA,NA,NA,NA,NA,0,NA,0,NA,NA,0,60,NA,NA,NA,NA,NA,NA,60,NA,30,NA,NA,2,11,NA,NA,NA,NA,NA,NA,11,NA,10,NA,NA,9,2,NA,NA,NA,NA,NA,NA,1,NA,1,NA,NA,7,14.48729038,320,NA,NA,NA,NA,NA,NA,353,NA,341,NA,NA,300,1,NA,NA,NA,NA,NA,NA,8,NA,10,NA,NA,13,4.252116203,229.307785,4.537752151,1.891020417,6.024206161,19.21260643,15.9736948,11.70958042,539.3468628,0.82913512,136.8599396,-1003.239558,-2197.489323,WhiteTroatedCaracara,20
2567,0,NA,NA,NA,NA,NA,0,NA,NA,0,NA,NA,NA,90,NA,NA,NA,NA,NA,45,NA,NA,60,NA,NA,NA,14,NA,NA,NA,NA,NA,14,NA,NA,10,NA,NA,NA,2,NA,NA,NA,NA,NA,1,NA,NA,1,NA,NA,NA,14.48729038,320,NA,NA,NA,NA,NA,18,NA,NA,341,NA,NA,NA,1,NA,NA,NA,NA,NA,7,NA,NA,10,NA,NA,NA,4.252116203,229.307785,4.537752151,1.891020417,6.024206161,19.21260643,15.9736948,11.70958042,539.3468628,0.82913512,136.8599396,-983.2395576,-2197.489323,WhiteTroatedCaracara,20
2568,0,NA,0,0,0,0,0,0,0,1,0,0,0,2,NA,60,3,60,160,120,22,90,90,34,65,110,18,NA,11,7,19,10,11,10,11,11,11,12,11,2,NA,1,1,1,4,4,4,2,10,1,2,2,3.351427794,321,NA,359,304,268,313,262,264,352,319,55,335,280,1,NA,3,4,5,6,7,8,9,10,11,12,13,5.822048664,116.3684006,1.523670077,10.65566635,8.770813942,9.461464882,31.72054291,10.68868732,263.4417114,-1.549727678,66.84241486,-963.2395576,-2197.489323,WhiteTroatedCaracara,20
2569,NA,NA,0,0,0,0,0,0,0,0,0,0,0,NA,NA,180,60,50,1,2,32,18,7,3,60,6,NA,NA,15,16,17,17,9,13,13,12,6,13,15,NA,NA,2,3,2,1,1,3,1,2,3,1,1,5.155356407,NA,NA,267,244,299,254,323,264,308,332,291,311,280,NA,NA,3,4,5,6,7,8,9,10,11,12,13,5.097822666,101.4717636,1.66642499,16.74217415,5.217973232,2.609151363,41.11342239,21.30160332,398.8722229,0.656283438,49.59207535,-943.2395576,-2197.489323,WhiteTroatedCaracara,20
2570,NA,NA,NA,NA,0,0,NA,0,NA,NA,NA,0,NA,NA,NA,NA,NA,50,48,NA,74,NA,NA,NA,40,NA,NA,NA,NA,NA,16,8,NA,12,NA,NA,NA,10,NA,NA,NA,NA,NA,2,2,NA,3,NA,NA,NA,1,NA,4.766287327,NA,NA,NA,NA,299,15,NA,265,NA,NA,NA,57,NA,NA,NA,NA,NA,5,6,NA,8,NA,NA,NA,12,NA,4.824528217,96.42901611,1.508496404,18.9659214,2.655585289,1.422785878,46.34707642,23.01192856,446.7797852,-0.200048909,35.96392441,-923.2395576,-2197.489323,WhiteTroatedCaracara,20
2578,NA,NA,NA,NA,NA,NA,NA,NA,NA,NA,NA,0,NA,NA,NA,NA,NA,NA,NA,NA,NA,NA,NA,NA,4,NA,NA,NA,NA,NA,NA,NA,NA,NA,NA,NA,NA,8,NA,NA,NA,NA,NA,NA,NA,NA,NA,NA,NA,NA,2,NA,2.47049284,NA,NA,NA,NA,NA,NA,NA,NA,NA,NA,NA,303,NA,NA,NA,NA,NA,NA,NA,NA,NA,NA,NA,NA,12,NA,7.213527203,67.89431763,2.850293398,0.158684716,0.003625016,1.999513507,54.09083939,40.34204102,90.30462646,-0.152623266,10.29402351,-763.2395576,-2197.489323,WhiteTroatedCaracara,20
2579,NA,NA,NA,NA,NA,NA,NA,NA,0,NA,NA,0,0,NA,NA,NA,NA,NA,NA,NA,NA,1,NA,NA,35,90,NA,NA,NA,NA,NA,NA,NA,NA,10,NA,NA,17,17,NA,NA,NA,NA,NA,NA,NA,NA,2,NA,NA,1,2,2.904814482,NA,NA,NA,NA,NA,NA,NA,NA,331,NA,NA,330,21,NA,NA,NA,NA,NA,NA,NA,NA,9,NA,NA,12,13,7.296495438,72.32577515,5.682742596,0.657060206,0.002613034,1.621399641,51.84079742,39.85659027,78.20907593,-0.01228387,10.88594151,-743.2395576,-2197.489323,WhiteTroatedCaracara,20
2580,0,NA,NA,0,NA,0,0,0,NA,NA,0,0,0,15,NA,NA,43,NA,2,175,30,NA,NA,64,120,3,7,NA,NA,16,NA,8,14,16,NA,NA,9,12,9,6,NA,NA,1,NA,1,1,1,NA,NA,1,1,1,2.998029947,324,NA,NA,365,NA,295,43,332,NA,NA,358,272,352,1,NA,NA,4,NA,6,7,8,NA,NA,11,12,13,7.474752426,76.76184082,11.33613777,3.24447608,0.616080344,3.52274704,43.48567581,37.18055725,39.09380341,-0.210575595,4.784367561,-723.2395576,-2197.489323,WhiteTroatedCaracara,20
2581,0,0,0,0,0,0,0,0,0,0,0,0,0,35,180,20,119,3,23,193,30,120,1,1,67,30,11,10,18,11,20,8,15,17,7,5,11,18,15,3,3,2,1,1,1,1,1,2,1,1,1,1,2.420397282,323,348,46,245,328,294,261,247,261,284,258,283,296,1,2,3,4,5,6,7,8,9,10,11,12,13,7.461091995,81.42446136,5.45314455,1.3294276,0.162592903,2.737061024,49.26838684,34.65088272,29.00637817,-0.022130182,3.142649889,-703.2395576,-2197.489323,WhiteTroatedCaracara,20
2582,NA,NA,NA,NA,NA,NA,0,NA,NA,0,0,0,0,NA,NA,NA,NA,NA,NA,216,NA,NA,72,124,37,35,NA,NA,NA,NA,NA,NA,13,NA,NA,10,10,13,16,NA,NA,NA,NA,NA,NA,3,NA,NA,2,1,2,2,2.738594055,NA,NA,NA,NA,NA,NA,326,NA,NA,45,308,364,28,NA,NA,NA,NA,NA,NA,7,NA,NA,10,11,12,13,7.38242054,81.77999878,6.918348789,0.020198014,0,2.88029933,52.35026932,35.37136841,16.58707809,-0.043018594,1.884021282,-683.2395576,-2197.489323,WhiteTroatedCaracara,20
2589,NA,NA,NA,NA,0,NA,NA,NA,NA,NA,NA,NA,NA,NA,NA,NA,NA,60,NA,NA,NA,NA,NA,NA,NA,NA,NA,NA,NA,NA,12,NA,NA,NA,NA,NA,NA,NA,NA,NA,NA,NA,NA,1,NA,NA,NA,NA,NA,NA,NA,NA,72.12547302,NA,NA,NA,NA,18,NA,NA,NA,NA,NA,NA,NA,NA,NA,NA,NA,NA,5,NA,NA,NA,NA,NA,NA,NA,NA,5.914844036,542.7753906,3.555999756,1.922034383,2.0101192,10.94084835,35.75248337,21.78277397,205.6694946,-0.282730192,89.33112335,-1063.239558,-2217.489323,WhiteTroatedCaracara,20
2593,NA,0,NA,NA,NA,NA,NA,NA,NA,NA,NA,NA,NA,NA,180,NA,NA,NA,NA,NA,NA,NA,NA,NA,NA,NA,NA,10,NA,NA,NA,NA,NA,NA,NA,NA,NA,NA,NA,NA,5,NA,NA,NA,NA,NA,NA,NA,NA,NA,NA,NA,23.91704178,NA,258,NA,NA,NA,NA,NA,NA,NA,NA,NA,NA,NA,NA,2,NA,NA,NA,NA,NA,NA,NA,NA,NA,NA,NA,5.184382439,234.9759827,2.603672981,1.426084042,8.802158356,22.3602562,21.89390945,15.64524555,374.6253052,0.951951206,90.39011383,-983.2395576,-2217.489323,WhiteTroatedCaracara,20
2594,NA,NA,NA,NA,NA,NA,NA,NA,0,0,NA,0,0,NA,NA,NA,NA,NA,NA,NA,NA,8,120,NA,120,19,NA,NA,NA,NA,NA,NA,NA,NA,8,8,NA,14,8,NA,NA,NA,NA,NA,NA,NA,NA,1,1,NA,1,1,10.59850502,NA,NA,NA,NA,NA,NA,NA,NA,338,351,NA,360,301,NA,NA,NA,NA,NA,NA,NA,NA,9,10,NA,12,13,6.010514259,132.1925964,0.311938077,5.924408436,14.02997303,16.89945412,21.2016716,5.941857338,190.0343018,0.603641987,39.98991394,-963.2395576,-2217.489323,WhiteTroatedCaracara,20
2595,0,0,0,0,0,0,0,0,0,0,0,0,0,2,30,60,120,30,73,60,11,90,5,10,20,3,18,7,9,12,16,5,16,7,16,13,14,6,12,2,1,4,1,1,1,1,1,2,2,1,1,2,4.795513153,319,316,259,354,364,304,263,337,325,281,337,311,340,1,2,3,4,5,6,7,8,9,10,11,12,13,6.309519291,94.50436401,2.255367279,17.47037506,3.373058081,2.791554213,37.20959091,10.96811771,111.2506485,-0.536316454,15.55691051,-943.2395576,-2217.489323,WhiteTroatedCaracara,20
2596,0,1,NA,NA,0,0,0,0,0,0,NA,0,0,2,30,NA,NA,5,65,75,30,49,20,NA,45,35,10,9,NA,NA,10,16,14,13,15,14,NA,8,15,2,4,NA,NA,3,5,4,1,1,6,NA,8,6,3.15252161,322,56,NA,NA,12,356,19,244,19,286,NA,36,341,1,2,NA,NA,5,6,7,8,9,10,NA,12,13,6.064704418,97.3928833,1.051796436,13.54222965,4.674702168,0.862981319,45.44251633,16.20951271,144.5723114,-0.130816251,12.89269257,-923.2395576,-2217.489323,WhiteTroatedCaracara,20
2598,NA,NA,NA,NA,0,0,NA,NA,NA,0,NA,NA,NA,NA,NA,NA,NA,60,172,NA,NA,NA,31,NA,NA,NA,NA,NA,NA,NA,13,13,NA,NA,NA,11,NA,NA,NA,NA,NA,NA,NA,2,1,NA,NA,NA,1,NA,NA,NA,2.43748498,NA,NA,NA,NA,299,346,NA,NA,NA,292,NA,NA,NA,NA,NA,NA,NA,5,6,NA,NA,NA,10,NA,NA,NA,6.222430229,80.90882874,2.540452242,19.62388039,0.681631565,0.4228082,46.59188843,25.28544617,148.545105,-0.299899131,7.28556633,-883.2395576,-2217.489323,WhiteTroatedCaracara,20
2599,NA,NA,NA,NA,NA,NA,NA,NA,0,0,NA,NA,0,NA,NA,NA,NA,NA,NA,NA,NA,15,12,NA,NA,30,NA,NA,NA,NA,NA,NA,NA,NA,13,11,NA,NA,16,NA,NA,NA,NA,NA,NA,NA,NA,1,1,NA,NA,2,7.417170525,NA,NA,NA,NA,NA,NA,NA,NA,315,292,NA,NA,276,NA,NA,NA,NA,NA,NA,NA,NA,9,10,NA,NA,13,6.32069397,77.00804901,2.269273281,7.130875587,1.038495541,0.342939913,54.01594543,34.29745483,157.2234955,-0.417589515,10.36188316,-863.2395576,-2217.489323,WhiteTroatedCaracara,20
2601,NA,NA,NA,NA,NA,NA,NA,NA,0,NA,NA,NA,NA,NA,NA,NA,NA,NA,NA,NA,NA,20,NA,NA,NA,NA,NA,NA,NA,NA,NA,NA,NA,NA,12,NA,NA,NA,NA,NA,NA,NA,NA,NA,NA,NA,NA,1,NA,NA,NA,NA,3.792016506,NA,NA,NA,NA,NA,NA,NA,NA,315,NA,NA,NA,NA,NA,NA,NA,NA,NA,NA,NA,NA,9,NA,NA,NA,NA,6.41322279,68.10942078,3.176909924,1.295678139,0.002660693,0.047002763,53.91107178,40.80979538,176.2619629,-0.098054007,14.10817528,-823.2395576,-2217.489323,WhiteTroatedCaracara,20
2602,NA,NA,NA,0,0,0,0,NA,0,0,0,0,NA,NA,NA,NA,40,93,55,50,NA,102,64,70,60,NA,NA,NA,NA,0,10,13,18,NA,16,13,18,12,NA,NA,NA,NA,3,2,1,1,NA,2,1,2,1,NA,2.608526945,NA,NA,NA,54,299,341,276,NA,34,292,355,311,NA,NA,NA,NA,4,5,6,7,NA,9,10,11,12,NA,6.613602161,66.28717041,3.169661045,0.746674776,0.001450185,0.064883582,53.50622177,41.44867325,156.2955017,0.083389066,17.70957375,-803.2395576,-2217.489323,WhiteTroatedCaracara,20
2603,NA,NA,NA,NA,NA,NA,0,NA,0,0,NA,0,0,NA,NA,NA,NA,NA,NA,10,NA,40,31,NA,8,82,NA,NA,NA,NA,NA,NA,16,NA,19,15,NA,10,16,NA,NA,NA,NA,NA,NA,3,NA,2,2,NA,4,1,4.199716091,NA,NA,NA,NA,NA,NA,276,NA,34,272,NA,339,275,NA,NA,NA,NA,NA,NA,7,NA,9,10,NA,12,13,6.829493523,69.87692261,3.840566874,0.214143336,0.048072793,0.408744901,51.97935867,41.05062485,124.0916138,-0.123661883,9.97191143,-783.2395576,-2217.489323,WhiteTroatedCaracara,20
2606,NA,NA,NA,0,NA,NA,NA,NA,NA,NA,0,0,0,NA,NA,NA,35,NA,NA,NA,NA,NA,NA,30,62,13,NA,NA,NA,12,NA,NA,NA,NA,NA,NA,18,8,14,NA,NA,NA,1,NA,NA,NA,NA,NA,NA,2,2,2,3.868447542,NA,NA,NA,244,NA,NA,NA,NA,NA,NA,291,346,18,NA,NA,NA,4,NA,NA,NA,NA,NA,NA,11,12,13,7.099264145,78.9385376,1.561418295,2.778588772,0.262146443,1.776749611,54.94494247,38.454422,87.74919128,0.002874088,6.188575745,-723.2395576,-2217.489323,WhiteTroatedCaracara,20
2607,NA,NA,NA,NA,NA,0,NA,NA,NA,0,NA,0,NA,NA,NA,NA,NA,NA,5,NA,NA,NA,1,NA,20,NA,NA,NA,NA,NA,NA,17,NA,NA,NA,19,NA,6,NA,NA,NA,NA,NA,NA,1,NA,NA,NA,3,NA,4,NA,5.222945213,NA,NA,NA,NA,NA,294,NA,NA,NA,20,NA,26,NA,NA,NA,NA,NA,NA,6,NA,NA,NA,10,NA,12,NA,7.059873104,82.05448914,0.371256888,0.165669829,0,0.361083061,58.37844467,40.5029068,85.98866272,0.100791998,5.252983093,-703.2395576,-2217.489323,WhiteTroatedCaracara,20
2608,NA,NA,NA,NA,0,NA,NA,NA,NA,0,0,0,NA,NA,NA,NA,NA,5,NA,NA,NA,NA,5,17,5,NA,NA,NA,NA,NA,14,NA,NA,NA,NA,15,16,7,NA,NA,NA,NA,NA,1,NA,NA,NA,NA,1,2,4,NA,2.168003798,NA,NA,NA,NA,274,NA,NA,NA,NA,276,46,26,NA,NA,NA,NA,NA,5,NA,NA,NA,NA,10,11,12,NA,7.078035355,82.50857544,1.270782232,0.869336188,0.136045396,0.339870125,56.58727264,40.65509796,59.74925613,0.006598438,4.013360023,-683.2395576,-2217.489323,WhiteTroatedCaracara,20
2617,NA,NA,NA,NA,NA,NA,NA,NA,NA,NA,NA,NA,0,NA,NA,NA,NA,NA,NA,NA,NA,NA,NA,NA,NA,120,NA,NA,NA,NA,NA,NA,NA,NA,NA,NA,NA,NA,12,NA,NA,NA,NA,NA,NA,NA,NA,NA,NA,NA,NA,6,47.17557907,NA,NA,NA,NA,NA,NA,NA,NA,NA,NA,NA,NA,334,NA,NA,NA,NA,NA,NA,NA,NA,NA,NA,NA,NA,13,4.639502525,386.4522705,4.997273922,1.051691532,2.229768276,14.08673954,35.40636063,8.435814857,417.1255188,-0.278491974,141.5566559,-1003.239558,-2237.489323,WhiteTroatedCaracara,20
2618,NA,NA,NA,NA,0,NA,NA,NA,NA,0,NA,0,0,NA,NA,NA,NA,20,NA,NA,NA,NA,19,NA,20,15,NA,NA,NA,NA,14,NA,NA,NA,NA,13,NA,18,8,NA,NA,NA,NA,1,NA,NA,NA,NA,1,NA,1,1,30.36876488,NA,NA,NA,NA,21,NA,NA,NA,NA,289,NA,310,270,NA,NA,NA,NA,5,NA,NA,NA,NA,10,NA,12,13,5.427799225,272.5571289,3.147906303,1.217660666,5.164680481,22.05578041,17.21891403,10.65746689,273.5808411,0.702790797,79.22939301,-983.2395576,-2237.489323,WhiteTroatedCaracara,20
2620,NA,NA,0,0,0,0,NA,0,NA,0,0,0,0,NA,NA,30,180,90,165,NA,120,NA,45,20,120,89,NA,NA,10,9,10,14,NA,13,NA,15,11,11,8,NA,NA,2,3,1,5,NA,2,NA,2,3,2,1,3.362163067,NA,NA,269,278,50,341,NA,28,NA,294,41,365,15,NA,NA,3,4,5,6,NA,8,NA,10,11,12,13,6.287593365,128.0419312,0.770075917,3.608637571,7.843768597,11.38505936,23.59627342,3.58860302,88.1567688,-1.152247667,15.99597549,-943.2395576,-2237.489323,WhiteTroatedCaracara,20
2621,0,NA,NA,0,NA,0,NA,0,NA,NA,NA,0,0,5,NA,NA,12,NA,1,NA,10,NA,NA,NA,16,5,16,NA,NA,15,NA,15,NA,8,NA,NA,NA,15,19,2,NA,NA,6,NA,1,NA,1,NA,NA,NA,6,1,3.98800993,319,NA,NA,303,NA,254,NA,32,NA,NA,NA,49,326,1,NA,NA,4,NA,6,NA,8,NA,NA,NA,12,13,5.974446297,117.2073059,0.324712664,6.513661385,10.47892952,8.306387901,35.87612534,2.468738317,137.2624817,-0.529014885,15.0729208,-923.2395576,-2237.489323,WhiteTroatedCaracara,20
2622,0,NA,NA,NA,0,0,0,0,0,0,0,0,0,15,NA,NA,NA,10,10,45,1,180,10,3,30,9,16,NA,NA,NA,10,18,14,8,10,16,11,16,19,2,NA,NA,NA,3,5,5,1,2,1,2,3,1,3.769279242,319,NA,NA,NA,12,19,13,337,308,315,44,38,326,1,NA,NA,NA,5,6,7,8,9,10,11,12,13,5.717166901,107.9014816,0.547673404,11.06870174,7.058152676,3.029237747,39.55263519,5.149721622,193.171524,-0.561229587,14.4910593,-903.2395576,-2237.489323,WhiteTroatedCaracara,20
2623,0,NA,NA,NA,NA,0,0,0,0,0,NA,0,0,10,NA,NA,NA,NA,1,27,6,1,10,NA,15,96,16,NA,NA,NA,NA,14,9,11,8,11,NA,9,8,2,NA,NA,NA,NA,1,2,4,1,2,NA,5,2,3.093218803,319,NA,NA,NA,NA,254,337,259,24,304,NA,248,275,1,NA,NA,NA,NA,6,7,8,9,10,NA,12,13,5.828499317,95.12926483,1.450921178,19.01921272,3.183431387,0.710905135,39.34397888,15.29492569,188.970871,-0.466405749,11.5292244,-883.2395576,-2237.489323,WhiteTroatedCaracara,20
2624,NA,NA,NA,0,0,NA,0,0,NA,0,NA,0,0,NA,NA,NA,8,5,NA,5,2,NA,12,NA,215,6,NA,NA,NA,7,9,NA,19,11,NA,11,NA,10,16,NA,NA,NA,6,3,NA,2,4,NA,1,NA,3,4,2.586210966,NA,NA,NA,303,12,NA,338,259,NA,292,NA,343,359,NA,NA,NA,4,5,NA,7,8,NA,10,NA,12,13,6.029205799,85.63106537,1.750368357,17.0369854,0.205677703,0.089877509,48.38417816,28.79304695,173.1240082,-0.221789256,6.522110939,-863.2395576,-2237.489323,WhiteTroatedCaracara,20
2625,NA,NA,NA,0,0,0,0,NA,0,0,0,NA,0,NA,NA,NA,180,30,33,5,NA,10,20,45,NA,12,NA,NA,NA,15,12,16,21,NA,13,9,11,NA,18,NA,NA,NA,1,2,1,4,NA,3,1,2,NA,2,5.558990479,NA,NA,NA,281,299,341,353,NA,332,292,350,NA,272,NA,NA,NA,4,5,6,7,NA,9,10,11,NA,13,5.978024483,81.69393921,0.827324808,5.215782166,0.023563962,0.099587709,55.87808228,37.8306694,201.1745453,0.038253471,6.261036873,-843.2395576,-2237.489323,WhiteTroatedCaracara,20
2626,NA,NA,NA,0,NA,NA,NA,0,0,0,0,NA,0,NA,NA,NA,2,NA,NA,NA,1,5,6,70,NA,8,NA,NA,NA,15,NA,NA,NA,13,14,17,13,NA,9,NA,NA,NA,1,NA,NA,NA,1,5,2,2,NA,1,5.092306614,NA,NA,NA,303,NA,NA,NA,12,315,321,352,NA,305,NA,NA,NA,4,NA,NA,NA,8,9,10,11,NA,13,5.803102493,77.33152771,1.140956759,6.198662281,0.028172659,0.111886747,54.72013092,37.34765625,248.4352264,0.197921425,6.17877388,-823.2395576,-2237.489323,WhiteTroatedCaracara,20
2627,NA,NA,NA,0,NA,0,NA,0,NA,NA,NA,NA,0,NA,NA,NA,120,NA,1,NA,1,NA,NA,NA,NA,21,NA,NA,NA,12,NA,15,NA,11,NA,NA,NA,NA,13,NA,NA,NA,2,NA,1,NA,1,NA,NA,NA,NA,2,1.904978275,NA,NA,NA,309,NA,17,NA,12,NA,NA,NA,NA,22,NA,NA,NA,4,NA,6,NA,8,NA,NA,NA,NA,13,6.132700443,77.12914276,1.136465907,2.327361107,0.001039365,0.069777578,56.68659592,39.62384415,210.1287079,-0.132547781,8.167710304,-803.2395576,-2237.489323,WhiteTroatedCaracara,20
2628,NA,NA,NA,NA,NA,0,NA,NA,0,0,NA,0,0,NA,NA,NA,NA,NA,1,NA,NA,10,1,NA,82,15,NA,NA,NA,NA,NA,15,NA,NA,12,14,NA,11,16,NA,NA,NA,NA,NA,1,NA,NA,1,3,NA,2,2,2.927760124,NA,NA,NA,NA,NA,3,NA,NA,332,18,NA,303,333,NA,NA,NA,NA,NA,6,NA,NA,9,10,NA,12,13,6.362443924,77.28964996,2.244302034,0.905035079,0.026851946,0.150891826,55.68889999,40.23486328,182.7229919,0.302144468,6.860007763,-783.2395576,-2237.489323,WhiteTroatedCaracara,20
2629,NA,NA,NA,0,NA,0,0,0,0,0,0,0,0,NA,NA,NA,10,NA,1,47,10,10,19,5,30,14,NA,NA,NA,16,NA,15,15,17,11,13,9,19,12,NA,NA,NA,2,NA,1,2,1,3,1,1,2,1,2.730175972,NA,NA,NA,1,NA,3,322,364,332,8,335,312,326,NA,NA,NA,4,NA,6,7,8,9,10,11,12,13,6.562511444,78.41812897,3.296156168,3.140038729,0.144606948,0.454884589,53.24043655,39.16054916,157.6411743,-0.206818536,8.850100517,-763.2395576,-2237.489323,WhiteTroatedCaracara,20
2630,NA,NA,NA,NA,0,0,0,0,0,0,0,0,0,NA,NA,NA,NA,55,1,4,1,11,43,6,19,24,NA,NA,NA,NA,13,14,18,12,18,14,14,11,17,NA,NA,NA,NA,1,1,1,1,5,1,1,2,1,2.43026495,NA,NA,NA,NA,45,3,305,333,363,287,297,287,347,NA,NA,NA,NA,5,6,7,8,9,10,11,12,13,6.657217503,79.71763611,4.530246258,1.855667114,0.15832302,1.526985526,48.18650055,41.49089813,146.4057617,0.056915455,8.920642853,-743.2395576,-2237.489323,WhiteTroatedCaracara,20
2631,0,NA,NA,0,0,0,0,0,0,0,0,0,0,15,NA,NA,185,1,60,16,90,120,15,12,135,4,7,NA,NA,12,11,16,10,15,18,11,10,14,9,3,NA,NA,1,1,1,1,1,1,1,1,1,1,3.270828009,12,NA,NA,244,332,325,276,339,363,360,23,304,296,1,NA,NA,4,5,6,7,8,9,10,11,12,13,6.659384251,82.17892456,2.462658405,1.515722036,0.078443326,0.859032333,51.79340744,41.11716843,147.1212311,0.10553997,6.332366943,-723.2395576,-2237.489323,WhiteTroatedCaracara,20
2632,NA,NA,NA,NA,NA,NA,NA,NA,NA,NA,NA,NA,0,NA,NA,NA,NA,NA,NA,NA,NA,NA,NA,NA,NA,43,NA,NA,NA,NA,NA,NA,NA,NA,NA,NA,NA,NA,6,NA,NA,NA,NA,NA,NA,NA,NA,NA,NA,NA,NA,1,5.765347004,NA,NA,NA,NA,NA,NA,NA,NA,NA,NA,NA,NA,333,NA,NA,NA,NA,NA,NA,NA,NA,NA,NA,NA,NA,13,6.812952042,85.401474,1.056838274,1.609368563,0.023502886,0.133397654,54.47332382,38.28094864,110.8369522,0.204036206,9.206390381,-703.2395576,-2237.489323,WhiteTroatedCaracara,20
2633,0,NA,NA,NA,0,NA,0,NA,0,0,0,0,0,20,NA,NA,NA,8,NA,15,NA,7,102,16,7,3,13,NA,NA,NA,14,NA,12,NA,10,16,15,9,9,3,NA,NA,NA,2,NA,2,NA,1,1,1,2,2,1.723828316,323,NA,NA,NA,274,NA,309,NA,277,276,344,18,346,1,NA,NA,NA,5,NA,7,NA,9,10,11,12,13,6.811546326,81.37717438,6.374791145,2.581260681,0.784286916,0.494114786,45.68256378,39.22512817,90.00357056,0.147977129,9.03679657,-683.2395576,-2237.489323,WhiteTroatedCaracara,20
2634,NA,NA,NA,NA,NA,NA,0,NA,NA,NA,NA,NA,NA,NA,NA,NA,NA,NA,NA,48,NA,NA,NA,NA,NA,NA,NA,NA,NA,NA,NA,NA,13,NA,NA,NA,NA,NA,NA,NA,NA,NA,NA,NA,NA,9,NA,NA,NA,NA,NA,NA,2.909896851,NA,NA,NA,NA,NA,NA,22,NA,NA,NA,NA,NA,NA,NA,NA,NA,NA,NA,NA,7,NA,NA,NA,NA,NA,NA,6.884409904,80.91523743,3.64917779,1.335166693,0.405992001,0.277559727,53.64514542,40.30440903,70.65252686,0.064968579,6.031415939,-663.2395576,-2237.489323,WhiteTroatedCaracara,20
2639,NA,NA,NA,NA,NA,NA,NA,NA,NA,0,NA,NA,NA,NA,NA,NA,NA,NA,NA,NA,NA,NA,98,NA,NA,NA,NA,NA,NA,NA,NA,NA,NA,NA,NA,8,NA,NA,NA,NA,NA,NA,NA,NA,NA,NA,NA,NA,6,NA,NA,NA,139.8434906,NA,NA,NA,NA,NA,NA,NA,NA,NA,289,NA,NA,NA,NA,NA,NA,NA,NA,NA,NA,NA,NA,10,NA,NA,NA,5.577093124,757.2583008,5.90411377,1.053591967,0.345013797,9.340240479,29.75354576,15.8993206,189.3065796,0.715406716,61.48395538,-1083.239558,-2257.489323,WhiteTroatedCaracara,20
2641,NA,NA,NA,NA,NA,NA,NA,0,NA,0,NA,NA,0,NA,NA,NA,NA,NA,NA,NA,20,NA,20,NA,NA,76,NA,NA,NA,NA,NA,NA,NA,16,NA,15,NA,NA,17,NA,NA,NA,NA,NA,NA,NA,6,NA,1,NA,NA,2,92.90044403,NA,NA,NA,NA,NA,NA,NA,355,NA,13,NA,NA,337,NA,NA,NA,NA,NA,NA,NA,8,NA,10,NA,NA,13,6.197808743,648.6430054,1.218603611,1.337710977,5.591905117,12.1645174,32.75886154,8.668251038,166.1735229,-1.817503333,47.90316772,-1043.239558,-2257.489323,WhiteTroatedCaracara,20
2642,NA,NA,NA,NA,0,NA,NA,NA,NA,NA,NA,NA,NA,NA,NA,NA,NA,90,NA,NA,NA,NA,NA,NA,NA,NA,NA,NA,NA,NA,17,NA,NA,NA,NA,NA,NA,NA,NA,NA,NA,NA,NA,3,NA,NA,NA,NA,NA,NA,NA,NA,74.86154938,NA,NA,NA,NA,34,NA,NA,NA,NA,NA,NA,NA,NA,NA,NA,NA,NA,5,NA,NA,NA,NA,NA,NA,NA,NA,6.275216103,554.0673218,0.604485571,0.949486971,5.697332382,15.58430195,26.03187752,12.73842907,117.9568253,-0.454079717,38.44881821,-1023.239558,-2257.489323,WhiteTroatedCaracara,20
2644,NA,NA,NA,NA,NA,NA,NA,0,NA,0,NA,NA,NA,NA,NA,NA,NA,NA,NA,NA,60,NA,85,NA,NA,NA,NA,NA,NA,NA,NA,NA,NA,9,NA,7,NA,NA,NA,NA,NA,NA,NA,NA,NA,NA,2,NA,1,NA,NA,NA,22.53915977,NA,NA,NA,NA,NA,NA,NA,306,NA,291,NA,NA,NA,NA,NA,NA,NA,NA,NA,NA,8,NA,10,NA,NA,NA,5.046796322,251.1878662,1.784869313,1.058693767,6.957470894,21.18670273,18.20552635,10.03199863,292.622345,-0.182838991,83.48612213,-983.2395576,-2257.489323,WhiteTroatedCaracara,20
2646,NA,NA,NA,0,NA,0,0,0,NA,NA,NA,NA,0,NA,NA,NA,240,NA,20,191,10,NA,NA,NA,NA,30,NA,NA,NA,14,NA,13,15,19,NA,NA,NA,NA,16,NA,NA,NA,2,NA,3,1,4,NA,NA,NA,NA,1,16.45218849,NA,NA,NA,291,NA,291,349,263,NA,NA,NA,NA,42,NA,NA,NA,4,NA,6,7,8,NA,NA,NA,NA,13,5.572546482,190.2554321,0.855346382,0.925892889,9.596671104,18.4160099,21.19802666,6.944413662,197.7309875,1.079308033,41.20890427,-943.2395576,-2257.489323,WhiteTroatedCaracara,20
2648,NA,NA,NA,NA,NA,NA,0,NA,NA,NA,0,NA,NA,NA,NA,NA,NA,NA,NA,12,NA,NA,NA,236,NA,NA,NA,NA,NA,NA,NA,NA,7,NA,NA,NA,16,NA,NA,NA,NA,NA,NA,NA,NA,2,NA,NA,NA,2,NA,NA,17.40288353,NA,NA,NA,NA,NA,NA,337,NA,NA,NA,37,NA,NA,NA,NA,NA,NA,NA,NA,7,NA,NA,NA,11,NA,NA,3.929598093,153.0351563,1.286503911,1.406170726,16.96329117,8.005187035,34.0066185,5.341562271,523.876709,0.909914255,43.7676239,-903.2395576,-2257.489323,WhiteTroatedCaracara,20
2649,NA,NA,NA,NA,NA,NA,NA,NA,NA,NA,NA,NA,0,NA,NA,NA,NA,NA,NA,NA,NA,NA,NA,NA,NA,19,NA,NA,NA,NA,NA,NA,NA,NA,NA,NA,NA,NA,16,NA,NA,NA,NA,NA,NA,NA,NA,NA,NA,NA,NA,2,15.99583054,NA,NA,NA,NA,NA,NA,NA,NA,NA,NA,NA,NA,33,NA,NA,NA,NA,NA,NA,NA,NA,NA,NA,NA,NA,13,4.401647568,118.8880615,0.971167922,2.408318758,24.01083755,6.202429771,27.08742714,5.887988091,441.5513611,0.331387222,29.96489334,-883.2395576,-2257.489323,WhiteTroatedCaracara,20
2650,NA,NA,NA,NA,0,NA,0,0,0,0,NA,0,0,NA,NA,NA,NA,22,NA,25,1,10,60,NA,10,20,NA,NA,NA,NA,11,NA,11,9,12,15,NA,13,10,NA,NA,NA,NA,1,NA,1,1,2,2,NA,1,1,5.16566515,NA,NA,NA,NA,38,NA,263,337,289,21,NA,262,1,NA,NA,NA,NA,5,NA,7,8,9,10,NA,12,13,5.182555199,100.3933029,1.203978181,7.034091473,2.886919737,0.601444542,52.29013824,27.98611069,311.6297302,0.46920836,18.97416306,-863.2395576,-2257.489323,WhiteTroatedCaracara,20
2651,NA,NA,NA,NA,NA,NA,NA,NA,NA,NA,0,NA,NA,NA,NA,NA,NA,NA,NA,NA,NA,NA,NA,2,NA,NA,NA,NA,NA,NA,NA,NA,NA,NA,NA,NA,19,NA,NA,NA,NA,NA,NA,NA,NA,NA,NA,NA,NA,1,NA,NA,3.693375349,NA,NA,NA,NA,NA,NA,NA,NA,NA,NA,34,NA,NA,NA,NA,NA,NA,NA,NA,NA,NA,NA,NA,11,NA,NA,5.831953526,96.72387695,2.413244486,11.70012093,0.247147843,0.650063038,54.25120926,30.08211327,201.9092255,-0.132046238,7.49715662,-843.2395576,-2257.489323,WhiteTroatedCaracara,20
2652,NA,NA,NA,NA,NA,NA,NA,NA,NA,NA,0,NA,0,NA,NA,NA,NA,NA,NA,NA,NA,NA,NA,24,NA,72,NA,NA,NA,NA,NA,NA,NA,NA,NA,NA,14,NA,18,NA,NA,NA,NA,NA,NA,NA,NA,NA,NA,2,NA,1,3.205800772,NA,NA,NA,NA,NA,NA,NA,NA,NA,NA,324,NA,312,NA,NA,NA,NA,NA,NA,NA,NA,NA,NA,11,NA,13,5.637827396,90.84350586,0.487705827,6.490459919,0.004167487,0.032615669,56.07723999,36.78128052,250.232254,-0.030686935,4.79664135,-823.2395576,-2257.489323,WhiteTroatedCaracara,20
2653,NA,NA,NA,NA,NA,NA,0,0,0,0,NA,NA,0,NA,NA,NA,NA,NA,NA,15,1,2,15,NA,NA,10,NA,NA,NA,NA,NA,NA,13,11,15,14,NA,NA,15,NA,NA,NA,NA,NA,NA,1,1,1,2,NA,NA,1,3.176958799,NA,NA,NA,NA,NA,NA,283,12,29,310,NA,NA,339,NA,NA,NA,NA,NA,NA,7,8,9,10,NA,NA,13,5.793418884,85.64624023,0.843356073,4.552963734,0.014584304,0.074752823,55.87428284,38.04770279,239.221817,0.074820749,5.472212791,-803.2395576,-2257.489323,WhiteTroatedCaracara,20
2654,NA,NA,NA,NA,NA,0,NA,0,0,NA,0,0,0,NA,NA,NA,NA,NA,1,NA,3,1,NA,21,15,5,NA,NA,NA,NA,NA,15,NA,11,11,NA,7,13,14,NA,NA,NA,NA,NA,1,NA,1,1,NA,2,3,1,1.907763243,NA,NA,NA,NA,NA,365,NA,356,346,NA,315,328,326,NA,NA,NA,NA,NA,6,NA,8,9,NA,11,12,13,6.145372868,87.81160736,1.054595947,14.61025715,0.006215341,0.10918922,52.87157059,30.8918705,192.2649231,-0.023383478,8.931645393,-783.2395576,-2257.489323,WhiteTroatedCaracara,20
2655,NA,NA,NA,NA,NA,0,NA,0,NA,NA,0,0,0,NA,NA,NA,NA,NA,1,NA,7,NA,NA,5,50,6,NA,NA,NA,NA,NA,15,NA,12,NA,NA,15,10,13,NA,NA,NA,NA,NA,1,NA,1,NA,NA,1,1,1,3.712553263,NA,NA,NA,NA,NA,365,NA,347,NA,NA,15,347,326,NA,NA,NA,NA,NA,6,NA,8,NA,NA,11,12,13,6.063752174,86.64738464,0.406651199,1.388872147,0.759352744,0.098066948,56.53049088,40.13359451,214.5866394,0.071411826,5.115002632,-763.2395576,-2257.489323,WhiteTroatedCaracara,20
2656,NA,0,0,NA,NA,0,0,0,0,0,0,0,0,NA,5,60,NA,NA,30,44,10,10,10,60,27,28,NA,17,11,NA,NA,12,11,13,10,16,17,10,17,NA,1,1,NA,NA,1,1,1,1,1,1,1,1,3.287508726,NA,318,251,NA,NA,323,322,320,46,12,322,347,335,NA,2,3,NA,NA,6,7,8,9,10,11,12,13,6.309841156,83.60394287,1.15618813,3.706558466,2.865893841,1.639511347,52.2840271,36.48051071,185.8984985,0.16328612,11.3526535,-743.2395576,-2257.489323,WhiteTroatedCaracara,20
2657,0,0,0,0,0,0,0,0,0,0,0,0,0,20,255,40,60,45,9,10,23,4,10,12,44,17,11,8,14,10,18,10,12,10,9,11,14,5,7,5,1,5,1,4,1,2,1,3,3,1,1,1,2.105746746,20,365,316,309,336,323,264,333,332,293,345,283,326,1,2,3,4,5,6,7,8,9,10,11,12,13,6.983510017,86.85131073,2.506788492,3.828137636,0.095458992,0.887886107,51.6644516,36.51565933,68.84092712,-0.065566421,8.009497643,-723.2395576,-2257.489323,WhiteTroatedCaracara,20
2658,NA,NA,NA,NA,NA,NA,NA,0,0,0,NA,NA,NA,NA,NA,NA,NA,NA,NA,NA,3,91,60,NA,NA,NA,NA,NA,NA,NA,NA,NA,NA,13,8,15,NA,NA,NA,NA,NA,NA,NA,NA,NA,NA,1,1,1,NA,NA,NA,5.765347004,NA,NA,NA,NA,NA,NA,NA,32,277,359,NA,NA,NA,NA,NA,NA,NA,NA,NA,NA,8,9,10,NA,NA,NA,6.812952042,85.401474,1.056838274,1.609368563,0.023502886,0.133397654,54.47332382,38.28094864,110.8369522,0.204036206,9.206390381,-703.2395576,-2257.489323,WhiteTroatedCaracara,20
2659,0,NA,NA,NA,0,NA,NA,0,0,0,0,0,0,20,NA,NA,NA,60,NA,NA,60,30,6,60,120,10,11,NA,NA,NA,12,NA,NA,18,8,10,18,19,11,1,NA,NA,NA,4,NA,NA,1,1,2,1,1,1,1.723828316,6,NA,NA,NA,363,NA,NA,333,279,355,247,283,28,1,NA,NA,NA,5,NA,NA,8,9,10,11,12,13,6.811546326,81.37717438,6.374791145,2.581260681,0.784286916,0.494114786,45.68256378,39.22512817,90.00357056,0.147977129,9.03679657,-683.2395576,-2257.489323,WhiteTroatedCaracara,20
2660,NA,NA,NA,NA,NA,NA,NA,NA,0,NA,NA,NA,NA,NA,NA,NA,NA,NA,NA,NA,NA,120,NA,NA,NA,NA,NA,NA,NA,NA,NA,NA,NA,NA,18,NA,NA,NA,NA,NA,NA,NA,NA,NA,NA,NA,NA,1,NA,NA,NA,NA,2.909896851,NA,NA,NA,NA,NA,NA,NA,NA,295,NA,NA,NA,NA,NA,NA,NA,NA,NA,NA,NA,NA,9,NA,NA,NA,NA,6.884409904,80.91523743,3.64917779,1.335166693,0.405992001,0.277559727,53.64514542,40.30440903,70.65252686,0.064968579,6.031415939,-663.2395576,-2257.489323,WhiteTroatedCaracara,20
2661,NA,NA,NA,NA,0,0,0,NA,0,0,0,NA,0,NA,NA,NA,NA,20,20,50,NA,33,90,28,NA,36,NA,NA,NA,NA,13,13,12,NA,16,13,5,NA,18,NA,NA,NA,NA,1,1,5,NA,1,1,1,NA,1,2.909896851,NA,NA,NA,NA,335,294,322,NA,277,359,345,NA,1,NA,NA,NA,NA,5,6,7,NA,9,10,11,NA,13,6.884409904,80.91523743,3.64917779,1.335166693,0.405992001,0.277559727,53.64514542,40.30440903,70.65252686,0.064968579,6.031415939,-643.2395576,-2257.489323,WhiteTroatedCaracara,20
2675,NA,NA,NA,NA,NA,NA,NA,NA,NA,NA,NA,NA,0,NA,NA,NA,NA,NA,NA,NA,NA,NA,NA,NA,NA,5,NA,NA,NA,NA,NA,NA,NA,NA,NA,NA,NA,NA,15,NA,NA,NA,NA,NA,NA,NA,NA,NA,NA,NA,NA,1,15.9021349,NA,NA,NA,NA,NA,NA,NA,NA,NA,NA,NA,NA,33,NA,NA,NA,NA,NA,NA,NA,NA,NA,NA,NA,NA,13,4.106974125,173.4049072,1.409822464,1.219800234,15.93947124,16.55272675,26.48024368,5.812576294,477.9118958,0.041342959,43.72872925,-903.2395576,-2277.489323,WhiteTroatedCaracara,20
2676,NA,NA,NA,NA,NA,NA,NA,NA,NA,NA,NA,NA,0,NA,NA,NA,NA,NA,NA,NA,NA,NA,NA,NA,NA,4,NA,NA,NA,NA,NA,NA,NA,NA,NA,NA,NA,NA,17,NA,NA,NA,NA,NA,NA,NA,NA,NA,NA,NA,NA,1,13.65109444,NA,NA,NA,NA,NA,NA,NA,NA,NA,NA,NA,NA,33,NA,NA,NA,NA,NA,NA,NA,NA,NA,NA,NA,NA,13,3.91289115,139.7440643,0.260062158,4.451938629,24.60519028,6.292941093,26.40303421,3.558159113,523.9151611,1.593420148,31.1932106,-883.2395576,-2277.489323,WhiteTroatedCaracara,20
2677,0,NA,0,0,NA,NA,0,0,0,0,0,0,0,5,NA,60,10,NA,NA,20,15,15,60,6,45,5,15,NA,14,12,NA,NA,12,14,16,16,10,18,14,2,NA,2,1,NA,NA,1,1,5,1,1,4,1,3.695812702,319,NA,280,346,NA,NA,263,244,317,362,333,313,318,1,NA,3,4,NA,NA,7,8,9,10,11,12,13,5.327773094,114.9378433,0.987366259,25.58573151,1.962826967,0.669876337,47.25193787,14.94641495,261.404541,0.024264241,14.96789265,-863.2395576,-2277.489323,WhiteTroatedCaracara,20
2678,NA,NA,0,NA,NA,0,0,0,0,0,0,0,0,NA,NA,5,NA,NA,20,15,5,7,100,25,36,15,NA,NA,11,NA,NA,10,20,10,11,14,18,10,12,NA,NA,2,NA,NA,1,9,4,1,1,2,1,1,3.888715982,NA,NA,39,NA,NA,347,17,259,300,260,348,282,294,NA,NA,3,NA,NA,6,7,8,9,10,11,12,13,5.869381905,126.8977051,6.539227486,15.60383987,0.608059764,0.497782052,48.29143524,12.54176331,147.851532,-0.353978187,6.61171484,-843.2395576,-2277.489323,WhiteTroatedCaracara,20
2679,NA,NA,NA,NA,NA,NA,NA,NA,NA,NA,0,0,0,NA,NA,NA,NA,NA,NA,NA,NA,NA,NA,29,55,36,NA,NA,NA,NA,NA,NA,NA,NA,NA,NA,13,12,16,NA,NA,NA,NA,NA,NA,NA,NA,NA,NA,1,2,1,2.811970234,NA,NA,NA,NA,NA,NA,NA,NA,NA,NA,323,251,40,NA,NA,NA,NA,NA,NA,NA,NA,NA,NA,11,12,13,5.280389786,97.88502502,0.91879797,4.603867054,5.46450758,0,54.9189415,28.64958572,292.7206421,0.573185682,10.34985828,-823.2395576,-2277.489323,WhiteTroatedCaracara,20
2680,NA,NA,NA,NA,NA,0,0,0,0,0,0,0,0,NA,NA,NA,NA,NA,3,2,2,2,121,150,10,180,NA,NA,NA,NA,NA,13,15,9,10,13,9,11,6,NA,NA,NA,NA,NA,1,1,1,1,1,1,2,1,2.282372952,NA,NA,NA,NA,NA,365,283,356,346,349,330,342,323,NA,NA,NA,NA,NA,6,7,8,9,10,11,12,13,6.151565075,92.66884613,1.026498675,12.85374069,0.289825737,0.281659245,53.34627151,31.542593,156.4179382,-0.005252634,9.213235855,-803.2395576,-2277.489323,WhiteTroatedCaracara,20
2681,NA,NA,NA,NA,NA,NA,NA,NA,NA,NA,0,0,0,NA,NA,NA,NA,NA,NA,NA,NA,NA,NA,5,10,3,NA,NA,NA,NA,NA,NA,NA,NA,NA,NA,11,17,19,NA,NA,NA,NA,NA,NA,NA,NA,NA,NA,2,2,1,3.313617229,NA,NA,NA,NA,NA,NA,NA,NA,NA,NA,36,331,312,NA,NA,NA,NA,NA,NA,NA,NA,NA,NA,11,12,13,6.210570335,98.78746796,1.075094342,14.68523598,1.283501983,1.373693585,52.95965195,28.01763725,160.1279755,0.566915751,10.73851681,-783.2395576,-2277.489323,WhiteTroatedCaracara,20
2682,NA,0,0,0,0,0,0,0,0,0,0,0,0,NA,215,10,22,38,5,36,88,210,90,13,15,19,NA,14,13,18,15,19,14,14,10,16,11,11,16,NA,2,1,1,1,1,1,1,3,4,1,1,1,3.652222157,NA,42,319,260,45,349,255,257,322,334,268,290,299,NA,2,3,4,5,6,7,8,9,10,11,12,13,6.157492161,90.24167633,3.910996914,11.39515209,6.033951283,3.202405691,46.01609802,28.2323761,181.6247253,-0.000620912,13.60912609,-763.2395576,-2277.489323,WhiteTroatedCaracara,20
2683,NA,0,0,NA,0,0,0,0,0,0,0,0,NA,NA,20,5,NA,20,50,100,90,20,11,39,25,NA,NA,20,15,NA,16,10,14,10,10,16,12,15,NA,NA,3,2,NA,6,4,1,3,1,1,1,1,NA,3.287508726,NA,293,39,NA,354,285,290,324,330,256,344,282,NA,NA,2,3,NA,5,6,7,8,9,10,11,12,NA,6.309841156,83.60394287,1.15618813,3.706558466,2.865893841,1.639511347,52.2840271,36.48051071,185.8984985,0.16328612,11.3526535,-743.2395576,-2277.489323,WhiteTroatedCaracara,20
2684,0,0,0,0,0,0,0,0,0,0,0,0,0,30,70,20,30,70,25,90,100,15,60,25,44,7,11,10,11,18,14,17,10,17,15,13,11,13,14,3,2,1,2,6,1,4,1,2,2,1,1,9,2.105746746,12,299,311,360,354,286,351,360,292,315,46,277,301,1,2,3,4,5,6,7,8,9,10,11,12,13,6.983510017,86.85131073,2.506788492,3.828137636,0.095458992,0.887886107,51.6644516,36.51565933,68.84092712,-0.065566421,8.009497643,-723.2395576,-2277.489323,WhiteTroatedCaracara,20
2685,NA,0,NA,NA,0,0,0,0,0,0,0,0,0,NA,20,NA,NA,120,1,15,11,30,12,11,20,3,NA,11,NA,NA,15,8,17,8,8,15,18,17,6,NA,1,NA,NA,5,1,4,1,6,1,2,1,1,2.65731144,NA,269,NA,NA,342,323,5,320,318,36,353,293,355,NA,2,NA,NA,5,6,7,8,9,10,11,12,13,6.852228165,87.36722565,0.790696919,14.92801285,0.253458083,0.083706789,52.93979263,28.69244194,36.40119171,-0.310637951,5.417807102,-703.2395576,-2277.489323,WhiteTroatedCaracara,20
2686,0,NA,NA,0,NA,NA,NA,0,NA,0,NA,0,NA,20,NA,NA,140,NA,NA,NA,45,NA,108,NA,5,NA,9,NA,NA,8,NA,NA,NA,20,NA,10,NA,10,NA,1,NA,NA,2,NA,NA,NA,1,NA,1,NA,1,NA,3.021385431,22,NA,NA,1,NA,NA,NA,17,NA,39,NA,295,NA,1,NA,NA,4,NA,NA,NA,8,NA,10,NA,12,NA,6.355895519,90.5616684,0.110950768,2.798882961,3.416615248,0.014594956,56.98423004,35.91736221,109.3372192,0.167238623,10.02129269,-663.2395576,-2277.489323,WhiteTroatedCaracara,20
2687,NA,NA,NA,NA,NA,NA,NA,NA,0,NA,NA,NA,NA,NA,NA,NA,NA,NA,NA,NA,NA,7,NA,NA,NA,NA,NA,NA,NA,NA,NA,NA,NA,NA,18,NA,NA,NA,NA,NA,NA,NA,NA,NA,NA,NA,NA,2,NA,NA,NA,NA,2.69496727,NA,NA,NA,NA,NA,NA,NA,NA,40,NA,NA,NA,NA,NA,NA,NA,NA,NA,NA,NA,NA,9,NA,NA,NA,NA,6.506278038,90.24242401,2.467010736,2.665922165,2.520754099,0.824835658,45.60702133,30.09355164,67.59459686,0.03835563,6.263839245,-643.2395576,-2277.489323,WhiteTroatedCaracara,20
2699,NA,NA,NA,NA,NA,NA,NA,NA,0,NA,0,0,0,NA,NA,NA,NA,NA,NA,NA,NA,8,NA,95,12,104,NA,NA,NA,NA,NA,NA,NA,NA,9,NA,9,16,9,NA,NA,NA,NA,NA,NA,NA,NA,1,NA,1,1,1,12.29144287,NA,NA,NA,NA,NA,NA,NA,NA,255,NA,30,15,22,NA,NA,NA,NA,NA,NA,NA,NA,9,NA,11,12,13,5.001099586,209.0294189,1.317877769,0.991381407,15.33534908,15.58023453,25.57316017,5.897023201,272.1933899,-0.639355063,38.70809555,-903.2395576,-2297.489323,WhiteTroatedCaracara,20
2700,NA,NA,NA,NA,NA,NA,NA,NA,NA,NA,NA,0,0,NA,NA,NA,NA,NA,NA,NA,NA,NA,NA,NA,2,30,NA,NA,NA,NA,NA,NA,NA,NA,NA,NA,NA,13,14,NA,NA,NA,NA,NA,NA,NA,NA,NA,NA,NA,1,1,2.690243721,NA,NA,NA,NA,NA,NA,NA,NA,NA,NA,NA,46,301,NA,NA,NA,NA,NA,NA,NA,NA,NA,NA,NA,12,13,6.023108482,126.6985931,1.121379018,21.98938751,2.185972452,1.023424149,44.71178818,3.9374156,100.4141235,-0.039366078,15.27153492,-883.2395576,-2297.489323,WhiteTroatedCaracara,20
2701,NA,NA,NA,NA,NA,0,0,0,0,0,0,0,0,NA,NA,NA,NA,NA,225,15,180,80,145,14,7,17,NA,NA,NA,NA,NA,16,10,16,16,14,7,16,14,NA,NA,NA,NA,NA,4,2,3,1,4,2,5,1,2.690243721,NA,NA,NA,NA,NA,330,339,308,361,292,323,337,316,NA,NA,NA,NA,NA,6,7,8,9,10,11,12,13,6.023108482,126.6985931,1.121379018,21.98938751,2.185972452,1.023424149,44.71178818,3.9374156,100.4141235,-0.039366078,15.27153492,-863.2395576,-2297.489323,WhiteTroatedCaracara,20
2702,0,NA,0,NA,0,0,0,0,0,0,0,0,0,5,NA,5,NA,5,1,45,9,230,25,5,60,43,15,NA,11,NA,8,17,19,10,11,16,17,14,10,2,NA,2,NA,3,1,2,4,3,6,1,3,1,2.300741911,319,NA,39,NA,12,326,334,259,9,324,333,58,314,1,NA,3,NA,5,6,7,8,9,10,11,12,13,5.770719528,113.4730072,0.713534892,14.25242519,4.429830551,0.241570696,51.11432266,13.65460396,155.9170532,0.332432628,13.79111099,-843.2395576,-2297.489323,WhiteTroatedCaracara,20
2703,NA,0,0,0,0,0,0,0,0,0,0,0,0,NA,132,160,155,30,4,90,67,143,55,6,60,20,NA,8,16,7,9,8,12,7,12,8,13,10,10,NA,3,1,6,5,1,1,1,4,3,1,2,2,3.782815933,NA,333,274,285,253,260,255,356,260,272,300,246,364,NA,2,3,4,5,6,7,8,9,10,11,12,13,6.229498863,104.7275162,0.391611069,18.40338135,0.908320427,0.176024437,50.61917877,24.21437263,88.27944183,-0.227696419,10.82623959,-823.2395576,-2297.489323,WhiteTroatedCaracara,20
2704,NA,0,0,0,0,0,0,0,0,0,0,0,0,NA,155,120,75,75,65,10,20,1,1,15,13,22,NA,11,13,20,16,8,10,14,16,11,12,9,11,NA,2,1,4,3,4,1,2,2,1,1,2,1,1.745521545,NA,42,274,354,352,285,362,46,35,51,330,345,21,NA,2,3,4,5,6,7,8,9,10,11,12,13,6.639112949,100.3067017,3.219247103,15.27261925,0.923848927,0.912702799,45.96832275,22.48514938,32.53889465,-0.10810595,4.350473881,-803.2395576,-2297.489323,WhiteTroatedCaracara,20
2705,0,NA,NA,NA,NA,0,0,0,0,0,0,0,0,15,NA,NA,NA,NA,60,11,12,3,20,1,5,4,11,NA,NA,NA,NA,11,15,15,10,15,13,8,10,5,NA,NA,NA,NA,1,1,1,2,2,1,1,1,6.178055286,20,NA,NA,NA,NA,354,283,356,311,362,335,283,312,1,NA,NA,NA,NA,6,7,8,9,10,11,12,13,6.832094669,98.66447449,3.411357403,13.20039177,1.130208611,2.210302353,40.51181793,21.72777748,20.68082428,-0.692322075,5.100083351,-783.2395576,-2297.489323,WhiteTroatedCaracara,20
2706,NA,NA,NA,NA,NA,NA,NA,0,0,NA,0,NA,0,NA,NA,NA,NA,NA,NA,NA,55,28,NA,7,NA,54,NA,NA,NA,NA,NA,NA,NA,16,10,NA,11,NA,10,NA,NA,NA,NA,NA,NA,NA,2,3,NA,1,NA,1,3.652222157,NA,NA,NA,NA,NA,NA,NA,329,330,NA,268,NA,22,NA,NA,NA,NA,NA,NA,NA,8,9,NA,11,NA,13,6.157492161,90.24167633,3.910996914,11.39515209,6.033951283,3.202405691,46.01609802,28.2323761,181.6247253,-0.000620912,13.60912609,-763.2395576,-2297.489323,WhiteTroatedCaracara,20
2708,NA,NA,NA,NA,NA,NA,0,0,0,NA,0,NA,0,NA,NA,NA,NA,NA,NA,20,24,1,NA,1,NA,7,NA,NA,NA,NA,NA,NA,16,12,11,NA,19,NA,10,NA,NA,NA,NA,NA,NA,1,1,2,NA,2,NA,7,3.843330145,NA,NA,NA,NA,NA,NA,320,362,341,NA,352,NA,303,NA,NA,NA,NA,NA,NA,7,8,9,NA,11,NA,13,6.946456432,85.14538574,0.930122614,10.40203762,0.14085339,0.184419587,45.1124115,27.38014221,25.34988594,-0.075629503,2.707313061,-723.2395576,-2297.489323,WhiteTroatedCaracara,20
2709,NA,NA,NA,0,NA,0,0,0,0,0,0,0,0,NA,NA,NA,10,NA,82,14,76,45,110,40,29,20,NA,NA,NA,15,NA,16,18,17,18,9,16,18,8,NA,NA,NA,1,NA,1,1,2,1,1,2,1,1,2.65731144,NA,NA,NA,30,NA,322,321,319,304,245,353,293,315,NA,NA,NA,4,NA,6,7,8,9,10,11,12,13,6.852228165,87.36722565,0.790696919,14.92801285,0.253458083,0.083706789,52.93979263,28.69244194,36.40119171,-0.310637951,5.417807102,-703.2395576,-2297.489323,WhiteTroatedCaracara,20
2710,0,NA,NA,0,0,NA,NA,0,0,0,0,0,0,30,NA,NA,10,6,NA,NA,240,8,69,5,13,21,13,NA,NA,16,14,NA,NA,11,14,15,9,17,18,3,NA,NA,1,2,NA,NA,2,1,1,1,1,1,2.846981525,12,NA,NA,30,332,NA,NA,6,320,38,353,292,28,1,NA,NA,4,5,NA,NA,8,9,10,11,12,13,6.536398888,90.9315567,2.696927786,5.957309723,3.228152514,0.25921309,48.45627213,31.76506996,76.7063446,-0.087557688,13.14231873,-683.2395576,-2297.489323,WhiteTroatedCaracara,20
2711,NA,NA,NA,NA,NA,NA,NA,0,0,0,0,0,0,NA,NA,NA,NA,NA,NA,NA,8,1,12,14,6,6,NA,NA,NA,NA,NA,NA,NA,12,14,11,9,14,12,NA,NA,NA,NA,NA,NA,NA,1,1,2,2,4,1,3.021385431,NA,NA,NA,NA,NA,NA,NA,361,320,352,353,295,347,NA,NA,NA,NA,NA,NA,NA,8,9,10,11,12,13,6.355895519,90.5616684,0.110950768,2.798882961,3.416615248,0.014594956,56.98423004,35.91736221,109.3372192,0.167238623,10.02129269,-663.2395576,-2297.489323,WhiteTroatedCaracara,20
2712,NA,NA,NA,NA,NA,0,NA,NA,0,0,0,NA,0,NA,NA,NA,NA,NA,120,NA,NA,5,120,13,NA,5,NA,NA,NA,NA,NA,17,NA,NA,19,10,12,NA,10,NA,NA,NA,NA,NA,2,NA,NA,2,1,2,NA,1,2.69496727,NA,NA,NA,NA,NA,48,NA,NA,40,357,353,NA,347,NA,NA,NA,NA,NA,6,NA,NA,9,10,11,NA,13,6.506278038,90.24242401,2.467010736,2.665922165,2.520754099,0.824835658,45.60702133,30.09355164,67.59459686,0.03835563,6.263839245,-643.2395576,-2297.489323,WhiteTroatedCaracara,20
2718,NA,NA,NA,NA,NA,NA,NA,NA,NA,0,NA,NA,NA,NA,NA,NA,NA,NA,NA,NA,NA,NA,25,NA,NA,NA,NA,NA,NA,NA,NA,NA,NA,NA,NA,21,NA,NA,NA,NA,NA,NA,NA,NA,NA,NA,NA,NA,1,NA,NA,NA,100.9547043,NA,NA,NA,NA,NA,NA,NA,NA,NA,13,NA,NA,NA,NA,NA,NA,NA,NA,NA,NA,NA,NA,10,NA,NA,NA,6.351010799,689.5150757,0.757110059,0.325580388,3.163882971,25.80300331,20.24492645,19.02249146,110.4319611,-0.170937374,36.96556473,-1023.239558,-2317.489323,WhiteTroatedCaracara,20
2722,NA,NA,NA,NA,NA,NA,NA,NA,NA,NA,NA,0,NA,NA,NA,NA,NA,NA,NA,NA,NA,NA,NA,NA,8,NA,NA,NA,NA,NA,NA,NA,NA,NA,NA,NA,NA,20,NA,NA,NA,NA,NA,NA,NA,NA,NA,NA,NA,NA,1,NA,23.42086983,NA,NA,NA,NA,NA,NA,NA,NA,NA,NA,NA,12,NA,NA,NA,NA,NA,NA,NA,NA,NA,NA,NA,NA,12,NA,4.505502701,277.6434937,1.370078325,0.366398424,11.70286751,19.82732201,28.47104836,5.977453709,341.628479,0.809983552,68.95900726,-943.2395576,-2317.489323,WhiteTroatedCaracara,20
2724,NA,NA,NA,NA,NA,NA,NA,NA,0,NA,NA,NA,NA,NA,NA,NA,NA,NA,NA,NA,NA,10,NA,NA,NA,NA,NA,NA,NA,NA,NA,NA,NA,NA,15,NA,NA,NA,NA,NA,NA,NA,NA,NA,NA,NA,NA,1,NA,NA,NA,NA,12.29144287,NA,NA,NA,NA,NA,NA,NA,NA,350,NA,NA,NA,NA,NA,NA,NA,NA,NA,NA,NA,NA,9,NA,NA,NA,NA,5.001099586,209.0294189,1.317877769,0.991381407,15.33534908,15.58023453,25.57316017,5.897023201,272.1933899,-0.639355063,38.70809555,-903.2395576,-2317.489323,WhiteTroatedCaracara,20
2726,NA,NA,NA,NA,NA,NA,NA,0,NA,0,NA,0,0,NA,NA,NA,NA,NA,NA,NA,109,NA,20,NA,15,198,NA,NA,NA,NA,NA,NA,NA,14,NA,14,NA,15,10,NA,NA,NA,NA,NA,NA,NA,1,NA,3,NA,3,1,2.153785944,NA,NA,NA,NA,NA,NA,NA,337,NA,292,NA,35,319,NA,NA,NA,NA,NA,NA,NA,8,NA,10,NA,12,13,6.142344475,147.2461548,1.070059776,15.27424908,3.550590515,2.307531834,42.0970459,2.077372789,64.82269287,-0.112221934,8.305984497,-863.2395576,-2317.489323,WhiteTroatedCaracara,20
2727,NA,NA,NA,NA,NA,0,NA,0,NA,0,NA,0,0,NA,NA,NA,NA,NA,25,NA,180,NA,120,NA,15,101,NA,NA,NA,NA,NA,14,NA,7,NA,11,NA,15,11,NA,NA,NA,NA,NA,3,NA,2,NA,1,NA,3,1,1.71991086,NA,NA,NA,NA,NA,53,NA,20,NA,350,NA,35,19,NA,NA,NA,NA,NA,6,NA,8,NA,10,NA,12,13,6.354673386,115.2127533,1.885643721,22.38579369,0.94887203,0.569822729,43.87860489,12.11042213,26.79323578,-0.020498076,4.832369328,-843.2395576,-2317.489323,WhiteTroatedCaracara,20
2728,0,0,0,0,0,0,0,0,0,0,0,0,0,5,155,200,120,20,45,60,10,43,11,26,112,89,13,11,9,15,13,18,16,12,10,10,12,9,6,2,1,1,2,5,1,2,1,3,1,1,1,1,1.71991086,319,312,306,308,312,327,310,323,329,333,333,287,335,1,2,3,4,5,6,7,8,9,10,11,12,13,6.354673386,115.2127533,1.885643721,22.38579369,0.94887203,0.569822729,43.87860489,12.11042213,26.79323578,-0.020498076,4.832369328,-823.2395576,-2317.489323,WhiteTroatedCaracara,20
2731,NA,NA,NA,NA,NA,NA,NA,NA,0,0,NA,0,0,NA,NA,NA,NA,NA,NA,NA,NA,2,5,NA,5,30,NA,NA,NA,NA,NA,NA,NA,NA,14,19,NA,15,10,NA,NA,NA,NA,NA,NA,NA,NA,2,1,NA,2,1,3.031017542,NA,NA,NA,NA,NA,NA,NA,NA,343,361,NA,287,301,NA,NA,NA,NA,NA,NA,NA,NA,9,10,NA,12,13,6.919936657,96.99900818,1.142190456,5.914447784,2.664316416,0.677459955,50.27563477,30.05573273,20.94758606,0.045503099,3.558452845,-763.2395576,-2317.489323,WhiteTroatedCaracara,20
2732,NA,NA,NA,NA,NA,NA,0,NA,NA,0,0,NA,0,NA,NA,NA,NA,NA,NA,60,NA,NA,45,5,NA,1,NA,NA,NA,NA,NA,NA,11,NA,NA,18,19,NA,11,NA,NA,NA,NA,NA,NA,1,NA,NA,1,1,NA,7,4.690580845,NA,NA,NA,NA,NA,NA,14,NA,NA,361,365,NA,303,NA,NA,NA,NA,NA,NA,7,NA,NA,10,11,NA,13,6.794433117,99.47364044,0.69059813,14.86615181,0.832700968,0.392565876,47.14910126,24.84757233,44.11083984,-0.185862243,4.881509781,-743.2395576,-2317.489323,WhiteTroatedCaracara,20
2733,NA,NA,NA,NA,NA,NA,NA,NA,0,0,0,0,0,NA,NA,NA,NA,NA,NA,NA,NA,16,1,3,2,3,NA,NA,NA,NA,NA,NA,NA,NA,19,11,17,17,18,NA,NA,NA,NA,NA,NA,NA,NA,2,2,1,1,2,6.650364876,NA,NA,NA,NA,NA,NA,NA,NA,341,353,352,46,331,NA,NA,NA,NA,NA,NA,NA,NA,9,10,11,12,13,6.25026083,102.3097534,0.045703568,6.185661316,6.080125809,0.015176693,56.48520279,31.04707527,139.7566376,-0.149648234,15.70666218,-723.2395576,-2317.489323,WhiteTroatedCaracara,20
2734,NA,0,NA,0,NA,0,NA,0,0,0,0,0,0,NA,60,NA,60,NA,40,NA,32,1,51,1,7,20,NA,9,NA,18,NA,16,NA,16,20,9,17,9,12,NA,2,NA,6,NA,1,NA,1,9,2,1,1,1,2.056226254,NA,331,NA,343,NA,10,NA,361,11,353,352,297,303,NA,2,NA,4,NA,6,NA,8,9,10,11,12,13,5.965783119,100.9828568,0.019838622,7.125499725,5.872310162,0.04339328,56.16493988,30.39184952,189.1049805,0.451953888,24.49146652,-703.2395576,-2317.489323,WhiteTroatedCaracara,20
2735,NA,NA,NA,NA,NA,0,NA,NA,NA,NA,NA,NA,0,NA,NA,NA,NA,NA,1,NA,NA,NA,NA,NA,NA,29,NA,NA,NA,NA,NA,10,NA,NA,NA,NA,NA,NA,15,NA,NA,NA,NA,NA,1,NA,NA,NA,NA,NA,NA,1,5.599268913,NA,NA,NA,NA,NA,12,NA,NA,NA,NA,NA,NA,303,NA,NA,NA,NA,NA,6,NA,NA,NA,NA,NA,NA,13,5.834244728,97.91644287,0.095814191,7.363631248,4.318312168,0.023772513,56.11388016,31.99992943,206.1659393,0.30148679,11.41611099,-683.2395576,-2317.489323,WhiteTroatedCaracara,20
2736,NA,NA,NA,NA,NA,NA,0,0,0,NA,NA,NA,NA,NA,NA,NA,NA,NA,NA,5,2,86,NA,NA,NA,NA,NA,NA,NA,NA,NA,NA,18,14,11,NA,NA,NA,NA,NA,NA,NA,NA,NA,NA,2,1,1,NA,NA,NA,NA,8.140354156,NA,NA,NA,NA,NA,NA,333,361,320,NA,NA,NA,NA,NA,NA,NA,NA,NA,NA,7,8,9,NA,NA,NA,NA,6.104925156,93.44597626,0.642859578,13.60523701,0.814076364,0.189130157,53.98414993,30.5681591,146.282135,0.091190338,9.545271873,-663.2395576,-2317.489323,WhiteTroatedCaracara,20
2737,NA,NA,NA,NA,NA,NA,NA,NA,NA,0,0,NA,0,NA,NA,NA,NA,NA,NA,NA,NA,NA,10,10,NA,191,NA,NA,NA,NA,NA,NA,NA,NA,NA,12,21,NA,9,NA,NA,NA,NA,NA,NA,NA,NA,NA,4,1,NA,6,3.106323957,NA,NA,NA,NA,NA,NA,NA,NA,NA,35,3,NA,343,NA,NA,NA,NA,NA,NA,NA,NA,NA,10,11,NA,13,6.383664608,90.39541626,1.753183842,9.799356461,0.734695792,0.628921449,54.35884857,32.54825211,86.8401947,0.255204499,11.6622076,-643.2395576,-2317.489323,WhiteTroatedCaracara,20
2738,NA,NA,NA,NA,NA,0,NA,NA,NA,NA,0,0,0,NA,NA,NA,NA,NA,41,NA,NA,NA,NA,29,30,5,NA,NA,NA,NA,NA,16,NA,NA,NA,NA,21,14,9,NA,NA,NA,NA,NA,4,NA,NA,NA,NA,1,2,3,3.167883158,NA,NA,NA,NA,NA,57,NA,NA,NA,NA,3,346,281,NA,NA,NA,NA,NA,6,NA,NA,NA,NA,11,12,13,6.670764923,90.11445618,3.920931816,7.490468025,2.070807457,1.229252458,31.0847187,15.88433933,15.02292156,-0.024490727,2.897056103,-623.2395576,-2317.489323,WhiteTroatedCaracara,20
2743,NA,NA,NA,NA,NA,NA,NA,NA,0,NA,NA,NA,NA,NA,NA,NA,NA,NA,NA,NA,NA,120,NA,NA,NA,NA,NA,NA,NA,NA,NA,NA,NA,NA,8,NA,NA,NA,NA,NA,NA,NA,NA,NA,NA,NA,NA,1,NA,NA,NA,NA,106.1241074,NA,NA,NA,NA,NA,NA,NA,NA,354,NA,NA,NA,NA,NA,NA,NA,NA,NA,NA,NA,NA,9,NA,NA,NA,NA,6.391329765,732.9845581,0.235037655,2.396431923,2.247465372,18.97704315,24.68752861,15.02886391,87.88789368,0.05529727,18.81061554,-1023.239558,-2337.489323,WhiteTroatedCaracara,20
2746,NA,NA,NA,NA,NA,NA,NA,NA,NA,NA,NA,0,NA,NA,NA,NA,NA,NA,NA,NA,NA,NA,NA,NA,59,NA,NA,NA,NA,NA,NA,NA,NA,NA,NA,NA,NA,10,NA,NA,NA,NA,NA,NA,NA,NA,NA,NA,NA,NA,1,NA,64.47522736,NA,NA,NA,NA,NA,NA,NA,NA,NA,NA,NA,9,NA,NA,NA,NA,NA,NA,NA,NA,NA,NA,NA,NA,12,NA,4.19319725,460.5901489,6.807447433,0.329847932,4.729854584,10.07925129,36.25151825,4.892416477,410.0713806,-1.648226261,132.6174469,-963.2395576,-2337.489323,WhiteTroatedCaracara,20
2747,NA,NA,NA,NA,NA,NA,NA,NA,NA,NA,NA,0,NA,NA,NA,NA,NA,NA,NA,NA,NA,NA,NA,NA,45,NA,NA,NA,NA,NA,NA,NA,NA,NA,NA,NA,NA,18,NA,NA,NA,NA,NA,NA,NA,NA,NA,NA,NA,NA,1,NA,50.70340347,NA,NA,NA,NA,NA,NA,NA,NA,NA,NA,NA,7,NA,NA,NA,NA,NA,NA,NA,NA,NA,NA,NA,NA,12,NA,3.792983055,379.3501892,2.775118113,1.199603081,6.314095974,12.68648911,36.54708099,9.983200073,483.7230835,0.712336898,136.5246124,-943.2395576,-2337.489323,WhiteTroatedCaracara,20
2751,0,0,0,0,0,0,0,0,0,0,0,NA,0,120,85,150,120,120,10,1,25,8,7,24,NA,30,14,9,13,10,17,12,11,11,9,17,11,NA,13,2,6,2,1,2,1,1,2,1,2,1,NA,1,1.956582189,329,318,335,359,340,347,17,26,259,328,4,NA,250,1,2,3,4,5,6,7,8,9,10,11,NA,13,5.852468014,149.980957,1.527477741,18.67167854,4.001780987,3.329958677,41.86541748,5.216058254,94.71159363,-0.429899633,13.03667545,-843.2395576,-2337.489323,WhiteTroatedCaracara,20
2752,0,0,0,0,0,0,0,0,0,0,0,0,0,30,58,40,20,70,40,3,41,30,270,15,38,60,12,11,12,14,8,16,16,9,14,12,18,11,10,2,1,1,2,1,2,1,1,1,1,1,1,3,1.997344494,319,261,246,309,294,277,267,335,281,313,249,258,301,1,2,3,4,5,6,7,8,9,10,11,12,13,5.680965424,128.5100555,1.662683845,9.165977478,7.157672405,2.078477621,41.42950439,9.404791832,132.8764801,0.261945605,15.34053707,-823.2395576,-2337.489323,WhiteTroatedCaracara,20
2753,NA,NA,0,0,NA,0,0,0,0,0,0,0,0,NA,NA,20,30,NA,45,65,45,10,60,15,12,43,NA,NA,11,9,NA,8,17,9,14,11,11,10,13,NA,NA,1,2,NA,4,4,3,1,1,1,1,1,4.314253807,NA,NA,256,309,NA,319,41,29,275,349,356,282,337,NA,NA,3,4,NA,6,7,8,9,10,11,12,13,6.829748631,113.7323608,2.433146477,4.954751015,1.320813656,0.685120285,27.87165642,16.53013039,11.83825016,-0.021952173,2.398180485,-803.2395576,-2337.489323,WhiteTroatedCaracara,20
2754,NA,NA,NA,NA,0,0,NA,NA,NA,NA,NA,0,0,NA,NA,NA,NA,60,20,NA,NA,NA,NA,NA,69,45,NA,NA,NA,NA,8,16,NA,NA,NA,NA,NA,17,7,NA,NA,NA,NA,7,1,NA,NA,NA,NA,NA,3,1,4.314253807,NA,NA,NA,NA,324,361,NA,NA,NA,NA,NA,339,278,NA,NA,NA,NA,5,6,NA,NA,NA,NA,NA,12,13,6.829748631,113.7323608,2.433146477,4.954751015,1.320813656,0.685120285,27.87165642,16.53013039,11.83825016,-0.021952173,2.398180485,-783.2395576,-2337.489323,WhiteTroatedCaracara,20
2755,NA,0,NA,NA,0,0,0,0,0,0,0,0,0,NA,15,NA,NA,25,20,15,11,45,1,4,19,45,NA,10,NA,NA,16,13,18,10,14,17,14,11,17,NA,6,NA,NA,2,3,2,1,5,1,2,1,1,4.036577225,NA,320,NA,NA,352,283,332,363,320,365,351,1,277,NA,2,NA,NA,5,6,7,8,9,10,11,12,13,6.611933708,119.9020538,0.790871263,5.45217371,2.182037592,0.616587222,43.84402084,26.72843361,72.34564972,-0.192313358,8.739448547,-763.2395576,-2337.489323,WhiteTroatedCaracara,20
2756,NA,NA,NA,NA,NA,NA,NA,NA,NA,NA,NA,NA,0,NA,NA,NA,NA,NA,NA,NA,NA,NA,NA,NA,NA,36,NA,NA,NA,NA,NA,NA,NA,NA,NA,NA,NA,NA,15,NA,NA,NA,NA,NA,NA,NA,NA,NA,NA,NA,NA,1,14.03740311,NA,NA,NA,NA,NA,NA,NA,NA,NA,NA,NA,NA,277,NA,NA,NA,NA,NA,NA,NA,NA,NA,NA,NA,NA,13,5.74847126,122.68116,0.01092456,3.965143204,6.798454285,0.021472866,56.97517776,28.95034981,234.1886444,0.20378232,18.16555023,-743.2395576,-2337.489323,WhiteTroatedCaracara,20
2758,NA,NA,NA,NA,NA,0,NA,0,0,NA,NA,NA,NA,NA,NA,NA,NA,NA,2,NA,54,5,NA,NA,NA,NA,NA,NA,NA,NA,NA,14,NA,12,11,NA,NA,NA,NA,NA,NA,NA,NA,NA,1,NA,1,2,NA,NA,NA,NA,3.210885763,NA,NA,NA,NA,NA,10,NA,21,43,NA,NA,NA,NA,NA,NA,NA,NA,NA,6,NA,8,9,NA,NA,NA,NA,5.891153812,105.3976822,0.238127679,8.987836838,2.197793245,0.039142482,55.13047791,32.72846985,196.3780365,0.36834681,15.27116299,-703.2395576,-2337.489323,WhiteTroatedCaracara,20
2760,NA,NA,NA,NA,0,0,NA,NA,NA,NA,NA,0,0,NA,NA,NA,NA,1,1,NA,NA,NA,NA,NA,15,53,NA,NA,NA,NA,15,11,NA,NA,NA,NA,NA,15,9,NA,NA,NA,NA,1,1,NA,NA,NA,NA,NA,2,1,3.935519695,NA,NA,NA,NA,332,12,NA,NA,NA,NA,NA,350,254,NA,NA,NA,NA,5,6,NA,NA,NA,NA,NA,12,13,6.664622307,98.72418213,3.333634377,19.68584824,0.116170153,1.120307803,51.88542175,23.25088882,28.98477936,-0.183670208,5.072069645,-663.2395576,-2337.489323,WhiteTroatedCaracara,20
2761,NA,NA,NA,0,NA,NA,NA,NA,NA,NA,NA,0,0,NA,NA,NA,30,NA,NA,NA,NA,NA,NA,NA,41,20,NA,NA,NA,14,NA,NA,NA,NA,NA,NA,NA,12,8,NA,NA,NA,2,NA,NA,NA,NA,NA,NA,NA,2,1,2.939073801,NA,NA,NA,365,NA,NA,NA,NA,NA,NA,NA,346,304,NA,NA,NA,4,NA,NA,NA,NA,NA,NA,NA,12,13,6.697033405,98.71965027,11.00789547,8.906201363,0.518593252,3.755998373,49.09902191,18.51511002,9.251234055,-0.262895137,1.86051321,-643.2395576,-2337.489323,WhiteTroatedCaracara,20
2767,NA,NA,NA,NA,NA,NA,NA,NA,NA,0,NA,NA,NA,NA,NA,NA,NA,NA,NA,NA,NA,NA,80,NA,NA,NA,NA,NA,NA,NA,NA,NA,NA,NA,NA,10,NA,NA,NA,NA,NA,NA,NA,NA,NA,NA,NA,NA,1,NA,NA,NA,122.4055099,NA,NA,NA,NA,NA,NA,NA,NA,NA,350,NA,NA,NA,NA,NA,NA,NA,NA,NA,NA,NA,NA,10,NA,NA,NA,6.108398438,805,1.577137709,3.770779371,1.022977948,10.40113068,18.03325462,11.72727108,90.43093872,0.222460583,31.27446938,-1023.239558,-2357.489323,WhiteTroatedCaracara,20
2775,NA,NA,NA,NA,NA,NA,0,NA,NA,NA,NA,NA,0,NA,NA,NA,NA,NA,NA,27,NA,NA,NA,NA,NA,134,NA,NA,NA,NA,NA,NA,10,NA,NA,NA,NA,NA,19,NA,NA,NA,NA,NA,NA,1,NA,NA,NA,NA,NA,1,8.046422005,NA,NA,NA,NA,NA,NA,17,NA,NA,NA,NA,NA,21,NA,NA,NA,NA,NA,NA,7,NA,NA,NA,NA,NA,13,4.926969528,209.4260712,0.231986135,3.337178469,10.0321722,15.24337959,24.31949425,6.154284477,249.1632843,0.09780667,44.30010223,-863.2395576,-2357.489323,WhiteTroatedCaracara,20
2776,NA,0,0,NA,NA,NA,NA,NA,0,NA,NA,NA,0,NA,90,90,NA,NA,NA,NA,NA,20,NA,NA,NA,25,NA,10,9,NA,NA,NA,NA,NA,18,NA,NA,NA,10,NA,4,8,NA,NA,NA,NA,NA,3,NA,NA,NA,1,4.824153423,NA,52,305,NA,NA,NA,NA,NA,11,NA,NA,NA,321,NA,2,3,NA,NA,NA,NA,NA,9,NA,NA,NA,13,4.356211662,180.9238281,0.993428051,1.295535922,19.31385422,9.305837631,31.64193344,4.750242233,370.7064514,0.635688722,31.95007706,-843.2395576,-2357.489323,WhiteTroatedCaracara,20
2777,0,NA,0,0,0,0,0,0,0,0,0,0,0,30,NA,70,20,20,10,2,3,5,10,30,60,63,9,NA,9,19,9,14,10,21,17,13,9,14,10,2,NA,1,1,1,1,1,1,3,1,2,1,1,3.020507097,323,NA,332,295,336,284,251,285,322,258,363,294,270,1,NA,3,4,5,6,7,8,9,10,11,12,13,5.197355747,146.7395172,0.466704249,13.47103691,11.68635273,6.114598751,35.20186996,1.955662131,220.7660065,-0.162496001,19.717062,-823.2395576,-2357.489323,WhiteTroatedCaracara,20
2778,0,0,0,0,0,0,0,0,0,0,NA,0,0,40,20,75,120,30,6,38,90,10,15,NA,9,5,15,7,6,11,12,14,18,13,15,14,NA,20,18,3,6,5,3,2,1,1,7,1,1,NA,1,1,2.142755032,28,319,317,312,341,321,320,346,283,301,NA,295,309,1,2,3,4,5,6,7,8,9,10,NA,12,13,6.750711918,134.5908813,4.440212727,7.394587994,4.201271057,2.357717991,29.69541168,13.37783813,21.41738129,0.081646241,5.011995316,-783.2395576,-2357.489323,WhiteTroatedCaracara,20
2779,NA,0,NA,0,NA,0,0,0,0,0,NA,0,0,NA,10,NA,90,NA,77,191,156,45,3,NA,131,12,NA,14,NA,14,NA,15,11,15,9,9,NA,12,16,NA,6,NA,5,NA,1,1,1,5,9,NA,7,1,3.833671331,NA,319,NA,342,NA,321,297,318,320,336,NA,37,274,NA,2,NA,4,NA,6,7,8,9,10,NA,12,13,5.605749607,143.4994965,0.459545255,7.473580837,6.6970191,0.712750256,51.77575302,16.77002716,252.0858917,0.217971787,22.25045967,-763.2395576,-2357.489323,WhiteTroatedCaracara,20
2780,NA,NA,NA,NA,NA,0,0,0,0,NA,0,0,0,NA,NA,NA,NA,NA,1,2,56,16,NA,9,4,12,NA,NA,NA,NA,NA,10,11,14,14,NA,18,9,14,NA,NA,NA,NA,NA,1,1,6,1,NA,1,2,2,3.40959239,NA,NA,NA,NA,NA,10,321,326,307,NA,299,340,343,NA,NA,NA,NA,NA,6,7,8,9,NA,11,12,13,5.142804146,126.4636154,0.204394922,7.724040031,10.80495548,0.643289089,51.25185013,9.599439621,343.1340942,0.417928219,31.90149879,-743.2395576,-2357.489323,WhiteTroatedCaracara,20
2781,NA,0,NA,NA,NA,0,0,0,0,0,0,0,0,NA,10,NA,NA,NA,17,18,5,15,2,15,6,8,NA,9,NA,NA,NA,11,11,14,10,14,17,10,13,NA,6,NA,NA,NA,4,1,3,1,2,2,2,1,5.385601997,NA,319,NA,NA,NA,28,321,11,334,46,351,259,347,NA,2,NA,NA,NA,6,7,8,9,10,11,12,13,5.893900871,114.3975067,0.368623912,10.31555462,5.367015839,0.046067018,53.71632767,20.29523087,202.9344177,-0.021139927,13.0898819,-723.2395576,-2357.489323,WhiteTroatedCaracara,20
2782,NA,NA,NA,0,NA,0,0,0,0,0,NA,0,0,NA,NA,NA,60,NA,15,45,2,7,5,NA,5,10,NA,NA,NA,7,NA,13,12,14,17,15,NA,15,15,NA,NA,NA,2,NA,1,1,3,5,3,NA,2,2,2.476296425,NA,NA,NA,362,NA,349,284,31,308,24,NA,343,244,NA,NA,NA,4,NA,6,7,8,9,10,NA,12,13,6.623296261,107.0619354,0.699647427,14.52752399,0.345927089,0.540540159,50.17305374,29.64152718,48.60080338,-0.170901,4.752787113,-703.2395576,-2357.489323,WhiteTroatedCaracara,20
2783,NA,NA,NA,NA,NA,0,0,NA,0,0,0,0,0,NA,NA,NA,NA,NA,20,20,NA,160,60,6,10,4,NA,NA,NA,NA,NA,18,16,NA,15,12,18,15,12,NA,NA,NA,NA,NA,1,2,NA,2,2,1,2,2,3.57274437,NA,NA,NA,NA,NA,339,297,NA,15,317,299,274,343,NA,NA,NA,NA,NA,6,7,NA,9,10,11,12,13,6.503721237,100.7174988,0.867558718,23.209589,0.7811777,0.347721726,50.17628479,19.4377327,46.51105118,-0.190854996,5.450882435,-683.2395576,-2357.489323,WhiteTroatedCaracara,20
2784,NA,NA,NA,NA,NA,NA,NA,0,NA,0,0,0,0,NA,NA,NA,NA,NA,NA,NA,10,NA,2,34,77,119,NA,NA,NA,NA,NA,NA,NA,10,NA,13,17,9,13,NA,NA,NA,NA,NA,NA,NA,1,NA,3,1,1,1,2.560009003,NA,NA,NA,NA,NA,NA,NA,339,NA,20,1,254,324,NA,NA,NA,NA,NA,NA,NA,8,NA,10,11,12,13,6.034954071,96.64511871,0.231357992,22.04417038,2.243589401,0.077095941,50.71409988,11.39206409,112.8085251,-0.054069359,12.92578983,-663.2395576,-2357.489323,WhiteTroatedCaracara,20
2785,0,NA,NA,NA,0,NA,0,NA,NA,0,0,0,0,15,NA,NA,NA,22,NA,60,NA,NA,3,137,60,28,15,NA,NA,NA,19,NA,10,NA,NA,14,12,13,10,3,NA,NA,NA,1,NA,2,NA,NA,1,1,4,3,3.186810255,16,NA,NA,NA,340,NA,346,NA,NA,353,298,43,309,1,NA,NA,NA,5,NA,7,NA,NA,10,11,12,13,6.008660793,89.92899323,0.538726926,26.47319412,2.205774069,0.289462626,50.04255295,14.75654697,109.044014,0.137350574,15.39928913,-643.2395576,-2357.489323,WhiteTroatedCaracara,20
2786,NA,NA,NA,NA,0,0,NA,0,NA,NA,NA,0,0,NA,NA,NA,NA,37,60,NA,1,NA,NA,NA,28,5,NA,NA,NA,NA,16,11,NA,19,NA,NA,NA,19,16,NA,NA,NA,NA,1,3,NA,3,NA,NA,NA,3,3,4.623101234,NA,NA,NA,NA,340,269,NA,7,NA,NA,NA,340,281,NA,NA,NA,NA,5,6,NA,8,NA,NA,NA,12,13,6.196374416,87.66607666,0.821001828,26.3102417,0.098063357,0.145980045,41.26833344,13.15563107,53.3265686,0.071782224,7.40980196,-623.2395576,-2357.489323,WhiteTroatedCaracara,20
2787,NA,NA,NA,NA,NA,NA,NA,NA,NA,NA,NA,NA,0,NA,NA,NA,NA,NA,NA,NA,NA,NA,NA,NA,NA,57,NA,NA,NA,NA,NA,NA,NA,NA,NA,NA,NA,NA,10,NA,NA,NA,NA,NA,NA,NA,NA,NA,NA,NA,NA,1,3.601932526,NA,NA,NA,NA,NA,NA,NA,NA,NA,NA,NA,NA,274,NA,NA,NA,NA,NA,NA,NA,NA,NA,NA,NA,NA,13,6.231211662,89.06312561,5.076626778,22.62334442,0.410906404,0.569638193,50.60439682,18.26280594,19.66095924,-0.075658344,5.79770565,-603.2395576,-2357.489323,WhiteTroatedCaracara,20
2792,NA,NA,NA,NA,NA,NA,NA,NA,NA,0,NA,NA,NA,NA,NA,NA,NA,NA,NA,NA,NA,NA,26,NA,NA,NA,NA,NA,NA,NA,NA,NA,NA,NA,NA,12,NA,NA,NA,NA,NA,NA,NA,NA,NA,NA,NA,NA,1,NA,NA,NA,119.1707916,NA,NA,NA,NA,NA,NA,NA,NA,NA,21,NA,NA,NA,NA,NA,NA,NA,NA,NA,NA,NA,NA,10,NA,NA,NA,5.620745659,716.4627075,3.58029294,2.001768351,1.506865025,12.9977951,34.25933838,12.08196831,174.8838501,-1.022881031,70.72491455,-1003.239558,-2377.489323,WhiteTroatedCaracara,20
2795,NA,NA,NA,NA,NA,NA,NA,NA,NA,0,NA,NA,NA,NA,NA,NA,NA,NA,NA,NA,NA,NA,8,NA,NA,NA,NA,NA,NA,NA,NA,NA,NA,NA,NA,13,NA,NA,NA,NA,NA,NA,NA,NA,NA,NA,NA,NA,1,NA,NA,NA,79.28630066,NA,NA,NA,NA,NA,NA,NA,NA,NA,38,NA,NA,NA,NA,NA,NA,NA,NA,NA,NA,NA,NA,10,NA,NA,NA,4.718479633,464.3855591,2.994856596,2.886085272,8.344017029,13.68314552,38.21360016,6.416953564,271.4786682,-0.586623907,101.9253616,-943.2395576,-2377.489323,WhiteTroatedCaracara,20
2800,NA,NA,0,NA,0,0,0,0,0,0,0,0,1,NA,NA,180,NA,60,5,14,80,1,225,240,95,81,NA,NA,7,NA,10,12,0,10,15,6,13,17,9,NA,NA,1,NA,1,1,2,2,1,1,4,1,5,17.86933136,NA,NA,33,NA,42,4,332,304,338,38,47,300,349,NA,NA,3,NA,5,6,7,8,9,10,11,12,13,4.323860168,205.0868073,0.752021432,1.089943409,20.20233345,15.93712521,22.00660324,5.890048504,359.5566406,-0.073014162,41.98907089,-843.2395576,-2377.489323,WhiteTroatedCaracara,20
2801,0,0,0,0,0,0,0,0,0,0,0,0,0,5,15,90,40,30,30,60,30,6,60,9,30,40,12,11,10,18,19,17,15,17,8,16,14,17,14,2,2,1,1,1,1,1,2,1,1,1,1,1,4.397735596,323,53,303,295,351,339,340,337,319,348,337,316,330,1,2,3,4,5,6,7,8,9,10,11,12,13,5.317744732,176.0122528,0.386329889,14.03389072,14.14989281,14.96673679,28.31502151,1.974018574,181.3470917,0.151734903,22.05807495,-823.2395576,-2377.489323,WhiteTroatedCaracara,20
2802,NA,NA,NA,NA,NA,NA,0,NA,0,0,NA,NA,0,NA,NA,NA,NA,NA,NA,10,NA,12,53,NA,NA,40,NA,NA,NA,NA,NA,NA,12,NA,9,11,NA,NA,12,NA,NA,NA,NA,NA,NA,2,NA,4,2,NA,NA,2,2.142755032,NA,NA,NA,NA,NA,NA,341,NA,338,14,NA,NA,330,NA,NA,NA,NA,NA,NA,7,NA,9,10,NA,NA,13,6.750711918,134.5908813,4.440212727,7.394587994,4.201271057,2.357717991,29.69541168,13.37783813,21.41738129,0.081646241,5.011995316,-783.2395576,-2377.489323,WhiteTroatedCaracara,20
2803,NA,0,NA,0,0,0,0,0,0,0,0,0,0,NA,10,NA,15,20,20,11,20,2,5,3,1,1,NA,8,NA,17,10,13,10,9,16,10,16,11,17,NA,6,NA,6,5,1,1,1,3,1,1,2,1,3.833671331,NA,319,NA,342,6,304,321,319,339,349,351,22,317,NA,2,NA,4,5,6,7,8,9,10,11,12,13,5.605749607,143.4994965,0.459545255,7.473580837,6.6970191,0.712750256,51.77575302,16.77002716,252.0858917,0.217971787,22.25045967,-763.2395576,-2377.489323,WhiteTroatedCaracara,20
2804,NA,NA,NA,NA,NA,NA,0,NA,NA,NA,NA,NA,NA,NA,NA,NA,NA,NA,NA,10,NA,NA,NA,NA,NA,NA,NA,NA,NA,NA,NA,NA,13,NA,NA,NA,NA,NA,NA,NA,NA,NA,NA,NA,NA,2,NA,NA,NA,NA,NA,NA,3.798537254,NA,NA,NA,NA,NA,NA,346,NA,NA,NA,NA,NA,NA,NA,NA,NA,NA,NA,NA,7,NA,NA,NA,NA,NA,NA,5.91067028,160.1477203,0.224034429,3.06785655,8.596315384,9.789684296,22.57304573,1.833955288,103.8249741,-0.211852133,12.13076115,-743.2395576,-2377.489323,WhiteTroatedCaracara,20
2805,NA,NA,NA,NA,NA,NA,NA,NA,0,0,NA,NA,0,NA,NA,NA,NA,NA,NA,NA,NA,50,38,NA,NA,28,NA,NA,NA,NA,NA,NA,NA,NA,15,14,NA,NA,14,NA,NA,NA,NA,NA,NA,NA,NA,2,2,NA,NA,3,5.385601997,NA,NA,NA,NA,NA,NA,NA,NA,46,326,NA,NA,345,NA,NA,NA,NA,NA,NA,NA,NA,9,10,NA,NA,13,5.893900871,114.3975067,0.368623912,10.31555462,5.367015839,0.046067018,53.71632767,20.29523087,202.9344177,-0.021139927,13.0898819,-723.2395576,-2377.489323,WhiteTroatedCaracara,20
2806,0,0,0,0,0,0,0,0,0,0,0,0,0,120,10,120,240,120,90,90,60,45,60,60,151,24,9,10,15,14,14,15,11,9,15,14,10,14,14,3,6,3,1,1,1,8,1,3,8,1,1,1,3.044050694,28,319,365,330,337,358,327,306,287,361,324,365,351,1,2,3,4,5,6,7,8,9,10,11,12,13,5.314965725,108.5954285,0.605565786,8.88729763,7.557934761,0.238226369,49.16897202,6.427548409,245.5802917,0.114742443,16.82513237,-703.2395576,-2377.489323,WhiteTroatedCaracara,20
2807,NA,NA,NA,NA,NA,NA,0,NA,0,NA,0,NA,NA,NA,NA,NA,NA,NA,NA,40,NA,30,NA,9,NA,NA,NA,NA,NA,NA,NA,NA,15,NA,13,NA,8,NA,NA,NA,NA,NA,NA,NA,NA,1,NA,1,NA,1,NA,NA,3.044050694,NA,NA,NA,NA,NA,NA,34,NA,285,NA,40,NA,NA,NA,NA,NA,NA,NA,NA,7,NA,9,NA,11,NA,NA,5.314965725,108.5954285,0.605565786,8.88729763,7.557934761,0.238226369,49.16897202,6.427548409,245.5802917,0.114742443,16.82513237,-683.2395576,-2377.489323,WhiteTroatedCaracara,20
2808,NA,NA,NA,NA,NA,NA,NA,0,NA,NA,0,NA,0,NA,NA,NA,NA,NA,NA,NA,148,NA,NA,163,NA,81,NA,NA,NA,NA,NA,NA,NA,8,NA,NA,14,NA,12,NA,NA,NA,NA,NA,NA,NA,1,NA,NA,2,NA,1,4.355183125,NA,NA,NA,NA,NA,NA,NA,22,NA,NA,20,NA,28,NA,NA,NA,NA,NA,NA,NA,8,NA,NA,11,NA,13,5.041662693,97.83909607,0.070892617,4.733120918,7.997926712,0.683999121,51.25943375,16.28282166,289.9895325,0.44211027,24.0643692,-663.2395576,-2377.489323,WhiteTroatedCaracara,20
2809,NA,NA,NA,NA,NA,0,NA,0,NA,NA,0,0,NA,NA,NA,NA,NA,NA,5,NA,21,NA,NA,10,3,NA,NA,NA,NA,NA,NA,18,NA,10,NA,NA,9,9,NA,NA,NA,NA,NA,NA,4,NA,1,NA,NA,1,2,NA,4.124961853,NA,NA,NA,NA,NA,360,NA,22,NA,NA,48,259,NA,NA,NA,NA,NA,NA,6,NA,8,NA,NA,11,12,NA,5.694377422,89.54079437,0.279776335,31.31841278,0.762253821,0.091306798,50.0743866,13.84911346,161.3101501,-0.053835224,18.57478905,-643.2395576,-2377.489323,WhiteTroatedCaracara,20
2810,NA,NA,NA,NA,NA,0,NA,NA,NA,0,NA,0,NA,NA,NA,NA,NA,NA,120,NA,NA,NA,27,NA,40,NA,NA,NA,NA,NA,NA,12,NA,NA,NA,17,NA,16,NA,NA,NA,NA,NA,NA,2,NA,NA,NA,2,NA,2,NA,7.629246235,NA,NA,NA,NA,NA,42,NA,NA,NA,34,NA,9,NA,NA,NA,NA,NA,NA,6,NA,NA,NA,10,NA,12,NA,6.142904758,91.31930542,4.946883202,27.06592941,0.28597191,0.357571334,48.52961731,17.95264244,61.37759781,-0.157588482,8.754730225,-623.2395576,-2377.489323,WhiteTroatedCaracara,20
2811,NA,NA,NA,0,NA,NA,NA,NA,0,0,0,0,0,NA,NA,NA,90,NA,NA,NA,NA,50,120,103,110,3,NA,NA,NA,12,NA,NA,NA,NA,19,10,16,19,17,NA,NA,NA,3,NA,NA,NA,NA,1,5,1,1,2,3.601932526,NA,NA,NA,28,NA,NA,NA,NA,42,16,23,312,281,NA,NA,NA,4,NA,NA,NA,NA,9,10,11,12,13,6.231211662,89.06312561,5.076626778,22.62334442,0.410906404,0.569638193,50.60439682,18.26280594,19.66095924,-0.075658344,5.79770565,-603.2395576,-2377.489323,WhiteTroatedCaracara,20
2812,0,NA,NA,NA,NA,NA,NA,NA,0,0,0,0,0,120,NA,NA,NA,NA,NA,NA,NA,30,22,20,102,88,16,NA,NA,NA,NA,NA,NA,NA,18,8,12,15,16,3,NA,NA,NA,NA,NA,NA,NA,1,4,1,6,1,1.672944307,41,NA,NA,NA,NA,NA,NA,NA,20,289,251,310,353,1,NA,NA,NA,NA,NA,NA,NA,9,10,11,12,13,5.972515583,86.79775238,3.770345688,20.97236252,0.294916749,0.447756618,43.82594681,21.18600273,26.63703537,-0.038421582,7.337356567,-583.2395576,-2377.489323,WhiteTroatedCaracara,20
2819,NA,NA,NA,NA,0,NA,0,NA,NA,0,0,0,0,NA,NA,NA,NA,60,NA,45,NA,NA,5,15,160,55,NA,NA,NA,NA,15,NA,19,NA,NA,19,13,6,19,NA,NA,NA,NA,1,NA,1,NA,NA,1,1,1,1,62.52603149,NA,NA,NA,NA,37,NA,13,NA,NA,6,37,304,333,NA,NA,NA,NA,5,NA,7,NA,NA,10,11,12,13,4.721645832,372.5983276,1.456808448,1.434525728,13.205616,20.84877396,30.3284874,8.654000282,260.2868042,0.143161908,92.31528473,-923.2395576,-2397.489323,WhiteTroatedCaracara,20
2824,0,0,0,0,0,0,0,0,0,0,0,0,0,155,5,30,30,90,19,5,61,46,35,9,4,7,10,17,9,10,17,12,10,14,14,14,12,20,8,3,6,1,6,2,1,1,1,1,3,1,1,9,7.531582832,342,320,334,341,273,270,259,357,337,285,337,300,295,1,2,3,4,5,6,7,8,9,10,11,12,13,5.124751568,208.1984558,0.407699049,1.840860367,13.61621189,28.73264503,15.26606178,2.543767452,192.9430084,-0.340335101,44.15288925,-823.2395576,-2397.489323,WhiteTroatedCaracara,20
2827,NA,NA,NA,NA,NA,NA,NA,NA,0,NA,NA,NA,NA,NA,NA,NA,NA,NA,NA,NA,NA,14,NA,NA,NA,NA,NA,NA,NA,NA,NA,NA,NA,NA,15,NA,NA,NA,NA,NA,NA,NA,NA,NA,NA,NA,NA,1,NA,NA,NA,NA,3.798537254,NA,NA,NA,NA,NA,NA,NA,NA,49,NA,NA,NA,NA,NA,NA,NA,NA,NA,NA,NA,NA,9,NA,NA,NA,NA,5.91067028,160.1477203,0.224034429,3.06785655,8.596315384,9.789684296,22.57304573,1.833955288,103.8249741,-0.211852133,12.13076115,-763.2395576,-2397.489323,WhiteTroatedCaracara,20
2828,NA,NA,NA,NA,NA,NA,NA,NA,NA,NA,NA,NA,0,NA,NA,NA,NA,NA,NA,NA,NA,NA,NA,NA,NA,180,NA,NA,NA,NA,NA,NA,NA,NA,NA,NA,NA,NA,19,NA,NA,NA,NA,NA,NA,NA,NA,NA,NA,NA,NA,2,3.798537254,NA,NA,NA,NA,NA,NA,NA,NA,NA,NA,NA,NA,14,NA,NA,NA,NA,NA,NA,NA,NA,NA,NA,NA,NA,13,5.91067028,160.1477203,0.224034429,3.06785655,8.596315384,9.789684296,22.57304573,1.833955288,103.8249741,-0.211852133,12.13076115,-743.2395576,-2397.489323,WhiteTroatedCaracara,20
2829,NA,NA,NA,NA,NA,NA,NA,NA,0,0,0,NA,0,NA,NA,NA,NA,NA,NA,NA,NA,1,10,40,NA,120,NA,NA,NA,NA,NA,NA,NA,NA,18,12,18,NA,19,NA,NA,NA,NA,NA,NA,NA,NA,3,1,1,NA,1,6.393810749,NA,NA,NA,NA,NA,NA,NA,NA,339,284,41,NA,355,NA,NA,NA,NA,NA,NA,NA,NA,9,10,11,NA,13,5.7017169,142.9386139,0.269242436,7.272110939,8.862335205,1.20229423,39.22541046,2.514740467,152.4983521,0.136749789,12.20792866,-723.2395576,-2397.489323,WhiteTroatedCaracara,20
2830,NA,NA,NA,NA,NA,0,NA,0,NA,0,NA,0,NA,NA,NA,NA,NA,NA,5,NA,1,NA,3,NA,8,NA,NA,NA,NA,NA,NA,19,NA,11,NA,17,NA,9,NA,NA,NA,NA,NA,NA,2,NA,1,NA,1,NA,2,NA,5.57213068,NA,NA,NA,NA,NA,55,NA,24,NA,348,NA,284,NA,NA,NA,NA,NA,NA,6,NA,8,NA,10,NA,12,NA,5.287038803,132.4215546,0.087312706,8.272743225,8.249801636,0.682870984,48.67088318,9.941169739,238.7713013,0.160449117,10.81169605,-703.2395576,-2397.489323,WhiteTroatedCaracara,20
2831,NA,NA,NA,NA,NA,0,0,0,NA,0,0,0,0,NA,NA,NA,NA,NA,25,30,25,NA,4,10,8,5,NA,NA,NA,NA,NA,8,7,8,NA,17,18,16,11,NA,NA,NA,NA,NA,2,1,2,NA,1,1,1,2,2.866586924,NA,NA,NA,NA,NA,56,337,26,NA,348,361,337,337,NA,NA,NA,NA,NA,6,7,8,NA,10,11,12,13,5.053926468,117.2628937,0.410252422,9.951047897,5.154034138,0.391787142,51.79419327,18.54064369,277.7979431,0.257409453,15.64986515,-683.2395576,-2397.489323,WhiteTroatedCaracara,20
2833,NA,NA,NA,NA,NA,NA,NA,0,NA,NA,NA,NA,NA,NA,NA,NA,NA,NA,NA,NA,20,NA,NA,NA,NA,NA,NA,NA,NA,NA,NA,NA,NA,11,NA,NA,NA,NA,NA,NA,NA,NA,NA,NA,NA,NA,2,NA,NA,NA,NA,NA,10.57171154,NA,NA,NA,NA,NA,NA,NA,35,NA,NA,NA,NA,NA,NA,NA,NA,NA,NA,NA,NA,8,NA,NA,NA,NA,NA,5.755650043,95.42939758,0.353521496,15.2269001,1.023668051,0.201245502,53.06606674,28.67787743,134.9074097,0.07857766,10.30799675,-643.2395576,-2397.489323,WhiteTroatedCaracara,20
2834,NA,NA,NA,NA,NA,NA,NA,NA,NA,NA,NA,0,NA,NA,NA,NA,NA,NA,NA,NA,NA,NA,NA,NA,27,NA,NA,NA,NA,NA,NA,NA,NA,NA,NA,NA,NA,11,NA,NA,NA,NA,NA,NA,NA,NA,NA,NA,NA,NA,3,NA,8.157876968,NA,NA,NA,NA,NA,NA,NA,NA,NA,NA,NA,341,NA,NA,NA,NA,NA,NA,NA,NA,NA,NA,NA,NA,12,NA,5.958402157,91.68586731,1.867395043,18.63054276,0.092960671,0.136568278,51.54564667,27.67496872,78.98059082,0.142743662,11.7503624,-623.2395576,-2397.489323,WhiteTroatedCaracara,20
2835,NA,NA,NA,0,0,NA,NA,NA,1,0,0,0,0,NA,NA,NA,30,240,NA,NA,NA,90,130,40,5,140,NA,NA,NA,10,9,NA,NA,NA,12,14,10,8,13,NA,NA,NA,3,2,NA,NA,NA,2,1,1,3,1,5.606027126,NA,NA,NA,28,18,NA,NA,NA,11,314,297,338,342,NA,NA,NA,4,5,NA,NA,NA,9,10,11,12,13,5.952810764,88.41990662,0.653483331,17.54058838,0.055561796,0.057671297,51.86418533,29.61361122,54.84382248,0.142852798,11.22110748,-603.2395576,-2397.489323,WhiteTroatedCaracara,20
2836,0,NA,NA,0,0,0,0,0,0,0,0,0,0,15,NA,NA,30,30,30,60,96,103,64,3,12,5,11,NA,NA,8,13,17,10,10,9,11,7,11,20,3,NA,NA,1,1,2,1,10,1,1,1,1,1,1.672944307,16,NA,NA,325,348,320,354,343,362,298,291,282,297,1,NA,NA,4,5,6,7,8,9,10,11,12,13,5.972515583,86.79775238,3.770345688,20.97236252,0.294916749,0.447756618,43.82594681,21.18600273,26.63703537,-0.038421582,7.337356567,-583.2395576,-2397.489323,WhiteTroatedCaracara,20
2837,NA,NA,NA,0,0,0,0,0,0,0,0,0,0,NA,NA,NA,120,30,35,60,40,45,9,15,11,5,NA,NA,NA,9,8,11,10,10,7,9,17,8,9,NA,NA,NA,1,1,1,1,1,4,2,1,2,2,3.425252914,NA,NA,NA,310,295,252,293,244,298,334,271,282,281,NA,NA,NA,4,5,6,7,8,9,10,11,12,13,5.742850304,96.27681732,1.916872263,7.859988213,6.248887539,2.526417017,48.0337944,12.18614292,52.70426559,-0.282463938,13.22169971,-563.2395576,-2397.489323,WhiteTroatedCaracara,20
2844,NA,NA,NA,NA,NA,NA,0,NA,NA,NA,NA,0,NA,NA,NA,NA,NA,NA,NA,35,NA,NA,NA,NA,10,NA,NA,NA,NA,NA,NA,NA,15,NA,NA,NA,NA,11,NA,NA,NA,NA,NA,NA,NA,1,NA,NA,NA,NA,1,NA,90.94123077,NA,NA,NA,NA,NA,NA,14,NA,NA,NA,NA,45,NA,NA,NA,NA,NA,NA,NA,7,NA,NA,NA,NA,12,NA,4.404759407,458.8838196,4.420143127,1.73137188,3.732754707,10.51470661,40.24447632,3.96583128,286.990387,-1.300873876,106.9272995,-923.2395576,-2417.489323,WhiteTroatedCaracara,20
2846,NA,NA,NA,NA,NA,NA,NA,NA,NA,NA,NA,NA,0,NA,NA,NA,NA,NA,NA,NA,NA,NA,NA,NA,NA,30,NA,NA,NA,NA,NA,NA,NA,NA,NA,NA,NA,NA,11,NA,NA,NA,NA,NA,NA,NA,NA,NA,NA,NA,NA,1,73.39783478,NA,NA,NA,NA,NA,NA,NA,NA,NA,NA,NA,NA,56,NA,NA,NA,NA,NA,NA,NA,NA,NA,NA,NA,NA,13,4.492588043,389.2625427,2.767517567,2.248896837,9.888178825,11.92300034,46.01787567,7.629439354,272.6260681,0.587201059,107.1184464,-883.2395576,-2417.489323,WhiteTroatedCaracara,20
2849,NA,NA,NA,NA,NA,0,0,0,0,0,0,0,0,NA,NA,NA,NA,NA,45,240,25,120,120,35,44,70,NA,NA,NA,NA,NA,15,16,12,11,12,13,15,15,NA,NA,NA,NA,NA,5,2,2,1,1,1,1,1,30.4860611,NA,NA,NA,NA,NA,26,262,350,16,358,355,315,287,NA,NA,NA,NA,NA,6,7,8,9,10,11,12,13,5.271807194,233.9631042,0.049926076,3.741930962,8.930597305,26.70366478,18.51054764,5.440851212,142.0043945,-0.385302871,46.70713806,-823.2395576,-2417.489323,WhiteTroatedCaracara,20
2852,NA,NA,NA,NA,NA,NA,NA,NA,0,0,0,NA,0,NA,NA,NA,NA,NA,NA,NA,NA,20,10,126,NA,24,NA,NA,NA,NA,NA,NA,NA,NA,13,12,16,NA,7,NA,NA,NA,NA,NA,NA,NA,NA,1,3,1,NA,3,10.47240639,NA,NA,NA,NA,NA,NA,NA,NA,49,48,12,NA,5,NA,NA,NA,NA,NA,NA,NA,NA,9,10,11,NA,13,4.852062225,189.7750397,0.061197661,0.953592479,13.32552528,21.61514091,20.97054672,5.80765295,290.6805115,0.358139217,56.99549866,-763.2395576,-2417.489323,WhiteTroatedCaracara,20
2853,NA,NA,NA,NA,NA,NA,NA,NA,0,NA,NA,NA,0,NA,NA,NA,NA,NA,NA,NA,NA,295,NA,NA,NA,25,NA,NA,NA,NA,NA,NA,NA,NA,5,NA,NA,NA,10,NA,NA,NA,NA,NA,NA,NA,NA,7,NA,NA,NA,1,10.47240639,NA,NA,NA,NA,NA,NA,NA,NA,56,NA,NA,NA,300,NA,NA,NA,NA,NA,NA,NA,NA,9,NA,NA,NA,13,4.852062225,189.7750397,0.061197661,0.953592479,13.32552528,21.61514091,20.97054672,5.80765295,290.6805115,0.358139217,56.99549866,-743.2395576,-2417.489323,WhiteTroatedCaracara,20
2854,NA,NA,NA,NA,NA,NA,NA,NA,NA,NA,NA,NA,1,NA,NA,NA,NA,NA,NA,NA,NA,NA,NA,NA,NA,15,NA,NA,NA,NA,NA,NA,NA,NA,NA,NA,NA,NA,12,NA,NA,NA,NA,NA,NA,NA,NA,NA,NA,NA,NA,1,24.02123451,NA,NA,NA,NA,NA,NA,NA,NA,NA,NA,NA,NA,301,NA,NA,NA,NA,NA,NA,NA,NA,NA,NA,NA,NA,13,4.655938625,167.8897247,0.149855226,1.487411141,18.86060905,8.461194038,31.85120583,5.361308098,330.0605164,-0.361717314,44.7540741,-723.2395576,-2417.489323,WhiteTroatedCaracara,20
2855,NA,0,NA,NA,NA,NA,NA,NA,NA,0,NA,0,NA,NA,60,NA,NA,NA,NA,NA,NA,NA,21,NA,4,NA,NA,13,NA,NA,NA,NA,NA,NA,NA,10,NA,18,NA,NA,1,NA,NA,NA,NA,NA,NA,NA,2,NA,1,NA,23.52505684,NA,23,NA,NA,NA,NA,NA,NA,NA,327,NA,6,NA,NA,2,NA,NA,NA,NA,NA,NA,NA,10,NA,12,NA,5.242947578,142.6271057,0.416587621,2.502449751,19.86628151,3.365503073,31.07415581,6.165925503,216.8414001,0.268895149,18.38573456,-703.2395576,-2417.489323,WhiteTroatedCaracara,20
2857,NA,NA,NA,NA,NA,0,0,0,NA,0,0,0,NA,NA,NA,NA,NA,NA,4,1,1,NA,30,10,3,NA,NA,NA,NA,NA,NA,9,10,18,NA,19,9,18,NA,NA,NA,NA,NA,NA,2,1,1,NA,1,1,1,NA,4.058414459,NA,NA,NA,NA,NA,56,337,24,NA,348,3,297,NA,NA,NA,NA,NA,NA,6,7,8,NA,10,11,12,NA,5.70399332,111.2239761,1.206759334,2.485879898,9.018803596,2.422585011,41.50628281,12.76183987,134.7436829,-0.161468416,10.02937508,-663.2395576,-2417.489323,WhiteTroatedCaracara,20
2858,NA,NA,NA,NA,NA,NA,NA,NA,NA,0,NA,NA,NA,NA,NA,NA,NA,NA,NA,NA,NA,NA,150,NA,NA,NA,NA,NA,NA,NA,NA,NA,NA,NA,NA,8,NA,NA,NA,NA,NA,NA,NA,NA,NA,NA,NA,NA,1,NA,NA,NA,5.336089611,NA,NA,NA,NA,NA,NA,NA,NA,NA,355,NA,NA,NA,NA,NA,NA,NA,NA,NA,NA,NA,NA,10,NA,NA,NA,5.670170307,100.3151627,0.038891476,5.87746191,5.469801426,0.895960152,53.0878067,25.33333588,125.6135635,-0.265675902,12.56262779,-643.2395576,-2417.489323,WhiteTroatedCaracara,20
2859,NA,NA,NA,NA,NA,NA,NA,NA,0,NA,NA,NA,0,NA,NA,NA,NA,NA,NA,NA,NA,6,NA,NA,NA,44,NA,NA,NA,NA,NA,NA,NA,NA,0,NA,NA,NA,14,NA,NA,NA,NA,NA,NA,NA,NA,1,NA,NA,NA,2,4.847336292,NA,NA,NA,NA,NA,NA,NA,NA,58,NA,NA,NA,325,NA,NA,NA,NA,NA,NA,NA,NA,9,NA,NA,NA,13,5.696971416,92.67503357,0.194320664,10.29076862,2.826259375,0.405561924,51.92806625,22.96062088,105.302269,0.106673546,13.11269951,-623.2395576,-2417.489323,WhiteTroatedCaracara,20
2862,NA,NA,NA,0,NA,0,NA,0,NA,0,NA,0,0,NA,NA,NA,37,NA,10,NA,2,NA,20,NA,164,94,NA,NA,NA,11,NA,16,NA,16,NA,9,NA,15,13,NA,NA,NA,1,NA,2,NA,1,NA,1,NA,2,2,3.425252914,NA,NA,NA,261,NA,283,NA,32,NA,277,NA,273,281,NA,NA,NA,4,NA,6,NA,8,NA,10,NA,12,13,5.742850304,96.27681732,1.916872263,7.859988213,6.248887539,2.526417017,48.0337944,12.18614292,52.70426559,-0.282463938,13.22169971,-563.2395576,-2417.489323,WhiteTroatedCaracara,20
2863,NA,NA,NA,NA,NA,NA,0,0,NA,NA,0,NA,0,NA,NA,NA,NA,NA,NA,9,20,NA,NA,30,NA,2,NA,NA,NA,NA,NA,NA,9,10,NA,NA,18,NA,12,NA,NA,NA,NA,NA,NA,3,1,NA,NA,2,NA,3,4.019202709,NA,NA,NA,NA,NA,NA,16,334,NA,NA,34,NA,364,NA,NA,NA,NA,NA,NA,7,8,NA,NA,11,NA,13,5.410248756,115.2194138,1.230359435,2.280283928,10.76589012,3.034304142,45.93170166,8.0623312,99.42868805,-0.011991656,17.56867409,-543.2395576,-2417.489323,WhiteTroatedCaracara,20
2878,NA,NA,NA,NA,NA,NA,NA,NA,NA,0,NA,NA,0,NA,NA,NA,NA,NA,NA,NA,NA,NA,40,NA,NA,52,NA,NA,NA,NA,NA,NA,NA,NA,NA,19,NA,NA,11,NA,NA,NA,NA,NA,NA,NA,NA,NA,3,NA,NA,2,24.18822289,NA,NA,NA,NA,NA,NA,NA,NA,NA,48,NA,NA,6,NA,NA,NA,NA,NA,NA,NA,NA,NA,10,NA,NA,13,5.175292969,202.2397766,1.411599398,0.833516955,5.949189186,14.0875206,15.8926487,8.949193001,153.2396545,0.123958148,28.45582962,-743.2395576,-2437.489323,WhiteTroatedCaracara,20
2880,NA,NA,NA,NA,NA,NA,NA,0,0,0,NA,NA,NA,NA,NA,NA,NA,NA,NA,NA,68,180,60,NA,NA,NA,NA,NA,NA,NA,NA,NA,NA,17,14,14,NA,NA,NA,NA,NA,NA,NA,NA,NA,NA,2,3,1,NA,NA,NA,39.83414841,NA,NA,NA,NA,NA,NA,NA,336,318,59,NA,NA,NA,NA,NA,NA,NA,NA,NA,NA,8,9,10,NA,NA,NA,4.330755234,164.8551788,0.395370454,2.743432283,20.20166969,7.502948284,31.51982498,6.347063541,365.2611389,0.734428763,59.67744827,-703.2395576,-2437.489323,WhiteTroatedCaracara,20
2882,NA,NA,NA,NA,NA,0,NA,0,1,NA,NA,0,0,NA,NA,NA,NA,NA,23,NA,10,13,NA,NA,15,107,NA,NA,NA,NA,NA,14,NA,13,11,NA,NA,11,14,NA,NA,NA,NA,NA,1,NA,1,1,NA,NA,2,2,12.06803894,NA,NA,NA,NA,NA,39,NA,318,27,NA,NA,257,315,NA,NA,NA,NA,NA,6,NA,8,9,NA,NA,12,13,4.314690113,131.030426,0.563442409,0.897364855,23.01363754,7.249979496,23.99828911,10.42971516,366.9438477,0.975437999,61.94885635,-663.2395576,-2437.489323,WhiteTroatedCaracara,20
2883,NA,NA,NA,NA,1,0,0,0,1,0,0,0,1,NA,NA,NA,NA,180,35,27,5,4,17,20,150,148,NA,NA,NA,NA,9,5,10,21,11,17,19,9,18,NA,NA,NA,NA,2,1,1,1,1,1,1,2,3,6.660659313,NA,NA,NA,NA,314,282,315,334,322,251,340,298,347,NA,NA,NA,NA,5,6,7,8,9,10,11,12,13,4.921239853,109.6497574,0.847333193,2.036867619,14.87991142,3.25962019,40.32670975,7.820287704,246.7704315,0.408599883,34.36611176,-643.2395576,-2437.489323,WhiteTroatedCaracara,20
2887,NA,NA,NA,NA,NA,NA,NA,NA,NA,NA,NA,NA,0,NA,NA,NA,NA,NA,NA,NA,NA,NA,NA,NA,NA,3,NA,NA,NA,NA,NA,NA,NA,NA,NA,NA,NA,NA,11,NA,NA,NA,NA,NA,NA,NA,NA,NA,NA,NA,NA,1,7.39838028,NA,NA,NA,NA,NA,NA,NA,NA,NA,NA,NA,NA,339,NA,NA,NA,NA,NA,NA,NA,NA,NA,NA,NA,NA,13,5.134153366,108.97509,1.580237389,1.656288147,12.85410309,3.715050459,42.35024643,8.951906204,159.8537445,-0.027225463,20.18683434,-563.2395576,-2437.489323,WhiteTroatedCaracara,20
2888,NA,NA,NA,0,NA,NA,0,1,0,0,0,0,0,NA,NA,NA,120,NA,NA,60,5,180,60,5,123,12,NA,NA,NA,12,NA,NA,11,19,7,12,16,14,9,NA,NA,NA,10,NA,NA,4,3,2,5,4,2,1,4.019202709,NA,NA,NA,341,NA,NA,34,9,22,17,10,332,342,NA,NA,NA,4,NA,NA,7,8,9,10,11,12,13,5.410248756,115.2194138,1.230359435,2.280283928,10.76589012,3.034304142,45.93170166,8.0623312,99.42868805,-0.011991656,17.56867409,-543.2395576,-2437.489323,WhiteTroatedCaracara,20
2890,NA,NA,NA,NA,NA,NA,NA,NA,NA,0,0,0,0,NA,NA,NA,NA,NA,NA,NA,NA,NA,180,75,119,69,NA,NA,NA,NA,NA,NA,NA,NA,NA,7,15,14,13,NA,NA,NA,NA,NA,NA,NA,NA,NA,2,2,2,1,12.91108894,NA,NA,NA,NA,NA,NA,NA,NA,NA,6,366,247,275,NA,NA,NA,NA,NA,NA,NA,NA,NA,10,11,12,13,5.019756317,141.0857849,0.720535636,1.618690014,13.68823051,3.746409416,41.322258,7.029559612,142.5701447,0.271184444,21.79731941,-503.2395576,-2437.489323,WhiteTroatedCaracara,20
2903,NA,NA,NA,NA,NA,NA,NA,NA,NA,0,NA,NA,0,NA,NA,NA,NA,NA,NA,NA,NA,NA,10,NA,NA,10,NA,NA,NA,NA,NA,NA,NA,NA,NA,15,NA,NA,15,NA,NA,NA,NA,NA,NA,NA,NA,NA,1,NA,NA,1,52.50696182,NA,NA,NA,NA,NA,NA,NA,NA,NA,320,NA,NA,305,NA,NA,NA,NA,NA,NA,NA,NA,NA,10,NA,NA,13,4.116809845,290.9139709,1.140171528,2.265529394,9.015698433,11.57106304,27.28582001,7.244995117,267.2894287,0.949017763,77.41265869,-783.2395576,-2457.489323,WhiteTroatedCaracara,20
2906,NA,NA,NA,NA,NA,0,0,0,0,0,NA,0,0,NA,NA,NA,NA,NA,203,123,120,144,120,NA,84,120,NA,NA,NA,NA,NA,15,15,9,15,9,NA,16,9,NA,NA,NA,NA,NA,1,2,1,1,2,NA,1,1,57.56858826,NA,NA,NA,NA,NA,307,294,365,291,36,NA,55,329,NA,NA,NA,NA,NA,6,7,8,9,10,NA,12,13,4.310661316,213.9208527,2.334634304,1.308322906,8.275616646,14.36611938,31.88560677,11.86846924,311.0220337,0.092464842,60.89995575,-723.2395576,-2457.489323,WhiteTroatedCaracara,20
2907,NA,NA,NA,NA,NA,NA,0,NA,NA,NA,NA,NA,NA,NA,NA,NA,NA,NA,NA,165,NA,NA,NA,NA,NA,NA,NA,NA,NA,NA,NA,NA,9,NA,NA,NA,NA,NA,NA,NA,NA,NA,NA,NA,NA,3,NA,NA,NA,NA,NA,NA,37.83255005,NA,NA,NA,NA,NA,NA,43,NA,NA,NA,NA,NA,NA,NA,NA,NA,NA,NA,NA,7,NA,NA,NA,NA,NA,NA,3.888286591,166.832077,1.801176906,1.443997383,10.7200489,15.64792347,28.05768204,9.573077202,398.5180359,-0.100761607,77.24195099,-703.2395576,-2457.489323,WhiteTroatedCaracara,20
2908,NA,NA,0,NA,NA,NA,NA,NA,NA,NA,NA,NA,NA,NA,NA,150,NA,NA,NA,NA,NA,NA,NA,NA,NA,NA,NA,NA,9,NA,NA,NA,NA,NA,NA,NA,NA,NA,NA,NA,NA,10,NA,NA,NA,NA,NA,NA,NA,NA,NA,NA,37.83255005,NA,NA,306,NA,NA,NA,NA,NA,NA,NA,NA,NA,NA,NA,NA,3,NA,NA,NA,NA,NA,NA,NA,NA,NA,NA,3.888286591,166.832077,1.801176906,1.443997383,10.7200489,15.64792347,28.05768204,9.573077202,398.5180359,-0.100761607,77.24195099,-683.2395576,-2457.489323,WhiteTroatedCaracara,20
2909,NA,NA,NA,NA,0,NA,NA,1,0,0,0,0,0,NA,NA,NA,NA,245,NA,NA,13,75,60,31,60,218,NA,NA,NA,NA,8,NA,NA,13,10,12,10,4,9,NA,NA,NA,NA,1,NA,NA,4,1,2,1,1,2,26.60011482,NA,NA,NA,NA,311,NA,NA,18,306,288,44,313,336,NA,NA,NA,NA,5,NA,NA,8,9,10,11,12,13,3.288075924,164.0122375,3.781001568,2.731956244,13.53707123,9.967658997,29.82541275,7.280946255,529.4638672,0.857518554,124.8868103,-663.2395576,-2457.489323,WhiteTroatedCaracara,20
2910,NA,NA,NA,NA,NA,0,NA,0,1,0,0,1,NA,NA,NA,NA,NA,NA,60,NA,1,60,17,22,300,NA,NA,NA,NA,NA,NA,0,NA,13,18,11,13,9,NA,NA,NA,NA,NA,NA,2,NA,1,3,1,1,2,NA,23.38292694,NA,NA,NA,NA,NA,285,NA,23,315,18,42,309,NA,NA,NA,NA,NA,NA,6,NA,8,9,10,11,12,NA,3.516620398,132.3584137,2.808075905,4.443137169,13.3062706,10.21312714,30.86865807,15.79993248,503.0226746,1.843798518,110.5837555,-643.2395576,-2457.489323,WhiteTroatedCaracara,20
2912,NA,NA,NA,NA,NA,NA,0,NA,NA,NA,NA,NA,NA,NA,NA,NA,NA,NA,NA,60,NA,NA,NA,NA,NA,NA,NA,NA,NA,NA,NA,NA,10,NA,NA,NA,NA,NA,NA,NA,NA,NA,NA,NA,NA,1,NA,NA,NA,NA,NA,NA,18.62296677,NA,NA,NA,NA,NA,NA,17,NA,NA,NA,NA,NA,NA,NA,NA,NA,NA,NA,NA,7,NA,NA,NA,NA,NA,NA,3.90344429,116.0073547,1.926764369,4.928685188,13.26969528,7.769296169,35.44214249,13.12723446,406.7579651,0.170579746,62.98261261,-603.2395576,-2457.489323,WhiteTroatedCaracara,20
2913,NA,NA,NA,NA,NA,NA,0,NA,0,0,NA,NA,0,NA,NA,NA,NA,NA,NA,8,NA,15,108,NA,NA,24,NA,NA,NA,NA,NA,NA,7,NA,17,13,NA,NA,12,NA,NA,NA,NA,NA,NA,2,NA,4,2,NA,NA,2,8.414219856,NA,NA,NA,NA,NA,NA,31,NA,301,9,NA,NA,331,NA,NA,NA,NA,NA,NA,7,NA,9,10,NA,NA,13,4.95250082,115.9024658,1.268312216,1.222525716,16.89351845,6.229637146,30.94376755,8.366185188,194.4788971,-0.070434168,37.76374435,-583.2395576,-2457.489323,WhiteTroatedCaracara,20
2914,NA,NA,NA,NA,NA,NA,NA,NA,0,0,NA,0,0,NA,NA,NA,NA,NA,NA,NA,NA,236,120,NA,87,114,NA,NA,NA,NA,NA,NA,NA,NA,12,13,NA,13,14,NA,NA,NA,NA,NA,NA,NA,NA,7,2,NA,1,1,7.478890419,NA,NA,NA,NA,NA,NA,NA,NA,301,360,NA,21,320,NA,NA,NA,NA,NA,NA,NA,NA,9,10,NA,12,13,5.140288353,119.8557892,2.222293377,0.494600594,16.35031891,4.861059189,27.97241783,9.579847336,151.1331787,0.324810922,34.56716919,-563.2395576,-2457.489323,WhiteTroatedCaracara,20
2915,NA,NA,NA,0,0,NA,0,0,0,0,0,0,0,NA,NA,NA,60,60,NA,95,30,50,180,2,11,1,NA,NA,NA,8,15,NA,14,11,11,15,16,12,11,NA,NA,NA,2,2,NA,2,1,1,2,4,2,3,4.347477436,NA,NA,NA,363,350,NA,255,334,291,43,10,267,364,NA,NA,NA,4,5,NA,7,8,9,10,11,12,13,4.964461803,128.4694672,1.025148869,0.956673086,18.78123474,3.406584978,34.98231506,10.22632122,172.458847,0.044948917,31.46657562,-543.2395576,-2457.489323,WhiteTroatedCaracara,20
2916,0,NA,NA,0,NA,NA,NA,NA,NA,0,NA,NA,0,30,NA,NA,10,NA,NA,NA,NA,NA,2,NA,NA,1,13,NA,NA,9,NA,NA,NA,NA,NA,9,NA,NA,11,3,NA,NA,1,NA,NA,NA,NA,NA,3,NA,NA,3,10.21346569,15,NA,NA,261,NA,NA,NA,NA,NA,350,NA,NA,364,1,NA,NA,4,NA,NA,NA,NA,NA,10,NA,NA,13,4.894842625,135.2148895,0.400624156,1.070495009,16.72062111,3.249896288,39.58496475,6.630237103,173.1897736,-0.148508489,17.9838028,-523.2395576,-2457.489323,WhiteTroatedCaracara,20
2918,NA,NA,NA,NA,NA,NA,NA,0,NA,NA,0,NA,0,NA,NA,NA,NA,NA,NA,NA,5,NA,NA,129,NA,45,NA,NA,NA,NA,NA,NA,NA,11,NA,NA,14,NA,15,NA,NA,NA,NA,NA,NA,NA,1,NA,NA,2,NA,2,4.707408428,NA,NA,NA,NA,NA,NA,NA,11,NA,NA,366,NA,329,NA,NA,NA,NA,NA,NA,NA,8,NA,NA,11,NA,13,5.344639301,147.5927429,2.142623663,2.147901058,8.72664547,2.269682169,32.29747009,6.765924931,59.59049988,0.130057573,13.18048286,-483.2395576,-2457.489323,WhiteTroatedCaracara,20
2930,NA,NA,NA,0,NA,NA,0,NA,NA,NA,NA,0,0,NA,NA,NA,60,NA,NA,120,NA,NA,NA,NA,101,120,NA,NA,NA,16,NA,NA,15,NA,NA,NA,NA,15,10,NA,NA,NA,1,NA,NA,1,NA,NA,NA,NA,1,1,73.63235474,NA,NA,NA,340,NA,NA,27,NA,NA,NA,NA,53,356,NA,NA,NA,4,NA,NA,7,NA,NA,NA,NA,12,13,3.038927078,324.7860107,0.614088297,2.463864803,1.99849534,7.831830502,32.22678757,3.696866512,470.2661438,0.103935637,117.3062363,-783.2395576,-2477.489323,WhiteTroatedCaracara,20
2931,NA,NA,NA,NA,NA,NA,NA,NA,NA,NA,NA,NA,0,NA,NA,NA,NA,NA,NA,NA,NA,NA,NA,NA,NA,65,NA,NA,NA,NA,NA,NA,NA,NA,NA,NA,NA,NA,15,NA,NA,NA,NA,NA,NA,NA,NA,NA,NA,NA,NA,1,70.76901245,NA,NA,NA,NA,NA,NA,NA,NA,NA,NA,NA,NA,335,NA,NA,NA,NA,NA,NA,NA,NA,NA,NA,NA,NA,13,2.116782188,295.6621094,1.260203719,1.592768908,2.967860222,6.234931946,42.43435669,1.621472359,635.663269,0.862067103,124.2505951,-763.2395576,-2477.489323,WhiteTroatedCaracara,20
2934,NA,NA,NA,NA,NA,NA,NA,NA,NA,NA,NA,0,NA,NA,NA,NA,NA,NA,NA,NA,NA,NA,NA,NA,69,NA,NA,NA,NA,NA,NA,NA,NA,NA,NA,NA,NA,12,NA,NA,NA,NA,NA,NA,NA,NA,NA,NA,NA,NA,1,NA,65.65843201,NA,NA,NA,NA,NA,NA,NA,NA,NA,NA,NA,315,NA,NA,NA,NA,NA,NA,NA,NA,NA,NA,NA,NA,12,NA,1.887182117,255.7713928,1.621264338,3.090085268,2.567152262,4.032911777,37.81949234,2.256783247,668.5706177,1.372620463,137.9564056,-703.2395576,-2477.489323,WhiteTroatedCaracara,20
2935,NA,NA,NA,NA,NA,0,NA,NA,NA,NA,NA,NA,NA,NA,NA,NA,NA,NA,62,NA,NA,NA,NA,NA,NA,NA,NA,NA,NA,NA,NA,7,NA,NA,NA,NA,NA,NA,NA,NA,NA,NA,NA,NA,1,NA,NA,NA,NA,NA,NA,NA,54.29557419,NA,NA,NA,NA,NA,307,NA,NA,NA,NA,NA,NA,NA,NA,NA,NA,NA,NA,6,NA,NA,NA,NA,NA,NA,NA,3.658890486,205.5032654,2.432322741,0.825095892,6.28847456,11.13513565,32.60766602,5.344064236,402.1023254,-1.51233995,108.204422,-683.2395576,-2477.489323,WhiteTroatedCaracara,20
2936,NA,NA,0,0,NA,0,0,0,0,0,NA,0,0,NA,NA,120,60,NA,120,29,60,45,160,NA,9,168,NA,NA,16,10,NA,11,16,15,18,12,NA,8,14,NA,NA,2,2,NA,3,1,1,1,1,NA,1,6,44.15258026,NA,NA,341,25,NA,364,329,23,46,346,NA,313,21,NA,NA,3,4,NA,6,7,8,9,10,NA,12,13,2.700497389,205.9544678,3.213159561,2.104131699,5.99928236,10.88692284,38.57483673,5.03211832,604.4234619,-0.073236927,151.2359619,-663.2395576,-2477.489323,WhiteTroatedCaracara,20
2937,NA,NA,NA,NA,NA,NA,NA,0,0,0,NA,0,NA,NA,NA,NA,NA,NA,NA,NA,50,11,120,NA,2,NA,NA,NA,NA,NA,NA,NA,NA,14,19,9,NA,15,NA,NA,NA,NA,NA,NA,NA,NA,2,1,1,NA,1,NA,33.661129,NA,NA,NA,NA,NA,NA,NA,25,47,346,NA,342,NA,NA,NA,NA,NA,NA,NA,NA,8,9,10,NA,12,NA,3.709779263,157.8657074,3.254051924,2.778309107,8.468285561,11.90781879,28.28351212,10.00571346,436.3919983,-1.711621404,109.9245911,-643.2395576,-2477.489323,WhiteTroatedCaracara,20
2939,NA,NA,NA,0,NA,NA,NA,NA,NA,1,1,0,0,NA,NA,NA,180,NA,NA,NA,NA,NA,165,55,104,93,NA,NA,NA,11,NA,NA,NA,NA,NA,11,15,8,12,NA,NA,NA,2,NA,NA,NA,NA,NA,2,1,1,1,13.96024132,NA,NA,NA,17,NA,NA,NA,NA,NA,43,365,347,316,NA,NA,NA,4,NA,NA,NA,NA,NA,10,11,12,13,3.713231564,142.8947144,5.372121811,2.631952286,6.209781647,8.748034477,25.94794655,12.58109856,440.771637,-0.235352442,124.6598892,-603.2395576,-2477.489323,WhiteTroatedCaracara,20
2940,0,NA,NA,0,0,0,0,0,0,1,0,1,1,15,NA,NA,180,225,180,300,300,240,120,240,30,60,12,NA,NA,9,14,10,12,9,10,10,8,12,9,3,NA,NA,2,2,3,3,3,2,5,2,1,1,7.754304409,15,NA,NA,2,348,59,350,319,357,328,362,246,310,1,NA,NA,4,5,6,7,8,9,10,11,12,13,4.306611538,137.8182373,1.378442526,2.341590405,10.3841238,10.24529076,20.70594215,11.35572529,314.5524902,-0.198319972,89.34751129,-583.2395576,-2477.489323,WhiteTroatedCaracara,20
2941,NA,NA,NA,NA,NA,NA,0,NA,NA,0,NA,0,0,NA,NA,NA,NA,NA,NA,67,NA,NA,60,NA,16,38,NA,NA,NA,NA,NA,NA,17,NA,NA,11,NA,12,13,NA,NA,NA,NA,NA,NA,9,NA,NA,1,NA,1,1,5.164960861,NA,NA,NA,NA,NA,NA,16,NA,NA,341,NA,10,289,NA,NA,NA,NA,NA,NA,7,NA,NA,10,NA,12,13,4.706262112,142.5026703,0.651534975,0.609141111,13.87843418,6.391226292,23.45640373,7.679920197,220.2464447,-0.235191002,50.82294083,-563.2395576,-2477.489323,WhiteTroatedCaracara,20
2942,NA,NA,NA,0,0,0,0,0,0,0,0,0,0,NA,NA,NA,15,60,5,5,10,20,30,32,5,20,NA,NA,NA,10,12,15,14,10,11,13,16,10,12,NA,NA,NA,2,3,2,2,1,4,1,1,1,7,3.381195545,NA,NA,NA,363,58,270,345,294,312,321,364,267,303,NA,NA,NA,4,5,6,7,8,9,10,11,12,13,4.288430214,150.9248657,1.654408216,1.314594984,13.65893173,6.170748234,29.32400322,11.48886299,284.5580139,0.67833662,57.9525795,-543.2395576,-2477.489323,WhiteTroatedCaracara,20
2949,0,NA,NA,NA,NA,NA,NA,0,NA,0,NA,NA,NA,180,NA,NA,NA,NA,NA,NA,15,NA,60,NA,NA,NA,10,NA,NA,NA,NA,NA,NA,20,NA,15,NA,NA,NA,1,NA,NA,NA,NA,NA,NA,1,NA,1,NA,NA,NA,5.764743805,326,NA,NA,NA,NA,NA,NA,43,NA,1,NA,NA,NA,1,NA,NA,NA,NA,NA,NA,8,NA,10,NA,NA,NA,5.087851048,173.6572876,0,1.35563159,11.89297199,5.141655922,29.3911438,8.562966347,78.90808868,-0.130456343,20.36797905,-403.2395576,-2477.489323,WhiteTroatedCaracara,20
2950,NA,NA,NA,NA,NA,NA,NA,0,0,NA,NA,NA,NA,NA,NA,NA,NA,NA,NA,NA,30,220,NA,NA,NA,NA,NA,NA,NA,NA,NA,NA,NA,16,7,NA,NA,NA,NA,NA,NA,NA,NA,NA,NA,NA,1,1,NA,NA,NA,NA,5.764743805,NA,NA,NA,NA,NA,NA,NA,42,49,NA,NA,NA,NA,NA,NA,NA,NA,NA,NA,NA,8,9,NA,NA,NA,NA,5.087851048,173.6572876,0,1.35563159,11.89297199,5.141655922,29.3911438,8.562966347,78.90808868,-0.130456343,20.36797905,-383.2395576,-2477.489323,WhiteTroatedCaracara,20
2952,NA,NA,NA,NA,NA,NA,NA,NA,0,0,NA,NA,NA,NA,NA,NA,NA,NA,NA,NA,NA,24,85,NA,NA,NA,NA,NA,NA,NA,NA,NA,NA,NA,13,16,NA,NA,NA,NA,NA,NA,NA,NA,NA,NA,NA,1,5,NA,NA,NA,60.00986481,NA,NA,NA,NA,NA,NA,NA,NA,296,299,NA,NA,NA,NA,NA,NA,NA,NA,NA,NA,NA,9,10,NA,NA,NA,4.234611988,214.9416351,0.451122642,1.362612724,4.576419353,12.36577129,27.63461876,10.93464565,129.0130005,-0.023169223,33.14287567,-323.2395576,-2477.489323,WhiteTroatedCaracara,20
2953,NA,NA,NA,NA,NA,NA,0,NA,0,0,NA,NA,NA,NA,NA,NA,NA,NA,NA,270,NA,163,85,NA,NA,NA,NA,NA,NA,NA,NA,NA,14,NA,8,9,NA,NA,NA,NA,NA,NA,NA,NA,NA,2,NA,1,5,NA,NA,NA,77.38700104,NA,NA,NA,NA,NA,NA,297,NA,295,296,NA,NA,NA,NA,NA,NA,NA,NA,NA,7,NA,9,10,NA,NA,NA,4.2508564,208.9936829,0.457755059,1.864455342,6.372001171,13.69634247,21.04091644,11.00104618,151.6740265,0.519169211,34.590065,-303.2395576,-2477.489323,WhiteTroatedCaracara,20
2955,NA,NA,NA,NA,NA,NA,NA,NA,NA,0,NA,NA,NA,NA,NA,NA,NA,NA,NA,NA,NA,NA,162,NA,NA,NA,NA,NA,NA,NA,NA,NA,NA,NA,NA,14,NA,NA,NA,NA,NA,NA,NA,NA,NA,NA,NA,NA,3,NA,NA,NA,125.841362,NA,NA,NA,NA,NA,NA,NA,NA,NA,332,NA,NA,NA,NA,NA,NA,NA,NA,NA,NA,NA,NA,10,NA,NA,NA,5.395689487,503.3701782,1.839217424,0.63111341,2.995290518,11.93966579,22.51765633,5.273157597,86.62799835,-0.214577004,19.17316246,-963.2395576,-2497.489323,WhiteTroatedCaracara,20
2958,NA,NA,NA,NA,NA,NA,NA,NA,NA,0,NA,NA,NA,NA,NA,NA,NA,NA,NA,NA,NA,NA,20,NA,NA,NA,NA,NA,NA,NA,NA,NA,NA,NA,NA,8,NA,NA,NA,NA,NA,NA,NA,NA,NA,NA,NA,NA,2,NA,NA,NA,115.9410324,NA,NA,NA,NA,NA,NA,NA,NA,NA,361,NA,NA,NA,NA,NA,NA,NA,NA,NA,NA,NA,NA,10,NA,NA,NA,4.416304588,428.8051758,3.410816908,0,0.429848015,10.17929077,29.55394363,4.522100449,190.6203308,0.001164585,56.30287933,-863.2395576,-2497.489323,WhiteTroatedCaracara,20
2964,NA,NA,NA,NA,0,NA,NA,0,NA,NA,NA,NA,0,NA,NA,NA,NA,15,NA,NA,11,NA,NA,NA,NA,11,NA,NA,NA,NA,9,NA,NA,13,NA,NA,NA,NA,16,NA,NA,NA,NA,1,NA,NA,2,NA,NA,NA,NA,1,93.43262482,NA,NA,NA,NA,43,NA,NA,309,NA,NA,NA,NA,334,NA,NA,NA,NA,5,NA,NA,8,NA,NA,NA,NA,13,1.911321163,315.5455017,2.576297045,0.540061831,1.581292748,5.40459156,40.36500549,2.28202939,649.8374634,0.560223103,152.3858337,-743.2395576,-2497.489323,WhiteTroatedCaracara,20
2966,NA,NA,NA,NA,0,NA,NA,NA,0,0,NA,0,0,NA,NA,NA,NA,60,NA,NA,NA,144,4,NA,50,11,NA,NA,NA,NA,16,NA,NA,NA,14,16,NA,15,10,NA,NA,NA,NA,1,NA,NA,NA,3,1,NA,1,1,77.65262604,NA,NA,NA,NA,46,NA,NA,NA,54,293,NA,315,334,NA,NA,NA,NA,5,NA,NA,NA,9,10,NA,12,13,1.119896531,285.043396,1.911630154,1.640145302,0.205732226,1.960770607,37.63331223,0.690609574,793.7307129,2.000228405,185.6574554,-703.2395576,-2497.489323,WhiteTroatedCaracara,20
2968,NA,NA,NA,NA,NA,NA,NA,NA,NA,NA,NA,NA,0,NA,NA,NA,NA,NA,NA,NA,NA,NA,NA,NA,NA,60,NA,NA,NA,NA,NA,NA,NA,NA,NA,NA,NA,NA,12,NA,NA,NA,NA,NA,NA,NA,NA,NA,NA,NA,NA,1,44.23711395,NA,NA,NA,NA,NA,NA,NA,NA,NA,NA,NA,NA,282,NA,NA,NA,NA,NA,NA,NA,NA,NA,NA,NA,NA,13,2.449527025,214.21521,2.169392109,2.704923868,5.656360149,8.588869095,40.22192764,5.588811398,616.0516357,-0.849930406,150.6837921,-663.2395576,-2497.489323,WhiteTroatedCaracara,20
2969,NA,0,0,0,0,0,0,0,0,1,0,1,1,NA,60,90,120,30,73,30,240,30,120,90,60,75,NA,14,14,9,17,14,13,10,14,11,12,6,8,NA,2,1,1,1,2,2,5,2,1,3,1,3,27.17391205,NA,20,346,313,48,249,314,303,331,53,324,16,316,NA,2,3,4,5,6,7,8,9,10,11,12,13,3.544501543,168.1054077,2.877843618,3.587750435,10.6001749,14.24088478,28.62004089,13.27617931,459.2668762,-0.222026482,140.2189331,-643.2395576,-2497.489323,WhiteTroatedCaracara,20
2970,1,0,0,0,0,1,1,1,1,1,1,1,1,180,60,45,171,60,14,25,180,120,168,60,23,180,8,10,6,9,16,19,10,14,13,16,17,15,8,2,2,9,2,1,1,1,2,1,1,1,1,10,10.82618046,315,20,310,269,340,294,264,260,270,306,264,352,304,1,2,3,4,5,6,7,8,9,10,11,12,13,3.59373188,160.1784515,3.833391666,1.677275896,8.997339249,16.89275169,25.82543373,10.07531357,447.7502441,1.023379207,110.6108475,-623.2395576,-2497.489323,WhiteTroatedCaracara,20
2971,1,1,1,1,1,1,1,1,1,1,1,1,1,60,30,60,45,120,220,60,60,78,36,150,3,1,15,15,14,17,8,13,14,11,10,15,9,16,13,3,2,2,2,3,1,9,1,1,1,1,1,1,3.362594366,336,305,350,268,344,298,288,289,349,318,275,258,287,1,2,3,4,5,6,7,8,9,10,11,12,13,4.319645882,150.6798553,1.840569854,1.190393329,10.5422039,13.05273724,23.13581657,10.25009155,287.5985107,-0.529025853,82.05564117,-603.2395576,-2497.489323,WhiteTroatedCaracara,20
2972,1,NA,NA,NA,NA,NA,0,NA,0,0,0,0,1,25,NA,NA,NA,NA,NA,10,NA,3,52,3,20,114,16,NA,NA,NA,NA,NA,13,NA,16,16,11,10,9,6,NA,NA,NA,NA,NA,2,NA,1,1,2,1,1,3.190119505,330,NA,NA,NA,NA,NA,342,NA,245,57,8,32,271,1,NA,NA,NA,NA,NA,7,NA,9,10,11,12,13,3.859053135,161.9836578,2.49353075,4.123008728,9.013719559,12.08956718,30.02928352,12.35107899,369.4368896,-0.866857886,95.33573151,-583.2395576,-2497.489323,WhiteTroatedCaracara,20
2973,NA,NA,NA,NA,1,0,0,0,1,1,0,0,0,NA,NA,NA,NA,120,30,60,80,88,36,55,60,6,NA,NA,NA,NA,11,12,13,15,13,19,11,15,14,NA,NA,NA,NA,8,1,2,1,1,1,3,1,1,5.689795494,NA,NA,NA,NA,249,290,342,45,266,344,366,355,319,NA,NA,NA,NA,5,6,7,8,9,10,11,12,13,3.866621733,163.0622559,1.30249536,3.383849621,8.610482216,16.21374893,25.85626221,13.38997746,356.4864807,-2.700044155,98.06578064,-563.2395576,-2497.489323,WhiteTroatedCaracara,20
2974,0,0,NA,0,0,0,0,0,0,0,0,0,0,20,35,NA,90,180,2,10,110,95,60,23,20,2,12,17,NA,13,13,16,16,9,10,15,15,14,17,6,2,NA,2,1,1,2,1,2,1,2,1,1,4.397864819,331,306,NA,307,348,290,342,301,311,335,9,31,320,1,2,NA,4,5,6,7,8,9,10,11,12,13,4.556819439,162.4673462,1.037310839,1.799934983,9.649112701,14.71687794,31.79016685,11.72943306,218.5756226,-0.854152262,52.27685928,-543.2395576,-2497.489323,WhiteTroatedCaracara,20
2979,NA,NA,NA,NA,NA,NA,NA,NA,0,NA,NA,NA,NA,NA,NA,NA,NA,NA,NA,NA,NA,120,NA,NA,NA,NA,NA,NA,NA,NA,NA,NA,NA,NA,12,NA,NA,NA,NA,NA,NA,NA,NA,NA,NA,NA,NA,1,NA,NA,NA,NA,26.05203247,NA,NA,NA,NA,NA,NA,NA,NA,24,NA,NA,NA,NA,NA,NA,NA,NA,NA,NA,NA,NA,9,NA,NA,NA,NA,4.499166012,183.5206909,0.745953679,1.786019206,9.40420723,15.72523308,21.81020164,9.717334747,182.4166107,0.70497781,43.58603668,-443.2395576,-2497.489323,WhiteTroatedCaracara,20
2980,NA,NA,NA,NA,NA,NA,NA,NA,0,NA,NA,NA,NA,NA,NA,NA,NA,NA,NA,NA,NA,50,NA,NA,NA,NA,NA,NA,NA,NA,NA,NA,NA,NA,8,NA,NA,NA,NA,NA,NA,NA,NA,NA,NA,NA,NA,1,NA,NA,NA,NA,20.63293648,NA,NA,NA,NA,NA,NA,NA,NA,33,NA,NA,NA,NA,NA,NA,NA,NA,NA,NA,NA,NA,9,NA,NA,NA,NA,4.645779133,187.5671082,0.111585639,0.615318775,10.42568493,12.58211231,31.02182579,7.282480717,148.8090973,0.322213501,26.93986511,-423.2395576,-2497.489323,WhiteTroatedCaracara,20
2983,NA,NA,NA,NA,NA,0,NA,NA,NA,NA,NA,NA,NA,NA,NA,NA,NA,NA,236,NA,NA,NA,NA,NA,NA,NA,NA,NA,NA,NA,NA,8,NA,NA,NA,NA,NA,NA,NA,NA,NA,NA,NA,NA,1,NA,NA,NA,NA,NA,NA,NA,60.00986481,NA,NA,NA,NA,NA,310,NA,NA,NA,NA,NA,NA,NA,NA,NA,NA,NA,NA,6,NA,NA,NA,NA,NA,NA,NA,4.234611988,214.9416351,0.451122642,1.362612724,4.576419353,12.36577129,27.63461876,10.93464565,129.0130005,-0.023169223,33.14287567,-343.2395576,-2497.489323,WhiteTroatedCaracara,20
2984,NA,NA,NA,NA,NA,NA,NA,NA,NA,0,NA,NA,NA,NA,NA,NA,NA,NA,NA,NA,NA,NA,63,NA,NA,NA,NA,NA,NA,NA,NA,NA,NA,NA,NA,10,NA,NA,NA,NA,NA,NA,NA,NA,NA,NA,NA,NA,1,NA,NA,NA,60.00986481,NA,NA,NA,NA,NA,NA,NA,NA,NA,295,NA,NA,NA,NA,NA,NA,NA,NA,NA,NA,NA,NA,10,NA,NA,NA,4.234611988,214.9416351,0.451122642,1.362612724,4.576419353,12.36577129,27.63461876,10.93464565,129.0130005,-0.023169223,33.14287567,-323.2395576,-2497.489323,WhiteTroatedCaracara,20
2986,NA,NA,NA,NA,NA,0,NA,NA,NA,NA,NA,NA,NA,NA,NA,NA,NA,NA,10,NA,NA,NA,NA,NA,NA,NA,NA,NA,NA,NA,NA,17,NA,NA,NA,NA,NA,NA,NA,NA,NA,NA,NA,NA,1,NA,NA,NA,NA,NA,NA,NA,115.9410324,NA,NA,NA,NA,NA,349,NA,NA,NA,NA,NA,NA,NA,NA,NA,NA,NA,NA,6,NA,NA,NA,NA,NA,NA,NA,4.416304588,428.8051758,3.410816908,0,0.429848015,10.17929077,29.55394363,4.522100449,190.6203308,0.001164585,56.30287933,-863.2395576,-2517.489323,WhiteTroatedCaracara,20
2989,NA,NA,NA,NA,0,NA,NA,NA,NA,NA,NA,NA,NA,NA,NA,NA,NA,30,NA,NA,NA,NA,NA,NA,NA,NA,NA,NA,NA,NA,13,NA,NA,NA,NA,NA,NA,NA,NA,NA,NA,NA,NA,1,NA,NA,NA,NA,NA,NA,NA,NA,117.2087021,NA,NA,NA,NA,44,NA,NA,NA,NA,NA,NA,NA,NA,NA,NA,NA,NA,5,NA,NA,NA,NA,NA,NA,NA,NA,4.636807919,345.2367554,1.816560149,6.170625687,4.961452961,11.21580315,29.04079628,11.98901558,159.8384247,1.108968616,71.70407867,-803.2395576,-2517.489323,WhiteTroatedCaracara,20
2991,NA,NA,NA,NA,NA,NA,NA,NA,0,0,NA,NA,NA,NA,NA,NA,NA,NA,NA,NA,NA,10,10,NA,NA,NA,NA,NA,NA,NA,NA,NA,NA,NA,6,7,NA,NA,NA,NA,NA,NA,NA,NA,NA,NA,NA,1,1,NA,NA,NA,110.8738251,NA,NA,NA,NA,NA,NA,NA,NA,292,293,NA,NA,NA,NA,NA,NA,NA,NA,NA,NA,NA,9,10,NA,NA,NA,4.10474205,329.0178223,2.547976732,4.554179192,3.302702427,11.52687836,36.4928894,11.78442478,267.6384888,-1.330190182,41.27746582,-763.2395576,-2517.489323,WhiteTroatedCaracara,20
2993,NA,NA,NA,NA,NA,NA,NA,NA,NA,NA,NA,0,NA,NA,NA,NA,NA,NA,NA,NA,NA,NA,NA,NA,21,NA,NA,NA,NA,NA,NA,NA,NA,NA,NA,NA,NA,8,NA,NA,NA,NA,NA,NA,NA,NA,NA,NA,NA,NA,1,NA,98.01377869,NA,NA,NA,NA,NA,NA,NA,NA,NA,NA,NA,59,NA,NA,NA,NA,NA,NA,NA,NA,NA,NA,NA,NA,12,NA,4.115048409,293.2994995,3.730934381,2.280486345,3.223412514,10.92863464,27.74667549,5.163481712,227.7122955,1.613172412,102.2241364,-723.2395576,-2517.489323,WhiteTroatedCaracara,20
2995,NA,NA,NA,NA,NA,NA,NA,NA,NA,NA,NA,0,0,NA,NA,NA,NA,NA,NA,NA,NA,NA,NA,NA,18,13,NA,NA,NA,NA,NA,NA,NA,NA,NA,NA,NA,6,8,NA,NA,NA,NA,NA,NA,NA,NA,NA,NA,NA,1,1,65.39014435,NA,NA,NA,NA,NA,NA,NA,NA,NA,NA,NA,59,323,NA,NA,NA,NA,NA,NA,NA,NA,NA,NA,NA,12,13,2.92656517,255.6002045,2.814263582,1.951683283,4.302419662,12.14358139,25.95378685,3.22898984,446.6986694,0.708405733,150.8637848,-683.2395576,-2517.489323,WhiteTroatedCaracara,20
2998,NA,NA,NA,NA,0,NA,NA,NA,NA,0,NA,NA,0,NA,NA,NA,NA,30,NA,NA,NA,NA,19,NA,NA,72,NA,NA,NA,NA,12,NA,NA,NA,NA,9,NA,NA,14,NA,NA,NA,NA,1,NA,NA,NA,NA,1,NA,NA,1,25.91716194,NA,NA,NA,NA,56,NA,NA,NA,NA,354,NA,NA,334,NA,NA,NA,NA,5,NA,NA,NA,NA,10,NA,NA,13,3.760214806,182.3026733,2.218813896,3.771680593,13.4424057,16.43860245,25.7839756,7.733954906,393.3227234,-0.353308767,100.3098221,-623.2395576,-2517.489323,WhiteTroatedCaracara,20
2999,NA,NA,NA,0,NA,0,NA,NA,0,0,NA,0,0,NA,NA,NA,90,NA,90,NA,NA,120,90,NA,10,125,NA,NA,NA,16,NA,15,NA,NA,8,14,NA,9,15,NA,NA,NA,2,NA,1,NA,NA,2,2,NA,2,1,19.30566025,NA,NA,NA,339,NA,293,NA,NA,318,38,NA,354,266,NA,NA,NA,4,NA,6,NA,NA,9,10,NA,12,13,4.311611652,173.0325012,0.912006557,0.538028359,10.6159811,9.53974247,28.1036377,12.12255383,277.0221558,1.568450451,44.41563034,-603.2395576,-2517.489323,WhiteTroatedCaracara,20
3000,NA,NA,NA,NA,NA,NA,NA,1,NA,0,NA,NA,NA,NA,NA,NA,NA,NA,NA,NA,60,NA,3,NA,NA,NA,NA,NA,NA,NA,NA,NA,NA,9,NA,15,NA,NA,NA,NA,NA,NA,NA,NA,NA,NA,2,NA,2,NA,NA,NA,18.14826775,NA,NA,NA,NA,NA,NA,NA,351,NA,53,NA,NA,NA,NA,NA,NA,NA,NA,NA,NA,8,NA,10,NA,NA,NA,3.708613873,186.7887268,2.46364522,1.020528674,8.195672035,11.44196796,36.5594368,15.90326118,395.438324,0.852012396,63.97067642,-583.2395576,-2517.489323,WhiteTroatedCaracara,20
3001,NA,0,NA,NA,0,0,1,0,1,1,0,1,1,NA,300,NA,NA,60,180,240,225,45,60,105,50,114,NA,7,NA,NA,9,11,10,10,11,15,20,16,17,NA,3,NA,NA,1,2,3,1,1,2,1,1,1,17.53152275,NA,26,NA,NA,52,303,33,352,248,292,333,282,338,NA,2,NA,NA,5,6,7,8,9,10,11,12,13,3.608810425,189.6080627,3.604184389,2.988222599,6.141097069,11.12799263,34.54943085,16.84744263,404.7280579,2.368969679,83.4119339,-563.2395576,-2517.489323,WhiteTroatedCaracara,20
3003,NA,NA,NA,NA,NA,NA,NA,NA,NA,NA,NA,NA,1,NA,NA,NA,NA,NA,NA,NA,NA,NA,NA,NA,NA,60,NA,NA,NA,NA,NA,NA,NA,NA,NA,NA,NA,NA,10,NA,NA,NA,NA,NA,NA,NA,NA,NA,NA,NA,NA,1,25.51833344,NA,NA,NA,NA,NA,NA,NA,NA,NA,NA,NA,NA,331,NA,NA,NA,NA,NA,NA,NA,NA,NA,NA,NA,NA,13,4.586041927,184.1418304,0.545295656,1.888910174,6.490250111,15.66666603,24.49828911,7.548336029,148.9637451,0.37367031,27.75110245,-523.2395576,-2517.489323,WhiteTroatedCaracara,20
3004,NA,NA,NA,NA,0,NA,NA,NA,NA,NA,NA,NA,NA,NA,NA,NA,NA,10,NA,NA,NA,NA,NA,NA,NA,NA,NA,NA,NA,NA,18,NA,NA,NA,NA,NA,NA,NA,NA,NA,NA,NA,NA,1,NA,NA,NA,NA,NA,NA,NA,NA,34.35944748,NA,NA,NA,NA,362,NA,NA,NA,NA,NA,NA,NA,NA,NA,NA,NA,NA,5,NA,NA,NA,NA,NA,NA,NA,NA,3.989565134,176.9123383,0.920944393,1.998417735,10.3418026,14.2253027,29.74382973,14.72734737,311.116394,-0.642675698,71.66869354,-503.2395576,-2517.489323,WhiteTroatedCaracara,20
3005,NA,NA,NA,NA,NA,NA,NA,NA,NA,NA,NA,NA,0,NA,NA,NA,NA,NA,NA,NA,NA,NA,NA,NA,NA,23,NA,NA,NA,NA,NA,NA,NA,NA,NA,NA,NA,NA,20,NA,NA,NA,NA,NA,NA,NA,NA,NA,NA,NA,NA,3,40.14496613,NA,NA,NA,NA,NA,NA,NA,NA,NA,NA,NA,NA,13,NA,NA,NA,NA,NA,NA,NA,NA,NA,NA,NA,NA,13,4.087599754,177.0792694,0.980107546,3.191374779,9.219479561,9.434248924,36.28206253,11.8952198,279.2179871,0.377138317,62.76747131,-483.2395576,-2517.489323,WhiteTroatedCaracara,20
3016,NA,NA,NA,NA,NA,NA,NA,NA,0,NA,NA,NA,NA,NA,NA,NA,NA,NA,NA,NA,NA,180,NA,NA,NA,NA,NA,NA,NA,NA,NA,NA,NA,NA,10,NA,NA,NA,NA,NA,NA,NA,NA,NA,NA,NA,NA,1,NA,NA,NA,NA,53.79492188,NA,NA,NA,NA,NA,NA,NA,NA,44,NA,NA,NA,NA,NA,NA,NA,NA,NA,NA,NA,NA,9,NA,NA,NA,NA,4.067471981,242.172348,2.570863485,1.838383436,9.203419685,17.29829597,27.53511429,6.23888588,296.4967957,1.662930608,108.5445328,-643.2395576,-2537.489323,WhiteTroatedCaracara,20
3045,NA,NA,NA,NA,NA,NA,NA,NA,0,NA,NA,NA,NA,NA,NA,NA,NA,NA,NA,NA,NA,120,NA,NA,NA,NA,NA,NA,NA,NA,NA,NA,NA,NA,9,NA,NA,NA,NA,NA,NA,NA,NA,NA,NA,NA,NA,2,NA,NA,NA,NA,40.71976471,NA,NA,NA,NA,NA,NA,NA,NA,48,NA,NA,NA,NA,NA,NA,NA,NA,NA,NA,NA,NA,9,NA,NA,NA,NA,4.87570858,199.3305206,0.680490255,1.910405874,10.47874355,13.91921043,31.59918594,7.588760376,127.1804581,0.135188147,19.89231491,-543.2395576,-2577.489323,WhiteTroatedCaracara,20
3049,0,NA,NA,NA,NA,NA,NA,NA,NA,NA,NA,0,NA,60,NA,NA,NA,NA,NA,NA,NA,NA,NA,NA,165,NA,9,NA,NA,NA,NA,NA,NA,NA,NA,NA,NA,18,NA,1,NA,NA,NA,NA,NA,NA,NA,NA,NA,NA,6,NA,40.71976471,310,NA,NA,NA,NA,NA,NA,NA,NA,NA,NA,351,NA,1,NA,NA,NA,NA,NA,NA,NA,NA,NA,NA,12,NA,4.87570858,199.3305206,0.680490255,1.910405874,10.47874355,13.91921043,31.59918594,7.588760376,127.1804581,0.135188147,19.89231491,-543.2395576,-2597.489323,WhiteTroatedCaracara,20
3050,NA,0,NA,0,0,0,0,0,0,0,NA,0,0,NA,80,NA,60,251,180,110,10,25,91,NA,19,30,NA,7,NA,7,7,8,16,8,11,9,NA,7,6,NA,2,NA,1,1,1,1,2,1,1,NA,1,2,40.71976471,NA,29,NA,339,313,332,340,310,362,294,NA,57,327,NA,2,NA,4,5,6,7,8,9,10,NA,12,13,4.87570858,199.3305206,0.680490255,1.910405874,10.47874355,13.91921043,31.59918594,7.588760376,127.1804581,0.135188147,19.89231491,-523.2395576,-2597.489323,WhiteTroatedCaracara,20
